item_id,menu_type,category,subcategory,popular,vietnamese_item,english_translation,romanized_no_tones,sound_out,notes,at_a_glance,usually_includes,good_to_know,common_options,quick_say_vietnamese,quick_say_english,quick_say_sound_out
food-pho-bo,Food,Noodle soups,,yes,Phở bò,Beef noodle soup,Pho bo,fuh baw,,"Phở bò is Vietnam’s most famous noodle soup. It has a clear, fragrant beef broth with soft rice noodles and thinly sliced beef. Light, comforting, and full of fresh flavors.",broth | rice noodles | beef | herbs | lime,"Noodle soups are often served with fresh herbs, lime, chili, or bean sprouts on the side. Ask for less spicy or no chili if you want a milder bowl.",extra herbs | chili | bean sprouts | less spicy | no MSG,Cho tôi một tô phở bò.,I’d like one bowl of beef noodle soup.,chaw toy moht toh fuh baw
food-pho-ga,Food,Noodle soups,,yes,Phở gà,Chicken noodle soup,Pho ga,fuh gah,,"Phở gà is a comforting Vietnamese bowl of chicken noodle soup. It usually combines noodles or rice porridge with a flavorful broth, fresh herbs, and the main protein. It is a dependable choice when you want something warm and filling.",broth | rice noodles | chicken | herbs | lime,"Noodle soups are often served with fresh herbs, lime, chili, or bean sprouts on the side. Ask for less spicy or no chili if you want a milder bowl.",extra herbs | chili | bean sprouts | less spicy | no MSG,Cho tôi một tô phở gà.,I’d like one bowl of chicken noodle soup.,chaw toy moht toh fuh gah
food-pho-tai,Food,Noodle soups,,,Phở tái,Pho with rare beef,Pho tai,fuh tie,,"Phở tái is a comforting Vietnamese bowl of pho with rare beef. It usually combines noodles or rice porridge with a flavorful broth, fresh herbs, and the main protein. It is a dependable choice when you want something warm and filling.",broth | rice noodles | beef | herbs | lime,"Noodle soups are often served with fresh herbs, lime, chili, or bean sprouts on the side. Ask for less spicy or no chili if you want a milder bowl.",extra herbs | chili | bean sprouts | less spicy | no MSG,Cho tôi một tô phở tái.,I’d like one bowl of pho with rare beef.,chaw toy moht toh fuh tie
food-pho-chin,Food,Noodle soups,,,Phở chín,Pho with well-done beef,Pho chin,fuh chin,,"Phở chín is a comforting Vietnamese bowl of pho with well-done beef. It usually combines noodles or rice porridge with a flavorful broth, fresh herbs, and the main protein. It is a dependable choice when you want something warm and filling.",broth | rice noodles | beef | herbs | lime,"Noodle soups are often served with fresh herbs, lime, chili, or bean sprouts on the side. Ask for less spicy or no chili if you want a milder bowl.",extra herbs | chili | bean sprouts | less spicy | no MSG,Cho tôi một tô phở chín.,I’d like one bowl of pho with well-done beef.,chaw toy moht toh fuh chin
food-pho-tai-nam,Food,Noodle soups,,,Phở tái nạm,Pho with rare beef and brisket,Pho tai nam,fuh tie nahm,,"Phở tái nạm is a comforting Vietnamese bowl of pho with rare beef and brisket. It usually combines noodles or rice porridge with a flavorful broth, fresh herbs, and the main protein. It is a dependable choice when you want something warm and filling.",broth | rice noodles | beef | herbs | lime,"Noodle soups are often served with fresh herbs, lime, chili, or bean sprouts on the side. Ask for less spicy or no chili if you want a milder bowl.",extra herbs | chili | bean sprouts | less spicy | no MSG,Cho tôi một tô phở tái nạm.,I’d like one bowl of pho with rare beef and brisket.,chaw toy moht toh fuh tie nahm
food-pho-bo-vien,Food,Noodle soups,,,Phở bò viên,Pho with beef meatballs,Pho bo vien,fuh baw vee-en,,"Phở bò viên is a comforting Vietnamese bowl of pho with beef meatballs. It usually combines noodles or rice porridge with a flavorful broth, fresh herbs, and the main protein. It is a dependable choice when you want something warm and filling.",broth | rice noodles | beef meatballs | herbs | lime,"Noodle soups are often served with fresh herbs, lime, chili, or bean sprouts on the side. Ask for less spicy or no chili if you want a milder bowl.",extra herbs | chili | bean sprouts | less spicy | no MSG,Cho tôi một tô phở bò viên.,I’d like one bowl of pho with beef meatballs.,chaw toy moht toh fuh baw vee-en
food-pho-dac-biet,Food,Noodle soups,,,Phở đặc biệt,Special combination pho,Pho dac biet,fuh dak bee-et,,"Phở đặc biệt is a comforting Vietnamese bowl of special combination pho. It usually combines noodles or rice porridge with a flavorful broth, fresh herbs, and the main protein. It is a dependable choice when you want something warm and filling.",broth | rice noodles | sliced meat | herbs | lime,"Noodle soups are often served with fresh herbs, lime, chili, or bean sprouts on the side. Ask for less spicy or no chili if you want a milder bowl.",extra herbs | chili | bean sprouts | less spicy | no MSG,Cho tôi một tô phở đặc biệt.,I’d like one bowl of special combination pho.,chaw toy moht toh fuh dak bee-et
food-bun-bo-hue,Food,Noodle soups,,yes,Bún bò Huế,Spicy Hue beef noodle soup,Bun bo Hue,boon baw hway,,"Bún bò Huế is a comforting Vietnamese bowl of spicy hue beef noodle soup. It usually combines noodles or rice porridge with a flavorful broth, fresh herbs, and the main protein. It is a dependable choice when you want something warm and filling.",spicy lemongrass broth | rice noodles | beef | chili | herbs,"Noodle soups are often served with fresh herbs, lime, chili, or bean sprouts on the side. Ask for less spicy or no chili if you want a milder bowl.",extra herbs | chili | bean sprouts | less spicy | no MSG,Cho tôi một tô bún bò Huế.,I’d like one bowl of spicy hue beef noodle soup.,chaw toy moht toh boon baw hway
food-bun-rieu-cua,Food,Noodle soups,,yes,Bún riêu cua,Crab and tomato noodle soup,Bun rieu cua,boon ree-ew koo-ah,,"Bún riêu cua is a comforting Vietnamese bowl of crab and tomato noodle soup. It usually combines noodles or rice porridge with a flavorful broth, fresh herbs, and the main protein. It is a dependable choice when you want something warm and filling.",tomato broth | rice noodles | crab | tofu | herbs,"Noodle soups are often served with fresh herbs, lime, chili, or bean sprouts on the side. Ask for less spicy or no chili if you want a milder bowl.",extra herbs | chili | bean sprouts | less spicy | no MSG,Cho tôi một tô bún riêu cua.,I’d like one bowl of crab and tomato noodle soup.,chaw toy moht toh boon ree-ew koo-ah
food-bun-mam,Food,Noodle soups,,,Bún mắm,Fermented fish noodle soup,Bun mam,boon mahm,,"Bún mắm is a comforting Vietnamese bowl of fermented fish noodle soup. It usually combines noodles or rice porridge with a flavorful broth, fresh herbs, and the main protein. It is a dependable choice when you want something warm and filling.",fermented fish broth | rice noodles | fish | eggplant | herbs,"Noodle soups are often served with fresh herbs, lime, chili, or bean sprouts on the side. Ask for less spicy or no chili if you want a milder bowl.",extra herbs | chili | bean sprouts | less spicy | no MSG,Cho tôi một tô bún mắm.,I’d like one bowl of fermented fish noodle soup.,chaw toy moht toh boon mahm
food-bun-thang,Food,Noodle soups,,,Bún thang,"Hanoi chicken, egg, and pork noodle soup",Bun thang,boon tang,,"Bún thang is a comforting Vietnamese bowl of hanoi chicken, egg, and pork noodle soup. It usually combines noodles or rice porridge with a flavorful broth, fresh herbs, and the main protein. It is a dependable choice when you want something warm and filling.",broth | rice noodles | chicken | herbs | lime,"Noodle soups are often served with fresh herbs, lime, chili, or bean sprouts on the side. Ask for less spicy or no chili if you want a milder bowl.",extra herbs | chili | bean sprouts | less spicy | no MSG,Cho tôi một tô bún thang.,"I’d like one bowl of hanoi chicken, egg, and pork noodle soup.",chaw toy moht toh boon tang
food-bun-moc,Food,Noodle soups,,,Bún mọc,Pork meatball noodle soup,Bun moc,boon mawk,,"Bún mọc is a comforting Vietnamese bowl of pork meatball noodle soup. It usually combines noodles or rice porridge with a flavorful broth, fresh herbs, and the main protein. It is a dependable choice when you want something warm and filling.",broth | rice noodles | pork | herbs | lime,"Noodle soups are often served with fresh herbs, lime, chili, or bean sprouts on the side. Ask for less spicy or no chili if you want a milder bowl.",extra herbs | chili | bean sprouts | less spicy | no MSG,Cho tôi một tô bún mọc.,I’d like one bowl of pork meatball noodle soup.,chaw toy moht toh boon mawk
food-bun-ca,Food,Noodle soups,,,Bún cá,Fish noodle soup,Bun ca,boon kah,,"Bún cá is a comforting Vietnamese bowl of fish noodle soup. It usually combines noodles or rice porridge with a flavorful broth, fresh herbs, and the main protein. It is a dependable choice when you want something warm and filling.",broth | rice noodles | fish | herbs | lime,"Noodle soups are often served with fresh herbs, lime, chili, or bean sprouts on the side. Ask for less spicy or no chili if you want a milder bowl.",extra herbs | chili | bean sprouts | less spicy | no MSG,Cho tôi một tô bún cá.,I’d like one bowl of fish noodle soup.,chaw toy moht toh boon kah
food-bun-oc,Food,Noodle soups,,,Bún ốc,Snail noodle soup,Bun oc,boon awk,,"Bún ốc is a comforting Vietnamese bowl of snail noodle soup. It usually combines noodles or rice porridge with a flavorful broth, fresh herbs, and the main protein. It is a dependable choice when you want something warm and filling.",broth | rice noodles | snails | herbs | lime,"Noodle soups are often served with fresh herbs, lime, chili, or bean sprouts on the side. Ask for less spicy or no chili if you want a milder bowl.",extra herbs | chili | bean sprouts | less spicy | no MSG,Cho tôi một tô bún ốc.,I’d like one bowl of snail noodle soup.,chaw toy moht toh boon awk
food-bun-sua,Food,Noodle soups,,,Bún sứa,Jellyfish noodle soup,Bun sua,boon soo-uh,,"Bún sứa is a comforting Vietnamese bowl of jellyfish noodle soup. It usually combines noodles or rice porridge with a flavorful broth, fresh herbs, and the main protein. It is a dependable choice when you want something warm and filling.",broth | rice noodles | jellyfish | herbs | lime,"Noodle soups are often served with fresh herbs, lime, chili, or bean sprouts on the side. Ask for less spicy or no chili if you want a milder bowl.",extra herbs | chili | bean sprouts | less spicy | no MSG,Cho tôi một tô bún sứa.,I’d like one bowl of jellyfish noodle soup.,chaw toy moht toh boon soo-uh
food-hu-tieu-nam-vang,Food,Noodle soups,,yes,Hủ tiếu Nam Vang,Phnom Penh-style rice noodle soup,Hu tieu Nam Vang,hoo tee-ew nahm vahng,,"Hủ tiếu Nam Vang is a comforting Vietnamese bowl of phnom penh-style rice noodle soup. It usually combines noodles or rice porridge with a flavorful broth, fresh herbs, and the main protein. It is a dependable choice when you want something warm and filling.",broth | rice noodles | protein | herbs | lime,"Noodle soups are often served with fresh herbs, lime, chili, or bean sprouts on the side. Ask for less spicy or no chili if you want a milder bowl.",extra herbs | chili | bean sprouts | less spicy | no MSG,Cho tôi một tô hủ tiếu Nam Vang.,I’d like one bowl of phnom penh-style rice noodle soup.,chaw toy moht toh hoo tee-ew nahm vahng
food-hu-tieu-my-tho,Food,Noodle soups,,,Hủ tiếu Mỹ Tho,Mỹ Tho-style rice noodle soup,Hu tieu My Tho,hoo tee-ew mee taw,,"Hủ tiếu Mỹ Tho is a comforting Vietnamese bowl of mỹ tho-style rice noodle soup. It usually combines noodles or rice porridge with a flavorful broth, fresh herbs, and the main protein. It is a dependable choice when you want something warm and filling.",broth | rice noodles | protein | herbs | lime,"Noodle soups are often served with fresh herbs, lime, chili, or bean sprouts on the side. Ask for less spicy or no chili if you want a milder bowl.",extra herbs | chili | bean sprouts | less spicy | no MSG,Cho tôi một tô hủ tiếu Mỹ Tho.,I’d like one bowl of mỹ tho-style rice noodle soup.,chaw toy moht toh hoo tee-ew mee taw
food-mi-hoanh-thanh,Food,Noodle soups,,,Mì hoành thánh,Wonton egg noodle soup,Mi hoanh thanh,mee hwanh tanh,,"Mì hoành thánh is a comforting Vietnamese bowl of wonton egg noodle soup. It usually combines noodles or rice porridge with a flavorful broth, fresh herbs, and the main protein. It is a dependable choice when you want something warm and filling.",egg noodles | broth | egg | greens | herbs,"Noodle soups are often served with fresh herbs, lime, chili, or bean sprouts on the side. Ask for less spicy or no chili if you want a milder bowl.",extra herbs | chili | bean sprouts | less spicy | no MSG,Cho tôi một tô mì hoành thánh.,I’d like one bowl of wonton egg noodle soup.,chaw toy moht toh mee hwanh tanh
food-mi-ga,Food,Noodle soups,,,Mì gà,Chicken egg noodle soup,Mi ga,mee gah,,"Mì gà is a comforting Vietnamese bowl of chicken egg noodle soup. It usually combines noodles or rice porridge with a flavorful broth, fresh herbs, and the main protein. It is a dependable choice when you want something warm and filling.",egg noodles | broth | chicken | greens | herbs,"Noodle soups are often served with fresh herbs, lime, chili, or bean sprouts on the side. Ask for less spicy or no chili if you want a milder bowl.",extra herbs | chili | bean sprouts | less spicy | no MSG,Cho tôi một tô mì gà.,I’d like one bowl of chicken egg noodle soup.,chaw toy moht toh mee gah
food-mien-ga,Food,Noodle soups,,,Miến gà,Chicken glass noodle soup,Mien ga,mee-en gah,,"Miến gà is a comforting Vietnamese bowl of chicken glass noodle soup. It usually combines noodles or rice porridge with a flavorful broth, fresh herbs, and the main protein. It is a dependable choice when you want something warm and filling.",glass noodles | broth | chicken | herbs,"Noodle soups are often served with fresh herbs, lime, chili, or bean sprouts on the side. Ask for less spicy or no chili if you want a milder bowl.",extra herbs | chili | bean sprouts | less spicy | no MSG,Cho tôi một tô miến gà.,I’d like one bowl of chicken glass noodle soup.,chaw toy moht toh mee-en gah
food-banh-canh-cua,Food,Noodle soups,,yes,Bánh canh cua,Thick tapioca noodle soup with crab,Banh canh cua,bahn kan koo-ah,,"Bánh canh cua is a comforting Vietnamese bowl of thick tapioca noodle soup with crab. It usually combines noodles or rice porridge with a flavorful broth, fresh herbs, and the main protein. It is a dependable choice when you want something warm and filling.",thick tapioca noodles | broth | crab | herbs,"Noodle soups are often served with fresh herbs, lime, chili, or bean sprouts on the side. Ask for less spicy or no chili if you want a milder bowl.",extra herbs | chili | bean sprouts | less spicy | no MSG,Cho tôi một tô bánh canh cua.,I’d like one bowl of thick tapioca noodle soup with crab.,chaw toy moht toh bahn kan koo-ah
food-banh-canh-cha-ca,Food,Noodle soups,,,Bánh canh chả cá,Thick noodle soup with fish cakes,Banh canh cha ca,bahn kan chah kah,,"Bánh canh chả cá is a comforting Vietnamese bowl of thick noodle soup with fish cakes. It usually combines noodles or rice porridge with a flavorful broth, fresh herbs, and the main protein. It is a dependable choice when you want something warm and filling.",thick tapioca noodles | broth | fish | herbs,"Noodle soups are often served with fresh herbs, lime, chili, or bean sprouts on the side. Ask for less spicy or no chili if you want a milder bowl.",extra herbs | chili | bean sprouts | less spicy | no MSG,Cho tôi một tô bánh canh chả cá.,I’d like one bowl of thick noodle soup with fish cakes.,chaw toy moht toh bahn kan chah kah
food-banh-canh-gio-heo,Food,Noodle soups,,,Bánh canh giò heo,Thick noodle soup with pork knuckle,Banh canh gio heo,bahn kan yaw heh-oh,,"Bánh canh giò heo is a comforting Vietnamese bowl of thick noodle soup with pork knuckle. It usually combines noodles or rice porridge with a flavorful broth, fresh herbs, and the main protein. It is a dependable choice when you want something warm and filling.",thick tapioca noodles | broth | pork | herbs,"Noodle soups are often served with fresh herbs, lime, chili, or bean sprouts on the side. Ask for less spicy or no chili if you want a milder bowl.",extra herbs | chili | bean sprouts | less spicy | no MSG,Cho tôi một tô bánh canh giò heo.,I’d like one bowl of thick noodle soup with pork knuckle.,chaw toy moht toh bahn kan yaw heh-oh
food-chao-ga,Food,Noodle soups,,,Cháo gà,Chicken rice porridge,Chao ga,chow gah,,"Cháo gà is a comforting Vietnamese bowl of chicken rice porridge. It usually combines noodles or rice porridge with a flavorful broth, fresh herbs, and the main protein. It is a dependable choice when you want something warm and filling.",rice porridge | chicken | ginger or herbs | scallions,"Noodle soups are often served with fresh herbs, lime, chili, or bean sprouts on the side. Ask for less spicy or no chili if you want a milder bowl.",extra herbs | chili | bean sprouts | less spicy | no MSG,Cho tôi một tô cháo gà.,I’d like one bowl of chicken rice porridge.,chaw toy moht toh chow gah
food-chao-long,Food,Noodle soups,,,Cháo lòng,Pork offal rice porridge,Chao long,chow lawng,,"Cháo lòng is a comforting Vietnamese bowl of pork offal rice porridge. It usually combines noodles or rice porridge with a flavorful broth, fresh herbs, and the main protein. It is a dependable choice when you want something warm and filling.",rice porridge | pork | ginger or herbs | scallions,"Noodle soups are often served with fresh herbs, lime, chili, or bean sprouts on the side. Ask for less spicy or no chili if you want a milder bowl.",extra herbs | chili | bean sprouts | less spicy | no MSG,Cho tôi một tô cháo lòng.,I’d like one bowl of pork offal rice porridge.,chaw toy moht toh chow lawng
food-chao-hai-san,Food,Noodle soups,,,Cháo hải sản,Seafood rice porridge,Chao hai san,chow high sahn,,"Cháo hải sản is a comforting Vietnamese bowl of seafood rice porridge. It usually combines noodles or rice porridge with a flavorful broth, fresh herbs, and the main protein. It is a dependable choice when you want something warm and filling.",rice porridge | seafood | ginger or herbs | scallions,"Noodle soups are often served with fresh herbs, lime, chili, or bean sprouts on the side. Ask for less spicy or no chili if you want a milder bowl.",extra herbs | chili | bean sprouts | less spicy | no MSG,Cho tôi một tô cháo hải sản.,I’d like one bowl of seafood rice porridge.,chaw toy moht toh chow high sahn
food-bun-cha,Food,Dry noodles & vermicelli,,yes,Bún chả,Grilled pork with vermicelli,Bun cha,boon chah,,"Bún chả is a Vietnamese noodle dish: grilled pork with vermicelli. It is usually served as a bowl or plate with noodles, herbs, sauce, and savory toppings. Mix it before eating so the sauce coats everything evenly.",rice vermicelli | pork | fresh herbs | nước chấm | peanuts,"Many dry noodle dishes come with sauce or broth on the side. Pour, mix, and taste before adding extra chili or fish sauce.",extra nước chấm | more herbs | less chili | add egg,Cho tôi một phần bún chả.,I’d like one order of grilled pork with vermicelli.,chaw toy moht fuhn boon chah
food-bun-thit-nuong,Food,Dry noodles & vermicelli,,yes,Bún thịt nướng,Grilled pork vermicelli bowl,Bun thit nuong,boon tit noong,,"Bún thịt nướng is a Vietnamese noodle dish: grilled pork vermicelli bowl. It is usually served as a bowl or plate with noodles, herbs, sauce, and savory toppings. Mix it before eating so the sauce coats everything evenly.",rice vermicelli | pork | fresh herbs | nước chấm | peanuts,"Many dry noodle dishes come with sauce or broth on the side. Pour, mix, and taste before adding extra chili or fish sauce.",extra nước chấm | more herbs | less chili | add egg,Cho tôi một phần bún thịt nướng.,I’d like one order of grilled pork vermicelli bowl.,chaw toy moht fuhn boon tit noong
food-bun-nem-nuong,Food,Dry noodles & vermicelli,,yes,Bún nem nướng,Grilled pork sausage vermicelli bowl,Bun nem nuong,boon nem noong,,"Bún nem nướng is a Vietnamese noodle dish: grilled pork sausage vermicelli bowl. It is usually served as a bowl or plate with noodles, herbs, sauce, and savory toppings. Mix it before eating so the sauce coats everything evenly.",rice vermicelli | pork | fresh herbs | nước chấm | peanuts,"Many dry noodle dishes come with sauce or broth on the side. Pour, mix, and taste before adding extra chili or fish sauce.",extra nước chấm | more herbs | less chili | add egg,Cho tôi một phần bún nem nướng.,I’d like one order of grilled pork sausage vermicelli bowl.,chaw toy moht fuhn boon nem noong
food-bun-bo-nam-bo,Food,Dry noodles & vermicelli,,yes,Bún bò Nam Bộ,Southern beef vermicelli salad,Bun bo Nam Bo,boon baw nahm boh,,"Bún bò Nam Bộ is a Vietnamese noodle dish: southern beef vermicelli salad. It is usually served as a bowl or plate with noodles, herbs, sauce, and savory toppings. Mix it before eating so the sauce coats everything evenly.",rice vermicelli | beef | fresh herbs | nước chấm | peanuts,"Many dry noodle dishes come with sauce or broth on the side. Pour, mix, and taste before adding extra chili or fish sauce.",extra nước chấm | more herbs | less chili | add egg,Cho tôi một phần bún bò Nam Bộ.,I’d like one order of southern beef vermicelli salad.,chaw toy moht fuhn boon baw nahm boh
food-bun-bo-xao,Food,Dry noodles & vermicelli,,,Bún bò xào,Stir-fried beef over vermicelli,Bun bo xao,boon baw sow,,"Bún bò xào is a Vietnamese noodle dish: stir-fried beef over vermicelli. It is usually served as a bowl or plate with noodles, herbs, sauce, and savory toppings. Mix it before eating so the sauce coats everything evenly.",rice vermicelli | beef | fresh herbs | nước chấm | peanuts,"Many dry noodle dishes come with sauce or broth on the side. Pour, mix, and taste before adding extra chili or fish sauce.",extra nước chấm | more herbs | less chili | add egg,Cho tôi một phần bún bò xào.,I’d like one order of stir-fried beef over vermicelli.,chaw toy moht fuhn boon baw sow
food-bun-ga-nuong,Food,Dry noodles & vermicelli,,,Bún gà nướng,Grilled chicken vermicelli bowl,Bun ga nuong,boon gah noong,,"Bún gà nướng is a Vietnamese noodle dish: grilled chicken vermicelli bowl. It is usually served as a bowl or plate with noodles, herbs, sauce, and savory toppings. Mix it before eating so the sauce coats everything evenly.",rice vermicelli | chicken | fresh herbs | nước chấm | peanuts,"Many dry noodle dishes come with sauce or broth on the side. Pour, mix, and taste before adding extra chili or fish sauce.",extra nước chấm | more herbs | less chili | add egg,Cho tôi một phần bún gà nướng.,I’d like one order of grilled chicken vermicelli bowl.,chaw toy moht fuhn boon gah noong
food-bun-cha-ca,Food,Dry noodles & vermicelli,,,Bún chả cá,Vermicelli noodles with fish cakes,Bun cha ca,boon chah kah,,"Bún chả cá is a Vietnamese noodle dish: vermicelli noodles with fish cakes. It is usually served as a bowl or plate with noodles, herbs, sauce, and savory toppings. Mix it before eating so the sauce coats everything evenly.",rice vermicelli | fish | fresh herbs | nước chấm | peanuts,"Many dry noodle dishes come with sauce or broth on the side. Pour, mix, and taste before adding extra chili or fish sauce.",extra nước chấm | more herbs | less chili | add egg,Cho tôi một phần bún chả cá.,I’d like one order of vermicelli noodles with fish cakes.,chaw toy moht fuhn boon chah kah
food-bun-dau-mam-tom,Food,Dry noodles & vermicelli,,yes,Bún đậu mắm tôm,Vermicelli with tofu and shrimp paste,Bun dau mam tom,boon dow mahm tom,,"Bún đậu mắm tôm is a Vietnamese noodle dish: vermicelli with tofu and shrimp paste. It is usually served as a bowl or plate with noodles, herbs, sauce, and savory toppings. Mix it before eating so the sauce coats everything evenly.",rice vermicelli | shrimp | fresh herbs | nước chấm | peanuts,"Many dry noodle dishes come with sauce or broth on the side. Pour, mix, and taste before adding extra chili or fish sauce.",extra nước chấm | more herbs | less chili | add egg,Cho tôi một phần bún đậu mắm tôm.,I’d like one order of vermicelli with tofu and shrimp paste.,chaw toy moht fuhn boon dow mahm tom
food-bun-mang-vit,Food,Dry noodles & vermicelli,,,Bún măng vịt,Duck and bamboo shoot vermicelli soup,Bun mang vit,boon mahng veet,,"Bún măng vịt is a Vietnamese noodle dish: duck and bamboo shoot vermicelli soup. It is usually served as a bowl or plate with noodles, herbs, sauce, and savory toppings. Mix it before eating so the sauce coats everything evenly.",rice vermicelli | duck | fresh herbs | nước chấm | peanuts,"Many dry noodle dishes come with sauce or broth on the side. Pour, mix, and taste before adding extra chili or fish sauce.",extra nước chấm | more herbs | less chili | add egg,Cho tôi một tô bún măng vịt.,I’d like one bowl of duck and bamboo shoot vermicelli soup.,chaw toy moht toh boon mahng veet
food-cao-lau,Food,Dry noodles & vermicelli,,yes,Cao lầu,Hội An pork noodle dish,Cao lau,cow low,,"Cao lầu is a Vietnamese noodle dish: hội an pork noodle dish. It is usually served as a bowl or plate with noodles, herbs, sauce, and savory toppings. Mix it before eating so the sauce coats everything evenly.",cao lầu noodles | pork | herbs | crisp toppings | sauce,"Many dry noodle dishes come with sauce or broth on the side. Pour, mix, and taste before adding extra chili or fish sauce.",extra nước chấm | more herbs | less chili | add egg,Cho tôi một phần cao lầu.,I’d like one order of hội an pork noodle dish.,chaw toy moht fuhn cow low
food-mi-quang-ga,Food,Dry noodles & vermicelli,,yes,Mì Quảng gà,Quảng-style turmeric noodles with chicken,Mi Quang ga,mee kwahng gah,,"Mì Quảng gà is a Vietnamese noodle dish: quảng-style turmeric noodles with chicken. It is usually served as a bowl or plate with noodles, herbs, sauce, and savory toppings. Mix it before eating so the sauce coats everything evenly.",turmeric rice noodles | chicken | herbs | peanuts | broth,"Many dry noodle dishes come with sauce or broth on the side. Pour, mix, and taste before adding extra chili or fish sauce.",extra nước chấm | more herbs | less chili | add egg,Cho tôi một tô mì Quảng gà.,I’d like one bowl of quảng-style turmeric noodles with chicken.,chaw toy moht toh mee kwahng gah
food-mi-quang-tom-thit,Food,Dry noodles & vermicelli,,,Mì Quảng tôm thịt,Quảng-style turmeric noodles with shrimp and pork,Mi Quang tom thit,mee kwahng tom tit,,"Mì Quảng tôm thịt is a Vietnamese noodle dish: quảng-style turmeric noodles with shrimp and pork. It is usually served as a bowl or plate with noodles, herbs, sauce, and savory toppings. Mix it before eating so the sauce coats everything evenly.",turmeric rice noodles | shrimp | herbs | peanuts | broth,"Many dry noodle dishes come with sauce or broth on the side. Pour, mix, and taste before adding extra chili or fish sauce.",extra nước chấm | more herbs | less chili | add egg,Cho tôi một tô mì Quảng tôm thịt.,I’d like one bowl of quảng-style turmeric noodles with shrimp and pork.,chaw toy moht toh mee kwahng tom tit
food-mi-xao-bo,Food,Dry noodles & vermicelli,,,Mì xào bò,Stir-fried egg noodles with beef,Mi xao bo,mee sow baw,,"Mì xào bò is a Vietnamese noodle dish: stir-fried egg noodles with beef. It is usually served as a bowl or plate with noodles, herbs, sauce, and savory toppings. Mix it before eating so the sauce coats everything evenly.",noodles | beef | vegetables | garlic | soy-based sauce,"Many dry noodle dishes come with sauce or broth on the side. Pour, mix, and taste before adding extra chili or fish sauce.",extra nước chấm | more herbs | less chili | add egg,Cho tôi một tô mì xào bò.,I’d like one bowl of stir-fried egg noodles with beef.,chaw toy moht toh mee sow baw
food-mi-xao-hai-san,Food,Dry noodles & vermicelli,,,Mì xào hải sản,Stir-fried egg noodles with seafood,Mi xao hai san,mee sow high sahn,,"Mì xào hải sản is a Vietnamese noodle dish: stir-fried egg noodles with seafood. It is usually served as a bowl or plate with noodles, herbs, sauce, and savory toppings. Mix it before eating so the sauce coats everything evenly.",noodles | seafood | vegetables | garlic | soy-based sauce,"Many dry noodle dishes come with sauce or broth on the side. Pour, mix, and taste before adding extra chili or fish sauce.",extra nước chấm | more herbs | less chili | add egg,Cho tôi một tô mì xào hải sản.,I’d like one bowl of stir-fried egg noodles with seafood.,chaw toy moht toh mee sow high sahn
food-mi-kho,Food,Dry noodles & vermicelli,,,Mì khô,Dry egg noodles,Mi kho,mee koh,,"Mì khô is a Vietnamese noodle dish: dry egg noodles. It is usually served as a bowl or plate with noodles, herbs, sauce, and savory toppings. Mix it before eating so the sauce coats everything evenly.",rice vermicelli | egg | fresh herbs | nước chấm | peanuts,"Many dry noodle dishes come with sauce or broth on the side. Pour, mix, and taste before adding extra chili or fish sauce.",extra nước chấm | more herbs | less chili | add egg,Cho tôi một tô mì khô.,I’d like one bowl of dry egg noodles.,chaw toy moht toh mee koh
food-hu-tieu-kho,Food,Dry noodles & vermicelli,,,Hủ tiếu khô,Dry rice noodles,Hu tieu kho,hoo tee-ew koh,,"Hủ tiếu khô is a Vietnamese noodle dish: dry rice noodles. It is usually served as a bowl or plate with noodles, herbs, sauce, and savory toppings. Mix it before eating so the sauce coats everything evenly.",rice vermicelli | protein | fresh herbs | nước chấm | peanuts,"Many dry noodle dishes come with sauce or broth on the side. Pour, mix, and taste before adding extra chili or fish sauce.",extra nước chấm | more herbs | less chili | add egg,Cho tôi một tô hủ tiếu khô.,I’d like one bowl of dry rice noodles.,chaw toy moht toh hoo tee-ew koh
food-mien-xao-cua,Food,Dry noodles & vermicelli,,,Miến xào cua,Stir-fried glass noodles with crab,Mien xao cua,mee-en sow koo-ah,,"Miến xào cua is a Vietnamese noodle dish: stir-fried glass noodles with crab. It is usually served as a bowl or plate with noodles, herbs, sauce, and savory toppings. Mix it before eating so the sauce coats everything evenly.",noodles | crab | vegetables | garlic | soy-based sauce,"Many dry noodle dishes come with sauce or broth on the side. Pour, mix, and taste before adding extra chili or fish sauce.",extra nước chấm | more herbs | less chili | add egg,Cho tôi một tô miến xào cua.,I’d like one bowl of stir-fried glass noodles with crab.,chaw toy moht toh mee-en sow koo-ah
food-mien-xao-hai-san,Food,Dry noodles & vermicelli,,,Miến xào hải sản,Stir-fried glass noodles with seafood,Mien xao hai san,mee-en sow high sahn,,"Miến xào hải sản is a Vietnamese noodle dish: stir-fried glass noodles with seafood. It is usually served as a bowl or plate with noodles, herbs, sauce, and savory toppings. Mix it before eating so the sauce coats everything evenly.",noodles | seafood | vegetables | garlic | soy-based sauce,"Many dry noodle dishes come with sauce or broth on the side. Pour, mix, and taste before adding extra chili or fish sauce.",extra nước chấm | more herbs | less chili | add egg,Cho tôi một tô miến xào hải sản.,I’d like one bowl of stir-fried glass noodles with seafood.,chaw toy moht toh mee-en sow high sahn
food-banh-hoi-thit-nuong,Food,Dry noodles & vermicelli,,,Bánh hỏi thịt nướng,Fine rice vermicelli sheets with grilled pork,Banh hoi thit nuong,bahn hoy tit noong,,"Bánh hỏi thịt nướng is a Vietnamese noodle dish: fine rice vermicelli sheets with grilled pork. It is usually served as a bowl or plate with noodles, herbs, sauce, and savory toppings. Mix it before eating so the sauce coats everything evenly.",fine rice vermicelli sheets | pork | herbs | dipping sauce,"Many dry noodle dishes come with sauce or broth on the side. Pour, mix, and taste before adding extra chili or fish sauce.",extra nước chấm | more herbs | less chili | add egg,Cho tôi một phần bánh hỏi thịt nướng.,I’d like one order of fine rice vermicelli sheets with grilled pork.,chaw toy moht fuhn bahn hoy tit noong
food-banh-hoi-heo-quay,Food,Dry noodles & vermicelli,,,Bánh hỏi heo quay,Fine rice vermicelli sheets with roasted pork,Banh hoi heo quay,bahn hoy heh-oh kway,,"Bánh hỏi heo quay is a Vietnamese noodle dish: fine rice vermicelli sheets with roasted pork. It is usually served as a bowl or plate with noodles, herbs, sauce, and savory toppings. Mix it before eating so the sauce coats everything evenly.",fine rice vermicelli sheets | roasted pork | herbs | dipping sauce,"Many dry noodle dishes come with sauce or broth on the side. Pour, mix, and taste before adding extra chili or fish sauce.",extra nước chấm | more herbs | less chili | add egg,Cho tôi một phần bánh hỏi heo quay.,I’d like one order of fine rice vermicelli sheets with roasted pork.,chaw toy moht fuhn bahn hoy heh-oh kway
food-com-tam-suon,Food,Rice & sticky rice,,yes,Cơm tấm sườn,Broken rice with grilled pork chop,Com tam suon,kum tahm swoon,,"Cơm tấm sườn is a rice-based dish: broken rice with grilled pork chop. It is usually served as a complete plate or bowl with rice, protein, vegetables, and sauce. It works well for a quick lunch or casual dinner.",broken rice | pork | pickles | fish sauce | scallion oil,Rice plates are usually straightforward and filling. Some places include a small soup or pickled vegetables with the order.,extra rice | fried egg | less sauce | extra vegetables,Cho tôi một phần cơm tấm sườn.,I’d like one order of broken rice with grilled pork chop.,chaw toy moht fuhn kum tahm swoon
food-com-tam-bi-cha-suon,Food,Rice & sticky rice,,yes,Cơm tấm bì chả sườn,"Broken rice with pork chop, shredded pork, and egg meatloaf",Com tam bi cha suon,kum tahm bee chah swoon,,"Cơm tấm bì chả sườn is a rice-based dish: broken rice with pork chop, shredded pork, and egg meatloaf. It is usually served as a complete plate or bowl with rice, protein, vegetables, and sauce. It works well for a quick lunch or casual dinner.",broken rice | pork | pickles | fish sauce | scallion oil,Rice plates are usually straightforward and filling. Some places include a small soup or pickled vegetables with the order.,extra rice | fried egg | less sauce | extra vegetables,Cho tôi một phần cơm tấm bì chả sườn.,"I’d like one order of broken rice with pork chop, shredded pork, and egg meatloaf.",chaw toy moht fuhn kum tahm bee chah swoon
food-com-tam-suon-bi-cha-trung,Food,Rice & sticky rice,,yes,Cơm tấm sườn bì chả trứng,"Broken rice with pork chop, shredded pork, meatloaf, and egg",Com tam suon bi cha trung,kum tahm swoon bee chah choong,,"Cơm tấm sườn bì chả trứng is a rice-based dish: broken rice with pork chop, shredded pork, meatloaf, and egg. It is usually served as a complete plate or bowl with rice, protein, vegetables, and sauce. It works well for a quick lunch or casual dinner.",broken rice | pork | pickles | fish sauce | scallion oil,Rice plates are usually straightforward and filling. Some places include a small soup or pickled vegetables with the order.,extra rice | fried egg | less sauce | extra vegetables,Cho tôi một phần cơm tấm sườn bì chả trứng.,"I’d like one order of broken rice with pork chop, shredded pork, meatloaf, and egg.",chaw toy moht fuhn kum tahm swoon bee chah choong
food-com-suon-nuong,Food,Rice & sticky rice,,,Cơm sườn nướng,Rice with grilled pork chop,Com suon nuong,kum swoon noong,,"Cơm sườn nướng is a rice-based dish: rice with grilled pork chop. It is usually served as a complete plate or bowl with rice, protein, vegetables, and sauce. It works well for a quick lunch or casual dinner.",rice | pork | vegetables | fish sauce or soy sauce | scallion oil,Rice plates are usually straightforward and filling. Some places include a small soup or pickled vegetables with the order.,extra rice | fried egg | less sauce | extra vegetables,Cho tôi một phần cơm sườn nướng.,I’d like one order of rice with grilled pork chop.,chaw toy moht fuhn kum swoon noong
food-com-ga-hoi-an,Food,Rice & sticky rice,,yes,Cơm gà Hội An,Hội An chicken rice,Com ga Hoi An,kum gah hoy ahn,,"Cơm gà Hội An is a rice-based dish: hội an chicken rice. It is usually served as a complete plate or bowl with rice, protein, vegetables, and sauce. It works well for a quick lunch or casual dinner.",rice | chicken | vegetables | fish sauce or soy sauce | scallion oil,Rice plates are usually straightforward and filling. Some places include a small soup or pickled vegetables with the order.,extra rice | fried egg | less sauce | extra vegetables,Cho tôi một phần cơm gà Hội An.,I’d like one order of hội an chicken rice.,chaw toy moht fuhn kum gah hoy ahn
food-com-ga-xoi-mo,Food,Rice & sticky rice,,,Cơm gà xối mỡ,Fried chicken rice,Com ga xoi mo,kum gah soy muh,,"Cơm gà xối mỡ is a rice-based dish: fried chicken rice. It is usually served as a complete plate or bowl with rice, protein, vegetables, and sauce. It works well for a quick lunch or casual dinner.",rice | chicken | vegetables | fish sauce or soy sauce | scallion oil,Rice plates are usually straightforward and filling. Some places include a small soup or pickled vegetables with the order.,extra rice | fried egg | less sauce | extra vegetables,Cho tôi một phần cơm gà xối mỡ.,I’d like one order of fried chicken rice.,chaw toy moht fuhn kum gah soy muh
food-com-ga-hai-nam,Food,Rice & sticky rice,,,Cơm gà Hải Nam,Hainanese-style chicken rice,Com ga Hai Nam,kum gah high nahm,,"Cơm gà Hải Nam is a rice-based dish: hainanese-style chicken rice. It is usually served as a complete plate or bowl with rice, protein, vegetables, and sauce. It works well for a quick lunch or casual dinner.",rice | chicken | vegetables | fish sauce or soy sauce | scallion oil,Rice plates are usually straightforward and filling. Some places include a small soup or pickled vegetables with the order.,extra rice | fried egg | less sauce | extra vegetables,Cho tôi một phần cơm gà Hải Nam.,I’d like one order of hainanese-style chicken rice.,chaw toy moht fuhn kum gah high nahm
food-com-bo-luc-lac,Food,Rice & sticky rice,,yes,Cơm bò lúc lắc,Shaking beef with rice,Com bo luc lac,kum baw look lak,,"Cơm bò lúc lắc is a rice-based dish: shaking beef with rice. It is usually served as a complete plate or bowl with rice, protein, vegetables, and sauce. It works well for a quick lunch or casual dinner.",rice | beef | vegetables | fish sauce or soy sauce | scallion oil,Rice plates are usually straightforward and filling. Some places include a small soup or pickled vegetables with the order.,extra rice | fried egg | less sauce | extra vegetables,Cho tôi một phần cơm bò lúc lắc.,I’d like one order of shaking beef with rice.,chaw toy moht fuhn kum baw look lak
food-com-bo-xao-hanh-tay,Food,Rice & sticky rice,,,Cơm bò xào hành tây,Rice with stir-fried beef and onions,Com bo xao hanh tay,kum baw sow hanh tay,,"Cơm bò xào hành tây is a rice-based dish: rice with stir-fried beef and onions. It is usually served as a complete plate or bowl with rice, protein, vegetables, and sauce. It works well for a quick lunch or casual dinner.",rice | beef | vegetables | fish sauce or soy sauce | scallion oil,Rice plates are usually straightforward and filling. Some places include a small soup or pickled vegetables with the order.,extra rice | fried egg | less sauce | extra vegetables,Cho tôi một phần cơm bò xào hành tây.,I’d like one order of rice with stir-fried beef and onions.,chaw toy moht fuhn kum baw sow hanh tay
food-com-thit-kho-trung,Food,Rice & sticky rice,,yes,Cơm thịt kho trứng,Rice with braised pork and eggs,Com thit kho trung,kum tit kaw choong,,"Cơm thịt kho trứng is a rice-based dish: rice with braised pork and eggs. It is usually served as a complete plate or bowl with rice, protein, vegetables, and sauce. It works well for a quick lunch or casual dinner.",rice | pork | vegetables | fish sauce or soy sauce | scallion oil,Rice plates are usually straightforward and filling. Some places include a small soup or pickled vegetables with the order.,extra rice | fried egg | less sauce | extra vegetables,Cho tôi một phần cơm thịt kho trứng.,I’d like one order of rice with braised pork and eggs.,chaw toy moht fuhn kum tit kaw choong
food-com-ca-kho-to,Food,Rice & sticky rice,,yes,Cơm cá kho tộ,Rice with caramelized fish in clay pot,Com ca kho to,kum kah kaw toh,,"Cơm cá kho tộ is a rice-based dish: rice with caramelized fish in clay pot. It is usually served as a complete plate or bowl with rice, protein, vegetables, and sauce. It works well for a quick lunch or casual dinner.",rice | fish | vegetables | fish sauce or soy sauce | scallion oil,Rice plates are usually straightforward and filling. Some places include a small soup or pickled vegetables with the order.,extra rice | fried egg | less sauce | extra vegetables,Cho tôi một phần cơm cá kho tộ.,I’d like one order of rice with caramelized fish in clay pot.,chaw toy moht fuhn kum kah kaw toh
food-com-tom-rim,Food,Rice & sticky rice,,,Cơm tôm rim,Rice with caramelized shrimp,Com tom rim,kum tom reem,,"Cơm tôm rim is a rice-based dish: rice with caramelized shrimp. It is usually served as a complete plate or bowl with rice, protein, vegetables, and sauce. It works well for a quick lunch or casual dinner.",rice | shrimp | vegetables | fish sauce or soy sauce | scallion oil,Rice plates are usually straightforward and filling. Some places include a small soup or pickled vegetables with the order.,extra rice | fried egg | less sauce | extra vegetables,Cho tôi một phần cơm tôm rim.,I’d like one order of rice with caramelized shrimp.,chaw toy moht fuhn kum tom reem
food-com-chien-duong-chau,Food,Rice & sticky rice,,,Cơm chiên dương châu,Yangzhou fried rice,Com chien duong chau,kum chee-en yuhng chow,,"Cơm chiên dương châu is a rice-based dish: yangzhou fried rice. It is usually served as a complete plate or bowl with rice, protein, vegetables, and sauce. It works well for a quick lunch or casual dinner.",fried rice | egg | vegetables | scallions | soy sauce,Rice plates are usually straightforward and filling. Some places include a small soup or pickled vegetables with the order.,extra rice | fried egg | less sauce | extra vegetables,Cho tôi một phần cơm chiên dương châu.,I’d like one order of yangzhou fried rice.,chaw toy moht fuhn kum chee-en yuhng chow
food-com-chien-hai-san,Food,Rice & sticky rice,,,Cơm chiên hải sản,Seafood fried rice,Com chien hai san,kum chee-en high sahn,,"Cơm chiên hải sản is a rice-based dish: seafood fried rice. It is usually served as a complete plate or bowl with rice, protein, vegetables, and sauce. It works well for a quick lunch or casual dinner.",fried rice | seafood | vegetables | scallions | soy sauce,Rice plates are usually straightforward and filling. Some places include a small soup or pickled vegetables with the order.,extra rice | fried egg | less sauce | extra vegetables,Cho tôi một phần cơm chiên hải sản.,I’d like one order of seafood fried rice.,chaw toy moht fuhn kum chee-en high sahn
food-com-chien-ga,Food,Rice & sticky rice,,,Cơm chiên gà,Chicken fried rice,Com chien ga,kum chee-en gah,,"Cơm chiên gà is a rice-based dish: chicken fried rice. It is usually served as a complete plate or bowl with rice, protein, vegetables, and sauce. It works well for a quick lunch or casual dinner.",fried rice | chicken | vegetables | scallions | soy sauce,Rice plates are usually straightforward and filling. Some places include a small soup or pickled vegetables with the order.,extra rice | fried egg | less sauce | extra vegetables,Cho tôi một phần cơm chiên gà.,I’d like one order of chicken fried rice.,chaw toy moht fuhn kum chee-en gah
food-com-chien-bo,Food,Rice & sticky rice,,,Cơm chiên bò,Beef fried rice,Com chien bo,kum chee-en baw,,"Cơm chiên bò is a rice-based dish: beef fried rice. It is usually served as a complete plate or bowl with rice, protein, vegetables, and sauce. It works well for a quick lunch or casual dinner.",fried rice | beef | vegetables | scallions | soy sauce,Rice plates are usually straightforward and filling. Some places include a small soup or pickled vegetables with the order.,extra rice | fried egg | less sauce | extra vegetables,Cho tôi một phần cơm chiên bò.,I’d like one order of beef fried rice.,chaw toy moht fuhn kum chee-en baw
food-com-chien-trung,Food,Rice & sticky rice,,,Cơm chiên trứng,Egg fried rice,Com chien trung,kum chee-en choong,,"Cơm chiên trứng is a rice-based dish: egg fried rice. It is usually served as a complete plate or bowl with rice, protein, vegetables, and sauce. It works well for a quick lunch or casual dinner.",fried rice | egg | vegetables | scallions | soy sauce,Rice plates are usually straightforward and filling. Some places include a small soup or pickled vegetables with the order.,extra rice | fried egg | less sauce | extra vegetables,Cho tôi một phần cơm chiên trứng.,I’d like one order of egg fried rice.,chaw toy moht fuhn kum chee-en choong
food-com-rang-dua-bo,Food,Rice & sticky rice,,,Cơm rang dưa bò,Fried rice with beef and pickled mustard greens,Com rang dua bo,kum rang yoo-uh baw,,"Cơm rang dưa bò is a rice-based dish: fried rice with beef and pickled mustard greens. It is usually served as a complete plate or bowl with rice, protein, vegetables, and sauce. It works well for a quick lunch or casual dinner.",fried rice | beef | vegetables | scallions | soy sauce,Rice plates are usually straightforward and filling. Some places include a small soup or pickled vegetables with the order.,extra rice | fried egg | less sauce | extra vegetables,Cho tôi một phần cơm rang dưa bò.,I’d like one order of fried rice with beef and pickled mustard greens.,chaw toy moht fuhn kum rang yoo-uh baw
food-com-nieu,Food,Rice & sticky rice,,,Cơm niêu,Clay pot rice,Com nieu,kum nee-ew,,"Cơm niêu is a rice-based dish: clay pot rice. It is usually served as a complete plate or bowl with rice, protein, vegetables, and sauce. It works well for a quick lunch or casual dinner.",rice | protein | vegetables | fish sauce or soy sauce | scallion oil,Rice plates are usually straightforward and filling. Some places include a small soup or pickled vegetables with the order.,extra rice | fried egg | less sauce | extra vegetables,Cho tôi một phần cơm niêu.,I’d like one order of clay pot rice.,chaw toy moht fuhn kum nee-ew
food-com-nieu-ca-kho,Food,Rice & sticky rice,,,Cơm niêu cá kho,Clay pot rice with caramelized fish,Com nieu ca kho,kum nee-ew kah kaw,,"Cơm niêu cá kho is a rice-based dish: clay pot rice with caramelized fish. It is usually served as a complete plate or bowl with rice, protein, vegetables, and sauce. It works well for a quick lunch or casual dinner.",rice | fish | vegetables | fish sauce or soy sauce | scallion oil,Rice plates are usually straightforward and filling. Some places include a small soup or pickled vegetables with the order.,extra rice | fried egg | less sauce | extra vegetables,Cho tôi một phần cơm niêu cá kho.,I’d like one order of clay pot rice with caramelized fish.,chaw toy moht fuhn kum nee-ew kah kaw
food-xoi-ga,Food,Rice & sticky rice,,yes,Xôi gà,Sticky rice with chicken,Xoi ga,soy gah,,"Xôi gà is a rice-based dish: sticky rice with chicken. It is usually served as a complete plate or bowl with rice, protein, vegetables, and sauce. It works well for a quick lunch or casual dinner.",sticky rice | chicken | fried shallots | savory toppings,Rice plates are usually straightforward and filling. Some places include a small soup or pickled vegetables with the order.,extra rice | fried egg | less sauce | extra vegetables,Cho tôi một phần xôi gà.,I’d like one order of sticky rice with chicken.,chaw toy moht fuhn soy gah
food-xoi-xeo,Food,Rice & sticky rice,,,Xôi xéo,Sticky rice with mung bean and fried shallots,Xoi xeo,soy say-oh,,"Xôi xéo is a rice-based dish: sticky rice with mung bean and fried shallots. It is usually served as a complete plate or bowl with rice, protein, vegetables, and sauce. It works well for a quick lunch or casual dinner.",sticky rice | mung bean | fried shallots | savory toppings,Rice plates are usually straightforward and filling. Some places include a small soup or pickled vegetables with the order.,extra rice | fried egg | less sauce | extra vegetables,Cho tôi một phần xôi xéo.,I’d like one order of sticky rice with mung bean and fried shallots.,chaw toy moht fuhn soy say-oh
food-xoi-man,Food,Rice & sticky rice,,,Xôi mặn,Savory sticky rice,Xoi man,soy mahn,,"Xôi mặn is a rice-based dish: savory sticky rice. It is usually served as a complete plate or bowl with rice, protein, vegetables, and sauce. It works well for a quick lunch or casual dinner.",sticky rice | fried shallots | savory toppings,Rice plates are usually straightforward and filling. Some places include a small soup or pickled vegetables with the order.,extra rice | fried egg | less sauce | extra vegetables,Cho tôi một phần xôi mặn.,I’d like one order of savory sticky rice.,chaw toy moht fuhn soy mahn
food-xoi-lap-xuong,Food,Rice & sticky rice,,,Xôi lạp xưởng,Sticky rice with Chinese sausage,Xoi lap xuong,soy lap swoong,,"Xôi lạp xưởng is a rice-based dish: sticky rice with chinese sausage. It is usually served as a complete plate or bowl with rice, protein, vegetables, and sauce. It works well for a quick lunch or casual dinner.",sticky rice | Chinese sausage | fried shallots | savory toppings,Rice plates are usually straightforward and filling. Some places include a small soup or pickled vegetables with the order.,extra rice | fried egg | less sauce | extra vegetables,Cho tôi một phần xôi lạp xưởng.,I’d like one order of sticky rice with chinese sausage.,chaw toy moht fuhn soy lap swoong
food-xoi-khuc,Food,Rice & sticky rice,,,Xôi khúc,Sticky rice dumpling with mung bean and pork,Xoi khuc,soy khook,,"Xôi khúc is a rice-based dish: sticky rice dumpling with mung bean and pork. It is usually served as a complete plate or bowl with rice, protein, vegetables, and sauce. It works well for a quick lunch or casual dinner.",sticky rice | pork | mung bean | fried shallots | savory toppings,Rice plates are usually straightforward and filling. Some places include a small soup or pickled vegetables with the order.,extra rice | fried egg | less sauce | extra vegetables,Cho tôi một phần xôi khúc.,I’d like one order of sticky rice dumpling with mung bean and pork.,chaw toy moht fuhn soy khook
food-xoi-bap,Food,Rice & sticky rice,,,Xôi bắp,Sticky rice with corn,Xoi bap,soy bap,,"Xôi bắp is a rice-based dish: sticky rice with corn. It is usually served as a complete plate or bowl with rice, protein, vegetables, and sauce. It works well for a quick lunch or casual dinner.",sticky rice | corn | fried shallots | savory toppings,Rice plates are usually straightforward and filling. Some places include a small soup or pickled vegetables with the order.,extra rice | fried egg | less sauce | extra vegetables,Cho tôi một phần xôi bắp.,I’d like one order of sticky rice with corn.,chaw toy moht fuhn soy bap
food-banh-mi-dac-biet,Food,"Bánh mì, bread & buns",,yes,Bánh mì đặc biệt,Special Vietnamese sandwich,Banh mi dac biet,bahn mee dak bee-et,,"Bánh mì đặc biệt is a Vietnamese bread or bun item: special vietnamese sandwich. It is usually quick, handheld, and satisfying, with savory fillings and contrasting textures. Good when you want a snack or light meal.",baguette | pork cold cuts | pâté | pickled vegetables | cilantro,"Bánh mì and buns are quick orders and easy takeaway options. Vendors may ask if you want chili, so say no chili if you prefer mild food.",no chili | extra pâté | extra pickles | toasted bread,Cho tôi một ổ bánh mì đặc biệt.,I’d like one special vietnamese sandwich.,chaw toy moht oh bahn mee dak bee-et
food-banh-mi-thit,Food,"Bánh mì, bread & buns",,yes,Bánh mì thịt,Vietnamese pork sandwich,Banh mi thit,bahn mee tit,,"Bánh mì thịt is a Vietnamese bread or bun item: vietnamese pork sandwich. It is usually quick, handheld, and satisfying, with savory fillings and contrasting textures. Good when you want a snack or light meal.",baguette | pork | pâté | pickled vegetables | cilantro,"Bánh mì and buns are quick orders and easy takeaway options. Vendors may ask if you want chili, so say no chili if you prefer mild food.",no chili | extra pâté | extra pickles | toasted bread,Cho tôi một ổ bánh mì thịt.,I’d like one vietnamese pork sandwich.,chaw toy moht oh bahn mee tit
food-banh-mi-thit-nuong,Food,"Bánh mì, bread & buns",,yes,Bánh mì thịt nướng,Grilled pork sandwich,Banh mi thit nuong,bahn mee tit noong,,"Bánh mì thịt nướng is a Vietnamese bread or bun item: grilled pork sandwich. It is usually quick, handheld, and satisfying, with savory fillings and contrasting textures. Good when you want a snack or light meal.",baguette | pork | pâté | pickled vegetables | cilantro,"Bánh mì and buns are quick orders and easy takeaway options. Vendors may ask if you want chili, so say no chili if you prefer mild food.",no chili | extra pâté | extra pickles | toasted bread,Cho tôi một ổ bánh mì thịt nướng.,I’d like one grilled pork sandwich.,chaw toy moht oh bahn mee tit noong
food-banh-mi-heo-quay,Food,"Bánh mì, bread & buns",,,Bánh mì heo quay,Roasted pork sandwich,Banh mi heo quay,bahn mee heh-oh kway,,"Bánh mì heo quay is a Vietnamese bread or bun item: roasted pork sandwich. It is usually quick, handheld, and satisfying, with savory fillings and contrasting textures. Good when you want a snack or light meal.",baguette | roasted pork | pickled vegetables | cilantro,"Bánh mì and buns are quick orders and easy takeaway options. Vendors may ask if you want chili, so say no chili if you prefer mild food.",no chili | extra pâté | extra pickles | toasted bread,Cho tôi một ổ bánh mì heo quay.,I’d like one roasted pork sandwich.,chaw toy moht oh bahn mee heh-oh kway
food-banh-mi-cha-lua,Food,"Bánh mì, bread & buns",,,Bánh mì chả lụa,Pork sausage sandwich,Banh mi cha lua,bahn mee chah loo-uh,,"Bánh mì chả lụa is a Vietnamese bread or bun item: pork sausage sandwich. It is usually quick, handheld, and satisfying, with savory fillings and contrasting textures. Good when you want a snack or light meal.",baguette | pork | pickled vegetables | cilantro,"Bánh mì and buns are quick orders and easy takeaway options. Vendors may ask if you want chili, so say no chili if you prefer mild food.",no chili | extra pâté | extra pickles | toasted bread,Cho tôi một ổ bánh mì chả lụa.,I’d like one pork sausage sandwich.,chaw toy moht oh bahn mee chah loo-uh
food-banh-mi-op-la,Food,"Bánh mì, bread & buns",,yes,Bánh mì ốp la,Fried egg sandwich,Banh mi op la,bahn mee awp lah,,"Bánh mì ốp la is a Vietnamese bread or bun item: fried egg sandwich. It is usually quick, handheld, and satisfying, with savory fillings and contrasting textures. Good when you want a snack or light meal.",baguette | egg | pickled vegetables | cilantro,"Bánh mì and buns are quick orders and easy takeaway options. Vendors may ask if you want chili, so say no chili if you prefer mild food.",no chili | extra pâté | extra pickles | toasted bread,Cho tôi một ổ bánh mì ốp la.,I’d like one fried egg sandwich.,chaw toy moht oh bahn mee awp lah
food-banh-mi-ga,Food,"Bánh mì, bread & buns",,,Bánh mì gà,Chicken sandwich,Banh mi ga,bahn mee gah,,"Bánh mì gà is a Vietnamese bread or bun item: chicken sandwich. It is usually quick, handheld, and satisfying, with savory fillings and contrasting textures. Good when you want a snack or light meal.",baguette | chicken | pickled vegetables | cilantro,"Bánh mì and buns are quick orders and easy takeaway options. Vendors may ask if you want chili, so say no chili if you prefer mild food.",no chili | extra pâté | extra pickles | toasted bread,Cho tôi một ổ bánh mì gà.,I’d like one chicken sandwich.,chaw toy moht oh bahn mee gah
food-banh-mi-bo-kho,Food,"Bánh mì, bread & buns",,,Bánh mì bò kho,Bread served with beef stew,Banh mi bo kho,bahn mee baw kaw,,"Bánh mì bò kho is a Vietnamese bread or bun item: bread served with beef stew. It is usually quick, handheld, and satisfying, with savory fillings and contrasting textures. Good when you want a snack or light meal.",baguette | beef | pickled vegetables | cilantro,"Bánh mì and buns are quick orders and easy takeaway options. Vendors may ask if you want chili, so say no chili if you prefer mild food.",no chili | extra pâté | extra pickles | toasted bread,Cho tôi một ổ bánh mì bò kho.,I’d like one bread served with beef stew.,chaw toy moht oh bahn mee baw kaw
food-banh-mi-pate,Food,"Bánh mì, bread & buns",,,Bánh mì pate,Pâté sandwich,Banh mi pate,bahn mee pah-tay,,"Bánh mì pate is a Vietnamese bread or bun item: pâté sandwich. It is usually quick, handheld, and satisfying, with savory fillings and contrasting textures. Good when you want a snack or light meal.",baguette | pâté | pickled vegetables | cilantro,"Bánh mì and buns are quick orders and easy takeaway options. Vendors may ask if you want chili, so say no chili if you prefer mild food.",no chili | extra pâté | extra pickles | toasted bread,Cho tôi một ổ bánh mì pate.,I’d like one pâté sandwich.,chaw toy moht oh bahn mee pah-tay
food-banh-mi-xiu-mai,Food,"Bánh mì, bread & buns",,,Bánh mì xíu mại,Meatball bánh mì,Banh mi xiu mai,bahn mee see-ew my,,"Bánh mì xíu mại is a Vietnamese bread or bun item: meatball bánh mì. It is usually quick, handheld, and satisfying, with savory fillings and contrasting textures. Good when you want a snack or light meal.",baguette | pickled vegetables | cilantro,"Bánh mì and buns are quick orders and easy takeaway options. Vendors may ask if you want chili, so say no chili if you prefer mild food.",no chili | extra pâté | extra pickles | toasted bread,Cho tôi một ổ bánh mì xíu mại.,I’d like one meatball bánh mì.,chaw toy moht oh bahn mee see-ew my
food-banh-mi-chay,Food,"Bánh mì, bread & buns",,,Bánh mì chay,Vegetarian bánh mì,Banh mi chay,bahn mee chai,,"Bánh mì chay is a Vietnamese bread or bun item: vegetarian bánh mì. It is usually quick, handheld, and satisfying, with savory fillings and contrasting textures. Good when you want a snack or light meal.",baguette | vegetables | pickled vegetables | cilantro,"Bánh mì and buns are quick orders and easy takeaway options. Vendors may ask if you want chili, so say no chili if you prefer mild food.",no chili | extra pâté | extra pickles | toasted bread,Cho tôi một ổ bánh mì chay.,I’d like one vegetarian bánh mì.,chaw toy moht oh bahn mee chai
food-banh-bao,Food,"Bánh mì, bread & buns",,,Bánh bao,Steamed bun,Banh bao,bahn bow,,"Bánh bao is a Vietnamese bread or bun item: steamed bun. It is usually quick, handheld, and satisfying, with savory fillings and contrasting textures. Good when you want a snack or light meal.",steamed bun | savory filling | seasoning,"Bánh mì and buns are quick orders and easy takeaway options. Vendors may ask if you want chili, so say no chili if you prefer mild food.",no chili | extra pâté | extra pickles | toasted bread,Cho tôi một cái bánh bao.,I’d like one steamed bun.,chaw toy moht kai bahn bow
food-banh-bao-xa-xiu,Food,"Bánh mì, bread & buns",,,Bánh bao xá xíu,BBQ pork steamed bun,Banh bao xa xiu,bahn bow sah see-ew,,"Bánh bao xá xíu is a Vietnamese bread or bun item: bbq pork steamed bun. It is usually quick, handheld, and satisfying, with savory fillings and contrasting textures. Good when you want a snack or light meal.",steamed bun | barbecue pork | seasoning,"Bánh mì and buns are quick orders and easy takeaway options. Vendors may ask if you want chili, so say no chili if you prefer mild food.",no chili | extra pâté | extra pickles | toasted bread,Cho tôi một cái bánh bao xá xíu.,I’d like one bbq pork steamed bun.,chaw toy moht kai bahn bow sah see-ew
food-banh-bao-chay,Food,"Bánh mì, bread & buns",,,Bánh bao chay,Vegetarian steamed bun,Banh bao chay,bahn bow chai,,"Bánh bao chay is a Vietnamese bread or bun item: vegetarian steamed bun. It is usually quick, handheld, and satisfying, with savory fillings and contrasting textures. Good when you want a snack or light meal.",steamed bun | vegetables | seasoning,"Bánh mì and buns are quick orders and easy takeaway options. Vendors may ask if you want chili, so say no chili if you prefer mild food.",no chili | extra pâté | extra pickles | toasted bread,Cho tôi một cái bánh bao chay.,I’d like one vegetarian steamed bun.,chaw toy moht kai bahn bow chai
food-banh-tieu,Food,"Bánh mì, bread & buns",,,Bánh tiêu,Hollow sesame donut,Banh tieu,bahn tee-ew,,"Bánh tiêu is a Vietnamese bread or bun item: hollow sesame donut. It is usually quick, handheld, and satisfying, with savory fillings and contrasting textures. Good when you want a snack or light meal.",wheat dough | sesame seeds | fried crust,"Bánh mì and buns are quick orders and easy takeaway options. Vendors may ask if you want chili, so say no chili if you prefer mild food.",no chili | extra pâté | extra pickles | toasted bread,Cho tôi một cái bánh tiêu.,I’d like one hollow sesame donut.,chaw toy moht kai bahn tee-ew
food-banh-pate-so,Food,"Bánh mì, bread & buns",,,Bánh patê sô,Savory puff pastry,Banh pate so,bahn pah-tay soh,,"Bánh patê sô is a Vietnamese bread or bun item: savory puff pastry. It is usually quick, handheld, and satisfying, with savory fillings and contrasting textures. Good when you want a snack or light meal.",puff pastry | savory filling | buttery crust,"Bánh mì and buns are quick orders and easy takeaway options. Vendors may ask if you want chili, so say no chili if you prefer mild food.",no chili | extra pâté | extra pickles | toasted bread,Cho tôi một cái bánh patê sô.,I’d like one savory puff pastry.,chaw toy moht kai bahn pah-tay soh
food-goi-cuon,Food,"Rolls, appetizers & street snacks",,yes,Gỏi cuốn,Fresh spring rolls,Goi cuon,goy kwun,,"Gỏi cuốn is a Vietnamese snack, starter, or street-food item: fresh spring rolls. It is often served with herbs, dipping sauce, or a light dressing. Good for sharing or trying a small taste of local flavors.",rice paper | filling | rice vermicelli | herbs | dipping sauce,Street snacks and rolls often come with a specific dipping sauce. Ask for extra sauce or no chili depending on your taste.,extra dipping sauce | more herbs | no chili | share size,Cho tôi một phần gỏi cuốn.,I’d like one order of fresh spring rolls.,chaw toy moht fuhn goy kwun
food-goi-cuon-tom-thit,Food,"Rolls, appetizers & street snacks",,yes,Gỏi cuốn tôm thịt,Fresh spring rolls with shrimp and pork,Goi cuon tom thit,goy kwun tom tit,,"Gỏi cuốn tôm thịt is a Vietnamese snack, starter, or street-food item: fresh spring rolls with shrimp and pork. It is often served with herbs, dipping sauce, or a light dressing. Good for sharing or trying a small taste of local flavors.",rice paper | shrimp | rice vermicelli | herbs | dipping sauce,Street snacks and rolls often come with a specific dipping sauce. Ask for extra sauce or no chili depending on your taste.,extra dipping sauce | more herbs | no chili | share size,Cho tôi một phần gỏi cuốn tôm thịt.,I’d like one order of fresh spring rolls with shrimp and pork.,chaw toy moht fuhn goy kwun tom tit
food-nem-cuon,Food,"Rolls, appetizers & street snacks",,,Nem cuốn,"Fresh rolls, northern style",Nem cuon,nem kwun,,"Nem cuốn is a Vietnamese snack, starter, or street-food item: fresh rolls, northern style. It is often served with herbs, dipping sauce, or a light dressing. Good for sharing or trying a small taste of local flavors.",rice paper | pork | rice vermicelli | herbs | dipping sauce,Street snacks and rolls often come with a specific dipping sauce. Ask for extra sauce or no chili depending on your taste.,extra dipping sauce | more herbs | no chili | share size,Cho tôi một phần nem cuốn.,"I’d like one order of fresh rolls, northern style.",chaw toy moht fuhn nem kwun
food-nem-nuong-cuon,Food,"Rolls, appetizers & street snacks",,,Nem nướng cuốn,Grilled pork sausage rolls,Nem nuong cuon,nem noong kwun,,"Nem nướng cuốn is a Vietnamese snack, starter, or street-food item: grilled pork sausage rolls. It is often served with herbs, dipping sauce, or a light dressing. Good for sharing or trying a small taste of local flavors.",rice paper | pork | rice vermicelli | herbs | dipping sauce,Street snacks and rolls often come with a specific dipping sauce. Ask for extra sauce or no chili depending on your taste.,extra dipping sauce | more herbs | no chili | share size,Cho tôi một phần nem nướng cuốn.,I’d like one order of grilled pork sausage rolls.,chaw toy moht fuhn nem noong kwun
food-cha-gio,Food,"Rolls, appetizers & street snacks",,yes,Chả giò,Fried spring rolls,Cha gio,chah yaw,,"Chả giò is a Vietnamese snack, starter, or street-food item: fried spring rolls. It is often served with herbs, dipping sauce, or a light dressing. Good for sharing or trying a small taste of local flavors.",fried wrapper | pork | vegetables | dipping sauce,Street snacks and rolls often come with a specific dipping sauce. Ask for extra sauce or no chili depending on your taste.,extra dipping sauce | more herbs | no chili | share size,Cho tôi một phần chả giò.,I’d like one order of fried spring rolls.,chaw toy moht fuhn chah yaw
food-cha-gio-tom-thit,Food,"Rolls, appetizers & street snacks",,,Chả giò tôm thịt,Fried spring rolls with shrimp and pork,Cha gio tom thit,chah yaw tom tit,,"Chả giò tôm thịt is a Vietnamese snack, starter, or street-food item: fried spring rolls with shrimp and pork. It is often served with herbs, dipping sauce, or a light dressing. Good for sharing or trying a small taste of local flavors.",fried wrapper | shrimp | vegetables | dipping sauce,Street snacks and rolls often come with a specific dipping sauce. Ask for extra sauce or no chili depending on your taste.,extra dipping sauce | more herbs | no chili | share size,Cho tôi một phần chả giò tôm thịt.,I’d like one order of fried spring rolls with shrimp and pork.,chaw toy moht fuhn chah yaw tom tit
food-nem-ran,Food,"Rolls, appetizers & street snacks",,,Nem rán,Northern fried spring rolls,Nem ran,nem rahn,,"Nem rán is a Vietnamese snack, starter, or street-food item: northern fried spring rolls. It is often served with herbs, dipping sauce, or a light dressing. Good for sharing or trying a small taste of local flavors.",fried wrapper | pork | vegetables | dipping sauce,Street snacks and rolls often come with a specific dipping sauce. Ask for extra sauce or no chili depending on your taste.,extra dipping sauce | more herbs | no chili | share size,Cho tôi một phần nem rán.,I’d like one order of northern fried spring rolls.,chaw toy moht fuhn nem rahn
food-bi-cuon,Food,"Rolls, appetizers & street snacks",,,Bì cuốn,Shredded pork skin rolls,Bi cuon,bee kwun,,"Bì cuốn is a Vietnamese snack, starter, or street-food item: shredded pork skin rolls. It is often served with herbs, dipping sauce, or a light dressing. Good for sharing or trying a small taste of local flavors.",rice paper | pork | rice vermicelli | herbs | dipping sauce,Street snacks and rolls often come with a specific dipping sauce. Ask for extra sauce or no chili depending on your taste.,extra dipping sauce | more herbs | no chili | share size,Cho tôi một phần bì cuốn.,I’d like one order of shredded pork skin rolls.,chaw toy moht fuhn bee kwun
food-bo-bia,Food,"Rolls, appetizers & street snacks",,,Bò bía,Jicama and sausage rolls,Bo bia,baw bee-ah,,"Bò bía is a Vietnamese snack, starter, or street-food item: jicama and sausage rolls. It is often served with herbs, dipping sauce, or a light dressing. Good for sharing or trying a small taste of local flavors.",beef | herbs | dipping sauce,Street snacks and rolls often come with a specific dipping sauce. Ask for extra sauce or no chili depending on your taste.,extra dipping sauce | more herbs | no chili | share size,Cho tôi một phần bò bía.,I’d like one order of jicama and sausage rolls.,chaw toy moht fuhn baw bee-ah
food-chao-tom,Food,"Rolls, appetizers & street snacks",,,Chạo tôm,Sugarcane shrimp,Chao tom,chow tom,,"Chạo tôm is a Vietnamese snack, starter, or street-food item: sugarcane shrimp. It is often served with herbs, dipping sauce, or a light dressing. Good for sharing or trying a small taste of local flavors.",shrimp | herbs | dipping sauce,Street snacks and rolls often come with a specific dipping sauce. Ask for extra sauce or no chili depending on your taste.,extra dipping sauce | more herbs | no chili | share size,Cho tôi một phần chạo tôm.,I’d like one order of sugarcane shrimp.,chaw toy moht fuhn chow tom
food-bo-la-lot,Food,"Rolls, appetizers & street snacks",,yes,Bò lá lốt,Beef wrapped in betel leaves,Bo la lot,baw lah loht,,"Bò lá lốt is a Vietnamese snack, starter, or street-food item: beef wrapped in betel leaves. It is often served with herbs, dipping sauce, or a light dressing. Good for sharing or trying a small taste of local flavors.",beef | herbs | dipping sauce,Street snacks and rolls often come with a specific dipping sauce. Ask for extra sauce or no chili depending on your taste.,extra dipping sauce | more herbs | no chili | share size,Cho tôi một phần bò lá lốt.,I’d like one order of beef wrapped in betel leaves.,chaw toy moht fuhn baw lah loht
food-banh-xeo,Food,"Rolls, appetizers & street snacks",,yes,Bánh xèo,Crispy Vietnamese pancake,Banh xeo,bahn say-oh,,"Bánh xèo is a Vietnamese snack, starter, or street-food item: crispy vietnamese pancake. It is often served with herbs, dipping sauce, or a light dressing. Good for sharing or trying a small taste of local flavors.",rice flour batter | pork and shrimp | bean sprouts | herbs | dipping sauce,Street snacks and rolls often come with a specific dipping sauce. Ask for extra sauce or no chili depending on your taste.,extra dipping sauce | more herbs | no chili | share size,Cho tôi một phần bánh xèo.,I’d like one order of crispy vietnamese pancake.,chaw toy moht fuhn bahn say-oh
food-banh-khot,Food,"Rolls, appetizers & street snacks",,yes,Bánh khọt,Mini savory coconut pancakes,Banh khot,bahn kawt,,"Bánh khọt is a Vietnamese snack, starter, or street-food item: mini savory coconut pancakes. It is often served with herbs, dipping sauce, or a light dressing. Good for sharing or trying a small taste of local flavors.",rice flour batter | topping | coconut milk | dipping sauce,Street snacks and rolls often come with a specific dipping sauce. Ask for extra sauce or no chili depending on your taste.,extra dipping sauce | more herbs | no chili | share size,Cho tôi một phần bánh khọt.,I’d like one order of mini savory coconut pancakes.,chaw toy moht fuhn bahn kawt
food-banh-can,Food,"Rolls, appetizers & street snacks",,,Bánh căn,Mini crispy rice pancakes,Banh can,bahn kan,,"Bánh căn is a Vietnamese snack, starter, or street-food item: mini crispy rice pancakes. It is often served with herbs, dipping sauce, or a light dressing. Good for sharing or trying a small taste of local flavors.",rice flour batter | topping | coconut milk | dipping sauce,Street snacks and rolls often come with a specific dipping sauce. Ask for extra sauce or no chili depending on your taste.,extra dipping sauce | more herbs | no chili | share size,Cho tôi một phần bánh căn.,I’d like one order of mini crispy rice pancakes.,chaw toy moht fuhn bahn kan
food-banh-beo,Food,"Rolls, appetizers & street snacks",,,Bánh bèo,Steamed rice cakes with shrimp topping,Banh beo,bahn beh-oh,,"Bánh bèo is a Vietnamese snack, starter, or street-food item: steamed rice cakes with shrimp topping. It is often served with herbs, dipping sauce, or a light dressing. Good for sharing or trying a small taste of local flavors.",rice or tapioca batter | shrimp | fried shallots | dipping sauce,Street snacks and rolls often come with a specific dipping sauce. Ask for extra sauce or no chili depending on your taste.,extra dipping sauce | more herbs | no chili | share size,Cho tôi một phần bánh bèo.,I’d like one order of steamed rice cakes with shrimp topping.,chaw toy moht fuhn bahn beh-oh
food-banh-bot-loc,Food,"Rolls, appetizers & street snacks",,,Bánh bột lọc,Clear tapioca dumplings with shrimp and pork,Banh bot loc,bahn boht lawk,,"Bánh bột lọc is a Vietnamese snack, starter, or street-food item: clear tapioca dumplings with shrimp and pork. It is often served with herbs, dipping sauce, or a light dressing. Good for sharing or trying a small taste of local flavors.",rice or tapioca batter | shrimp | fried shallots | dipping sauce,Street snacks and rolls often come with a specific dipping sauce. Ask for extra sauce or no chili depending on your taste.,extra dipping sauce | more herbs | no chili | share size,Cho tôi một phần bánh bột lọc.,I’d like one order of clear tapioca dumplings with shrimp and pork.,chaw toy moht fuhn bahn boht lawk
food-banh-nam,Food,"Rolls, appetizers & street snacks",,,Bánh nậm,Flat steamed rice dumplings,Banh nam,bahn nahm,,"Bánh nậm is a Vietnamese snack, starter, or street-food item: flat steamed rice dumplings. It is often served with herbs, dipping sauce, or a light dressing. Good for sharing or trying a small taste of local flavors.",rice or tapioca batter | savory filling | fried shallots | dipping sauce,Street snacks and rolls often come with a specific dipping sauce. Ask for extra sauce or no chili depending on your taste.,extra dipping sauce | more herbs | no chili | share size,Cho tôi một phần bánh nậm.,I’d like one order of flat steamed rice dumplings.,chaw toy moht fuhn bahn nahm
food-banh-cuon,Food,"Rolls, appetizers & street snacks",,yes,Bánh cuốn,Steamed rice rolls,Banh cuon,bahn kwun,,"Bánh cuốn is a Vietnamese snack, starter, or street-food item: steamed rice rolls. It is often served with herbs, dipping sauce, or a light dressing. Good for sharing or trying a small taste of local flavors.",rice paper | filling | rice vermicelli | herbs | dipping sauce,Street snacks and rolls often come with a specific dipping sauce. Ask for extra sauce or no chili depending on your taste.,extra dipping sauce | more herbs | no chili | share size,Cho tôi một phần bánh cuốn.,I’d like one order of steamed rice rolls.,chaw toy moht fuhn bahn kwun
food-banh-trang-nuong,Food,"Rolls, appetizers & street snacks",,yes,Bánh tráng nướng,"Grilled rice paper, Vietnamese pizza",Banh trang nuong,bahn chang noong,,"Bánh tráng nướng is a Vietnamese snack, starter, or street-food item: grilled rice paper, vietnamese pizza. It is often served with herbs, dipping sauce, or a light dressing. Good for sharing or trying a small taste of local flavors.",snack ingredients | herbs | dipping sauce,Street snacks and rolls often come with a specific dipping sauce. Ask for extra sauce or no chili depending on your taste.,extra dipping sauce | more herbs | no chili | share size,Cho tôi một phần bánh tráng nướng.,"I’d like one order of grilled rice paper, vietnamese pizza.",chaw toy moht fuhn bahn chang noong
food-banh-trang-tron,Food,"Rolls, appetizers & street snacks",,yes,Bánh tráng trộn,Mixed rice paper salad,Banh trang tron,bahn chang chohn,,"Bánh tráng trộn is a Vietnamese snack, starter, or street-food item: mixed rice paper salad. It is often served with herbs, dipping sauce, or a light dressing. Good for sharing or trying a small taste of local flavors.",snack ingredients | herbs | dipping sauce,Street snacks and rolls often come with a specific dipping sauce. Ask for extra sauce or no chili depending on your taste.,extra dipping sauce | more herbs | no chili | share size,Cho tôi một phần bánh tráng trộn.,I’d like one order of mixed rice paper salad.,chaw toy moht fuhn bahn chang chohn
food-goi-ngo-sen-tom-thit,Food,"Rolls, appetizers & street snacks",,,Gỏi ngó sen tôm thịt,Lotus stem salad with shrimp and pork,Goi ngo sen tom thit,goy ngoh sen tom tit,,"Gỏi ngó sen tôm thịt is a Vietnamese snack, starter, or street-food item: lotus stem salad with shrimp and pork. It is often served with herbs, dipping sauce, or a light dressing. Good for sharing or trying a small taste of local flavors.",shredded vegetables | shrimp | herbs | sweet-sour dressing | peanuts,Street snacks and rolls often come with a specific dipping sauce. Ask for extra sauce or no chili depending on your taste.,extra dipping sauce | more herbs | no chili | share size,Cho tôi một phần gỏi ngó sen tôm thịt.,I’d like one order of lotus stem salad with shrimp and pork.,chaw toy moht fuhn goy ngoh sen tom tit
food-goi-xoai,Food,"Rolls, appetizers & street snacks",,,Gỏi xoài,Green mango salad,Goi xoai,goy swai,,"Gỏi xoài is a Vietnamese snack, starter, or street-food item: green mango salad. It is often served with herbs, dipping sauce, or a light dressing. Good for sharing or trying a small taste of local flavors.",shredded vegetables | protein | herbs | sweet-sour dressing | peanuts,Street snacks and rolls often come with a specific dipping sauce. Ask for extra sauce or no chili depending on your taste.,extra dipping sauce | more herbs | no chili | share size,Cho tôi một phần gỏi xoài.,I’d like one order of green mango salad.,chaw toy moht fuhn goy swai
food-goi-du-du,Food,"Rolls, appetizers & street snacks",,,Gỏi đu đủ,Green papaya salad,Goi du du,goy doo doo,,"Gỏi đu đủ is a Vietnamese snack, starter, or street-food item: green papaya salad. It is often served with herbs, dipping sauce, or a light dressing. Good for sharing or trying a small taste of local flavors.",shredded vegetables | protein | herbs | sweet-sour dressing | peanuts,Street snacks and rolls often come with a specific dipping sauce. Ask for extra sauce or no chili depending on your taste.,extra dipping sauce | more herbs | no chili | share size,Cho tôi một phần gỏi đu đủ.,I’d like one order of green papaya salad.,chaw toy moht fuhn goy doo doo
food-goi-ga,Food,"Rolls, appetizers & street snacks",,,Gỏi gà,Vietnamese chicken salad,Goi ga,goy gah,,"Gỏi gà is a Vietnamese snack, starter, or street-food item: vietnamese chicken salad. It is often served with herbs, dipping sauce, or a light dressing. Good for sharing or trying a small taste of local flavors.",shredded vegetables | chicken | herbs | sweet-sour dressing | peanuts,Street snacks and rolls often come with a specific dipping sauce. Ask for extra sauce or no chili depending on your taste.,extra dipping sauce | more herbs | no chili | share size,Cho tôi một phần gỏi gà.,I’d like one order of vietnamese chicken salad.,chaw toy moht fuhn goy gah
food-nom-bo-kho,Food,"Rolls, appetizers & street snacks",,,Nộm bò khô,Green papaya salad with dried beef,Nom bo kho,nohm baw koh,,"Nộm bò khô is a Vietnamese snack, starter, or street-food item: green papaya salad with dried beef. It is often served with herbs, dipping sauce, or a light dressing. Good for sharing or trying a small taste of local flavors.",shredded vegetables | beef | herbs | sweet-sour dressing | peanuts,Street snacks and rolls often come with a specific dipping sauce. Ask for extra sauce or no chili depending on your taste.,extra dipping sauce | more herbs | no chili | share size,Cho tôi một phần nộm bò khô.,I’d like one order of green papaya salad with dried beef.,chaw toy moht fuhn nohm baw koh
food-sup-cua,Food,"Rolls, appetizers & street snacks",,,Súp cua,Crab soup,Sup cua,soop koo-ah,,"Súp cua is a Vietnamese snack, starter, or street-food item: crab soup. It is often served with herbs, dipping sauce, or a light dressing. Good for sharing or trying a small taste of local flavors.",thick soup | crab | egg | herbs,Street snacks and rolls often come with a specific dipping sauce. Ask for extra sauce or no chili depending on your taste.,extra dipping sauce | more herbs | no chili | share size,Cho tôi một tô súp cua.,I’d like one bowl of crab soup.,chaw toy moht toh soop koo-ah
food-ca-vien-chien,Food,"Rolls, appetizers & street snacks",,,Cá viên chiên,Fried fish balls,Ca vien chien,kah vee-en chee-en,,"Cá viên chiên is a Vietnamese snack, starter, or street-food item: fried fish balls. It is often served with herbs, dipping sauce, or a light dressing. Good for sharing or trying a small taste of local flavors.",fish | crispy coating | dipping sauce,Street snacks and rolls often come with a specific dipping sauce. Ask for extra sauce or no chili depending on your taste.,extra dipping sauce | more herbs | no chili | share size,Cho tôi một phần cá viên chiên.,I’d like one order of fried fish balls.,chaw toy moht fuhn kah vee-en chee-en
food-khoai-lang-chien,Food,"Rolls, appetizers & street snacks",,,Khoai lang chiên,Fried sweet potato,Khoai lang chien,kwai lahng chee-en,,"Khoai lang chiên is a Vietnamese snack, starter, or street-food item: fried sweet potato. It is often served with herbs, dipping sauce, or a light dressing. Good for sharing or trying a small taste of local flavors.",snack | crispy coating | dipping sauce,Street snacks and rolls often come with a specific dipping sauce. Ask for extra sauce or no chili depending on your taste.,extra dipping sauce | more herbs | no chili | share size,Cho tôi một phần khoai lang chiên.,I’d like one order of fried sweet potato.,chaw toy moht fuhn kwai lahng chee-en
food-khoai-tay-chien,Food,"Rolls, appetizers & street snacks",,,Khoai tây chiên,French fries,Khoai tay chien,kwai tay chee-en,,"Khoai tây chiên is a Vietnamese snack, starter, or street-food item: french fries. It is often served with herbs, dipping sauce, or a light dressing. Good for sharing or trying a small taste of local flavors.",snack | crispy coating | dipping sauce,Street snacks and rolls often come with a specific dipping sauce. Ask for extra sauce or no chili depending on your taste.,extra dipping sauce | more herbs | no chili | share size,Cho tôi một phần khoai tây chiên.,I’d like one order of french fries.,chaw toy moht fuhn kwai tay chee-en
food-ca-kho-to,Food,Seafood,,yes,Cá kho tộ,Caramelized fish in clay pot,Ca kho to,kah kaw toh,,"Cá kho tộ is a seafood dish: caramelized fish in clay pot. It may be grilled, steamed, fried, stir-fried, or simmered with Vietnamese seasonings. It is often eaten as a main dish and shared with rice.",fish | caramel sauce | garlic | fish sauce | herbs,"Seafood dishes can vary by freshness, size, and cooking style. Confirm the price and spice level before ordering if the menu is not clear.",less spicy | grilled | steamed | extra sauce,Cho tôi một phần cá kho tộ.,I’d like one order of caramelized fish in clay pot.,chaw toy moht fuhn kah kaw toh
food-ca-chien-xu,Food,Seafood,,,Cá chiên xù,Crispy fried fish,Ca chien xu,kah chee-en soo,,"Cá chiên xù is a seafood dish: crispy fried fish. It may be grilled, steamed, fried, stir-fried, or simmered with Vietnamese seasonings. It is often eaten as a main dish and shared with rice.",fish | crispy coating | garlic | fish sauce | herbs,"Seafood dishes can vary by freshness, size, and cooking style. Confirm the price and spice level before ordering if the menu is not clear.",less spicy | grilled | steamed | extra sauce,Cho tôi một phần cá chiên xù.,I’d like one order of crispy fried fish.,chaw toy moht fuhn kah chee-en soo
food-ca-hap-xi-dau,Food,Seafood,,,Cá hấp xì dầu,Steamed fish with soy sauce,Ca hap xi dau,kah hup see dow,,"Cá hấp xì dầu is a seafood dish: steamed fish with soy sauce. It may be grilled, steamed, fried, stir-fried, or simmered with Vietnamese seasonings. It is often eaten as a main dish and shared with rice.",fish | soy sauce | steam aromatics | garlic | fish sauce,"Seafood dishes can vary by freshness, size, and cooking style. Confirm the price and spice level before ordering if the menu is not clear.",less spicy | grilled | steamed | extra sauce,Cho tôi một phần cá hấp xì dầu.,I’d like one order of steamed fish with soy sauce.,chaw toy moht fuhn kah hup see dow
food-ca-hap-gung,Food,Seafood,,,Cá hấp gừng,Steamed fish with ginger,Ca hap gung,kah hup goong,,"Cá hấp gừng is a seafood dish: steamed fish with ginger. It may be grilled, steamed, fried, stir-fried, or simmered with Vietnamese seasonings. It is often eaten as a main dish and shared with rice.",fish | ginger | steam aromatics | garlic | fish sauce,"Seafood dishes can vary by freshness, size, and cooking style. Confirm the price and spice level before ordering if the menu is not clear.",less spicy | grilled | steamed | extra sauce,Cho tôi một phần cá hấp gừng.,I’d like one order of steamed fish with ginger.,chaw toy moht fuhn kah hup goong
food-ca-nuong-muoi-ot,Food,Seafood,,,Cá nướng muối ớt,Grilled fish with chili salt,Ca nuong muoi ot,kah noong moo-ee uht,,"Cá nướng muối ớt is a seafood dish: grilled fish with chili salt. It may be grilled, steamed, fried, stir-fried, or simmered with Vietnamese seasonings. It is often eaten as a main dish and shared with rice.",fish | chili salt | grill seasoning | garlic | fish sauce,"Seafood dishes can vary by freshness, size, and cooking style. Confirm the price and spice level before ordering if the menu is not clear.",less spicy | grilled | steamed | extra sauce,Cho tôi một phần cá nướng muối ớt.,I’d like one order of grilled fish with chili salt.,chaw toy moht fuhn kah noong moo-ee uht
food-ca-loc-nuong-trui,Food,Seafood,,yes,Cá lóc nướng trui,Grilled snakehead fish,Ca loc nuong trui,kah lawk noong choo-ee,,"Cá lóc nướng trui is a seafood dish: grilled snakehead fish. It may be grilled, steamed, fried, stir-fried, or simmered with Vietnamese seasonings. It is often eaten as a main dish and shared with rice.",fish | grill seasoning | garlic | fish sauce | herbs,"Seafood dishes can vary by freshness, size, and cooking style. Confirm the price and spice level before ordering if the menu is not clear.",less spicy | grilled | steamed | extra sauce,Cho tôi một phần cá lóc nướng trui.,I’d like one order of grilled snakehead fish.,chaw toy moht fuhn kah lawk noong choo-ee
food-ca-dieu-hong-chien-xu,Food,Seafood,,,Cá diêu hồng chiên xù,Crispy fried red tilapia,Ca dieu hong chien xu,kah yee-ew hawng chee-en soo,,"Cá diêu hồng chiên xù is a seafood dish: crispy fried red tilapia. It may be grilled, steamed, fried, stir-fried, or simmered with Vietnamese seasonings. It is often eaten as a main dish and shared with rice.",fish | crispy coating | garlic | fish sauce | herbs,"Seafood dishes can vary by freshness, size, and cooking style. Confirm the price and spice level before ordering if the menu is not clear.",less spicy | grilled | steamed | extra sauce,Cho tôi một phần cá diêu hồng chiên xù.,I’d like one order of crispy fried red tilapia.,chaw toy moht fuhn kah yee-ew hawng chee-en soo
food-cha-ca-la-vong,Food,Seafood,,yes,Chả cá Lã Vọng,Turmeric fish with dill,Cha ca La Vong,chah kah lah vawng,,"Chả cá Lã Vọng is a seafood dish: turmeric fish with dill. It may be grilled, steamed, fried, stir-fried, or simmered with Vietnamese seasonings. It is often eaten as a main dish and shared with rice.",fish | garlic | fish sauce | herbs,"Seafood dishes can vary by freshness, size, and cooking style. Confirm the price and spice level before ordering if the menu is not clear.",less spicy | grilled | steamed | extra sauce,Cho tôi một phần chả cá Lã Vọng.,I’d like one order of turmeric fish with dill.,chaw toy moht fuhn chah kah lah vawng
food-cha-ca-chien,Food,Seafood,,,Chả cá chiên,Fried fish cake,Cha ca chien,chah kah chee-en,,"Chả cá chiên is a seafood dish: fried fish cake. It may be grilled, steamed, fried, stir-fried, or simmered with Vietnamese seasonings. It is often eaten as a main dish and shared with rice.",fish | crispy coating | garlic | fish sauce | herbs,"Seafood dishes can vary by freshness, size, and cooking style. Confirm the price and spice level before ordering if the menu is not clear.",less spicy | grilled | steamed | extra sauce,Cho tôi một phần chả cá chiên.,I’d like one order of fried fish cake.,chaw toy moht fuhn chah kah chee-en
food-tom-rang-muoi,Food,Seafood,,,Tôm rang muối,Salt-roasted shrimp,Tom rang muoi,tom rang moo-ee,,"Tôm rang muối is a seafood dish: salt-roasted shrimp. It may be grilled, steamed, fried, stir-fried, or simmered with Vietnamese seasonings. It is often eaten as a main dish and shared with rice.",shrimp | garlic | fish sauce | herbs,"Seafood dishes can vary by freshness, size, and cooking style. Confirm the price and spice level before ordering if the menu is not clear.",less spicy | grilled | steamed | extra sauce,Cho tôi một phần tôm rang muối.,I’d like one order of salt-roasted shrimp.,chaw toy moht fuhn tom rang moo-ee
food-tom-rim-man,Food,Seafood,,,Tôm rim mặn,Savory caramelized shrimp,Tom rim man,tom reem mahn,,"Tôm rim mặn is a seafood dish: savory caramelized shrimp. It may be grilled, steamed, fried, stir-fried, or simmered with Vietnamese seasonings. It is often eaten as a main dish and shared with rice.",shrimp | caramel sauce | garlic | fish sauce | herbs,"Seafood dishes can vary by freshness, size, and cooking style. Confirm the price and spice level before ordering if the menu is not clear.",less spicy | grilled | steamed | extra sauce,Cho tôi một phần tôm rim mặn.,I’d like one order of savory caramelized shrimp.,chaw toy moht fuhn tom reem mahn
food-tom-hap-nuoc-dua,Food,Seafood,,,Tôm hấp nước dừa,Shrimp steamed in coconut water,Tom hap nuoc dua,tom hup nook yoo-uh,,"Tôm hấp nước dừa is a seafood dish: shrimp steamed in coconut water. It may be grilled, steamed, fried, stir-fried, or simmered with Vietnamese seasonings. It is often eaten as a main dish and shared with rice.",shrimp | coconut | steam aromatics | garlic | fish sauce,"Seafood dishes can vary by freshness, size, and cooking style. Confirm the price and spice level before ordering if the menu is not clear.",cold | no ice | with ice | large bottle,Cho tôi một phần tôm hấp nước dừa.,I’d like one order of shrimp steamed in coconut water.,chaw toy moht fuhn tom hup nook yoo-uh
food-tom-nuong-muoi-ot,Food,Seafood,,,Tôm nướng muối ớt,Grilled shrimp with chili salt,Tom nuong muoi ot,tom noong moo-ee uht,,"Tôm nướng muối ớt is a seafood dish: grilled shrimp with chili salt. It may be grilled, steamed, fried, stir-fried, or simmered with Vietnamese seasonings. It is often eaten as a main dish and shared with rice.",shrimp | chili salt | grill seasoning | garlic | fish sauce,"Seafood dishes can vary by freshness, size, and cooking style. Confirm the price and spice level before ordering if the menu is not clear.",less spicy | grilled | steamed | extra sauce,Cho tôi một phần tôm nướng muối ớt.,I’d like one order of grilled shrimp with chili salt.,chaw toy moht fuhn tom noong moo-ee uht
food-tom-chien-xu,Food,Seafood,,,Tôm chiên xù,Breaded fried shrimp,Tom chien xu,tom chee-en soo,,"Tôm chiên xù is a seafood dish: breaded fried shrimp. It may be grilled, steamed, fried, stir-fried, or simmered with Vietnamese seasonings. It is often eaten as a main dish and shared with rice.",shrimp | crispy coating | garlic | fish sauce | herbs,"Seafood dishes can vary by freshness, size, and cooking style. Confirm the price and spice level before ordering if the menu is not clear.",less spicy | grilled | steamed | extra sauce,Cho tôi một phần tôm chiên xù.,I’d like one order of breaded fried shrimp.,chaw toy moht fuhn tom chee-en soo
food-muc-xao-chua-ngot,Food,Seafood,,,Mực xào chua ngọt,Squid stir-fried with sweet-and-sour sauce,Muc xao chua ngot,mook sow choo-ah ngawt,,"Mực xào chua ngọt is a seafood dish: squid stir-fried with sweet-and-sour sauce. It may be grilled, steamed, fried, stir-fried, or simmered with Vietnamese seasonings. It is often eaten as a main dish and shared with rice.",squid | crispy coating | garlic | sweet-and-sour sauce,"Seafood dishes can vary by freshness, size, and cooking style. Confirm the price and spice level before ordering if the menu is not clear.",less spicy | grilled | steamed | extra sauce,Cho tôi một phần mực xào chua ngọt.,I’d like one order of squid stir-fried with sweet-and-sour sauce.,chaw toy moht fuhn mook sow choo-ah ngawt
food-muc-hap-gung,Food,Seafood,,,Mực hấp gừng,Steamed squid with ginger,Muc hap gung,mook hup goong,,"Mực hấp gừng is a seafood dish: steamed squid with ginger. It may be grilled, steamed, fried, stir-fried, or simmered with Vietnamese seasonings. It is often eaten as a main dish and shared with rice.",squid | ginger | steam aromatics | garlic | fish sauce,"Seafood dishes can vary by freshness, size, and cooking style. Confirm the price and spice level before ordering if the menu is not clear.",less spicy | grilled | steamed | extra sauce,Cho tôi một phần mực hấp gừng.,I’d like one order of steamed squid with ginger.,chaw toy moht fuhn mook hup goong
food-muc-nuong-sa-te,Food,Seafood,,,Mực nướng sa tế,Grilled squid with satay chili sauce,Muc nuong sa te,mook noong sah tay,,"Mực nướng sa tế is a seafood dish: grilled squid with satay chili sauce. It may be grilled, steamed, fried, stir-fried, or simmered with Vietnamese seasonings. It is often eaten as a main dish and shared with rice.",squid | satay chili sauce | grill seasoning | garlic | fish sauce,"Seafood dishes can vary by freshness, size, and cooking style. Confirm the price and spice level before ordering if the menu is not clear.",less spicy | grilled | steamed | extra sauce,Cho tôi một phần mực nướng sa tế.,I’d like one order of grilled squid with satay chili sauce.,chaw toy moht fuhn mook noong sah tay
food-muc-chien-gion,Food,Seafood,,,Mực chiên giòn,Crispy fried squid,Muc chien gion,mook chee-en yawn,,"Mực chiên giòn is a seafood dish: crispy fried squid. It may be grilled, steamed, fried, stir-fried, or simmered with Vietnamese seasonings. It is often eaten as a main dish and shared with rice.",squid | crispy coating | garlic | fish sauce | herbs,"Seafood dishes can vary by freshness, size, and cooking style. Confirm the price and spice level before ordering if the menu is not clear.",less spicy | grilled | steamed | extra sauce,Cho tôi một phần mực chiên giòn.,I’d like one order of crispy fried squid.,chaw toy moht fuhn mook chee-en yawn
food-ngheu-hap-sa,Food,Seafood,,,Nghêu hấp sả,Clams steamed with lemongrass,Ngheu hap sa,ngay-ew hup sah,,"Nghêu hấp sả is a seafood dish: clams steamed with lemongrass. It may be grilled, steamed, fried, stir-fried, or simmered with Vietnamese seasonings. It is often eaten as a main dish and shared with rice.",clams | steam aromatics | garlic | fish sauce | herbs,"Seafood dishes can vary by freshness, size, and cooking style. Confirm the price and spice level before ordering if the menu is not clear.",less spicy | grilled | steamed | extra sauce,Cho tôi một phần nghêu hấp sả.,I’d like one order of clams steamed with lemongrass.,chaw toy moht fuhn ngay-ew hup sah
food-ngheu-xao-bo-toi,Food,Seafood,,,Nghêu xào bơ tỏi,Clams stir-fried with garlic butter,Ngheu xao bo toi,ngay-ew sow buh toy,,"Nghêu xào bơ tỏi is a seafood dish: clams stir-fried with garlic butter. It may be grilled, steamed, fried, stir-fried, or simmered with Vietnamese seasonings. It is often eaten as a main dish and shared with rice.",clams | garlic butter | crispy coating | garlic,"Seafood dishes can vary by freshness, size, and cooking style. Confirm the price and spice level before ordering if the menu is not clear.",less spicy | grilled | steamed | extra sauce,Cho tôi một phần nghêu xào bơ tỏi.,I’d like one order of clams stir-fried with garlic butter.,chaw toy moht fuhn ngay-ew sow buh toy
food-so-huyet-rang-me,Food,Seafood,,,Sò huyết rang me,Blood cockles with tamarind sauce,So huyet rang me,saw hweet rang meh,,"Sò huyết rang me is a seafood dish: blood cockles with tamarind sauce. It may be grilled, steamed, fried, stir-fried, or simmered with Vietnamese seasonings. It is often eaten as a main dish and shared with rice.",cockles | tamarind sauce | garlic | fish sauce | herbs,"Seafood dishes can vary by freshness, size, and cooking style. Confirm the price and spice level before ordering if the menu is not clear.",less spicy | grilled | steamed | extra sauce,Cho tôi một phần sò huyết rang me.,I’d like one order of blood cockles with tamarind sauce.,chaw toy moht fuhn saw hweet rang meh
food-oc-len-xao-dua,Food,Seafood,,yes,Ốc len xào dừa,Sea snails in coconut sauce,Oc len xao dua,awk len sow yoo-uh,,"Ốc len xào dừa is a seafood dish: sea snails in coconut sauce. It may be grilled, steamed, fried, stir-fried, or simmered with Vietnamese seasonings. It is often eaten as a main dish and shared with rice.",snails | coconut | garlic | fish sauce,"Seafood dishes can vary by freshness, size, and cooking style. Confirm the price and spice level before ordering if the menu is not clear.",less spicy | grilled | steamed | extra sauce,Cho tôi một phần ốc len xào dừa.,I’d like one order of sea snails in coconut sauce.,chaw toy moht fuhn awk len sow yoo-uh
food-oc-huong-rang-muoi,Food,Seafood,,,Ốc hương rang muối,Salt-roasted sweet snails,Oc huong rang muoi,awk hyoong rang moo-ee,,"Ốc hương rang muối is a seafood dish: salt-roasted sweet snails. It may be grilled, steamed, fried, stir-fried, or simmered with Vietnamese seasonings. It is often eaten as a main dish and shared with rice.",snails | garlic | fish sauce | herbs,"Seafood dishes can vary by freshness, size, and cooking style. Confirm the price and spice level before ordering if the menu is not clear.",less spicy | grilled | steamed | extra sauce,Cho tôi một phần ốc hương rang muối.,I’d like one order of salt-roasted sweet snails.,chaw toy moht fuhn awk hyoong rang moo-ee
food-cua-rang-me,Food,Seafood,,,Cua rang me,Crab with tamarind sauce,Cua rang me,koo-ah rang meh,,"Cua rang me is a seafood dish: crab with tamarind sauce. It may be grilled, steamed, fried, stir-fried, or simmered with Vietnamese seasonings. It is often eaten as a main dish and shared with rice.",crab | tamarind sauce | garlic | fish sauce | herbs,"Seafood dishes can vary by freshness, size, and cooking style. Confirm the price and spice level before ordering if the menu is not clear.",less spicy | grilled | steamed | extra sauce,Cho tôi một phần cua rang me.,I’d like one order of crab with tamarind sauce.,chaw toy moht fuhn koo-ah rang meh
food-cua-rang-muoi,Food,Seafood,,,Cua rang muối,Salt-roasted crab,Cua rang muoi,koo-ah rang moo-ee,,"Cua rang muối is a seafood dish: salt-roasted crab. It may be grilled, steamed, fried, stir-fried, or simmered with Vietnamese seasonings. It is often eaten as a main dish and shared with rice.",crab | garlic | fish sauce | herbs,"Seafood dishes can vary by freshness, size, and cooking style. Confirm the price and spice level before ordering if the menu is not clear.",less spicy | grilled | steamed | extra sauce,Cho tôi một phần cua rang muối.,I’d like one order of salt-roasted crab.,chaw toy moht fuhn koo-ah rang moo-ee
food-ghe-hap-bia,Food,Seafood,,,Ghẹ hấp bia,Blue crab steamed with beer,Ghe hap bia,geh hup bee-ah,,"Ghẹ hấp bia is a seafood dish: blue crab steamed with beer. It may be grilled, steamed, fried, stir-fried, or simmered with Vietnamese seasonings. It is often eaten as a main dish and shared with rice.",crab | steam aromatics | garlic | fish sauce | herbs,"Seafood dishes can vary by freshness, size, and cooking style. Confirm the price and spice level before ordering if the menu is not clear.",cold | with ice | draft | bottle,Cho tôi một phần ghẹ hấp bia.,I’d like one order of blue crab steamed with beer.,chaw toy moht fuhn geh hup bee-ah
food-thit-kho-trung,Food,Pork,,yes,Thịt kho trứng,Braised pork with eggs,Thit kho trung,tit kaw choong,,"Thịt kho trứng is a pork dish: braised pork with eggs. It often has savory, grilled, braised, roasted, or caramelized flavors. It is commonly eaten with rice, noodles, herbs, or dipping sauce.",pork | caramel sauce | fish sauce | garlic | scallions,"Pork dishes are often savory and may be grilled, braised, or caramelized. They are commonly paired with rice, noodles, or fresh herbs.",less spicy | extra sauce | with rice | add egg,Cho tôi một phần thịt kho trứng.,I’d like one order of braised pork with eggs.,chaw toy moht fuhn tit kaw choong
food-thit-kho-tieu,Food,Pork,,,Thịt kho tiêu,Pork braised with pepper,Thit kho tieu,tit kaw tee-ew,,"Thịt kho tiêu is a pork dish: pork braised with pepper. It often has savory, grilled, braised, roasted, or caramelized flavors. It is commonly eaten with rice, noodles, herbs, or dipping sauce.",pork | caramel sauce | fish sauce | garlic | scallions,"Pork dishes are often savory and may be grilled, braised, or caramelized. They are commonly paired with rice, noodles, or fresh herbs.",less spicy | extra sauce | with rice | add egg,Cho tôi một phần thịt kho tiêu.,I’d like one order of pork braised with pepper.,chaw toy moht fuhn tit kaw tee-ew
food-thit-kho-tau,Food,Pork,,yes,Thịt kho tàu,Southern-style braised pork and eggs,Thit kho tau,tit kaw tow,,"Thịt kho tàu is a pork dish: southern-style braised pork and eggs. It often has savory, grilled, braised, roasted, or caramelized flavors. It is commonly eaten with rice, noodles, herbs, or dipping sauce.",pork | caramel sauce | fish sauce | garlic | scallions,"Pork dishes are often savory and may be grilled, braised, or caramelized. They are commonly paired with rice, noodles, or fresh herbs.",less spicy | extra sauce | with rice | add egg,Cho tôi một phần thịt kho tàu.,I’d like one order of southern-style braised pork and eggs.,chaw toy moht fuhn tit kaw tow
food-suon-nuong,Food,Pork,,,Sườn nướng,Grilled pork ribs,Suon nuong,swoon noong,,"Sườn nướng is a pork dish: grilled pork ribs. It often has savory, grilled, braised, roasted, or caramelized flavors. It is commonly eaten with rice, noodles, herbs, or dipping sauce.",pork | grill seasoning | fish sauce | garlic | scallions,"Pork dishes are often savory and may be grilled, braised, or caramelized. They are commonly paired with rice, noodles, or fresh herbs.",less spicy | extra sauce | with rice | add egg,Cho tôi một phần sườn nướng.,I’d like one order of grilled pork ribs.,chaw toy moht fuhn swoon noong
food-suon-ram-man,Food,Pork,,,Sườn ram mặn,Savory caramelized pork ribs,Suon ram man,swoon ram mahn,,"Sườn ram mặn is a pork dish: savory caramelized pork ribs. It often has savory, grilled, braised, roasted, or caramelized flavors. It is commonly eaten with rice, noodles, herbs, or dipping sauce.",pork | caramel sauce | fish sauce | garlic | scallions,"Pork dishes are often savory and may be grilled, braised, or caramelized. They are commonly paired with rice, noodles, or fresh herbs.",less spicy | extra sauce | with rice | add egg,Cho tôi một phần sườn ram mặn.,I’d like one order of savory caramelized pork ribs.,chaw toy moht fuhn swoon ram mahn
food-suon-xao-chua-ngot,Food,Pork,,,Sườn xào chua ngọt,Sweet-and-sour pork ribs,Suon xao chua ngot,swoon sow choo-ah ngawt,,"Sườn xào chua ngọt is a pork dish: sweet-and-sour pork ribs. It often has savory, grilled, braised, roasted, or caramelized flavors. It is commonly eaten with rice, noodles, herbs, or dipping sauce.",pork | garlic | sweet-and-sour sauce | fish sauce,"Pork dishes are often savory and may be grilled, braised, or caramelized. They are commonly paired with rice, noodles, or fresh herbs.",less spicy | extra sauce | with rice | add egg,Cho tôi một phần sườn xào chua ngọt.,I’d like one order of sweet-and-sour pork ribs.,chaw toy moht fuhn swoon sow choo-ah ngawt
food-heo-quay,Food,Pork,,yes,Heo quay,Roasted pork,Heo quay,heh-oh kway,,"Heo quay is a pork dish: roasted pork. It often has savory, grilled, braised, roasted, or caramelized flavors. It is commonly eaten with rice, noodles, herbs, or dipping sauce.",roasted pork | fish sauce | garlic | scallions,"Pork dishes are often savory and may be grilled, braised, or caramelized. They are commonly paired with rice, noodles, or fresh herbs.",less spicy | extra sauce | with rice | add egg,Cho tôi một phần heo quay.,I’d like one order of roasted pork.,chaw toy moht fuhn heh-oh kway
food-heo-quay-banh-hoi,Food,Pork,,,Heo quay bánh hỏi,Roasted pork with fine rice vermicelli,Heo quay banh hoi,heh-oh kway bahn hoy,,"Heo quay bánh hỏi is a pork dish: roasted pork with fine rice vermicelli. It often has savory, grilled, braised, roasted, or caramelized flavors. It is commonly eaten with rice, noodles, herbs, or dipping sauce.",roasted pork | fish sauce | garlic | scallions,"Pork dishes are often savory and may be grilled, braised, or caramelized. They are commonly paired with rice, noodles, or fresh herbs.",less spicy | extra sauce | with rice | add egg,Cho tôi một phần heo quay bánh hỏi.,I’d like one order of roasted pork with fine rice vermicelli.,chaw toy moht fuhn heh-oh kway bahn hoy
food-thit-luoc-cuon-banh-trang,Food,Pork,,,Thịt luộc cuốn bánh tráng,Boiled pork with rice paper rolls,Thit luoc cuon banh trang,tit loo-uk kwun bahn chang,,"Thịt luộc cuốn bánh tráng is a pork dish: boiled pork with rice paper rolls. It often has savory, grilled, braised, roasted, or caramelized flavors. It is commonly eaten with rice, noodles, herbs, or dipping sauce.",pork | fish sauce | garlic | scallions,"Pork dishes are often savory and may be grilled, braised, or caramelized. They are commonly paired with rice, noodles, or fresh herbs.",less spicy | extra sauce | with rice | add egg,Cho tôi một phần thịt luộc cuốn bánh tráng.,I’d like one order of boiled pork with rice paper rolls.,chaw toy moht fuhn tit loo-uk kwun bahn chang
food-nem-nuong,Food,Pork,,yes,Nem nướng,Grilled pork sausage,Nem nuong,nem noong,,"Nem nướng is a pork dish: grilled pork sausage. It often has savory, grilled, braised, roasted, or caramelized flavors. It is commonly eaten with rice, noodles, herbs, or dipping sauce.",pork | grill seasoning | fish sauce | garlic | scallions,"Pork dishes are often savory and may be grilled, braised, or caramelized. They are commonly paired with rice, noodles, or fresh herbs.",less spicy | extra sauce | with rice | add egg,Cho tôi một phần nem nướng.,I’d like one order of grilled pork sausage.,chaw toy moht fuhn nem noong
food-cha-lua,Food,Pork,,,Chả lụa,Vietnamese pork sausage,Cha lua,chah loo-uh,,"Chả lụa is a pork dish: vietnamese pork sausage. It often has savory, grilled, braised, roasted, or caramelized flavors. It is commonly eaten with rice, noodles, herbs, or dipping sauce.",pork | fish sauce | garlic | scallions,"Pork dishes are often savory and may be grilled, braised, or caramelized. They are commonly paired with rice, noodles, or fresh herbs.",less spicy | extra sauce | with rice | add egg,Cho tôi một phần chả lụa.,I’d like one order of vietnamese pork sausage.,chaw toy moht fuhn chah loo-uh
food-cha-que,Food,Pork,,,Chả quế,Cinnamon pork sausage,Cha que,chah kway,,"Chả quế is a pork dish: cinnamon pork sausage. It often has savory, grilled, braised, roasted, or caramelized flavors. It is commonly eaten with rice, noodles, herbs, or dipping sauce.",pork | fish sauce | garlic | scallions,"Pork dishes are often savory and may be grilled, braised, or caramelized. They are commonly paired with rice, noodles, or fresh herbs.",less spicy | extra sauce | with rice | add egg,Cho tôi một phần chả quế.,I’d like one order of cinnamon pork sausage.,chaw toy moht fuhn chah kway
food-gio-thu,Food,Pork,,,Giò thủ,Pork head terrine,Gio thu,yaw too,,"Giò thủ is a pork dish: pork head terrine. It often has savory, grilled, braised, roasted, or caramelized flavors. It is commonly eaten with rice, noodles, herbs, or dipping sauce.",pork | fish sauce | garlic | scallions,"Pork dishes are often savory and may be grilled, braised, or caramelized. They are commonly paired with rice, noodles, or fresh herbs.",less spicy | extra sauce | with rice | add egg,Cho tôi một phần giò thủ.,I’d like one order of pork head terrine.,chaw toy moht fuhn yaw too
food-bi,Food,Pork,,,Bì,Shredded pork skin,Bi,bee,,"Bì is a pork dish: shredded pork skin. It often has savory, grilled, braised, roasted, or caramelized flavors. It is commonly eaten with rice, noodles, herbs, or dipping sauce.",pork | fish sauce | garlic | scallions,"Pork dishes are often savory and may be grilled, braised, or caramelized. They are commonly paired with rice, noodles, or fresh herbs.",less spicy | extra sauce | with rice | add egg,Cho tôi một phần bì.,I’d like one order of shredded pork skin.,chaw toy moht fuhn bee
food-ba-roi-chien-nuoc-mam,Food,Pork,,,Ba rọi chiên nước mắm,Pork belly fried with fish sauce,Ba roi chien nuoc mam,bah roy chee-en nook mahm,,"Ba rọi chiên nước mắm is a pork dish: pork belly fried with fish sauce. It often has savory, grilled, braised, roasted, or caramelized flavors. It is commonly eaten with rice, noodles, herbs, or dipping sauce.",fish | crispy coating | fish sauce | garlic | scallions,"Pork dishes are often savory and may be grilled, braised, or caramelized. They are commonly paired with rice, noodles, or fresh herbs.",less spicy | extra sauce | with rice | add egg,Cho tôi một phần ba rọi chiên nước mắm.,I’d like one order of pork belly fried with fish sauce.,chaw toy moht fuhn bah roy chee-en nook mahm
food-ba-roi-nuong,Food,Pork,,,Ba rọi nướng,Grilled pork belly,Ba roi nuong,bah roy noong,,"Ba rọi nướng is a pork dish: grilled pork belly. It often has savory, grilled, braised, roasted, or caramelized flavors. It is commonly eaten with rice, noodles, herbs, or dipping sauce.",pork | grill seasoning | fish sauce | garlic | scallions,"Pork dishes are often savory and may be grilled, braised, or caramelized. They are commonly paired with rice, noodles, or fresh herbs.",less spicy | extra sauce | with rice | add egg,Cho tôi một phần ba rọi nướng.,I’d like one order of grilled pork belly.,chaw toy moht fuhn bah roy noong
food-gio-heo-ham,Food,Pork,,,Giò heo hầm,Braised pork knuckle,Gio heo ham,yaw heh-oh hum,,"Giò heo hầm is a pork dish: braised pork knuckle. It often has savory, grilled, braised, roasted, or caramelized flavors. It is commonly eaten with rice, noodles, herbs, or dipping sauce.",pork | caramel sauce | fish sauce | garlic | scallions,"Pork dishes are often savory and may be grilled, braised, or caramelized. They are commonly paired with rice, noodles, or fresh herbs.",less spicy | extra sauce | with rice | add egg,Cho tôi một phần giò heo hầm.,I’d like one order of braised pork knuckle.,chaw toy moht fuhn yaw heh-oh hum
food-chao-suon,Food,Pork,,,Cháo sườn,Pork rib porridge,Chao suon,chow swoon,,"Cháo sườn is a pork dish: pork rib porridge. It often has savory, grilled, braised, roasted, or caramelized flavors. It is commonly eaten with rice, noodles, herbs, or dipping sauce.",rice porridge | pork ribs | scallions | pepper,"Pork dishes are often savory and may be grilled, braised, or caramelized. They are commonly paired with rice, noodles, or fresh herbs.",less spicy | extra sauce | with rice | add egg,Cho tôi một tô cháo sườn.,I’d like one bowl of pork rib porridge.,chaw toy moht toh chow swoon
food-lap-xuong,Food,Pork,,,Lạp xưởng,Chinese-style sausage,Lap xuong,lap swoong,,"Lạp xưởng is a pork dish: chinese-style sausage. It often has savory, grilled, braised, roasted, or caramelized flavors. It is commonly eaten with rice, noodles, herbs, or dipping sauce.",Chinese sausage | fish sauce | garlic | scallions,"Pork dishes are often savory and may be grilled, braised, or caramelized. They are commonly paired with rice, noodles, or fresh herbs.",less spicy | extra sauce | with rice | add egg,Cho tôi một phần lạp xưởng.,I’d like one order of chinese-style sausage.,chaw toy moht fuhn lap swoong
food-xa-xiu,Food,Pork,,,Xá xíu,Vietnamese-style barbecue pork,Xa xiu,sah see-ew,,"Xá xíu is a pork dish: vietnamese-style barbecue pork. It often has savory, grilled, braised, roasted, or caramelized flavors. It is commonly eaten with rice, noodles, herbs, or dipping sauce.",barbecue pork | fish sauce | garlic | scallions,"Pork dishes are often savory and may be grilled, braised, or caramelized. They are commonly paired with rice, noodles, or fresh herbs.",less spicy | extra sauce | with rice | add egg,Cho tôi một phần xá xíu.,I’d like one order of vietnamese-style barbecue pork.,chaw toy moht fuhn sah see-ew
food-ga-nuong-muoi-ot,Food,Chicken & duck,,yes,Gà nướng muối ớt,Grilled chicken with chili salt,Ga nuong muoi ot,gah noong moo-ee uht,,"Gà nướng muối ớt is a poultry dish: grilled chicken with chili salt. It is usually prepared with aromatic seasonings and can be grilled, fried, steamed, braised, or served as a salad or porridge. It is a familiar, approachable order.",chicken | chili salt | grill seasoning | garlic | herbs,"Chicken and duck dishes are common throughout Vietnam. Some dishes may include bones or skin, so ask if you prefer boneless meat.",less spicy | extra sauce | with rice | more herbs,Cho tôi một phần gà nướng muối ớt.,I’d like one order of grilled chicken with chili salt.,chaw toy moht fuhn gah noong moo-ee uht
food-ga-ro-ti,Food,Chicken & duck,,,Gà rô ti,Vietnamese roasted chicken,Ga ro ti,gah roh tee,,"Gà rô ti is a poultry dish: vietnamese roasted chicken. It is usually prepared with aromatic seasonings and can be grilled, fried, steamed, braised, or served as a salad or porridge. It is a familiar, approachable order.",chicken | garlic | herbs | fish sauce,"Chicken and duck dishes are common throughout Vietnam. Some dishes may include bones or skin, so ask if you prefer boneless meat.",less spicy | extra sauce | with rice | more herbs,Cho tôi một phần gà rô ti.,I’d like one order of vietnamese roasted chicken.,chaw toy moht fuhn gah roh tee
food-ga-chien-nuoc-mam,Food,Chicken & duck,,yes,Gà chiên nước mắm,Fish sauce fried chicken,Ga chien nuoc mam,gah chee-en nook mahm,,"Gà chiên nước mắm is a poultry dish: fish sauce fried chicken. It is usually prepared with aromatic seasonings and can be grilled, fried, steamed, braised, or served as a salad or porridge. It is a familiar, approachable order.",fish | crispy coating | garlic | herbs | fish sauce,"Chicken and duck dishes are common throughout Vietnam. Some dishes may include bones or skin, so ask if you prefer boneless meat.",less spicy | extra sauce | with rice | more herbs,Cho tôi một phần gà chiên nước mắm.,I’d like one order of fish sauce fried chicken.,chaw toy moht fuhn gah chee-en nook mahm
food-ga-xao-sa-ot,Food,Chicken & duck,,,Gà xào sả ớt,Chicken stir-fried with lemongrass and chili,Ga xao sa ot,gah sow sah uht,,"Gà xào sả ớt is a poultry dish: chicken stir-fried with lemongrass and chili. It is usually prepared with aromatic seasonings and can be grilled, fried, steamed, braised, or served as a salad or porridge. It is a familiar, approachable order.",chicken | lemongrass | crispy coating | garlic,"Chicken and duck dishes are common throughout Vietnam. Some dishes may include bones or skin, so ask if you prefer boneless meat.",less spicy | extra sauce | with rice | more herbs,Cho tôi một phần gà xào sả ớt.,I’d like one order of chicken stir-fried with lemongrass and chili.,chaw toy moht fuhn gah sow sah uht
food-ga-kho-gung,Food,Chicken & duck,,,Gà kho gừng,Chicken braised with ginger,Ga kho gung,gah kaw goong,,"Gà kho gừng is a poultry dish: chicken braised with ginger. It is usually prepared with aromatic seasonings and can be grilled, fried, steamed, braised, or served as a salad or porridge. It is a familiar, approachable order.",chicken | ginger | caramel sauce | garlic | herbs,"Chicken and duck dishes are common throughout Vietnam. Some dishes may include bones or skin, so ask if you prefer boneless meat.",less spicy | extra sauce | with rice | more herbs,Cho tôi một phần gà kho gừng.,I’d like one order of chicken braised with ginger.,chaw toy moht fuhn gah kaw goong
food-ga-hap-hanh,Food,Chicken & duck,,,Gà hấp hành,Steamed chicken with scallions,Ga hap hanh,gah hup hanh,,"Gà hấp hành is a poultry dish: steamed chicken with scallions. It is usually prepared with aromatic seasonings and can be grilled, fried, steamed, braised, or served as a salad or porridge. It is a familiar, approachable order.",chicken | steam aromatics | garlic | herbs | fish sauce,"Chicken and duck dishes are common throughout Vietnam. Some dishes may include bones or skin, so ask if you prefer boneless meat.",less spicy | extra sauce | with rice | more herbs,Cho tôi một phần gà hấp hành.,I’d like one order of steamed chicken with scallions.,chaw toy moht fuhn gah hup hanh
food-ga-luoc,Food,Chicken & duck,,,Gà luộc,Boiled chicken,Ga luoc,gah loo-uk,,"Gà luộc is a poultry dish: boiled chicken. It is usually prepared with aromatic seasonings and can be grilled, fried, steamed, braised, or served as a salad or porridge. It is a familiar, approachable order.",chicken | garlic | herbs | fish sauce,"Chicken and duck dishes are common throughout Vietnam. Some dishes may include bones or skin, so ask if you prefer boneless meat.",less spicy | extra sauce | with rice | more herbs,Cho tôi một phần gà luộc.,I’d like one order of boiled chicken.,chaw toy moht fuhn gah loo-uk
food-ga-nuong-la-chanh,Food,Chicken & duck,,,Gà nướng lá chanh,Grilled chicken with lime leaves,Ga nuong la chanh,gah noong lah chan,,"Gà nướng lá chanh is a poultry dish: grilled chicken with lime leaves. It is usually prepared with aromatic seasonings and can be grilled, fried, steamed, braised, or served as a salad or porridge. It is a familiar, approachable order.",chicken | grill seasoning | garlic | herbs | fish sauce,"Chicken and duck dishes are common throughout Vietnam. Some dishes may include bones or skin, so ask if you prefer boneless meat.",less spicy | extra sauce | with rice | more herbs,Cho tôi một phần gà nướng lá chanh.,I’d like one order of grilled chicken with lime leaves.,chaw toy moht fuhn gah noong lah chan
food-canh-ga-chien-nuoc-mam,Food,Chicken & duck,,yes,Cánh gà chiên nước mắm,Fish sauce fried chicken wings,Canh ga chien nuoc mam,kanh gah chee-en nook mahm,,"Cánh gà chiên nước mắm is a poultry dish: fish sauce fried chicken wings. It is usually prepared with aromatic seasonings and can be grilled, fried, steamed, braised, or served as a salad or porridge. It is a familiar, approachable order.",fish | crispy coating | garlic | herbs | fish sauce,"Chicken and duck dishes are common throughout Vietnam. Some dishes may include bones or skin, so ask if you prefer boneless meat.",less spicy | extra sauce | with rice | more herbs,Cho tôi một phần cánh gà chiên nước mắm.,I’d like one order of fish sauce fried chicken wings.,chaw toy moht fuhn kanh gah chee-en nook mahm
food-canh-ga-nuong,Food,Chicken & duck,,,Cánh gà nướng,Grilled chicken wings,Canh ga nuong,kanh gah noong,,"Cánh gà nướng is a poultry dish: grilled chicken wings. It is usually prepared with aromatic seasonings and can be grilled, fried, steamed, braised, or served as a salad or porridge. It is a familiar, approachable order.",fish | grill seasoning | garlic | herbs | fish sauce,"Chicken and duck dishes are common throughout Vietnam. Some dishes may include bones or skin, so ask if you prefer boneless meat.",less spicy | extra sauce | with rice | more herbs,Cho tôi một phần cánh gà nướng.,I’d like one order of grilled chicken wings.,chaw toy moht fuhn kanh gah noong
food-chan-ga-sa-tac,Food,Chicken & duck,,,Chân gà sả tắc,Chicken feet with lemongrass and kumquat,Chan ga sa tac,chan gah sah tak,,"Chân gà sả tắc is a poultry dish: chicken feet with lemongrass and kumquat. It is usually prepared with aromatic seasonings and can be grilled, fried, steamed, braised, or served as a salad or porridge. It is a familiar, approachable order.",chicken | garlic | herbs | fish sauce,"Chicken and duck dishes are common throughout Vietnam. Some dishes may include bones or skin, so ask if you prefer boneless meat.",less spicy | extra sauce | with rice | more herbs,Cho tôi một phần chân gà sả tắc.,I’d like one order of chicken feet with lemongrass and kumquat.,chaw toy moht fuhn chan gah sah tak
food-goi-ga-xe-phay,Food,Chicken & duck,,,Gỏi gà xé phay,Shredded chicken salad,Goi ga xe phay,goy gah seh fai,,"Gỏi gà xé phay is a poultry dish: shredded chicken salad. It is usually prepared with aromatic seasonings and can be grilled, fried, steamed, braised, or served as a salad or porridge. It is a familiar, approachable order.",chicken | shredded vegetables | herbs | sweet-sour dressing,"Chicken and duck dishes are common throughout Vietnam. Some dishes may include bones or skin, so ask if you prefer boneless meat.",less spicy | extra sauce | with rice | more herbs,Cho tôi một phần gỏi gà xé phay.,I’d like one order of shredded chicken salad.,chaw toy moht fuhn goy gah seh fai
food-vit-quay,Food,Chicken & duck,,yes,Vịt quay,Roasted duck,Vit quay,veet kway,,"Vịt quay is a poultry dish: roasted duck. It is usually prepared with aromatic seasonings and can be grilled, fried, steamed, braised, or served as a salad or porridge. It is a familiar, approachable order.",duck | garlic | herbs | fish sauce,"Chicken and duck dishes are common throughout Vietnam. Some dishes may include bones or skin, so ask if you prefer boneless meat.",less spicy | extra sauce | with rice | more herbs,Cho tôi một phần vịt quay.,I’d like one order of roasted duck.,chaw toy moht fuhn veet kway
food-vit-nuong-chao,Food,Chicken & duck,,,Vịt nướng chao,Duck grilled with fermented bean curd,Vit nuong chao,veet noong chow,,"Vịt nướng chao is a poultry dish: duck grilled with fermented bean curd. It is usually prepared with aromatic seasonings and can be grilled, fried, steamed, braised, or served as a salad or porridge. It is a familiar, approachable order.",duck | grill seasoning | garlic | herbs | fish sauce,"Chicken and duck dishes are common throughout Vietnam. Some dishes may include bones or skin, so ask if you prefer boneless meat.",less spicy | extra sauce | with rice | more herbs,Cho tôi một phần vịt nướng chao.,I’d like one order of duck grilled with fermented bean curd.,chaw toy moht fuhn veet noong chow
food-vit-om-sau,Food,Chicken & duck,,,Vịt om sấu,Duck stewed with dracontomelon fruit,Vit om sau,veet om sow,,"Vịt om sấu is a poultry dish: duck stewed with dracontomelon fruit. It is usually prepared with aromatic seasonings and can be grilled, fried, steamed, braised, or served as a salad or porridge. It is a familiar, approachable order.",duck | garlic | herbs | fish sauce,"Chicken and duck dishes are common throughout Vietnam. Some dishes may include bones or skin, so ask if you prefer boneless meat.",less spicy | extra sauce | with rice | more herbs,Cho tôi một phần vịt om sấu.,I’d like one order of duck stewed with dracontomelon fruit.,chaw toy moht fuhn veet om sow
food-chao-vit,Food,Chicken & duck,,,Cháo vịt,Duck rice porridge,Chao vit,chow veet,,"Cháo vịt is a poultry dish: duck rice porridge. It is usually prepared with aromatic seasonings and can be grilled, fried, steamed, braised, or served as a salad or porridge. It is a familiar, approachable order.",rice porridge | duck | herbs | scallions,"Chicken and duck dishes are common throughout Vietnam. Some dishes may include bones or skin, so ask if you prefer boneless meat.",less spicy | extra sauce | with rice | more herbs,Cho tôi một tô cháo vịt.,I’d like one bowl of duck rice porridge.,chaw toy moht toh chow veet
food-goi-vit,Food,Chicken & duck,,,Gỏi vịt,Duck salad,Goi vit,goy veet,,"Gỏi vịt is a poultry dish: duck salad. It is usually prepared with aromatic seasonings and can be grilled, fried, steamed, braised, or served as a salad or porridge. It is a familiar, approachable order.",duck | shredded vegetables | herbs | sweet-sour dressing,"Chicken and duck dishes are common throughout Vietnam. Some dishes may include bones or skin, so ask if you prefer boneless meat.",less spicy | extra sauce | with rice | more herbs,Cho tôi một phần gỏi vịt.,I’d like one order of duck salad.,chaw toy moht fuhn goy veet
food-ca-ri-ga,Food,Chicken & duck,,,Cà ri gà,Chicken curry,Ca ri ga,kah ree gah,,"Cà ri gà is a poultry dish: chicken curry. It is usually prepared with aromatic seasonings and can be grilled, fried, steamed, braised, or served as a salad or porridge. It is a familiar, approachable order.",chicken | curry spices | garlic | herbs | fish sauce,"Chicken and duck dishes are common throughout Vietnam. Some dishes may include bones or skin, so ask if you prefer boneless meat.",less spicy | extra sauce | with rice | more herbs,Cho tôi một phần cà ri gà.,I’d like one order of chicken curry.,chaw toy moht fuhn kah ree gah
food-ga-ham-thuoc-bac,Food,Chicken & duck,,,Gà hầm thuốc bắc,Chicken stewed with Chinese herbs,Ga ham thuoc bac,gah hum too-uk bak,,"Gà hầm thuốc bắc is a poultry dish: chicken stewed with chinese herbs. It is usually prepared with aromatic seasonings and can be grilled, fried, steamed, braised, or served as a salad or porridge. It is a familiar, approachable order.",snails | garlic | herbs | fish sauce,"Chicken and duck dishes are common throughout Vietnam. Some dishes may include bones or skin, so ask if you prefer boneless meat.",less spicy | extra sauce | with rice | more herbs,Cho tôi một phần gà hầm thuốc bắc.,I’d like one order of chicken stewed with chinese herbs.,chaw toy moht fuhn gah hum too-uk bak
food-ga-ta-nuong,Food,Chicken & duck,,,Gà ta nướng,Grilled free-range chicken,Ga ta nuong,gah tah noong,,"Gà ta nướng is a poultry dish: grilled free-range chicken. It is usually prepared with aromatic seasonings and can be grilled, fried, steamed, braised, or served as a salad or porridge. It is a familiar, approachable order.",chicken | grill seasoning | garlic | herbs | fish sauce,"Chicken and duck dishes are common throughout Vietnam. Some dishes may include bones or skin, so ask if you prefer boneless meat.",less spicy | extra sauce | with rice | more herbs,Cho tôi một phần gà ta nướng.,I’d like one order of grilled free-range chicken.,chaw toy moht fuhn gah tah noong
food-bo-luc-lac,Food,Beef & goat,,yes,Bò lúc lắc,Shaking beef,Bo luc lac,baw look lak,,"Bò lúc lắc is a beef, goat, or veal dish: shaking beef. It often features bold seasonings, herbs, and a rich sauce or broth. It can be served as a plate, stew, salad, or shared hot pot.",beef | garlic | herbs | fish sauce,Beef and goat dishes can be hearty and strongly seasoned. Stews and hot pots may take longer and are often best shared.,less spicy | extra sauce | with rice | add egg,Cho tôi một phần bò lúc lắc.,I’d like one order of shaking beef.,chaw toy moht fuhn baw look lak
food-bo-ne,Food,Beef & goat,,yes,Bò né,Sizzling beef steak with eggs,Bo ne,baw neh,,"Bò né is a beef, goat, or veal dish: sizzling beef steak with eggs. It often features bold seasonings, herbs, and a rich sauce or broth. It can be served as a plate, stew, salad, or shared hot pot.",beef | garlic | herbs | fish sauce,Beef and goat dishes can be hearty and strongly seasoned. Stews and hot pots may take longer and are often best shared.,less spicy | extra sauce | with rice | add egg,Cho tôi một phần bò né.,I’d like one order of sizzling beef steak with eggs.,chaw toy moht fuhn baw neh
food-bo-kho,Food,Beef & goat,,yes,Bò kho,Vietnamese beef stew,Bo kho,baw kaw,,"Bò kho is a beef, goat, or veal dish: vietnamese beef stew. It often features bold seasonings, herbs, and a rich sauce or broth. It can be served as a plate, stew, salad, or shared hot pot.",beef | rich broth | carrots | herbs | bread or rice,Beef and goat dishes can be hearty and strongly seasoned. Stews and hot pots may take longer and are often best shared.,less spicy | extra sauce | with rice | add egg,Cho tôi một phần bò kho.,I’d like one order of vietnamese beef stew.,chaw toy moht fuhn baw kaw
food-bo-sot-vang,Food,Beef & goat,,,Bò sốt vang,Vietnamese red wine beef stew,Bo sot vang,baw sot vahng,,"Bò sốt vang is a beef, goat, or veal dish: vietnamese red wine beef stew. It often features bold seasonings, herbs, and a rich sauce or broth. It can be served as a plate, stew, salad, or shared hot pot.",beef | rich broth | carrots | herbs | bread or rice,Beef and goat dishes can be hearty and strongly seasoned. Stews and hot pots may take longer and are often best shared.,small glass | with ice | bottle | share size,Cho tôi một phần bò sốt vang.,I’d like one order of vietnamese red wine beef stew.,chaw toy moht fuhn baw sot vahng
food-bo-xao-luc-lac,Food,Beef & goat,,,Bò xào lúc lắc,Stir-fried cubed beef,Bo xao luc lac,baw sow look lak,,"Bò xào lúc lắc is a beef, goat, or veal dish: stir-fried cubed beef. It often features bold seasonings, herbs, and a rich sauce or broth. It can be served as a plate, stew, salad, or shared hot pot.",beef | crispy coating | garlic | herbs,Beef and goat dishes can be hearty and strongly seasoned. Stews and hot pots may take longer and are often best shared.,less spicy | extra sauce | with rice | add egg,Cho tôi một phần bò xào lúc lắc.,I’d like one order of stir-fried cubed beef.,chaw toy moht fuhn baw sow look lak
food-bo-xao-rau-cai,Food,Beef & goat,,,Bò xào rau cải,Beef stir-fried with greens,Bo xao rau cai,baw sow row kai,,"Bò xào rau cải is a beef, goat, or veal dish: beef stir-fried with greens. It often features bold seasonings, herbs, and a rich sauce or broth. It can be served as a plate, stew, salad, or shared hot pot.",beef | crispy coating | garlic | herbs,Beef and goat dishes can be hearty and strongly seasoned. Stews and hot pots may take longer and are often best shared.,less spicy | extra sauce | with rice | add egg,Cho tôi một phần bò xào rau cải.,I’d like one order of beef stir-fried with greens.,chaw toy moht fuhn baw sow row kai
food-bo-xao-sa-ot,Food,Beef & goat,,,Bò xào sả ớt,Beef stir-fried with lemongrass and chili,Bo xao sa ot,baw sow sah uht,,"Bò xào sả ớt is a beef, goat, or veal dish: beef stir-fried with lemongrass and chili. It often features bold seasonings, herbs, and a rich sauce or broth. It can be served as a plate, stew, salad, or shared hot pot.",beef | lemongrass | crispy coating | garlic,Beef and goat dishes can be hearty and strongly seasoned. Stews and hot pots may take longer and are often best shared.,less spicy | extra sauce | with rice | add egg,Cho tôi một phần bò xào sả ớt.,I’d like one order of beef stir-fried with lemongrass and chili.,chaw toy moht fuhn baw sow sah uht
food-bo-cuon-la-lot,Food,Beef & goat,,,Bò cuốn lá lốt,Beef wrapped in betel leaves,Bo cuon la lot,baw kwun lah loht,,"Bò cuốn lá lốt is a beef, goat, or veal dish: beef wrapped in betel leaves. It often features bold seasonings, herbs, and a rich sauce or broth. It can be served as a plate, stew, salad, or shared hot pot.",beef | garlic | herbs | fish sauce,Beef and goat dishes can be hearty and strongly seasoned. Stews and hot pots may take longer and are often best shared.,less spicy | extra sauce | with rice | add egg,Cho tôi một phần bò cuốn lá lốt.,I’d like one order of beef wrapped in betel leaves.,chaw toy moht fuhn baw kwun lah loht
food-bo-tai-chanh,Food,Beef & goat,,,Bò tái chanh,Beef carpaccio with lime,Bo tai chanh,baw tie chan,,"Bò tái chanh is a beef, goat, or veal dish: beef carpaccio with lime. It often features bold seasonings, herbs, and a rich sauce or broth. It can be served as a plate, stew, salad, or shared hot pot.",beef | garlic | herbs | fish sauce,Beef and goat dishes can be hearty and strongly seasoned. Stews and hot pots may take longer and are often best shared.,less spicy | extra sauce | with rice | add egg,Cho tôi một phần bò tái chanh.,I’d like one order of beef carpaccio with lime.,chaw toy moht fuhn baw tie chan
food-goi-bo-bop-thau,Food,Beef & goat,,,Gỏi bò bóp thấu,Beef salad with herbs and vinegar,Goi bo bop thau,goy baw bawp tow,,"Gỏi bò bóp thấu is a beef, goat, or veal dish: beef salad with herbs and vinegar. It often features bold seasonings, herbs, and a rich sauce or broth. It can be served as a plate, stew, salad, or shared hot pot.",beef | herbs | lime or vinegar | peanuts,Beef and goat dishes can be hearty and strongly seasoned. Stews and hot pots may take longer and are often best shared.,less spicy | extra sauce | with rice | add egg,Cho tôi một phần gỏi bò bóp thấu.,I’d like one order of beef salad with herbs and vinegar.,chaw toy moht fuhn goy baw bawp tow
food-bo-nhung-dam,Food,Beef & goat,,,Bò nhúng dấm,Beef dipped in vinegar hot pot,Bo nhung dam,baw nyoong zuhm,,"Bò nhúng dấm is a beef, goat, or veal dish: beef dipped in vinegar hot pot. It often features bold seasonings, herbs, and a rich sauce or broth. It can be served as a plate, stew, salad, or shared hot pot.",beef | hot pot broth | vegetables | noodles,Beef and goat dishes can be hearty and strongly seasoned. Stews and hot pots may take longer and are often best shared.,less spicy | extra sauce | with rice | add egg,Cho tôi một phần bò nhúng dấm.,I’d like one order of beef dipped in vinegar hot pot.,chaw toy moht fuhn baw nyoong zuhm
food-bo-nuong-mo-chai,Food,Beef & goat,,,Bò nướng mỡ chài,Grilled beef wrapped in caul fat,Bo nuong mo chai,baw noong muh chai,,"Bò nướng mỡ chài is a beef, goat, or veal dish: grilled beef wrapped in caul fat. It often features bold seasonings, herbs, and a rich sauce or broth. It can be served as a plate, stew, salad, or shared hot pot.",beef | grill seasoning | garlic | herbs | fish sauce,Beef and goat dishes can be hearty and strongly seasoned. Stews and hot pots may take longer and are often best shared.,less spicy | extra sauce | with rice | add egg,Cho tôi một phần bò nướng mỡ chài.,I’d like one order of grilled beef wrapped in caul fat.,chaw toy moht fuhn baw noong muh chai
food-bo-kho-banh-mi,Food,Beef & goat,,,Bò kho bánh mì,Beef stew served with bread,Bo kho banh mi,baw kaw bahn mee,,"Bò kho bánh mì is a beef, goat, or veal dish: beef stew served with bread. It often features bold seasonings, herbs, and a rich sauce or broth. It can be served as a plate, stew, salad, or shared hot pot.",beef | rich broth | carrots | herbs | bread or rice,Beef and goat dishes can be hearty and strongly seasoned. Stews and hot pots may take longer and are often best shared.,less spicy | extra sauce | with rice | add egg,Cho tôi một ổ bò kho bánh mì.,I’d like one beef stew served with bread.,chaw toy moht oh baw kaw bahn mee
food-de-nuong,Food,Beef & goat,,,Dê nướng,Grilled goat,De nuong,yay noong,,"Dê nướng is a beef, goat, or veal dish: grilled goat. It often features bold seasonings, herbs, and a rich sauce or broth. It can be served as a plate, stew, salad, or shared hot pot.",goat | grill seasoning | garlic | herbs | fish sauce,Beef and goat dishes can be hearty and strongly seasoned. Stews and hot pots may take longer and are often best shared.,less spicy | extra sauce | with rice | add egg,Cho tôi một phần dê nướng.,I’d like one order of grilled goat.,chaw toy moht fuhn yay noong
food-de-hap-tia-to,Food,Beef & goat,,,Dê hấp tía tô,Goat steamed with perilla,De hap tia to,yay hup tee-ah toh,,"Dê hấp tía tô is a beef, goat, or veal dish: goat steamed with perilla. It often features bold seasonings, herbs, and a rich sauce or broth. It can be served as a plate, stew, salad, or shared hot pot.",goat | steam aromatics | garlic | herbs | fish sauce,Beef and goat dishes can be hearty and strongly seasoned. Stews and hot pots may take longer and are often best shared.,less spicy | extra sauce | with rice | add egg,Cho tôi một phần dê hấp tía tô.,I’d like one order of goat steamed with perilla.,chaw toy moht fuhn yay hup tee-ah toh
food-ca-ri-de,Food,Beef & goat,,,Cà ri dê,Goat curry,Ca ri de,kah ree yay,,"Cà ri dê is a beef, goat, or veal dish: goat curry. It often features bold seasonings, herbs, and a rich sauce or broth. It can be served as a plate, stew, salad, or shared hot pot.",goat | curry spices | garlic | herbs | fish sauce,Beef and goat dishes can be hearty and strongly seasoned. Stews and hot pots may take longer and are often best shared.,less spicy | extra sauce | with rice | add egg,Cho tôi một phần cà ri dê.,I’d like one order of goat curry.,chaw toy moht fuhn kah ree yay
food-de-xao-lan,Food,Beef & goat,,,Dê xào lăn,Goat stir-fried with curry and coconut,De xao lan,yay sow lan,,"Dê xào lăn is a beef, goat, or veal dish: goat stir-fried with curry and coconut. It often features bold seasonings, herbs, and a rich sauce or broth. It can be served as a plate, stew, salad, or shared hot pot.",goat | coconut | crispy coating | garlic | curry spices,Beef and goat dishes can be hearty and strongly seasoned. Stews and hot pots may take longer and are often best shared.,less spicy | extra sauce | with rice | add egg,Cho tôi một phần dê xào lăn.,I’d like one order of goat stir-fried with curry and coconut.,chaw toy moht fuhn yay sow lan
food-be-thui,Food,Beef & goat,,,Bê thui,Roasted young veal,Be thui,bay too-ee,,"Bê thui is a beef, goat, or veal dish: roasted young veal. It often features bold seasonings, herbs, and a rich sauce or broth. It can be served as a plate, stew, salad, or shared hot pot.",veal | garlic | herbs | fish sauce,Beef and goat dishes can be hearty and strongly seasoned. Stews and hot pots may take longer and are often best shared.,less spicy | extra sauce | with rice | add egg,Cho tôi một phần bê thui.,I’d like one order of roasted young veal.,chaw toy moht fuhn bay too-ee
food-be-thui-cuon-banh-trang,Food,Beef & goat,,,Bê thui cuốn bánh tráng,Roasted veal with rice paper rolls,Be thui cuon banh trang,bay too-ee kwun bahn chang,,"Bê thui cuốn bánh tráng is a beef, goat, or veal dish: roasted veal with rice paper rolls. It often features bold seasonings, herbs, and a rich sauce or broth. It can be served as a plate, stew, salad, or shared hot pot.",veal | garlic | herbs | fish sauce,Beef and goat dishes can be hearty and strongly seasoned. Stews and hot pots may take longer and are often best shared.,less spicy | extra sauce | with rice | add egg,Cho tôi một phần bê thui cuốn bánh tráng.,I’d like one order of roasted veal with rice paper rolls.,chaw toy moht fuhn bay too-ee kwun bahn chang
food-lau-de,Food,Beef & goat,,,Lẩu dê,Goat hot pot,Lau de,low yay,,"Lẩu dê is a beef, goat, or veal dish: goat hot pot. It often features bold seasonings, herbs, and a rich sauce or broth. It can be served as a plate, stew, salad, or shared hot pot.",goat | hot pot broth | vegetables | noodles,Beef and goat dishes can be hearty and strongly seasoned. Stews and hot pots may take longer and are often best shared.,less spicy | extra sauce | with rice | add egg,Cho tôi một phần lẩu dê.,I’d like one order of goat hot pot.,chaw toy moht fuhn low yay
food-pho-chay,Food,Vegetarian,,,Phở chay,Vegetarian pho,Pho chay,fuh chai,,"Phở chay is a vegetarian dish: vegetarian pho. It usually uses tofu, mushrooms, vegetables, rice, noodles, or vegetarian broth. It is a useful order when you want a lighter or meat-free option.",vegetarian broth | noodles | tofu or mushrooms | herbs | lime,"Vegetarian dishes are widely available, but strict vegetarians may want to ask whether fish sauce is used. Say “không nước mắm” for no fish sauce.",vegan / no fish sauce | extra vegetables | less oil | less spicy,Cho tôi một tô phở chay.,I’d like one bowl of vegetarian pho.,chaw toy moht toh fuh chai
food-bun-bo-hue-chay,Food,Vegetarian,,,Bún bò Huế chay,Vegetarian Hue-style noodle soup,Bun bo Hue chay,boon baw hway chai,,"Bún bò Huế chay is a vegetarian dish: vegetarian hue-style noodle soup. It usually uses tofu, mushrooms, vegetables, rice, noodles, or vegetarian broth. It is a useful order when you want a lighter or meat-free option.",vegetarian broth | noodles | tofu or mushrooms | herbs | lime,"Vegetarian dishes are widely available, but strict vegetarians may want to ask whether fish sauce is used. Say “không nước mắm” for no fish sauce.",vegan / no fish sauce | extra vegetables | less oil | less spicy,Cho tôi một tô bún bò Huế chay.,I’d like one bowl of vegetarian hue-style noodle soup.,chaw toy moht toh boon baw hway chai
food-bun-rieu-chay,Food,Vegetarian,,,Bún riêu chay,Vegetarian tomato noodle soup,Bun rieu chay,boon ree-ew chai,,"Bún riêu chay is a vegetarian dish: vegetarian tomato noodle soup. It usually uses tofu, mushrooms, vegetables, rice, noodles, or vegetarian broth. It is a useful order when you want a lighter or meat-free option.",vegetarian broth | noodles | tofu or mushrooms | herbs | lime,"Vegetarian dishes are widely available, but strict vegetarians may want to ask whether fish sauce is used. Say “không nước mắm” for no fish sauce.",vegan / no fish sauce | extra vegetables | less oil | less spicy,Cho tôi một tô bún riêu chay.,I’d like one bowl of vegetarian tomato noodle soup.,chaw toy moht toh boon ree-ew chai
food-hu-tieu-chay,Food,Vegetarian,,,Hủ tiếu chay,Vegetarian rice noodle soup,Hu tieu chay,hoo tee-ew chai,,"Hủ tiếu chay is a vegetarian dish: vegetarian rice noodle soup. It usually uses tofu, mushrooms, vegetables, rice, noodles, or vegetarian broth. It is a useful order when you want a lighter or meat-free option.",vegetarian broth | noodles | tofu or mushrooms | herbs | lime,"Vegetarian dishes are widely available, but strict vegetarians may want to ask whether fish sauce is used. Say “không nước mắm” for no fish sauce.",vegan / no fish sauce | extra vegetables | less oil | less spicy,Cho tôi một tô hủ tiếu chay.,I’d like one bowl of vegetarian rice noodle soup.,chaw toy moht toh hoo tee-ew chai
food-com-chay,Food,Vegetarian,,yes,Cơm chay,Vegetarian rice plate,Com chay,kum chai,,"Cơm chay is a vegetarian dish: vegetarian rice plate. It usually uses tofu, mushrooms, vegetables, rice, noodles, or vegetarian broth. It is a useful order when you want a lighter or meat-free option.",rice | tofu or vegetables | mushrooms | soy-based sauce,"Vegetarian dishes are widely available, but strict vegetarians may want to ask whether fish sauce is used. Say “không nước mắm” for no fish sauce.",vegan / no fish sauce | extra vegetables | less oil | less spicy,Cho tôi một phần cơm chay.,I’d like one order of vegetarian rice plate.,chaw toy moht fuhn kum chai
food-com-chien-chay,Food,Vegetarian,,,Cơm chiên chay,Vegetarian fried rice,Com chien chay,kum chee-en chai,,"Cơm chiên chay is a vegetarian dish: vegetarian fried rice. It usually uses tofu, mushrooms, vegetables, rice, noodles, or vegetarian broth. It is a useful order when you want a lighter or meat-free option.",rice | tofu or vegetables | mushrooms | soy-based sauce,"Vegetarian dishes are widely available, but strict vegetarians may want to ask whether fish sauce is used. Say “không nước mắm” for no fish sauce.",vegan / no fish sauce | extra vegetables | less oil | less spicy,Cho tôi một phần cơm chiên chay.,I’d like one order of vegetarian fried rice.,chaw toy moht fuhn kum chee-en chai
food-mi-xao-chay,Food,Vegetarian,,,Mì xào chay,Vegetarian stir-fried noodles,Mi xao chay,mee sow chai,,"Mì xào chay is a vegetarian dish: vegetarian stir-fried noodles. It usually uses tofu, mushrooms, vegetables, rice, noodles, or vegetarian broth. It is a useful order when you want a lighter or meat-free option.",tofu or mushrooms | vegetables | soy-based sauce | herbs,"Vegetarian dishes are widely available, but strict vegetarians may want to ask whether fish sauce is used. Say “không nước mắm” for no fish sauce.",vegan / no fish sauce | extra vegetables | less oil | less spicy,Cho tôi một tô mì xào chay.,I’d like one bowl of vegetarian stir-fried noodles.,chaw toy moht toh mee sow chai
food-goi-cuon-chay,Food,Vegetarian,,,Gỏi cuốn chay,Vegetarian fresh spring rolls,Goi cuon chay,goy kwun chai,,"Gỏi cuốn chay is a vegetarian dish: vegetarian fresh spring rolls. It usually uses tofu, mushrooms, vegetables, rice, noodles, or vegetarian broth. It is a useful order when you want a lighter or meat-free option.",tofu or mushrooms | vegetables | soy-based sauce | herbs,"Vegetarian dishes are widely available, but strict vegetarians may want to ask whether fish sauce is used. Say “không nước mắm” for no fish sauce.",vegan / no fish sauce | extra vegetables | less oil | less spicy,Cho tôi một phần gỏi cuốn chay.,I’d like one order of vegetarian fresh spring rolls.,chaw toy moht fuhn goy kwun chai
food-cha-gio-chay,Food,Vegetarian,,,Chả giò chay,Vegetarian fried spring rolls,Cha gio chay,chah yaw chai,,"Chả giò chay is a vegetarian dish: vegetarian fried spring rolls. It usually uses tofu, mushrooms, vegetables, rice, noodles, or vegetarian broth. It is a useful order when you want a lighter or meat-free option.",tofu or mushrooms | vegetables | soy-based sauce | herbs,"Vegetarian dishes are widely available, but strict vegetarians may want to ask whether fish sauce is used. Say “không nước mắm” for no fish sauce.",vegan / no fish sauce | extra vegetables | less oil | less spicy,Cho tôi một phần chả giò chay.,I’d like one order of vegetarian fried spring rolls.,chaw toy moht fuhn chah yaw chai
food-banh-xeo-chay,Food,Vegetarian,,,Bánh xèo chay,Vegetarian crispy pancake,Banh xeo chay,bahn say-oh chai,,"Bánh xèo chay is a vegetarian dish: vegetarian crispy pancake. It usually uses tofu, mushrooms, vegetables, rice, noodles, or vegetarian broth. It is a useful order when you want a lighter or meat-free option.",tofu or mushrooms | vegetables | soy-based sauce | herbs,"Vegetarian dishes are widely available, but strict vegetarians may want to ask whether fish sauce is used. Say “không nước mắm” for no fish sauce.",vegan / no fish sauce | extra vegetables | less oil | less spicy,Cho tôi một phần bánh xèo chay.,I’d like one order of vegetarian crispy pancake.,chaw toy moht fuhn bahn say-oh chai
food-dau-hu-kho-nam,Food,Vegetarian,,,Đậu hũ kho nấm,Tofu braised with mushrooms,Dau hu kho nam,dow hoo kaw nahm,,"Đậu hũ kho nấm is a vegetarian dish: tofu braised with mushrooms. It usually uses tofu, mushrooms, vegetables, rice, noodles, or vegetarian broth. It is a useful order when you want a lighter or meat-free option.",tofu or mushrooms | vegetables | soy-based sauce | herbs,"Vegetarian dishes are widely available, but strict vegetarians may want to ask whether fish sauce is used. Say “không nước mắm” for no fish sauce.",vegan / no fish sauce | extra vegetables | less oil | less spicy,Cho tôi một phần đậu hũ kho nấm.,I’d like one order of tofu braised with mushrooms.,chaw toy moht fuhn dow hoo kaw nahm
food-dau-hu-chien-sa-ot,Food,Vegetarian,,,Đậu hũ chiên sả ớt,Tofu fried with lemongrass and chili,Dau hu chien sa ot,dow hoo chee-en sah uht,,"Đậu hũ chiên sả ớt is a vegetarian dish: tofu fried with lemongrass and chili. It usually uses tofu, mushrooms, vegetables, rice, noodles, or vegetarian broth. It is a useful order when you want a lighter or meat-free option.",tofu or mushrooms | vegetables | soy-based sauce | herbs,"Vegetarian dishes are widely available, but strict vegetarians may want to ask whether fish sauce is used. Say “không nước mắm” for no fish sauce.",vegan / no fish sauce | extra vegetables | less oil | less spicy,Cho tôi một phần đậu hũ chiên sả ớt.,I’d like one order of tofu fried with lemongrass and chili.,chaw toy moht fuhn dow hoo chee-en sah uht
food-dau-hu-sot-ca-chua,Food,Vegetarian,,,Đậu hũ sốt cà chua,Tofu in tomato sauce,Dau hu sot ca chua,dow hoo sot kah choo-ah,,"Đậu hũ sốt cà chua is a vegetarian dish: tofu in tomato sauce. It usually uses tofu, mushrooms, vegetables, rice, noodles, or vegetarian broth. It is a useful order when you want a lighter or meat-free option.",tofu or mushrooms | vegetables | soy-based sauce | herbs,"Vegetarian dishes are widely available, but strict vegetarians may want to ask whether fish sauce is used. Say “không nước mắm” for no fish sauce.",vegan / no fish sauce | extra vegetables | less oil | less spicy,Cho tôi một phần đậu hũ sốt cà chua.,I’d like one order of tofu in tomato sauce.,chaw toy moht fuhn dow hoo sot kah choo-ah
food-dau-hu-chien-gion,Food,Vegetarian,,,Đậu hũ chiên giòn,Crispy fried tofu,Dau hu chien gion,dow hoo chee-en yawn,,"Đậu hũ chiên giòn is a vegetarian dish: crispy fried tofu. It usually uses tofu, mushrooms, vegetables, rice, noodles, or vegetarian broth. It is a useful order when you want a lighter or meat-free option.",tofu or mushrooms | vegetables | soy-based sauce | herbs,"Vegetarian dishes are widely available, but strict vegetarians may want to ask whether fish sauce is used. Say “không nước mắm” for no fish sauce.",vegan / no fish sauce | extra vegetables | less oil | less spicy,Cho tôi một phần đậu hũ chiên giòn.,I’d like one order of crispy fried tofu.,chaw toy moht fuhn dow hoo chee-en yawn
food-nam-kho-tieu,Food,Vegetarian,,,Nấm kho tiêu,Mushrooms braised with pepper,Nam kho tieu,nahm kaw tee-ew,,"Nấm kho tiêu is a vegetarian dish: mushrooms braised with pepper. It usually uses tofu, mushrooms, vegetables, rice, noodles, or vegetarian broth. It is a useful order when you want a lighter or meat-free option.",tofu or mushrooms | vegetables | soy-based sauce | herbs,"Vegetarian dishes are widely available, but strict vegetarians may want to ask whether fish sauce is used. Say “không nước mắm” for no fish sauce.",vegan / no fish sauce | extra vegetables | less oil | less spicy,Cho tôi một phần nấm kho tiêu.,I’d like one order of mushrooms braised with pepper.,chaw toy moht fuhn nahm kaw tee-ew
food-rau-cu-xao,Food,Vegetarian,,,Rau củ xào,Stir-fried vegetables,Rau cu xao,row koo sow,,"Rau củ xào is a vegetarian dish: stir-fried vegetables. It usually uses tofu, mushrooms, vegetables, rice, noodles, or vegetarian broth. It is a useful order when you want a lighter or meat-free option.",tofu or mushrooms | vegetables | soy-based sauce | herbs,"Vegetarian dishes are widely available, but strict vegetarians may want to ask whether fish sauce is used. Say “không nước mắm” for no fish sauce.",vegan / no fish sauce | extra vegetables | less oil | less spicy,Cho tôi một phần rau củ xào.,I’d like one order of stir-fried vegetables.,chaw toy moht fuhn row koo sow
food-canh-chua-chay,Food,Vegetarian,,,Canh chua chay,Vegetarian sour soup,Canh chua chay,kan choo-ah chai,,"Canh chua chay is a vegetarian dish: vegetarian sour soup. It usually uses tofu, mushrooms, vegetables, rice, noodles, or vegetarian broth. It is a useful order when you want a lighter or meat-free option.",tofu or mushrooms | vegetables | soy-based sauce | herbs,"Vegetarian dishes are widely available, but strict vegetarians may want to ask whether fish sauce is used. Say “không nước mắm” for no fish sauce.",vegan / no fish sauce | extra vegetables | less oil | less spicy,Cho tôi một tô canh chua chay.,I’d like one bowl of vegetarian sour soup.,chaw toy moht toh kan choo-ah chai
food-lau-nam-chay,Food,Vegetarian,,,Lẩu nấm chay,Vegetarian mushroom hot pot,Lau nam chay,low nahm chai,,"Lẩu nấm chay is a vegetarian dish: vegetarian mushroom hot pot. It usually uses tofu, mushrooms, vegetables, rice, noodles, or vegetarian broth. It is a useful order when you want a lighter or meat-free option.",vegetarian broth | mushrooms | vegetables | tofu | noodles,"Vegetarian dishes are widely available, but strict vegetarians may want to ask whether fish sauce is used. Say “không nước mắm” for no fish sauce.",vegan / no fish sauce | extra vegetables | less oil | less spicy,Cho tôi một phần lẩu nấm chay.,I’d like one order of vegetarian mushroom hot pot.,chaw toy moht fuhn low nahm chai
food-ca-tim-nuong-mo-hanh-chay,Food,Vegetarian,,,Cà tím nướng mỡ hành chay,Grilled eggplant with scallion oil,Ca tim nuong mo hanh chay,kah teem noong muh hanh chai,,"Cà tím nướng mỡ hành chay is a vegetarian dish: grilled eggplant with scallion oil. It usually uses tofu, mushrooms, vegetables, rice, noodles, or vegetarian broth. It is a useful order when you want a lighter or meat-free option.",tofu or mushrooms | vegetables | soy-based sauce | herbs,"Vegetarian dishes are widely available, but strict vegetarians may want to ask whether fish sauce is used. Say “không nước mắm” for no fish sauce.",vegan / no fish sauce | extra vegetables | less oil | less spicy,Cho tôi một phần cà tím nướng mỡ hành chay.,I’d like one order of grilled eggplant with scallion oil.,chaw toy moht fuhn kah teem noong muh hanh chai
food-bun-dau-chay,Food,Vegetarian,,,Bún đậu chay,Vegetarian tofu vermicelli platter,Bun dau chay,boon dow chai,,"Bún đậu chay is a vegetarian dish: vegetarian tofu vermicelli platter. It usually uses tofu, mushrooms, vegetables, rice, noodles, or vegetarian broth. It is a useful order when you want a lighter or meat-free option.",vegetarian broth | noodles | tofu or mushrooms | herbs | lime,"Vegetarian dishes are widely available, but strict vegetarians may want to ask whether fish sauce is used. Say “không nước mắm” for no fish sauce.",vegan / no fish sauce | extra vegetables | less oil | less spicy,Cho tôi một phần bún đậu chay.,I’d like one order of vegetarian tofu vermicelli platter.,chaw toy moht fuhn boon dow chai
food-canh-chua-ca,Food,"Soups, hot pots & family-style",,yes,Canh chua cá,Sweet-and-sour fish soup,Canh chua ca,kan choo-ah kah,,"Canh chua cá is a soup, hot pot, or family-style dish: sweet-and-sour fish soup. These dishes are often served in larger portions and may be shared at the table. They are good when you want a warm, communal meal.",light soup broth | fish | herbs | seasoning,Family-style dishes and hot pots are often shared. Ask how many people the portion serves before ordering.,less spicy | more vegetables | extra noodles | share size,Cho tôi một tô canh chua cá.,I’d like one bowl of sweet-and-sour fish soup.,chaw toy moht toh kan choo-ah kah
food-canh-chua-tom,Food,"Soups, hot pots & family-style",,,Canh chua tôm,Sweet-and-sour shrimp soup,Canh chua tom,kan choo-ah tom,,"Canh chua tôm is a soup, hot pot, or family-style dish: sweet-and-sour shrimp soup. These dishes are often served in larger portions and may be shared at the table. They are good when you want a warm, communal meal.",light soup broth | shrimp | herbs | seasoning,Family-style dishes and hot pots are often shared. Ask how many people the portion serves before ordering.,less spicy | more vegetables | extra noodles | share size,Cho tôi một tô canh chua tôm.,I’d like one bowl of sweet-and-sour shrimp soup.,chaw toy moht toh kan choo-ah tom
food-canh-kho-qua-nhoi-thit,Food,"Soups, hot pots & family-style",,,Canh khổ qua nhồi thịt,Bitter melon soup with stuffed pork,Canh kho qua nhoi thit,kan kaw kwah nyoy tit,,"Canh khổ qua nhồi thịt is a soup, hot pot, or family-style dish: bitter melon soup with stuffed pork. These dishes are often served in larger portions and may be shared at the table. They are good when you want a warm, communal meal.",light soup broth | pork | herbs | seasoning,Family-style dishes and hot pots are often shared. Ask how many people the portion serves before ordering.,less spicy | more vegetables | extra noodles | share size,Cho tôi một tô canh khổ qua nhồi thịt.,I’d like one bowl of bitter melon soup with stuffed pork.,chaw toy moht toh kan kaw kwah nyoy tit
food-canh-rau-day-cua-dong,Food,"Soups, hot pots & family-style",,,Canh rau đay cua đồng,Jute leaf soup with field crab,Canh rau day cua dong,kan row day koo-ah dawng,,"Canh rau đay cua đồng is a soup, hot pot, or family-style dish: jute leaf soup with field crab. These dishes are often served in larger portions and may be shared at the table. They are good when you want a warm, communal meal.",light soup broth | crab | herbs | seasoning,Family-style dishes and hot pots are often shared. Ask how many people the portion serves before ordering.,less spicy | more vegetables | extra noodles | share size,Cho tôi một tô canh rau đay cua đồng.,I’d like one bowl of jute leaf soup with field crab.,chaw toy moht toh kan row day koo-ah dawng
food-canh-bau-nau-tom,Food,"Soups, hot pots & family-style",,,Canh bầu nấu tôm,Gourd soup with shrimp,Canh bau nau tom,kan bow now tom,,"Canh bầu nấu tôm is a soup, hot pot, or family-style dish: gourd soup with shrimp. These dishes are often served in larger portions and may be shared at the table. They are good when you want a warm, communal meal.",light soup broth | shrimp | herbs | seasoning,Family-style dishes and hot pots are often shared. Ask how many people the portion serves before ordering.,less spicy | more vegetables | extra noodles | share size,Cho tôi một tô canh bầu nấu tôm.,I’d like one bowl of gourd soup with shrimp.,chaw toy moht toh kan bow now tom
food-canh-cai-thit-bam,Food,"Soups, hot pots & family-style",,,Canh cải thịt bằm,Mustard green soup with minced pork,Canh cai thit bam,kan kai tit bahm,,"Canh cải thịt bằm is a soup, hot pot, or family-style dish: mustard green soup with minced pork. These dishes are often served in larger portions and may be shared at the table. They are good when you want a warm, communal meal.",light soup broth | pork | herbs | seasoning,Family-style dishes and hot pots are often shared. Ask how many people the portion serves before ordering.,less spicy | more vegetables | extra noodles | share size,Cho tôi một tô canh cải thịt bằm.,I’d like one bowl of mustard green soup with minced pork.,chaw toy moht toh kan kai tit bahm
food-canh-bi-dao,Food,"Soups, hot pots & family-style",,,Canh bí đao,Winter melon soup,Canh bi dao,kan bee dow,,"Canh bí đao is a soup, hot pot, or family-style dish: winter melon soup. These dishes are often served in larger portions and may be shared at the table. They are good when you want a warm, communal meal.",light soup broth | vegetables | herbs | seasoning,Family-style dishes and hot pots are often shared. Ask how many people the portion serves before ordering.,less spicy | more vegetables | extra noodles | share size,Cho tôi một tô canh bí đao.,I’d like one bowl of winter melon soup.,chaw toy moht toh kan bee dow
food-sup-mang-cua,Food,"Soups, hot pots & family-style",,,Súp măng cua,Crab and asparagus soup,Sup mang cua,soop mahng koo-ah,,"Súp măng cua is a soup, hot pot, or family-style dish: crab and asparagus soup. These dishes are often served in larger portions and may be shared at the table. They are good when you want a warm, communal meal.",thick soup base | crab | egg or cream | herbs,Family-style dishes and hot pots are often shared. Ask how many people the portion serves before ordering.,less spicy | more vegetables | extra noodles | share size,Cho tôi một tô súp măng cua.,I’d like one bowl of crab and asparagus soup.,chaw toy moht toh soop mahng koo-ah
food-sup-bi-do,Food,"Soups, hot pots & family-style",,,Súp bí đỏ,Pumpkin soup,Sup bi do,soop bee daw,,"Súp bí đỏ is a soup, hot pot, or family-style dish: pumpkin soup. These dishes are often served in larger portions and may be shared at the table. They are good when you want a warm, communal meal.",thick soup base | vegetables | egg or cream | herbs,Family-style dishes and hot pots are often shared. Ask how many people the portion serves before ordering.,less spicy | more vegetables | extra noodles | share size,Cho tôi một tô súp bí đỏ.,I’d like one bowl of pumpkin soup.,chaw toy moht toh soop bee daw
food-lau-thai,Food,"Soups, hot pots & family-style",,yes,Lẩu Thái,Thai-style hot pot,Lau Thai,low tie,,"Lẩu Thái is a soup, hot pot, or family-style dish: thai-style hot pot. These dishes are often served in larger portions and may be shared at the table. They are good when you want a warm, communal meal.",hot pot broth | protein | vegetables | mushrooms | noodles,Family-style dishes and hot pots are often shared. Ask how many people the portion serves before ordering.,less spicy | more vegetables | extra noodles | share size,Cho tôi một nồi lẩu Thái.,I’d like one pot of thai-style hot pot.,chaw toy moht noy low tie
food-lau-mam,Food,"Soups, hot pots & family-style",,,Lẩu mắm,Fermented fish hot pot,Lau mam,low mahm,,"Lẩu mắm is a soup, hot pot, or family-style dish: fermented fish hot pot. These dishes are often served in larger portions and may be shared at the table. They are good when you want a warm, communal meal.",hot pot broth | fish | vegetables | mushrooms | noodles,Family-style dishes and hot pots are often shared. Ask how many people the portion serves before ordering.,less spicy | more vegetables | extra noodles | share size,Cho tôi một nồi lẩu mắm.,I’d like one pot of fermented fish hot pot.,chaw toy moht noy low mahm
food-lau-ca-keo,Food,"Soups, hot pots & family-style",,,Lẩu cá kèo,Mudskipper fish hot pot,Lau ca keo,low kah keh-oh,,"Lẩu cá kèo is a soup, hot pot, or family-style dish: mudskipper fish hot pot. These dishes are often served in larger portions and may be shared at the table. They are good when you want a warm, communal meal.",hot pot broth | fish | vegetables | mushrooms | noodles,Family-style dishes and hot pots are often shared. Ask how many people the portion serves before ordering.,less spicy | more vegetables | extra noodles | share size,Cho tôi một nồi lẩu cá kèo.,I’d like one pot of mudskipper fish hot pot.,chaw toy moht noy low kah keh-oh
food-lau-ca-loc,Food,"Soups, hot pots & family-style",,,Lẩu cá lóc,Snakehead fish hot pot,Lau ca loc,low kah lawk,,"Lẩu cá lóc is a soup, hot pot, or family-style dish: snakehead fish hot pot. These dishes are often served in larger portions and may be shared at the table. They are good when you want a warm, communal meal.",hot pot broth | fish | vegetables | mushrooms | noodles,Family-style dishes and hot pots are often shared. Ask how many people the portion serves before ordering.,less spicy | more vegetables | extra noodles | share size,Cho tôi một nồi lẩu cá lóc.,I’d like one pot of snakehead fish hot pot.,chaw toy moht noy low kah lawk
food-lau-ga-la-e,Food,"Soups, hot pots & family-style",,yes,Lẩu gà lá é,Chicken hot pot with lemon basil,Lau ga la e,low gah lah eh,,"Lẩu gà lá é is a soup, hot pot, or family-style dish: chicken hot pot with lemon basil. These dishes are often served in larger portions and may be shared at the table. They are good when you want a warm, communal meal.",hot pot broth | chicken | vegetables | mushrooms | noodles,Family-style dishes and hot pots are often shared. Ask how many people the portion serves before ordering.,less spicy | more vegetables | extra noodles | share size,Cho tôi một nồi lẩu gà lá é.,I’d like one pot of chicken hot pot with lemon basil.,chaw toy moht noy low gah lah eh
food-lau-cua-dong,Food,"Soups, hot pots & family-style",,,Lẩu cua đồng,Field crab hot pot,Lau cua dong,low koo-ah dawng,,"Lẩu cua đồng is a soup, hot pot, or family-style dish: field crab hot pot. These dishes are often served in larger portions and may be shared at the table. They are good when you want a warm, communal meal.",hot pot broth | crab | vegetables | mushrooms | noodles,Family-style dishes and hot pots are often shared. Ask how many people the portion serves before ordering.,less spicy | more vegetables | extra noodles | share size,Cho tôi một nồi lẩu cua đồng.,I’d like one pot of field crab hot pot.,chaw toy moht noy low koo-ah dawng
food-lau-nam,Food,"Soups, hot pots & family-style",,,Lẩu nấm,Mushroom hot pot,Lau nam,low nahm,,"Lẩu nấm is a soup, hot pot, or family-style dish: mushroom hot pot. These dishes are often served in larger portions and may be shared at the table. They are good when you want a warm, communal meal.",hot pot broth | mushrooms | vegetables | noodles,Family-style dishes and hot pots are often shared. Ask how many people the portion serves before ordering.,less spicy | more vegetables | extra noodles | share size,Cho tôi một nồi lẩu nấm.,I’d like one pot of mushroom hot pot.,chaw toy moht noy low nahm
food-lau-bo,Food,"Soups, hot pots & family-style",,,Lẩu bò,Beef hot pot,Lau bo,low baw,,"Lẩu bò is a soup, hot pot, or family-style dish: beef hot pot. These dishes are often served in larger portions and may be shared at the table. They are good when you want a warm, communal meal.",hot pot broth | beef | vegetables | mushrooms | noodles,Family-style dishes and hot pots are often shared. Ask how many people the portion serves before ordering.,less spicy | more vegetables | extra noodles | share size,Cho tôi một nồi lẩu bò.,I’d like one pot of beef hot pot.,chaw toy moht noy low baw
food-lau-hai-san,Food,"Soups, hot pots & family-style",,yes,Lẩu hải sản,Seafood hot pot,Lau hai san,low high sahn,,"Lẩu hải sản is a soup, hot pot, or family-style dish: seafood hot pot. These dishes are often served in larger portions and may be shared at the table. They are good when you want a warm, communal meal.",hot pot broth | seafood | vegetables | mushrooms | noodles,Family-style dishes and hot pots are often shared. Ask how many people the portion serves before ordering.,less spicy | more vegetables | extra noodles | share size,Cho tôi một nồi lẩu hải sản.,I’d like one pot of seafood hot pot.,chaw toy moht noy low high sahn
food-lau-ca-tam,Food,"Soups, hot pots & family-style",,,Lẩu cá tầm,Sturgeon hot pot,Lau ca tam,low kah tahm,,"Lẩu cá tầm is a soup, hot pot, or family-style dish: sturgeon hot pot. These dishes are often served in larger portions and may be shared at the table. They are good when you want a warm, communal meal.",hot pot broth | fish | vegetables | mushrooms | noodles,Family-style dishes and hot pots are often shared. Ask how many people the portion serves before ordering.,less spicy | more vegetables | extra noodles | share size,Cho tôi một nồi lẩu cá tầm.,I’d like one pot of sturgeon hot pot.,chaw toy moht noy low kah tahm
food-lau-chay,Food,"Soups, hot pots & family-style",,,Lẩu chay,Vegetarian hot pot,Lau chay,low chai,,"Lẩu chay is a soup, hot pot, or family-style dish: vegetarian hot pot. These dishes are often served in larger portions and may be shared at the table. They are good when you want a warm, communal meal.",hot pot broth | vegetables | mushrooms | noodles,Family-style dishes and hot pots are often shared. Ask how many people the portion serves before ordering.,less spicy | more vegetables | extra noodles | share size,Cho tôi một nồi lẩu chay.,I’d like one pot of vegetarian hot pot.,chaw toy moht noy low chai
food-che-ba-mau,Food,Desserts & sweets,,yes,Chè ba màu,Three-color dessert,Che ba mau,cheh bah mow,,"Chè ba màu is a Vietnamese dessert or sweet: three-color dessert. It may be served warm, chilled, or over ice, often with coconut, beans, fruit, jelly, rice, or pastry. It is a nice finish after a meal or a café snack.",sweet soup or pudding | beans or fruit | coconut milk | ice optional,"Vietnamese sweets can be served hot, chilled, or with crushed ice. Many are coconut-based, so ask first if you avoid coconut.",less sweet | more ice | no coconut | takeaway,Cho tôi một ly chè ba màu.,I’d like one cup of three-color dessert.,chaw toy moht lee cheh bah mow
food-che-dau-xanh,Food,Desserts & sweets,,,Chè đậu xanh,Mung bean sweet soup,Che dau xanh,cheh dow sanh,,"Chè đậu xanh is a Vietnamese dessert or sweet: mung bean sweet soup. It may be served warm, chilled, or over ice, often with coconut, beans, fruit, jelly, rice, or pastry. It is a nice finish after a meal or a café snack.",sweet soup or pudding | beans or fruit | coconut milk | ice optional,"Vietnamese sweets can be served hot, chilled, or with crushed ice. Many are coconut-based, so ask first if you avoid coconut.",less sweet | more ice | no coconut | takeaway,Cho tôi một tô chè đậu xanh.,I’d like one bowl of mung bean sweet soup.,chaw toy moht toh cheh dow sanh
food-che-dau-do,Food,Desserts & sweets,,,Chè đậu đỏ,Red bean sweet soup,Che dau do,cheh dow daw,,"Chè đậu đỏ is a Vietnamese dessert or sweet: red bean sweet soup. It may be served warm, chilled, or over ice, often with coconut, beans, fruit, jelly, rice, or pastry. It is a nice finish after a meal or a café snack.",sweet soup or pudding | beans or fruit | coconut milk | ice optional,"Vietnamese sweets can be served hot, chilled, or with crushed ice. Many are coconut-based, so ask first if you avoid coconut.",less sweet | more ice | no coconut | takeaway,Cho tôi một tô chè đậu đỏ.,I’d like one bowl of red bean sweet soup.,chaw toy moht toh cheh dow daw
food-che-dau-den,Food,Desserts & sweets,,,Chè đậu đen,Black bean sweet soup,Che dau den,cheh dow den,,"Chè đậu đen is a Vietnamese dessert or sweet: black bean sweet soup. It may be served warm, chilled, or over ice, often with coconut, beans, fruit, jelly, rice, or pastry. It is a nice finish after a meal or a café snack.",sweet soup or pudding | beans or fruit | coconut milk | ice optional,"Vietnamese sweets can be served hot, chilled, or with crushed ice. Many are coconut-based, so ask first if you avoid coconut.",less sweet | more ice | no coconut | takeaway,Cho tôi một tô chè đậu đen.,I’d like one bowl of black bean sweet soup.,chaw toy moht toh cheh dow den
food-che-bap,Food,Desserts & sweets,,,Chè bắp,Sweet corn pudding,Che bap,cheh bap,,"Chè bắp is a Vietnamese dessert or sweet: sweet corn pudding. It may be served warm, chilled, or over ice, often with coconut, beans, fruit, jelly, rice, or pastry. It is a nice finish after a meal or a café snack.",sweet soup or pudding | beans or fruit | coconut milk | ice optional,"Vietnamese sweets can be served hot, chilled, or with crushed ice. Many are coconut-based, so ask first if you avoid coconut.",less sweet | more ice | no coconut | takeaway,Cho tôi một ly chè bắp.,I’d like one cup of sweet corn pudding.,chaw toy moht lee cheh bap
food-che-chuoi,Food,Desserts & sweets,,yes,Chè chuối,Banana coconut pudding,Che chuoi,cheh choo-ee,,"Chè chuối is a Vietnamese dessert or sweet: banana coconut pudding. It may be served warm, chilled, or over ice, often with coconut, beans, fruit, jelly, rice, or pastry. It is a nice finish after a meal or a café snack.",sweet soup or pudding | beans or fruit | coconut milk | ice optional,"Vietnamese sweets can be served hot, chilled, or with crushed ice. Many are coconut-based, so ask first if you avoid coconut.",less sweet | more ice | no coconut | takeaway,Cho tôi một ly chè chuối.,I’d like one cup of banana coconut pudding.,chaw toy moht lee cheh choo-ee
food-che-thai,Food,Desserts & sweets,,yes,Chè thái,Thai-style fruit dessert,Che thai,cheh tie,,"Chè thái is a Vietnamese dessert or sweet: thai-style fruit dessert. It may be served warm, chilled, or over ice, often with coconut, beans, fruit, jelly, rice, or pastry. It is a nice finish after a meal or a café snack.",sweet soup or pudding | beans or fruit | coconut milk | ice optional,"Vietnamese sweets can be served hot, chilled, or with crushed ice. Many are coconut-based, so ask first if you avoid coconut.",less sweet | more ice | no coconut | takeaway,Cho tôi một ly chè thái.,I’d like one cup of thai-style fruit dessert.,chaw toy moht lee cheh tie
food-che-khuc-bach,Food,Desserts & sweets,,,Chè khúc bạch,Almond panna cotta dessert,Che khuc bach,cheh khook bak,,"Chè khúc bạch is a Vietnamese dessert or sweet: almond panna cotta dessert. It may be served warm, chilled, or over ice, often with coconut, beans, fruit, jelly, rice, or pastry. It is a nice finish after a meal or a café snack.",sweet soup or pudding | beans or fruit | coconut milk | ice optional,"Vietnamese sweets can be served hot, chilled, or with crushed ice. Many are coconut-based, so ask first if you avoid coconut.",less sweet | more ice | no coconut | takeaway,Cho tôi một ly chè khúc bạch.,I’d like one cup of almond panna cotta dessert.,chaw toy moht lee cheh khook bak
food-che-troi-nuoc,Food,Desserts & sweets,,yes,Chè trôi nước,Sticky rice balls in ginger syrup,Che troi nuoc,cheh choy nook,,"Chè trôi nước is a Vietnamese dessert or sweet: sticky rice balls in ginger syrup. It may be served warm, chilled, or over ice, often with coconut, beans, fruit, jelly, rice, or pastry. It is a nice finish after a meal or a café snack.",sweet soup or pudding | beans or fruit | coconut milk | ice optional,"Vietnamese sweets can be served hot, chilled, or with crushed ice. Many are coconut-based, so ask first if you avoid coconut.",less sweet | more ice | no coconut | takeaway,Cho tôi một ly chè trôi nước.,I’d like one cup of sticky rice balls in ginger syrup.,chaw toy moht lee cheh choy nook
food-che-suong-sa-hat-luu,Food,Desserts & sweets,,,Chè sương sa hạt lựu,Jelly and faux pomegranate seed dessert,Che suong sa hat luu,cheh soong sah hat loo-oo,,"Chè sương sa hạt lựu is a Vietnamese dessert or sweet: jelly and faux pomegranate seed dessert. It may be served warm, chilled, or over ice, often with coconut, beans, fruit, jelly, rice, or pastry. It is a nice finish after a meal or a café snack.",sweet soup or pudding | beans or fruit | coconut milk | ice optional,"Vietnamese sweets can be served hot, chilled, or with crushed ice. Many are coconut-based, so ask first if you avoid coconut.",less sweet | more ice | no coconut | takeaway,Cho tôi một ly chè sương sa hạt lựu.,I’d like one cup of jelly and faux pomegranate seed dessert.,chaw toy moht lee cheh soong sah hat loo-oo
food-tau-hu-nuoc-duong,Food,Desserts & sweets,,,Tàu hũ nước đường,Silken tofu with ginger syrup,Tau hu nuoc duong,tow hoo nook duhng,,"Tàu hũ nước đường is a Vietnamese dessert or sweet: silken tofu with ginger syrup. It may be served warm, chilled, or over ice, often with coconut, beans, fruit, jelly, rice, or pastry. It is a nice finish after a meal or a café snack.",rice flour or cake base | coconut or mung bean | sweet filling,"Vietnamese sweets can be served hot, chilled, or with crushed ice. Many are coconut-based, so ask first if you avoid coconut.",less sweet | more ice | no coconut | takeaway,Cho tôi một phần tàu hũ nước đường.,I’d like one order of silken tofu with ginger syrup.,chaw toy moht fuhn tow hoo nook duhng
food-suong-sao,Food,Desserts & sweets,,,Sương sáo,Grass jelly,Suong sao,soong sow,,"Sương sáo is a Vietnamese dessert or sweet: grass jelly. It may be served warm, chilled, or over ice, often with coconut, beans, fruit, jelly, rice, or pastry. It is a nice finish after a meal or a café snack.",sweet base | milk or coconut | ice or chilled serving,"Vietnamese sweets can be served hot, chilled, or with crushed ice. Many are coconut-based, so ask first if you avoid coconut.",less sweet | more ice | no coconut | takeaway,Cho tôi một phần sương sáo.,I’d like one order of grass jelly.,chaw toy moht fuhn soong sow
food-banh-flan,Food,Desserts & sweets,,yes,Bánh flan,Caramel flan,Banh flan,bahn flan,,"Bánh flan is a Vietnamese dessert or sweet: caramel flan. It may be served warm, chilled, or over ice, often with coconut, beans, fruit, jelly, rice, or pastry. It is a nice finish after a meal or a café snack.",sweet base | milk or coconut | ice or chilled serving,"Vietnamese sweets can be served hot, chilled, or with crushed ice. Many are coconut-based, so ask first if you avoid coconut.",less sweet | more ice | no coconut | takeaway,Cho tôi một phần bánh flan.,I’d like one order of caramel flan.,chaw toy moht fuhn bahn flan
food-rau-cau-dua,Food,Desserts & sweets,,,Rau câu dừa,Coconut jelly,Rau cau dua,row cow yoo-uh,,"Rau câu dừa is a Vietnamese dessert or sweet: coconut jelly. It may be served warm, chilled, or over ice, often with coconut, beans, fruit, jelly, rice, or pastry. It is a nice finish after a meal or a café snack.",sweet base | milk or coconut | ice or chilled serving,"Vietnamese sweets can be served hot, chilled, or with crushed ice. Many are coconut-based, so ask first if you avoid coconut.",less sweet | more ice | no coconut | takeaway,Cho tôi một phần rau câu dừa.,I’d like one order of coconut jelly.,chaw toy moht fuhn row cow yoo-uh
food-kem-dua,Food,Desserts & sweets,,,Kem dừa,Coconut ice cream,Kem dua,kem yoo-uh,,"Kem dừa is a Vietnamese dessert or sweet: coconut ice cream. It may be served warm, chilled, or over ice, often with coconut, beans, fruit, jelly, rice, or pastry. It is a nice finish after a meal or a café snack.",sweet base | milk or coconut | ice or chilled serving,"Vietnamese sweets can be served hot, chilled, or with crushed ice. Many are coconut-based, so ask first if you avoid coconut.",less sweet | more ice | no coconut | takeaway,Cho tôi một ly kem dừa.,I’d like one cup of coconut ice cream.,chaw toy moht lee kem yoo-uh
food-banh-da-lon,Food,Desserts & sweets,,,Bánh da lợn,Layered pandan and mung bean cake,Banh da lon,bahn zah luhn,,"Bánh da lợn is a Vietnamese dessert or sweet: layered pandan and mung bean cake. It may be served warm, chilled, or over ice, often with coconut, beans, fruit, jelly, rice, or pastry. It is a nice finish after a meal or a café snack.",rice flour or cake base | coconut or mung bean | sweet filling,"Vietnamese sweets can be served hot, chilled, or with crushed ice. Many are coconut-based, so ask first if you avoid coconut.",less sweet | more ice | no coconut | takeaway,Cho tôi một phần bánh da lợn.,I’d like one order of layered pandan and mung bean cake.,chaw toy moht fuhn bahn zah luhn
food-banh-chuoi-nuong,Food,Desserts & sweets,,,Bánh chuối nướng,Baked banana cake,Banh chuoi nuong,bahn choo-ee noong,,"Bánh chuối nướng is a Vietnamese dessert or sweet: baked banana cake. It may be served warm, chilled, or over ice, often with coconut, beans, fruit, jelly, rice, or pastry. It is a nice finish after a meal or a café snack.",rice flour or cake base | coconut or mung bean | sweet filling,"Vietnamese sweets can be served hot, chilled, or with crushed ice. Many are coconut-based, so ask first if you avoid coconut.",less sweet | more ice | no coconut | takeaway,Cho tôi một phần bánh chuối nướng.,I’d like one order of baked banana cake.,chaw toy moht fuhn bahn choo-ee noong
food-banh-bo,Food,Desserts & sweets,,,Bánh bò,Honeycomb cake,Banh bo,bahn baw,,"Bánh bò is a Vietnamese dessert or sweet: honeycomb cake. It may be served warm, chilled, or over ice, often with coconut, beans, fruit, jelly, rice, or pastry. It is a nice finish after a meal or a café snack.",rice flour or cake base | coconut or mung bean | sweet filling,"Vietnamese sweets can be served hot, chilled, or with crushed ice. Many are coconut-based, so ask first if you avoid coconut.",less sweet | more ice | no coconut | takeaway,Cho tôi một phần bánh bò.,I’d like one order of honeycomb cake.,chaw toy moht fuhn bahn baw
food-banh-cam,Food,Desserts & sweets,,,Bánh cam,Sesame ball,Banh cam,bahn kahm,,"Bánh cam is a Vietnamese dessert or sweet: sesame ball. It may be served warm, chilled, or over ice, often with coconut, beans, fruit, jelly, rice, or pastry. It is a nice finish after a meal or a café snack.",rice flour or cake base | coconut or mung bean | sweet filling,"Vietnamese sweets can be served hot, chilled, or with crushed ice. Many are coconut-based, so ask first if you avoid coconut.",less sweet | more ice | no coconut | takeaway,Cho tôi một phần bánh cam.,I’d like one order of sesame ball.,chaw toy moht fuhn bahn kahm
food-banh-pia,Food,Desserts & sweets,,,Bánh pía,Durian mung bean pastry,Banh pia,bahn pee-ah,,"Bánh pía is a Vietnamese dessert or sweet: durian mung bean pastry. It may be served warm, chilled, or over ice, often with coconut, beans, fruit, jelly, rice, or pastry. It is a nice finish after a meal or a café snack.",rice flour or cake base | coconut or mung bean | sweet filling,"Vietnamese sweets can be served hot, chilled, or with crushed ice. Many are coconut-based, so ask first if you avoid coconut.",less sweet | more ice | no coconut | takeaway,Cho tôi một phần bánh pía.,I’d like one order of durian mung bean pastry.,chaw toy moht fuhn bahn pee-ah
food-chuoi-nep-nuong,Food,Desserts & sweets,,yes,Chuối nếp nướng,Grilled banana with sticky rice,Chuoi nep nuong,choo-ee nep noong,,"Chuối nếp nướng is a Vietnamese dessert or sweet: grilled banana with sticky rice. It may be served warm, chilled, or over ice, often with coconut, beans, fruit, jelly, rice, or pastry. It is a nice finish after a meal or a café snack.",rice flour or cake base | coconut or mung bean | sweet filling,"Vietnamese sweets can be served hot, chilled, or with crushed ice. Many are coconut-based, so ask first if you avoid coconut.",less sweet | more ice | no coconut | takeaway,Cho tôi một phần chuối nếp nướng.,I’d like one order of grilled banana with sticky rice.,chaw toy moht fuhn choo-ee nep noong
food-banh-com,Food,Desserts & sweets,,,Bánh cốm,Green rice flakes cake,Banh com,bahn kohm,,"Bánh cốm is a Vietnamese dessert or sweet: green rice flakes cake. It may be served warm, chilled, or over ice, often with coconut, beans, fruit, jelly, rice, or pastry. It is a nice finish after a meal or a café snack.",rice flour or cake base | coconut or mung bean | sweet filling,"Vietnamese sweets can be served hot, chilled, or with crushed ice. Many are coconut-based, so ask first if you avoid coconut.",less sweet | more ice | no coconut | takeaway,Cho tôi một phần bánh cốm.,I’d like one order of green rice flakes cake.,chaw toy moht fuhn bahn kohm
food-banh-phu-the,Food,Desserts & sweets,,,Bánh phu thê,Husband-and-wife cake,Banh phu the,bahn foo tay,,"Bánh phu thê is a Vietnamese dessert or sweet: husband-and-wife cake. It may be served warm, chilled, or over ice, often with coconut, beans, fruit, jelly, rice, or pastry. It is a nice finish after a meal or a café snack.",rice flour or cake base | coconut or mung bean | sweet filling,"Vietnamese sweets can be served hot, chilled, or with crushed ice. Many are coconut-based, so ask first if you avoid coconut.",less sweet | more ice | no coconut | takeaway,Cho tôi một phần bánh phu thê.,I’d like one order of husband-and-wife cake.,chaw toy moht fuhn bahn foo tay
food-sua-chua-nep-cam,Food,Desserts & sweets,,,Sữa chua nếp cẩm,Yogurt with black sticky rice,Sua chua nep cam,soo-uh choo-ah nep kahm,,"Sữa chua nếp cẩm is a Vietnamese dessert or sweet: yogurt with black sticky rice. It may be served warm, chilled, or over ice, often with coconut, beans, fruit, jelly, rice, or pastry. It is a nice finish after a meal or a café snack.",sweet base | milk or coconut | ice or chilled serving,"Vietnamese sweets can be served hot, chilled, or with crushed ice. Many are coconut-based, so ask first if you avoid coconut.",less sweet | more ice | no coconut | takeaway,Cho tôi một ly sữa chua nếp cẩm.,I’d like one cup of yogurt with black sticky rice.,chaw toy moht lee soo-uh choo-ah nep kahm
food-trai-cay-dia,Food,Desserts & sweets,,,Trái cây dĩa,Mixed fruit plate,Trai cay dia,chai kay yee-ah,,"Trái cây dĩa is a Vietnamese dessert or sweet: mixed fruit plate. It may be served warm, chilled, or over ice, often with coconut, beans, fruit, jelly, rice, or pastry. It is a nice finish after a meal or a café snack.",fresh fruit | ice optional | syrup or yogurt optional,"Vietnamese sweets can be served hot, chilled, or with crushed ice. Many are coconut-based, so ask first if you avoid coconut.",less sweet | more ice | no coconut | takeaway,Cho tôi một phần trái cây dĩa.,I’d like one order of mixed fruit plate.,chaw toy moht fuhn chai kay yee-ah
food-kem-bo,Food,Desserts & sweets,,,Kem bơ,Avocado ice cream,Kem bo,kem buh,,"Kem bơ is a Vietnamese dessert or sweet: avocado ice cream. It may be served warm, chilled, or over ice, often with coconut, beans, fruit, jelly, rice, or pastry. It is a nice finish after a meal or a café snack.",sweet base | milk or coconut | ice or chilled serving,"Vietnamese sweets can be served hot, chilled, or with crushed ice. Many are coconut-based, so ask first if you avoid coconut.",less sweet | more ice | no coconut | takeaway,Cho tôi một ly kem bơ.,I’d like one cup of avocado ice cream.,chaw toy moht lee kem buh
drink-ca-phe-sua-da,Drink,Coffee,,yes,Cà phê sữa đá,Vietnamese iced milk coffee,Ca phe sua da,kah fay soo-uh dah,,"Cà phê sữa đá is Vietnam’s most iconic coffee. Strong robusta coffee is brewed with a phin filter and mixed with sweetened condensed milk, then poured over ice for a bold and creamy pick-me-up.",robusta coffee | milk or condensed milk | ice | phin filter,"Vietnamese coffee is often stronger and sweeter than many travelers expect. Ask for less sweet, more ice, or a black version if preferred.",less sweet | more ice | hot version | black coffee,Cho tôi một ly cà phê sữa đá.,I’d like one glass of vietnamese iced milk coffee.,chaw toy moht lee kah fay soo-uh dah
drink-ca-phe-den-da,Drink,Coffee,,yes,Cà phê đen đá,Vietnamese iced black coffee,Ca phe den da,kah fay den dah,,"Cà phê đen đá is a Vietnamese coffee drink: vietnamese iced black coffee. Vietnamese coffee is often bold and aromatic, with a strong flavor that can be served hot, iced, sweet, or creamy depending on the style.",robusta coffee | ice | phin filter,"Vietnamese coffee is often stronger and sweeter than many travelers expect. Ask for less sweet, more ice, or a black version if preferred.",less sweet | more ice | hot version | black coffee,Cho tôi một ly cà phê đen đá.,I’d like one glass of vietnamese iced black coffee.,chaw toy moht lee kah fay den dah
drink-ca-phe-sua-nong,Drink,Coffee,,,Cà phê sữa nóng,Hot Vietnamese milk coffee,Ca phe sua nong,kah fay soo-uh nawng,,"Cà phê sữa nóng is a Vietnamese coffee drink: hot vietnamese milk coffee. Vietnamese coffee is often bold and aromatic, with a strong flavor that can be served hot, iced, sweet, or creamy depending on the style.",robusta coffee | milk or condensed milk | phin filter,"Vietnamese coffee is often stronger and sweeter than many travelers expect. Ask for less sweet, more ice, or a black version if preferred.",less sweet | more ice | hot version | black coffee,Cho tôi một ly cà phê sữa nóng.,I’d like one glass of hot vietnamese milk coffee.,chaw toy moht lee kah fay soo-uh nawng
drink-ca-phe-den-nong,Drink,Coffee,,,Cà phê đen nóng,Hot black coffee,Ca phe den nong,kah fay den nawng,,"Cà phê đen nóng is a Vietnamese coffee drink: hot black coffee. Vietnamese coffee is often bold and aromatic, with a strong flavor that can be served hot, iced, sweet, or creamy depending on the style.",robusta coffee | phin filter,"Vietnamese coffee is often stronger and sweeter than many travelers expect. Ask for less sweet, more ice, or a black version if preferred.",less sweet | more ice | hot version | black coffee,Cho tôi một ly cà phê đen nóng.,I’d like one glass of hot black coffee.,chaw toy moht lee kah fay den nawng
drink-bac-xiu,Drink,Coffee,,yes,Bạc xỉu,Light milk coffee,Bac xiu,bak see-ew,,"Bạc xỉu is a Vietnamese coffee drink: light milk coffee. Vietnamese coffee is often bold and aromatic, with a strong flavor that can be served hot, iced, sweet, or creamy depending on the style.",robusta coffee | milk or condensed milk | phin filter,"Vietnamese coffee is often stronger and sweeter than many travelers expect. Ask for less sweet, more ice, or a black version if preferred.",less sweet | more ice | hot version | black coffee,Cho tôi một ly bạc xỉu.,I’d like one glass of light milk coffee.,chaw toy moht lee bak see-ew
drink-ca-phe-trung,Drink,Coffee,,yes,Cà phê trứng,Egg coffee,Ca phe trung,kah fay choong,,"Cà phê trứng is a Vietnamese coffee drink: egg coffee. Vietnamese coffee is often bold and aromatic, with a strong flavor that can be served hot, iced, sweet, or creamy depending on the style.",robusta coffee | egg cream | phin filter,"Vietnamese coffee is often stronger and sweeter than many travelers expect. Ask for less sweet, more ice, or a black version if preferred.",less sweet | more ice | hot version | black coffee,Cho tôi một ly cà phê trứng.,I’d like one glass of egg coffee.,chaw toy moht lee kah fay choong
drink-ca-phe-cot-dua,Drink,Coffee,,yes,Cà phê cốt dừa,Coconut coffee,Ca phe cot dua,kah fay koht yoo-uh,,"Cà phê cốt dừa is a Vietnamese coffee drink: coconut coffee. Vietnamese coffee is often bold and aromatic, with a strong flavor that can be served hot, iced, sweet, or creamy depending on the style.",robusta coffee | coconut | phin filter,"Vietnamese coffee is often stronger and sweeter than many travelers expect. Ask for less sweet, more ice, or a black version if preferred.",less sweet | more ice | hot version | black coffee,Cho tôi một ly cà phê cốt dừa.,I’d like one glass of coconut coffee.,chaw toy moht lee kah fay koht yoo-uh
drink-ca-phe-muoi,Drink,Coffee,,yes,Cà phê muối,Salt coffee,Ca phe muoi,kah fay moo-ee,,"Cà phê muối is a Vietnamese coffee drink: salt coffee. Vietnamese coffee is often bold and aromatic, with a strong flavor that can be served hot, iced, sweet, or creamy depending on the style.",robusta coffee | salted cream | phin filter,"Vietnamese coffee is often stronger and sweeter than many travelers expect. Ask for less sweet, more ice, or a black version if preferred.",less sweet | more ice | hot version | black coffee,Cho tôi một ly cà phê muối.,I’d like one glass of salt coffee.,chaw toy moht lee kah fay moo-ee
drink-ca-phe-phin,Drink,Coffee,,,Cà phê phin,Vietnamese drip coffee,Ca phe phin,kah fay fin,,"Cà phê phin is a Vietnamese coffee drink: vietnamese drip coffee. Vietnamese coffee is often bold and aromatic, with a strong flavor that can be served hot, iced, sweet, or creamy depending on the style.",robusta coffee | phin filter,"Vietnamese coffee is often stronger and sweeter than many travelers expect. Ask for less sweet, more ice, or a black version if preferred.",less sweet | more ice | hot version | black coffee,Cho tôi một ly cà phê phin.,I’d like one glass of vietnamese drip coffee.,chaw toy moht lee kah fay fin
drink-ca-phe-sua-tuoi,Drink,Coffee,,,Cà phê sữa tươi,Coffee with fresh milk,Ca phe sua tuoi,kah fay soo-uh too-ee,,"Cà phê sữa tươi is a Vietnamese coffee drink: coffee with fresh milk. Vietnamese coffee is often bold and aromatic, with a strong flavor that can be served hot, iced, sweet, or creamy depending on the style.",robusta coffee | milk or condensed milk | phin filter,"Vietnamese coffee is often stronger and sweeter than many travelers expect. Ask for less sweet, more ice, or a black version if preferred.",less sweet | more ice | hot version | black coffee,Cho tôi một ly cà phê sữa tươi.,I’d like one glass of coffee with fresh milk.,chaw toy moht lee kah fay soo-uh too-ee
drink-ca-phe-da-xay,Drink,Coffee,,,Cà phê đá xay,Blended iced coffee,Ca phe da xay,kah fay dah sai,,"Cà phê đá xay is a Vietnamese coffee drink: blended iced coffee. Vietnamese coffee is often bold and aromatic, with a strong flavor that can be served hot, iced, sweet, or creamy depending on the style.",robusta coffee | ice | phin filter,"Vietnamese coffee is often stronger and sweeter than many travelers expect. Ask for less sweet, more ice, or a black version if preferred.",less sweet | more ice | hot version | black coffee,Cho tôi một ly cà phê đá xay.,I’d like one glass of blended iced coffee.,chaw toy moht lee kah fay dah sai
drink-ca-phe-latte,Drink,Coffee,,,Cà phê latte,Latte,Ca phe latte,kah fay lah-tay,,"Cà phê latte is a Vietnamese coffee drink: latte. Vietnamese coffee is often bold and aromatic, with a strong flavor that can be served hot, iced, sweet, or creamy depending on the style.",robusta coffee | milk or condensed milk | phin filter,"Vietnamese coffee is often stronger and sweeter than many travelers expect. Ask for less sweet, more ice, or a black version if preferred.",less sweet | more ice | hot version | black coffee,Cho tôi một ly cà phê latte.,I’d like one glass of latte.,chaw toy moht lee kah fay lah-tay
drink-ca-phe-espresso,Drink,Coffee,,,Cà phê espresso,Espresso,Ca phe espresso,kah fay ess-press-oh,,"Cà phê espresso is a Vietnamese coffee drink: espresso. Vietnamese coffee is often bold and aromatic, with a strong flavor that can be served hot, iced, sweet, or creamy depending on the style.",robusta coffee | phin filter,"Vietnamese coffee is often stronger and sweeter than many travelers expect. Ask for less sweet, more ice, or a black version if preferred.",less sweet | more ice | hot version | black coffee,Cho tôi một ly cà phê espresso.,I’d like one glass of espresso.,chaw toy moht lee kah fay ess-press-oh
drink-ca-phe-mocha,Drink,Coffee,,,Cà phê mocha,Mocha coffee,Ca phe mocha,kah fay moh-kah,,"Cà phê mocha is a Vietnamese coffee drink: mocha coffee. Vietnamese coffee is often bold and aromatic, with a strong flavor that can be served hot, iced, sweet, or creamy depending on the style.",robusta coffee | milk or condensed milk | phin filter,"Vietnamese coffee is often stronger and sweeter than many travelers expect. Ask for less sweet, more ice, or a black version if preferred.",less sweet | more ice | hot version | black coffee,Cho tôi một ly cà phê mocha.,I’d like one glass of mocha coffee.,chaw toy moht lee kah fay moh-kah
drink-tra-da,Drink,Tea,,yes,Trà đá,Iced tea,Tra da,chah dah,,"Trà đá is a tea drink: iced tea. It may be served plain, sweetened, hot, or over ice, making it an easy everyday drink to order in cafés and restaurants.",tea | ice | sugar,"Tea may be plain, sweetened, fruity, or milky depending on the shop. Ask for less sugar or no ice if you have a preference.",less sweet | more ice | no ice | hot version,Cho tôi một ly trà đá.,I’d like one glass of iced tea.,chaw toy moht lee chah dah
drink-tra-nong,Drink,Tea,,,Trà nóng,Hot tea,Tra nong,chah nawng,,"Trà nóng is a tea drink: hot tea. It may be served plain, sweetened, hot, or over ice, making it an easy everyday drink to order in cafés and restaurants.",tea,"Tea may be plain, sweetened, fruity, or milky depending on the shop. Ask for less sugar or no ice if you have a preference.",less sweet | more ice | no ice | hot version,Cho tôi một ly trà nóng.,I’d like one glass of hot tea.,chaw toy moht lee chah nawng
drink-tra-xanh,Drink,Tea,,,Trà xanh,Green tea,Tra xanh,chah sanh,,"Trà xanh is a tea drink: green tea. It may be served plain, sweetened, hot, or over ice, making it an easy everyday drink to order in cafés and restaurants.",tea | sugar,"Tea may be plain, sweetened, fruity, or milky depending on the shop. Ask for less sugar or no ice if you have a preference.",less sweet | more ice | no ice | hot version,Cho tôi một ly trà xanh.,I’d like one glass of green tea.,chaw toy moht lee chah sanh
drink-tra-sen,Drink,Tea,,,Trà sen,Lotus tea,Tra sen,chah sen,,"Trà sen is a tea drink: lotus tea. It may be served plain, sweetened, hot, or over ice, making it an easy everyday drink to order in cafés and restaurants.",tea | sugar,"Tea may be plain, sweetened, fruity, or milky depending on the shop. Ask for less sugar or no ice if you have a preference.",less sweet | more ice | no ice | hot version,Cho tôi một ly trà sen.,I’d like one glass of lotus tea.,chaw toy moht lee chah sen
drink-tra-lai,Drink,Tea,,,Trà lài,Jasmine tea,Tra lai,chah lie,,"Trà lài is a tea drink: jasmine tea. It may be served plain, sweetened, hot, or over ice, making it an easy everyday drink to order in cafés and restaurants.",tea | sugar,"Tea may be plain, sweetened, fruity, or milky depending on the shop. Ask for less sugar or no ice if you have a preference.",less sweet | more ice | no ice | hot version,Cho tôi một ly trà lài.,I’d like one glass of jasmine tea.,chaw toy moht lee chah lie
drink-tra-gung,Drink,Tea,,,Trà gừng,Ginger tea,Tra gung,chah goong,,"Trà gừng is a tea drink: ginger tea. It may be served plain, sweetened, hot, or over ice, making it an easy everyday drink to order in cafés and restaurants.",tea | sugar,"Tea may be plain, sweetened, fruity, or milky depending on the shop. Ask for less sugar or no ice if you have a preference.",less sweet | more ice | no ice | hot version,Cho tôi một ly trà gừng.,I’d like one glass of ginger tea.,chaw toy moht lee chah goong
drink-tra-tac,Drink,Tea,,yes,Trà tắc,Kumquat iced tea,Tra tac,chah tak,,"Trà tắc is a tea drink: kumquat iced tea. It may be served plain, sweetened, hot, or over ice, making it an easy everyday drink to order in cafés and restaurants.",tea | ice | sugar,"Tea may be plain, sweetened, fruity, or milky depending on the shop. Ask for less sugar or no ice if you have a preference.",less sweet | more ice | no ice | hot version,Cho tôi một ly trà tắc.,I’d like one glass of kumquat iced tea.,chaw toy moht lee chah tak
drink-tra-chanh,Drink,Tea,,yes,Trà chanh,Lemon tea,Tra chanh,chah chan,,"Trà chanh is a tea drink: lemon tea. It may be served plain, sweetened, hot, or over ice, making it an easy everyday drink to order in cafés and restaurants.",tea | lime | ice | sugar,"Tea may be plain, sweetened, fruity, or milky depending on the shop. Ask for less sugar or no ice if you have a preference.",less sweet | more ice | no ice | hot version,Cho tôi một ly trà chanh.,I’d like one glass of lemon tea.,chaw toy moht lee chah chan
drink-tra-dao,Drink,Tea,,yes,Trà đào,Peach tea,Tra dao,chah dow,,"Trà đào is a tea drink: peach tea. It may be served plain, sweetened, hot, or over ice, making it an easy everyday drink to order in cafés and restaurants.",tea | peach | ice | sugar,"Tea may be plain, sweetened, fruity, or milky depending on the shop. Ask for less sugar or no ice if you have a preference.",less sweet | more ice | no ice | hot version,Cho tôi một ly trà đào.,I’d like one glass of peach tea.,chaw toy moht lee chah dow
drink-tra-vai,Drink,Tea,,,Trà vải,Lychee tea,Tra vai,chah vai,,"Trà vải is a tea drink: lychee tea. It may be served plain, sweetened, hot, or over ice, making it an easy everyday drink to order in cafés and restaurants.",tea | ice | sugar,"Tea may be plain, sweetened, fruity, or milky depending on the shop. Ask for less sugar or no ice if you have a preference.",less sweet | more ice | no ice | hot version,Cho tôi một ly trà vải.,I’d like one glass of lychee tea.,chaw toy moht lee chah vai
drink-tra-sua,Drink,Tea,,yes,Trà sữa,Milk tea,Tra sua,chah soo-uh,,"Trà sữa is a tea drink: milk tea. It may be served plain, sweetened, hot, or over ice, making it an easy everyday drink to order in cafés and restaurants.",tea | milk | sugar,"Tea may be plain, sweetened, fruity, or milky depending on the shop. Ask for less sugar or no ice if you have a preference.",less sweet | more ice | no ice | hot version,Cho tôi một ly trà sữa.,I’d like one glass of milk tea.,chaw toy moht lee chah soo-uh
drink-tra-sua-tran-chau,Drink,Tea,,yes,Trà sữa trân châu,Bubble milk tea,Tra sua tran chau,chah soo-uh chan chow,,"Trà sữa trân châu is a tea drink: bubble milk tea. It may be served plain, sweetened, hot, or over ice, making it an easy everyday drink to order in cafés and restaurants.",tea | milk | tapioca pearls | sugar,"Tea may be plain, sweetened, fruity, or milky depending on the shop. Ask for less sugar or no ice if you have a preference.",less sweet | more ice | no ice | hot version,Cho tôi một ly trà sữa trân châu.,I’d like one glass of bubble milk tea.,chaw toy moht lee chah soo-uh chan chow
drink-tra-o-long,Drink,Tea,,,Trà ô long,Oolong tea,Tra o long,chah oh lawng,,"Trà ô long is a tea drink: oolong tea. It may be served plain, sweetened, hot, or over ice, making it an easy everyday drink to order in cafés and restaurants.",tea | sugar,"Tea may be plain, sweetened, fruity, or milky depending on the shop. Ask for less sugar or no ice if you have a preference.",less sweet | more ice | no ice | hot version,Cho tôi một ly trà ô long.,I’d like one glass of oolong tea.,chaw toy moht lee chah oh lawng
drink-tra-atiso,Drink,Tea,,,Trà atiso,Artichoke tea,Tra atiso,chah ah-tee-soh,,"Trà atiso is a tea drink: artichoke tea. It may be served plain, sweetened, hot, or over ice, making it an easy everyday drink to order in cafés and restaurants.",tea | sugar,"Tea may be plain, sweetened, fruity, or milky depending on the shop. Ask for less sugar or no ice if you have a preference.",less sweet | more ice | no ice | hot version,Cho tôi một ly trà atiso.,I’d like one glass of artichoke tea.,chaw toy moht lee chah ah-tee-soh
drink-tra-bi-dao,Drink,Tea,,,Trà bí đao,Winter melon tea,Tra bi dao,chah bee dow,,"Trà bí đao is a tea drink: winter melon tea. It may be served plain, sweetened, hot, or over ice, making it an easy everyday drink to order in cafés and restaurants.",tea | ice | sugar,"Tea may be plain, sweetened, fruity, or milky depending on the shop. Ask for less sugar or no ice if you have a preference.",less sweet | more ice | no ice | hot version,Cho tôi một ly trà bí đao.,I’d like one glass of winter melon tea.,chaw toy moht lee chah bee dow
drink-tra-hoa-cuc,Drink,Tea,,,Trà hoa cúc,Chrysanthemum tea,Tra hoa cuc,chah hwah kook,,"Trà hoa cúc is a tea drink: chrysanthemum tea. It may be served plain, sweetened, hot, or over ice, making it an easy everyday drink to order in cafés and restaurants.",tea | sugar,"Tea may be plain, sweetened, fruity, or milky depending on the shop. Ask for less sugar or no ice if you have a preference.",less sweet | more ice | no ice | hot version,Cho tôi một ly trà hoa cúc.,I’d like one glass of chrysanthemum tea.,chaw toy moht lee chah hwah kook
drink-sinh-to-bo,Drink,Smoothies,,yes,Sinh tố bơ,Avocado smoothie,Sinh to bo,sing toh buh,,"Sinh tố bơ is a blended fruit drink: avocado smoothie. It is usually cold, creamy, and refreshing, often made with fruit, ice, and a little milk or sweetener.",avocado | ice | milk or condensed milk | sugar,Smoothies may include condensed milk or sugar. Ask for less sweet if you want the fruit flavor to be lighter and fresher.,less sweet | no condensed milk | more ice | no ice,Cho tôi một ly sinh tố bơ.,I’d like one glass of avocado smoothie.,chaw toy moht lee sing toh buh
drink-sinh-to-xoai,Drink,Smoothies,,yes,Sinh tố xoài,Mango smoothie,Sinh to xoai,sing toh swai,,"Sinh tố xoài is a blended fruit drink: mango smoothie. It is usually cold, creamy, and refreshing, often made with fruit, ice, and a little milk or sweetener.",mango | ice | milk or condensed milk | sugar,Smoothies may include condensed milk or sugar. Ask for less sweet if you want the fruit flavor to be lighter and fresher.,less sweet | no condensed milk | more ice | no ice,Cho tôi một ly sinh tố xoài.,I’d like one glass of mango smoothie.,chaw toy moht lee sing toh swai
drink-sinh-to-dau,Drink,Smoothies,,,Sinh tố dâu,Strawberry smoothie,Sinh to dau,sing toh zow,,"Sinh tố dâu is a blended fruit drink: strawberry smoothie. It is usually cold, creamy, and refreshing, often made with fruit, ice, and a little milk or sweetener.",strawberry | ice | milk or condensed milk | sugar,Smoothies may include condensed milk or sugar. Ask for less sweet if you want the fruit flavor to be lighter and fresher.,less sweet | no condensed milk | more ice | no ice,Cho tôi một ly sinh tố dâu.,I’d like one glass of strawberry smoothie.,chaw toy moht lee sing toh zow
drink-sinh-to-chuoi,Drink,Smoothies,,,Sinh tố chuối,Banana smoothie,Sinh to chuoi,sing toh choo-ee,,"Sinh tố chuối is a blended fruit drink: banana smoothie. It is usually cold, creamy, and refreshing, often made with fruit, ice, and a little milk or sweetener.",banana | ice | milk or condensed milk | sugar,Smoothies may include condensed milk or sugar. Ask for less sweet if you want the fruit flavor to be lighter and fresher.,less sweet | no condensed milk | more ice | no ice,Cho tôi một ly sinh tố chuối.,I’d like one glass of banana smoothie.,chaw toy moht lee sing toh choo-ee
drink-sinh-to-mang-cau,Drink,Smoothies,,yes,Sinh tố mãng cầu,Soursop smoothie,Sinh to mang cau,sing toh mahng kow,,"Sinh tố mãng cầu is a blended fruit drink: soursop smoothie. It is usually cold, creamy, and refreshing, often made with fruit, ice, and a little milk or sweetener.",soursop | ice | milk or condensed milk | sugar,Smoothies may include condensed milk or sugar. Ask for less sweet if you want the fruit flavor to be lighter and fresher.,less sweet | no condensed milk | more ice | no ice,Cho tôi một ly sinh tố mãng cầu.,I’d like one glass of soursop smoothie.,chaw toy moht lee sing toh mahng kow
drink-sinh-to-dua,Drink,Smoothies,,,Sinh tố dừa,Coconut smoothie,Sinh to dua,sing toh yoo-uh,,"Sinh tố dừa is a blended fruit drink: coconut smoothie. It is usually cold, creamy, and refreshing, often made with fruit, ice, and a little milk or sweetener.",coconut | ice | milk or condensed milk | sugar,Smoothies may include condensed milk or sugar. Ask for less sweet if you want the fruit flavor to be lighter and fresher.,less sweet | no condensed milk | more ice | no ice,Cho tôi một ly sinh tố dừa.,I’d like one glass of coconut smoothie.,chaw toy moht lee sing toh yoo-uh
drink-sinh-to-sapoche,Drink,Smoothies,,,Sinh tố sapôchê,Sapodilla smoothie,Sinh to sapoche,sing toh sah-poh-chay,,"Sinh tố sapôchê is a blended fruit drink: sapodilla smoothie. It is usually cold, creamy, and refreshing, often made with fruit, ice, and a little milk or sweetener.",sapodilla | ice | milk or condensed milk | sugar,Smoothies may include condensed milk or sugar. Ask for less sweet if you want the fruit flavor to be lighter and fresher.,less sweet | no condensed milk | more ice | no ice,Cho tôi một ly sinh tố sapôchê.,I’d like one glass of sapodilla smoothie.,chaw toy moht lee sing toh sah-poh-chay
drink-sinh-to-thanh-long,Drink,Smoothies,,,Sinh tố thanh long,Dragon fruit smoothie,Sinh to thanh long,sing toh tanh lawng,,"Sinh tố thanh long is a blended fruit drink: dragon fruit smoothie. It is usually cold, creamy, and refreshing, often made with fruit, ice, and a little milk or sweetener.",dragon fruit | ice | milk or condensed milk | sugar,Smoothies may include condensed milk or sugar. Ask for less sweet if you want the fruit flavor to be lighter and fresher.,less sweet | no condensed milk | more ice | no ice,Cho tôi một ly sinh tố thanh long.,I’d like one glass of dragon fruit smoothie.,chaw toy moht lee sing toh tanh lawng
drink-sinh-to-chanh-day,Drink,Smoothies,,,Sinh tố chanh dây,Passion fruit smoothie,Sinh to chanh day,sing toh chan zay,,"Sinh tố chanh dây is a blended fruit drink: passion fruit smoothie. It is usually cold, creamy, and refreshing, often made with fruit, ice, and a little milk or sweetener.",passion fruit | lime | ice | milk or condensed milk | sugar,Smoothies may include condensed milk or sugar. Ask for less sweet if you want the fruit flavor to be lighter and fresher.,less sweet | no condensed milk | more ice | no ice,Cho tôi một ly sinh tố chanh dây.,I’d like one glass of passion fruit smoothie.,chaw toy moht lee sing toh chan zay
drink-sinh-to-dua-hau,Drink,Smoothies,,,Sinh tố dưa hấu,Watermelon smoothie,Sinh to dua hau,sing toh yoo-uh how,,"Sinh tố dưa hấu is a blended fruit drink: watermelon smoothie. It is usually cold, creamy, and refreshing, often made with fruit, ice, and a little milk or sweetener.",watermelon | ice | milk or condensed milk | sugar,Smoothies may include condensed milk or sugar. Ask for less sweet if you want the fruit flavor to be lighter and fresher.,cold | no ice | with ice | large bottle,Cho tôi một ly sinh tố dưa hấu.,I’d like one glass of watermelon smoothie.,chaw toy moht lee sing toh yoo-uh how
drink-sinh-to-mit,Drink,Smoothies,,,Sinh tố mít,Jackfruit smoothie,Sinh to mit,sing toh meet,,"Sinh tố mít is a blended fruit drink: jackfruit smoothie. It is usually cold, creamy, and refreshing, often made with fruit, ice, and a little milk or sweetener.",jackfruit | ice | milk or condensed milk | sugar,Smoothies may include condensed milk or sugar. Ask for less sweet if you want the fruit flavor to be lighter and fresher.,less sweet | no condensed milk | more ice | no ice,Cho tôi một ly sinh tố mít.,I’d like one glass of jackfruit smoothie.,chaw toy moht lee sing toh meet
drink-sinh-to-du-du,Drink,Smoothies,,,Sinh tố đu đủ,Papaya smoothie,Sinh to du du,sing toh doo doo,,"Sinh tố đu đủ is a blended fruit drink: papaya smoothie. It is usually cold, creamy, and refreshing, often made with fruit, ice, and a little milk or sweetener.",papaya | ice | milk or condensed milk | sugar,Smoothies may include condensed milk or sugar. Ask for less sweet if you want the fruit flavor to be lighter and fresher.,less sweet | no condensed milk | more ice | no ice,Cho tôi một ly sinh tố đu đủ.,I’d like one glass of papaya smoothie.,chaw toy moht lee sing toh doo doo
drink-sinh-to-trai-cay,Drink,Smoothies,,,Sinh tố trái cây,Mixed fruit smoothie,Sinh to trai cay,sing toh chai kay,,"Sinh tố trái cây is a blended fruit drink: mixed fruit smoothie. It is usually cold, creamy, and refreshing, often made with fruit, ice, and a little milk or sweetener.",fruit | ice | milk or condensed milk | sugar,Smoothies may include condensed milk or sugar. Ask for less sweet if you want the fruit flavor to be lighter and fresher.,less sweet | no condensed milk | more ice | no ice,Cho tôi một ly sinh tố trái cây.,I’d like one glass of mixed fruit smoothie.,chaw toy moht lee sing toh chai kay
drink-sinh-to-rau-ma,Drink,Smoothies,,,Sinh tố rau má,Pennywort smoothie,Sinh to rau ma,sing toh row mah,,"Sinh tố rau má is a blended fruit drink: pennywort smoothie. It is usually cold, creamy, and refreshing, often made with fruit, ice, and a little milk or sweetener.",pennywort | ice | milk or condensed milk | sugar,Smoothies may include condensed milk or sugar. Ask for less sweet if you want the fruit flavor to be lighter and fresher.,less sweet | no condensed milk | more ice | no ice,Cho tôi một ly sinh tố rau má.,I’d like one glass of pennywort smoothie.,chaw toy moht lee sing toh row mah
drink-sinh-to-viet-quat,Drink,Smoothies,,,Sinh tố việt quất,Blueberry smoothie,Sinh to viet quat,sing toh vee-et kwat,,"Sinh tố việt quất is a blended fruit drink: blueberry smoothie. It is usually cold, creamy, and refreshing, often made with fruit, ice, and a little milk or sweetener.",blueberry | ice | milk or condensed milk | sugar,Smoothies may include condensed milk or sugar. Ask for less sweet if you want the fruit flavor to be lighter and fresher.,less sweet | no condensed milk | more ice | no ice,Cho tôi một ly sinh tố việt quất.,I’d like one glass of blueberry smoothie.,chaw toy moht lee sing toh vee-et kwat
drink-sinh-to-dao,Drink,Smoothies,,,Sinh tố đào,Peach smoothie,Sinh to dao,sing toh dow,,"Sinh tố đào is a blended fruit drink: peach smoothie. It is usually cold, creamy, and refreshing, often made with fruit, ice, and a little milk or sweetener.",peach | ice | milk or condensed milk | sugar,Smoothies may include condensed milk or sugar. Ask for less sweet if you want the fruit flavor to be lighter and fresher.,less sweet | no condensed milk | more ice | no ice,Cho tôi một ly sinh tố đào.,I’d like one glass of peach smoothie.,chaw toy moht lee sing toh dow
drink-nuoc-mia,Drink,Juices & fresh drinks,,yes,Nước mía,Sugarcane juice,Nuoc mia,nook mee-ah,,Nước mía is a fresh Vietnamese drink: sugarcane juice. It is usually served cold or over ice and is a good choice when you want something lighter than coffee or soda.,sugarcane juice | ice | kumquat or lime,Fresh juices are often served over ice and may have added sugar. Ask for no sugar or less sugar if needed.,less sugar | no ice | more ice | cold,Cho tôi một ly nước mía.,I’d like one glass of sugarcane juice.,chaw toy moht lee nook mee-ah
drink-nuoc-cam,Drink,Juices & fresh drinks,,yes,Nước cam,Orange juice,Nuoc cam,nook kahm,,Nước cam is a fresh Vietnamese drink: orange juice. It is usually served cold or over ice and is a good choice when you want something lighter than coffee or soda.,orange | water | ice | sugar,Fresh juices are often served over ice and may have added sugar. Ask for no sugar or less sugar if needed.,less sugar | no ice | more ice | cold,Cho tôi một ly nước cam.,I’d like one glass of orange juice.,chaw toy moht lee nook kahm
drink-nuoc-chanh,Drink,Juices & fresh drinks,,yes,Nước chanh,Limeade,Nuoc chanh,nook chan,,Nước chanh is a fresh Vietnamese drink: limeade. It is usually served cold or over ice and is a good choice when you want something lighter than coffee or soda.,lime | water | ice | sugar,Fresh juices are often served over ice and may have added sugar. Ask for no sugar or less sugar if needed.,less sugar | no ice | more ice | cold,Cho tôi một ly nước chanh.,I’d like one glass of limeade.,chaw toy moht lee nook chan
drink-chanh-muoi,Drink,Juices & fresh drinks,,,Chanh muối,Salted lime drink,Chanh muoi,chan moo-ee,,Chanh muối is a fresh Vietnamese drink: salted lime drink. It is usually served cold or over ice and is a good choice when you want something lighter than coffee or soda.,salted lime | water | ice | sugar,Fresh juices are often served over ice and may have added sugar. Ask for no sugar or less sugar if needed.,less sugar | no ice | more ice | cold,Cho tôi một ly chanh muối.,I’d like one glass of salted lime drink.,chaw toy moht lee chan moo-ee
drink-nuoc-dua,Drink,Juices & fresh drinks,,yes,Nước dừa,Fresh coconut water,Nuoc dua,nook yoo-uh,,Nước dừa is a fresh Vietnamese drink: fresh coconut water. It is usually served cold or over ice and is a good choice when you want something lighter than coffee or soda.,fresh coconut water | ice,Fresh juices are often served over ice and may have added sugar. Ask for no sugar or less sugar if needed.,cold | no ice | with ice | large bottle,Cho tôi một ly nước dừa.,I’d like one glass of fresh coconut water.,chaw toy moht lee nook yoo-uh
drink-nuoc-ep-dua-hau,Drink,Juices & fresh drinks,,,Nước ép dưa hấu,Watermelon juice,Nuoc ep dua hau,nook ep yoo-uh how,,Nước ép dưa hấu is a fresh Vietnamese drink: watermelon juice. It is usually served cold or over ice and is a good choice when you want something lighter than coffee or soda.,watermelon | water | ice | sugar,Fresh juices are often served over ice and may have added sugar. Ask for no sugar or less sugar if needed.,cold | no ice | with ice | large bottle,Cho tôi một ly nước ép dưa hấu.,I’d like one glass of watermelon juice.,chaw toy moht lee nook ep yoo-uh how
drink-nuoc-ep-thom,Drink,Juices & fresh drinks,,,Nước ép thơm,Pineapple juice,Nuoc ep thom,nook ep tum,,Nước ép thơm is a fresh Vietnamese drink: pineapple juice. It is usually served cold or over ice and is a good choice when you want something lighter than coffee or soda.,apple | water | ice | sugar,Fresh juices are often served over ice and may have added sugar. Ask for no sugar or less sugar if needed.,less sugar | no ice | more ice | cold,Cho tôi một ly nước ép thơm.,I’d like one glass of pineapple juice.,chaw toy moht lee nook ep tum
drink-nuoc-ep-oi,Drink,Juices & fresh drinks,,,Nước ép ổi,Guava juice,Nuoc ep oi,nook ep oy,,Nước ép ổi is a fresh Vietnamese drink: guava juice. It is usually served cold or over ice and is a good choice when you want something lighter than coffee or soda.,guava | water | ice | sugar,Fresh juices are often served over ice and may have added sugar. Ask for no sugar or less sugar if needed.,less sugar | no ice | more ice | cold,Cho tôi một ly nước ép ổi.,I’d like one glass of guava juice.,chaw toy moht lee nook ep oy
drink-nuoc-ep-ca-rot,Drink,Juices & fresh drinks,,,Nước ép cà rốt,Carrot juice,Nuoc ep ca rot,nook ep kah roht,,Nước ép cà rốt is a fresh Vietnamese drink: carrot juice. It is usually served cold or over ice and is a good choice when you want something lighter than coffee or soda.,carrot | water | ice | sugar,Fresh juices are often served over ice and may have added sugar. Ask for no sugar or less sugar if needed.,less sugar | no ice | more ice | cold,Cho tôi một ly nước ép cà rốt.,I’d like one glass of carrot juice.,chaw toy moht lee nook ep kah roht
drink-nuoc-ep-tao,Drink,Juices & fresh drinks,,,Nước ép táo,Apple juice,Nuoc ep tao,nook ep tow,,Nước ép táo is a fresh Vietnamese drink: apple juice. It is usually served cold or over ice and is a good choice when you want something lighter than coffee or soda.,apple | water | ice | sugar,Fresh juices are often served over ice and may have added sugar. Ask for no sugar or less sugar if needed.,less sugar | no ice | more ice | cold,Cho tôi một ly nước ép táo.,I’d like one glass of apple juice.,chaw toy moht lee nook ep tow
drink-nuoc-ep-can-tay,Drink,Juices & fresh drinks,,,Nước ép cần tây,Celery juice,Nuoc ep can tay,nook ep kun tay,,Nước ép cần tây is a fresh Vietnamese drink: celery juice. It is usually served cold or over ice and is a good choice when you want something lighter than coffee or soda.,celery | water | ice | sugar,Fresh juices are often served over ice and may have added sugar. Ask for no sugar or less sugar if needed.,less sugar | no ice | more ice | cold,Cho tôi một ly nước ép cần tây.,I’d like one glass of celery juice.,chaw toy moht lee nook ep kun tay
drink-nuoc-ep-coc,Drink,Juices & fresh drinks,,,Nước ép cóc,Ambarella juice,Nuoc ep coc,nook ep kawk,,Nước ép cóc is a fresh Vietnamese drink: ambarella juice. It is usually served cold or over ice and is a good choice when you want something lighter than coffee or soda.,ambarella | water | ice | sugar,Fresh juices are often served over ice and may have added sugar. Ask for no sugar or less sugar if needed.,less sugar | no ice | more ice | cold,Cho tôi một ly nước ép cóc.,I’d like one glass of ambarella juice.,chaw toy moht lee nook ep kawk
drink-nuoc-ep-chanh-day,Drink,Juices & fresh drinks,,,Nước ép chanh dây,Passion fruit juice,Nuoc ep chanh day,nook ep chan zay,,Nước ép chanh dây is a fresh Vietnamese drink: passion fruit juice. It is usually served cold or over ice and is a good choice when you want something lighter than coffee or soda.,passion fruit | lime | water | ice | sugar,Fresh juices are often served over ice and may have added sugar. Ask for no sugar or less sugar if needed.,less sugar | no ice | more ice | cold,Cho tôi một ly nước ép chanh dây.,I’d like one glass of passion fruit juice.,chaw toy moht lee nook ep chan zay
drink-rau-ma,Drink,Juices & fresh drinks,,yes,Rau má,Pennywort juice,Rau ma,row mah,,Rau má is a fresh Vietnamese drink: pennywort juice. It is usually served cold or over ice and is a good choice when you want something lighter than coffee or soda.,pennywort | water | ice | sugar,Fresh juices are often served over ice and may have added sugar. Ask for no sugar or less sugar if needed.,less sugar | no ice | more ice | cold,Cho tôi một ly rau má.,I’d like one glass of pennywort juice.,chaw toy moht lee row mah
drink-nuoc-sam,Drink,Juices & fresh drinks,,,Nước sâm,Herbal drink,Nuoc sam,nook sum,,Nước sâm is a fresh Vietnamese drink: herbal drink. It is usually served cold or over ice and is a good choice when you want something lighter than coffee or soda.,herbs | water | sugar | ice,Fresh juices are often served over ice and may have added sugar. Ask for no sugar or less sugar if needed.,less sugar | no ice | more ice | cold,Cho tôi một ly nước sâm.,I’d like one glass of herbal drink.,chaw toy moht lee nook sum
drink-nuoc-nha-dam,Drink,Juices & fresh drinks,,,Nước nha đam,Aloe vera drink,Nuoc nha dam,nook nyah dahm,,Nước nha đam is a fresh Vietnamese drink: aloe vera drink. It is usually served cold or over ice and is a good choice when you want something lighter than coffee or soda.,aloe vera | water | ice | sugar,Fresh juices are often served over ice and may have added sugar. Ask for no sugar or less sugar if needed.,less sugar | no ice | more ice | cold,Cho tôi một ly nước nha đam.,I’d like one glass of aloe vera drink.,chaw toy moht lee nook nyah dahm
drink-sam-bo-luong,Drink,Juices & fresh drinks,,,Sâm bổ lượng,Sweet herbal dessert drink,Sam bo luong,sum baw loo-ung,,Sâm bổ lượng is a fresh Vietnamese drink: sweet herbal dessert drink. It is usually served cold or over ice and is a good choice when you want something lighter than coffee or soda.,sweet herbal broth | dried fruits | jelly | ice,Fresh juices are often served over ice and may have added sugar. Ask for no sugar or less sugar if needed.,less sugar | no ice | more ice | cold,Cho tôi một ly sâm bổ lượng.,I’d like one glass of sweet herbal dessert drink.,chaw toy moht lee sum baw loo-ung
drink-nuoc-la-han-qua,Drink,Juices & fresh drinks,,,Nước la hán quả,Monk fruit herbal drink,Nuoc la han qua,nook lah han kwah,,Nước la hán quả is a fresh Vietnamese drink: monk fruit herbal drink. It is usually served cold or over ice and is a good choice when you want something lighter than coffee or soda.,herbs | water | sugar | ice,Fresh juices are often served over ice and may have added sugar. Ask for no sugar or less sugar if needed.,less sugar | no ice | more ice | cold,Cho tôi một ly nước la hán quả.,I’d like one glass of monk fruit herbal drink.,chaw toy moht lee nook lah han kwah
drink-nuoc-suoi,Drink,"Water, soda & other drinks",,yes,Nước suối,Bottled water,Nuoc suoi,nook soo-ee,,"Nước suối is a common drink order: bottled water. It is simple to ask for at cafés, restaurants, convenience shops, or street stalls and is usually served chilled or with ice.",water or soft drink | ice optional | chilled bottle,"Bottled drinks may be served cold or with a glass of ice. If you do not want ice, say “không đá.”",cold | no ice | with ice | large bottle,Cho tôi một chai nước suối.,I’d like one bottle of bottled water.,chaw toy moht chai nook soo-ee
drink-nuoc-loc,Drink,"Water, soda & other drinks",,yes,Nước lọc,Drinking water,Nuoc loc,nook lawk,,"Nước lọc is a common drink order: drinking water. It is simple to ask for at cafés, restaurants, convenience shops, or street stalls and is usually served chilled or with ice.",water or soft drink | ice optional | chilled bottle,"Bottled drinks may be served cold or with a glass of ice. If you do not want ice, say “không đá.”",cold | no ice | with ice | large bottle,Cho tôi một ly nước lọc.,I’d like one glass of drinking water.,chaw toy moht lee nook lawk
drink-nuoc-khoang,Drink,"Water, soda & other drinks",,,Nước khoáng,Mineral water,Nuoc khoang,nook kwahng,,"Nước khoáng is a common drink order: mineral water. It is simple to ask for at cafés, restaurants, convenience shops, or street stalls and is usually served chilled or with ice.",water or soft drink | ice optional | chilled bottle,"Bottled drinks may be served cold or with a glass of ice. If you do not want ice, say “không đá.”",cold | no ice | with ice | large bottle,Cho tôi một chai nước khoáng.,I’d like one bottle of mineral water.,chaw toy moht chai nook kwahng
drink-nuoc-khoang-co-ga,Drink,"Water, soda & other drinks",,,Nước khoáng có ga,Sparkling mineral water,Nuoc khoang co ga,nook kwahng kaw gah,,"Nước khoáng có ga is a common drink order: sparkling mineral water. It is simple to ask for at cafés, restaurants, convenience shops, or street stalls and is usually served chilled or with ice.",soda water | ice | lime or flavor syrup,"Bottled drinks may be served cold or with a glass of ice. If you do not want ice, say “không đá.”",cold | no ice | with ice | large bottle,Cho tôi một chai nước khoáng có ga.,I’d like one bottle of sparkling mineral water.,chaw toy moht chai nook kwahng kaw gah
drink-nuoc-khoang-khong-ga,Drink,"Water, soda & other drinks",,,Nước khoáng không ga,Still mineral water,Nuoc khoang khong ga,nook kwahng kohng gah,,"Nước khoáng không ga is a common drink order: still mineral water. It is simple to ask for at cafés, restaurants, convenience shops, or street stalls and is usually served chilled or with ice.",water or soft drink | ice optional | chilled bottle,"Bottled drinks may be served cold or with a glass of ice. If you do not want ice, say “không đá.”",cold | no ice | with ice | large bottle,Cho tôi một chai nước khoáng không ga.,I’d like one bottle of still mineral water.,chaw toy moht chai nook kwahng kohng gah
drink-soda-chanh,Drink,"Water, soda & other drinks",,yes,Soda chanh,Lime soda,Soda chanh,soh-dah chan,,"Soda chanh is a common drink order: lime soda. It is simple to ask for at cafés, restaurants, convenience shops, or street stalls and is usually served chilled or with ice.",soda water | ice | lime or flavor syrup,"Bottled drinks may be served cold or with a glass of ice. If you do not want ice, say “không đá.”",cold | with ice | no ice | can or bottle,Cho tôi một ly soda chanh.,I’d like one glass of lime soda.,chaw toy moht lee soh-dah chan
drink-soda-chanh-day,Drink,"Water, soda & other drinks",,,Soda chanh dây,Passion fruit soda,Soda chanh day,soh-dah chan zay,,"Soda chanh dây is a common drink order: passion fruit soda. It is simple to ask for at cafés, restaurants, convenience shops, or street stalls and is usually served chilled or with ice.",soda water | ice | lime or flavor syrup,"Bottled drinks may be served cold or with a glass of ice. If you do not want ice, say “không đá.”",cold | with ice | no ice | can or bottle,Cho tôi một ly soda chanh dây.,I’d like one glass of passion fruit soda.,chaw toy moht lee soh-dah chan zay
drink-soda-bac-ha,Drink,"Water, soda & other drinks",,,Soda bạc hà,Mint soda,Soda bac ha,soh-dah bak hah,,"Soda bạc hà is a common drink order: mint soda. It is simple to ask for at cafés, restaurants, convenience shops, or street stalls and is usually served chilled or with ice.",soda water | ice | lime or flavor syrup,"Bottled drinks may be served cold or with a glass of ice. If you do not want ice, say “không đá.”",cold | with ice | no ice | can or bottle,Cho tôi một ly soda bạc hà.,I’d like one glass of mint soda.,chaw toy moht lee soh-dah bak hah
drink-nuoc-ngot,Drink,"Water, soda & other drinks",,yes,Nước ngọt,Soft drink,Nuoc ngot,nook ngawt,,"Nước ngọt is a common drink order: soft drink. It is simple to ask for at cafés, restaurants, convenience shops, or street stalls and is usually served chilled or with ice.",water or soft drink | ice optional | chilled bottle,"Bottled drinks may be served cold or with a glass of ice. If you do not want ice, say “không đá.”",cold | with ice | no ice | can or bottle,Cho tôi một chai nước ngọt.,I’d like one bottle of soft drink.,chaw toy moht chai nook ngawt
drink-nuoc-tang-luc,Drink,"Water, soda & other drinks",,,Nước tăng lực,Energy drink,Nuoc tang luc,nook tang look,,"Nước tăng lực is a common drink order: energy drink. It is simple to ask for at cafés, restaurants, convenience shops, or street stalls and is usually served chilled or with ice.",water or soft drink | ice optional | chilled bottle,"Bottled drinks may be served cold or with a glass of ice. If you do not want ice, say “không đá.”",cold | no ice | with ice | large size,Cho tôi một ly nước tăng lực.,I’d like one glass of energy drink.,chaw toy moht lee nook tang look
drink-sua-dau-nanh,Drink,"Water, soda & other drinks",,yes,Sữa đậu nành,Soy milk,Sua dau nanh,soo-uh dow nanh,,"Sữa đậu nành is a common drink order: soy milk. It is simple to ask for at cafés, restaurants, convenience shops, or street stalls and is usually served chilled or with ice.",milk base | sugar | ice optional,"Bottled drinks may be served cold or with a glass of ice. If you do not want ice, say “không đá.”",cold | no ice | with ice | large size,Cho tôi một ly sữa đậu nành.,I’d like one glass of soy milk.,chaw toy moht lee soo-uh dow nanh
drink-sua-bap,Drink,"Water, soda & other drinks",,,Sữa bắp,Corn milk,Sua bap,soo-uh bap,,"Sữa bắp is a common drink order: corn milk. It is simple to ask for at cafés, restaurants, convenience shops, or street stalls and is usually served chilled or with ice.",milk base | sugar | ice optional,"Bottled drinks may be served cold or with a glass of ice. If you do not want ice, say “không đá.”",cold | no ice | with ice | large size,Cho tôi một ly sữa bắp.,I’d like one glass of corn milk.,chaw toy moht lee soo-uh bap
drink-sua-tuoi,Drink,"Water, soda & other drinks",,,Sữa tươi,Fresh milk,Sua tuoi,soo-uh too-ee,,"Sữa tươi is a common drink order: fresh milk. It is simple to ask for at cafés, restaurants, convenience shops, or street stalls and is usually served chilled or with ice.",milk base | sugar | ice optional,"Bottled drinks may be served cold or with a glass of ice. If you do not want ice, say “không đá.”",cold | no ice | with ice | large size,Cho tôi một ly sữa tươi.,I’d like one glass of fresh milk.,chaw toy moht lee soo-uh too-ee
drink-sua-chua-uong,Drink,"Water, soda & other drinks",,,Sữa chua uống,Drinking yogurt,Sua chua uong,soo-uh choo-ah oong,,"Sữa chua uống is a common drink order: drinking yogurt. It is simple to ask for at cafés, restaurants, convenience shops, or street stalls and is usually served chilled or with ice.",milk base | sugar | ice optional,"Bottled drinks may be served cold or with a glass of ice. If you do not want ice, say “không đá.”",cold | no ice | with ice | large size,Cho tôi một ly sữa chua uống.,I’d like one glass of drinking yogurt.,chaw toy moht lee soo-uh choo-ah oong
drink-nuoc-yen,Drink,"Water, soda & other drinks",,,Nước yến,Bird's nest drink,Nuoc yen,nook yen,,"Nước yến is a common drink order: bird's nest drink. It is simple to ask for at cafés, restaurants, convenience shops, or street stalls and is usually served chilled or with ice.",bird's nest drink | sugar | chilled bottle,"Bottled drinks may be served cold or with a glass of ice. If you do not want ice, say “không đá.”",cold | no ice | with ice | large size,Cho tôi một chai nước yến.,I’d like one bottle of bird's nest drink.,chaw toy moht chai nook yen
drink-bia-hoi,Drink,"Water, soda & other drinks",,,Bia hơi,Fresh draft beer,Bia hoi,bee-ah hoy,,"Bia hơi is a common drink order: fresh draft beer. It is simple to ask for at cafés, restaurants, convenience shops, or street stalls and is usually served chilled or with ice.",beer | chilled glass | ice optional,"Bottled drinks may be served cold or with a glass of ice. If you do not want ice, say “không đá.”",cold | with ice | draft | bottle,Cho tôi một chai bia hơi.,I’d like one bottle of fresh draft beer.,chaw toy moht chai bee-ah hoy
drink-bia-sai-gon,Drink,"Water, soda & other drinks",,,Bia Sài Gòn,Saigon beer,Bia Sai Gon,bee-ah sai gawn,,"Bia Sài Gòn is a common drink order: saigon beer. It is simple to ask for at cafés, restaurants, convenience shops, or street stalls and is usually served chilled or with ice.",beer | chilled glass | ice optional,"Bottled drinks may be served cold or with a glass of ice. If you do not want ice, say “không đá.”",cold | with ice | draft | bottle,Cho tôi một chai bia Sài Gòn.,I’d like one bottle of saigon beer.,chaw toy moht chai bee-ah sai gawn
drink-bia-ha-noi,Drink,"Water, soda & other drinks",,,Bia Hà Nội,Hanoi beer,Bia Ha Noi,bee-ah hah noy,,"Bia Hà Nội is a common drink order: hanoi beer. It is simple to ask for at cafés, restaurants, convenience shops, or street stalls and is usually served chilled or with ice.",beer | chilled glass | ice optional,"Bottled drinks may be served cold or with a glass of ice. If you do not want ice, say “không đá.”",cold | with ice | draft | bottle,Cho tôi một chai bia Hà Nội.,I’d like one bottle of hanoi beer.,chaw toy moht chai bee-ah hah noy
drink-bia-tiger,Drink,"Water, soda & other drinks",,,Bia Tiger,Tiger beer,Bia Tiger,bee-ah tie-ger,,"Bia Tiger is a common drink order: tiger beer. It is simple to ask for at cafés, restaurants, convenience shops, or street stalls and is usually served chilled or with ice.",beer | chilled glass | ice optional,"Bottled drinks may be served cold or with a glass of ice. If you do not want ice, say “không đá.”",cold | with ice | draft | bottle,Cho tôi một chai bia Tiger.,I’d like one bottle of tiger beer.,chaw toy moht chai bee-ah tie-ger
drink-ruou-nep,Drink,"Water, soda & other drinks",,,Rượu nếp,Sticky rice wine,Ruou nep,roo-uh nep,,"Rượu nếp is a common drink order: sticky rice wine. It is simple to ask for at cafés, restaurants, convenience shops, or street stalls and is usually served chilled or with ice.",rice wine or wine | small glass | ice optional,"Bottled drinks may be served cold or with a glass of ice. If you do not want ice, say “không đá.”",small glass | with ice | bottle | share size,Cho tôi một ly rượu nếp.,I’d like one glass of sticky rice wine.,chaw toy moht lee roo-uh nep
drink-ruou-de,Drink,"Water, soda & other drinks",,,Rượu đế,Vietnamese rice liquor,Ruou de,roo-uh day,,"Rượu đế is a common drink order: vietnamese rice liquor. It is simple to ask for at cafés, restaurants, convenience shops, or street stalls and is usually served chilled or with ice.",rice wine or wine | small glass | ice optional,"Bottled drinks may be served cold or with a glass of ice. If you do not want ice, say “không đá.”",small glass | with ice | bottle | share size,Cho tôi một ly rượu đế.,I’d like one glass of vietnamese rice liquor.,chaw toy moht lee roo-uh day
drink-ruou-vang-da-lat,Drink,"Water, soda & other drinks",,,Rượu vang Đà Lạt,Dalat wine,Ruou vang Da Lat,roo-uh vahng dah laht,,"Rượu vang Đà Lạt is a common drink order: dalat wine. It is simple to ask for at cafés, restaurants, convenience shops, or street stalls and is usually served chilled or with ice.",rice wine or wine | small glass | ice optional,"Bottled drinks may be served cold or with a glass of ice. If you do not want ice, say “không đá.”",small glass | with ice | bottle | share size,Cho tôi một ly rượu vang Đà Lạt.,I’d like one glass of dalat wine.,chaw toy moht lee roo-uh vahng dah laht
