priority,pageID,title,englishTitle,intent,sectionID,kind,audioKey,text
p0,viet-family-city-hanoi-place-water-puppet-theatre,Nhà hát Múa rối Thăng Long,Thang Long Water Puppet Theatre,landmark_micro_place,hero,hero,audio-authored-nha-hat-mua-roi-thang-long-bee079cc3d,Nhà hát Múa rối Thăng Long
p0,viet-family-city-hue-place-walking-street,Phố đi bộ Huế,Hue Walking Street,street,hero,hero,audio-authored-pho-di-bo-hue-a8bcc9ad7d,Phố đi bộ Huế
p1,viet-family-city-danang-place-ba-na-hills,Bà Nà Hills,Ba Na Hills,macro_attraction_journey,getting-there,phrase,audio-authored-cho-toi-di-ba-na-hills-7e1fd2f0f0,Cho tôi đi Bà Nà Hills.
p1,viet-family-city-danang-place-ba-na-hills,Bà Nà Hills,Ba Na Hills,macro_attraction_journey,tickets,phrase,audio-authored-da-cho-toi-hai-ve-len-ba-na-hills-cb395e159b,"Dạ, cho tôi hai vé lên Bà Nà Hills."
p1,viet-family-city-danang-place-ba-na-hills,Bà Nà Hills,Ba Na Hills,macro_attraction_journey,cable-car,phrase,audio-authored-cap-treo-o-dau-8548abeeca,Cáp treo ở đâu?
p1,viet-family-city-danang-place-ba-na-hills,Bà Nà Hills,Ba Na Hills,macro_attraction_journey,photos,phrase,audio-authored-ban-chup-giup-toi-duoc-khong-4068eb6127,Bạn chụp giúp tôi được không?
p1,viet-family-city-danang-place-bach-dang-street,Đường Bạch Đằng,Bach Dang Street,street,show-driver,phrase,audio-authored-cho-toi-den-duong-bach-dang-b8999db078,Cho tôi đến đường Bạch Đằng.
p1,viet-family-city-danang-place-bach-dang-street,Đường Bạch Đằng,Bach Dang Street,street,confirm,phrase,audio-authored-day-co-phai-duong-bach-dang-khong-9bf71e32a9,Đây có phải đường Bạch Đằng không?
p1,viet-family-city-danang-place-dragon-bridge,Cầu Rồng,Dragon Bridge,landmark_micro_place,pickup-nearby,phrase,audio-authored-cho-toi-xuong-gan-cau-rong-858bbe4abc,Cho tôi xuống gần Cầu Rồng.
p1,viet-family-city-danang-place-marble-mountains,Ngũ Hành Sơn,Marble Mountains,macro_attraction_journey,key-phrases,phrase,audio-authored-tai-xe-cho-o-dau-0b819e85a5,Tài xế chờ ở đâu?
p1,viet-family-city-danang-place-nguyen-van-linh-street,Đường Nguyễn Văn Linh,Nguyen Van Linh Street,street,show-driver,phrase,audio-authored-cho-toi-den-duong-nguyen-van-linh-492eadfaa8,Cho tôi đến đường Nguyễn Văn Linh.
p1,viet-family-city-danang-place-nguyen-van-linh-street,Đường Nguyễn Văn Linh,Nguyen Van Linh Street,street,confirm,phrase,audio-authored-day-co-phai-duong-nguyen-van-linh-khong-ac81b9008c,Đây có phải đường Nguyễn Văn Linh không?
p1,viet-family-city-danang-place-vo-nguyen-giap-street,Đường Võ Nguyên Giáp,Vo Nguyen Giap Street,street,show-driver,phrase,audio-authored-cho-toi-den-duong-vo-nguyen-giap-101f4d1608,Cho tôi đến đường Võ Nguyên Giáp.
p1,viet-family-city-danang-place-vo-nguyen-giap-street,Đường Võ Nguyên Giáp,Vo Nguyen Giap Street,street,confirm,phrase,audio-authored-day-co-phai-duong-vo-nguyen-giap-khong-d2fc0ab90a,Đây có phải đường Võ Nguyên Giáp không?
p1,viet-family-city-hanoi-place-hang-gai-street,Phố Hàng Gai,Hang Gai Street,street,place-brief,phrase,audio-authored-pho-hang-gai-o-dau-6464750f35,Phố Hàng Gai ở đâu?
p1,viet-family-city-hanoi-place-water-puppet-theatre,Nhà hát Múa rối Thăng Long,Thang Long Water Puppet Theatre,landmark_micro_place,place-brief,phrase,audio-authored-di-nha-hat-mua-roi-thang-long-6e49722b28,Đi Nhà hát Múa rối Thăng Long
p1,viet-family-city-hanoi-place-water-puppet-theatre,Nhà hát Múa rối Thăng Long,Thang Long Water Puppet Theatre,landmark_micro_place,place-brief,phrase,audio-authored-nha-hat-mua-roi-thang-long-o-dau-a04b797640,Nhà hát Múa rối Thăng Long ở đâu?
p1,viet-family-city-hcmc-place-dong-khoi-street,Đường Đồng Khởi,Dong Khoi Street,street,place-brief,phrase,audio-authored-duong-dong-khoi-o-dau-85f0b0c280,Đường Đồng Khởi ở đâu?
p1,viet-family-city-hue-place-walking-street,Phố đi bộ Huế,Hue Walking Street,street,place-brief,phrase,audio-authored-di-pho-di-bo-hue-639ec583b5,Đi phố đi bộ Huế
p1,viet-family-city-hue-place-walking-street,Phố đi bộ Huế,Hue Walking Street,street,place-brief,phrase,audio-authored-pho-di-bo-hue-o-dau-255aae3009,Phố đi bộ Huế ở đâu?
p2,viet-family-city-danang-place-nen,Nén Đà Nẵng,Nén Đà Nẵng,restaurant,place-brief,phrase,audio-authored-cho-toi-xuong-gan-nha-hang-nen-da-nang-1d452a36b2,Cho tôi xuống gần nhà hàng Nén Đà Nẵng.
p2,viet-family-city-danang-place-nen,Nén Đà Nẵng,Nén Đà Nẵng,restaurant,menu-dietary,phrase,audio-authored-cho-toi-tra-da-6b39f7e1ae,Cho tôi trà đá
p2,viet-family-city-hanoi-place-bun-cha-huong-lien,Bún chả Hương Liên,Bun Cha Huong Lien,restaurant,place-brief,phrase,audio-authored-cho-toi-xuong-gan-nha-hang-bun-cha-huong-lien-d22fc78377,Cho tôi xuống gần nhà hàng Bún chả Hương Liên.
p2,viet-family-city-hanoi-place-bun-cha-huong-lien,Bún chả Hương Liên,Bun Cha Huong Lien,restaurant,before-you-go,phrase,audio-authored-da-cho-toi-mot-phan-bun-cha-dbdee039d2,"Dạ, cho tôi một phần bún chả."
p2,viet-family-city-hanoi-place-cha-ca-thang-long,Chả cá Thăng Long,Cha Ca Thang Long,restaurant,place-brief,phrase,audio-authored-cho-toi-xuong-gan-nha-hang-cha-ca-thang-long-a27ee5242f,Cho tôi xuống gần nhà hàng Chả cá Thăng Long.
p2,viet-family-city-hanoi-place-giang-cafe,Cà phê Giảng,Giang Cafe,restaurant,place-brief,phrase,audio-authored-dung-o-ca-phe-giang-9ed36d9bae,Dừng ở Cà phê Giảng
p2,viet-family-city-hanoi-place-pho-bat-dan,Phở Bát Đàn,Pho Bat Dan,restaurant,place-brief,phrase,audio-authored-cho-toi-xuong-gan-nha-hang-pho-bat-dan-dde984ba81,Cho tôi xuống gần nhà hàng Phở Bát Đàn.
p2,viet-family-city-hanoi-place-pho-bat-dan,Phở Bát Đàn,Pho Bat Dan,restaurant,before-you-go,phrase,audio-authored-da-cho-toi-mot-to-pho-5e65b6808d,"Dạ, cho tôi một tô phở."
p2,viet-family-city-hanoi-place-tam-vi,Tầm Vị,Tam Vi,restaurant,place-brief,phrase,audio-authored-cho-toi-xuong-gan-nha-hang-tam-vi-60fd4cc368,Cho tôi xuống gần nhà hàng Tầm Vị.
p2,viet-family-city-hcmc-place-anan-saigon,Anăn Sài Gòn,Anan Saigon,restaurant,place-brief,phrase,audio-authored-cho-toi-xuong-gan-nha-hang-anan-sai-gon-6183ddc907,Cho tôi xuống gần nhà hàng Anăn Sài Gòn.
p2,viet-family-city-hoian-place-banh-mi-phuong,Bánh mì Phượng,Banh Mi Phuong,restaurant,place-brief,phrase,audio-authored-cho-toi-xuong-gan-nha-hang-banh-mi-phuong-6bc7140f67,Cho tôi xuống gần nhà hàng Bánh mì Phượng.
p2,viet-family-city-hoian-place-cao-lau-city,Cao lầu ở Hội An,Cao lau in Hoi An,dish,place-brief,phrase,audio-authored-da-cho-toi-mot-phan-cao-lau-71867ac448,"Dạ, cho tôi một phần cao lầu."
p2,viet-family-city-hoian-place-cao-lau-city,Cao lầu ở Hội An,Cao lau in Hoi An,dish,how-to-order,phrase,audio-authored-khong-cay-qua-nhe-ecc42633de,Không cay quá nhé.
p2,viet-family-city-hoian-place-cao-lau-city,Cao lầu ở Hội An,Cao lau in Hoi An,dish,ingredients-diet,phrase,audio-authored-mon-nay-co-gi-919c3d8876,Món này có gì?
p2,viet-family-city-hoian-place-faifo-coffee,Faifo Coffee,Faifo Coffee,restaurant,place-brief,phrase,audio-authored-dung-o-faifo-coffee-7681bd356b,Dừng ở Faifo Coffee
p2,viet-family-city-hoian-place-morning-glory,Morning Glory Hội An,Morning Glory Hoi An,restaurant,place-brief,phrase,audio-authored-cho-toi-xuong-gan-nha-hang-morning-glory-hoi-an-1f23001d6f,Cho tôi xuống gần nhà hàng Morning Glory Hội An.
p2,viet-family-city-hoian-place-reach-out-tea-house,Reaching Out Tea House,Reaching Out Tea House,restaurant,place-brief,phrase,audio-authored-dung-o-reaching-out-tea-house-78d411e6a4,Dừng ở Reaching Out Tea House
p2,viet-family-city-hue-place-bun-bo-city,Bún bò Huế,Bun bo Hue,dish,place-brief,phrase,audio-authored-da-cho-toi-mot-to-bun-bo-hue-f624687fc3,"Dạ, cho tôi một tô bún bò Huế."
p2,viet-family-city-hue-place-les-jardins,Les Jardins de la Carambole,Les Jardins de la Carambole,restaurant,place-brief,phrase,audio-authored-cho-toi-xuong-gan-nha-hang-les-jardins-de-la-carambole-f4b64e6c5c,Cho tôi xuống gần nhà hàng Les Jardins de la Carambole.
p2,viet-family-ves-call-taxi-for-me,Gọi giúp tôi taxi được không?,Can you call me a taxi?,practical_flow,explore-next,phrase,audio-authored-cho-toi-xuong-o-day-duoc-khong-e6561710e9,Cho tôi xuống ở đây được không?
p2,viet-family-ves-can-you-wait-here,Anh chờ tôi ở đây được không?,Can you wait for me here?,practical_flow,hero,hero,audio-authored-anh-cho-toi-o-day-duoc-khong-ec56a2d762,Anh chờ tôi ở đây được không?
p2,viet-family-ves-can-you-wait-here,Anh chờ tôi ở đây được không?,Can you wait for me here?,practical_flow,explore-next,phrase,audio-authored-may-gio-quay-lai-10be0e986d,Mấy giờ quay lại?
p2,viet-family-ves-drop-near-dragon-bridge,Cho tôi xuống gần Cầu Rồng.,Let me off near Dragon Bridge.,practical_flow,explore-next,phrase,audio-authored-cho-toi-di-cau-rong-31d5036c87,Cho tôi đi Cầu Rồng.
p2,viet-family-vpe-have-item-co-anh-the-khong,Có ảnh thẻ không?,Do you have passport photos?,practical_flow,hero,hero,audio-authored-co-anh-the-khong-d2c05c9038,Có ảnh thẻ không?
p2,viet-family-vpe-have-item-co-anh-the-khong,Có ảnh thẻ không?,Do you have passport photos?,practical_flow,practice-pairs,phrase,audio-authored-co-cho-ngoi-canh-loi-di-khong-b5df58923c,Có chỗ ngồi cạnh lối đi không?
p2,viet-family-vpe-have-item-co-anh-the-khong,Có ảnh thẻ không?,Do you have passport photos?,practical_flow,practice-pairs,phrase,audio-authored-co-cho-ngoi-gan-cua-so-khong-fc05857660,Có chỗ ngồi gần cửa sổ không?
p2,viet-family-vpe-have-item-co-anh-the-khong,Có ảnh thẻ không?,Do you have passport photos?,practical_flow,practice-pairs,phrase,audio-authored-co-ma-dat-cho-khong-13efde4ace,Có mã đặt chỗ không?
p2,viet-family-vpe-have-item-co-anh-the-khong,Có ảnh thẻ không?,Do you have passport photos?,practical_flow,explore-next,phrase,audio-authored-co-nuoc-khong-da-khong-4602de495a,Có nước không đá không?
p2,viet-family-vpe-have-item-co-anh-the-khong,Có ảnh thẻ không?,Do you have passport photos?,practical_flow,explore-next,phrase,audio-authored-co-phieu-dat-phong-khong-66d79accac,Có phiếu đặt phòng không?
p2,viet-family-vpe-have-item-co-anh-the-khong,Có ảnh thẻ không?,Do you have passport photos?,practical_flow,explore-next,phrase,audio-authored-co-ao-mua-khong-d31a1649fc,Có áo mưa không?
p2,viet-family-vpe-have-item-co-anh-the-khong,Có ảnh thẻ không?,Do you have passport photos?,practical_flow,explore-next,phrase,audio-authored-co-ao-thun-khong-2217cbd0f3,Có áo thun không?
p2,viet-family-vpe-have-item-co-anh-the-khong,Có ảnh thẻ không?,Do you have passport photos?,practical_flow,explore-next,phrase,audio-authored-co-ba-lo-nho-khong-f7450b1860,Có ba lô nhỏ không?
p2,viet-family-vpe-have-item-co-anh-the-khong,Có ảnh thẻ không?,Do you have passport photos?,practical_flow,explore-next,phrase,audio-authored-co-ban-chai-danh-rang-khong-eed2847467,Có bàn chải đánh răng không?
p2,viet-family-vpe-have-item-co-ban-chai-danh-rang-khong,Có bàn chải đánh răng không?,Do you have a toothbrush?,practical_flow,practice-pairs,phrase,audio-authored-co-dau-goi-khong-8a6140ede3,Có dầu gội không?
p2,viet-family-vpe-have-item-co-ban-chai-danh-rang-khong,Có bàn chải đánh răng không?,Do you have a toothbrush?,practical_flow,practice-pairs,phrase,audio-authored-co-kem-danh-rang-khong-76ad1cd65f,Có kem đánh răng không?
p2,viet-family-vpe-have-item-co-ban-chai-danh-rang-khong,Có bàn chải đánh răng không?,Do you have a toothbrush?,practical_flow,explore-next,phrase,audio-authored-co-nuoc-rua-tay-khong-fd4d83bafc,Có nước rửa tay không?
p2,viet-family-vpe-have-item-co-ban-chai-danh-rang-khong,Có bàn chải đánh răng không?,Do you have a toothbrush?,practical_flow,explore-next,phrase,audio-authored-co-o-che-mua-khong-51420f7719,Có ô che mưa không?
p2,viet-family-vpe-have-item-co-ban-sao-ho-chieu-khong,Có bản sao hộ chiếu không?,Do you have a passport copy?,practical_flow,hero,hero,audio-authored-co-ban-sao-ho-chieu-khong-f26e33f14f,Có bản sao hộ chiếu không?
p2,viet-family-vpe-have-item-co-chia-khoa-phong-khong,Có chìa khóa phòng không?,Do you have the room key?,practical_flow,hero,hero,audio-authored-co-chia-khoa-phong-khong-774d44ea3e,Có chìa khóa phòng không?
p2,viet-family-vpe-have-item-co-chia-khoa-phong-khong,Có chìa khóa phòng không?,Do you have the room key?,practical_flow,explore-next,phrase,audio-authored-co-may-say-toc-khong-f54ad7710d,Có máy sấy tóc không?
p2,viet-family-vpe-have-item-co-khan-tam-khong,Có khăn tắm không?,Do you have a bath towel?,practical_flow,hero,hero,audio-authored-co-khan-tam-khong-a1229e5d3e,Có khăn tắm không?
p2,viet-family-vpe-have-item-co-phong-doi-khong,Có phòng đôi không?,Do you have a double room?,practical_flow,hero,hero,audio-authored-co-phong-doi-khong-7fd356727b,Có phòng đôi không?
p2,viet-family-vpe-help-action-anh-chi-giup-toi-bat-dong-ho-tinh-tien-duoc-khong,Giúp tôi bật đồng hồ tính tiền được không?,Can you help me turn on the meter?,practical_flow,practice-pairs,phrase,audio-authored-giup-toi-doi-sang-the-duoc-khong-1f4674dfa8,Giúp tôi đổi sang thẻ được không?
p2,viet-family-vpe-help-action-anh-chi-giup-toi-bat-dong-ho-tinh-tien-duoc-khong,Giúp tôi bật đồng hồ tính tiền được không?,Can you help me turn on the meter?,practical_flow,practice-pairs,phrase,audio-authored-giup-toi-doi-sang-tien-mat-duoc-khong-bee6448c0f,Giúp tôi đổi sang tiền mặt được không?
p2,viet-family-vpe-help-action-anh-chi-giup-toi-bat-dong-ho-tinh-tien-duoc-khong,Giúp tôi bật đồng hồ tính tiền được không?,Can you help me turn on the meter?,practical_flow,practice-pairs,phrase,audio-authored-gui-vi-tri-cho-toi-duoc-khong-8eb51fe6ec,Gửi vị trí cho tôi được không?
p2,viet-family-vpe-help-action-anh-chi-giup-toi-bat-dong-ho-tinh-tien-duoc-khong,Giúp tôi bật đồng hồ tính tiền được không?,Can you help me turn on the meter?,practical_flow,explore-next,phrase,audio-authored-giup-toi-ket-noi-wi-fi-duoc-khong-fb9bdf8560,Giúp tôi kết nối Wi-Fi được không?
p2,viet-family-vpe-help-action-anh-chi-giup-toi-bat-dong-ho-tinh-tien-duoc-khong,Giúp tôi bật đồng hồ tính tiền được không?,Can you help me turn on the meter?,practical_flow,explore-next,phrase,audio-authored-giup-toi-kiem-tra-sim-nay-duoc-khong-8ec8338f4f,Giúp tôi kiểm tra SIM này được không?
p2,viet-family-vpe-help-action-anh-chi-giup-toi-doi-phong-duoc-khong,Giúp tôi đổi phòng được không?,Can you help me change rooms?,practical_flow,hero,hero,audio-authored-giup-toi-doi-phong-duoc-khong-a059eae198,Giúp tôi đổi phòng được không?
p2,viet-family-vpe-help-action-anh-chi-giup-toi-doi-phong-duoc-khong,Giúp tôi đổi phòng được không?,Can you help me change rooms?,practical_flow,practice-pairs,phrase,audio-authored-giup-toi-goi-quan-ly-duoc-khong-1c1f007637,Giúp tôi gọi quản lý được không?
p2,viet-family-vpe-help-action-anh-chi-giup-toi-goi-don-phong-duoc-khong,Giúp tôi gọi dọn phòng được không?,Can you help me call housekeeping?,practical_flow,hero,hero,audio-authored-giup-toi-goi-don-phong-duoc-khong-334f73a003,Giúp tôi gọi dọn phòng được không?
p2,viet-family-vpe-help-action-anh-chi-giup-toi-goi-don-phong-duoc-khong,Giúp tôi gọi dọn phòng được không?,Can you help me call housekeeping?,practical_flow,practice-pairs,phrase,audio-authored-giup-toi-mang-them-khan-duoc-khong-c4c73e9bc1,Giúp tôi mang thêm khăn được không?
p2,viet-family-vpe-help-action-anh-chi-giup-toi-goi-don-phong-duoc-khong,Giúp tôi gọi dọn phòng được không?,Can you help me call housekeeping?,practical_flow,explore-next,phrase,audio-authored-giup-toi-mang-them-nuoc-duoc-khong-0bec9ad929,Giúp tôi mang thêm nước được không?
p2,viet-family-vpe-help-action-anh-chi-giup-toi-goi-don-phong-duoc-khong,Giúp tôi gọi dọn phòng được không?,Can you help me call housekeeping?,practical_flow,explore-next,phrase,audio-authored-giup-toi-xac-nhan-dat-tour-duoc-khong-f5616d4cb8,Giúp tôi xác nhận đặt tour được không?
p2,viet-family-vpe-help-action-anh-chi-giup-toi-kiem-tra-dat-phong-duoc-khong,Giúp tôi kiểm tra đặt phòng được không?,Can you help me check my reservation?,practical_flow,practice-pairs,phrase,audio-authored-giup-toi-sac-dien-thoai-duoc-khong-fbd0a58ad8,Giúp tôi sạc điện thoại được không?
p2,viet-family-vpe-help-action-anh-chi-giup-toi-kiem-tra-dat-phong-duoc-khong,Giúp tôi kiểm tra đặt phòng được không?,Can you help me check my reservation?,practical_flow,explore-next,phrase,audio-authored-giup-toi-sua-wi-fi-duoc-khong-b38176fbf1,Giúp tôi sửa Wi-Fi được không?
p2,viet-family-vpe-help-action-anh-chi-giup-toi-xac-nhan-cong-ra-duoc-khong,Giúp tôi xác nhận cổng ra được không?,Can you help me confirm the gate?,practical_flow,explore-next,phrase,audio-authored-giup-toi-xoa-mon-nay-khoi-hoa-don-duoc-khong-53fea13677,Giúp tôi xóa món này khỏi hóa đơn được không?
p2,viet-family-vpe-near-place-bai-dau-xe-gan-day-khong,bãi đậu xe gần đây không?,Is the parking lot nearby?,practical_flow,practice-pairs,phrase,audio-authored-ben-pha-gan-day-khong-1682a203af,bến phà gần đây không?
p2,viet-family-vpe-near-place-bai-dau-xe-gan-day-khong,bãi đậu xe gần đây không?,Is the parking lot nearby?,practical_flow,practice-pairs,phrase,audio-authored-diem-ban-sim-gan-day-khong-1ed06d1554,điểm bán SIM gần đây không?
p2,viet-family-vpe-near-place-bai-dau-xe-gan-day-khong,bãi đậu xe gần đây không?,Is the parking lot nearby?,practical_flow,practice-pairs,phrase,audio-authored-khu-am-thuc-gan-day-khong-7ef188e6bd,khu ẩm thực gần đây không?
p2,viet-family-vpe-near-place-bai-dau-xe-gan-day-khong,bãi đậu xe gần đây không?,Is the parking lot nearby?,practical_flow,explore-next,phrase,audio-authored-tram-xang-gan-day-khong-3bcc267dc2,trạm xăng gần đây không?
p2,viet-family-vpe-near-place-bai-dau-xe-gan-day-khong,bãi đậu xe gần đây không?,Is the parking lot nearby?,practical_flow,explore-next,phrase,audio-authored-van-phong-du-lich-gan-day-khong-5ea010a3fc,văn phòng du lịch gần đây không?
p2,viet-family-vpe-near-place-bai-gui-xe-may-gan-day-khong,bãi gửi xe máy gần đây không?,Is motorbike parking nearby?,practical_flow,practice-pairs,phrase,audio-authored-cua-khoi-hanh-gan-day-khong-a29ee313ab,cửa khởi hành gần đây không?
p2,viet-family-vpe-near-place-bai-gui-xe-may-gan-day-khong,bãi gửi xe máy gần đây không?,Is motorbike parking nearby?,practical_flow,practice-pairs,phrase,audio-authored-khu-kiem-tra-an-ninh-gan-day-khong-05886402cd,khu kiểm tra an ninh gần đây không?
p2,viet-family-vpe-near-place-bai-gui-xe-may-gan-day-khong,bãi gửi xe máy gần đây không?,Is motorbike parking nearby?,practical_flow,practice-pairs,phrase,audio-authored-phong-cau-nguyen-gan-day-khong-148ef69de0,phòng cầu nguyện gần đây không?
p2,viet-family-vpe-near-place-bai-gui-xe-may-gan-day-khong,bãi gửi xe máy gần đây không?,Is motorbike parking nearby?,practical_flow,explore-next,phrase,audio-authored-quay-hoan-thue-gan-day-khong-f4c152cbfc,quầy hoàn thuế gần đây không?
p2,viet-family-vpe-near-place-bai-gui-xe-may-gan-day-khong,bãi gửi xe máy gần đây không?,Is motorbike parking nearby?,practical_flow,explore-next,phrase,audio-authored-tram-y-te-gan-day-khong-e5dd15b0a3,trạm y tế gần đây không?
p2,viet-family-vpe-near-place-ben-pha-gan-day-khong,bến phà gần đây không?,Is the ferry pier nearby?,practical_flow,practice-pairs,phrase,audio-authored-cua-hang-dien-thoai-gan-day-khong-928760b2a1,cửa hàng điện thoại gần đây không?
p2,viet-family-vpe-near-place-ben-pha-gan-day-khong,bến phà gần đây không?,Is the ferry pier nearby?,practical_flow,practice-pairs,phrase,audio-authored-phong-thay-do-gan-day-khong-b447cac825,phòng thay đồ gần đây không?
p2,viet-family-vpe-near-place-ben-pha-gan-day-khong,bến phà gần đây không?,Is the ferry pier nearby?,practical_flow,explore-next,phrase,audio-authored-quay-thanh-toan-gan-day-khong-25de6073da,quầy thanh toán gần đây không?
p2,viet-family-vpe-near-place-ben-tau-gan-day-khong,bến tàu gần đây không?,Is the boat pier nearby?,practical_flow,practice-pairs,phrase,audio-authored-loi-vao-gan-day-khong-3a181084ed,lối vào gần đây không?
p2,viet-family-vpe-near-place-ben-tau-gan-day-khong,bến tàu gần đây không?,Is the boat pier nearby?,practical_flow,explore-next,phrase,audio-authored-thang-may-gan-day-khong-3a5c5997a7,thang máy gần đây không?
p2,viet-family-vpe-near-place-cho-dau-taxi-gan-day-khong,chỗ đậu taxi gần đây không?,Is the taxi stand nearby?,practical_flow,hero,hero,audio-authored-cho-dau-taxi-gan-day-khong-c03a844a40,chỗ đậu taxi gần đây không?
p2,viet-family-vpe-near-place-cho-gui-hanh-ly-gan-day-khong,chỗ gửi hành lý gần đây không?,Is luggage storage nearby?,practical_flow,hero,hero,audio-authored-cho-gui-hanh-ly-gan-day-khong-127709437a,chỗ gửi hành lý gần đây không?
p2,viet-family-vpe-near-place-cho-gui-hanh-ly-gan-day-khong,chỗ gửi hành lý gần đây không?,Is luggage storage nearby?,practical_flow,explore-next,phrase,audio-authored-phong-kham-gan-day-khong-ca70a081f5,phòng khám gần đây không?
p2,viet-family-vpe-near-place-cong-len-may-bay-gan-day-khong,cổng lên máy bay gần đây không?,Is the boarding gate nearby?,practical_flow,practice-pairs,phrase,audio-authored-cua-hai-quan-gan-day-khong-fe60482210,cửa hải quan gần đây không?
p2,viet-family-vpe-near-place-cong-len-may-bay-gan-day-khong,cổng lên máy bay gần đây không?,Is the boarding gate nearby?,practical_flow,explore-next,phrase,audio-authored-tram-sac-gan-day-khong-bfab4830ef,trạm sạc gần đây không?
p2,viet-family-vpe-near-place-cua-khoi-hanh-gan-day-khong,cửa khởi hành gần đây không?,Is the departure door nearby?,practical_flow,practice-pairs,phrase,audio-authored-duong-mot-chieu-gan-day-khong-8f94e0e90e,đường một chiều gần đây không?
p2,viet-family-vpe-near-place-cua-khoi-hanh-gan-day-khong,cửa khởi hành gần đây không?,Is the departure door nearby?,practical_flow,practice-pairs,phrase,audio-authored-hem-nay-gan-day-khong-29a4f163e4,hẻm này gần đây không?
p2,viet-family-vpe-near-place-cua-khoi-hanh-gan-day-khong,cửa khởi hành gần đây không?,Is the departure door nearby?,practical_flow,explore-next,phrase,audio-authored-nga-tu-gan-day-khong-d8b05540cd,ngã tư gần đây không?
p2,viet-family-vpe-need-item-toi-can-anh-the,Tôi cần ảnh thẻ,I need passport photos.,practical_flow,hero,hero,audio-authored-toi-can-anh-the-dcf1e361cc,Tôi cần ảnh thẻ
p2,viet-family-vpe-need-item-toi-can-anh-the,Tôi cần ảnh thẻ,I need passport photos.,practical_flow,practice-pairs,phrase,audio-authored-toi-can-cho-ngoi-canh-loi-di-2536fe186b,Tôi cần chỗ ngồi cạnh lối đi
p2,viet-family-vpe-need-item-toi-can-anh-the,Tôi cần ảnh thẻ,I need passport photos.,practical_flow,practice-pairs,phrase,audio-authored-toi-can-cho-ngoi-gan-cua-so-ed306d67ce,Tôi cần chỗ ngồi gần cửa sổ
p2,viet-family-vpe-need-item-toi-can-anh-the,Tôi cần ảnh thẻ,I need passport photos.,practical_flow,practice-pairs,phrase,audio-authored-toi-can-ma-dat-cho-221774fc74,Tôi cần mã đặt chỗ
p2,viet-family-vpe-need-item-toi-can-anh-the,Tôi cần ảnh thẻ,I need passport photos.,practical_flow,explore-next,phrase,audio-authored-toi-can-nuoc-khong-da-86d89a651d,Tôi cần nước không đá
p2,viet-family-vpe-need-item-toi-can-anh-the,Tôi cần ảnh thẻ,I need passport photos.,practical_flow,explore-next,phrase,audio-authored-toi-can-phieu-dat-phong-ee7f6c183c,Tôi cần phiếu đặt phòng
p2,viet-family-vpe-need-item-toi-can-anh-the,Tôi cần ảnh thẻ,I need passport photos.,practical_flow,explore-next,phrase,audio-authored-toi-can-ao-mua-523e6e4f6f,Tôi cần áo mưa
p2,viet-family-vpe-need-item-toi-can-anh-the,Tôi cần ảnh thẻ,I need passport photos.,practical_flow,explore-next,phrase,audio-authored-toi-can-ao-thun-49ae9e1bab,Tôi cần áo thun
p2,viet-family-vpe-need-item-toi-can-anh-the,Tôi cần ảnh thẻ,I need passport photos.,practical_flow,explore-next,phrase,audio-authored-toi-can-ba-lo-nho-828431635d,Tôi cần ba lô nhỏ
p2,viet-family-vpe-need-item-toi-can-anh-the,Tôi cần ảnh thẻ,I need passport photos.,practical_flow,explore-next,phrase,audio-authored-toi-can-ban-chai-danh-rang-d3cb67e969,Tôi cần bàn chải đánh răng
p2,viet-family-vpe-need-item-toi-can-ban-chai-danh-rang,Tôi cần bàn chải đánh răng,I need a toothbrush.,practical_flow,practice-pairs,phrase,audio-authored-toi-can-dau-goi-17f93c62c2,Tôi cần dầu gội
p2,viet-family-vpe-need-item-toi-can-ban-chai-danh-rang,Tôi cần bàn chải đánh răng,I need a toothbrush.,practical_flow,practice-pairs,phrase,audio-authored-toi-can-kem-danh-rang-4524bdc6c6,Tôi cần kem đánh răng
p2,viet-family-vpe-need-item-toi-can-ban-chai-danh-rang,Tôi cần bàn chải đánh răng,I need a toothbrush.,practical_flow,explore-next,phrase,audio-authored-toi-can-nuoc-rua-tay-f32d29844a,Tôi cần nước rửa tay
p2,viet-family-vpe-need-item-toi-can-ban-chai-danh-rang,Tôi cần bàn chải đánh răng,I need a toothbrush.,practical_flow,explore-next,phrase,audio-authored-toi-can-o-che-mua-d09a2ba0d9,Tôi cần ô che mưa
p2,viet-family-vpe-need-item-toi-can-ban-sao-ho-chieu,Tôi cần bản sao hộ chiếu,I need a passport copy.,practical_flow,hero,hero,audio-authored-toi-can-ban-sao-ho-chieu-39bc42b456,Tôi cần bản sao hộ chiếu
p2,viet-family-vpe-need-item-toi-can-chia-khoa-phong,Tôi cần chìa khóa phòng,I need the room key.,practical_flow,hero,hero,audio-authored-toi-can-chia-khoa-phong-dbaa87bcf2,Tôi cần chìa khóa phòng
p2,viet-family-vpe-need-item-toi-can-chia-khoa-phong,Tôi cần chìa khóa phòng,I need the room key.,practical_flow,explore-next,phrase,audio-authored-toi-can-may-say-toc-82cf2a1e09,Tôi cần máy sấy tóc
p2,viet-family-vpe-need-item-toi-can-khan-tam,Tôi cần khăn tắm,I need a bath towel.,practical_flow,hero,hero,audio-authored-toi-can-khan-tam-959af64116,Tôi cần khăn tắm
p2,viet-family-vpe-need-item-toi-can-phong-doi,Tôi cần phòng đôi,I need a double room.,practical_flow,hero,hero,audio-authored-toi-can-phong-doi-a2e92a2715,Tôi cần phòng đôi
p2,viet-family-vpe-one-item-please-cho-toi-mot-anh-the,Cho tôi ảnh thẻ,"Passport photos, please.",practical_flow,hero,hero,audio-authored-cho-toi-anh-the-6aab1bc73e,Cho tôi ảnh thẻ
p2,viet-family-vpe-one-item-please-cho-toi-mot-anh-the,Cho tôi ảnh thẻ,"Passport photos, please.",practical_flow,practice-pairs,phrase,audio-authored-cho-toi-cho-ngoi-canh-loi-di-4c39092795,Cho tôi chỗ ngồi cạnh lối đi
p2,viet-family-vpe-one-item-please-cho-toi-mot-anh-the,Cho tôi ảnh thẻ,"Passport photos, please.",practical_flow,practice-pairs,phrase,audio-authored-cho-toi-cho-ngoi-gan-cua-so-a0fe1624a2,Cho tôi chỗ ngồi gần cửa sổ
p2,viet-family-vpe-one-item-please-cho-toi-mot-anh-the,Cho tôi ảnh thẻ,"Passport photos, please.",practical_flow,practice-pairs,phrase,audio-authored-cho-toi-ma-dat-cho-133e15573c,Cho tôi mã đặt chỗ
p2,viet-family-vpe-one-item-please-cho-toi-mot-anh-the,Cho tôi ảnh thẻ,"Passport photos, please.",practical_flow,explore-next,phrase,audio-authored-cho-toi-nuoc-khong-da-268016731f,Cho tôi nước không đá
p2,viet-family-vpe-one-item-please-cho-toi-mot-anh-the,Cho tôi ảnh thẻ,"Passport photos, please.",practical_flow,explore-next,phrase,audio-authored-cho-toi-phieu-dat-phong-fce23af9eb,Cho tôi phiếu đặt phòng
p2,viet-family-vpe-one-item-please-cho-toi-mot-anh-the,Cho tôi ảnh thẻ,"Passport photos, please.",practical_flow,explore-next,phrase,audio-authored-cho-toi-ao-mua-3dd41edff2,Cho tôi áo mưa
p2,viet-family-vpe-one-item-please-cho-toi-mot-anh-the,Cho tôi ảnh thẻ,"Passport photos, please.",practical_flow,explore-next,phrase,audio-authored-cho-toi-ao-thun-4906a3e1dc,Cho tôi áo thun
p2,viet-family-vpe-one-item-please-cho-toi-mot-anh-the,Cho tôi ảnh thẻ,"Passport photos, please.",practical_flow,explore-next,phrase,audio-authored-cho-toi-ba-lo-nho-7859ff1ce2,Cho tôi ba lô nhỏ
p2,viet-family-vpe-one-item-please-cho-toi-mot-anh-the,Cho tôi ảnh thẻ,"Passport photos, please.",practical_flow,explore-next,phrase,audio-authored-cho-toi-ban-chai-danh-rang-1165853a38,Cho tôi bàn chải đánh răng
p2,viet-family-vpe-one-item-please-cho-toi-mot-ban-chai-danh-rang,Cho tôi bàn chải đánh răng,"A toothbrush, please.",practical_flow,practice-pairs,phrase,audio-authored-cho-toi-dau-goi-c9c138944b,Cho tôi dầu gội
p2,viet-family-vpe-one-item-please-cho-toi-mot-ban-chai-danh-rang,Cho tôi bàn chải đánh răng,"A toothbrush, please.",practical_flow,practice-pairs,phrase,audio-authored-cho-toi-kem-danh-rang-59a68c181d,Cho tôi kem đánh răng
p2,viet-family-vpe-one-item-please-cho-toi-mot-ban-chai-danh-rang,Cho tôi bàn chải đánh răng,"A toothbrush, please.",practical_flow,explore-next,phrase,audio-authored-cho-toi-nuoc-rua-tay-b3c979257d,Cho tôi nước rửa tay
p2,viet-family-vpe-one-item-please-cho-toi-mot-ban-chai-danh-rang,Cho tôi bàn chải đánh răng,"A toothbrush, please.",practical_flow,explore-next,phrase,audio-authored-cho-toi-o-che-mua-0171a307ed,Cho tôi ô che mưa
p2,viet-family-vpe-one-item-please-cho-toi-mot-ban-sao-ho-chieu,Cho tôi bản sao hộ chiếu,"A passport copy, please.",practical_flow,hero,hero,audio-authored-cho-toi-ban-sao-ho-chieu-94a883886c,Cho tôi bản sao hộ chiếu
p2,viet-family-vpe-one-item-please-cho-toi-mot-chia-khoa-phong,Cho tôi chìa khóa phòng,"The room key, please.",practical_flow,hero,hero,audio-authored-cho-toi-chia-khoa-phong-e7343574b7,Cho tôi chìa khóa phòng
p2,viet-family-vpe-one-item-please-cho-toi-mot-chia-khoa-phong,Cho tôi chìa khóa phòng,"The room key, please.",practical_flow,explore-next,phrase,audio-authored-cho-toi-may-say-toc-632bfedf9e,Cho tôi máy sấy tóc
p2,viet-family-vpe-one-item-please-cho-toi-mot-khan-tam,Cho tôi khăn tắm,"A bath towel, please.",practical_flow,hero,hero,audio-authored-cho-toi-khan-tam-982f6daf32,Cho tôi khăn tắm
p2,viet-family-vpe-one-item-please-cho-toi-mot-phong-doi,Cho tôi phòng đôi,"A double room, please.",practical_flow,hero,hero,audio-authored-cho-toi-phong-doi-f2e7d8f748,Cho tôi phòng đôi
p2,viet-family-vpe-polite-request-da-cho-toi-chia-khoa-phong,"Dạ, cho tôi chìa khóa phòng","Respectfully, please give me the room key.",practical_flow,practice-pairs,phrase,audio-authored-da-cho-toi-may-say-toc-9f371c01fa,"Dạ, cho tôi máy sấy tóc"
p2,viet-family-vpe-polite-request-da-cho-toi-chia-khoa-phong,"Dạ, cho tôi chìa khóa phòng","Respectfully, please give me the room key.",practical_flow,practice-pairs,phrase,audio-authored-lam-on-cho-toi-da-7d27a9bb6f,Làm ơn cho tôi đá
p2,viet-family-vpe-polite-request-da-cho-toi-chia-khoa-phong,"Dạ, cho tôi chìa khóa phòng","Respectfully, please give me the room key.",practical_flow,practice-pairs,phrase,audio-authored-lam-on-cho-toi-nuoc-loc-8335f06c5c,Làm ơn cho tôi nước lọc
p2,viet-family-vpe-polite-request-da-cho-toi-chia-khoa-phong,"Dạ, cho tôi chìa khóa phòng","Respectfully, please give me the room key.",practical_flow,explore-next,phrase,audio-authored-lam-on-cho-toi-nuoc-nong-fd319453c4,Làm ơn cho tôi nước nóng
p2,viet-family-vpe-polite-request-da-cho-toi-chia-khoa-phong,"Dạ, cho tôi chìa khóa phòng","Respectfully, please give me the room key.",practical_flow,explore-next,phrase,audio-authored-lam-on-cho-toi-nuoc-suoi-a2553e3b02,Làm ơn cho tôi nước suối
p2,viet-family-vpe-polite-request-da-cho-toi-khan-tam,"Dạ, cho tôi khăn tắm","Respectfully, please give me a bath towel.",practical_flow,hero,hero,audio-authored-da-cho-toi-khan-tam-1b020451a9,"Dạ, cho tôi khăn tắm"
p2,viet-family-vpe-polite-request-da-cho-toi-may-say-toc,"Dạ, cho tôi máy sấy tóc","Respectfully, please give me a hair dryer.",practical_flow,practice-pairs,phrase,audio-authored-lam-on-cho-toi-khan-giay-e5123da39c,Làm ơn cho tôi khăn giấy
p2,viet-family-vpe-polite-request-da-cho-toi-phong-doi,"Dạ, cho tôi phòng đôi","Respectfully, please give me a double room.",practical_flow,hero,hero,audio-authored-da-cho-toi-phong-doi-87bfb663cb,"Dạ, cho tôi phòng đôi"
p2,viet-family-vpe-pronoun-help-anh-giup-toi-doi-phong-duoc-khong,Anh giúp tôi đổi phòng được không?,Can you help me change rooms?,practical_flow,practice-pairs,phrase,audio-authored-chi-giup-toi-chi-duong-duoc-khong-c29e302055,Chị giúp tôi chỉ đường được không?
p2,viet-family-vpe-pronoun-help-anh-giup-toi-doi-phong-duoc-khong,Anh giúp tôi đổi phòng được không?,Can you help me change rooms?,practical_flow,practice-pairs,phrase,audio-authored-chi-giup-toi-doc-so-nay-duoc-khong-e5ad6e9af0,Chị giúp tôi đọc số này được không?
p2,viet-family-vpe-pronoun-help-anh-giup-toi-doi-phong-duoc-khong,Anh giúp tôi đổi phòng được không?,Can you help me change rooms?,practical_flow,practice-pairs,phrase,audio-authored-chi-giup-toi-goi-taxi-duoc-khong-d3ead8994d,Chị giúp tôi gọi taxi được không?
p2,viet-family-vpe-pronoun-help-anh-giup-toi-doi-phong-duoc-khong,Anh giúp tôi đổi phòng được không?,Can you help me change rooms?,practical_flow,explore-next,phrase,audio-authored-chi-giup-toi-goi-xe-cong-nghe-duoc-khong-a0e1f8bbec,Chị giúp tôi gọi xe công nghệ được không?
p2,viet-family-vpe-pronoun-help-anh-giup-toi-doi-phong-duoc-khong,Anh giúp tôi đổi phòng được không?,Can you help me change rooms?,practical_flow,explore-next,phrase,audio-authored-chi-giup-toi-viet-dia-chi-duoc-khong-6bce3ec052,Chị giúp tôi viết địa chỉ được không?
p2,viet-family-vpe-pronoun-help-anh-giup-toi-kiem-tra-dat-phong-duoc-khong,Anh giúp tôi kiểm tra đặt phòng được không?,Can you help me check my reservation?,practical_flow,practice-pairs,phrase,audio-authored-anh-giup-toi-sac-dien-thoai-duoc-khong-5ff2f9d770,Anh giúp tôi sạc điện thoại được không?
p2,viet-family-vpe-pronoun-help-anh-giup-toi-kiem-tra-dat-phong-duoc-khong,Anh giúp tôi kiểm tra đặt phòng được không?,Can you help me check my reservation?,practical_flow,explore-next,phrase,audio-authored-anh-giup-toi-sua-wi-fi-duoc-khong-61c5fd4297,Anh giúp tôi sửa Wi-Fi được không?
p2,viet-family-vpe-pronoun-help-chi-giup-toi-doi-phong-duoc-khong,Chị giúp tôi đổi phòng được không?,Can you help me change rooms?,practical_flow,hero,hero,audio-authored-chi-giup-toi-doi-phong-duoc-khong-7267a69a45,Chị giúp tôi đổi phòng được không?
p2,viet-family-vpe-pronoun-help-chi-giup-toi-doi-phong-duoc-khong,Chị giúp tôi đổi phòng được không?,Can you help me change rooms?,practical_flow,practice-pairs,phrase,audio-authored-co-giup-toi-chi-duong-duoc-khong-c64c0a4c58,Cô giúp tôi chỉ đường được không?
p2,viet-family-vpe-pronoun-help-chi-giup-toi-doi-phong-duoc-khong,Chị giúp tôi đổi phòng được không?,Can you help me change rooms?,practical_flow,practice-pairs,phrase,audio-authored-co-giup-toi-doc-so-nay-duoc-khong-7dc7987354,Cô giúp tôi đọc số này được không?
p2,viet-family-vpe-pronoun-help-chi-giup-toi-doi-phong-duoc-khong,Chị giúp tôi đổi phòng được không?,Can you help me change rooms?,practical_flow,practice-pairs,phrase,audio-authored-co-giup-toi-goi-taxi-duoc-khong-51e4af25d0,Cô giúp tôi gọi taxi được không?
p2,viet-family-vpe-pronoun-help-chi-giup-toi-doi-phong-duoc-khong,Chị giúp tôi đổi phòng được không?,Can you help me change rooms?,practical_flow,explore-next,phrase,audio-authored-co-giup-toi-goi-xe-cong-nghe-duoc-khong-c9259019b0,Cô giúp tôi gọi xe công nghệ được không?
p2,viet-family-vpe-pronoun-help-chi-giup-toi-doi-phong-duoc-khong,Chị giúp tôi đổi phòng được không?,Can you help me change rooms?,practical_flow,explore-next,phrase,audio-authored-co-giup-toi-viet-dia-chi-duoc-khong-006295ab76,Cô giúp tôi viết địa chỉ được không?
p2,viet-family-vpe-pronoun-help-chi-giup-toi-kiem-tra-dat-phong-duoc-khong,Chị giúp tôi kiểm tra đặt phòng được không?,Can you help me check my reservation?,practical_flow,practice-pairs,phrase,audio-authored-chi-giup-toi-sac-dien-thoai-duoc-khong-c2ea23a12b,Chị giúp tôi sạc điện thoại được không?
p2,viet-family-vpe-pronoun-help-chi-giup-toi-kiem-tra-dat-phong-duoc-khong,Chị giúp tôi kiểm tra đặt phòng được không?,Can you help me check my reservation?,practical_flow,explore-next,phrase,audio-authored-chi-giup-toi-sua-wi-fi-duoc-khong-0722cd9479,Chị giúp tôi sửa Wi-Fi được không?
p2,viet-family-vpe-pronoun-help-chu-giup-toi-doi-phong-duoc-khong,Chú giúp tôi đổi phòng được không?,Can you help me change rooms?,practical_flow,hero,hero,audio-authored-chu-giup-toi-doi-phong-duoc-khong-6531c0da33,Chú giúp tôi đổi phòng được không?
p2,viet-family-vpe-pronoun-help-chu-giup-toi-doi-phong-duoc-khong,Chú giúp tôi đổi phòng được không?,Can you help me change rooms?,practical_flow,practice-pairs,phrase,audio-authored-em-giup-toi-chi-duong-duoc-khong-a538bbfa2e,Em giúp tôi chỉ đường được không?
p2,viet-family-vpe-pronoun-help-chu-giup-toi-doi-phong-duoc-khong,Chú giúp tôi đổi phòng được không?,Can you help me change rooms?,practical_flow,practice-pairs,phrase,audio-authored-em-giup-toi-doc-so-nay-duoc-khong-3c0e6fdd6d,Em giúp tôi đọc số này được không?
p2,viet-family-vpe-pronoun-help-chu-giup-toi-doi-phong-duoc-khong,Chú giúp tôi đổi phòng được không?,Can you help me change rooms?,practical_flow,practice-pairs,phrase,audio-authored-em-giup-toi-goi-taxi-duoc-khong-d6a5828121,Em giúp tôi gọi taxi được không?
p2,viet-family-vpe-pronoun-help-chu-giup-toi-doi-phong-duoc-khong,Chú giúp tôi đổi phòng được không?,Can you help me change rooms?,practical_flow,explore-next,phrase,audio-authored-em-giup-toi-goi-xe-cong-nghe-duoc-khong-506da86d00,Em giúp tôi gọi xe công nghệ được không?
p2,viet-family-vpe-pronoun-help-chu-giup-toi-doi-phong-duoc-khong,Chú giúp tôi đổi phòng được không?,Can you help me change rooms?,practical_flow,explore-next,phrase,audio-authored-em-giup-toi-viet-dia-chi-duoc-khong-c36be47194,Em giúp tôi viết địa chỉ được không?
p2,viet-family-vpe-pronoun-help-chu-giup-toi-goi-taxi-duoc-khong,Chú giúp tôi gọi taxi được không?,Can you help me call a taxi?,practical_flow,hero,hero,audio-authored-chu-giup-toi-goi-taxi-duoc-khong-22bd3c255c,Chú giúp tôi gọi taxi được không?
p2,viet-family-vpe-pronoun-help-chu-giup-toi-goi-taxi-duoc-khong,Chú giúp tôi gọi taxi được không?,Can you help me call a taxi?,practical_flow,practice-pairs,phrase,audio-authored-chu-giup-toi-goi-xe-cong-nghe-duoc-khong-b152bd823f,Chú giúp tôi gọi xe công nghệ được không?
p2,viet-family-vpe-pronoun-help-chu-giup-toi-kiem-tra-dat-phong-duoc-khong,Chú giúp tôi kiểm tra đặt phòng được không?,Can you help me check my reservation?,practical_flow,practice-pairs,phrase,audio-authored-chu-giup-toi-sac-dien-thoai-duoc-khong-6738784c6a,Chú giúp tôi sạc điện thoại được không?
p2,viet-family-vpe-pronoun-help-chu-giup-toi-kiem-tra-dat-phong-duoc-khong,Chú giúp tôi kiểm tra đặt phòng được không?,Can you help me check my reservation?,practical_flow,explore-next,phrase,audio-authored-chu-giup-toi-sua-wi-fi-duoc-khong-d4a51e6b8f,Chú giúp tôi sửa Wi-Fi được không?
p2,viet-family-vpe-pronoun-help-co-giup-toi-doi-phong-duoc-khong,Cô giúp tôi đổi phòng được không?,Can you help me change rooms?,practical_flow,hero,hero,audio-authored-co-giup-toi-doi-phong-duoc-khong-4afcc55549,Cô giúp tôi đổi phòng được không?
p2,viet-family-vpe-pronoun-help-co-giup-toi-kiem-tra-dat-phong-duoc-khong,Cô giúp tôi kiểm tra đặt phòng được không?,Can you help me check my reservation?,practical_flow,practice-pairs,phrase,audio-authored-co-giup-toi-sac-dien-thoai-duoc-khong-9714b6f404,Cô giúp tôi sạc điện thoại được không?
p2,viet-family-vpe-pronoun-help-co-giup-toi-kiem-tra-dat-phong-duoc-khong,Cô giúp tôi kiểm tra đặt phòng được không?,Can you help me check my reservation?,practical_flow,explore-next,phrase,audio-authored-co-giup-toi-sua-wi-fi-duoc-khong-50165915ab,Cô giúp tôi sửa Wi-Fi được không?
p2,viet-family-vpe-pronoun-help-em-giup-toi-doi-phong-duoc-khong,Em giúp tôi đổi phòng được không?,Can you help me change rooms?,practical_flow,hero,hero,audio-authored-em-giup-toi-doi-phong-duoc-khong-de2a4edf85,Em giúp tôi đổi phòng được không?
p2,viet-family-vpe-pronoun-help-em-giup-toi-kiem-tra-dat-phong-duoc-khong,Em giúp tôi kiểm tra đặt phòng được không?,Can you help me check my reservation?,practical_flow,practice-pairs,phrase,audio-authored-em-giup-toi-sac-dien-thoai-duoc-khong-0d2a26ce16,Em giúp tôi sạc điện thoại được không?
p2,viet-family-vpe-pronoun-help-em-giup-toi-kiem-tra-dat-phong-duoc-khong,Em giúp tôi kiểm tra đặt phòng được không?,Can you help me check my reservation?,practical_flow,explore-next,phrase,audio-authored-em-giup-toi-sua-wi-fi-duoc-khong-051539fa81,Em giúp tôi sửa Wi-Fi được không?
p2,viet-family-vpe-stop-at-place-dung-o-atm,Dừng ở ATM,Stop at an ATM.,practical_flow,hero,hero,audio-authored-dung-o-atm-a95b6a2479,Dừng ở ATM
p2,viet-family-vpe-stop-at-place-dung-o-atm,Dừng ở ATM,Stop at an ATM.,practical_flow,practice-pairs,phrase,audio-authored-dung-o-ben-tau-6656868d29,Dừng ở bến tàu
p2,viet-family-vpe-stop-at-place-dung-o-atm,Dừng ở ATM,Stop at an ATM.,practical_flow,practice-pairs,phrase,audio-authored-dung-o-ben-xe-7e2004c1d4,Dừng ở bến xe
p2,viet-family-vpe-stop-at-place-dung-o-atm,Dừng ở ATM,Stop at an ATM.,practical_flow,practice-pairs,phrase,audio-authored-dung-o-cua-ra-54c5ba6b1c,Dừng ở cửa ra
p2,viet-family-vpe-stop-at-place-dung-o-atm,Dừng ở ATM,Stop at an ATM.,practical_flow,explore-next,phrase,audio-authored-dung-o-ga-tau-f10a95c7bd,Dừng ở ga tàu
p2,viet-family-vpe-stop-at-place-dung-o-atm,Dừng ở ATM,Stop at an ATM.,practical_flow,explore-next,phrase,audio-authored-dung-o-san-bay-eb95bb0d80,Dừng ở sân bay
p2,viet-family-vpe-stop-at-place-dung-o-atm,Dừng ở ATM,Stop at an ATM.,practical_flow,explore-next,phrase,audio-authored-dung-o-bai-bien-06ab190042,Dừng ở bãi biển
p2,viet-family-vpe-stop-at-place-dung-o-atm,Dừng ở ATM,Stop at an ATM.,practical_flow,explore-next,phrase,audio-authored-dung-o-bai-dau-xe-bfb7d28f4e,Dừng ở bãi đậu xe
p2,viet-family-vpe-stop-at-place-dung-o-atm,Dừng ở ATM,Stop at an ATM.,practical_flow,explore-next,phrase,audio-authored-dung-o-bai-gui-xe-may-84226e2b71,Dừng ở bãi gửi xe máy
p2,viet-family-vpe-stop-at-place-dung-o-atm,Dừng ở ATM,Stop at an ATM.,practical_flow,explore-next,phrase,audio-authored-dung-o-ban-huong-dan-5296dabbf0,Dừng ở bàn hướng dẫn
p2,viet-family-vpe-stop-at-place-dung-o-bai-bien,Dừng ở bãi biển,Stop at the beach.,practical_flow,practice-pairs,phrase,audio-authored-dung-o-bao-tang-8d8d47aa07,Dừng ở bảo tàng
p2,viet-family-vpe-stop-at-place-dung-o-bai-bien,Dừng ở bãi biển,Stop at the beach.,practical_flow,practice-pairs,phrase,audio-authored-dung-o-chua-553c0d70b6,Dừng ở chùa
p2,viet-family-vpe-stop-at-place-dung-o-bai-bien,Dừng ở bãi biển,Stop at the beach.,practical_flow,practice-pairs,phrase,audio-authored-dung-o-nha-tho-e848cf1ee1,Dừng ở nhà thờ
p2,viet-family-vpe-stop-at-place-dung-o-bai-bien,Dừng ở bãi biển,Stop at the beach.,practical_flow,explore-next,phrase,audio-authored-dung-o-pho-di-bo-ae36a4bd63,Dừng ở phố đi bộ
p2,viet-family-vpe-stop-at-place-dung-o-bai-bien,Dừng ở bãi biển,Stop at the beach.,practical_flow,explore-next,phrase,audio-authored-dung-o-trung-tam-thuong-mai-46379ab492,Dừng ở trung tâm thương mại
p2,viet-family-vpe-stop-at-place-dung-o-bai-dau-xe,Dừng ở bãi đậu xe,Stop at the parking lot.,practical_flow,practice-pairs,phrase,audio-authored-dung-o-ben-pha-120f567078,Dừng ở bến phà
p2,viet-family-vpe-stop-at-place-dung-o-bai-dau-xe,Dừng ở bãi đậu xe,Stop at the parking lot.,practical_flow,practice-pairs,phrase,audio-authored-dung-o-diem-ban-sim-49c3df906f,Dừng ở điểm bán SIM
p2,viet-family-vpe-stop-at-place-dung-o-bai-dau-xe,Dừng ở bãi đậu xe,Stop at the parking lot.,practical_flow,practice-pairs,phrase,audio-authored-dung-o-khu-am-thuc-01a51e4cb0,Dừng ở khu ẩm thực
p2,viet-family-vpe-stop-at-place-dung-o-bai-dau-xe,Dừng ở bãi đậu xe,Stop at the parking lot.,practical_flow,explore-next,phrase,audio-authored-dung-o-tram-xang-fbd230cf7c,Dừng ở trạm xăng
p2,viet-family-vpe-stop-at-place-dung-o-bai-dau-xe,Dừng ở bãi đậu xe,Stop at the parking lot.,practical_flow,explore-next,phrase,audio-authored-dung-o-van-phong-du-lich-98bf09bb42,Dừng ở văn phòng du lịch
p2,viet-family-vpe-stop-at-place-dung-o-bai-gui-xe-may,Dừng ở bãi gửi xe máy,Stop at motorbike parking.,practical_flow,practice-pairs,phrase,audio-authored-dung-o-cua-khoi-hanh-1dffeacb0d,Dừng ở cửa khởi hành
p2,viet-family-vpe-stop-at-place-dung-o-bai-gui-xe-may,Dừng ở bãi gửi xe máy,Stop at motorbike parking.,practical_flow,practice-pairs,phrase,audio-authored-dung-o-khu-kiem-tra-an-ninh-2d6b412629,Dừng ở khu kiểm tra an ninh
p2,viet-family-vpe-stop-at-place-dung-o-bai-gui-xe-may,Dừng ở bãi gửi xe máy,Stop at motorbike parking.,practical_flow,practice-pairs,phrase,audio-authored-dung-o-phong-cau-nguyen-f2f8e1f7fe,Dừng ở phòng cầu nguyện
p2,viet-family-vpe-stop-at-place-dung-o-bai-gui-xe-may,Dừng ở bãi gửi xe máy,Stop at motorbike parking.,practical_flow,explore-next,phrase,audio-authored-dung-o-quay-hoan-thue-bd6bbaaaa1,Dừng ở quầy hoàn thuế
p2,viet-family-vpe-stop-at-place-dung-o-bai-gui-xe-may,Dừng ở bãi gửi xe máy,Stop at motorbike parking.,practical_flow,explore-next,phrase,audio-authored-dung-o-tram-y-te-ca478d68d4,Dừng ở trạm y tế
p2,viet-family-vpe-stop-at-place-dung-o-ban-huong-dan,Dừng ở bàn hướng dẫn,Stop at the help desk.,practical_flow,practice-pairs,phrase,audio-authored-dung-o-cay-nuoc-nong-94d51347b6,Dừng ở cây nước nóng
p2,viet-family-vpe-stop-at-place-dung-o-ban-huong-dan,Dừng ở bàn hướng dẫn,Stop at the help desk.,practical_flow,practice-pairs,phrase,audio-authored-dung-o-may-in-5b8224927c,Dừng ở máy in
p2,viet-family-vpe-stop-at-place-dung-o-ban-huong-dan,Dừng ở bàn hướng dẫn,Stop at the help desk.,practical_flow,practice-pairs,phrase,audio-authored-dung-o-may-photocopy-40eeaaeb63,Dừng ở máy photocopy
p2,viet-family-vpe-stop-at-place-dung-o-ban-huong-dan,Dừng ở bàn hướng dẫn,Stop at the help desk.,practical_flow,explore-next,phrase,audio-authored-dung-o-phong-y-te-8a3d2ecf43,Dừng ở phòng y tế
p2,viet-family-vpe-stop-at-place-dung-o-ban-huong-dan,Dừng ở bàn hướng dẫn,Stop at the help desk.,practical_flow,explore-next,phrase,audio-authored-dung-o-quay-giu-do-80ff08c779,Dừng ở quầy giữ đồ
p2,viet-family-vpe-stop-at-place-dung-o-bao-tang,Dừng ở bảo tàng,Stop at the museum.,practical_flow,practice-pairs,phrase,audio-authored-dung-o-buu-dien-6518f4b2a3,Dừng ở bưu điện
p2,viet-family-vpe-stop-at-place-dung-o-ben-pha,Dừng ở bến phà,Stop at the ferry pier.,practical_flow,practice-pairs,phrase,audio-authored-dung-o-cua-hang-dien-thoai-4a2bd19d20,Dừng ở cửa hàng điện thoại
p2,viet-family-vpe-stop-at-place-dung-o-ben-pha,Dừng ở bến phà,Stop at the ferry pier.,practical_flow,practice-pairs,phrase,audio-authored-dung-o-phong-thay-do-daa5a1a104,Dừng ở phòng thay đồ
p2,viet-family-vpe-stop-at-place-dung-o-ben-pha,Dừng ở bến phà,Stop at the ferry pier.,practical_flow,explore-next,phrase,audio-authored-dung-o-quay-thanh-toan-61c52e7da1,Dừng ở quầy thanh toán
p2,viet-family-vpe-stop-at-place-dung-o-ben-tau,Dừng ở bến tàu,Stop at the boat pier.,practical_flow,practice-pairs,phrase,audio-authored-dung-o-loi-vao-ecf6f96732,Dừng ở lối vào
p2,viet-family-vpe-stop-at-place-dung-o-ben-tau,Dừng ở bến tàu,Stop at the boat pier.,practical_flow,explore-next,phrase,audio-authored-dung-o-thang-may-a7a7c5e28a,Dừng ở thang máy
p2,viet-family-vpe-stop-at-place-dung-o-benh-vien,Dừng ở bệnh viện,Stop at the hospital.,practical_flow,hero,hero,audio-authored-dung-o-benh-vien-0af372485a,Dừng ở bệnh viện
p2,viet-family-vpe-stop-at-place-dung-o-benh-vien,Dừng ở bệnh viện,Stop at the hospital.,practical_flow,practice-pairs,phrase,audio-authored-dung-o-cho-eee0d82e72,Dừng ở chợ
p2,viet-family-vpe-stop-at-place-dung-o-benh-vien,Dừng ở bệnh viện,Stop at the hospital.,practical_flow,practice-pairs,phrase,audio-authored-dung-o-don-cong-an-0999e63363,Dừng ở đồn công an
p2,viet-family-vpe-stop-at-place-dung-o-benh-vien,Dừng ở bệnh viện,Stop at the hospital.,practical_flow,practice-pairs,phrase,audio-authored-dung-o-khach-san-5104b24211,Dừng ở khách sạn
p2,viet-family-vpe-stop-at-place-dung-o-benh-vien,Dừng ở bệnh viện,Stop at the hospital.,practical_flow,explore-next,phrase,audio-authored-dung-o-nha-hang-57437480bc,Dừng ở nhà hàng
p2,viet-family-vpe-stop-at-place-dung-o-benh-vien,Dừng ở bệnh viện,Stop at the hospital.,practical_flow,explore-next,phrase,audio-authored-dung-o-quan-ca-phe-15d8667bb0,Dừng ở quán cà phê
p2,viet-family-vpe-stop-at-place-dung-o-buu-dien,Dừng ở bưu điện,Stop at the post office.,practical_flow,practice-pairs,phrase,audio-authored-dung-o-cong-len-may-bay-8c386c5532,Dừng ở cổng lên máy bay
p2,viet-family-vpe-stop-at-place-dung-o-buu-dien,Dừng ở bưu điện,Stop at the post office.,practical_flow,practice-pairs,phrase,audio-authored-dung-o-khu-lay-hanh-ly-66f3cabbd0,Dừng ở khu lấy hành lý
p2,viet-family-vpe-stop-at-place-dung-o-buu-dien,Dừng ở bưu điện,Stop at the post office.,practical_flow,practice-pairs,phrase,audio-authored-dung-o-may-ban-ve-968f9dfdc5,Dừng ở máy bán vé
p2,viet-family-vpe-stop-at-place-dung-o-buu-dien,Dừng ở bưu điện,Stop at the post office.,practical_flow,explore-next,phrase,audio-authored-dung-o-ngan-hang-074d735d8b,Dừng ở ngân hàng
p2,viet-family-vpe-stop-at-place-dung-o-buu-dien,Dừng ở bưu điện,Stop at the post office.,practical_flow,explore-next,phrase,audio-authored-dung-o-quay-ve-2354f0e0bd,Dừng ở quầy vé
p2,viet-family-vpe-stop-at-place-dung-o-cau,Dừng ở cầu,Stop at the bridge.,practical_flow,hero,hero,audio-authored-dung-o-cau-2f8b966d01,Dừng ở cầu
p2,viet-family-vpe-stop-at-place-dung-o-cau,Dừng ở cầu,Stop at the bridge.,practical_flow,practice-pairs,phrase,audio-authored-dung-o-cong-vien-ccca6b68fb,Dừng ở công viên
p2,viet-family-vpe-stop-at-place-dung-o-cau,Dừng ở cầu,Stop at the bridge.,practical_flow,practice-pairs,phrase,audio-authored-dung-o-hieu-kinh-thuoc-67739e71cd,Dừng ở hiệu kính thuốc
p2,viet-family-vpe-stop-at-place-dung-o-cau,Dừng ở cầu,Stop at the bridge.,practical_flow,practice-pairs,phrase,audio-authored-dung-o-ho-7cc7de6657,Dừng ở hồ
p2,viet-family-vpe-stop-at-place-dung-o-cau,Dừng ở cầu,Stop at the bridge.,practical_flow,explore-next,phrase,audio-authored-dung-o-song-5df424ad8b,Dừng ở sông
p2,viet-family-vpe-stop-at-place-dung-o-cau,Dừng ở cầu,Stop at the bridge.,practical_flow,explore-next,phrase,audio-authored-dung-o-tiem-giat-ui-58fcadecab,Dừng ở tiệm giặt ủi
p2,viet-family-vpe-stop-at-place-dung-o-cay-nuoc-nong,Dừng ở cây nước nóng,Stop at a hot-water dispenser.,practical_flow,practice-pairs,phrase,audio-authored-dung-o-diem-hen-05e5455e53,Dừng ở điểm hẹn
p2,viet-family-vpe-stop-at-place-dung-o-cay-nuoc-nong,Dừng ở cây nước nóng,Stop at a hot-water dispenser.,practical_flow,practice-pairs,phrase,audio-authored-dung-o-nha-thuoc-b9f9c5e219,Dừng ở nhà thuốc
p2,viet-family-vpe-stop-at-place-dung-o-cay-nuoc-nong,Dừng ở cây nước nóng,Stop at a hot-water dispenser.,practical_flow,practice-pairs,phrase,audio-authored-dung-o-nha-ve-sinh-0946783e44,Dừng ở nhà vệ sinh
p2,viet-family-vpe-stop-at-place-dung-o-cay-nuoc-nong,Dừng ở cây nước nóng,Stop at a hot-water dispenser.,practical_flow,explore-next,phrase,audio-authored-dung-o-quay-dat-tour-45683d9d88,Dừng ở quầy đặt tour
p2,viet-family-vpe-stop-at-place-dung-o-cay-nuoc-nong,Dừng ở cây nước nóng,Stop at a hot-water dispenser.,practical_flow,explore-next,phrase,audio-authored-dung-o-quay-le-tan-250ce0dcaa,Dừng ở quầy lễ tân
p2,viet-family-vpe-stop-at-place-dung-o-cho,Dừng ở chợ,Stop at the market.,practical_flow,explore-next,phrase,audio-authored-dung-o-sieu-thi-6416d259c4,Dừng ở siêu thị
p2,viet-family-vpe-stop-at-place-dung-o-cho-dau-taxi,Dừng ở chỗ đậu taxi,Stop at the taxi stand.,practical_flow,hero,hero,audio-authored-dung-o-cho-dau-taxi-ef44f478bb,Dừng ở chỗ đậu taxi
p2,viet-family-vpe-stop-at-place-dung-o-cho-gui-hanh-ly,Dừng ở chỗ gửi hành lý,Stop at luggage storage.,practical_flow,hero,hero,audio-authored-dung-o-cho-gui-hanh-ly-b05b032964,Dừng ở chỗ gửi hành lý
p2,viet-family-vpe-stop-at-place-dung-o-cho-gui-hanh-ly,Dừng ở chỗ gửi hành lý,Stop at luggage storage.,practical_flow,explore-next,phrase,audio-authored-dung-o-phong-kham-b16ba3842b,Dừng ở phòng khám
p2,viet-family-vpe-stop-at-place-dung-o-cho-ngoi,Dừng ở chỗ ngồi,Stop at a seat.,practical_flow,hero,hero,audio-authored-dung-o-cho-ngoi-99e80b26f8,Dừng ở chỗ ngồi
p2,viet-family-vpe-stop-at-place-dung-o-cho-ngoi,Dừng ở chỗ ngồi,Stop at a seat.,practical_flow,practice-pairs,phrase,audio-authored-dung-o-duong-chinh-bcffb7f184,Dừng ở đường chính
p2,viet-family-vpe-stop-at-place-dung-o-cho-ngoi,Dừng ở chỗ ngồi,Stop at a seat.,practical_flow,explore-next,phrase,audio-authored-dung-o-loi-sang-duong-75c3dbad12,Dừng ở lối sang đường
p2,viet-family-vpe-stop-at-place-dung-o-cho-ngoi,Dừng ở chỗ ngồi,Stop at a seat.,practical_flow,explore-next,phrase,audio-authored-dung-o-pho-co-748115fcd2,Dừng ở phố cổ
p2,viet-family-vpe-stop-at-place-dung-o-cong-len-may-bay,Dừng ở cổng lên máy bay,Stop at the boarding gate.,practical_flow,practice-pairs,phrase,audio-authored-dung-o-cua-hai-quan-3ad52316da,Dừng ở cửa hải quan
p2,viet-family-vpe-stop-at-place-dung-o-cong-len-may-bay,Dừng ở cổng lên máy bay,Stop at the boarding gate.,practical_flow,explore-next,phrase,audio-authored-dung-o-tram-sac-2a0b24a660,Dừng ở trạm sạc
p2,viet-family-vpe-stop-at-place-dung-o-cong-vien,Dừng ở công viên,Stop at the park.,practical_flow,practice-pairs,phrase,audio-authored-dung-o-phong-cho-566fa8774e,Dừng ở phòng chờ
p2,viet-family-vpe-stop-at-place-dung-o-cong-vien,Dừng ở công viên,Stop at the park.,practical_flow,practice-pairs,phrase,audio-authored-dung-o-quay-an-ninh-092ccbe35f,Dừng ở quầy an ninh
p2,viet-family-vpe-stop-at-place-dung-o-cong-vien,Dừng ở công viên,Stop at the park.,practical_flow,explore-next,phrase,audio-authored-dung-o-tiem-cat-toc-e7da794e9d,Dừng ở tiệm cắt tóc
p2,viet-family-vpe-stop-at-place-dung-o-cua-hang-dien-thoai,Dừng ở cửa hàng điện thoại,Stop at the phone shop.,practical_flow,explore-next,phrase,audio-authored-dung-o-thung-rac-1505cb31b3,Dừng ở thùng rác
p2,viet-family-vpe-stop-at-place-dung-o-cua-hang-dien-thoai,Dừng ở cửa hàng điện thoại,Stop at the phone shop.,practical_flow,explore-next,phrase,audio-authored-dung-o-voi-nuoc-7a58b7aa84,Dừng ở vòi nước
p2,viet-family-vpe-stop-at-place-dung-o-cua-hang-tien-loi,Dừng ở cửa hàng tiện lợi,Stop at a convenience store.,practical_flow,hero,hero,audio-authored-dung-o-cua-hang-tien-loi-0396252b0c,Dừng ở cửa hàng tiện lợi
p2,viet-family-vpe-stop-at-place-dung-o-cua-hang-tien-loi,Dừng ở cửa hàng tiện lợi,Stop at a convenience store.,practical_flow,practice-pairs,phrase,audio-authored-dung-o-diem-don-xe-30ba456b3c,Dừng ở điểm đón xe
p2,viet-family-vpe-stop-at-place-dung-o-cua-hang-tien-loi,Dừng ở cửa hàng tiện lợi,Stop at a convenience store.,practical_flow,explore-next,phrase,audio-authored-dung-o-tram-xe-buyt-7cef3a7e3c,Dừng ở trạm xe buýt
p2,viet-family-vpe-stop-at-place-dung-o-cua-khoi-hanh,Dừng ở cửa khởi hành,Stop at the departure door.,practical_flow,practice-pairs,phrase,audio-authored-dung-o-duong-mot-chieu-91bece16dc,Dừng ở đường một chiều
p2,viet-family-vpe-stop-at-place-dung-o-cua-khoi-hanh,Dừng ở cửa khởi hành,Stop at the departure door.,practical_flow,practice-pairs,phrase,audio-authored-dung-o-hem-nay-b768d067f1,Dừng ở hẻm này
p2,viet-family-vpe-stop-at-place-dung-o-cua-khoi-hanh,Dừng ở cửa khởi hành,Stop at the departure door.,practical_flow,explore-next,phrase,audio-authored-dung-o-nga-tu-37c17f8032,Dừng ở ngã tư
p2,viet-family-vpe-stop-at-place-dung-o-cua-ra,Dừng ở cửa ra,Stop at the exit.,practical_flow,practice-pairs,phrase,audio-authored-dung-o-quay-doi-tien-5c5ad86585,Dừng ở quầy đổi tiền
p2,viet-family-vpe-stop-at-place-dung-o-cua-ra,Dừng ở cửa ra,Stop at the exit.,practical_flow,explore-next,phrase,audio-authored-dung-o-quay-thong-tin-bded698234,Dừng ở quầy thông tin
p2,viet-family-vpe-stop-at-place-dung-o-hieu-kinh-thuoc,Dừng ở hiệu kính thuốc,Stop at an optical shop.,practical_flow,practice-pairs,phrase,audio-authored-dung-o-khu-vuc-hut-thuoc-83a74b702e,Dừng ở khu vực hút thuốc
p2,viet-family-vpe-take-me-place-cho-toi-den-bai-dau-xe,Cho tôi đến bãi đậu xe,Please take me to the parking lot.,practical_flow,practice-pairs,phrase,audio-authored-cho-toi-den-ben-pha-cdb8b16836,Cho tôi đến bến phà
p2,viet-family-vpe-take-me-place-cho-toi-den-bai-dau-xe,Cho tôi đến bãi đậu xe,Please take me to the parking lot.,practical_flow,practice-pairs,phrase,audio-authored-cho-toi-den-diem-ban-sim-a09b20cfaa,Cho tôi đến điểm bán SIM
p2,viet-family-vpe-take-me-place-cho-toi-den-bai-dau-xe,Cho tôi đến bãi đậu xe,Please take me to the parking lot.,practical_flow,practice-pairs,phrase,audio-authored-cho-toi-den-khu-am-thuc-b1eb5256b6,Cho tôi đến khu ẩm thực
p2,viet-family-vpe-take-me-place-cho-toi-den-bai-dau-xe,Cho tôi đến bãi đậu xe,Please take me to the parking lot.,practical_flow,explore-next,phrase,audio-authored-cho-toi-den-tram-xang-c5943ed757,Cho tôi đến trạm xăng
p2,viet-family-vpe-take-me-place-cho-toi-den-bai-dau-xe,Cho tôi đến bãi đậu xe,Please take me to the parking lot.,practical_flow,explore-next,phrase,audio-authored-cho-toi-den-van-phong-du-lich-cf9254a956,Cho tôi đến văn phòng du lịch
p2,viet-family-vpe-take-me-place-cho-toi-den-bai-gui-xe-may,Cho tôi đến bãi gửi xe máy,Please take me to motorbike parking.,practical_flow,practice-pairs,phrase,audio-authored-cho-toi-den-cua-khoi-hanh-b4b6d06954,Cho tôi đến cửa khởi hành
p2,viet-family-vpe-take-me-place-cho-toi-den-bai-gui-xe-may,Cho tôi đến bãi gửi xe máy,Please take me to motorbike parking.,practical_flow,practice-pairs,phrase,audio-authored-cho-toi-den-khu-kiem-tra-an-ninh-72df81c4ce,Cho tôi đến khu kiểm tra an ninh
p2,viet-family-vpe-take-me-place-cho-toi-den-bai-gui-xe-may,Cho tôi đến bãi gửi xe máy,Please take me to motorbike parking.,practical_flow,practice-pairs,phrase,audio-authored-cho-toi-den-phong-cau-nguyen-34fd5dd3b5,Cho tôi đến phòng cầu nguyện
p2,viet-family-vpe-take-me-place-cho-toi-den-bai-gui-xe-may,Cho tôi đến bãi gửi xe máy,Please take me to motorbike parking.,practical_flow,explore-next,phrase,audio-authored-cho-toi-den-quay-hoan-thue-b7525cd99d,Cho tôi đến quầy hoàn thuế
p2,viet-family-vpe-take-me-place-cho-toi-den-bai-gui-xe-may,Cho tôi đến bãi gửi xe máy,Please take me to motorbike parking.,practical_flow,explore-next,phrase,audio-authored-cho-toi-den-tram-y-te-4b4a7a19da,Cho tôi đến trạm y tế
p2,viet-family-vpe-take-me-place-cho-toi-den-ben-pha,Cho tôi đến bến phà,Please take me to the ferry pier.,practical_flow,practice-pairs,phrase,audio-authored-cho-toi-den-cua-hang-dien-thoai-ab15186eb1,Cho tôi đến cửa hàng điện thoại
p2,viet-family-vpe-take-me-place-cho-toi-den-ben-pha,Cho tôi đến bến phà,Please take me to the ferry pier.,practical_flow,practice-pairs,phrase,audio-authored-cho-toi-den-phong-thay-do-0821b1d2e9,Cho tôi đến phòng thay đồ
p2,viet-family-vpe-take-me-place-cho-toi-den-ben-pha,Cho tôi đến bến phà,Please take me to the ferry pier.,practical_flow,explore-next,phrase,audio-authored-cho-toi-den-quay-thanh-toan-2da55f87d8,Cho tôi đến quầy thanh toán
p2,viet-family-vpe-take-me-place-cho-toi-den-ben-tau,Cho tôi đến bến tàu,Please take me to the boat pier.,practical_flow,practice-pairs,phrase,audio-authored-cho-toi-den-loi-vao-52eea21a10,Cho tôi đến lối vào
p2,viet-family-vpe-take-me-place-cho-toi-den-ben-tau,Cho tôi đến bến tàu,Please take me to the boat pier.,practical_flow,explore-next,phrase,audio-authored-cho-toi-den-thang-may-085f9445b3,Cho tôi đến thang máy
p2,viet-family-vpe-take-me-place-cho-toi-den-cau,Cho tôi đến cầu,Please take me to the bridge.,practical_flow,hero,hero,audio-authored-cho-toi-den-cau-239a6ef30b,Cho tôi đến cầu
p2,viet-family-vpe-take-me-place-cho-toi-den-cau,Cho tôi đến cầu,Please take me to the bridge.,practical_flow,practice-pairs,phrase,audio-authored-cho-toi-den-cong-vien-4f154ddeae,Cho tôi đến công viên
p2,viet-family-vpe-take-me-place-cho-toi-den-cau,Cho tôi đến cầu,Please take me to the bridge.,practical_flow,practice-pairs,phrase,audio-authored-cho-toi-den-hieu-kinh-thuoc-a54700ec44,Cho tôi đến hiệu kính thuốc
p2,viet-family-vpe-take-me-place-cho-toi-den-cau,Cho tôi đến cầu,Please take me to the bridge.,practical_flow,practice-pairs,phrase,audio-authored-cho-toi-den-ho-8822cea565,Cho tôi đến hồ
p2,viet-family-vpe-take-me-place-cho-toi-den-cau,Cho tôi đến cầu,Please take me to the bridge.,practical_flow,explore-next,phrase,audio-authored-cho-toi-den-song-5277ccc89b,Cho tôi đến sông
p2,viet-family-vpe-take-me-place-cho-toi-den-cau,Cho tôi đến cầu,Please take me to the bridge.,practical_flow,explore-next,phrase,audio-authored-cho-toi-den-tiem-giat-ui-0907e09251,Cho tôi đến tiệm giặt ủi
p2,viet-family-vpe-take-me-place-cho-toi-den-cho-dau-taxi,Cho tôi đến chỗ đậu taxi,Please take me to the taxi stand.,practical_flow,hero,hero,audio-authored-cho-toi-den-cho-dau-taxi-bf30c04dc9,Cho tôi đến chỗ đậu taxi
p2,viet-family-vpe-take-me-place-cho-toi-den-cho-gui-hanh-ly,Cho tôi đến chỗ gửi hành lý,Please take me to luggage storage.,practical_flow,hero,hero,audio-authored-cho-toi-den-cho-gui-hanh-ly-391e096d5a,Cho tôi đến chỗ gửi hành lý
p2,viet-family-vpe-take-me-place-cho-toi-den-cho-gui-hanh-ly,Cho tôi đến chỗ gửi hành lý,Please take me to luggage storage.,practical_flow,explore-next,phrase,audio-authored-cho-toi-den-phong-kham-5aec661bef,Cho tôi đến phòng khám
p2,viet-family-vpe-take-me-place-cho-toi-den-cong-len-may-bay,Cho tôi đến cổng lên máy bay,Please take me to the boarding gate.,practical_flow,practice-pairs,phrase,audio-authored-cho-toi-den-cua-hai-quan-8a6fc9584f,Cho tôi đến cửa hải quan
p2,viet-family-vpe-take-me-place-cho-toi-den-cong-len-may-bay,Cho tôi đến cổng lên máy bay,Please take me to the boarding gate.,practical_flow,explore-next,phrase,audio-authored-cho-toi-den-tram-sac-b531bb22cc,Cho tôi đến trạm sạc
p2,viet-family-vpe-take-me-place-cho-toi-den-cua-khoi-hanh,Cho tôi đến cửa khởi hành,Please take me to the departure door.,practical_flow,practice-pairs,phrase,audio-authored-cho-toi-den-duong-mot-chieu-9140f73844,Cho tôi đến đường một chiều
p2,viet-family-vpe-take-me-place-cho-toi-den-cua-khoi-hanh,Cho tôi đến cửa khởi hành,Please take me to the departure door.,practical_flow,practice-pairs,phrase,audio-authored-cho-toi-den-hem-nay-e529b3e2cf,Cho tôi đến hẻm này
p2,viet-family-vpe-take-me-place-cho-toi-den-cua-khoi-hanh,Cho tôi đến cửa khởi hành,Please take me to the departure door.,practical_flow,explore-next,phrase,audio-authored-cho-toi-den-nga-tu-c9cf6ecef9,Cho tôi đến ngã tư
p2,viet-family-vpe-take-me-place-cho-toi-den-cua-ra,Cho tôi đến cửa ra,Please take me to the exit.,practical_flow,practice-pairs,phrase,audio-authored-cho-toi-den-quay-doi-tien-a60cb66029,Cho tôi đến quầy đổi tiền
p2,viet-family-vpe-take-me-place-cho-toi-den-cua-ra,Cho tôi đến cửa ra,Please take me to the exit.,practical_flow,explore-next,phrase,audio-authored-cho-toi-den-quay-thong-tin-76b0d7e88b,Cho tôi đến quầy thông tin
p2,viet-family-vpe-where-place-bai-dau-xe-o-dau,bãi đậu xe ở đâu?,Where is the parking lot?,practical_flow,practice-pairs,phrase,audio-authored-diem-ban-sim-o-dau-8df99fe3fa,điểm bán SIM ở đâu?
p2,viet-family-vpe-where-place-bai-dau-xe-o-dau,bãi đậu xe ở đâu?,Where is the parking lot?,practical_flow,practice-pairs,phrase,audio-authored-khu-am-thuc-o-dau-c23b0eeaad,khu ẩm thực ở đâu?
p2,viet-family-vpe-where-place-bai-dau-xe-o-dau,bãi đậu xe ở đâu?,Where is the parking lot?,practical_flow,explore-next,phrase,audio-authored-tram-xang-o-dau-4b2e349107,trạm xăng ở đâu?
p2,viet-family-vpe-where-place-bai-dau-xe-o-dau,bãi đậu xe ở đâu?,Where is the parking lot?,practical_flow,explore-next,phrase,audio-authored-van-phong-du-lich-o-dau-383555f6d7,văn phòng du lịch ở đâu?
p2,viet-family-vpe-where-place-bai-gui-xe-may-o-dau,bãi gửi xe máy ở đâu?,Where is motorbike parking?,practical_flow,practice-pairs,phrase,audio-authored-cua-khoi-hanh-o-dau-05ee84280c,cửa khởi hành ở đâu?
p2,viet-family-vpe-where-place-bai-gui-xe-may-o-dau,bãi gửi xe máy ở đâu?,Where is motorbike parking?,practical_flow,practice-pairs,phrase,audio-authored-khu-kiem-tra-an-ninh-o-dau-4c1a284ce8,khu kiểm tra an ninh ở đâu?
p2,viet-family-vpe-where-place-bai-gui-xe-may-o-dau,bãi gửi xe máy ở đâu?,Where is motorbike parking?,practical_flow,practice-pairs,phrase,audio-authored-phong-cau-nguyen-o-dau-9d81d91c67,phòng cầu nguyện ở đâu?
p2,viet-family-vpe-where-place-bai-gui-xe-may-o-dau,bãi gửi xe máy ở đâu?,Where is motorbike parking?,practical_flow,explore-next,phrase,audio-authored-quay-hoan-thue-o-dau-45cf4d64bd,quầy hoàn thuế ở đâu?
p2,viet-family-vpe-where-place-bai-gui-xe-may-o-dau,bãi gửi xe máy ở đâu?,Where is motorbike parking?,practical_flow,explore-next,phrase,audio-authored-tram-y-te-o-dau-347967c52c,trạm y tế ở đâu?
p2,viet-family-vpe-where-place-ben-pha-o-dau,bến phà ở đâu?,Where is the ferry pier?,practical_flow,practice-pairs,phrase,audio-authored-cua-hang-dien-thoai-o-dau-8b89b39da2,cửa hàng điện thoại ở đâu?
p2,viet-family-vpe-where-place-ben-pha-o-dau,bến phà ở đâu?,Where is the ferry pier?,practical_flow,practice-pairs,phrase,audio-authored-phong-thay-do-o-dau-4ab788956d,phòng thay đồ ở đâu?
p2,viet-family-vpe-where-place-ben-pha-o-dau,bến phà ở đâu?,Where is the ferry pier?,practical_flow,explore-next,phrase,audio-authored-quay-thanh-toan-o-dau-dae6912781,quầy thanh toán ở đâu?
p2,viet-family-vpe-where-place-ben-tau-o-dau,bến tàu ở đâu?,Where is the boat pier?,practical_flow,hero,hero,audio-authored-ben-tau-o-dau-ed68346b23,bến tàu ở đâu?
p2,viet-family-vpe-where-place-ben-tau-o-dau,bến tàu ở đâu?,Where is the boat pier?,practical_flow,practice-pairs,phrase,audio-authored-cua-ra-o-dau-405fd984bb,cửa ra ở đâu?
p2,viet-family-vpe-where-place-ben-tau-o-dau,bến tàu ở đâu?,Where is the boat pier?,practical_flow,practice-pairs,phrase,audio-authored-ga-tau-o-dau-c2dc251d81,ga tàu ở đâu?
p2,viet-family-vpe-where-place-ben-tau-o-dau,bến tàu ở đâu?,Where is the boat pier?,practical_flow,practice-pairs,phrase,audio-authored-quay-doi-tien-o-dau-607f2d3f0c,quầy đổi tiền ở đâu?
p2,viet-family-vpe-where-place-ben-tau-o-dau,bến tàu ở đâu?,Where is the boat pier?,practical_flow,explore-next,phrase,audio-authored-quay-thong-tin-o-dau-2088f02020,quầy thông tin ở đâu?
p2,viet-family-vpe-where-place-ben-tau-o-dau,bến tàu ở đâu?,Where is the boat pier?,practical_flow,explore-next,phrase,audio-authored-san-bay-o-dau-2a5de35d1b,sân bay ở đâu?
p2,viet-family-vpe-where-place-ben-xe-o-dau,bến xe ở đâu?,Where is the bus station?,practical_flow,hero,hero,audio-authored-ben-xe-o-dau-f46c18d694,bến xe ở đâu?
p2,viet-family-vpe-where-place-cho-dau-taxi-o-dau,chỗ đậu taxi ở đâu?,Where is the taxi stand?,practical_flow,hero,hero,audio-authored-cho-dau-taxi-o-dau-5c18116f6c,chỗ đậu taxi ở đâu?
p2,viet-family-vpe-where-place-cho-gui-hanh-ly-o-dau,chỗ gửi hành lý ở đâu?,Where is luggage storage?,practical_flow,hero,hero,audio-authored-cho-gui-hanh-ly-o-dau-c1266da72d,chỗ gửi hành lý ở đâu?
p2,viet-family-vpe-where-place-cho-gui-hanh-ly-o-dau,chỗ gửi hành lý ở đâu?,Where is luggage storage?,practical_flow,explore-next,phrase,audio-authored-phong-kham-o-dau-d9b1c2f28b,phòng khám ở đâu?
p2,viet-family-vpe-where-place-cong-len-may-bay-o-dau,cổng lên máy bay ở đâu?,Where is the boarding gate?,practical_flow,practice-pairs,phrase,audio-authored-cua-hai-quan-o-dau-05fd85cfce,cửa hải quan ở đâu?
p2,viet-family-vpe-where-place-cong-len-may-bay-o-dau,cổng lên máy bay ở đâu?,Where is the boarding gate?,practical_flow,explore-next,phrase,audio-authored-tram-sac-o-dau-5a1c20b2df,trạm sạc ở đâu?
p2,viet-family-vpe-where-place-cua-khoi-hanh-o-dau,cửa khởi hành ở đâu?,Where is the departure door?,practical_flow,practice-pairs,phrase,audio-authored-duong-mot-chieu-o-dau-fedd3647a9,đường một chiều ở đâu?
p2,viet-family-vpe-where-place-cua-khoi-hanh-o-dau,cửa khởi hành ở đâu?,Where is the departure door?,practical_flow,practice-pairs,phrase,audio-authored-hem-nay-o-dau-ed51585869,hẻm này ở đâu?
p2,viet-family-vpe-where-place-cua-khoi-hanh-o-dau,cửa khởi hành ở đâu?,Where is the departure door?,practical_flow,explore-next,phrase,audio-authored-nga-tu-o-dau-add0feeaa4,ngã tư ở đâu?
p3,viet-family-city-danang-eat-near-con-market,Ăn gần Chợ Cồn,Eat near Con Market,derived_place_phrase,hero,hero,audio-authored-an-gan-cho-con-f1db95e14e,Ăn gần Chợ Cồn
p3,viet-family-city-danang-eat-near-han-market,Ăn gần Chợ Hàn,Eat near Han Market,derived_place_phrase,hero,hero,audio-authored-an-gan-cho-han-877a7ad8a8,Ăn gần Chợ Hàn
p3,viet-family-city-danang-eat-near-han-river,Ăn gần Sông Hàn,Eat near Han River,derived_place_phrase,hero,hero,audio-authored-an-gan-song-han-b25ee72aa9,Ăn gần Sông Hàn
p3,viet-family-city-danang-go-han-market,Đi Chợ Hàn,Go to Han Market,derived_place_phrase,related-phrases,phrase,audio-authored-co-nha-thuoc-gan-cho-han-khong-ff450fcc4c,Có nhà thuốc gần chợ Hàn không?
p3,viet-family-city-danang-go-love-bridge,Đi Cầu Tình Yêu,Go to Love Bridge,derived_place_phrase,hero,hero,audio-authored-di-cau-tinh-yeu-b2b30ff532,Đi Cầu Tình Yêu
p3,viet-family-city-danang-go-love-bridge,Đi Cầu Tình Yêu,Go to Love Bridge,derived_place_phrase,related-phrases,phrase,audio-authored-cau-tinh-yeu-dae5912687,Cầu Tình Yêu
p3,viet-family-city-danang-go-love-bridge,Đi Cầu Tình Yêu,Go to Love Bridge,derived_place_phrase,related-phrases,phrase,audio-authored-dung-o-cau-tinh-yeu-85bdca9f7a,Dừng ở Cầu Tình Yêu
p3,viet-family-city-danang-go-love-bridge,Đi Cầu Tình Yêu,Go to Love Bridge,derived_place_phrase,related-phrases,phrase,audio-authored-cau-tinh-yeu-o-dau-18267e6d25,Cầu Tình Yêu ở đâu?
p3,viet-family-city-danang-go-man-thai-beach,Đi Biển Mân Thái,Go to Man Thai Beach,derived_place_phrase,hero,hero,audio-authored-di-bien-man-thai-70756346a8,Đi Biển Mân Thái
p3,viet-family-city-danang-go-man-thai-beach,Đi Biển Mân Thái,Go to Man Thai Beach,derived_place_phrase,related-phrases,phrase,audio-authored-bien-man-thai-397d136a26,Biển Mân Thái
p3,viet-family-city-danang-go-man-thai-beach,Đi Biển Mân Thái,Go to Man Thai Beach,derived_place_phrase,related-phrases,phrase,audio-authored-dung-o-bien-man-thai-b4e8ca1ada,Dừng ở Biển Mân Thái
p3,viet-family-city-danang-go-man-thai-beach,Đi Biển Mân Thái,Go to Man Thai Beach,derived_place_phrase,related-phrases,phrase,audio-authored-bien-man-thai-o-dau-90bc2fbab1,Biển Mân Thái ở đâu?
p3,viet-family-city-danang-go-marble-mountains,Đi Ngũ Hành Sơn,Go to Marble Mountains,derived_place_phrase,hero,hero,audio-authored-di-ngu-hanh-son-c46a771980,Đi Ngũ Hành Sơn
p3,viet-family-city-danang-go-marble-mountains,Đi Ngũ Hành Sơn,Go to Marble Mountains,derived_place_phrase,related-phrases,phrase,audio-authored-ngu-hanh-son-7cd09d8626,Ngũ Hành Sơn
p3,viet-family-city-danang-go-marble-mountains,Đi Ngũ Hành Sơn,Go to Marble Mountains,derived_place_phrase,related-phrases,phrase,audio-authored-dung-o-ngu-hanh-son-d265ed4878,Dừng ở Ngũ Hành Sơn
p3,viet-family-city-danang-go-marble-mountains,Đi Ngũ Hành Sơn,Go to Marble Mountains,derived_place_phrase,related-phrases,phrase,audio-authored-mot-ve-vao-ngu-hanh-son-56b84cbd10,Một vé vào Ngũ Hành Sơn
p3,viet-family-city-danang-go-marble-mountains,Đi Ngũ Hành Sơn,Go to Marble Mountains,derived_place_phrase,related-phrases,phrase,audio-authored-tu-day-den-ngu-hanh-son-bao-lau-0aae469b3c,Từ đây đến Ngũ Hành Sơn bao lâu?
p3,viet-family-city-danang-go-nam-o-reef,Đi Rạn Nam Ô,Go to Nam O Reef,derived_place_phrase,hero,hero,audio-authored-di-ran-nam-o-8d018d624f,Đi Rạn Nam Ô
p3,viet-family-city-danang-go-nam-o-reef,Đi Rạn Nam Ô,Go to Nam O Reef,derived_place_phrase,related-phrases,phrase,audio-authored-ran-nam-o-f3cbae8893,Rạn Nam Ô
p3,viet-family-city-danang-go-nam-o-reef,Đi Rạn Nam Ô,Go to Nam O Reef,derived_place_phrase,related-phrases,phrase,audio-authored-dung-o-ran-nam-o-40e78f4f19,Dừng ở Rạn Nam Ô
p3,viet-family-city-danang-go-nen,Cho tôi đến nhà hàng Nén Đà Nẵng.,Please take me to Nén Đà Nẵng restaurant.,derived_place_phrase,hero,hero,audio-authored-cho-toi-den-nha-hang-nen-da-nang-252b38c56d,Cho tôi đến nhà hàng Nén Đà Nẵng.
p3,viet-family-city-danang-go-nen,Cho tôi đến nhà hàng Nén Đà Nẵng.,Please take me to Nén Đà Nẵng restaurant.,derived_place_phrase,related-phrases,phrase,audio-authored-nen-da-nang-762c6e4180,Nén Đà Nẵng
p3,viet-family-city-danang-go-nen,Cho tôi đến nhà hàng Nén Đà Nẵng.,Please take me to Nén Đà Nẵng restaurant.,derived_place_phrase,related-phrases,phrase,audio-authored-toi-co-dat-ban-o-nen-da-nang-fd3465f873,Tôi có đặt bàn ở Nén Đà Nẵng
p3,viet-family-city-danang-go-nen,Cho tôi đến nhà hàng Nén Đà Nẵng.,Please take me to Nén Đà Nẵng restaurant.,derived_place_phrase,related-phrases,phrase,audio-authored-nha-hang-nen-da-nang-o-dau-d7632fcda8,Nhà hàng Nén Đà Nẵng ở đâu?
p3,viet-family-city-danang-go-nguyen-van-linh-street,Đi Đường Nguyễn Văn Linh,Go to Nguyen Van Linh Street,derived_place_phrase,hero,hero,audio-authored-di-duong-nguyen-van-linh-1041762d59,Đi Đường Nguyễn Văn Linh
p3,viet-family-city-danang-go-nguyen-van-linh-street,Đi Đường Nguyễn Văn Linh,Go to Nguyen Van Linh Street,derived_place_phrase,related-phrases,phrase,audio-authored-duong-nguyen-van-linh-2fa0fcb186,Đường Nguyễn Văn Linh
p3,viet-family-city-danang-go-nguyen-van-linh-street,Đi Đường Nguyễn Văn Linh,Go to Nguyen Van Linh Street,derived_place_phrase,related-phrases,phrase,audio-authored-duong-nguyen-van-linh-gan-day-khong-63a70d6a49,Đường Nguyễn Văn Linh gần đây không?
p3,viet-family-city-danang-go-nguyen-van-linh-street,Đi Đường Nguyễn Văn Linh,Go to Nguyen Van Linh Street,derived_place_phrase,related-phrases,phrase,audio-authored-dung-o-duong-nguyen-van-linh-ea7a5b650b,Dừng ở Đường Nguyễn Văn Linh
p3,viet-family-city-danang-go-nguyen-van-linh-street,Đi Đường Nguyễn Văn Linh,Go to Nguyen Van Linh Street,derived_place_phrase,related-phrases,phrase,audio-authored-duong-nguyen-van-linh-o-dau-04b68ce6df,Đường Nguyễn Văn Linh ở đâu?
p3,viet-family-city-danang-go-non-nuoc-beach,Đi Biển Non Nước,Go to Non Nuoc Beach,derived_place_phrase,hero,hero,audio-authored-di-bien-non-nuoc-a140778278,Đi Biển Non Nước
p3,viet-family-city-danang-go-non-nuoc-beach,Đi Biển Non Nước,Go to Non Nuoc Beach,derived_place_phrase,related-phrases,phrase,audio-authored-bien-non-nuoc-6554d5ecf2,Biển Non Nước
p3,viet-family-city-danang-go-non-nuoc-beach,Đi Biển Non Nước,Go to Non Nuoc Beach,derived_place_phrase,related-phrases,phrase,audio-authored-dung-o-bien-non-nuoc-b025d8b0b9,Dừng ở Biển Non Nước
p3,viet-family-city-danang-go-non-nuoc-stone-village,Đi Làng đá Non Nước,Go to Non Nuoc Stone Carving Village,derived_place_phrase,hero,hero,audio-authored-di-lang-da-non-nuoc-5b6ccbe02d,Đi Làng đá Non Nước
p3,viet-family-city-danang-go-non-nuoc-stone-village,Đi Làng đá Non Nước,Go to Non Nuoc Stone Carving Village,derived_place_phrase,related-phrases,phrase,audio-authored-lang-da-non-nuoc-8642dec883,Làng đá Non Nước
p3,viet-family-city-danang-go-non-nuoc-stone-village,Đi Làng đá Non Nước,Go to Non Nuoc Stone Carving Village,derived_place_phrase,related-phrases,phrase,audio-authored-dung-o-lang-da-non-nuoc-b6397f3722,Dừng ở Làng đá Non Nước
p3,viet-family-city-danang-go-non-nuoc-stone-village,Đi Làng đá Non Nước,Go to Non Nuoc Stone Carving Village,derived_place_phrase,related-phrases,phrase,audio-authored-lang-da-non-nuoc-o-dau-5a10e84c93,Làng đá Non Nước ở đâu?
p3,viet-family-city-danang-go-railway-station,Đi Ga Đà Nẵng,Go to Da Nang Railway Station,derived_place_phrase,hero,hero,audio-authored-di-ga-da-nang-749edddb8f,Đi Ga Đà Nẵng
p3,viet-family-city-danang-go-railway-station,Đi Ga Đà Nẵng,Go to Da Nang Railway Station,derived_place_phrase,related-phrases,phrase,audio-authored-ga-da-nang-47d24faee3,Ga Đà Nẵng
p3,viet-family-city-danang-go-railway-station,Đi Ga Đà Nẵng,Go to Da Nang Railway Station,derived_place_phrase,related-phrases,phrase,audio-authored-dung-o-ga-da-nang-e93d73ac2e,Dừng ở Ga Đà Nẵng
p3,viet-family-city-danang-go-son-tra,Đi bán đảo Sơn Trà,Go to Son Tra Peninsula,derived_place_phrase,hero,hero,audio-authored-di-ban-dao-son-tra-cb78470305,Đi bán đảo Sơn Trà
p3,viet-family-city-danang-go-son-tra,Đi bán đảo Sơn Trà,Go to Son Tra Peninsula,derived_place_phrase,related-phrases,phrase,audio-authored-ban-dao-son-tra-2364c7b9ad,Bán đảo Sơn Trà
p3,viet-family-city-danang-go-son-tra,Đi bán đảo Sơn Trà,Go to Son Tra Peninsula,derived_place_phrase,related-phrases,phrase,audio-authored-anh-chi-chi-giup-toi-duoc-khong-8f310cf83e,Anh/chị chỉ giúp tôi được không?
p3,viet-family-city-danang-go-son-tra,Đi bán đảo Sơn Trà,Go to Son Tra Peninsula,derived_place_phrase,related-phrases,phrase,audio-authored-hinh-nhu-khong-dung-cho-b63d5ef9e3,Hình như không đúng chỗ.
p3,viet-family-city-danang-go-son-tra,Đi bán đảo Sơn Trà,Go to Son Tra Peninsula,derived_place_phrase,related-phrases,phrase,audio-authored-goi-giup-toi-taxi-duoc-khong-d1d2e5a74d,Gọi giúp tôi taxi được không?
p3,viet-family-city-danang-go-son-tra-night-market,Đi Chợ đêm Sơn Trà,Go to Son Tra Night Market,derived_place_phrase,hero,hero,audio-authored-di-cho-dem-son-tra-c36bdcba5f,Đi Chợ đêm Sơn Trà
p3,viet-family-city-danang-go-son-tra-night-market,Đi Chợ đêm Sơn Trà,Go to Son Tra Night Market,derived_place_phrase,related-phrases,phrase,audio-authored-cho-dem-son-tra-21d84be110,Chợ đêm Sơn Trà
p3,viet-family-city-danang-go-son-tra-night-market,Đi Chợ đêm Sơn Trà,Go to Son Tra Night Market,derived_place_phrase,related-phrases,phrase,audio-authored-cho-dem-son-tra-o-dau-d0f887c351,Chợ đêm Sơn Trà ở đâu?
p3,viet-family-city-danang-go-son-tra-night-market,Đi Chợ đêm Sơn Trà,Go to Son Tra Night Market,derived_place_phrase,related-phrases,phrase,audio-authored-cho-dem-son-tra-gan-day-khong-93857776a2,Chợ đêm Sơn Trà gần đây không?
p3,viet-family-city-danang-go-tien-sa-port,Đi Cảng Tiên Sa,Go to Tien Sa Port,derived_place_phrase,hero,hero,audio-authored-di-cang-tien-sa-c6af75b73b,Đi Cảng Tiên Sa
p3,viet-family-city-danang-go-tien-sa-port,Đi Cảng Tiên Sa,Go to Tien Sa Port,derived_place_phrase,related-phrases,phrase,audio-authored-cang-tien-sa-00a20c3b42,Cảng Tiên Sa
p3,viet-family-city-danang-go-tran-thi-ly-bridge,Đi Cầu Trần Thị Lý,Go to Tran Thi Ly Bridge,derived_place_phrase,hero,hero,audio-authored-di-cau-tran-thi-ly-6c95b65488,Đi Cầu Trần Thị Lý
p3,viet-family-city-danang-go-tran-thi-ly-bridge,Đi Cầu Trần Thị Lý,Go to Tran Thi Ly Bridge,derived_place_phrase,related-phrases,phrase,audio-authored-cau-tran-thi-ly-c3efadb5bf,Cầu Trần Thị Lý
p3,viet-family-city-danang-go-vo-nguyen-giap-street,Đi Đường Võ Nguyên Giáp,Go to Vo Nguyen Giap Street,derived_place_phrase,hero,hero,audio-authored-di-duong-vo-nguyen-giap-3438c8ea1b,Đi Đường Võ Nguyên Giáp
p3,viet-family-city-danang-go-vo-nguyen-giap-street,Đi Đường Võ Nguyên Giáp,Go to Vo Nguyen Giap Street,derived_place_phrase,related-phrases,phrase,audio-authored-duong-vo-nguyen-giap-63dd6840e9,Đường Võ Nguyên Giáp
p3,viet-family-city-danang-go-vo-nguyen-giap-street,Đi Đường Võ Nguyên Giáp,Go to Vo Nguyen Giap Street,derived_place_phrase,related-phrases,phrase,audio-authored-duong-vo-nguyen-giap-gan-day-khong-8d519813c0,Đường Võ Nguyên Giáp gần đây không?
p3,viet-family-city-danang-go-vo-nguyen-giap-street,Đi Đường Võ Nguyên Giáp,Go to Vo Nguyen Giap Street,derived_place_phrase,related-phrases,phrase,audio-authored-duong-vo-nguyen-giap-o-dau-f4d3cdd20c,Đường Võ Nguyên Giáp ở đâu?
p3,viet-family-city-danang-where-bach-dang-street,Đường Bạch Đằng ở đâu?,Where is Bach Dang Street?,derived_place_phrase,hero,hero,audio-authored-duong-bach-dang-o-dau-7accb753ff,Đường Bạch Đằng ở đâu?
p3,viet-family-city-hanoi-eat-near-dong-xuan-market,Ăn gần Chợ Đồng Xuân,Eat near Dong Xuan Market,derived_place_phrase,hero,hero,audio-authored-an-gan-cho-dong-xuan-081dd9e648,Ăn gần Chợ Đồng Xuân
p3,viet-family-city-hanoi-go-noi-bai-airport,Đi Sân bay Nội Bài,Go to Noi Bai Airport,derived_place_phrase,hero,hero,audio-authored-di-san-bay-noi-bai-aec73cbb92,Đi Sân bay Nội Bài
p3,viet-family-city-hanoi-go-noi-bai-airport,Đi Sân bay Nội Bài,Go to Noi Bai Airport,derived_place_phrase,related-phrases,phrase,audio-authored-san-bay-noi-bai-d05e004837,Sân bay Nội Bài
p3,viet-family-city-hanoi-go-noi-bai-airport,Đi Sân bay Nội Bài,Go to Noi Bai Airport,derived_place_phrase,related-phrases,phrase,audio-authored-dung-o-san-bay-noi-bai-4172210010,Dừng ở Sân bay Nội Bài
p3,viet-family-city-hanoi-go-noi-bai-airport,Đi Sân bay Nội Bài,Go to Noi Bai Airport,derived_place_phrase,related-phrases,phrase,audio-authored-san-bay-noi-bai-o-dau-12b39dc9ab,Sân bay Nội Bài ở đâu?
p3,viet-family-city-hanoi-go-opera-house,Đi Nhà hát Lớn Hà Nội,Go to Hanoi Opera House,derived_place_phrase,hero,hero,audio-authored-di-nha-hat-lon-ha-noi-b9b01df8d8,Đi Nhà hát Lớn Hà Nội
p3,viet-family-city-hanoi-go-opera-house,Đi Nhà hát Lớn Hà Nội,Go to Hanoi Opera House,derived_place_phrase,related-phrases,phrase,audio-authored-nha-hat-lon-ha-noi-bef24cb33c,Nhà hát Lớn Hà Nội
p3,viet-family-city-hanoi-go-opera-house,Đi Nhà hát Lớn Hà Nội,Go to Hanoi Opera House,derived_place_phrase,related-phrases,phrase,audio-authored-dung-o-nha-hat-lon-ha-noi-3bdee2b150,Dừng ở Nhà hát Lớn Hà Nội
p3,viet-family-city-hanoi-go-opera-house,Đi Nhà hát Lớn Hà Nội,Go to Hanoi Opera House,derived_place_phrase,related-phrases,phrase,audio-authored-nha-hat-lon-ha-noi-o-dau-33f01f5b9d,Nhà hát Lớn Hà Nội ở đâu?
p3,viet-family-city-hanoi-go-phan-dinh-phung-street,Đi Phố Phan Đình Phùng,Go to Phan Dinh Phung Street,derived_place_phrase,hero,hero,audio-authored-di-pho-phan-dinh-phung-fc15d0a6a7,Đi Phố Phan Đình Phùng
p3,viet-family-city-hanoi-go-phan-dinh-phung-street,Đi Phố Phan Đình Phùng,Go to Phan Dinh Phung Street,derived_place_phrase,related-phrases,phrase,audio-authored-pho-phan-dinh-phung-96cad2143a,Phố Phan Đình Phùng
p3,viet-family-city-hanoi-go-phan-dinh-phung-street,Đi Phố Phan Đình Phùng,Go to Phan Dinh Phung Street,derived_place_phrase,related-phrases,phrase,audio-authored-dung-o-pho-phan-dinh-phung-23e02f2531,Dừng ở Phố Phan Đình Phùng
p3,viet-family-city-hanoi-go-phan-dinh-phung-street,Đi Phố Phan Đình Phùng,Go to Phan Dinh Phung Street,derived_place_phrase,related-phrases,phrase,audio-authored-pho-phan-dinh-phung-o-dau-32d3e3590c,Phố Phan Đình Phùng ở đâu?
p3,viet-family-city-hanoi-go-pho-bat-dan,Cho tôi đến nhà hàng Phở Bát Đàn.,Please take me to Phở Bát Đàn restaurant.,derived_place_phrase,hero,hero,audio-authored-cho-toi-den-nha-hang-pho-bat-dan-c2a63e3ef7,Cho tôi đến nhà hàng Phở Bát Đàn.
p3,viet-family-city-hanoi-go-pho-bat-dan,Cho tôi đến nhà hàng Phở Bát Đàn.,Please take me to Phở Bát Đàn restaurant.,derived_place_phrase,related-phrases,phrase,audio-authored-pho-bat-dan-5484f2c6ca,Phở Bát Đàn
p3,viet-family-city-hanoi-go-pho-bat-dan,Cho tôi đến nhà hàng Phở Bát Đàn.,Please take me to Phở Bát Đàn restaurant.,derived_place_phrase,related-phrases,phrase,audio-authored-pho-bat-dan-o-dau-83990a6d09,Phở Bát Đàn ở đâu?
p3,viet-family-city-hanoi-go-quan-thanh-temple,Đi Đền Quán Thánh,Go to Quan Thanh Temple,derived_place_phrase,hero,hero,audio-authored-di-den-quan-thanh-f738323459,Đi Đền Quán Thánh
p3,viet-family-city-hanoi-go-quan-thanh-temple,Đi Đền Quán Thánh,Go to Quan Thanh Temple,derived_place_phrase,related-phrases,phrase,audio-authored-den-quan-thanh-fbed2afa89,Đền Quán Thánh
p3,viet-family-city-hanoi-go-quan-thanh-temple,Đi Đền Quán Thánh,Go to Quan Thanh Temple,derived_place_phrase,related-phrases,phrase,audio-authored-dung-o-den-quan-thanh-d75028cf67,Dừng ở Đền Quán Thánh
p3,viet-family-city-hanoi-go-quan-thanh-temple,Đi Đền Quán Thánh,Go to Quan Thanh Temple,derived_place_phrase,related-phrases,phrase,audio-authored-den-quan-thanh-o-dau-bea72de726,Đền Quán Thánh ở đâu?
p3,viet-family-city-hanoi-go-st-joseph-cathedral,Đi Nhà thờ Lớn Hà Nội,Go to St. Joseph Cathedral,derived_place_phrase,hero,hero,audio-authored-di-nha-tho-lon-ha-noi-247ebb1e21,Đi Nhà thờ Lớn Hà Nội
p3,viet-family-city-hanoi-go-st-joseph-cathedral,Đi Nhà thờ Lớn Hà Nội,Go to St. Joseph Cathedral,derived_place_phrase,related-phrases,phrase,audio-authored-nha-tho-lon-ha-noi-b724787e93,Nhà thờ Lớn Hà Nội
p3,viet-family-city-hanoi-go-st-joseph-cathedral,Đi Nhà thờ Lớn Hà Nội,Go to St. Joseph Cathedral,derived_place_phrase,related-phrases,phrase,audio-authored-dung-o-nha-tho-lon-ha-noi-7137d00e3d,Dừng ở Nhà thờ Lớn Hà Nội
p3,viet-family-city-hanoi-go-st-joseph-cathedral,Đi Nhà thờ Lớn Hà Nội,Go to St. Joseph Cathedral,derived_place_phrase,related-phrases,phrase,audio-authored-nha-tho-lon-ha-noi-o-dau-e4c23d3864,Nhà thờ Lớn Hà Nội ở đâu?
p3,viet-family-city-hanoi-go-ta-hien,Đi phố Tạ Hiện,Go to Ta Hien Street,derived_place_phrase,hero,hero,audio-authored-di-pho-ta-hien-a89d38c003,Đi phố Tạ Hiện
p3,viet-family-city-hanoi-go-ta-hien,Đi phố Tạ Hiện,Go to Ta Hien Street,derived_place_phrase,related-phrases,phrase,audio-authored-pho-ta-hien-fb695b0958,Phố Tạ Hiện
p3,viet-family-city-hanoi-go-ta-hien,Đi phố Tạ Hiện,Go to Ta Hien Street,derived_place_phrase,related-phrases,phrase,audio-authored-dung-o-pho-ta-hien-61af86caad,Dừng ở Phố Tạ Hiện
p3,viet-family-city-hanoi-go-ta-hien,Đi phố Tạ Hiện,Go to Ta Hien Street,derived_place_phrase,related-phrases,phrase,audio-authored-pho-ta-hien-o-dau-ba823123b6,Phố Tạ Hiện ở đâu?
p3,viet-family-city-hanoi-go-tam-vi,Cho tôi đến nhà hàng Tầm Vị.,Please take me to Tầm Vị restaurant.,derived_place_phrase,hero,hero,audio-authored-cho-toi-den-nha-hang-tam-vi-79e56b48fc,Cho tôi đến nhà hàng Tầm Vị.
p3,viet-family-city-hanoi-go-tam-vi,Cho tôi đến nhà hàng Tầm Vị.,Please take me to Tầm Vị restaurant.,derived_place_phrase,related-phrases,phrase,audio-authored-tam-vi-1336abffcd,Tầm Vị
p3,viet-family-city-hanoi-go-tam-vi,Cho tôi đến nhà hàng Tầm Vị.,Please take me to Tầm Vị restaurant.,derived_place_phrase,related-phrases,phrase,audio-authored-toi-co-dat-ban-o-tam-vi-f7c3384972,Tôi có đặt bàn ở Tầm Vị
p3,viet-family-city-hanoi-go-tam-vi,Cho tôi đến nhà hàng Tầm Vị.,Please take me to Tầm Vị restaurant.,derived_place_phrase,related-phrases,phrase,audio-authored-tam-vi-o-dau-b1adc2cdb6,Tầm Vị ở đâu?
p3,viet-family-city-hanoi-go-tay-ho,Đi Tây Hồ,Go to Tay Ho,derived_place_phrase,hero,hero,audio-authored-di-tay-ho-9f562eeb0d,Đi Tây Hồ
p3,viet-family-city-hanoi-go-tay-ho,Đi Tây Hồ,Go to Tay Ho,derived_place_phrase,related-phrases,phrase,audio-authored-tay-ho-e1feb07783,Tây Hồ
p3,viet-family-city-hanoi-go-tay-ho,Đi Tây Hồ,Go to Tay Ho,derived_place_phrase,related-phrases,phrase,audio-authored-dung-o-tay-ho-1c049299a3,Dừng ở Tây Hồ
p3,viet-family-city-hanoi-go-tay-ho,Đi Tây Hồ,Go to Tay Ho,derived_place_phrase,related-phrases,phrase,audio-authored-tay-ho-o-dau-9ce491d8b4,Tây Hồ ở đâu?
p3,viet-family-city-hanoi-go-temple-literature,Đi Văn Miếu,Go to the Temple of Literature,derived_place_phrase,hero,hero,audio-authored-di-van-mieu-de37adea24,Đi Văn Miếu
p3,viet-family-city-hanoi-go-temple-literature,Đi Văn Miếu,Go to the Temple of Literature,derived_place_phrase,related-phrases,phrase,audio-authored-van-mieu-1cb0b15574,Văn Miếu
p3,viet-family-city-hanoi-go-temple-literature,Đi Văn Miếu,Go to the Temple of Literature,derived_place_phrase,related-phrases,phrase,audio-authored-dung-o-van-mieu-5b51993006,Dừng ở Văn Miếu
p3,viet-family-city-hanoi-go-temple-literature,Đi Văn Miếu,Go to the Temple of Literature,derived_place_phrase,related-phrases,phrase,audio-authored-mot-ve-vao-van-mieu-aac798dc88,Một vé vào Văn Miếu
p3,viet-family-city-hanoi-go-temple-literature,Đi Văn Miếu,Go to the Temple of Literature,derived_place_phrase,related-phrases,phrase,audio-authored-van-mieu-o-dau-467a58709b,Văn Miếu ở đâu?
p3,viet-family-city-hanoi-go-temple-literature,Đi Văn Miếu,Go to the Temple of Literature,derived_place_phrase,related-phrases,phrase,audio-authored-tu-day-den-van-mieu-bao-lau-2be8e5e02d,Từ đây đến Văn Miếu bao lâu?
p3,viet-family-city-hanoi-go-train-street,Đi Phố đường tàu Hà Nội,Go to Hanoi Train Street,derived_place_phrase,hero,hero,audio-authored-di-pho-duong-tau-ha-noi-64a1647db8,Đi Phố đường tàu Hà Nội
p3,viet-family-city-hanoi-go-train-street,Đi Phố đường tàu Hà Nội,Go to Hanoi Train Street,derived_place_phrase,related-phrases,phrase,audio-authored-pho-duong-tau-ha-noi-ee65be1d03,Phố đường tàu Hà Nội
p3,viet-family-city-hanoi-go-train-street,Đi Phố đường tàu Hà Nội,Go to Hanoi Train Street,derived_place_phrase,related-phrases,phrase,audio-authored-dung-o-pho-duong-tau-ha-noi-9b7192ef4b,Dừng ở Phố đường tàu Hà Nội
p3,viet-family-city-hanoi-go-train-street,Đi Phố đường tàu Hà Nội,Go to Hanoi Train Street,derived_place_phrase,related-phrases,phrase,audio-authored-pho-duong-tau-ha-noi-o-dau-101315f206,Phố đường tàu Hà Nội ở đâu?
p3,viet-family-city-hanoi-go-tran-quoc-pagoda,Đi Chùa Trấn Quốc,Go to Tran Quoc Pagoda,derived_place_phrase,hero,hero,audio-authored-di-chua-tran-quoc-db0f109d65,Đi Chùa Trấn Quốc
p3,viet-family-city-hanoi-go-tran-quoc-pagoda,Đi Chùa Trấn Quốc,Go to Tran Quoc Pagoda,derived_place_phrase,related-phrases,phrase,audio-authored-chua-tran-quoc-cfe2d77d7b,Chùa Trấn Quốc
p3,viet-family-city-hanoi-go-tran-quoc-pagoda,Đi Chùa Trấn Quốc,Go to Tran Quoc Pagoda,derived_place_phrase,related-phrases,phrase,audio-authored-dung-o-chua-tran-quoc-80f7e33b1c,Dừng ở Chùa Trấn Quốc
p3,viet-family-city-hanoi-go-tran-quoc-pagoda,Đi Chùa Trấn Quốc,Go to Tran Quoc Pagoda,derived_place_phrase,related-phrases,phrase,audio-authored-chua-tran-quoc-o-dau-f5506d41ba,Chùa Trấn Quốc ở đâu?
p3,viet-family-city-hanoi-go-truc-bach-lake,Đi Hồ Trúc Bạch,Go to Truc Bach Lake,derived_place_phrase,hero,hero,audio-authored-di-ho-truc-bach-0778c81e98,Đi Hồ Trúc Bạch
p3,viet-family-city-hanoi-go-truc-bach-lake,Đi Hồ Trúc Bạch,Go to Truc Bach Lake,derived_place_phrase,related-phrases,phrase,audio-authored-ho-truc-bach-2d9fcbf59f,Hồ Trúc Bạch
p3,viet-family-city-hanoi-go-truc-bach-lake,Đi Hồ Trúc Bạch,Go to Truc Bach Lake,derived_place_phrase,related-phrases,phrase,audio-authored-ho-truc-bach-o-dau-330ab1e8e0,Hồ Trúc Bạch ở đâu?
p3,viet-family-city-hanoi-go-west-lake,Đi Hồ Tây,Go to West Lake,derived_place_phrase,hero,hero,audio-authored-di-ho-tay-10f0de25e7,Đi Hồ Tây
p3,viet-family-city-hanoi-go-west-lake,Đi Hồ Tây,Go to West Lake,derived_place_phrase,related-phrases,phrase,audio-authored-ho-tay-e93d0b9507,Hồ Tây
p3,viet-family-city-hcmc-binh-tay-far,Chợ Bình Tây xa không?,Is Binh Tay Market far?,derived_place_phrase,hero,hero,audio-authored-cho-binh-tay-xa-khong-0499415dd3,Chợ Bình Tây xa không?
p3,viet-family-city-hcmc-eat-near-anan-saigon,Ăn gần Anăn Sài Gòn,Eat near Anan Saigon,derived_place_phrase,hero,hero,audio-authored-an-gan-anan-sai-gon-31374474ed,Ăn gần Anăn Sài Gòn
p3,viet-family-city-hcmc-eat-near-bach-dang-wharf,Ăn gần Bến Bạch Đằng,Eat near Bach Dang Wharf,derived_place_phrase,hero,hero,audio-authored-an-gan-ben-bach-dang-7a3611cec8,Ăn gần Bến Bạch Đằng
p3,viet-family-city-hcmc-eat-near-ben-thanh-market,Ăn gần Chợ Bến Thành,Eat near Ben Thanh Market,derived_place_phrase,hero,hero,audio-authored-an-gan-cho-ben-thanh-2ab5f289f9,Ăn gần Chợ Bến Thành
p3,viet-family-city-hcmc-eat-near-binh-tay-market,Ăn gần Chợ Bình Tây,Eat near Binh Tay Market,derived_place_phrase,hero,hero,audio-authored-an-gan-cho-binh-tay-da98d2858c,Ăn gần Chợ Bình Tây
p3,viet-family-city-hcmc-eat-near-central-post-office,Ăn gần Bưu điện Thành phố,Eat near Central Post Office,derived_place_phrase,hero,hero,audio-authored-an-gan-buu-dien-thanh-pho-aa67f2225e,Ăn gần Bưu điện Thành phố
p3,viet-family-city-hcmc-eat-near-district-1,Ăn gần Quận 1,Eat near District 1,derived_place_phrase,hero,hero,audio-authored-an-gan-quan-1-cc70494074,Ăn gần Quận 1
p3,viet-family-city-hcmc-go-anan-saigon,Cho tôi đến nhà hàng Anăn Sài Gòn.,Please take me to Anăn Sài Gòn restaurant.,derived_place_phrase,related-phrases,phrase,audio-authored-anan-sai-gon-gan-day-khong-fe9746aa3c,Anăn Sài Gòn gần đây không?
p3,viet-family-city-hcmc-go-independence-palace,Đi Dinh Độc Lập,Go to Independence Palace,derived_place_phrase,hero,hero,audio-authored-di-dinh-doc-lap-ffe331e6db,Đi Dinh Độc Lập
p3,viet-family-city-hcmc-go-independence-palace,Đi Dinh Độc Lập,Go to Independence Palace,derived_place_phrase,related-phrases,phrase,audio-authored-dinh-doc-lap-1772cc060a,Dinh Độc Lập
p3,viet-family-city-hcmc-go-independence-palace,Đi Dinh Độc Lập,Go to Independence Palace,derived_place_phrase,related-phrases,phrase,audio-authored-dung-o-dinh-doc-lap-00ff7f01f1,Dừng ở Dinh Độc Lập
p3,viet-family-city-hcmc-go-independence-palace,Đi Dinh Độc Lập,Go to Independence Palace,derived_place_phrase,related-phrases,phrase,audio-authored-mot-ve-vao-dinh-doc-lap-3694b08e5b,Một vé vào Dinh Độc Lập
p3,viet-family-city-hcmc-go-independence-palace,Đi Dinh Độc Lập,Go to Independence Palace,derived_place_phrase,related-phrases,phrase,audio-authored-toi-muon-den-dinh-doc-lap-4721c55c6e,Tôi muốn đến Dinh Độc Lập
p3,viet-family-city-hcmc-go-independence-palace,Đi Dinh Độc Lập,Go to Independence Palace,derived_place_phrase,related-phrases,phrase,audio-authored-dinh-doc-lap-o-dau-8cdff0e827,Dinh Độc Lập ở đâu?
p3,viet-family-city-hcmc-go-jade-emperor-pagoda,Đi Chùa Ngọc Hoàng,Go to Jade Emperor Pagoda,derived_place_phrase,hero,hero,audio-authored-di-chua-ngoc-hoang-2253e39eb1,Đi Chùa Ngọc Hoàng
p3,viet-family-city-hcmc-go-jade-emperor-pagoda,Đi Chùa Ngọc Hoàng,Go to Jade Emperor Pagoda,derived_place_phrase,related-phrases,phrase,audio-authored-chua-ngoc-hoang-44ffea01a3,Chùa Ngọc Hoàng
p3,viet-family-city-hcmc-go-jade-emperor-pagoda,Đi Chùa Ngọc Hoàng,Go to Jade Emperor Pagoda,derived_place_phrase,related-phrases,phrase,audio-authored-dung-o-chua-ngoc-hoang-95f4b0d26d,Dừng ở Chùa Ngọc Hoàng
p3,viet-family-city-hcmc-go-jade-emperor-pagoda,Đi Chùa Ngọc Hoàng,Go to Jade Emperor Pagoda,derived_place_phrase,related-phrases,phrase,audio-authored-chua-ngoc-hoang-o-dau-e5f739e803,Chùa Ngọc Hoàng ở đâu?
p3,viet-family-city-hcmc-go-landmark-81,Đi Landmark 81,Go to Landmark 81,derived_place_phrase,hero,hero,audio-authored-di-landmark-81-6f8c52e19c,Đi Landmark 81
p3,viet-family-city-hcmc-go-landmark-81,Đi Landmark 81,Go to Landmark 81,derived_place_phrase,related-phrases,phrase,audio-authored-landmark-81-23977f8a15,Landmark 81
p3,viet-family-city-hcmc-go-landmark-81,Đi Landmark 81,Go to Landmark 81,derived_place_phrase,related-phrases,phrase,audio-authored-dung-o-landmark-81-133cdefc4c,Dừng ở Landmark 81
p3,viet-family-city-hcmc-go-landmark-81,Đi Landmark 81,Go to Landmark 81,derived_place_phrase,related-phrases,phrase,audio-authored-landmark-81-o-dau-1b89a21ced,Landmark 81 ở đâu?
p3,viet-family-city-hcmc-go-le-thanh-ton-street,Đi Đường Lê Thánh Tôn,Go to Le Thanh Ton Street,derived_place_phrase,hero,hero,audio-authored-di-duong-le-thanh-ton-32224dd281,Đi Đường Lê Thánh Tôn
p3,viet-family-city-hcmc-go-le-thanh-ton-street,Đi Đường Lê Thánh Tôn,Go to Le Thanh Ton Street,derived_place_phrase,related-phrases,phrase,audio-authored-duong-le-thanh-ton-da11debdb4,Đường Lê Thánh Tôn
p3,viet-family-city-hcmc-go-le-thanh-ton-street,Đi Đường Lê Thánh Tôn,Go to Le Thanh Ton Street,derived_place_phrase,related-phrases,phrase,audio-authored-dung-o-duong-le-thanh-ton-903b634e21,Dừng ở Đường Lê Thánh Tôn
p3,viet-family-city-hcmc-go-nguyen-trai-street,Đi Đường Nguyễn Trãi,Go to Nguyen Trai Street,derived_place_phrase,hero,hero,audio-authored-di-duong-nguyen-trai-ef9d860e6c,Đi Đường Nguyễn Trãi
p3,viet-family-city-hcmc-go-nguyen-trai-street,Đi Đường Nguyễn Trãi,Go to Nguyen Trai Street,derived_place_phrase,related-phrases,phrase,audio-authored-duong-nguyen-trai-02c6b2e488,Đường Nguyễn Trãi
p3,viet-family-city-hcmc-go-nguyen-trai-street,Đi Đường Nguyễn Trãi,Go to Nguyen Trai Street,derived_place_phrase,related-phrases,phrase,audio-authored-dung-o-duong-nguyen-trai-810ac12f79,Dừng ở Đường Nguyễn Trãi
p3,viet-family-city-hcmc-go-notre-dame,Đi Nhà thờ Đức Bà Sài Gòn,Go to Saigon Notre-Dame Cathedral,derived_place_phrase,hero,hero,audio-authored-di-nha-tho-duc-ba-sai-gon-275ed2930a,Đi Nhà thờ Đức Bà Sài Gòn
p3,viet-family-city-hcmc-go-notre-dame,Đi Nhà thờ Đức Bà Sài Gòn,Go to Saigon Notre-Dame Cathedral,derived_place_phrase,related-phrases,phrase,audio-authored-nha-tho-duc-ba-sai-gon-65fbc315f7,Nhà thờ Đức Bà Sài Gòn
p3,viet-family-city-hcmc-go-notre-dame,Đi Nhà thờ Đức Bà Sài Gòn,Go to Saigon Notre-Dame Cathedral,derived_place_phrase,related-phrases,phrase,audio-authored-dung-o-nha-tho-duc-ba-sai-gon-647afbcd46,Dừng ở Nhà thờ Đức Bà Sài Gòn
p3,viet-family-city-hcmc-go-notre-dame,Đi Nhà thờ Đức Bà Sài Gòn,Go to Saigon Notre-Dame Cathedral,derived_place_phrase,related-phrases,phrase,audio-authored-nha-tho-duc-ba-sai-gon-o-dau-725bb5e1cf,Nhà thờ Đức Bà Sài Gòn ở đâu?
p3,viet-family-city-hcmc-go-opera-house,Đi Nhà hát Thành phố,Go to Saigon Opera House,derived_place_phrase,hero,hero,audio-authored-di-nha-hat-thanh-pho-d3112bb255,Đi Nhà hát Thành phố
p3,viet-family-city-hcmc-go-opera-house,Đi Nhà hát Thành phố,Go to Saigon Opera House,derived_place_phrase,related-phrases,phrase,audio-authored-nha-hat-thanh-pho-ce9596ab88,Nhà hát Thành phố
p3,viet-family-city-hcmc-go-opera-house,Đi Nhà hát Thành phố,Go to Saigon Opera House,derived_place_phrase,related-phrases,phrase,audio-authored-dung-o-nha-hat-thanh-pho-bf139c0758,Dừng ở Nhà hát Thành phố
p3,viet-family-city-hcmc-go-opera-house,Đi Nhà hát Thành phố,Go to Saigon Opera House,derived_place_phrase,related-phrases,phrase,audio-authored-nha-hat-thanh-pho-o-dau-afa728f5c4,Nhà hát Thành phố ở đâu?
p3,viet-family-city-hcmc-go-pasteur-street,Đi Đường Pasteur,Go to Pasteur Street,derived_place_phrase,hero,hero,audio-authored-di-duong-pasteur-06f740c791,Đi Đường Pasteur
p3,viet-family-city-hcmc-go-pasteur-street,Đi Đường Pasteur,Go to Pasteur Street,derived_place_phrase,related-phrases,phrase,audio-authored-duong-pasteur-67fc5488cf,Đường Pasteur
p3,viet-family-city-hcmc-go-pasteur-street,Đi Đường Pasteur,Go to Pasteur Street,derived_place_phrase,related-phrases,phrase,audio-authored-dung-o-duong-pasteur-c7b28db040,Dừng ở Đường Pasteur
p3,viet-family-city-hcmc-go-pham-ngu-lao-street,Đi Phố Phạm Ngũ Lão,Go to Pham Ngu Lao Street,derived_place_phrase,hero,hero,audio-authored-di-pho-pham-ngu-lao-5b513ecafe,Đi Phố Phạm Ngũ Lão
p3,viet-family-city-hcmc-go-pham-ngu-lao-street,Đi Phố Phạm Ngũ Lão,Go to Pham Ngu Lao Street,derived_place_phrase,related-phrases,phrase,audio-authored-pho-pham-ngu-lao-98f8f45da5,Phố Phạm Ngũ Lão
p3,viet-family-city-hcmc-go-pham-ngu-lao-street,Đi Phố Phạm Ngũ Lão,Go to Pham Ngu Lao Street,derived_place_phrase,related-phrases,phrase,audio-authored-dung-o-pho-pham-ngu-lao-e517964405,Dừng ở Phố Phạm Ngũ Lão
p3,viet-family-city-hcmc-go-pho-hoa-pasteur,Cho tôi đến nhà hàng Phở Hòa Pasteur.,Please take me to Phở Hòa Pasteur restaurant.,derived_place_phrase,hero,hero,audio-authored-cho-toi-den-nha-hang-pho-hoa-pasteur-6d60ef6f68,Cho tôi đến nhà hàng Phở Hòa Pasteur.
p3,viet-family-city-hcmc-go-pho-hoa-pasteur,Cho tôi đến nhà hàng Phở Hòa Pasteur.,Please take me to Phở Hòa Pasteur restaurant.,derived_place_phrase,related-phrases,phrase,audio-authored-pho-hoa-pasteur-8a55612d65,Phở Hòa Pasteur
p3,viet-family-city-hcmc-go-pho-hoa-pasteur,Cho tôi đến nhà hàng Phở Hòa Pasteur.,Please take me to Phở Hòa Pasteur restaurant.,derived_place_phrase,related-phrases,phrase,audio-authored-pho-hoa-pasteur-o-dau-5eb3dcb7e8,Phở Hòa Pasteur ở đâu?
p3,viet-family-city-hcmc-go-saigon-river,Đi Sông Sài Gòn,Go to Saigon River,derived_place_phrase,hero,hero,audio-authored-di-song-sai-gon-c9429e52c7,Đi Sông Sài Gòn
p3,viet-family-city-hcmc-go-saigon-river,Đi Sông Sài Gòn,Go to Saigon River,derived_place_phrase,related-phrases,phrase,audio-authored-song-sai-gon-76ad5580da,Sông Sài Gòn
p3,viet-family-city-hcmc-go-saigon-river,Đi Sông Sài Gòn,Go to Saigon River,derived_place_phrase,related-phrases,phrase,audio-authored-song-sai-gon-o-dau-37528758e2,Sông Sài Gòn ở đâu?
p3,viet-family-city-hcmc-go-tan-son-nhat-airport,Đi Sân bay Tân Sơn Nhất,Go to Tan Son Nhat Airport,derived_place_phrase,hero,hero,audio-authored-di-san-bay-tan-son-nhat-4360f3fa57,Đi Sân bay Tân Sơn Nhất
p3,viet-family-city-hcmc-go-tan-son-nhat-airport,Đi Sân bay Tân Sơn Nhất,Go to Tan Son Nhat Airport,derived_place_phrase,related-phrases,phrase,audio-authored-san-bay-tan-son-nhat-eece10f965,Sân bay Tân Sơn Nhất
p3,viet-family-city-hcmc-go-tan-son-nhat-airport,Đi Sân bay Tân Sơn Nhất,Go to Tan Son Nhat Airport,derived_place_phrase,related-phrases,phrase,audio-authored-san-bay-tan-son-nhat-o-dau-4821b02591,Sân bay Tân Sơn Nhất ở đâu?
p3,viet-family-city-hcmc-go-tao-dan-park,Đi Công viên Tao Đàn,Go to Tao Dan Park,derived_place_phrase,hero,hero,audio-authored-di-cong-vien-tao-dan-05d2ca6c3d,Đi Công viên Tao Đàn
p3,viet-family-city-hcmc-go-tao-dan-park,Đi Công viên Tao Đàn,Go to Tao Dan Park,derived_place_phrase,related-phrases,phrase,audio-authored-cong-vien-tao-dan-5bef9b2155,Công viên Tao Đàn
p3,viet-family-city-hcmc-go-tao-dan-park,Đi Công viên Tao Đàn,Go to Tao Dan Park,derived_place_phrase,related-phrases,phrase,audio-authored-cong-vien-tao-dan-o-dau-c216a087b7,Công viên Tao Đàn ở đâu?
p3,viet-family-city-hcmc-go-thao-dien,Đi Thảo Điền,Go to Thao Dien,derived_place_phrase,hero,hero,audio-authored-di-thao-dien-f3e165f472,Đi Thảo Điền
p3,viet-family-city-hcmc-go-thao-dien,Đi Thảo Điền,Go to Thao Dien,derived_place_phrase,related-phrases,phrase,audio-authored-thao-dien-7bbac64f94,Thảo Điền
p3,viet-family-city-hcmc-go-turtle-lake,Đi Hồ Con Rùa,Go to Turtle Lake,derived_place_phrase,hero,hero,audio-authored-di-ho-con-rua-cdefc6abe1,Đi Hồ Con Rùa
p3,viet-family-city-hcmc-go-turtle-lake,Đi Hồ Con Rùa,Go to Turtle Lake,derived_place_phrase,related-phrases,phrase,audio-authored-ho-con-rua-05c5dc7f57,Hồ Con Rùa
p3,viet-family-city-hcmc-go-turtle-lake,Đi Hồ Con Rùa,Go to Turtle Lake,derived_place_phrase,related-phrases,phrase,audio-authored-ho-con-rua-o-dau-23d570c98b,Hồ Con Rùa ở đâu?
p3,viet-family-city-hcmc-go-war-remnants-museum,Đi Bảo tàng Chứng tích Chiến tranh,Go to War Remnants Museum,derived_place_phrase,hero,hero,audio-authored-di-bao-tang-chung-tich-chien-tranh-8dd16cb68c,Đi Bảo tàng Chứng tích Chiến tranh
p3,viet-family-city-hcmc-go-war-remnants-museum,Đi Bảo tàng Chứng tích Chiến tranh,Go to War Remnants Museum,derived_place_phrase,related-phrases,phrase,audio-authored-bao-tang-chung-tich-chien-tranh-2b98ad2fdc,Bảo tàng Chứng tích Chiến tranh
p3,viet-family-city-hcmc-go-war-remnants-museum,Đi Bảo tàng Chứng tích Chiến tranh,Go to War Remnants Museum,derived_place_phrase,related-phrases,phrase,audio-authored-bao-tang-chung-tich-chien-tranh-o-dau-2c7524d041,Bảo tàng Chứng tích Chiến tranh ở đâu?
p3,viet-family-city-hcmc-go-zoo-botanical-gardens,Đi Thảo Cầm Viên Sài Gòn,Go to Saigon Zoo and Botanical Gardens,derived_place_phrase,hero,hero,audio-authored-di-thao-cam-vien-sai-gon-bab5b74bd4,Đi Thảo Cầm Viên Sài Gòn
p3,viet-family-city-hcmc-go-zoo-botanical-gardens,Đi Thảo Cầm Viên Sài Gòn,Go to Saigon Zoo and Botanical Gardens,derived_place_phrase,related-phrases,phrase,audio-authored-thao-cam-vien-sai-gon-d9cacc4157,Thảo Cầm Viên Sài Gòn
p3,viet-family-city-hcmc-go-zoo-botanical-gardens,Đi Thảo Cầm Viên Sài Gòn,Go to Saigon Zoo and Botanical Gardens,derived_place_phrase,related-phrases,phrase,audio-authored-thao-cam-vien-sai-gon-o-dau-5c612fd528,Thảo Cầm Viên Sài Gòn ở đâu?
p3,viet-family-city-hcmc-near-binh-tay-market,Chợ Bình Tây gần đây không?,Is Binh Tay Market near here?,derived_place_phrase,hero,hero,audio-authored-cho-binh-tay-gan-day-khong-0443e728c0,Chợ Bình Tây gần đây không?
p3,viet-family-city-hcmc-near-district-1,Quận 1 gần đây không?,Is District 1 near here?,derived_place_phrase,hero,hero,audio-authored-quan-1-gan-day-khong-cac5063d07,Quận 1 gần đây không?
p3,viet-family-city-hoian-atm-cao-lau-city,Ở đây có cao lầu không?,Do you have cao lau here?,derived_place_phrase,hero,hero,audio-authored-o-day-co-cao-lau-khong-a4556ef6fb,Ở đây có cao lầu không?
p3,viet-family-city-hoian-atm-cao-lau-city,Ở đây có cao lầu không?,Do you have cao lau here?,derived_place_phrase,related-phrases,phrase,audio-authored-cao-lau-o-hoi-an-60088f31fc,Cao lầu ở Hội An
p3,viet-family-city-hoian-atm-cao-lau-city,Ở đây có cao lầu không?,Do you have cao lau here?,derived_place_phrase,related-phrases,phrase,audio-authored-an-cao-lau-o-dau-560d9e6f49,Ăn cao lầu ở đâu?
p3,viet-family-city-hoian-atm-cao-lau-city,Ở đây có cao lầu không?,Do you have cao lau here?,derived_place_phrase,related-phrases,phrase,audio-authored-cho-toi-cao-lau-ab019a52e2,Cho tôi cao lầu
p3,viet-family-city-hoian-atm-cao-lau-city,Ở đây có cao lầu không?,Do you have cao lau here?,derived_place_phrase,related-phrases,phrase,audio-authored-o-dau-co-cao-lau-9bb550ad37,Ở đâu có cao lầu?
