priority,pageID,title,profile,sectionID,kind,text,audioKey
P0_landmark_name,viet-family-city-hanoi-place-water-puppet-theatre,Nhà hát Múa rối Thăng Long / Thang Long Water Puppet Theatre,landmark,hero,hero,Nhà hát Múa rối Thăng Long,audio-authored-nha-hat-mua-roi-thang-long-bee079cc3d
P0_street_name,viet-family-city-hue-place-walking-street,Phố đi bộ Huế / Hue Walking Street,streetDriver,hero,hero,Phố đi bộ Huế,audio-authored-pho-di-bo-hue-a8bcc9ad7d
P0_top_place_or_street,viet-family-city-danang-atm-ba-na-hills,Có ATM gần Bà Nà Hills không? / Is there an ATM near Ba Na Hills?,cityPhrase,hero,hero,Có ATM gần Bà Nà Hills không?,audio-authored-co-atm-gan-ba-na-hills-khong-2a0d31c6c2
P0_top_place_or_street,viet-family-city-danang-atm-ba-na-hills,Có ATM gần Bà Nà Hills không? / Is there an ATM near Ba Na Hills?,cityPhrase,explore-next,phrase,Bà Nà Hills,audio-authored-ba-na-hills-c5674a9b64
P0_top_place_or_street,viet-family-city-danang-atm-ba-na-hills,Có ATM gần Bà Nà Hills không? / Is there an ATM near Ba Na Hills?,cityPhrase,explore-next,phrase,Ăn gần Bà Nà Hills,audio-authored-an-gan-ba-na-hills-86509d6c32
P0_top_place_or_street,viet-family-city-danang-atm-ba-na-hills,Có ATM gần Bà Nà Hills không? / Is there an ATM near Ba Na Hills?,cityPhrase,explore-next,phrase,Đi Bà Nà Hills,audio-authored-di-ba-na-hills-aa992e3c66
P0_top_place_or_street,viet-family-city-danang-atm-ba-na-hills,Có ATM gần Bà Nà Hills không? / Is there an ATM near Ba Na Hills?,cityPhrase,explore-next,phrase,Dừng ở Bà Nà Hills,audio-authored-dung-o-ba-na-hills-569988ed0a
P0_top_place_or_street,viet-family-city-danang-atm-ba-na-hills,Có ATM gần Bà Nà Hills không? / Is there an ATM near Ba Na Hills?,cityPhrase,explore-next,phrase,Bà Nà Hills ở đâu?,audio-authored-ba-na-hills-o-dau-5a70cb99cc
P0_top_place_or_street,viet-family-city-danang-atm-bach-dang-street,Có ATM gần Đường Bạch Đằng không? / Is there an ATM near Bach Dang Street?,cityPhrase,hero,hero,Có ATM gần Đường Bạch Đằng không?,audio-authored-co-atm-gan-duong-bach-dang-khong-ef5a725c67
P0_top_place_or_street,viet-family-city-danang-atm-bach-dang-street,Có ATM gần Đường Bạch Đằng không? / Is there an ATM near Bach Dang Street?,cityPhrase,explore-next,phrase,Đường Bạch Đằng,audio-authored-duong-bach-dang-905007f3e8
P0_top_place_or_street,viet-family-city-danang-atm-bach-dang-street,Có ATM gần Đường Bạch Đằng không? / Is there an ATM near Bach Dang Street?,cityPhrase,explore-next,phrase,Đi đường Bạch Đằng,audio-authored-di-duong-bach-dang-2ee76f9dab
P0_top_place_or_street,viet-family-city-danang-atm-bach-dang-street,Có ATM gần Đường Bạch Đằng không? / Is there an ATM near Bach Dang Street?,cityPhrase,explore-next,phrase,Ăn gần Đường Bạch Đằng,audio-authored-an-gan-duong-bach-dang-4e990bdd8b
P0_top_place_or_street,viet-family-city-danang-atm-bach-dang-street,Có ATM gần Đường Bạch Đằng không? / Is there an ATM near Bach Dang Street?,cityPhrase,explore-next,phrase,Đường Bạch Đằng gần đây không?,audio-authored-duong-bach-dang-gan-day-khong-4b4756b094
P0_top_place_or_street,viet-family-city-danang-atm-bach-dang-street,Có ATM gần Đường Bạch Đằng không? / Is there an ATM near Bach Dang Street?,cityPhrase,explore-next,phrase,Dừng ở Đường Bạch Đằng,audio-authored-dung-o-duong-bach-dang-a467848815
P0_top_place_or_street,viet-family-city-danang-atm-dragon-bridge,Có ATM gần cầu Rồng không? / Is there an ATM near Dragon Bridge?,cityPhrase,hero,hero,Có ATM gần cầu Rồng không?,audio-authored-co-atm-gan-cau-rong-khong-33033b7f36
P0_top_place_or_street,viet-family-city-danang-atm-dragon-bridge,Có ATM gần cầu Rồng không? / Is there an ATM near Dragon Bridge?,cityPhrase,explore-next,phrase,Cầu Rồng,audio-authored-cau-rong-90dc128d4b
P0_top_place_or_street,viet-family-city-danang-atm-dragon-bridge,Có ATM gần cầu Rồng không? / Is there an ATM near Dragon Bridge?,cityPhrase,explore-next,phrase,Ăn gần Cầu Rồng,audio-authored-an-gan-cau-rong-cb688f67ca
P0_top_place_or_street,viet-family-city-danang-atm-dragon-bridge,Có ATM gần cầu Rồng không? / Is there an ATM near Dragon Bridge?,cityPhrase,explore-next,phrase,Đi cầu Rồng,audio-authored-di-cau-rong-7a805e26ec
P0_top_place_or_street,viet-family-city-danang-atm-dragon-bridge,Có ATM gần cầu Rồng không? / Is there an ATM near Dragon Bridge?,cityPhrase,explore-next,phrase,Dừng ở Cầu Rồng,audio-authored-dung-o-cau-rong-a6fd2ae7f1
P0_top_place_or_street,viet-family-city-danang-atm-dragon-bridge,Có ATM gần cầu Rồng không? / Is there an ATM near Dragon Bridge?,cityPhrase,explore-next,phrase,Cầu Rồng ở đâu?,audio-authored-cau-rong-o-dau-8de12d7ea5
P0_top_place_or_street,viet-family-city-danang-atm-linh-ung-pagoda,Có ATM gần Chùa Linh Ứng không? / Is there an ATM near Linh Ung Pagoda?,cityPhrase,hero,hero,Có ATM gần Chùa Linh Ứng không?,audio-authored-co-atm-gan-chua-linh-ung-khong-59ceba8b18
P0_top_place_or_street,viet-family-city-danang-atm-linh-ung-pagoda,Có ATM gần Chùa Linh Ứng không? / Is there an ATM near Linh Ung Pagoda?,cityPhrase,explore-next,phrase,Chùa Linh Ứng,audio-authored-chua-linh-ung-703e8f3b92
P0_top_place_or_street,viet-family-city-danang-atm-linh-ung-pagoda,Có ATM gần Chùa Linh Ứng không? / Is there an ATM near Linh Ung Pagoda?,cityPhrase,explore-next,phrase,Đi Chùa Linh Ứng,audio-authored-di-chua-linh-ung-a4006f3b96
P0_top_place_or_street,viet-family-city-danang-atm-linh-ung-pagoda,Có ATM gần Chùa Linh Ứng không? / Is there an ATM near Linh Ung Pagoda?,cityPhrase,explore-next,phrase,Dừng ở Chùa Linh Ứng,audio-authored-dung-o-chua-linh-ung-73099539ac
P0_top_place_or_street,viet-family-city-danang-atm-linh-ung-pagoda,Có ATM gần Chùa Linh Ứng không? / Is there an ATM near Linh Ung Pagoda?,cityPhrase,explore-next,phrase,Chùa Linh Ứng ở đâu?,audio-authored-chua-linh-ung-o-dau-03317f605a
P0_top_place_or_street,viet-family-city-danang-go-marble-mountains,Đi Ngũ Hành Sơn / Go to Marble Mountains,cityPhrase,hero,hero,Đi Ngũ Hành Sơn,audio-authored-di-ngu-hanh-son-c46a771980
P0_top_place_or_street,viet-family-city-danang-go-marble-mountains,Đi Ngũ Hành Sơn / Go to Marble Mountains,cityPhrase,explore-next,phrase,Ngũ Hành Sơn,audio-authored-ngu-hanh-son-7cd09d8626
P0_top_place_or_street,viet-family-city-danang-go-marble-mountains,Đi Ngũ Hành Sơn / Go to Marble Mountains,cityPhrase,explore-next,phrase,Dừng ở Ngũ Hành Sơn,audio-authored-dung-o-ngu-hanh-son-d265ed4878
P0_top_place_or_street,viet-family-city-danang-go-marble-mountains,Đi Ngũ Hành Sơn / Go to Marble Mountains,cityPhrase,explore-next,phrase,Một vé vào Ngũ Hành Sơn,audio-authored-mot-ve-vao-ngu-hanh-son-56b84cbd10
P0_top_place_or_street,viet-family-city-danang-go-marble-mountains,Đi Ngũ Hành Sơn / Go to Marble Mountains,cityPhrase,explore-next,phrase,Từ đây đến Ngũ Hành Sơn bao lâu?,audio-authored-tu-day-den-ngu-hanh-son-bao-lau-0aae469b3c
P0_top_place_or_street,viet-family-city-danang-go-nguyen-van-linh-street,Đi Đường Nguyễn Văn Linh / Go to Nguyen Van Linh Street,cityPhrase,hero,hero,Đi Đường Nguyễn Văn Linh,audio-authored-di-duong-nguyen-van-linh-1041762d59
P0_top_place_or_street,viet-family-city-danang-go-nguyen-van-linh-street,Đi Đường Nguyễn Văn Linh / Go to Nguyen Van Linh Street,cityPhrase,explore-next,phrase,Đường Nguyễn Văn Linh,audio-authored-duong-nguyen-van-linh-2fa0fcb186
P0_top_place_or_street,viet-family-city-danang-go-nguyen-van-linh-street,Đi Đường Nguyễn Văn Linh / Go to Nguyen Van Linh Street,cityPhrase,explore-next,phrase,Đường Nguyễn Văn Linh gần đây không?,audio-authored-duong-nguyen-van-linh-gan-day-khong-63a70d6a49
P0_top_place_or_street,viet-family-city-danang-go-nguyen-van-linh-street,Đi Đường Nguyễn Văn Linh / Go to Nguyen Van Linh Street,cityPhrase,explore-next,phrase,Dừng ở Đường Nguyễn Văn Linh,audio-authored-dung-o-duong-nguyen-van-linh-ea7a5b650b
P0_top_place_or_street,viet-family-city-danang-go-nguyen-van-linh-street,Đi Đường Nguyễn Văn Linh / Go to Nguyen Van Linh Street,cityPhrase,explore-next,phrase,Đường Nguyễn Văn Linh ở đâu?,audio-authored-duong-nguyen-van-linh-o-dau-04b68ce6df
P0_top_place_or_street,viet-family-city-danang-go-vo-nguyen-giap-street,Đi Đường Võ Nguyên Giáp / Go to Vo Nguyen Giap Street,cityPhrase,hero,hero,Đi Đường Võ Nguyên Giáp,audio-authored-di-duong-vo-nguyen-giap-3438c8ea1b
P0_top_place_or_street,viet-family-city-danang-go-vo-nguyen-giap-street,Đi Đường Võ Nguyên Giáp / Go to Vo Nguyen Giap Street,cityPhrase,explore-next,phrase,Đường Võ Nguyên Giáp,audio-authored-duong-vo-nguyen-giap-63dd6840e9
P0_top_place_or_street,viet-family-city-danang-go-vo-nguyen-giap-street,Đi Đường Võ Nguyên Giáp / Go to Vo Nguyen Giap Street,cityPhrase,explore-next,phrase,Đường Võ Nguyên Giáp gần đây không?,audio-authored-duong-vo-nguyen-giap-gan-day-khong-8d519813c0
P0_top_place_or_street,viet-family-city-danang-go-vo-nguyen-giap-street,Đi Đường Võ Nguyên Giáp / Go to Vo Nguyen Giap Street,cityPhrase,explore-next,phrase,Đường Võ Nguyên Giáp ở đâu?,audio-authored-duong-vo-nguyen-giap-o-dau-f4d3cdd20c
P0_top_place_or_street,viet-family-city-danang-place-ba-na-hills,Bà Nà Hills / Ba Na Hills,landmark,key-phrases,phrase,"Dạ, cho tôi hai vé lên Bà Nà Hills.",audio-authored-da-cho-toi-hai-ve-len-ba-na-hills-cb395e159b
P0_top_place_or_street,viet-family-city-danang-place-ba-na-hills,Bà Nà Hills / Ba Na Hills,landmark,key-phrases,phrase,Cáp treo ở đâu?,audio-authored-cap-treo-o-dau-8548abeeca
P0_top_place_or_street,viet-family-city-danang-place-ba-na-hills,Bà Nà Hills / Ba Na Hills,landmark,key-phrases,phrase,Bạn chụp giúp tôi được không?,audio-authored-ban-chup-giup-toi-duoc-khong-4068eb6127
P0_top_place_or_street,viet-family-city-danang-place-ba-na-hills,Bà Nà Hills / Ba Na Hills,landmark,key-phrases,phrase,Gọi giúp tôi taxi được không?,audio-authored-goi-giup-toi-taxi-duoc-khong-d1d2e5a74d
P0_top_place_or_street,viet-family-city-danang-place-bach-dang-street,Đường Bạch Đằng / Bach Dang Street,streetDriver,show-driver,phrase,Cho tôi đến đường Bạch Đằng.,audio-authored-cho-toi-den-duong-bach-dang-b8999db078
P0_top_place_or_street,viet-family-city-danang-place-bach-dang-street,Đường Bạch Đằng / Bach Dang Street,streetDriver,confirm,phrase,Đây có phải đường Bạch Đằng không?,audio-authored-day-co-phai-duong-bach-dang-khong-9bf71e32a9
P0_top_place_or_street,viet-family-city-danang-place-dragon-bridge,Cầu Rồng / Dragon Bridge,landmark,pickup-nearby,phrase,Cho tôi xuống gần Cầu Rồng.,audio-authored-cho-toi-xuong-gan-cau-rong-858bbe4abc
P0_top_place_or_street,viet-family-city-danang-place-marble-mountains,Ngũ Hành Sơn / Marble Mountains,landmark,key-phrases,phrase,Tài xế chờ ở đâu?,audio-authored-tai-xe-cho-o-dau-0b819e85a5
P0_top_place_or_street,viet-family-city-danang-place-nguyen-van-linh-street,Đường Nguyễn Văn Linh / Nguyen Van Linh Street,streetDriver,show-driver,phrase,Cho tôi đến đường Nguyễn Văn Linh.,audio-authored-cho-toi-den-duong-nguyen-van-linh-492eadfaa8
P0_top_place_or_street,viet-family-city-danang-place-nguyen-van-linh-street,Đường Nguyễn Văn Linh / Nguyen Van Linh Street,streetDriver,confirm,phrase,Đây có phải đường Nguyễn Văn Linh không?,audio-authored-day-co-phai-duong-nguyen-van-linh-khong-ac81b9008c
P0_top_place_or_street,viet-family-city-danang-place-nguyen-van-linh-street,Đường Nguyễn Văn Linh / Nguyen Van Linh Street,streetDriver,wrong-place,phrase,Hình như không đúng chỗ.,audio-authored-hinh-nhu-khong-dung-cho-b63d5ef9e3
P0_top_place_or_street,viet-family-city-danang-place-vo-nguyen-giap-street,Đường Võ Nguyên Giáp / Vo Nguyen Giap Street,streetDriver,show-driver,phrase,Cho tôi đến đường Võ Nguyên Giáp.,audio-authored-cho-toi-den-duong-vo-nguyen-giap-101f4d1608
P0_top_place_or_street,viet-family-city-danang-place-vo-nguyen-giap-street,Đường Võ Nguyên Giáp / Vo Nguyen Giap Street,streetDriver,confirm,phrase,Đây có phải đường Võ Nguyên Giáp không?,audio-authored-day-co-phai-duong-vo-nguyen-giap-khong-d2fc0ab90a
P0_top_place_or_street,viet-family-city-danang-where-bach-dang-street,Đường Bạch Đằng ở đâu? / Where is Bach Dang Street?,cityPhrase,hero,hero,Đường Bạch Đằng ở đâu?,audio-authored-duong-bach-dang-o-dau-7accb753ff
P0_top_place_or_street,viet-family-city-hcmc-atm-bach-dang-wharf,Có ATM gần Bến Bạch Đằng không? / Is there an ATM near Bach Dang Wharf?,cityPhrase,hero,hero,Có ATM gần Bến Bạch Đằng không?,audio-authored-co-atm-gan-ben-bach-dang-khong-b30cac181d
P0_top_place_or_street,viet-family-city-hcmc-atm-bach-dang-wharf,Có ATM gần Bến Bạch Đằng không? / Is there an ATM near Bach Dang Wharf?,cityPhrase,explore-next,phrase,Bến Bạch Đằng,audio-authored-ben-bach-dang-566a5d22c4
P0_top_place_or_street,viet-family-city-hcmc-atm-bach-dang-wharf,Có ATM gần Bến Bạch Đằng không? / Is there an ATM near Bach Dang Wharf?,cityPhrase,explore-next,phrase,Ăn gần Bến Bạch Đằng,audio-authored-an-gan-ben-bach-dang-7a3611cec8
P0_top_place_or_street,viet-family-city-hcmc-atm-bach-dang-wharf,Có ATM gần Bến Bạch Đằng không? / Is there an ATM near Bach Dang Wharf?,cityPhrase,explore-next,phrase,Đi Bến Bạch Đằng,audio-authored-di-ben-bach-dang-d1f33b4566
P0_top_place_or_street,viet-family-city-hcmc-atm-bach-dang-wharf,Có ATM gần Bến Bạch Đằng không? / Is there an ATM near Bach Dang Wharf?,cityPhrase,explore-next,phrase,Bến Bạch Đằng gần đây không?,audio-authored-ben-bach-dang-gan-day-khong-4c21b532d4
P0_top_place_or_street,viet-family-city-hcmc-atm-bach-dang-wharf,Có ATM gần Bến Bạch Đằng không? / Is there an ATM near Bach Dang Wharf?,cityPhrase,explore-next,phrase,Dừng ở Bến Bạch Đằng,audio-authored-dung-o-ben-bach-dang-2d1ed776fd
P0_top_place_or_street,viet-family-city-hcmc-place-bach-dang-wharf,Bến Bạch Đằng / Bach Dang Wharf,landmark,place-brief,phrase,Bến Bạch Đằng ở đâu?,audio-authored-ben-bach-dang-o-dau-0b9e513a47
P0_top_place_or_street,viet-family-ves-drop-near-dragon-bridge,Cho tôi xuống gần Cầu Rồng. / Let me off near Dragon Bridge.,singlePhrase,explore-next,phrase,Cho tôi đi Cầu Rồng.,audio-authored-cho-toi-di-cau-rong-31d5036c87
P0_top_place_or_street,viet-family-ves-im-on-vo-nguyen-giap-street,Tôi đang ở đường Võ Nguyên Giáp. / I'm on Vo Nguyen Giap Street.,singlePhrase,hero,hero,Tôi đang ở đường Võ Nguyên Giáp.,audio-authored-toi-dang-o-duong-vo-nguyen-giap-16506a9333
P0_top_place_or_street,viet-family-ves-is-this-address-correct,Địa chỉ này đúng không? / Is this address correct?,singlePhrase,explore-next,phrase,Cho tôi đi Bà Nà Hills.,audio-authored-cho-toi-di-ba-na-hills-7e1fd2f0f0
P0_top_place_or_street,viet-family-ves-one-ticket-marble-mountains-polite,"Dạ, cho tôi một vé vào Ngũ Hành Sơn. / One ticket to Marble Mountains, please.",singlePhrase,hero,hero,"Dạ, cho tôi một vé vào Ngũ Hành Sơn.",audio-authored-da-cho-toi-mot-ve-vao-ngu-hanh-son-7f6e289d9b
P0_top_place_or_street,viet-family-ves-one-ticket-marble-mountains-polite,"Dạ, cho tôi một vé vào Ngũ Hành Sơn. / One ticket to Marble Mountains, please.",singlePhrase,explore-next,phrase,Hai vé vào Ngũ Hành Sơn.,audio-authored-hai-ve-vao-ngu-hanh-son-83aeec767b
P1_name_page_phrase,viet-family-city-danang-place-con-market,Chợ Cồn / Con Market,landmark,place-brief,phrase,Chợ Cồn ở đâu?,audio-authored-cho-con-o-dau-640c3f2b63
P1_name_page_phrase,viet-family-city-danang-place-han-market,Chợ Hàn / Han Market,landmark,place-brief,phrase,Dừng ở chợ Hàn,audio-authored-dung-o-cho-han-db6f463ef8
P1_name_page_phrase,viet-family-city-danang-place-han-market,Chợ Hàn / Han Market,landmark,place-brief,phrase,Chợ Hàn ở đâu?,audio-authored-cho-han-o-dau-fecbaec7a9
P1_name_page_phrase,viet-family-city-danang-place-han-river,Sông Hàn / Han River,landmark,place-brief,phrase,Sông Hàn ở đâu?,audio-authored-song-han-o-dau-202906ef4f
P1_name_page_phrase,viet-family-city-danang-place-nen,Nén Đà Nẵng / Nen Da Nang,restaurant,menu-dietary,phrase,Cho tôi trà đá,audio-authored-cho-toi-tra-da-6b39f7e1ae
P1_name_page_phrase,viet-family-city-hanoi-place-bun-cha-huong-lien,Bún chả Hương Liên / Bun Cha Huong Lien,restaurant,before-you-go,phrase,"Dạ, cho tôi một phần bún chả.",audio-authored-da-cho-toi-mot-phan-bun-cha-dbdee039d2
P1_name_page_phrase,viet-family-city-hanoi-place-dong-xuan,Chợ Đồng Xuân / Dong Xuan Market,landmark,place-brief,phrase,Dừng ở Chợ Đồng Xuân,audio-authored-dung-o-cho-dong-xuan-ef50ba4124
P1_name_page_phrase,viet-family-city-hanoi-place-dong-xuan,Chợ Đồng Xuân / Dong Xuan Market,landmark,place-brief,phrase,Chợ Đồng Xuân ở đâu?,audio-authored-cho-dong-xuan-o-dau-1a0ba2fd0c
P1_name_page_phrase,viet-family-city-hanoi-place-hang-gai-street,Phố Hàng Gai / Hang Gai Street,streetDriver,place-brief,phrase,Phố Hàng Gai ở đâu?,audio-authored-pho-hang-gai-o-dau-6464750f35
P1_name_page_phrase,viet-family-city-hanoi-place-hoan-kiem,Hồ Hoàn Kiếm / Hoan Kiem Lake,landmark,place-brief,phrase,Hồ Hoàn Kiếm ở đâu?,audio-authored-ho-hoan-kiem-o-dau-14723bd69b
P1_name_page_phrase,viet-family-city-hanoi-place-long-bien-market,Chợ Long Biên / Long Bien Market,landmark,place-brief,phrase,Chợ Long Biên ở đâu?,audio-authored-cho-long-bien-o-dau-8763cd5bb9
P1_name_page_phrase,viet-family-city-hanoi-place-pho-bat-dan,Phở Bát Đàn / Pho Bat Dan,restaurant,before-you-go,phrase,"Dạ, cho tôi một tô phở.",audio-authored-da-cho-toi-mot-to-pho-5e65b6808d
P1_name_page_phrase,viet-family-city-hanoi-place-water-puppet-theatre,Nhà hát Múa rối Thăng Long / Thang Long Water Puppet Theatre,landmark,place-brief,phrase,Đi Nhà hát Múa rối Thăng Long,audio-authored-di-nha-hat-mua-roi-thang-long-6e49722b28
P1_name_page_phrase,viet-family-city-hanoi-place-water-puppet-theatre,Nhà hát Múa rối Thăng Long / Thang Long Water Puppet Theatre,landmark,place-brief,phrase,Nhà hát Múa rối Thăng Long ở đâu?,audio-authored-nha-hat-mua-roi-thang-long-o-dau-a04b797640
P1_name_page_phrase,viet-family-city-hcmc-place-anan-saigon,Anăn Sài Gòn / Anan Saigon,restaurant,place-brief,phrase,Dừng ở Anăn Sài Gòn,audio-authored-dung-o-anan-sai-gon-2f3f84a161
P1_name_page_phrase,viet-family-city-hcmc-place-anan-saigon,Anăn Sài Gòn / Anan Saigon,restaurant,place-brief,phrase,Nhà hàng Anăn Sài Gòn ở đâu?,audio-authored-nha-hang-anan-sai-gon-o-dau-9bad470f84
P1_name_page_phrase,viet-family-city-hcmc-place-anan-saigon,Anăn Sài Gòn / Anan Saigon,restaurant,place-brief,phrase,Anăn Sài Gòn ở đâu?,audio-authored-anan-sai-gon-o-dau-bd431d2a16
P1_name_page_phrase,viet-family-city-hcmc-place-ben-thanh-market,Chợ Bến Thành / Ben Thanh Market,landmark,place-brief,phrase,Dừng ở Chợ Bến Thành,audio-authored-dung-o-cho-ben-thanh-e242de4fd3
P1_name_page_phrase,viet-family-city-hcmc-place-ben-thanh-market,Chợ Bến Thành / Ben Thanh Market,landmark,place-brief,phrase,Chợ Bến Thành ở đâu?,audio-authored-cho-ben-thanh-o-dau-bb40bb0327
P1_name_page_phrase,viet-family-city-hcmc-place-binh-tay-market,Chợ Bình Tây / Binh Tay Market,landmark,place-brief,phrase,Dừng ở Chợ Bình Tây,audio-authored-dung-o-cho-binh-tay-aa06b37299
P1_name_page_phrase,viet-family-city-hcmc-place-binh-tay-market,Chợ Bình Tây / Binh Tay Market,landmark,place-brief,phrase,Chợ Bình Tây ở đâu?,audio-authored-cho-binh-tay-o-dau-75d11bba12
P1_name_page_phrase,viet-family-city-hcmc-place-district-1,Quận 1 / District 1,landmark,place-brief,phrase,Dừng ở Quận 1,audio-authored-dung-o-quan-1-eeeb37b26a
P1_name_page_phrase,viet-family-city-hcmc-place-district-1,Quận 1 / District 1,landmark,place-brief,phrase,Quận 1 ở đâu?,audio-authored-quan-1-o-dau-17be89aa5e
P1_name_page_phrase,viet-family-city-hcmc-place-dong-khoi-street,Đường Đồng Khởi / Dong Khoi Street,streetDriver,place-brief,phrase,Đường Đồng Khởi ở đâu?,audio-authored-duong-dong-khoi-o-dau-85f0b0c280
P1_name_page_phrase,viet-family-city-hcmc-place-ho-thi-ky-flower-market,Chợ hoa Hồ Thị Kỷ / Ho Thi Ky Flower Market,landmark,place-brief,phrase,Chợ hoa Hồ Thị Kỷ ở đâu?,audio-authored-cho-hoa-ho-thi-ky-o-dau-d59e462200
P1_name_page_phrase,viet-family-city-hcmc-place-post-office,Bưu điện Thành phố / Central Post Office,landmark,place-brief,phrase,Bưu điện Thành phố ở đâu?,audio-authored-buu-dien-thanh-pho-o-dau-5fcdf89406
P1_name_page_phrase,viet-family-city-hoian-place-an-bang,Biển An Bàng / An Bang Beach,landmark,place-brief,phrase,Biển An Bàng ở đâu?,audio-authored-bien-an-bang-o-dau-170645a30e
P1_name_page_phrase,viet-family-city-hoian-place-an-hoi-island,Đảo An Hội / An Hoi Island,landmark,place-brief,phrase,Đảo An Hội ở đâu?,audio-authored-dao-an-hoi-o-dau-701fe06de6
P1_name_page_phrase,viet-family-city-hoian-place-ancient-town,Phố cổ Hội An / Hoi An Ancient Town,landmark,place-brief,phrase,Dừng ở Phố cổ Hội An,audio-authored-dung-o-pho-co-hoi-an-0c9d613047
P1_name_page_phrase,viet-family-city-hoian-place-ancient-town,Phố cổ Hội An / Hoi An Ancient Town,landmark,place-brief,phrase,Phố cổ Hội An ở đâu?,audio-authored-pho-co-hoi-an-o-dau-6ef2b2cedf
P1_name_page_phrase,viet-family-city-hoian-place-cao-lau-city,Cao lầu ở Hội An / Cao lau in Hoi An,dish,place-brief,phrase,"Dạ, cho tôi một phần cao lầu.",audio-authored-da-cho-toi-mot-phan-cao-lau-71867ac448
P1_name_page_phrase,viet-family-city-hoian-place-cao-lau-city,Cao lầu ở Hội An / Cao lau in Hoi An,dish,how-to-order,phrase,Không cay quá nhé.,audio-authored-khong-cay-qua-nhe-ecc42633de
P1_name_page_phrase,viet-family-city-hoian-place-cao-lau-city,Cao lầu ở Hội An / Cao lau in Hoi An,dish,ingredients-diet,phrase,Món này có gì?,audio-authored-mon-nay-co-gi-919c3d8876
P1_name_page_phrase,viet-family-city-hoian-place-market,Chợ Hội An / Hoi An Market,landmark,place-brief,phrase,Chợ Hội An ở đâu?,audio-authored-cho-hoi-an-o-dau-914a7752f7
P1_name_page_phrase,viet-family-city-hue-place-an-cuu-market,Chợ An Cựu / An Cuu Market,landmark,place-brief,phrase,Dừng ở Chợ An Cựu,audio-authored-dung-o-cho-an-cuu-3fd42d45ea
P1_name_page_phrase,viet-family-city-hue-place-an-cuu-market,Chợ An Cựu / An Cuu Market,landmark,place-brief,phrase,Chợ An Cựu ở đâu?,audio-authored-cho-an-cuu-o-dau-1f23f26aef
P1_name_page_phrase,viet-family-city-hue-place-bao-vinh-ancient-town,Phố cổ Bao Vinh / Bao Vinh Ancient Town,landmark,place-brief,phrase,Phố cổ Bao Vinh ở đâu?,audio-authored-pho-co-bao-vinh-o-dau-7437b9f44b
P1_name_page_phrase,viet-family-city-hue-place-bun-bo-city,Bún bò Huế / Bun bo Hue,dish,place-brief,phrase,"Dạ, cho tôi một tô bún bò Huế.",audio-authored-da-cho-toi-mot-to-bun-bo-hue-f624687fc3
P1_name_page_phrase,viet-family-city-hue-place-dong-ba,Chợ Đông Ba / Dong Ba Market,landmark,place-brief,phrase,Cho tôi xuống ở chợ Đông Ba,audio-authored-cho-toi-xuong-o-cho-dong-ba-e15bcc433d
P1_name_page_phrase,viet-family-city-hue-place-dong-ba,Chợ Đông Ba / Dong Ba Market,landmark,place-brief,phrase,Dừng ở Chợ Đông Ba,audio-authored-dung-o-cho-dong-ba-412cae532d
P1_name_page_phrase,viet-family-city-hue-place-walking-street,Phố đi bộ Huế / Hue Walking Street,streetDriver,place-brief,phrase,Đi phố đi bộ Huế,audio-authored-di-pho-di-bo-hue-639ec583b5
P1_name_page_phrase,viet-family-city-hue-place-walking-street,Phố đi bộ Huế / Hue Walking Street,streetDriver,place-brief,phrase,Phố đi bộ Huế ở đâu?,audio-authored-pho-di-bo-hue-o-dau-255aae3009
P1_scenario_phrase,viet-family-ves-call-taxi-for-me,Gọi giúp tôi taxi được không? / Can you call me a taxi?,singlePhrase,explore-next,phrase,Cho tôi xuống ở đây được không?,audio-authored-cho-toi-xuong-o-day-duoc-khong-e6561710e9
P1_scenario_phrase,viet-family-ves-can-you-wait-here,Anh chờ tôi ở đây được không? / Can you wait for me here?,singlePhrase,hero,hero,Anh chờ tôi ở đây được không?,audio-authored-anh-cho-toi-o-day-duoc-khong-ec56a2d762
P1_scenario_phrase,viet-family-ves-can-you-wait-here,Anh chờ tôi ở đây được không? / Can you wait for me here?,singlePhrase,explore-next,phrase,Mấy giờ quay lại?,audio-authored-may-gio-quay-lai-10be0e986d
P1_scenario_phrase,viet-family-vpe-buy-item-toi-muon-mua-anh-the,Tôi muốn mua ảnh thẻ / I want to buy passport photos.,singlePhrase,hero,hero,Tôi muốn mua ảnh thẻ,audio-authored-toi-muon-mua-anh-the-4deeef3cb5
P1_scenario_phrase,viet-family-vpe-buy-item-toi-muon-mua-anh-the,Tôi muốn mua ảnh thẻ / I want to buy passport photos.,singlePhrase,practice-pairs,phrase,Tôi muốn mua chỗ ngồi cạnh lối đi,audio-authored-toi-muon-mua-cho-ngoi-canh-loi-di-3d735b5e89
P1_scenario_phrase,viet-family-vpe-buy-item-toi-muon-mua-anh-the,Tôi muốn mua ảnh thẻ / I want to buy passport photos.,singlePhrase,practice-pairs,phrase,Tôi muốn mua chỗ ngồi gần cửa sổ,audio-authored-toi-muon-mua-cho-ngoi-gan-cua-so-946af2d989
P1_scenario_phrase,viet-family-vpe-buy-item-toi-muon-mua-anh-the,Tôi muốn mua ảnh thẻ / I want to buy passport photos.,singlePhrase,practice-pairs,phrase,Tôi muốn mua mã đặt chỗ,audio-authored-toi-muon-mua-ma-dat-cho-37a3c67bf9
P1_scenario_phrase,viet-family-vpe-buy-item-toi-muon-mua-anh-the,Tôi muốn mua ảnh thẻ / I want to buy passport photos.,singlePhrase,explore-next,phrase,Tôi muốn mua nước không đá,audio-authored-toi-muon-mua-nuoc-khong-da-d3314c3977
P1_scenario_phrase,viet-family-vpe-buy-item-toi-muon-mua-anh-the,Tôi muốn mua ảnh thẻ / I want to buy passport photos.,singlePhrase,explore-next,phrase,Tôi muốn mua phiếu đặt phòng,audio-authored-toi-muon-mua-phieu-dat-phong-7443a767bf
P1_scenario_phrase,viet-family-vpe-buy-item-toi-muon-mua-anh-the,Tôi muốn mua ảnh thẻ / I want to buy passport photos.,singlePhrase,explore-next,phrase,Tôi muốn mua áo mưa,audio-authored-toi-muon-mua-ao-mua-05a374d92c
P1_scenario_phrase,viet-family-vpe-buy-item-toi-muon-mua-anh-the,Tôi muốn mua ảnh thẻ / I want to buy passport photos.,singlePhrase,explore-next,phrase,Tôi muốn mua áo thun,audio-authored-toi-muon-mua-ao-thun-7a6c5882ac
P1_scenario_phrase,viet-family-vpe-buy-item-toi-muon-mua-anh-the,Tôi muốn mua ảnh thẻ / I want to buy passport photos.,singlePhrase,explore-next,phrase,Tôi muốn mua ba lô nhỏ,audio-authored-toi-muon-mua-ba-lo-nho-345c0883cb
P1_scenario_phrase,viet-family-vpe-buy-item-toi-muon-mua-anh-the,Tôi muốn mua ảnh thẻ / I want to buy passport photos.,singlePhrase,explore-next,phrase,Tôi muốn mua bàn chải đánh răng,audio-authored-toi-muon-mua-ban-chai-danh-rang-046e1d40ab
P1_scenario_phrase,viet-family-vpe-buy-item-toi-muon-mua-ao-mua,Tôi muốn mua áo mưa / I want to buy a rain poncho.,singlePhrase,practice-pairs,phrase,Tôi muốn mua lịch trình tour,audio-authored-toi-muon-mua-lich-trinh-tour-a23a99d499
P1_scenario_phrase,viet-family-vpe-buy-item-toi-muon-mua-ao-mua,Tôi muốn mua áo mưa / I want to buy a rain poncho.,singlePhrase,practice-pairs,phrase,Tôi muốn mua mũ bảo hiểm,audio-authored-toi-muon-mua-mu-bao-hiem-4e13964da7
P1_scenario_phrase,viet-family-vpe-buy-item-toi-muon-mua-ao-mua,Tôi muốn mua áo mưa / I want to buy a rain poncho.,singlePhrase,practice-pairs,phrase,Tôi muốn mua vé tàu,audio-authored-toi-muon-mua-ve-tau-bb84413b79
P1_scenario_phrase,viet-family-vpe-buy-item-toi-muon-mua-ao-mua,Tôi muốn mua áo mưa / I want to buy a rain poncho.,singlePhrase,explore-next,phrase,Tôi muốn mua vé vào cửa,audio-authored-toi-muon-mua-ve-vao-cua-f5134c7165
P1_scenario_phrase,viet-family-vpe-buy-item-toi-muon-mua-ao-mua,Tôi muốn mua áo mưa / I want to buy a rain poncho.,singlePhrase,explore-next,phrase,Tôi muốn mua vé xe buýt,audio-authored-toi-muon-mua-ve-xe-buyt-238b84127b
P1_scenario_phrase,viet-family-vpe-buy-item-toi-muon-mua-ao-thun,Tôi muốn mua áo thun / I want to buy a T-shirt.,singlePhrase,practice-pairs,phrase,Tôi muốn mua cà phê rang,audio-authored-toi-muon-mua-ca-phe-rang-083f73399e
P1_scenario_phrase,viet-family-vpe-buy-item-toi-muon-mua-ao-thun,Tôi muốn mua áo thun / I want to buy a T-shirt.,singlePhrase,practice-pairs,phrase,Tôi muốn mua mũ lưỡi trai,audio-authored-toi-muon-mua-mu-luoi-trai-48e6b1b25d
P1_scenario_phrase,viet-family-vpe-buy-item-toi-muon-mua-ao-thun,Tôi muốn mua áo thun / I want to buy a T-shirt.,singlePhrase,practice-pairs,phrase,Tôi muốn mua nam châm tủ lạnh,audio-authored-toi-muon-mua-nam-cham-tu-lanh-065b2253f2
P1_scenario_phrase,viet-family-vpe-buy-item-toi-muon-mua-ao-thun,Tôi muốn mua áo thun / I want to buy a T-shirt.,singlePhrase,explore-next,phrase,Tôi muốn mua quà lưu niệm,audio-authored-toi-muon-mua-qua-luu-niem-d36195f24c
P1_scenario_phrase,viet-family-vpe-buy-item-toi-muon-mua-ao-thun,Tôi muốn mua áo thun / I want to buy a T-shirt.,singlePhrase,explore-next,phrase,Tôi muốn mua quần short,audio-authored-toi-muon-mua-quan-short-7115c6dd07
P1_scenario_phrase,viet-family-vpe-buy-item-toi-muon-mua-ba-lo-nho,Tôi muốn mua ba lô nhỏ / I want to buy a small backpack.,singlePhrase,explore-next,phrase,Tôi muốn mua vali nhỏ,audio-authored-toi-muon-mua-vali-nho-a59ddf8428
P1_scenario_phrase,viet-family-vpe-buy-item-toi-muon-mua-ba-lo-nho,Tôi muốn mua ba lô nhỏ / I want to buy a small backpack.,singlePhrase,explore-next,phrase,Tôi muốn mua bàn cho hai người,audio-authored-toi-muon-mua-ban-cho-hai-nguoi-289e5ed2b3
P1_scenario_phrase,viet-family-vpe-buy-item-toi-muon-mua-ban-chai-danh-rang,Tôi muốn mua bàn chải đánh răng / I want to buy a toothbrush.,singlePhrase,practice-pairs,phrase,Tôi muốn mua dầu gội,audio-authored-toi-muon-mua-dau-goi-3615c21ce0
P1_scenario_phrase,viet-family-vpe-buy-item-toi-muon-mua-ban-chai-danh-rang,Tôi muốn mua bàn chải đánh răng / I want to buy a toothbrush.,singlePhrase,practice-pairs,phrase,Tôi muốn mua kem đánh răng,audio-authored-toi-muon-mua-kem-danh-rang-8db25e68fd
P1_scenario_phrase,viet-family-vpe-buy-item-toi-muon-mua-ban-chai-danh-rang,Tôi muốn mua bàn chải đánh răng / I want to buy a toothbrush.,singlePhrase,explore-next,phrase,Tôi muốn mua nước rửa tay,audio-authored-toi-muon-mua-nuoc-rua-tay-a53d0d83c4
P1_scenario_phrase,viet-family-vpe-buy-item-toi-muon-mua-ban-chai-danh-rang,Tôi muốn mua bàn chải đánh răng / I want to buy a toothbrush.,singlePhrase,explore-next,phrase,Tôi muốn mua ô che mưa,audio-authored-toi-muon-mua-o-che-mua-5c4c504296
P1_scenario_phrase,viet-family-vpe-buy-item-toi-muon-mua-ban-do-giay,Tôi muốn mua bản đồ giấy / I want to buy a paper map.,singlePhrase,hero,hero,Tôi muốn mua bản đồ giấy,audio-authored-toi-muon-mua-ban-do-giay-6cc013da70
P1_scenario_phrase,viet-family-vpe-buy-item-toi-muon-mua-ban-do-giay,Tôi muốn mua bản đồ giấy / I want to buy a paper map.,singlePhrase,practice-pairs,phrase,Tôi muốn mua đũa,audio-authored-toi-muon-mua-dua-47ced642c2
P1_scenario_phrase,viet-family-vpe-buy-item-toi-muon-mua-ban-do-giay,Tôi muốn mua bản đồ giấy / I want to buy a paper map.,singlePhrase,practice-pairs,phrase,Tôi muốn mua hóa đơn,audio-authored-toi-muon-mua-hoa-don-011b2c939b
P1_scenario_phrase,viet-family-vpe-buy-item-toi-muon-mua-ban-do-giay,Tôi muốn mua bản đồ giấy / I want to buy a paper map.,singlePhrase,practice-pairs,phrase,Tôi muốn mua thìa,audio-authored-toi-muon-mua-thia-85f2219e9c
P1_scenario_phrase,viet-family-vpe-buy-item-toi-muon-mua-ban-do-giay,Tôi muốn mua bản đồ giấy / I want to buy a paper map.,singlePhrase,explore-next,phrase,Tôi muốn mua túi giấy,audio-authored-toi-muon-mua-tui-giay-ab649a5aa1
P1_scenario_phrase,viet-family-vpe-buy-item-toi-muon-mua-ban-do-giay,Tôi muốn mua bản đồ giấy / I want to buy a paper map.,singlePhrase,explore-next,phrase,Tôi muốn mua túi nilon,audio-authored-toi-muon-mua-tui-nilon-741ef03ad2
P1_scenario_phrase,viet-family-vpe-buy-item-toi-muon-mua-ban-in-den-trang,Tôi muốn mua bản in đen trắng / I want to buy a black-and-white print.,singlePhrase,hero,hero,Tôi muốn mua bản in đen trắng,audio-authored-toi-muon-mua-ban-in-den-trang-059f709f8d
P1_scenario_phrase,viet-family-vpe-buy-item-toi-muon-mua-ban-in-den-trang,Tôi muốn mua bản in đen trắng / I want to buy a black-and-white print.,singlePhrase,practice-pairs,phrase,Tôi muốn mua băng keo,audio-authored-toi-muon-mua-bang-keo-737a8035f1
P1_scenario_phrase,viet-family-vpe-buy-item-toi-muon-mua-ban-in-den-trang,Tôi muốn mua bản in đen trắng / I want to buy a black-and-white print.,singlePhrase,practice-pairs,phrase,Tôi muốn mua bút bi,audio-authored-toi-muon-mua-but-bi-5e321f7624
P1_scenario_phrase,viet-family-vpe-buy-item-toi-muon-mua-ban-in-den-trang,Tôi muốn mua bản in đen trắng / I want to buy a black-and-white print.,singlePhrase,practice-pairs,phrase,Tôi muốn mua dao cạo,audio-authored-toi-muon-mua-dao-cao-579022ead1
P1_scenario_phrase,viet-family-vpe-buy-item-toi-muon-mua-ban-in-den-trang,Tôi muốn mua bản in đen trắng / I want to buy a black-and-white print.,singlePhrase,explore-next,phrase,Tôi muốn mua pin AA,audio-authored-toi-muon-mua-pin-aa-570063d94c
P1_scenario_phrase,viet-family-vpe-buy-item-toi-muon-mua-ban-in-den-trang,Tôi muốn mua bản in đen trắng / I want to buy a black-and-white print.,singlePhrase,explore-next,phrase,Tôi muốn mua sổ tay,audio-authored-toi-muon-mua-so-tay-9681a781bb
P1_scenario_phrase,viet-family-vpe-buy-item-toi-muon-mua-ban-in-mau,Tôi muốn mua bản in màu / I want to buy a color print.,singlePhrase,hero,hero,Tôi muốn mua bản in màu,audio-authored-toi-muon-mua-ban-in-mau-7ddac21349
P1_scenario_phrase,viet-family-vpe-buy-item-toi-muon-mua-ban-sao-ho-chieu,Tôi muốn mua bản sao hộ chiếu / I want to buy a passport copy.,singlePhrase,hero,hero,Tôi muốn mua bản sao hộ chiếu,audio-authored-toi-muon-mua-ban-sao-ho-chieu-744a064df8
P1_scenario_phrase,viet-family-vpe-buy-item-toi-muon-mua-bang-ca-nhan,Tôi muốn mua băng cá nhân / I want to buy bandages.,singlePhrase,hero,hero,Tôi muốn mua băng cá nhân,audio-authored-toi-muon-mua-bang-ca-nhan-3bee0e7953
P1_scenario_phrase,viet-family-vpe-buy-item-toi-muon-mua-bang-ca-nhan,Tôi muốn mua băng cá nhân / I want to buy bandages.,singlePhrase,practice-pairs,phrase,Tôi muốn mua dây sạc,audio-authored-toi-muon-mua-day-sac-16b407289a
P1_scenario_phrase,viet-family-vpe-buy-item-toi-muon-mua-bang-ca-nhan,Tôi muốn mua băng cá nhân / I want to buy bandages.,singlePhrase,practice-pairs,phrase,Tôi muốn mua khẩu trang,audio-authored-toi-muon-mua-khau-trang-d9b0beaa73
P1_scenario_phrase,viet-family-vpe-buy-item-toi-muon-mua-bang-ca-nhan,Tôi muốn mua băng cá nhân / I want to buy bandages.,singlePhrase,practice-pairs,phrase,Tôi muốn mua pin dự phòng,audio-authored-toi-muon-mua-pin-du-phong-f724009b70
P1_scenario_phrase,viet-family-vpe-buy-item-toi-muon-mua-bang-ca-nhan,Tôi muốn mua băng cá nhân / I want to buy bandages.,singlePhrase,explore-next,phrase,Tôi muốn mua sạc điện thoại,audio-authored-toi-muon-mua-sac-dien-thoai-b2e4d5cd69
P1_scenario_phrase,viet-family-vpe-buy-item-toi-muon-mua-bang-ca-nhan,Tôi muốn mua băng cá nhân / I want to buy bandages.,singlePhrase,explore-next,phrase,Tôi muốn mua thẻ SIM,audio-authored-toi-muon-mua-the-sim-d855cf998a
P1_scenario_phrase,viet-family-vpe-buy-item-toi-muon-mua-bang-keo,Tôi muốn mua băng keo / I want to buy tape.,singlePhrase,practice-pairs,phrase,Tôi muốn mua lược,audio-authored-toi-muon-mua-luoc-e0dacbedc6
P1_scenario_phrase,viet-family-vpe-buy-item-toi-muon-mua-bien-lai-thanh-toan,Tôi muốn mua biên lai thanh toán / I want to buy payment receipt.,singlePhrase,hero,hero,Tôi muốn mua biên lai thanh toán,audio-authored-toi-muon-mua-bien-lai-thanh-toan-3fde53f34e
P1_scenario_phrase,viet-family-vpe-buy-item-toi-muon-mua-bien-lai-thanh-toan,Tôi muốn mua biên lai thanh toán / I want to buy payment receipt.,singlePhrase,practice-pairs,phrase,Tôi muốn mua địa chỉ,audio-authored-toi-muon-mua-dia-chi-9b21fa9462
P1_scenario_phrase,viet-family-vpe-buy-item-toi-muon-mua-bien-lai-thanh-toan,Tôi muốn mua biên lai thanh toán / I want to buy payment receipt.,singlePhrase,practice-pairs,phrase,Tôi muốn mua mã QR,audio-authored-toi-muon-mua-ma-qr-6b378ab3a7
P1_scenario_phrase,viet-family-vpe-buy-item-toi-muon-mua-bien-lai-thanh-toan,Tôi muốn mua biên lai thanh toán / I want to buy payment receipt.,singlePhrase,explore-next,phrase,Tôi muốn mua số điện thoại,audio-authored-toi-muon-mua-so-dien-thoai-bc2a0feb71
P1_scenario_phrase,viet-family-vpe-buy-item-toi-muon-mua-bien-lai-thanh-toan,Tôi muốn mua biên lai thanh toán / I want to buy payment receipt.,singlePhrase,explore-next,phrase,Tôi muốn mua tiền lẻ,audio-authored-toi-muon-mua-tien-le-cb159601e0
P1_scenario_phrase,viet-family-vpe-buy-item-toi-muon-mua-but-bi,Tôi muốn mua bút bi / I want to buy a pen.,singlePhrase,practice-pairs,phrase,Tôi muốn mua đồ giặt,audio-authored-toi-muon-mua-do-giat-b8ce23ef9e
P1_scenario_phrase,viet-family-vpe-buy-item-toi-muon-mua-ca-phe-rang,Tôi muốn mua cà phê rang / I want to buy roasted coffee.,singlePhrase,practice-pairs,phrase,Tôi muốn mua nước hoa khô,audio-authored-toi-muon-mua-nuoc-hoa-kho-25ed8070c2
P1_scenario_phrase,viet-family-vpe-buy-item-toi-muon-mua-ca-phe-rang,Tôi muốn mua cà phê rang / I want to buy roasted coffee.,singlePhrase,practice-pairs,phrase,Tôi muốn mua sô cô la Việt Nam,audio-authored-toi-muon-mua-so-co-la-viet-nam-79c602f35f
P1_scenario_phrase,viet-family-vpe-buy-item-toi-muon-mua-ca-phe-rang,Tôi muốn mua cà phê rang / I want to buy roasted coffee.,singlePhrase,practice-pairs,phrase,Tôi muốn mua tem thư,audio-authored-toi-muon-mua-tem-thu-0095ea0b04
P1_scenario_phrase,viet-family-vpe-buy-item-toi-muon-mua-ca-phe-rang,Tôi muốn mua cà phê rang / I want to buy roasted coffee.,singlePhrase,explore-next,phrase,Tôi muốn mua thiệp bưu điện,audio-authored-toi-muon-mua-thiep-buu-dien-b5c5d7a004
P1_scenario_phrase,viet-family-vpe-buy-item-toi-muon-mua-ca-phe-rang,Tôi muốn mua cà phê rang / I want to buy roasted coffee.,singlePhrase,explore-next,phrase,Tôi muốn mua trà sen,audio-authored-toi-muon-mua-tra-sen-5e53eb4308
P1_scenario_phrase,viet-family-vpe-buy-item-toi-muon-mua-chia-khoa-phong,Tôi muốn mua chìa khóa phòng / I want to buy the room key.,singlePhrase,hero,hero,Tôi muốn mua chìa khóa phòng,audio-authored-toi-muon-mua-chia-khoa-phong-4978041578
P1_scenario_phrase,viet-family-vpe-buy-item-toi-muon-mua-chia-khoa-phong,Tôi muốn mua chìa khóa phòng / I want to buy the room key.,singlePhrase,explore-next,phrase,Tôi muốn mua máy sấy tóc,audio-authored-toi-muon-mua-may-say-toc-bfa522fd34
P1_scenario_phrase,viet-family-vpe-buy-item-toi-muon-mua-dao-cao,Tôi muốn mua dao cạo / I want to buy a razor.,singlePhrase,practice-pairs,phrase,Tôi muốn mua dịch vụ giặt nhanh,audio-authored-toi-muon-mua-dich-vu-giat-nhanh-374eb10dd7
P1_scenario_phrase,viet-family-vpe-buy-item-toi-muon-mua-dao-cao,Tôi muốn mua dao cạo / I want to buy a razor.,singlePhrase,explore-next,phrase,Tôi muốn mua nước uống đóng chai,audio-authored-toi-muon-mua-nuoc-uong-dong-chai-8762d2711d
P1_scenario_phrase,viet-family-vpe-buy-item-toi-muon-mua-day-sac,Tôi muốn mua dây sạc / I want to buy a charging cable.,singlePhrase,practice-pairs,phrase,Tôi muốn mua gói data,audio-authored-toi-muon-mua-goi-data-6ceec3fb2a
P1_scenario_phrase,viet-family-vpe-buy-item-toi-muon-mua-day-sac,Tôi muốn mua dây sạc / I want to buy a charging cable.,singlePhrase,practice-pairs,phrase,Tôi muốn mua mật khẩu Wi-Fi,audio-authored-toi-muon-mua-mat-khau-wi-fi-bdafbfa2ed
P1_scenario_phrase,viet-family-vpe-buy-item-toi-muon-mua-day-sac,Tôi muốn mua dây sạc / I want to buy a charging cable.,singlePhrase,explore-next,phrase,Tôi muốn mua Wi-Fi,audio-authored-toi-muon-mua-wi-fi-ac972b8de2
P1_scenario_phrase,viet-family-vpe-buy-item-toi-muon-mua-dep-le,Tôi muốn mua dép lê / I want to buy flip-flops.,singlePhrase,hero,hero,Tôi muốn mua dép lê,audio-authored-toi-muon-mua-dep-le-1270b4639b
P1_scenario_phrase,viet-family-vpe-buy-item-toi-muon-mua-esim,Tôi muốn mua eSIM / I want to buy an eSIM.,singlePhrase,hero,hero,Tôi muốn mua eSIM,audio-authored-toi-muon-mua-esim-35302fe242
P1_scenario_phrase,viet-family-vpe-buy-item-toi-muon-mua-esim,Tôi muốn mua eSIM / I want to buy an eSIM.,singlePhrase,practice-pairs,phrase,Tôi muốn mua kính râm,audio-authored-toi-muon-mua-kinh-ram-8f01c01f85
P1_scenario_phrase,viet-family-vpe-buy-item-toi-muon-mua-esim,Tôi muốn mua eSIM / I want to buy an eSIM.,singlePhrase,practice-pairs,phrase,Tôi muốn mua ổ cắm chuyển đổi,audio-authored-toi-muon-mua-o-cam-chuyen-doi-1b52628825
P1_scenario_phrase,viet-family-vpe-buy-item-toi-muon-mua-esim,Tôi muốn mua eSIM / I want to buy an eSIM.,singlePhrase,explore-next,phrase,Tôi muốn mua ốp điện thoại,audio-authored-toi-muon-mua-op-dien-thoai-f6ec3f31d6
P1_scenario_phrase,viet-family-vpe-buy-item-toi-muon-mua-esim,Tôi muốn mua eSIM / I want to buy an eSIM.,singlePhrase,explore-next,phrase,Tôi muốn mua tai nghe,audio-authored-toi-muon-mua-tai-nghe-fedf5c8ef0
P1_scenario_phrase,viet-family-vpe-buy-item-toi-muon-mua-giay-ve-sinh,Tôi muốn mua giấy vệ sinh / I want to buy toilet paper.,singlePhrase,practice-pairs,phrase,Tôi muốn mua thuốc đau bụng,audio-authored-toi-muon-mua-thuoc-dau-bung-4940b375fd
P1_scenario_phrase,viet-family-vpe-buy-item-toi-muon-mua-giay-ve-sinh,Tôi muốn mua giấy vệ sinh / I want to buy toilet paper.,singlePhrase,explore-next,phrase,Tôi muốn mua thuốc say xe,audio-authored-toi-muon-mua-thuoc-say-xe-ea3fd48fca
P1_scenario_phrase,viet-family-vpe-buy-item-toi-muon-mua-kem-chong-muoi,Tôi muốn mua kem chống muỗi / I want to buy mosquito repellent.,singlePhrase,practice-pairs,phrase,Tôi muốn mua men tiêu hóa,audio-authored-toi-muon-mua-men-tieu-hoa-b7cb6574fb
P1_scenario_phrase,viet-family-vpe-buy-item-toi-muon-mua-kem-chong-muoi,Tôi muốn mua kem chống muỗi / I want to buy mosquito repellent.,singlePhrase,practice-pairs,phrase,Tôi muốn mua nước muối sinh lý,audio-authored-toi-muon-mua-nuoc-muoi-sinh-ly-a74025424a
P1_scenario_phrase,viet-family-vpe-buy-item-toi-muon-mua-kem-chong-muoi,Tôi muốn mua kem chống muỗi / I want to buy mosquito repellent.,singlePhrase,explore-next,phrase,Tôi muốn mua thuốc ho,audio-authored-toi-muon-mua-thuoc-ho-28edb741e5
P1_scenario_phrase,viet-family-vpe-buy-item-toi-muon-mua-kem-chong-muoi,Tôi muốn mua kem chống muỗi / I want to buy mosquito repellent.,singlePhrase,explore-next,phrase,Tôi muốn mua thuốc nhỏ mắt,audio-authored-toi-muon-mua-thuoc-nho-mat-3dd9fe03cc
P1_scenario_phrase,viet-family-vpe-buy-item-toi-muon-mua-khan-tam,Tôi muốn mua khăn tắm / I want to buy a bath towel.,singlePhrase,hero,hero,Tôi muốn mua khăn tắm,audio-authored-toi-muon-mua-khan-tam-f725b3ac0a
P1_scenario_phrase,viet-family-vpe-buy-item-toi-muon-mua-lich-trinh-tour,Tôi muốn mua lịch trình tour / I want to buy the tour schedule.,singlePhrase,practice-pairs,phrase,Tôi muốn mua vé phà,audio-authored-toi-muon-mua-ve-pha-a093a42b78
P1_scenario_phrase,viet-family-vpe-buy-item-toi-muon-mua-men-tieu-hoa,Tôi muốn mua men tiêu hóa / I want to buy digestive probiotics.,singlePhrase,practice-pairs,phrase,Tôi muốn mua miếng dán hạ sốt,audio-authored-toi-muon-mua-mieng-dan-ha-sot-e1b0b78d4a
P1_scenario_phrase,viet-family-vpe-buy-item-toi-muon-mua-men-tieu-hoa,Tôi muốn mua men tiêu hóa / I want to buy digestive probiotics.,singlePhrase,explore-next,phrase,Tôi muốn mua sim du lịch,audio-authored-toi-muon-mua-sim-du-lich-f3175708ac
P1_scenario_phrase,viet-family-vpe-buy-item-toi-muon-mua-nuoc-hoa-kho,Tôi muốn mua nước hoa khô / I want to buy solid perfume.,singlePhrase,practice-pairs,phrase,Tôi muốn mua phong bì,audio-authored-toi-muon-mua-phong-bi-ffe6751cb8
P1_scenario_phrase,viet-family-vpe-buy-item-toi-muon-mua-phong-doi,Tôi muốn mua phòng đôi / I want to buy a double room.,singlePhrase,hero,hero,Tôi muốn mua phòng đôi,audio-authored-toi-muon-mua-phong-doi-2127b70670
P1_scenario_phrase,viet-family-vpe-have-item-co-anh-the-khong,Có ảnh thẻ không? / Do you have passport photos?,singlePhrase,hero,hero,Có ảnh thẻ không?,audio-authored-co-anh-the-khong-d2c05c9038
P1_scenario_phrase,viet-family-vpe-have-item-co-anh-the-khong,Có ảnh thẻ không? / Do you have passport photos?,singlePhrase,practice-pairs,phrase,Có chỗ ngồi cạnh lối đi không?,audio-authored-co-cho-ngoi-canh-loi-di-khong-b5df58923c
P1_scenario_phrase,viet-family-vpe-have-item-co-anh-the-khong,Có ảnh thẻ không? / Do you have passport photos?,singlePhrase,practice-pairs,phrase,Có chỗ ngồi gần cửa sổ không?,audio-authored-co-cho-ngoi-gan-cua-so-khong-fc05857660
P1_scenario_phrase,viet-family-vpe-have-item-co-anh-the-khong,Có ảnh thẻ không? / Do you have passport photos?,singlePhrase,practice-pairs,phrase,Có mã đặt chỗ không?,audio-authored-co-ma-dat-cho-khong-13efde4ace
P1_scenario_phrase,viet-family-vpe-have-item-co-anh-the-khong,Có ảnh thẻ không? / Do you have passport photos?,singlePhrase,explore-next,phrase,Có nước không đá không?,audio-authored-co-nuoc-khong-da-khong-4602de495a
P1_scenario_phrase,viet-family-vpe-have-item-co-anh-the-khong,Có ảnh thẻ không? / Do you have passport photos?,singlePhrase,explore-next,phrase,Có phiếu đặt phòng không?,audio-authored-co-phieu-dat-phong-khong-66d79accac
P1_scenario_phrase,viet-family-vpe-have-item-co-anh-the-khong,Có ảnh thẻ không? / Do you have passport photos?,singlePhrase,explore-next,phrase,Có áo mưa không?,audio-authored-co-ao-mua-khong-d31a1649fc
P1_scenario_phrase,viet-family-vpe-have-item-co-anh-the-khong,Có ảnh thẻ không? / Do you have passport photos?,singlePhrase,explore-next,phrase,Có áo thun không?,audio-authored-co-ao-thun-khong-2217cbd0f3
P1_scenario_phrase,viet-family-vpe-have-item-co-anh-the-khong,Có ảnh thẻ không? / Do you have passport photos?,singlePhrase,explore-next,phrase,Có ba lô nhỏ không?,audio-authored-co-ba-lo-nho-khong-f7450b1860
P1_scenario_phrase,viet-family-vpe-have-item-co-anh-the-khong,Có ảnh thẻ không? / Do you have passport photos?,singlePhrase,explore-next,phrase,Có bàn chải đánh răng không?,audio-authored-co-ban-chai-danh-rang-khong-eed2847467
P1_scenario_phrase,viet-family-vpe-have-item-co-ao-mua-khong,Có áo mưa không? / Do you have a rain poncho?,singlePhrase,practice-pairs,phrase,Có lịch trình tour không?,audio-authored-co-lich-trinh-tour-khong-9f85e192cc
P1_scenario_phrase,viet-family-vpe-have-item-co-ao-mua-khong,Có áo mưa không? / Do you have a rain poncho?,singlePhrase,practice-pairs,phrase,Có vé tàu không?,audio-authored-co-ve-tau-khong-a6bb564d26
P1_scenario_phrase,viet-family-vpe-have-item-co-ao-mua-khong,Có áo mưa không? / Do you have a rain poncho?,singlePhrase,explore-next,phrase,Có vé vào cửa không?,audio-authored-co-ve-vao-cua-khong-52e61e6463
P1_scenario_phrase,viet-family-vpe-have-item-co-ao-mua-khong,Có áo mưa không? / Do you have a rain poncho?,singlePhrase,explore-next,phrase,Có vé xe buýt không?,audio-authored-co-ve-xe-buyt-khong-12aac11bd8
P1_scenario_phrase,viet-family-vpe-have-item-co-ao-thun-khong,Có áo thun không? / Do you have a T-shirt?,singlePhrase,practice-pairs,phrase,Có cà phê rang không?,audio-authored-co-ca-phe-rang-khong-b525f1f1c3
P1_scenario_phrase,viet-family-vpe-have-item-co-ao-thun-khong,Có áo thun không? / Do you have a T-shirt?,singlePhrase,practice-pairs,phrase,Có mũ lưỡi trai không?,audio-authored-co-mu-luoi-trai-khong-f12289fac1
P1_scenario_phrase,viet-family-vpe-have-item-co-ao-thun-khong,Có áo thun không? / Do you have a T-shirt?,singlePhrase,practice-pairs,phrase,Có nam châm tủ lạnh không?,audio-authored-co-nam-cham-tu-lanh-khong-b623ebbd84
P1_scenario_phrase,viet-family-vpe-have-item-co-ao-thun-khong,Có áo thun không? / Do you have a T-shirt?,singlePhrase,explore-next,phrase,Có quà lưu niệm không?,audio-authored-co-qua-luu-niem-khong-05f250e3d9
P1_scenario_phrase,viet-family-vpe-have-item-co-ao-thun-khong,Có áo thun không? / Do you have a T-shirt?,singlePhrase,explore-next,phrase,Có quần short không?,audio-authored-co-quan-short-khong-b93a62242c
P1_scenario_phrase,viet-family-vpe-have-item-co-ba-lo-nho-khong,Có ba lô nhỏ không? / Do you have a small backpack?,singlePhrase,explore-next,phrase,Có vali nhỏ không?,audio-authored-co-vali-nho-khong-9011799152
P1_scenario_phrase,viet-family-vpe-have-item-co-ba-lo-nho-khong,Có ba lô nhỏ không? / Do you have a small backpack?,singlePhrase,explore-next,phrase,Có bàn cho hai người không?,audio-authored-co-ban-cho-hai-nguoi-khong-d4c8a91333
P1_scenario_phrase,viet-family-vpe-have-item-co-ban-chai-danh-rang-khong,Có bàn chải đánh răng không? / Do you have a toothbrush?,singlePhrase,practice-pairs,phrase,Có dầu gội không?,audio-authored-co-dau-goi-khong-8a6140ede3
P1_scenario_phrase,viet-family-vpe-have-item-co-ban-chai-danh-rang-khong,Có bàn chải đánh răng không? / Do you have a toothbrush?,singlePhrase,practice-pairs,phrase,Có kem đánh răng không?,audio-authored-co-kem-danh-rang-khong-76ad1cd65f
P1_scenario_phrase,viet-family-vpe-have-item-co-ban-chai-danh-rang-khong,Có bàn chải đánh răng không? / Do you have a toothbrush?,singlePhrase,explore-next,phrase,Có nước rửa tay không?,audio-authored-co-nuoc-rua-tay-khong-fd4d83bafc
P1_scenario_phrase,viet-family-vpe-have-item-co-ban-chai-danh-rang-khong,Có bàn chải đánh răng không? / Do you have a toothbrush?,singlePhrase,explore-next,phrase,Có ô che mưa không?,audio-authored-co-o-che-mua-khong-51420f7719
P1_scenario_phrase,viet-family-vpe-have-item-co-ban-sao-ho-chieu-khong,Có bản sao hộ chiếu không? / Do you have a passport copy?,singlePhrase,hero,hero,Có bản sao hộ chiếu không?,audio-authored-co-ban-sao-ho-chieu-khong-f26e33f14f
P1_scenario_phrase,viet-family-vpe-have-item-co-bang-ca-nhan-khong,Có băng cá nhân không? / Do you have bandages?,singlePhrase,hero,hero,Có băng cá nhân không?,audio-authored-co-bang-ca-nhan-khong-be298e1d34
P1_scenario_phrase,viet-family-vpe-have-item-co-bang-ca-nhan-khong,Có băng cá nhân không? / Do you have bandages?,singlePhrase,practice-pairs,phrase,Có dây sạc không?,audio-authored-co-day-sac-khong-ecd0cc1162
P1_scenario_phrase,viet-family-vpe-have-item-co-bang-ca-nhan-khong,Có băng cá nhân không? / Do you have bandages?,singlePhrase,practice-pairs,phrase,Có khẩu trang không?,audio-authored-co-khau-trang-khong-fcdae864dd
P1_scenario_phrase,viet-family-vpe-have-item-co-bang-ca-nhan-khong,Có băng cá nhân không? / Do you have bandages?,singlePhrase,practice-pairs,phrase,Có pin dự phòng không?,audio-authored-co-pin-du-phong-khong-c34845d555
P1_scenario_phrase,viet-family-vpe-have-item-co-bang-ca-nhan-khong,Có băng cá nhân không? / Do you have bandages?,singlePhrase,explore-next,phrase,Có sạc điện thoại không?,audio-authored-co-sac-dien-thoai-khong-c914ca1f23
P1_scenario_phrase,viet-family-vpe-have-item-co-bang-ca-nhan-khong,Có băng cá nhân không? / Do you have bandages?,singlePhrase,explore-next,phrase,Có thẻ SIM không?,audio-authored-co-the-sim-khong-831bfdf0e1
P1_scenario_phrase,viet-family-vpe-have-item-co-ca-phe-rang-khong,Có cà phê rang không? / Do you have roasted coffee?,singlePhrase,practice-pairs,phrase,Có nước hoa khô không?,audio-authored-co-nuoc-hoa-kho-khong-f1c3128bd7
P1_scenario_phrase,viet-family-vpe-have-item-co-ca-phe-rang-khong,Có cà phê rang không? / Do you have roasted coffee?,singlePhrase,practice-pairs,phrase,Có sô cô la Việt Nam không?,audio-authored-co-so-co-la-viet-nam-khong-afd80b0690
P1_scenario_phrase,viet-family-vpe-have-item-co-ca-phe-rang-khong,Có cà phê rang không? / Do you have roasted coffee?,singlePhrase,practice-pairs,phrase,Có tem thư không?,audio-authored-co-tem-thu-khong-e4d4301295
P1_scenario_phrase,viet-family-vpe-have-item-co-ca-phe-rang-khong,Có cà phê rang không? / Do you have roasted coffee?,singlePhrase,explore-next,phrase,Có thiệp bưu điện không?,audio-authored-co-thiep-buu-dien-khong-2498d63e87
P1_scenario_phrase,viet-family-vpe-have-item-co-ca-phe-rang-khong,Có cà phê rang không? / Do you have roasted coffee?,singlePhrase,explore-next,phrase,Có trà sen không?,audio-authored-co-tra-sen-khong-fb3f32f711
P1_scenario_phrase,viet-family-vpe-have-item-co-chia-khoa-phong-khong,Có chìa khóa phòng không? / Do you have the room key?,singlePhrase,hero,hero,Có chìa khóa phòng không?,audio-authored-co-chia-khoa-phong-khong-774d44ea3e
P1_scenario_phrase,viet-family-vpe-have-item-co-chia-khoa-phong-khong,Có chìa khóa phòng không? / Do you have the room key?,singlePhrase,explore-next,phrase,Có máy sấy tóc không?,audio-authored-co-may-say-toc-khong-f54ad7710d
P1_scenario_phrase,viet-family-vpe-have-item-co-dao-cao-khong,Có dao cạo không? / Do you have a razor?,singlePhrase,practice-pairs,phrase,Có dịch vụ giặt nhanh không?,audio-authored-co-dich-vu-giat-nhanh-khong-de30ab2f8a
P1_scenario_phrase,viet-family-vpe-have-item-co-dao-cao-khong,Có dao cạo không? / Do you have a razor?,singlePhrase,explore-next,phrase,Có nước uống đóng chai không?,audio-authored-co-nuoc-uong-dong-chai-khong-2ec9721ba8
P1_scenario_phrase,viet-family-vpe-have-item-co-dep-le-khong,Có dép lê không? / Do you have flip-flops?,singlePhrase,hero,hero,Có dép lê không?,audio-authored-co-dep-le-khong-0664200d94
P1_scenario_phrase,viet-family-vpe-have-item-co-kem-chong-muoi-khong,Có kem chống muỗi không? / Do you have mosquito repellent?,singlePhrase,practice-pairs,phrase,Có men tiêu hóa không?,audio-authored-co-men-tieu-hoa-khong-b949cbf674
P1_scenario_phrase,viet-family-vpe-have-item-co-kem-chong-muoi-khong,Có kem chống muỗi không? / Do you have mosquito repellent?,singlePhrase,practice-pairs,phrase,Có nước muối sinh lý không?,audio-authored-co-nuoc-muoi-sinh-ly-khong-0783372101
P1_scenario_phrase,viet-family-vpe-have-item-co-kem-chong-muoi-khong,Có kem chống muỗi không? / Do you have mosquito repellent?,singlePhrase,explore-next,phrase,Có thuốc ho không?,audio-authored-co-thuoc-ho-khong-b156f586aa
P1_scenario_phrase,viet-family-vpe-have-item-co-kem-chong-muoi-khong,Có kem chống muỗi không? / Do you have mosquito repellent?,singlePhrase,explore-next,phrase,Có thuốc nhỏ mắt không?,audio-authored-co-thuoc-nho-mat-khong-47c93794c5
P1_scenario_phrase,viet-family-vpe-have-item-co-khan-tam-khong,Có khăn tắm không? / Do you have a bath towel?,singlePhrase,hero,hero,Có khăn tắm không?,audio-authored-co-khan-tam-khong-a1229e5d3e
P1_scenario_phrase,viet-family-vpe-have-item-co-men-tieu-hoa-khong,Có men tiêu hóa không? / Do you have digestive probiotics?,singlePhrase,practice-pairs,phrase,Có miếng dán hạ sốt không?,audio-authored-co-mieng-dan-ha-sot-khong-a9fb0c5d96
P1_scenario_phrase,viet-family-vpe-have-item-co-men-tieu-hoa-khong,Có men tiêu hóa không? / Do you have digestive probiotics?,singlePhrase,explore-next,phrase,Có sim du lịch không?,audio-authored-co-sim-du-lich-khong-8cb84ef599
P1_scenario_phrase,viet-family-vpe-have-item-co-nuoc-hoa-kho-khong,Có nước hoa khô không? / Do you have solid perfume?,singlePhrase,practice-pairs,phrase,Có phong bì không?,audio-authored-co-phong-bi-khong-550e464a5b
P1_scenario_phrase,viet-family-vpe-have-item-co-phong-doi-khong,Có phòng đôi không? / Do you have a double room?,singlePhrase,hero,hero,Có phòng đôi không?,audio-authored-co-phong-doi-khong-7fd356727b
P1_scenario_phrase,viet-family-vpe-health-symptom-toi-bi-bong-nang,Tôi bị bỏng nắng / I have sunburn.,singlePhrase,hero,hero,Tôi bị bỏng nắng,audio-authored-toi-bi-bong-nang-4c16ca910a
P1_scenario_phrase,viet-family-vpe-health-symptom-toi-bi-bong-nang,Tôi bị bỏng nắng / I have sunburn.,singlePhrase,practice-pairs,phrase,Tôi bị đau tai,audio-authored-toi-bi-dau-tai-51b00083a6
P1_scenario_phrase,viet-family-vpe-health-symptom-toi-bi-bong-nang,Tôi bị bỏng nắng / I have sunburn.,singlePhrase,practice-pairs,phrase,Tôi bị mẩn đỏ,audio-authored-toi-bi-man-do-0ff55ff34a
P1_scenario_phrase,viet-family-vpe-health-symptom-toi-bi-bong-nang,Tôi bị bỏng nắng / I have sunburn.,singlePhrase,practice-pairs,phrase,Tôi bị mất nước,audio-authored-toi-bi-mat-nuoc-424880361a
P1_scenario_phrase,viet-family-vpe-health-symptom-toi-bi-bong-nang,Tôi bị bỏng nắng / I have sunburn.,singlePhrase,explore-next,phrase,Tôi bị mệt,audio-authored-toi-bi-met-39d662f87d
P1_scenario_phrase,viet-family-vpe-health-symptom-toi-bi-bong-nang,Tôi bị bỏng nắng / I have sunburn.,singlePhrase,explore-next,phrase,Tôi bị sưng chân,audio-authored-toi-bi-sung-chan-fe8ae854af
P1_scenario_phrase,viet-family-vpe-health-symptom-toi-bi-bong-nang,Tôi bị bỏng nắng / I have sunburn.,singlePhrase,explore-next,phrase,Tôi bị buồn nôn,audio-authored-toi-bi-buon-non-3fc694be68
P1_scenario_phrase,viet-family-vpe-health-symptom-toi-bi-bong-nang,Tôi bị bỏng nắng / I have sunburn.,singlePhrase,explore-next,phrase,Tôi bị cảm lạnh,audio-authored-toi-bi-cam-lanh-f3b622886f
P1_scenario_phrase,viet-family-vpe-health-symptom-toi-bi-bong-nang,Tôi bị bỏng nắng / I have sunburn.,singlePhrase,explore-next,phrase,Tôi bị chảy máu,audio-authored-toi-bi-chay-mau-e35a2cda42
P1_scenario_phrase,viet-family-vpe-health-symptom-toi-bi-bong-nang,Tôi bị bỏng nắng / I have sunburn.,singlePhrase,explore-next,phrase,Tôi bị chóng mặt,audio-authored-toi-bi-chong-mat-003c500d29
P1_scenario_phrase,viet-family-vpe-health-symptom-toi-bi-buon-non,Tôi bị buồn nôn / I have nausea.,singlePhrase,practice-pairs,phrase,Tôi bị đau lưng,audio-authored-toi-bi-dau-lung-c8e4e385a4
P1_scenario_phrase,viet-family-vpe-health-symptom-toi-bi-buon-non,Tôi bị buồn nôn / I have nausea.,singlePhrase,practice-pairs,phrase,Tôi bị đau răng,audio-authored-toi-bi-dau-rang-5b3c0cd54c
P1_scenario_phrase,viet-family-vpe-health-symptom-toi-bi-buon-non,Tôi bị buồn nôn / I have nausea.,singlePhrase,practice-pairs,phrase,Tôi bị dị ứng,audio-authored-toi-bi-di-ung-8a1992cf6f
P1_scenario_phrase,viet-family-vpe-health-symptom-toi-bi-buon-non,Tôi bị buồn nôn / I have nausea.,singlePhrase,explore-next,phrase,Tôi bị khó thở,audio-authored-toi-bi-kho-tho-6801da5a76
P1_scenario_phrase,viet-family-vpe-health-symptom-toi-bi-buon-non,Tôi bị buồn nôn / I have nausea.,singlePhrase,explore-next,phrase,Tôi bị say xe,audio-authored-toi-bi-say-xe-4a2fc71e89
P1_scenario_phrase,viet-family-vpe-health-symptom-toi-bi-cam-lanh,Tôi bị cảm lạnh / I have a cold.,singlePhrase,practice-pairs,phrase,Tôi bị đau mắt,audio-authored-toi-bi-dau-mat-ae5f68eb86
P1_scenario_phrase,viet-family-vpe-health-symptom-toi-bi-cam-lanh,Tôi bị cảm lạnh / I have a cold.,singlePhrase,explore-next,phrase,Tôi bị chuột rút,audio-authored-toi-bi-chuot-rut-41d8ac9269
P1_scenario_phrase,viet-family-vpe-health-symptom-toi-bi-chay-mau,Tôi bị chảy máu / I have bleeding.,singlePhrase,practice-pairs,phrase,Tôi bị đau bụng,audio-authored-toi-bi-dau-bung-cee8332612
P1_scenario_phrase,viet-family-vpe-health-symptom-toi-bi-chay-mau,Tôi bị chảy máu / I have bleeding.,singlePhrase,practice-pairs,phrase,Tôi bị đau cổ,audio-authored-toi-bi-dau-co-9349545a40
P1_scenario_phrase,viet-family-vpe-health-symptom-toi-bi-chay-mau,Tôi bị chảy máu / I have bleeding.,singlePhrase,explore-next,phrase,Tôi bị đau vai,audio-authored-toi-bi-dau-vai-66ae02f9d0
P1_scenario_phrase,viet-family-vpe-health-symptom-toi-bi-chay-mau,Tôi bị chảy máu / I have bleeding.,singlePhrase,explore-next,phrase,Tôi bị ngứa,audio-authored-toi-bi-ngua-734cc00688
P1_scenario_phrase,viet-family-vpe-health-symptom-toi-bi-chuot-rut,Tôi bị chuột rút / I have cramps.,singlePhrase,explore-next,phrase,Tôi bị đau chân,audio-authored-toi-bi-dau-chan-2511119ff1
P1_scenario_phrase,viet-family-vpe-health-symptom-toi-bi-dau-chan,Tôi bị đau chân / I have leg pain.,singlePhrase,explore-next,phrase,Tôi bị đau tay,audio-authored-toi-bi-dau-tay-5e713a39ed
P1_scenario_phrase,viet-family-vpe-health-symptom-toi-bi-dau-chan,Tôi bị đau chân / I have leg pain.,singlePhrase,explore-next,phrase,Tôi bị mất ngủ,audio-authored-toi-bi-mat-ngu-d1dc2bb8af
P1_scenario_phrase,viet-family-vpe-help-action-anh-chi-giup-toi-bao-mat-ho-chieu-duoc-khong,Giúp tôi báo mất hộ chiếu được không? / Can you help me report a lost passport?,singlePhrase,hero,hero,Giúp tôi báo mất hộ chiếu được không?,audio-authored-giup-toi-bao-mat-ho-chieu-duoc-khong-c54b9fbfce
P1_scenario_phrase,viet-family-vpe-help-action-anh-chi-giup-toi-bao-mat-ho-chieu-duoc-khong,Giúp tôi báo mất hộ chiếu được không? / Can you help me report a lost passport?,singlePhrase,practice-pairs,phrase,Giúp tôi báo mất ví được không?,audio-authored-giup-toi-bao-mat-vi-duoc-khong-78f958e3cc
P1_scenario_phrase,viet-family-vpe-help-action-anh-chi-giup-toi-bao-mat-ho-chieu-duoc-khong,Giúp tôi báo mất hộ chiếu được không? / Can you help me report a lost passport?,singlePhrase,practice-pairs,phrase,Giúp tôi gọi phiên dịch được không?,audio-authored-giup-toi-goi-phien-dich-duoc-khong-ffb7a9bac4
P1_scenario_phrase,viet-family-vpe-help-action-anh-chi-giup-toi-bao-mat-ho-chieu-duoc-khong,Giúp tôi báo mất hộ chiếu được không? / Can you help me report a lost passport?,singlePhrase,practice-pairs,phrase,Nói bằng tiếng Anh giúp tôi được không?,audio-authored-noi-bang-tieng-anh-giup-toi-duoc-khong-1e2d58aa3a
P1_scenario_phrase,viet-family-vpe-help-action-anh-chi-giup-toi-bao-mat-ho-chieu-duoc-khong,Giúp tôi báo mất hộ chiếu được không? / Can you help me report a lost passport?,singlePhrase,explore-next,phrase,Giúp tôi tìm trạm y tế được không?,audio-authored-giup-toi-tim-tram-y-te-duoc-khong-bd3998ebc0
P1_scenario_phrase,viet-family-vpe-help-action-anh-chi-giup-toi-bao-mat-ho-chieu-duoc-khong,Giúp tôi báo mất hộ chiếu được không? / Can you help me report a lost passport?,singlePhrase,explore-next,phrase,Giúp tôi viết bằng tiếng Việt được không?,audio-authored-giup-toi-viet-bang-tieng-viet-duoc-khong-337837a614
P1_scenario_phrase,viet-family-vpe-help-action-anh-chi-giup-toi-bao-mat-ho-chieu-duoc-khong,Giúp tôi báo mất hộ chiếu được không? / Can you help me report a lost passport?,singlePhrase,explore-next,phrase,Giúp tôi bật đồng hồ tính tiền được không?,audio-authored-giup-toi-bat-dong-ho-tinh-tien-duoc-khong-35f3ae771c
P1_scenario_phrase,viet-family-vpe-help-action-anh-chi-giup-toi-bao-mat-ho-chieu-duoc-khong,Giúp tôi báo mất hộ chiếu được không? / Can you help me report a lost passport?,singlePhrase,explore-next,phrase,Giúp tôi chỉ đường được không?,audio-authored-giup-toi-chi-duong-duoc-khong-66f4641c50
P1_scenario_phrase,viet-family-vpe-help-action-anh-chi-giup-toi-bao-mat-ho-chieu-duoc-khong,Giúp tôi báo mất hộ chiếu được không? / Can you help me report a lost passport?,singlePhrase,explore-next,phrase,Chỉ giúp tôi trên bản đồ được không?,audio-authored-chi-giup-toi-tren-ban-do-duoc-khong-b91f152b50
P1_scenario_phrase,viet-family-vpe-help-action-anh-chi-giup-toi-bao-mat-ho-chieu-duoc-khong,Giúp tôi báo mất hộ chiếu được không? / Can you help me report a lost passport?,singlePhrase,explore-next,phrase,Giúp tôi chia hóa đơn được không?,audio-authored-giup-toi-chia-hoa-don-duoc-khong-7c17c3b472
P1_scenario_phrase,viet-family-vpe-help-action-anh-chi-giup-toi-bat-dong-ho-tinh-tien-duoc-khong,Giúp tôi bật đồng hồ tính tiền được không? / Can you help me turn on the meter?,singlePhrase,practice-pairs,phrase,Giúp tôi đổi sang thẻ được không?,audio-authored-giup-toi-doi-sang-the-duoc-khong-1f4674dfa8
P1_scenario_phrase,viet-family-vpe-help-action-anh-chi-giup-toi-bat-dong-ho-tinh-tien-duoc-khong,Giúp tôi bật đồng hồ tính tiền được không? / Can you help me turn on the meter?,singlePhrase,practice-pairs,phrase,Giúp tôi đổi sang tiền mặt được không?,audio-authored-giup-toi-doi-sang-tien-mat-duoc-khong-bee6448c0f
P1_scenario_phrase,viet-family-vpe-help-action-anh-chi-giup-toi-bat-dong-ho-tinh-tien-duoc-khong,Giúp tôi bật đồng hồ tính tiền được không? / Can you help me turn on the meter?,singlePhrase,practice-pairs,phrase,Gửi vị trí cho tôi được không?,audio-authored-gui-vi-tri-cho-toi-duoc-khong-8eb51fe6ec
P1_scenario_phrase,viet-family-vpe-help-action-anh-chi-giup-toi-bat-dong-ho-tinh-tien-duoc-khong,Giúp tôi bật đồng hồ tính tiền được không? / Can you help me turn on the meter?,singlePhrase,explore-next,phrase,Giúp tôi kết nối Wi-Fi được không?,audio-authored-giup-toi-ket-noi-wi-fi-duoc-khong-fb9bdf8560
P1_scenario_phrase,viet-family-vpe-help-action-anh-chi-giup-toi-bat-dong-ho-tinh-tien-duoc-khong,Giúp tôi bật đồng hồ tính tiền được không? / Can you help me turn on the meter?,singlePhrase,explore-next,phrase,Giúp tôi kiểm tra SIM này được không?,audio-authored-giup-toi-kiem-tra-sim-nay-duoc-khong-8ec8338f4f
P1_scenario_phrase,viet-family-vpe-help-action-anh-chi-giup-toi-doi-phong-duoc-khong,Giúp tôi đổi phòng được không? / Can you help me change rooms?,singlePhrase,hero,hero,Giúp tôi đổi phòng được không?,audio-authored-giup-toi-doi-phong-duoc-khong-a059eae198
P1_scenario_phrase,viet-family-vpe-help-action-anh-chi-giup-toi-doi-phong-duoc-khong,Giúp tôi đổi phòng được không? / Can you help me change rooms?,singlePhrase,practice-pairs,phrase,Giúp tôi gọi quản lý được không?,audio-authored-giup-toi-goi-quan-ly-duoc-khong-1c1f007637
P1_scenario_phrase,viet-family-vpe-help-action-anh-chi-giup-toi-doi-size-khac-duoc-khong,Giúp tôi đổi size khác được không? / Can you help me change to another size?,singlePhrase,hero,hero,Giúp tôi đổi size khác được không?,audio-authored-giup-toi-doi-size-khac-duoc-khong-b063d3e383
P1_scenario_phrase,viet-family-vpe-help-action-anh-chi-giup-toi-doi-size-khac-duoc-khong,Giúp tôi đổi size khác được không? / Can you help me change to another size?,singlePhrase,practice-pairs,phrase,Giúp tôi ghi giá ra đây được không?,audio-authored-giup-toi-ghi-gia-ra-day-duoc-khong-c3d83ac3e3
P1_scenario_phrase,viet-family-vpe-help-action-anh-chi-giup-toi-doi-size-khac-duoc-khong,Giúp tôi đổi size khác được không? / Can you help me change to another size?,singlePhrase,explore-next,phrase,Giúp tôi tìm màu khác được không?,audio-authored-giup-toi-tim-mau-khac-duoc-khong-6c431f425f
P1_scenario_phrase,viet-family-vpe-help-action-anh-chi-giup-toi-dong-goi-do-nay-duoc-khong,Giúp tôi đóng gói đồ này được không? / Can you help me pack this item?,singlePhrase,hero,hero,Giúp tôi đóng gói đồ này được không?,audio-authored-giup-toi-dong-goi-do-nay-duoc-khong-56ff40712f
P1_scenario_phrase,viet-family-vpe-help-action-anh-chi-giup-toi-dong-goi-do-nay-duoc-khong,Giúp tôi đóng gói đồ này được không? / Can you help me pack this item?,singlePhrase,explore-next,phrase,Giúp tôi kiểm tra kích cỡ được không?,audio-authored-giup-toi-kiem-tra-kich-co-duoc-khong-460288b3d4
P1_scenario_phrase,viet-family-vpe-help-action-anh-chi-giup-toi-dua-toi-den-benh-vien-duoc-khong,Đưa tôi đến bệnh viện giúp tôi được không? / Can you take me to the hospital?,singlePhrase,explore-next,phrase,Giúp tôi tìm nhà thuốc được không?,audio-authored-giup-toi-tim-nha-thuoc-duoc-khong-e847bb27f4
P1_scenario_phrase,viet-family-vpe-help-action-anh-chi-giup-toi-goi-don-phong-duoc-khong,Giúp tôi gọi dọn phòng được không? / Can you help me call housekeeping?,singlePhrase,hero,hero,Giúp tôi gọi dọn phòng được không?,audio-authored-giup-toi-goi-don-phong-duoc-khong-334f73a003
P1_scenario_phrase,viet-family-vpe-help-action-anh-chi-giup-toi-goi-don-phong-duoc-khong,Giúp tôi gọi dọn phòng được không? / Can you help me call housekeeping?,singlePhrase,practice-pairs,phrase,Giúp tôi mang thêm khăn được không?,audio-authored-giup-toi-mang-them-khan-duoc-khong-c4c73e9bc1
P1_scenario_phrase,viet-family-vpe-help-action-anh-chi-giup-toi-goi-don-phong-duoc-khong,Giúp tôi gọi dọn phòng được không? / Can you help me call housekeeping?,singlePhrase,explore-next,phrase,Giúp tôi mang thêm nước được không?,audio-authored-giup-toi-mang-them-nuoc-duoc-khong-0bec9ad929
P1_scenario_phrase,viet-family-vpe-help-action-anh-chi-giup-toi-goi-don-phong-duoc-khong,Giúp tôi gọi dọn phòng được không? / Can you help me call housekeeping?,singlePhrase,explore-next,phrase,Giúp tôi xác nhận đặt tour được không?,audio-authored-giup-toi-xac-nhan-dat-tour-duoc-khong-f5616d4cb8
P1_scenario_phrase,viet-family-vpe-help-action-anh-chi-giup-toi-kiem-tra-dat-phong-duoc-khong,Giúp tôi kiểm tra đặt phòng được không? / Can you help me check my reservation?,singlePhrase,practice-pairs,phrase,Giúp tôi sạc điện thoại được không?,audio-authored-giup-toi-sac-dien-thoai-duoc-khong-fbd0a58ad8
P1_scenario_phrase,viet-family-vpe-help-action-anh-chi-giup-toi-kiem-tra-dat-phong-duoc-khong,Giúp tôi kiểm tra đặt phòng được không? / Can you help me check my reservation?,singlePhrase,explore-next,phrase,Giúp tôi sửa Wi-Fi được không?,audio-authored-giup-toi-sua-wi-fi-duoc-khong-b38176fbf1
P1_scenario_phrase,viet-family-vpe-help-action-anh-chi-giup-toi-xac-nhan-cong-ra-duoc-khong,Giúp tôi xác nhận cổng ra được không? / Can you help me confirm the gate?,singlePhrase,explore-next,phrase,Giúp tôi xóa món này khỏi hóa đơn được không?,audio-authored-giup-toi-xoa-mon-nay-khoi-hoa-don-duoc-khong-53fea13677
P1_scenario_phrase,viet-family-vpe-likely-replies-bac-si-dang-den,Bác sĩ đang đến / The doctor is coming,singlePhrase,hero,hero,Bác sĩ đang đến,audio-authored-bac-si-dang-den-ce16f6e861
P1_scenario_phrase,viet-family-vpe-likely-replies-bac-si-dang-den,Bác sĩ đang đến / The doctor is coming,singlePhrase,practice-pairs,phrase,Đưa hộ chiếu ra,audio-authored-dua-ho-chieu-ra-6da3a74dfd
P1_scenario_phrase,viet-family-vpe-likely-replies-bac-si-dang-den,Bác sĩ đang đến / The doctor is coming,singlePhrase,practice-pairs,phrase,Giữ bình tĩnh,audio-authored-giu-binh-tinh-e2f217e63b
P1_scenario_phrase,viet-family-vpe-likely-replies-bac-si-dang-den,Bác sĩ đang đến / The doctor is coming,singlePhrase,practice-pairs,phrase,Gọi cấp cứu ngay,audio-authored-goi-cap-cuu-ngay-b6ca17eb83
P1_scenario_phrase,viet-family-vpe-likely-replies-bac-si-dang-den,Bác sĩ đang đến / The doctor is coming,singlePhrase,explore-next,phrase,Lấy hành lý ở kia,audio-authored-lay-hanh-ly-o-kia-6f42720a0b
P1_scenario_phrase,viet-family-vpe-likely-replies-bac-si-dang-den,Bác sĩ đang đến / The doctor is coming,singlePhrase,explore-next,phrase,Nhà thuốc ở gần đây,audio-authored-nha-thuoc-o-gan-day-4023f4f0cc
P1_scenario_phrase,viet-family-vpe-likely-replies-bac-si-dang-den,Bác sĩ đang đến / The doctor is coming,singlePhrase,explore-next,phrase,Bàn này còn trống,audio-authored-ban-nay-con-trong-60b2455714
P1_scenario_phrase,viet-family-vpe-likely-replies-bac-si-dang-den,Bác sĩ đang đến / The doctor is coming,singlePhrase,explore-next,phrase,Chỉ nhận tiền mặt,audio-authored-chi-nhan-tien-mat-bc6f44a629
P1_scenario_phrase,viet-family-vpe-likely-replies-bac-si-dang-den,Bác sĩ đang đến / The doctor is coming,singlePhrase,explore-next,phrase,Chờ một chút,audio-authored-cho-mot-chut-f23bb6c852
P1_scenario_phrase,viet-family-vpe-likely-replies-bac-si-dang-den,Bác sĩ đang đến / The doctor is coming,singlePhrase,explore-next,phrase,Có phòng khác,audio-authored-co-phong-khac-6fa11a8728
P1_scenario_phrase,viet-family-vpe-likely-replies-co-phong-khac,Có phòng khác / There is another room,singlePhrase,explore-next,phrase,Lễ tân sẽ giúp,audio-authored-le-tan-se-giup-25299d5d32
P1_scenario_phrase,viet-family-vpe-likely-replies-con,Còn / It is still available,singlePhrase,practice-pairs,phrase,Đợi ở đây,audio-authored-doi-o-day-697ddd297d
P1_scenario_phrase,viet-family-vpe-likely-replies-con,Còn / It is still available,singlePhrase,explore-next,phrase,Sai rồi,audio-authored-sai-roi-a7c3df0ce1
P1_scenario_phrase,viet-family-vpe-likely-replies-con,Còn / It is still available,singlePhrase,explore-next,phrase,Xuống ở đây,audio-authored-xuong-o-day-239f69f7df
P1_scenario_phrase,viet-family-vpe-likely-replies-cong-doi-roi,Cổng đổi rồi / The gate changed,singlePhrase,hero,hero,Cổng đổi rồi,audio-authored-cong-doi-roi-260081ccec
P1_scenario_phrase,viet-family-vpe-likely-replies-cong-doi-roi,Cổng đổi rồi / The gate changed,singlePhrase,explore-next,phrase,Phòng chưa sẵn sàng,audio-authored-phong-chua-san-sang-d8cea48a06
P1_scenario_phrase,viet-family-vpe-likely-replies-doi-o-day,Đợi ở đây / Wait here,singlePhrase,practice-pairs,phrase,Khoảng mười phút,audio-authored-khoang-muoi-phut-c5a3cfd49e
P1_scenario_phrase,viet-family-vpe-likely-replies-doi-o-day,Đợi ở đây / Wait here,singlePhrase,practice-pairs,phrase,Không xa,audio-authored-khong-xa-004f44bdb4
P1_scenario_phrase,viet-family-vpe-likely-replies-doi-o-day,Đợi ở đây / Wait here,singlePhrase,practice-pairs,phrase,Lên xe này,audio-authored-len-xe-nay-d2729ed3ab
P1_scenario_phrase,viet-family-vpe-likely-replies-doi-o-day,Đợi ở đây / Wait here,singlePhrase,explore-next,phrase,Qua đường,audio-authored-qua-duong-dc985f4cee
P1_scenario_phrase,viet-family-vpe-near-place-bai-dau-xe-gan-day-khong,bãi đậu xe gần đây không? / Is the parking lot nearby?,singlePhrase,practice-pairs,phrase,bến phà gần đây không?,audio-authored-ben-pha-gan-day-khong-1682a203af
P1_scenario_phrase,viet-family-vpe-near-place-bai-dau-xe-gan-day-khong,bãi đậu xe gần đây không? / Is the parking lot nearby?,singlePhrase,practice-pairs,phrase,điểm bán SIM gần đây không?,audio-authored-diem-ban-sim-gan-day-khong-1ed06d1554
P1_scenario_phrase,viet-family-vpe-near-place-bai-dau-xe-gan-day-khong,bãi đậu xe gần đây không? / Is the parking lot nearby?,singlePhrase,practice-pairs,phrase,khu ẩm thực gần đây không?,audio-authored-khu-am-thuc-gan-day-khong-7ef188e6bd
P1_scenario_phrase,viet-family-vpe-near-place-bai-dau-xe-gan-day-khong,bãi đậu xe gần đây không? / Is the parking lot nearby?,singlePhrase,explore-next,phrase,trạm xăng gần đây không?,audio-authored-tram-xang-gan-day-khong-3bcc267dc2
P1_scenario_phrase,viet-family-vpe-near-place-bai-dau-xe-gan-day-khong,bãi đậu xe gần đây không? / Is the parking lot nearby?,singlePhrase,explore-next,phrase,văn phòng du lịch gần đây không?,audio-authored-van-phong-du-lich-gan-day-khong-5ea010a3fc
P1_scenario_phrase,viet-family-vpe-near-place-bai-gui-xe-may-gan-day-khong,bãi gửi xe máy gần đây không? / Is motorbike parking nearby?,singlePhrase,practice-pairs,phrase,cửa khởi hành gần đây không?,audio-authored-cua-khoi-hanh-gan-day-khong-a29ee313ab
P1_scenario_phrase,viet-family-vpe-near-place-bai-gui-xe-may-gan-day-khong,bãi gửi xe máy gần đây không? / Is motorbike parking nearby?,singlePhrase,practice-pairs,phrase,khu kiểm tra an ninh gần đây không?,audio-authored-khu-kiem-tra-an-ninh-gan-day-khong-05886402cd
P1_scenario_phrase,viet-family-vpe-near-place-bai-gui-xe-may-gan-day-khong,bãi gửi xe máy gần đây không? / Is motorbike parking nearby?,singlePhrase,practice-pairs,phrase,phòng cầu nguyện gần đây không?,audio-authored-phong-cau-nguyen-gan-day-khong-148ef69de0
P1_scenario_phrase,viet-family-vpe-near-place-bai-gui-xe-may-gan-day-khong,bãi gửi xe máy gần đây không? / Is motorbike parking nearby?,singlePhrase,explore-next,phrase,quầy hoàn thuế gần đây không?,audio-authored-quay-hoan-thue-gan-day-khong-f4c152cbfc
P1_scenario_phrase,viet-family-vpe-near-place-bai-gui-xe-may-gan-day-khong,bãi gửi xe máy gần đây không? / Is motorbike parking nearby?,singlePhrase,explore-next,phrase,trạm y tế gần đây không?,audio-authored-tram-y-te-gan-day-khong-e5dd15b0a3
P1_scenario_phrase,viet-family-vpe-near-place-ben-pha-gan-day-khong,bến phà gần đây không? / Is the ferry pier nearby?,singlePhrase,practice-pairs,phrase,cửa hàng điện thoại gần đây không?,audio-authored-cua-hang-dien-thoai-gan-day-khong-928760b2a1
P1_scenario_phrase,viet-family-vpe-near-place-ben-pha-gan-day-khong,bến phà gần đây không? / Is the ferry pier nearby?,singlePhrase,practice-pairs,phrase,phòng thay đồ gần đây không?,audio-authored-phong-thay-do-gan-day-khong-b447cac825
P1_scenario_phrase,viet-family-vpe-near-place-ben-pha-gan-day-khong,bến phà gần đây không? / Is the ferry pier nearby?,singlePhrase,explore-next,phrase,quầy thanh toán gần đây không?,audio-authored-quay-thanh-toan-gan-day-khong-25de6073da
P1_scenario_phrase,viet-family-vpe-near-place-ben-tau-gan-day-khong,bến tàu gần đây không? / Is the boat pier nearby?,singlePhrase,practice-pairs,phrase,lối vào gần đây không?,audio-authored-loi-vao-gan-day-khong-3a181084ed
P1_scenario_phrase,viet-family-vpe-near-place-ben-tau-gan-day-khong,bến tàu gần đây không? / Is the boat pier nearby?,singlePhrase,explore-next,phrase,thang máy gần đây không?,audio-authored-thang-may-gan-day-khong-3a5c5997a7
P1_scenario_phrase,viet-family-vpe-near-place-benh-vien-gan-day-khong,bệnh viện gần đây không? / Is the hospital nearby?,singlePhrase,hero,hero,bệnh viện gần đây không?,audio-authored-benh-vien-gan-day-khong-2f5eeeaa1c
P1_scenario_phrase,viet-family-vpe-near-place-benh-vien-gan-day-khong,bệnh viện gần đây không? / Is the hospital nearby?,singlePhrase,practice-pairs,phrase,chợ gần đây không?,audio-authored-cho-gan-day-khong-f3b505d7fe
P1_scenario_phrase,viet-family-vpe-near-place-benh-vien-gan-day-khong,bệnh viện gần đây không? / Is the hospital nearby?,singlePhrase,practice-pairs,phrase,đồn công an gần đây không?,audio-authored-don-cong-an-gan-day-khong-db10216c31
P1_scenario_phrase,viet-family-vpe-near-place-benh-vien-gan-day-khong,bệnh viện gần đây không? / Is the hospital nearby?,singlePhrase,practice-pairs,phrase,khách sạn gần đây không?,audio-authored-khach-san-gan-day-khong-0e29f2e9c8
P1_scenario_phrase,viet-family-vpe-near-place-benh-vien-gan-day-khong,bệnh viện gần đây không? / Is the hospital nearby?,singlePhrase,explore-next,phrase,nhà hàng gần đây không?,audio-authored-nha-hang-gan-day-khong-bda26397e9
P1_scenario_phrase,viet-family-vpe-near-place-benh-vien-gan-day-khong,bệnh viện gần đây không? / Is the hospital nearby?,singlePhrase,explore-next,phrase,quán cà phê gần đây không?,audio-authored-quan-ca-phe-gan-day-khong-331d25ec46
P1_scenario_phrase,viet-family-vpe-near-place-cay-nuoc-nong-gan-day-khong,cây nước nóng gần đây không? / Is a hot-water dispenser nearby?,singlePhrase,practice-pairs,phrase,điểm hẹn gần đây không?,audio-authored-diem-hen-gan-day-khong-91bfd7905c
P1_scenario_phrase,viet-family-vpe-near-place-cay-nuoc-nong-gan-day-khong,cây nước nóng gần đây không? / Is a hot-water dispenser nearby?,singlePhrase,practice-pairs,phrase,nhà thuốc gần đây không?,audio-authored-nha-thuoc-gan-day-khong-280e4a2220
P1_scenario_phrase,viet-family-vpe-near-place-cay-nuoc-nong-gan-day-khong,cây nước nóng gần đây không? / Is a hot-water dispenser nearby?,singlePhrase,practice-pairs,phrase,nhà vệ sinh gần đây không?,audio-authored-nha-ve-sinh-gan-day-khong-70d07b2038
P1_scenario_phrase,viet-family-vpe-near-place-cay-nuoc-nong-gan-day-khong,cây nước nóng gần đây không? / Is a hot-water dispenser nearby?,singlePhrase,explore-next,phrase,quầy đặt tour gần đây không?,audio-authored-quay-dat-tour-gan-day-khong-aaeaf8ff73
P1_scenario_phrase,viet-family-vpe-near-place-cay-nuoc-nong-gan-day-khong,cây nước nóng gần đây không? / Is a hot-water dispenser nearby?,singlePhrase,explore-next,phrase,quầy lễ tân gần đây không?,audio-authored-quay-le-tan-gan-day-khong-f391784092
P1_scenario_phrase,viet-family-vpe-near-place-cho-dau-taxi-gan-day-khong,chỗ đậu taxi gần đây không? / Is the taxi stand nearby?,singlePhrase,hero,hero,chỗ đậu taxi gần đây không?,audio-authored-cho-dau-taxi-gan-day-khong-c03a844a40
P1_scenario_phrase,viet-family-vpe-near-place-cho-gan-day-khong,chợ gần đây không? / Is the market nearby?,singlePhrase,explore-next,phrase,siêu thị gần đây không?,audio-authored-sieu-thi-gan-day-khong-4f443a47ad
P1_scenario_phrase,viet-family-vpe-near-place-cho-gui-hanh-ly-gan-day-khong,chỗ gửi hành lý gần đây không? / Is luggage storage nearby?,singlePhrase,hero,hero,chỗ gửi hành lý gần đây không?,audio-authored-cho-gui-hanh-ly-gan-day-khong-127709437a
P1_scenario_phrase,viet-family-vpe-near-place-cho-gui-hanh-ly-gan-day-khong,chỗ gửi hành lý gần đây không? / Is luggage storage nearby?,singlePhrase,explore-next,phrase,phòng khám gần đây không?,audio-authored-phong-kham-gan-day-khong-ca70a081f5
P1_scenario_phrase,viet-family-vpe-near-place-cong-len-may-bay-gan-day-khong,cổng lên máy bay gần đây không? / Is the boarding gate nearby?,singlePhrase,practice-pairs,phrase,cửa hải quan gần đây không?,audio-authored-cua-hai-quan-gan-day-khong-fe60482210
P1_scenario_phrase,viet-family-vpe-near-place-cong-len-may-bay-gan-day-khong,cổng lên máy bay gần đây không? / Is the boarding gate nearby?,singlePhrase,explore-next,phrase,trạm sạc gần đây không?,audio-authored-tram-sac-gan-day-khong-bfab4830ef
P1_scenario_phrase,viet-family-vpe-near-place-cua-hang-tien-loi-gan-day-khong,cửa hàng tiện lợi gần đây không? / Is a convenience store nearby?,singlePhrase,hero,hero,cửa hàng tiện lợi gần đây không?,audio-authored-cua-hang-tien-loi-gan-day-khong-74c8289bb3
P1_scenario_phrase,viet-family-vpe-near-place-cua-hang-tien-loi-gan-day-khong,cửa hàng tiện lợi gần đây không? / Is a convenience store nearby?,singlePhrase,practice-pairs,phrase,điểm đón xe gần đây không?,audio-authored-diem-don-xe-gan-day-khong-61aeaedca8
P1_scenario_phrase,viet-family-vpe-near-place-cua-hang-tien-loi-gan-day-khong,cửa hàng tiện lợi gần đây không? / Is a convenience store nearby?,singlePhrase,explore-next,phrase,trạm xe buýt gần đây không?,audio-authored-tram-xe-buyt-gan-day-khong-515bd54632
P1_scenario_phrase,viet-family-vpe-near-place-cua-khoi-hanh-gan-day-khong,cửa khởi hành gần đây không? / Is the departure door nearby?,singlePhrase,practice-pairs,phrase,đường một chiều gần đây không?,audio-authored-duong-mot-chieu-gan-day-khong-8f94e0e90e
P1_scenario_phrase,viet-family-vpe-near-place-cua-khoi-hanh-gan-day-khong,cửa khởi hành gần đây không? / Is the departure door nearby?,singlePhrase,practice-pairs,phrase,hẻm này gần đây không?,audio-authored-hem-nay-gan-day-khong-29a4f163e4
P1_scenario_phrase,viet-family-vpe-near-place-cua-khoi-hanh-gan-day-khong,cửa khởi hành gần đây không? / Is the departure door nearby?,singlePhrase,explore-next,phrase,ngã tư gần đây không?,audio-authored-nga-tu-gan-day-khong-d8b05540cd
P1_scenario_phrase,viet-family-vpe-near-place-hieu-kinh-thuoc-gan-day-khong,hiệu kính thuốc gần đây không? / Is an optical shop nearby?,singlePhrase,practice-pairs,phrase,khu vực hút thuốc gần đây không?,audio-authored-khu-vuc-hut-thuoc-gan-day-khong-167020a458
P1_scenario_phrase,viet-family-vpe-need-item-toi-can-anh-the,Tôi cần ảnh thẻ / I need passport photos.,singlePhrase,hero,hero,Tôi cần ảnh thẻ,audio-authored-toi-can-anh-the-dcf1e361cc
P1_scenario_phrase,viet-family-vpe-need-item-toi-can-anh-the,Tôi cần ảnh thẻ / I need passport photos.,singlePhrase,practice-pairs,phrase,Tôi cần chỗ ngồi cạnh lối đi,audio-authored-toi-can-cho-ngoi-canh-loi-di-2536fe186b
P1_scenario_phrase,viet-family-vpe-need-item-toi-can-anh-the,Tôi cần ảnh thẻ / I need passport photos.,singlePhrase,practice-pairs,phrase,Tôi cần chỗ ngồi gần cửa sổ,audio-authored-toi-can-cho-ngoi-gan-cua-so-ed306d67ce
P1_scenario_phrase,viet-family-vpe-need-item-toi-can-anh-the,Tôi cần ảnh thẻ / I need passport photos.,singlePhrase,practice-pairs,phrase,Tôi cần mã đặt chỗ,audio-authored-toi-can-ma-dat-cho-221774fc74
P1_scenario_phrase,viet-family-vpe-need-item-toi-can-anh-the,Tôi cần ảnh thẻ / I need passport photos.,singlePhrase,explore-next,phrase,Tôi cần nước không đá,audio-authored-toi-can-nuoc-khong-da-86d89a651d
P1_scenario_phrase,viet-family-vpe-need-item-toi-can-anh-the,Tôi cần ảnh thẻ / I need passport photos.,singlePhrase,explore-next,phrase,Tôi cần phiếu đặt phòng,audio-authored-toi-can-phieu-dat-phong-ee7f6c183c
P1_scenario_phrase,viet-family-vpe-need-item-toi-can-anh-the,Tôi cần ảnh thẻ / I need passport photos.,singlePhrase,explore-next,phrase,Tôi cần áo mưa,audio-authored-toi-can-ao-mua-523e6e4f6f
P1_scenario_phrase,viet-family-vpe-need-item-toi-can-anh-the,Tôi cần ảnh thẻ / I need passport photos.,singlePhrase,explore-next,phrase,Tôi cần áo thun,audio-authored-toi-can-ao-thun-49ae9e1bab
P1_scenario_phrase,viet-family-vpe-need-item-toi-can-anh-the,Tôi cần ảnh thẻ / I need passport photos.,singlePhrase,explore-next,phrase,Tôi cần ba lô nhỏ,audio-authored-toi-can-ba-lo-nho-828431635d
P1_scenario_phrase,viet-family-vpe-need-item-toi-can-anh-the,Tôi cần ảnh thẻ / I need passport photos.,singlePhrase,explore-next,phrase,Tôi cần bàn chải đánh răng,audio-authored-toi-can-ban-chai-danh-rang-d3cb67e969
P1_scenario_phrase,viet-family-vpe-need-item-toi-can-ao-mua,Tôi cần áo mưa / I need a rain poncho.,singlePhrase,practice-pairs,phrase,Tôi cần lịch trình tour,audio-authored-toi-can-lich-trinh-tour-9b2f7f6f16
P1_scenario_phrase,viet-family-vpe-need-item-toi-can-ao-mua,Tôi cần áo mưa / I need a rain poncho.,singlePhrase,practice-pairs,phrase,Tôi cần mũ bảo hiểm,audio-authored-toi-can-mu-bao-hiem-b32695ee3d
P1_scenario_phrase,viet-family-vpe-need-item-toi-can-ao-mua,Tôi cần áo mưa / I need a rain poncho.,singlePhrase,practice-pairs,phrase,Tôi cần vé tàu,audio-authored-toi-can-ve-tau-030a19bcce
P1_scenario_phrase,viet-family-vpe-need-item-toi-can-ao-mua,Tôi cần áo mưa / I need a rain poncho.,singlePhrase,explore-next,phrase,Tôi cần vé vào cửa,audio-authored-toi-can-ve-vao-cua-95397f47b5
P1_scenario_phrase,viet-family-vpe-need-item-toi-can-ao-mua,Tôi cần áo mưa / I need a rain poncho.,singlePhrase,explore-next,phrase,Tôi cần vé xe buýt,audio-authored-toi-can-ve-xe-buyt-3030292d1c
P1_scenario_phrase,viet-family-vpe-need-item-toi-can-ao-thun,Tôi cần áo thun / I need a T-shirt.,singlePhrase,practice-pairs,phrase,Tôi cần cà phê rang,audio-authored-toi-can-ca-phe-rang-7259fe9370
P1_scenario_phrase,viet-family-vpe-need-item-toi-can-ao-thun,Tôi cần áo thun / I need a T-shirt.,singlePhrase,practice-pairs,phrase,Tôi cần mũ lưỡi trai,audio-authored-toi-can-mu-luoi-trai-5521d47e3f
P1_scenario_phrase,viet-family-vpe-need-item-toi-can-ao-thun,Tôi cần áo thun / I need a T-shirt.,singlePhrase,practice-pairs,phrase,Tôi cần nam châm tủ lạnh,audio-authored-toi-can-nam-cham-tu-lanh-8c0746b624
P1_scenario_phrase,viet-family-vpe-need-item-toi-can-ao-thun,Tôi cần áo thun / I need a T-shirt.,singlePhrase,explore-next,phrase,Tôi cần quà lưu niệm,audio-authored-toi-can-qua-luu-niem-50106816e3
P1_scenario_phrase,viet-family-vpe-need-item-toi-can-ao-thun,Tôi cần áo thun / I need a T-shirt.,singlePhrase,explore-next,phrase,Tôi cần quần short,audio-authored-toi-can-quan-short-d427861a80
P1_scenario_phrase,viet-family-vpe-need-item-toi-can-ba-lo-nho,Tôi cần ba lô nhỏ / I need a small backpack.,singlePhrase,explore-next,phrase,Tôi cần vali nhỏ,audio-authored-toi-can-vali-nho-2fd374da37
P1_scenario_phrase,viet-family-vpe-need-item-toi-can-ba-lo-nho,Tôi cần ba lô nhỏ / I need a small backpack.,singlePhrase,explore-next,phrase,Tôi cần bàn cho hai người,audio-authored-toi-can-ban-cho-hai-nguoi-219770b04d
P1_scenario_phrase,viet-family-vpe-need-item-toi-can-ban-chai-danh-rang,Tôi cần bàn chải đánh răng / I need a toothbrush.,singlePhrase,practice-pairs,phrase,Tôi cần dầu gội,audio-authored-toi-can-dau-goi-17f93c62c2
P1_scenario_phrase,viet-family-vpe-need-item-toi-can-ban-chai-danh-rang,Tôi cần bàn chải đánh răng / I need a toothbrush.,singlePhrase,practice-pairs,phrase,Tôi cần kem đánh răng,audio-authored-toi-can-kem-danh-rang-4524bdc6c6
P1_scenario_phrase,viet-family-vpe-need-item-toi-can-ban-chai-danh-rang,Tôi cần bàn chải đánh răng / I need a toothbrush.,singlePhrase,explore-next,phrase,Tôi cần nước rửa tay,audio-authored-toi-can-nuoc-rua-tay-f32d29844a
P1_scenario_phrase,viet-family-vpe-need-item-toi-can-ban-chai-danh-rang,Tôi cần bàn chải đánh răng / I need a toothbrush.,singlePhrase,explore-next,phrase,Tôi cần ô che mưa,audio-authored-toi-can-o-che-mua-d09a2ba0d9
P1_scenario_phrase,viet-family-vpe-need-item-toi-can-ban-sao-ho-chieu,Tôi cần bản sao hộ chiếu / I need a passport copy.,singlePhrase,hero,hero,Tôi cần bản sao hộ chiếu,audio-authored-toi-can-ban-sao-ho-chieu-39bc42b456
P1_scenario_phrase,viet-family-vpe-need-item-toi-can-bang-ca-nhan,Tôi cần băng cá nhân / I need bandages.,singlePhrase,hero,hero,Tôi cần băng cá nhân,audio-authored-toi-can-bang-ca-nhan-1d7bc4cceb
P1_scenario_phrase,viet-family-vpe-need-item-toi-can-bang-ca-nhan,Tôi cần băng cá nhân / I need bandages.,singlePhrase,practice-pairs,phrase,Tôi cần dây sạc,audio-authored-toi-can-day-sac-0fb005420b
P1_scenario_phrase,viet-family-vpe-need-item-toi-can-bang-ca-nhan,Tôi cần băng cá nhân / I need bandages.,singlePhrase,practice-pairs,phrase,Tôi cần khẩu trang,audio-authored-toi-can-khau-trang-264aefebb5
P1_scenario_phrase,viet-family-vpe-need-item-toi-can-bang-ca-nhan,Tôi cần băng cá nhân / I need bandages.,singlePhrase,practice-pairs,phrase,Tôi cần pin dự phòng,audio-authored-toi-can-pin-du-phong-ae1298255e
P1_scenario_phrase,viet-family-vpe-need-item-toi-can-bang-ca-nhan,Tôi cần băng cá nhân / I need bandages.,singlePhrase,explore-next,phrase,Tôi cần sạc điện thoại,audio-authored-toi-can-sac-dien-thoai-263e130819
P1_scenario_phrase,viet-family-vpe-need-item-toi-can-bang-ca-nhan,Tôi cần băng cá nhân / I need bandages.,singlePhrase,explore-next,phrase,Tôi cần thẻ SIM,audio-authored-toi-can-the-sim-9d72412443
P1_scenario_phrase,viet-family-vpe-need-item-toi-can-ca-phe-rang,Tôi cần cà phê rang / I need roasted coffee.,singlePhrase,practice-pairs,phrase,Tôi cần nước hoa khô,audio-authored-toi-can-nuoc-hoa-kho-d174ec2916
P1_scenario_phrase,viet-family-vpe-need-item-toi-can-ca-phe-rang,Tôi cần cà phê rang / I need roasted coffee.,singlePhrase,practice-pairs,phrase,Tôi cần sô cô la Việt Nam,audio-authored-toi-can-so-co-la-viet-nam-71e5b249c4
P1_scenario_phrase,viet-family-vpe-need-item-toi-can-ca-phe-rang,Tôi cần cà phê rang / I need roasted coffee.,singlePhrase,practice-pairs,phrase,Tôi cần tem thư,audio-authored-toi-can-tem-thu-4b6f1cc7c4
P1_scenario_phrase,viet-family-vpe-need-item-toi-can-ca-phe-rang,Tôi cần cà phê rang / I need roasted coffee.,singlePhrase,explore-next,phrase,Tôi cần thiệp bưu điện,audio-authored-toi-can-thiep-buu-dien-6ba224d6b0
P1_scenario_phrase,viet-family-vpe-need-item-toi-can-ca-phe-rang,Tôi cần cà phê rang / I need roasted coffee.,singlePhrase,explore-next,phrase,Tôi cần trà sen,audio-authored-toi-can-tra-sen-5305f45f62
P1_scenario_phrase,viet-family-vpe-need-item-toi-can-chia-khoa-phong,Tôi cần chìa khóa phòng / I need the room key.,singlePhrase,hero,hero,Tôi cần chìa khóa phòng,audio-authored-toi-can-chia-khoa-phong-dbaa87bcf2
P1_scenario_phrase,viet-family-vpe-need-item-toi-can-chia-khoa-phong,Tôi cần chìa khóa phòng / I need the room key.,singlePhrase,explore-next,phrase,Tôi cần máy sấy tóc,audio-authored-toi-can-may-say-toc-82cf2a1e09
P1_scenario_phrase,viet-family-vpe-need-item-toi-can-dao-cao,Tôi cần dao cạo / I need a razor.,singlePhrase,practice-pairs,phrase,Tôi cần dịch vụ giặt nhanh,audio-authored-toi-can-dich-vu-giat-nhanh-a851ba9a5b
P1_scenario_phrase,viet-family-vpe-need-item-toi-can-dao-cao,Tôi cần dao cạo / I need a razor.,singlePhrase,explore-next,phrase,Tôi cần nước uống đóng chai,audio-authored-toi-can-nuoc-uong-dong-chai-80252a232b
P1_scenario_phrase,viet-family-vpe-need-item-toi-can-dep-le,Tôi cần dép lê / I need flip-flops.,singlePhrase,hero,hero,Tôi cần dép lê,audio-authored-toi-can-dep-le-eb383b8561
P1_scenario_phrase,viet-family-vpe-need-item-toi-can-kem-chong-muoi,Tôi cần kem chống muỗi / I need mosquito repellent.,singlePhrase,practice-pairs,phrase,Tôi cần men tiêu hóa,audio-authored-toi-can-men-tieu-hoa-348022ad34
P1_scenario_phrase,viet-family-vpe-need-item-toi-can-kem-chong-muoi,Tôi cần kem chống muỗi / I need mosquito repellent.,singlePhrase,explore-next,phrase,Tôi cần thuốc ho,audio-authored-toi-can-thuoc-ho-9f2e0dc978
P1_scenario_phrase,viet-family-vpe-need-item-toi-can-khan-tam,Tôi cần khăn tắm / I need a bath towel.,singlePhrase,hero,hero,Tôi cần khăn tắm,audio-authored-toi-can-khan-tam-959af64116
P1_scenario_phrase,viet-family-vpe-need-item-toi-can-men-tieu-hoa,Tôi cần men tiêu hóa / I need digestive probiotics.,singlePhrase,practice-pairs,phrase,Tôi cần miếng dán hạ sốt,audio-authored-toi-can-mieng-dan-ha-sot-444d5a26cf
P1_scenario_phrase,viet-family-vpe-need-item-toi-can-men-tieu-hoa,Tôi cần men tiêu hóa / I need digestive probiotics.,singlePhrase,explore-next,phrase,Tôi cần sim du lịch,audio-authored-toi-can-sim-du-lich-54e28800fc
P1_scenario_phrase,viet-family-vpe-need-item-toi-can-nuoc-hoa-kho,Tôi cần nước hoa khô / I need solid perfume.,singlePhrase,practice-pairs,phrase,Tôi cần phong bì,audio-authored-toi-can-phong-bi-eacd0d3fd9
P1_scenario_phrase,viet-family-vpe-need-item-toi-can-phong-doi,Tôi cần phòng đôi / I need a double room.,singlePhrase,hero,hero,Tôi cần phòng đôi,audio-authored-toi-can-phong-doi-a2e92a2715
P1_scenario_phrase,viet-family-vpe-one-item-please-cho-toi-mot-anh-the,"Cho tôi ảnh thẻ / Passport photos, please.",singlePhrase,hero,hero,Cho tôi ảnh thẻ,audio-authored-cho-toi-anh-the-6aab1bc73e
P1_scenario_phrase,viet-family-vpe-one-item-please-cho-toi-mot-anh-the,"Cho tôi ảnh thẻ / Passport photos, please.",singlePhrase,practice-pairs,phrase,Cho tôi chỗ ngồi cạnh lối đi,audio-authored-cho-toi-cho-ngoi-canh-loi-di-4c39092795
P1_scenario_phrase,viet-family-vpe-one-item-please-cho-toi-mot-anh-the,"Cho tôi ảnh thẻ / Passport photos, please.",singlePhrase,practice-pairs,phrase,Cho tôi chỗ ngồi gần cửa sổ,audio-authored-cho-toi-cho-ngoi-gan-cua-so-a0fe1624a2
P1_scenario_phrase,viet-family-vpe-one-item-please-cho-toi-mot-anh-the,"Cho tôi ảnh thẻ / Passport photos, please.",singlePhrase,practice-pairs,phrase,Cho tôi mã đặt chỗ,audio-authored-cho-toi-ma-dat-cho-133e15573c
P1_scenario_phrase,viet-family-vpe-one-item-please-cho-toi-mot-anh-the,"Cho tôi ảnh thẻ / Passport photos, please.",singlePhrase,explore-next,phrase,Cho tôi nước không đá,audio-authored-cho-toi-nuoc-khong-da-268016731f
P1_scenario_phrase,viet-family-vpe-one-item-please-cho-toi-mot-anh-the,"Cho tôi ảnh thẻ / Passport photos, please.",singlePhrase,explore-next,phrase,Cho tôi phiếu đặt phòng,audio-authored-cho-toi-phieu-dat-phong-fce23af9eb
P1_scenario_phrase,viet-family-vpe-one-item-please-cho-toi-mot-anh-the,"Cho tôi ảnh thẻ / Passport photos, please.",singlePhrase,explore-next,phrase,Cho tôi áo mưa,audio-authored-cho-toi-ao-mua-3dd41edff2
P1_scenario_phrase,viet-family-vpe-one-item-please-cho-toi-mot-anh-the,"Cho tôi ảnh thẻ / Passport photos, please.",singlePhrase,explore-next,phrase,Cho tôi áo thun,audio-authored-cho-toi-ao-thun-4906a3e1dc
P1_scenario_phrase,viet-family-vpe-one-item-please-cho-toi-mot-anh-the,"Cho tôi ảnh thẻ / Passport photos, please.",singlePhrase,explore-next,phrase,Cho tôi ba lô nhỏ,audio-authored-cho-toi-ba-lo-nho-7859ff1ce2
P1_scenario_phrase,viet-family-vpe-one-item-please-cho-toi-mot-anh-the,"Cho tôi ảnh thẻ / Passport photos, please.",singlePhrase,explore-next,phrase,Cho tôi bàn chải đánh răng,audio-authored-cho-toi-ban-chai-danh-rang-1165853a38
P1_scenario_phrase,viet-family-vpe-one-item-please-cho-toi-mot-ao-mua,"Cho tôi áo mưa / A rain poncho, please.",singlePhrase,practice-pairs,phrase,Cho tôi lịch trình tour,audio-authored-cho-toi-lich-trinh-tour-3369a75c40
P1_scenario_phrase,viet-family-vpe-one-item-please-cho-toi-mot-ao-mua,"Cho tôi áo mưa / A rain poncho, please.",singlePhrase,practice-pairs,phrase,Cho tôi mũ bảo hiểm,audio-authored-cho-toi-mu-bao-hiem-9dd8202797
P1_scenario_phrase,viet-family-vpe-one-item-please-cho-toi-mot-ao-mua,"Cho tôi áo mưa / A rain poncho, please.",singlePhrase,practice-pairs,phrase,Cho tôi vé tàu,audio-authored-cho-toi-ve-tau-79745299c0
P1_scenario_phrase,viet-family-vpe-one-item-please-cho-toi-mot-ao-mua,"Cho tôi áo mưa / A rain poncho, please.",singlePhrase,explore-next,phrase,Cho tôi vé vào cửa,audio-authored-cho-toi-ve-vao-cua-41c5efd360
P1_scenario_phrase,viet-family-vpe-one-item-please-cho-toi-mot-ao-mua,"Cho tôi áo mưa / A rain poncho, please.",singlePhrase,explore-next,phrase,Cho tôi vé xe buýt,audio-authored-cho-toi-ve-xe-buyt-002c50a871
P1_scenario_phrase,viet-family-vpe-one-item-please-cho-toi-mot-ao-thun,"Cho tôi áo thun / A T-shirt, please.",singlePhrase,practice-pairs,phrase,Cho tôi cà phê rang,audio-authored-cho-toi-ca-phe-rang-6fb8418b9d
P1_scenario_phrase,viet-family-vpe-one-item-please-cho-toi-mot-ao-thun,"Cho tôi áo thun / A T-shirt, please.",singlePhrase,practice-pairs,phrase,Cho tôi mũ lưỡi trai,audio-authored-cho-toi-mu-luoi-trai-f66289e404
P1_scenario_phrase,viet-family-vpe-one-item-please-cho-toi-mot-ao-thun,"Cho tôi áo thun / A T-shirt, please.",singlePhrase,practice-pairs,phrase,Cho tôi nam châm tủ lạnh,audio-authored-cho-toi-nam-cham-tu-lanh-b2a52b2a52
P1_scenario_phrase,viet-family-vpe-one-item-please-cho-toi-mot-ao-thun,"Cho tôi áo thun / A T-shirt, please.",singlePhrase,explore-next,phrase,Cho tôi quà lưu niệm,audio-authored-cho-toi-qua-luu-niem-3778a13e0b
P1_scenario_phrase,viet-family-vpe-one-item-please-cho-toi-mot-ao-thun,"Cho tôi áo thun / A T-shirt, please.",singlePhrase,explore-next,phrase,Cho tôi quần short,audio-authored-cho-toi-quan-short-7c05eb30fd
P1_scenario_phrase,viet-family-vpe-one-item-please-cho-toi-mot-ba-lo-nho,"Cho tôi ba lô nhỏ / A small backpack, please.",singlePhrase,explore-next,phrase,Cho tôi vali nhỏ,audio-authored-cho-toi-vali-nho-be1752a2c7
P1_scenario_phrase,viet-family-vpe-one-item-please-cho-toi-mot-ba-lo-nho,"Cho tôi ba lô nhỏ / A small backpack, please.",singlePhrase,explore-next,phrase,Cho tôi bàn cho hai người,audio-authored-cho-toi-ban-cho-hai-nguoi-0e499a40e7
P1_scenario_phrase,viet-family-vpe-one-item-please-cho-toi-mot-ban-chai-danh-rang,"Cho tôi bàn chải đánh răng / A toothbrush, please.",singlePhrase,practice-pairs,phrase,Cho tôi dầu gội,audio-authored-cho-toi-dau-goi-c9c138944b
P1_scenario_phrase,viet-family-vpe-one-item-please-cho-toi-mot-ban-chai-danh-rang,"Cho tôi bàn chải đánh răng / A toothbrush, please.",singlePhrase,practice-pairs,phrase,Cho tôi kem đánh răng,audio-authored-cho-toi-kem-danh-rang-59a68c181d
P1_scenario_phrase,viet-family-vpe-one-item-please-cho-toi-mot-ban-chai-danh-rang,"Cho tôi bàn chải đánh răng / A toothbrush, please.",singlePhrase,explore-next,phrase,Cho tôi nước rửa tay,audio-authored-cho-toi-nuoc-rua-tay-b3c979257d
P1_scenario_phrase,viet-family-vpe-one-item-please-cho-toi-mot-ban-chai-danh-rang,"Cho tôi bàn chải đánh răng / A toothbrush, please.",singlePhrase,explore-next,phrase,Cho tôi ô che mưa,audio-authored-cho-toi-o-che-mua-0171a307ed
P1_scenario_phrase,viet-family-vpe-one-item-please-cho-toi-mot-ban-sao-ho-chieu,"Cho tôi bản sao hộ chiếu / A passport copy, please.",singlePhrase,hero,hero,Cho tôi bản sao hộ chiếu,audio-authored-cho-toi-ban-sao-ho-chieu-94a883886c
P1_scenario_phrase,viet-family-vpe-one-item-please-cho-toi-mot-bang-ca-nhan,"Cho tôi băng cá nhân / Bandages, please.",singlePhrase,hero,hero,Cho tôi băng cá nhân,audio-authored-cho-toi-bang-ca-nhan-285e052628
P1_scenario_phrase,viet-family-vpe-one-item-please-cho-toi-mot-bang-ca-nhan,"Cho tôi băng cá nhân / Bandages, please.",singlePhrase,practice-pairs,phrase,Cho tôi dây sạc,audio-authored-cho-toi-day-sac-36dff217b9
P1_scenario_phrase,viet-family-vpe-one-item-please-cho-toi-mot-bang-ca-nhan,"Cho tôi băng cá nhân / Bandages, please.",singlePhrase,practice-pairs,phrase,Cho tôi khẩu trang,audio-authored-cho-toi-khau-trang-8955212c2f
P1_scenario_phrase,viet-family-vpe-one-item-please-cho-toi-mot-bang-ca-nhan,"Cho tôi băng cá nhân / Bandages, please.",singlePhrase,practice-pairs,phrase,Cho tôi pin dự phòng,audio-authored-cho-toi-pin-du-phong-d68141bdce
P1_scenario_phrase,viet-family-vpe-one-item-please-cho-toi-mot-bang-ca-nhan,"Cho tôi băng cá nhân / Bandages, please.",singlePhrase,explore-next,phrase,Cho tôi sạc điện thoại,audio-authored-cho-toi-sac-dien-thoai-cd6c2c2215
P1_scenario_phrase,viet-family-vpe-one-item-please-cho-toi-mot-bang-ca-nhan,"Cho tôi băng cá nhân / Bandages, please.",singlePhrase,explore-next,phrase,Cho tôi thẻ SIM,audio-authored-cho-toi-the-sim-325c141eed
P1_scenario_phrase,viet-family-vpe-one-item-please-cho-toi-mot-ca-phe-rang,"Cho tôi cà phê rang / Roasted coffee, please.",singlePhrase,practice-pairs,phrase,Cho tôi đá,audio-authored-cho-toi-da-dcd21bf29b
P1_scenario_phrase,viet-family-vpe-one-item-please-cho-toi-mot-ca-phe-rang,"Cho tôi cà phê rang / Roasted coffee, please.",singlePhrase,practice-pairs,phrase,Cho tôi một ít khăn giấy,audio-authored-cho-toi-mot-it-khan-giay-447c3c71e5
P1_scenario_phrase,viet-family-vpe-one-item-please-cho-toi-mot-ca-phe-rang,"Cho tôi cà phê rang / Roasted coffee, please.",singlePhrase,practice-pairs,phrase,Cho tôi nước lọc,audio-authored-cho-toi-nuoc-loc-d0e759a8de
P1_scenario_phrase,viet-family-vpe-one-item-please-cho-toi-mot-ca-phe-rang,"Cho tôi cà phê rang / Roasted coffee, please.",singlePhrase,explore-next,phrase,Cho tôi nước nóng,audio-authored-cho-toi-nuoc-nong-8be21f155e
P1_scenario_phrase,viet-family-vpe-one-item-please-cho-toi-mot-ca-phe-rang,"Cho tôi cà phê rang / Roasted coffee, please.",singlePhrase,explore-next,phrase,Cho tôi nước suối,audio-authored-cho-toi-nuoc-suoi-70e25e58c8
P1_scenario_phrase,viet-family-vpe-one-item-please-cho-toi-mot-chia-khoa-phong,"Cho tôi chìa khóa phòng / The room key, please.",singlePhrase,hero,hero,Cho tôi chìa khóa phòng,audio-authored-cho-toi-chia-khoa-phong-e7343574b7
P1_scenario_phrase,viet-family-vpe-one-item-please-cho-toi-mot-chia-khoa-phong,"Cho tôi chìa khóa phòng / The room key, please.",singlePhrase,explore-next,phrase,Cho tôi máy sấy tóc,audio-authored-cho-toi-may-say-toc-632bfedf9e
P1_scenario_phrase,viet-family-vpe-one-item-please-cho-toi-mot-dep-le,"Cho tôi dép lê / Flip-flops, please.",singlePhrase,hero,hero,Cho tôi dép lê,audio-authored-cho-toi-dep-le-948a5f6062
P1_scenario_phrase,viet-family-vpe-one-item-please-cho-toi-mot-giay-ve-sinh,"Cho tôi giấy vệ sinh / Toilet paper, please.",singlePhrase,practice-pairs,phrase,Cho tôi thuốc đau bụng,audio-authored-cho-toi-thuoc-dau-bung-d943931d33
P1_scenario_phrase,viet-family-vpe-one-item-please-cho-toi-mot-giay-ve-sinh,"Cho tôi giấy vệ sinh / Toilet paper, please.",singlePhrase,explore-next,phrase,Cho tôi thuốc say xe,audio-authored-cho-toi-thuoc-say-xe-e1de78f910
P1_scenario_phrase,viet-family-vpe-one-item-please-cho-toi-mot-kem-chong-muoi,"Cho tôi kem chống muỗi / Mosquito repellent, please.",singlePhrase,practice-pairs,phrase,Cho tôi men tiêu hóa,audio-authored-cho-toi-men-tieu-hoa-c7ea0ed712
P1_scenario_phrase,viet-family-vpe-one-item-please-cho-toi-mot-kem-chong-muoi,"Cho tôi kem chống muỗi / Mosquito repellent, please.",singlePhrase,practice-pairs,phrase,Cho tôi nước muối sinh lý,audio-authored-cho-toi-nuoc-muoi-sinh-ly-40d5634592
P1_scenario_phrase,viet-family-vpe-one-item-please-cho-toi-mot-kem-chong-muoi,"Cho tôi kem chống muỗi / Mosquito repellent, please.",singlePhrase,explore-next,phrase,Cho tôi thuốc ho,audio-authored-cho-toi-thuoc-ho-d3f859c9b7
P1_scenario_phrase,viet-family-vpe-one-item-please-cho-toi-mot-kem-chong-muoi,"Cho tôi kem chống muỗi / Mosquito repellent, please.",singlePhrase,explore-next,phrase,Cho tôi thuốc nhỏ mắt,audio-authored-cho-toi-thuoc-nho-mat-d22f83add0
P1_scenario_phrase,viet-family-vpe-one-item-please-cho-toi-mot-khan-tam,"Cho tôi khăn tắm / A bath towel, please.",singlePhrase,hero,hero,Cho tôi khăn tắm,audio-authored-cho-toi-khan-tam-982f6daf32
P1_scenario_phrase,viet-family-vpe-one-item-please-cho-toi-mot-men-tieu-hoa,"Cho tôi men tiêu hóa / Digestive probiotics, please.",singlePhrase,practice-pairs,phrase,Cho tôi miếng dán hạ sốt,audio-authored-cho-toi-mieng-dan-ha-sot-b2c8c578eb
P1_scenario_phrase,viet-family-vpe-one-item-please-cho-toi-mot-men-tieu-hoa,"Cho tôi men tiêu hóa / Digestive probiotics, please.",singlePhrase,explore-next,phrase,Cho tôi sim du lịch,audio-authored-cho-toi-sim-du-lich-315e2491fa
P1_scenario_phrase,viet-family-vpe-one-item-please-cho-toi-mot-phong-doi,"Cho tôi phòng đôi / A double room, please.",singlePhrase,hero,hero,Cho tôi phòng đôi,audio-authored-cho-toi-phong-doi-f2e7d8f748
P1_scenario_phrase,viet-family-vpe-polite-request-da-cho-toi-bang-ca-nhan,"Dạ, cho tôi băng cá nhân / Respectfully, please give me bandages.",singlePhrase,practice-pairs,phrase,"Dạ, cho tôi dây sạc",audio-authored-da-cho-toi-day-sac-d584039d88
P1_scenario_phrase,viet-family-vpe-polite-request-da-cho-toi-bang-ca-nhan,"Dạ, cho tôi băng cá nhân / Respectfully, please give me bandages.",singlePhrase,practice-pairs,phrase,"Dạ, cho tôi khẩu trang",audio-authored-da-cho-toi-khau-trang-2eb09994c8
P1_scenario_phrase,viet-family-vpe-polite-request-da-cho-toi-bang-ca-nhan,"Dạ, cho tôi băng cá nhân / Respectfully, please give me bandages.",singlePhrase,practice-pairs,phrase,"Dạ, cho tôi pin dự phòng",audio-authored-da-cho-toi-pin-du-phong-9538f7a87d
P1_scenario_phrase,viet-family-vpe-polite-request-da-cho-toi-bang-ca-nhan,"Dạ, cho tôi băng cá nhân / Respectfully, please give me bandages.",singlePhrase,explore-next,phrase,"Dạ, cho tôi sạc điện thoại",audio-authored-da-cho-toi-sac-dien-thoai-6c16b48cb9
P1_scenario_phrase,viet-family-vpe-polite-request-da-cho-toi-bang-ca-nhan,"Dạ, cho tôi băng cá nhân / Respectfully, please give me bandages.",singlePhrase,explore-next,phrase,"Dạ, cho tôi thẻ SIM",audio-authored-da-cho-toi-the-sim-a121f9c47b
P1_scenario_phrase,viet-family-vpe-polite-request-da-cho-toi-chia-khoa-phong,"Dạ, cho tôi chìa khóa phòng / Respectfully, please give me the room key.",singlePhrase,practice-pairs,phrase,"Dạ, cho tôi máy sấy tóc",audio-authored-da-cho-toi-may-say-toc-9f371c01fa
P1_scenario_phrase,viet-family-vpe-polite-request-da-cho-toi-chia-khoa-phong,"Dạ, cho tôi chìa khóa phòng / Respectfully, please give me the room key.",singlePhrase,practice-pairs,phrase,Làm ơn cho tôi đá,audio-authored-lam-on-cho-toi-da-7d27a9bb6f
P1_scenario_phrase,viet-family-vpe-polite-request-da-cho-toi-chia-khoa-phong,"Dạ, cho tôi chìa khóa phòng / Respectfully, please give me the room key.",singlePhrase,practice-pairs,phrase,Làm ơn cho tôi nước lọc,audio-authored-lam-on-cho-toi-nuoc-loc-8335f06c5c
P1_scenario_phrase,viet-family-vpe-polite-request-da-cho-toi-chia-khoa-phong,"Dạ, cho tôi chìa khóa phòng / Respectfully, please give me the room key.",singlePhrase,explore-next,phrase,Làm ơn cho tôi nước nóng,audio-authored-lam-on-cho-toi-nuoc-nong-fd319453c4
P1_scenario_phrase,viet-family-vpe-polite-request-da-cho-toi-chia-khoa-phong,"Dạ, cho tôi chìa khóa phòng / Respectfully, please give me the room key.",singlePhrase,explore-next,phrase,Làm ơn cho tôi nước suối,audio-authored-lam-on-cho-toi-nuoc-suoi-a2553e3b02
P1_scenario_phrase,viet-family-vpe-polite-request-da-cho-toi-giay-ve-sinh,"Dạ, cho tôi giấy vệ sinh / Respectfully, please give me toilet paper.",singlePhrase,practice-pairs,phrase,"Dạ, cho tôi thuốc đau bụng",audio-authored-da-cho-toi-thuoc-dau-bung-4102041258
P1_scenario_phrase,viet-family-vpe-polite-request-da-cho-toi-giay-ve-sinh,"Dạ, cho tôi giấy vệ sinh / Respectfully, please give me toilet paper.",singlePhrase,explore-next,phrase,"Dạ, cho tôi thuốc say xe",audio-authored-da-cho-toi-thuoc-say-xe-ddda8a34ec
P1_scenario_phrase,viet-family-vpe-polite-request-da-cho-toi-khan-tam,"Dạ, cho tôi khăn tắm / Respectfully, please give me a bath towel.",singlePhrase,hero,hero,"Dạ, cho tôi khăn tắm",audio-authored-da-cho-toi-khan-tam-1b020451a9
P1_scenario_phrase,viet-family-vpe-polite-request-da-cho-toi-may-say-toc,"Dạ, cho tôi máy sấy tóc / Respectfully, please give me a hair dryer.",singlePhrase,practice-pairs,phrase,Làm ơn cho tôi khăn giấy,audio-authored-lam-on-cho-toi-khan-giay-e5123da39c
P1_scenario_phrase,viet-family-vpe-polite-request-da-cho-toi-phong-doi,"Dạ, cho tôi phòng đôi / Respectfully, please give me a double room.",singlePhrase,hero,hero,"Dạ, cho tôi phòng đôi",audio-authored-da-cho-toi-phong-doi-87bfb663cb
P1_scenario_phrase,viet-family-vpe-pronoun-help-anh-giup-toi-doi-phong-duoc-khong,Anh giúp tôi đổi phòng được không? / Can you help me change rooms?,singlePhrase,practice-pairs,phrase,Chị giúp tôi chỉ đường được không?,audio-authored-chi-giup-toi-chi-duong-duoc-khong-c29e302055
P1_scenario_phrase,viet-family-vpe-pronoun-help-anh-giup-toi-doi-phong-duoc-khong,Anh giúp tôi đổi phòng được không? / Can you help me change rooms?,singlePhrase,practice-pairs,phrase,Chị giúp tôi đọc số này được không?,audio-authored-chi-giup-toi-doc-so-nay-duoc-khong-e5ad6e9af0
P1_scenario_phrase,viet-family-vpe-pronoun-help-anh-giup-toi-doi-phong-duoc-khong,Anh giúp tôi đổi phòng được không? / Can you help me change rooms?,singlePhrase,practice-pairs,phrase,Chị giúp tôi gọi taxi được không?,audio-authored-chi-giup-toi-goi-taxi-duoc-khong-d3ead8994d
P1_scenario_phrase,viet-family-vpe-pronoun-help-anh-giup-toi-doi-phong-duoc-khong,Anh giúp tôi đổi phòng được không? / Can you help me change rooms?,singlePhrase,explore-next,phrase,Chị giúp tôi gọi xe công nghệ được không?,audio-authored-chi-giup-toi-goi-xe-cong-nghe-duoc-khong-a0e1f8bbec
P1_scenario_phrase,viet-family-vpe-pronoun-help-anh-giup-toi-doi-phong-duoc-khong,Anh giúp tôi đổi phòng được không? / Can you help me change rooms?,singlePhrase,explore-next,phrase,Chị giúp tôi viết địa chỉ được không?,audio-authored-chi-giup-toi-viet-dia-chi-duoc-khong-6bce3ec052
P1_scenario_phrase,viet-family-vpe-pronoun-help-anh-giup-toi-kiem-tra-dat-phong-duoc-khong,Anh giúp tôi kiểm tra đặt phòng được không? / Can you help me check my reservation?,singlePhrase,practice-pairs,phrase,Anh giúp tôi sạc điện thoại được không?,audio-authored-anh-giup-toi-sac-dien-thoai-duoc-khong-5ff2f9d770
P1_scenario_phrase,viet-family-vpe-pronoun-help-anh-giup-toi-kiem-tra-dat-phong-duoc-khong,Anh giúp tôi kiểm tra đặt phòng được không? / Can you help me check my reservation?,singlePhrase,explore-next,phrase,Anh giúp tôi sửa Wi-Fi được không?,audio-authored-anh-giup-toi-sua-wi-fi-duoc-khong-61c5fd4297
P1_scenario_phrase,viet-family-vpe-pronoun-help-chi-giup-toi-doi-phong-duoc-khong,Chị giúp tôi đổi phòng được không? / Can you help me change rooms?,singlePhrase,hero,hero,Chị giúp tôi đổi phòng được không?,audio-authored-chi-giup-toi-doi-phong-duoc-khong-7267a69a45
P1_scenario_phrase,viet-family-vpe-pronoun-help-chi-giup-toi-doi-phong-duoc-khong,Chị giúp tôi đổi phòng được không? / Can you help me change rooms?,singlePhrase,practice-pairs,phrase,Cô giúp tôi chỉ đường được không?,audio-authored-co-giup-toi-chi-duong-duoc-khong-c64c0a4c58
P1_scenario_phrase,viet-family-vpe-pronoun-help-chi-giup-toi-doi-phong-duoc-khong,Chị giúp tôi đổi phòng được không? / Can you help me change rooms?,singlePhrase,practice-pairs,phrase,Cô giúp tôi đọc số này được không?,audio-authored-co-giup-toi-doc-so-nay-duoc-khong-7dc7987354
P1_scenario_phrase,viet-family-vpe-pronoun-help-chi-giup-toi-doi-phong-duoc-khong,Chị giúp tôi đổi phòng được không? / Can you help me change rooms?,singlePhrase,practice-pairs,phrase,Cô giúp tôi gọi taxi được không?,audio-authored-co-giup-toi-goi-taxi-duoc-khong-51e4af25d0
P1_scenario_phrase,viet-family-vpe-pronoun-help-chi-giup-toi-doi-phong-duoc-khong,Chị giúp tôi đổi phòng được không? / Can you help me change rooms?,singlePhrase,explore-next,phrase,Cô giúp tôi gọi xe công nghệ được không?,audio-authored-co-giup-toi-goi-xe-cong-nghe-duoc-khong-c9259019b0
P1_scenario_phrase,viet-family-vpe-pronoun-help-chi-giup-toi-doi-phong-duoc-khong,Chị giúp tôi đổi phòng được không? / Can you help me change rooms?,singlePhrase,explore-next,phrase,Cô giúp tôi viết địa chỉ được không?,audio-authored-co-giup-toi-viet-dia-chi-duoc-khong-006295ab76
P1_scenario_phrase,viet-family-vpe-pronoun-help-chi-giup-toi-kiem-tra-dat-phong-duoc-khong,Chị giúp tôi kiểm tra đặt phòng được không? / Can you help me check my reservation?,singlePhrase,practice-pairs,phrase,Chị giúp tôi sạc điện thoại được không?,audio-authored-chi-giup-toi-sac-dien-thoai-duoc-khong-c2ea23a12b
P1_scenario_phrase,viet-family-vpe-pronoun-help-chi-giup-toi-kiem-tra-dat-phong-duoc-khong,Chị giúp tôi kiểm tra đặt phòng được không? / Can you help me check my reservation?,singlePhrase,explore-next,phrase,Chị giúp tôi sửa Wi-Fi được không?,audio-authored-chi-giup-toi-sua-wi-fi-duoc-khong-0722cd9479
P1_scenario_phrase,viet-family-vpe-pronoun-help-chu-giup-toi-doi-phong-duoc-khong,Chú giúp tôi đổi phòng được không? / Can you help me change rooms?,singlePhrase,hero,hero,Chú giúp tôi đổi phòng được không?,audio-authored-chu-giup-toi-doi-phong-duoc-khong-6531c0da33
P1_scenario_phrase,viet-family-vpe-pronoun-help-chu-giup-toi-doi-phong-duoc-khong,Chú giúp tôi đổi phòng được không? / Can you help me change rooms?,singlePhrase,practice-pairs,phrase,Em giúp tôi chỉ đường được không?,audio-authored-em-giup-toi-chi-duong-duoc-khong-a538bbfa2e
P1_scenario_phrase,viet-family-vpe-pronoun-help-chu-giup-toi-doi-phong-duoc-khong,Chú giúp tôi đổi phòng được không? / Can you help me change rooms?,singlePhrase,practice-pairs,phrase,Em giúp tôi đọc số này được không?,audio-authored-em-giup-toi-doc-so-nay-duoc-khong-3c0e6fdd6d
P1_scenario_phrase,viet-family-vpe-pronoun-help-chu-giup-toi-doi-phong-duoc-khong,Chú giúp tôi đổi phòng được không? / Can you help me change rooms?,singlePhrase,practice-pairs,phrase,Em giúp tôi gọi taxi được không?,audio-authored-em-giup-toi-goi-taxi-duoc-khong-d6a5828121
P1_scenario_phrase,viet-family-vpe-pronoun-help-chu-giup-toi-doi-phong-duoc-khong,Chú giúp tôi đổi phòng được không? / Can you help me change rooms?,singlePhrase,explore-next,phrase,Em giúp tôi gọi xe công nghệ được không?,audio-authored-em-giup-toi-goi-xe-cong-nghe-duoc-khong-506da86d00
P1_scenario_phrase,viet-family-vpe-pronoun-help-chu-giup-toi-doi-phong-duoc-khong,Chú giúp tôi đổi phòng được không? / Can you help me change rooms?,singlePhrase,explore-next,phrase,Em giúp tôi viết địa chỉ được không?,audio-authored-em-giup-toi-viet-dia-chi-duoc-khong-c36be47194
P1_scenario_phrase,viet-family-vpe-pronoun-help-chu-giup-toi-goi-taxi-duoc-khong,Chú giúp tôi gọi taxi được không? / Can you help me call a taxi?,singlePhrase,hero,hero,Chú giúp tôi gọi taxi được không?,audio-authored-chu-giup-toi-goi-taxi-duoc-khong-22bd3c255c
P1_scenario_phrase,viet-family-vpe-pronoun-help-chu-giup-toi-goi-taxi-duoc-khong,Chú giúp tôi gọi taxi được không? / Can you help me call a taxi?,singlePhrase,practice-pairs,phrase,Chú giúp tôi gọi xe công nghệ được không?,audio-authored-chu-giup-toi-goi-xe-cong-nghe-duoc-khong-b152bd823f
P1_scenario_phrase,viet-family-vpe-pronoun-help-chu-giup-toi-kiem-tra-dat-phong-duoc-khong,Chú giúp tôi kiểm tra đặt phòng được không? / Can you help me check my reservation?,singlePhrase,practice-pairs,phrase,Chú giúp tôi sạc điện thoại được không?,audio-authored-chu-giup-toi-sac-dien-thoai-duoc-khong-6738784c6a
P1_scenario_phrase,viet-family-vpe-pronoun-help-chu-giup-toi-kiem-tra-dat-phong-duoc-khong,Chú giúp tôi kiểm tra đặt phòng được không? / Can you help me check my reservation?,singlePhrase,explore-next,phrase,Chú giúp tôi sửa Wi-Fi được không?,audio-authored-chu-giup-toi-sua-wi-fi-duoc-khong-d4a51e6b8f
P1_scenario_phrase,viet-family-vpe-pronoun-help-co-giup-toi-doi-phong-duoc-khong,Cô giúp tôi đổi phòng được không? / Can you help me change rooms?,singlePhrase,hero,hero,Cô giúp tôi đổi phòng được không?,audio-authored-co-giup-toi-doi-phong-duoc-khong-4afcc55549
P1_scenario_phrase,viet-family-vpe-pronoun-help-co-giup-toi-kiem-tra-dat-phong-duoc-khong,Cô giúp tôi kiểm tra đặt phòng được không? / Can you help me check my reservation?,singlePhrase,practice-pairs,phrase,Cô giúp tôi sạc điện thoại được không?,audio-authored-co-giup-toi-sac-dien-thoai-duoc-khong-9714b6f404
P1_scenario_phrase,viet-family-vpe-pronoun-help-co-giup-toi-kiem-tra-dat-phong-duoc-khong,Cô giúp tôi kiểm tra đặt phòng được không? / Can you help me check my reservation?,singlePhrase,explore-next,phrase,Cô giúp tôi sửa Wi-Fi được không?,audio-authored-co-giup-toi-sua-wi-fi-duoc-khong-50165915ab
P1_scenario_phrase,viet-family-vpe-pronoun-help-em-giup-toi-doi-phong-duoc-khong,Em giúp tôi đổi phòng được không? / Can you help me change rooms?,singlePhrase,hero,hero,Em giúp tôi đổi phòng được không?,audio-authored-em-giup-toi-doi-phong-duoc-khong-de2a4edf85
P1_scenario_phrase,viet-family-vpe-pronoun-help-em-giup-toi-kiem-tra-dat-phong-duoc-khong,Em giúp tôi kiểm tra đặt phòng được không? / Can you help me check my reservation?,singlePhrase,practice-pairs,phrase,Em giúp tôi sạc điện thoại được không?,audio-authored-em-giup-toi-sac-dien-thoai-duoc-khong-0d2a26ce16
P1_scenario_phrase,viet-family-vpe-pronoun-help-em-giup-toi-kiem-tra-dat-phong-duoc-khong,Em giúp tôi kiểm tra đặt phòng được không? / Can you help me check my reservation?,singlePhrase,explore-next,phrase,Em giúp tôi sửa Wi-Fi được không?,audio-authored-em-giup-toi-sua-wi-fi-duoc-khong-051539fa81
P1_scenario_phrase,viet-family-vpe-stop-at-place-dung-o-atm,Dừng ở ATM / Stop at an ATM.,singlePhrase,hero,hero,Dừng ở ATM,audio-authored-dung-o-atm-a95b6a2479
P1_scenario_phrase,viet-family-vpe-stop-at-place-dung-o-atm,Dừng ở ATM / Stop at an ATM.,singlePhrase,practice-pairs,phrase,Dừng ở bến tàu,audio-authored-dung-o-ben-tau-6656868d29
P1_scenario_phrase,viet-family-vpe-stop-at-place-dung-o-atm,Dừng ở ATM / Stop at an ATM.,singlePhrase,practice-pairs,phrase,Dừng ở bến xe,audio-authored-dung-o-ben-xe-7e2004c1d4
P1_scenario_phrase,viet-family-vpe-stop-at-place-dung-o-atm,Dừng ở ATM / Stop at an ATM.,singlePhrase,practice-pairs,phrase,Dừng ở cửa ra,audio-authored-dung-o-cua-ra-54c5ba6b1c
P1_scenario_phrase,viet-family-vpe-stop-at-place-dung-o-atm,Dừng ở ATM / Stop at an ATM.,singlePhrase,explore-next,phrase,Dừng ở ga tàu,audio-authored-dung-o-ga-tau-f10a95c7bd
P1_scenario_phrase,viet-family-vpe-stop-at-place-dung-o-atm,Dừng ở ATM / Stop at an ATM.,singlePhrase,explore-next,phrase,Dừng ở sân bay,audio-authored-dung-o-san-bay-eb95bb0d80
P1_scenario_phrase,viet-family-vpe-stop-at-place-dung-o-atm,Dừng ở ATM / Stop at an ATM.,singlePhrase,explore-next,phrase,Dừng ở bãi biển,audio-authored-dung-o-bai-bien-06ab190042
P1_scenario_phrase,viet-family-vpe-stop-at-place-dung-o-atm,Dừng ở ATM / Stop at an ATM.,singlePhrase,explore-next,phrase,Dừng ở bãi đậu xe,audio-authored-dung-o-bai-dau-xe-bfb7d28f4e
P1_scenario_phrase,viet-family-vpe-stop-at-place-dung-o-atm,Dừng ở ATM / Stop at an ATM.,singlePhrase,explore-next,phrase,Dừng ở bãi gửi xe máy,audio-authored-dung-o-bai-gui-xe-may-84226e2b71
P1_scenario_phrase,viet-family-vpe-stop-at-place-dung-o-atm,Dừng ở ATM / Stop at an ATM.,singlePhrase,explore-next,phrase,Dừng ở bàn hướng dẫn,audio-authored-dung-o-ban-huong-dan-5296dabbf0
P1_scenario_phrase,viet-family-vpe-stop-at-place-dung-o-bai-bien,Dừng ở bãi biển / Stop at the beach.,singlePhrase,practice-pairs,phrase,Dừng ở bảo tàng,audio-authored-dung-o-bao-tang-8d8d47aa07
P1_scenario_phrase,viet-family-vpe-stop-at-place-dung-o-bai-bien,Dừng ở bãi biển / Stop at the beach.,singlePhrase,practice-pairs,phrase,Dừng ở chùa,audio-authored-dung-o-chua-553c0d70b6
P1_scenario_phrase,viet-family-vpe-stop-at-place-dung-o-bai-bien,Dừng ở bãi biển / Stop at the beach.,singlePhrase,practice-pairs,phrase,Dừng ở nhà thờ,audio-authored-dung-o-nha-tho-e848cf1ee1
P1_scenario_phrase,viet-family-vpe-stop-at-place-dung-o-bai-bien,Dừng ở bãi biển / Stop at the beach.,singlePhrase,explore-next,phrase,Dừng ở phố đi bộ,audio-authored-dung-o-pho-di-bo-ae36a4bd63
P1_scenario_phrase,viet-family-vpe-stop-at-place-dung-o-bai-bien,Dừng ở bãi biển / Stop at the beach.,singlePhrase,explore-next,phrase,Dừng ở trung tâm thương mại,audio-authored-dung-o-trung-tam-thuong-mai-46379ab492
P1_scenario_phrase,viet-family-vpe-stop-at-place-dung-o-bai-dau-xe,Dừng ở bãi đậu xe / Stop at the parking lot.,singlePhrase,practice-pairs,phrase,Dừng ở bến phà,audio-authored-dung-o-ben-pha-120f567078
P1_scenario_phrase,viet-family-vpe-stop-at-place-dung-o-bai-dau-xe,Dừng ở bãi đậu xe / Stop at the parking lot.,singlePhrase,practice-pairs,phrase,Dừng ở điểm bán SIM,audio-authored-dung-o-diem-ban-sim-49c3df906f
P1_scenario_phrase,viet-family-vpe-stop-at-place-dung-o-bai-dau-xe,Dừng ở bãi đậu xe / Stop at the parking lot.,singlePhrase,practice-pairs,phrase,Dừng ở khu ẩm thực,audio-authored-dung-o-khu-am-thuc-01a51e4cb0
P1_scenario_phrase,viet-family-vpe-stop-at-place-dung-o-bai-dau-xe,Dừng ở bãi đậu xe / Stop at the parking lot.,singlePhrase,explore-next,phrase,Dừng ở trạm xăng,audio-authored-dung-o-tram-xang-fbd230cf7c
P1_scenario_phrase,viet-family-vpe-stop-at-place-dung-o-bai-dau-xe,Dừng ở bãi đậu xe / Stop at the parking lot.,singlePhrase,explore-next,phrase,Dừng ở văn phòng du lịch,audio-authored-dung-o-van-phong-du-lich-98bf09bb42
P1_scenario_phrase,viet-family-vpe-stop-at-place-dung-o-bai-gui-xe-may,Dừng ở bãi gửi xe máy / Stop at motorbike parking.,singlePhrase,practice-pairs,phrase,Dừng ở cửa khởi hành,audio-authored-dung-o-cua-khoi-hanh-1dffeacb0d
P1_scenario_phrase,viet-family-vpe-stop-at-place-dung-o-bai-gui-xe-may,Dừng ở bãi gửi xe máy / Stop at motorbike parking.,singlePhrase,practice-pairs,phrase,Dừng ở khu kiểm tra an ninh,audio-authored-dung-o-khu-kiem-tra-an-ninh-2d6b412629
P1_scenario_phrase,viet-family-vpe-stop-at-place-dung-o-bai-gui-xe-may,Dừng ở bãi gửi xe máy / Stop at motorbike parking.,singlePhrase,practice-pairs,phrase,Dừng ở phòng cầu nguyện,audio-authored-dung-o-phong-cau-nguyen-f2f8e1f7fe
P1_scenario_phrase,viet-family-vpe-stop-at-place-dung-o-bai-gui-xe-may,Dừng ở bãi gửi xe máy / Stop at motorbike parking.,singlePhrase,explore-next,phrase,Dừng ở quầy hoàn thuế,audio-authored-dung-o-quay-hoan-thue-bd6bbaaaa1
P1_scenario_phrase,viet-family-vpe-stop-at-place-dung-o-bai-gui-xe-may,Dừng ở bãi gửi xe máy / Stop at motorbike parking.,singlePhrase,explore-next,phrase,Dừng ở trạm y tế,audio-authored-dung-o-tram-y-te-ca478d68d4
P1_scenario_phrase,viet-family-vpe-stop-at-place-dung-o-ban-huong-dan,Dừng ở bàn hướng dẫn / Stop at the help desk.,singlePhrase,practice-pairs,phrase,Dừng ở cây nước nóng,audio-authored-dung-o-cay-nuoc-nong-94d51347b6
P1_scenario_phrase,viet-family-vpe-stop-at-place-dung-o-ban-huong-dan,Dừng ở bàn hướng dẫn / Stop at the help desk.,singlePhrase,practice-pairs,phrase,Dừng ở máy in,audio-authored-dung-o-may-in-5b8224927c
P1_scenario_phrase,viet-family-vpe-stop-at-place-dung-o-ban-huong-dan,Dừng ở bàn hướng dẫn / Stop at the help desk.,singlePhrase,practice-pairs,phrase,Dừng ở máy photocopy,audio-authored-dung-o-may-photocopy-40eeaaeb63
P1_scenario_phrase,viet-family-vpe-stop-at-place-dung-o-ban-huong-dan,Dừng ở bàn hướng dẫn / Stop at the help desk.,singlePhrase,explore-next,phrase,Dừng ở phòng y tế,audio-authored-dung-o-phong-y-te-8a3d2ecf43
P1_scenario_phrase,viet-family-vpe-stop-at-place-dung-o-ban-huong-dan,Dừng ở bàn hướng dẫn / Stop at the help desk.,singlePhrase,explore-next,phrase,Dừng ở quầy giữ đồ,audio-authored-dung-o-quay-giu-do-80ff08c779
P1_scenario_phrase,viet-family-vpe-stop-at-place-dung-o-bao-tang,Dừng ở bảo tàng / Stop at the museum.,singlePhrase,practice-pairs,phrase,Dừng ở bưu điện,audio-authored-dung-o-buu-dien-6518f4b2a3
P1_scenario_phrase,viet-family-vpe-stop-at-place-dung-o-ben-pha,Dừng ở bến phà / Stop at the ferry pier.,singlePhrase,practice-pairs,phrase,Dừng ở cửa hàng điện thoại,audio-authored-dung-o-cua-hang-dien-thoai-4a2bd19d20
P1_scenario_phrase,viet-family-vpe-stop-at-place-dung-o-ben-pha,Dừng ở bến phà / Stop at the ferry pier.,singlePhrase,practice-pairs,phrase,Dừng ở phòng thay đồ,audio-authored-dung-o-phong-thay-do-daa5a1a104
P1_scenario_phrase,viet-family-vpe-stop-at-place-dung-o-ben-pha,Dừng ở bến phà / Stop at the ferry pier.,singlePhrase,explore-next,phrase,Dừng ở quầy thanh toán,audio-authored-dung-o-quay-thanh-toan-61c52e7da1
P1_scenario_phrase,viet-family-vpe-stop-at-place-dung-o-ben-tau,Dừng ở bến tàu / Stop at the boat pier.,singlePhrase,practice-pairs,phrase,Dừng ở lối vào,audio-authored-dung-o-loi-vao-ecf6f96732
P1_scenario_phrase,viet-family-vpe-stop-at-place-dung-o-ben-tau,Dừng ở bến tàu / Stop at the boat pier.,singlePhrase,explore-next,phrase,Dừng ở thang máy,audio-authored-dung-o-thang-may-a7a7c5e28a
P1_scenario_phrase,viet-family-vpe-stop-at-place-dung-o-benh-vien,Dừng ở bệnh viện / Stop at the hospital.,singlePhrase,hero,hero,Dừng ở bệnh viện,audio-authored-dung-o-benh-vien-0af372485a
P1_scenario_phrase,viet-family-vpe-stop-at-place-dung-o-benh-vien,Dừng ở bệnh viện / Stop at the hospital.,singlePhrase,practice-pairs,phrase,Dừng ở chợ,audio-authored-dung-o-cho-eee0d82e72
P1_scenario_phrase,viet-family-vpe-stop-at-place-dung-o-benh-vien,Dừng ở bệnh viện / Stop at the hospital.,singlePhrase,practice-pairs,phrase,Dừng ở đồn công an,audio-authored-dung-o-don-cong-an-0999e63363
P1_scenario_phrase,viet-family-vpe-stop-at-place-dung-o-benh-vien,Dừng ở bệnh viện / Stop at the hospital.,singlePhrase,practice-pairs,phrase,Dừng ở khách sạn,audio-authored-dung-o-khach-san-5104b24211
P1_scenario_phrase,viet-family-vpe-stop-at-place-dung-o-benh-vien,Dừng ở bệnh viện / Stop at the hospital.,singlePhrase,explore-next,phrase,Dừng ở nhà hàng,audio-authored-dung-o-nha-hang-57437480bc
P1_scenario_phrase,viet-family-vpe-stop-at-place-dung-o-benh-vien,Dừng ở bệnh viện / Stop at the hospital.,singlePhrase,explore-next,phrase,Dừng ở quán cà phê,audio-authored-dung-o-quan-ca-phe-15d8667bb0
P1_scenario_phrase,viet-family-vpe-stop-at-place-dung-o-buu-dien,Dừng ở bưu điện / Stop at the post office.,singlePhrase,practice-pairs,phrase,Dừng ở cổng lên máy bay,audio-authored-dung-o-cong-len-may-bay-8c386c5532
P1_scenario_phrase,viet-family-vpe-stop-at-place-dung-o-buu-dien,Dừng ở bưu điện / Stop at the post office.,singlePhrase,practice-pairs,phrase,Dừng ở khu lấy hành lý,audio-authored-dung-o-khu-lay-hanh-ly-66f3cabbd0
P1_scenario_phrase,viet-family-vpe-stop-at-place-dung-o-buu-dien,Dừng ở bưu điện / Stop at the post office.,singlePhrase,practice-pairs,phrase,Dừng ở máy bán vé,audio-authored-dung-o-may-ban-ve-968f9dfdc5
P1_scenario_phrase,viet-family-vpe-stop-at-place-dung-o-buu-dien,Dừng ở bưu điện / Stop at the post office.,singlePhrase,explore-next,phrase,Dừng ở ngân hàng,audio-authored-dung-o-ngan-hang-074d735d8b
P1_scenario_phrase,viet-family-vpe-stop-at-place-dung-o-buu-dien,Dừng ở bưu điện / Stop at the post office.,singlePhrase,explore-next,phrase,Dừng ở quầy vé,audio-authored-dung-o-quay-ve-2354f0e0bd
P1_scenario_phrase,viet-family-vpe-stop-at-place-dung-o-cau,Dừng ở cầu / Stop at the bridge.,singlePhrase,hero,hero,Dừng ở cầu,audio-authored-dung-o-cau-2f8b966d01
P1_scenario_phrase,viet-family-vpe-stop-at-place-dung-o-cau,Dừng ở cầu / Stop at the bridge.,singlePhrase,practice-pairs,phrase,Dừng ở công viên,audio-authored-dung-o-cong-vien-ccca6b68fb
P1_scenario_phrase,viet-family-vpe-stop-at-place-dung-o-cau,Dừng ở cầu / Stop at the bridge.,singlePhrase,practice-pairs,phrase,Dừng ở hiệu kính thuốc,audio-authored-dung-o-hieu-kinh-thuoc-67739e71cd
P1_scenario_phrase,viet-family-vpe-stop-at-place-dung-o-cau,Dừng ở cầu / Stop at the bridge.,singlePhrase,practice-pairs,phrase,Dừng ở hồ,audio-authored-dung-o-ho-7cc7de6657
P1_scenario_phrase,viet-family-vpe-stop-at-place-dung-o-cau,Dừng ở cầu / Stop at the bridge.,singlePhrase,explore-next,phrase,Dừng ở sông,audio-authored-dung-o-song-5df424ad8b
P1_scenario_phrase,viet-family-vpe-stop-at-place-dung-o-cau,Dừng ở cầu / Stop at the bridge.,singlePhrase,explore-next,phrase,Dừng ở tiệm giặt ủi,audio-authored-dung-o-tiem-giat-ui-58fcadecab
P1_scenario_phrase,viet-family-vpe-stop-at-place-dung-o-cay-nuoc-nong,Dừng ở cây nước nóng / Stop at a hot-water dispenser.,singlePhrase,practice-pairs,phrase,Dừng ở điểm hẹn,audio-authored-dung-o-diem-hen-05e5455e53
P1_scenario_phrase,viet-family-vpe-stop-at-place-dung-o-cay-nuoc-nong,Dừng ở cây nước nóng / Stop at a hot-water dispenser.,singlePhrase,practice-pairs,phrase,Dừng ở nhà thuốc,audio-authored-dung-o-nha-thuoc-b9f9c5e219
P1_scenario_phrase,viet-family-vpe-stop-at-place-dung-o-cay-nuoc-nong,Dừng ở cây nước nóng / Stop at a hot-water dispenser.,singlePhrase,practice-pairs,phrase,Dừng ở nhà vệ sinh,audio-authored-dung-o-nha-ve-sinh-0946783e44
P1_scenario_phrase,viet-family-vpe-stop-at-place-dung-o-cay-nuoc-nong,Dừng ở cây nước nóng / Stop at a hot-water dispenser.,singlePhrase,explore-next,phrase,Dừng ở quầy đặt tour,audio-authored-dung-o-quay-dat-tour-45683d9d88
P1_scenario_phrase,viet-family-vpe-stop-at-place-dung-o-cay-nuoc-nong,Dừng ở cây nước nóng / Stop at a hot-water dispenser.,singlePhrase,explore-next,phrase,Dừng ở quầy lễ tân,audio-authored-dung-o-quay-le-tan-250ce0dcaa
P1_scenario_phrase,viet-family-vpe-stop-at-place-dung-o-cho,Dừng ở chợ / Stop at the market.,singlePhrase,explore-next,phrase,Dừng ở siêu thị,audio-authored-dung-o-sieu-thi-6416d259c4
P1_scenario_phrase,viet-family-vpe-stop-at-place-dung-o-cho-dau-taxi,Dừng ở chỗ đậu taxi / Stop at the taxi stand.,singlePhrase,hero,hero,Dừng ở chỗ đậu taxi,audio-authored-dung-o-cho-dau-taxi-ef44f478bb
P1_scenario_phrase,viet-family-vpe-stop-at-place-dung-o-cho-gui-hanh-ly,Dừng ở chỗ gửi hành lý / Stop at luggage storage.,singlePhrase,hero,hero,Dừng ở chỗ gửi hành lý,audio-authored-dung-o-cho-gui-hanh-ly-b05b032964
P1_scenario_phrase,viet-family-vpe-stop-at-place-dung-o-cho-gui-hanh-ly,Dừng ở chỗ gửi hành lý / Stop at luggage storage.,singlePhrase,explore-next,phrase,Dừng ở phòng khám,audio-authored-dung-o-phong-kham-b16ba3842b
P1_scenario_phrase,viet-family-vpe-stop-at-place-dung-o-cho-ngoi,Dừng ở chỗ ngồi / Stop at a seat.,singlePhrase,hero,hero,Dừng ở chỗ ngồi,audio-authored-dung-o-cho-ngoi-99e80b26f8
P1_scenario_phrase,viet-family-vpe-stop-at-place-dung-o-cho-ngoi,Dừng ở chỗ ngồi / Stop at a seat.,singlePhrase,practice-pairs,phrase,Dừng ở đường chính,audio-authored-dung-o-duong-chinh-bcffb7f184
P1_scenario_phrase,viet-family-vpe-stop-at-place-dung-o-cho-ngoi,Dừng ở chỗ ngồi / Stop at a seat.,singlePhrase,explore-next,phrase,Dừng ở lối sang đường,audio-authored-dung-o-loi-sang-duong-75c3dbad12
P1_scenario_phrase,viet-family-vpe-stop-at-place-dung-o-cho-ngoi,Dừng ở chỗ ngồi / Stop at a seat.,singlePhrase,explore-next,phrase,Dừng ở phố cổ,audio-authored-dung-o-pho-co-748115fcd2
P1_scenario_phrase,viet-family-vpe-stop-at-place-dung-o-cong-len-may-bay,Dừng ở cổng lên máy bay / Stop at the boarding gate.,singlePhrase,practice-pairs,phrase,Dừng ở cửa hải quan,audio-authored-dung-o-cua-hai-quan-3ad52316da
P1_scenario_phrase,viet-family-vpe-stop-at-place-dung-o-cong-len-may-bay,Dừng ở cổng lên máy bay / Stop at the boarding gate.,singlePhrase,explore-next,phrase,Dừng ở trạm sạc,audio-authored-dung-o-tram-sac-2a0b24a660
P1_scenario_phrase,viet-family-vpe-stop-at-place-dung-o-cong-vien,Dừng ở công viên / Stop at the park.,singlePhrase,practice-pairs,phrase,Dừng ở phòng chờ,audio-authored-dung-o-phong-cho-566fa8774e
P1_scenario_phrase,viet-family-vpe-stop-at-place-dung-o-cong-vien,Dừng ở công viên / Stop at the park.,singlePhrase,practice-pairs,phrase,Dừng ở quầy an ninh,audio-authored-dung-o-quay-an-ninh-092ccbe35f
P1_scenario_phrase,viet-family-vpe-stop-at-place-dung-o-cong-vien,Dừng ở công viên / Stop at the park.,singlePhrase,explore-next,phrase,Dừng ở tiệm cắt tóc,audio-authored-dung-o-tiem-cat-toc-e7da794e9d
P1_scenario_phrase,viet-family-vpe-stop-at-place-dung-o-cua-hang-dien-thoai,Dừng ở cửa hàng điện thoại / Stop at the phone shop.,singlePhrase,explore-next,phrase,Dừng ở thùng rác,audio-authored-dung-o-thung-rac-1505cb31b3
P1_scenario_phrase,viet-family-vpe-stop-at-place-dung-o-cua-hang-dien-thoai,Dừng ở cửa hàng điện thoại / Stop at the phone shop.,singlePhrase,explore-next,phrase,Dừng ở vòi nước,audio-authored-dung-o-voi-nuoc-7a58b7aa84
P1_scenario_phrase,viet-family-vpe-stop-at-place-dung-o-cua-hang-tien-loi,Dừng ở cửa hàng tiện lợi / Stop at a convenience store.,singlePhrase,hero,hero,Dừng ở cửa hàng tiện lợi,audio-authored-dung-o-cua-hang-tien-loi-0396252b0c
P1_scenario_phrase,viet-family-vpe-stop-at-place-dung-o-cua-hang-tien-loi,Dừng ở cửa hàng tiện lợi / Stop at a convenience store.,singlePhrase,practice-pairs,phrase,Dừng ở điểm đón xe,audio-authored-dung-o-diem-don-xe-30ba456b3c
P1_scenario_phrase,viet-family-vpe-stop-at-place-dung-o-cua-hang-tien-loi,Dừng ở cửa hàng tiện lợi / Stop at a convenience store.,singlePhrase,explore-next,phrase,Dừng ở trạm xe buýt,audio-authored-dung-o-tram-xe-buyt-7cef3a7e3c
P1_scenario_phrase,viet-family-vpe-stop-at-place-dung-o-cua-khoi-hanh,Dừng ở cửa khởi hành / Stop at the departure door.,singlePhrase,practice-pairs,phrase,Dừng ở đường một chiều,audio-authored-dung-o-duong-mot-chieu-91bece16dc
P1_scenario_phrase,viet-family-vpe-stop-at-place-dung-o-cua-khoi-hanh,Dừng ở cửa khởi hành / Stop at the departure door.,singlePhrase,practice-pairs,phrase,Dừng ở hẻm này,audio-authored-dung-o-hem-nay-b768d067f1
P1_scenario_phrase,viet-family-vpe-stop-at-place-dung-o-cua-khoi-hanh,Dừng ở cửa khởi hành / Stop at the departure door.,singlePhrase,explore-next,phrase,Dừng ở ngã tư,audio-authored-dung-o-nga-tu-37c17f8032
P1_scenario_phrase,viet-family-vpe-stop-at-place-dung-o-cua-ra,Dừng ở cửa ra / Stop at the exit.,singlePhrase,practice-pairs,phrase,Dừng ở quầy đổi tiền,audio-authored-dung-o-quay-doi-tien-5c5ad86585
P1_scenario_phrase,viet-family-vpe-stop-at-place-dung-o-cua-ra,Dừng ở cửa ra / Stop at the exit.,singlePhrase,explore-next,phrase,Dừng ở quầy thông tin,audio-authored-dung-o-quay-thong-tin-bded698234
P1_scenario_phrase,viet-family-vpe-stop-at-place-dung-o-hieu-kinh-thuoc,Dừng ở hiệu kính thuốc / Stop at an optical shop.,singlePhrase,practice-pairs,phrase,Dừng ở khu vực hút thuốc,audio-authored-dung-o-khu-vuc-hut-thuoc-83a74b702e
P1_scenario_phrase,viet-family-vpe-take-me-place-cho-toi-den-bai-dau-xe,Cho tôi đến bãi đậu xe / Please take me to the parking lot.,singlePhrase,practice-pairs,phrase,Cho tôi đến bến phà,audio-authored-cho-toi-den-ben-pha-cdb8b16836
P1_scenario_phrase,viet-family-vpe-take-me-place-cho-toi-den-bai-dau-xe,Cho tôi đến bãi đậu xe / Please take me to the parking lot.,singlePhrase,practice-pairs,phrase,Cho tôi đến điểm bán SIM,audio-authored-cho-toi-den-diem-ban-sim-a09b20cfaa
P1_scenario_phrase,viet-family-vpe-take-me-place-cho-toi-den-bai-dau-xe,Cho tôi đến bãi đậu xe / Please take me to the parking lot.,singlePhrase,practice-pairs,phrase,Cho tôi đến khu ẩm thực,audio-authored-cho-toi-den-khu-am-thuc-b1eb5256b6
P1_scenario_phrase,viet-family-vpe-take-me-place-cho-toi-den-bai-dau-xe,Cho tôi đến bãi đậu xe / Please take me to the parking lot.,singlePhrase,explore-next,phrase,Cho tôi đến trạm xăng,audio-authored-cho-toi-den-tram-xang-c5943ed757
P1_scenario_phrase,viet-family-vpe-take-me-place-cho-toi-den-bai-dau-xe,Cho tôi đến bãi đậu xe / Please take me to the parking lot.,singlePhrase,explore-next,phrase,Cho tôi đến văn phòng du lịch,audio-authored-cho-toi-den-van-phong-du-lich-cf9254a956
P1_scenario_phrase,viet-family-vpe-take-me-place-cho-toi-den-bai-gui-xe-may,Cho tôi đến bãi gửi xe máy / Please take me to motorbike parking.,singlePhrase,practice-pairs,phrase,Cho tôi đến cửa khởi hành,audio-authored-cho-toi-den-cua-khoi-hanh-b4b6d06954
P1_scenario_phrase,viet-family-vpe-take-me-place-cho-toi-den-bai-gui-xe-may,Cho tôi đến bãi gửi xe máy / Please take me to motorbike parking.,singlePhrase,practice-pairs,phrase,Cho tôi đến khu kiểm tra an ninh,audio-authored-cho-toi-den-khu-kiem-tra-an-ninh-72df81c4ce
P1_scenario_phrase,viet-family-vpe-take-me-place-cho-toi-den-bai-gui-xe-may,Cho tôi đến bãi gửi xe máy / Please take me to motorbike parking.,singlePhrase,practice-pairs,phrase,Cho tôi đến phòng cầu nguyện,audio-authored-cho-toi-den-phong-cau-nguyen-34fd5dd3b5
P1_scenario_phrase,viet-family-vpe-take-me-place-cho-toi-den-bai-gui-xe-may,Cho tôi đến bãi gửi xe máy / Please take me to motorbike parking.,singlePhrase,explore-next,phrase,Cho tôi đến quầy hoàn thuế,audio-authored-cho-toi-den-quay-hoan-thue-b7525cd99d
P1_scenario_phrase,viet-family-vpe-take-me-place-cho-toi-den-bai-gui-xe-may,Cho tôi đến bãi gửi xe máy / Please take me to motorbike parking.,singlePhrase,explore-next,phrase,Cho tôi đến trạm y tế,audio-authored-cho-toi-den-tram-y-te-4b4a7a19da
P1_scenario_phrase,viet-family-vpe-take-me-place-cho-toi-den-ben-pha,Cho tôi đến bến phà / Please take me to the ferry pier.,singlePhrase,practice-pairs,phrase,Cho tôi đến cửa hàng điện thoại,audio-authored-cho-toi-den-cua-hang-dien-thoai-ab15186eb1
P1_scenario_phrase,viet-family-vpe-take-me-place-cho-toi-den-ben-pha,Cho tôi đến bến phà / Please take me to the ferry pier.,singlePhrase,practice-pairs,phrase,Cho tôi đến phòng thay đồ,audio-authored-cho-toi-den-phong-thay-do-0821b1d2e9
P1_scenario_phrase,viet-family-vpe-take-me-place-cho-toi-den-ben-pha,Cho tôi đến bến phà / Please take me to the ferry pier.,singlePhrase,explore-next,phrase,Cho tôi đến quầy thanh toán,audio-authored-cho-toi-den-quay-thanh-toan-2da55f87d8
P1_scenario_phrase,viet-family-vpe-take-me-place-cho-toi-den-ben-tau,Cho tôi đến bến tàu / Please take me to the boat pier.,singlePhrase,practice-pairs,phrase,Cho tôi đến lối vào,audio-authored-cho-toi-den-loi-vao-52eea21a10
P1_scenario_phrase,viet-family-vpe-take-me-place-cho-toi-den-ben-tau,Cho tôi đến bến tàu / Please take me to the boat pier.,singlePhrase,explore-next,phrase,Cho tôi đến thang máy,audio-authored-cho-toi-den-thang-may-085f9445b3
P1_scenario_phrase,viet-family-vpe-take-me-place-cho-toi-den-benh-vien,Cho tôi đến bệnh viện / Please take me to the hospital.,singlePhrase,hero,hero,Cho tôi đến bệnh viện,audio-authored-cho-toi-den-benh-vien-3cd44cb8a0
P1_scenario_phrase,viet-family-vpe-take-me-place-cho-toi-den-benh-vien,Cho tôi đến bệnh viện / Please take me to the hospital.,singlePhrase,practice-pairs,phrase,Cho tôi đến chợ,audio-authored-cho-toi-den-cho-011b75e0fe
P1_scenario_phrase,viet-family-vpe-take-me-place-cho-toi-den-benh-vien,Cho tôi đến bệnh viện / Please take me to the hospital.,singlePhrase,practice-pairs,phrase,Cho tôi đến đồn công an,audio-authored-cho-toi-den-don-cong-an-dce603312c
P1_scenario_phrase,viet-family-vpe-take-me-place-cho-toi-den-benh-vien,Cho tôi đến bệnh viện / Please take me to the hospital.,singlePhrase,practice-pairs,phrase,Cho tôi đến khách sạn,audio-authored-cho-toi-den-khach-san-630452f29d
P1_scenario_phrase,viet-family-vpe-take-me-place-cho-toi-den-benh-vien,Cho tôi đến bệnh viện / Please take me to the hospital.,singlePhrase,explore-next,phrase,Cho tôi đến nhà hàng,audio-authored-cho-toi-den-nha-hang-4ef6e6d108
P1_scenario_phrase,viet-family-vpe-take-me-place-cho-toi-den-benh-vien,Cho tôi đến bệnh viện / Please take me to the hospital.,singlePhrase,explore-next,phrase,Cho tôi đến quán cà phê,audio-authored-cho-toi-den-quan-ca-phe-4ff97b2b9e
P1_scenario_phrase,viet-family-vpe-take-me-place-cho-toi-den-cau,Cho tôi đến cầu / Please take me to the bridge.,singlePhrase,hero,hero,Cho tôi đến cầu,audio-authored-cho-toi-den-cau-239a6ef30b
P1_scenario_phrase,viet-family-vpe-take-me-place-cho-toi-den-cau,Cho tôi đến cầu / Please take me to the bridge.,singlePhrase,practice-pairs,phrase,Cho tôi đến công viên,audio-authored-cho-toi-den-cong-vien-4f154ddeae
P1_scenario_phrase,viet-family-vpe-take-me-place-cho-toi-den-cau,Cho tôi đến cầu / Please take me to the bridge.,singlePhrase,practice-pairs,phrase,Cho tôi đến hiệu kính thuốc,audio-authored-cho-toi-den-hieu-kinh-thuoc-a54700ec44
P1_scenario_phrase,viet-family-vpe-take-me-place-cho-toi-den-cau,Cho tôi đến cầu / Please take me to the bridge.,singlePhrase,practice-pairs,phrase,Cho tôi đến hồ,audio-authored-cho-toi-den-ho-8822cea565
P1_scenario_phrase,viet-family-vpe-take-me-place-cho-toi-den-cau,Cho tôi đến cầu / Please take me to the bridge.,singlePhrase,explore-next,phrase,Cho tôi đến sông,audio-authored-cho-toi-den-song-5277ccc89b
P1_scenario_phrase,viet-family-vpe-take-me-place-cho-toi-den-cau,Cho tôi đến cầu / Please take me to the bridge.,singlePhrase,explore-next,phrase,Cho tôi đến tiệm giặt ủi,audio-authored-cho-toi-den-tiem-giat-ui-0907e09251
P1_scenario_phrase,viet-family-vpe-take-me-place-cho-toi-den-cay-nuoc-nong,Cho tôi đến cây nước nóng / Please take me to a hot-water dispenser.,singlePhrase,practice-pairs,phrase,Cho tôi đến điểm hẹn,audio-authored-cho-toi-den-diem-hen-c709d4ef76
P1_scenario_phrase,viet-family-vpe-take-me-place-cho-toi-den-cay-nuoc-nong,Cho tôi đến cây nước nóng / Please take me to a hot-water dispenser.,singlePhrase,practice-pairs,phrase,Cho tôi đến nhà thuốc,audio-authored-cho-toi-den-nha-thuoc-9b900ac771
P1_scenario_phrase,viet-family-vpe-take-me-place-cho-toi-den-cay-nuoc-nong,Cho tôi đến cây nước nóng / Please take me to a hot-water dispenser.,singlePhrase,practice-pairs,phrase,Cho tôi đến nhà vệ sinh,audio-authored-cho-toi-den-nha-ve-sinh-c0edd3015b
P1_scenario_phrase,viet-family-vpe-take-me-place-cho-toi-den-cay-nuoc-nong,Cho tôi đến cây nước nóng / Please take me to a hot-water dispenser.,singlePhrase,explore-next,phrase,Cho tôi đến quầy đặt tour,audio-authored-cho-toi-den-quay-dat-tour-9a31c847e0
P1_scenario_phrase,viet-family-vpe-take-me-place-cho-toi-den-cay-nuoc-nong,Cho tôi đến cây nước nóng / Please take me to a hot-water dispenser.,singlePhrase,explore-next,phrase,Cho tôi đến quầy lễ tân,audio-authored-cho-toi-den-quay-le-tan-65cf5d9867
P1_scenario_phrase,viet-family-vpe-take-me-place-cho-toi-den-cho,Cho tôi đến chợ / Please take me to the market.,singlePhrase,explore-next,phrase,Cho tôi đến siêu thị,audio-authored-cho-toi-den-sieu-thi-301907368d
P1_scenario_phrase,viet-family-vpe-take-me-place-cho-toi-den-cho-dau-taxi,Cho tôi đến chỗ đậu taxi / Please take me to the taxi stand.,singlePhrase,hero,hero,Cho tôi đến chỗ đậu taxi,audio-authored-cho-toi-den-cho-dau-taxi-bf30c04dc9
P1_scenario_phrase,viet-family-vpe-take-me-place-cho-toi-den-cho-gui-hanh-ly,Cho tôi đến chỗ gửi hành lý / Please take me to luggage storage.,singlePhrase,hero,hero,Cho tôi đến chỗ gửi hành lý,audio-authored-cho-toi-den-cho-gui-hanh-ly-391e096d5a
P1_scenario_phrase,viet-family-vpe-take-me-place-cho-toi-den-cho-gui-hanh-ly,Cho tôi đến chỗ gửi hành lý / Please take me to luggage storage.,singlePhrase,explore-next,phrase,Cho tôi đến phòng khám,audio-authored-cho-toi-den-phong-kham-5aec661bef
P1_scenario_phrase,viet-family-vpe-take-me-place-cho-toi-den-cong-len-may-bay,Cho tôi đến cổng lên máy bay / Please take me to the boarding gate.,singlePhrase,practice-pairs,phrase,Cho tôi đến cửa hải quan,audio-authored-cho-toi-den-cua-hai-quan-8a6fc9584f
P1_scenario_phrase,viet-family-vpe-take-me-place-cho-toi-den-cong-len-may-bay,Cho tôi đến cổng lên máy bay / Please take me to the boarding gate.,singlePhrase,explore-next,phrase,Cho tôi đến trạm sạc,audio-authored-cho-toi-den-tram-sac-b531bb22cc
P1_scenario_phrase,viet-family-vpe-take-me-place-cho-toi-den-cua-hang-tien-loi,Cho tôi đến cửa hàng tiện lợi / Please take me to a convenience store.,singlePhrase,hero,hero,Cho tôi đến cửa hàng tiện lợi,audio-authored-cho-toi-den-cua-hang-tien-loi-5f9e028b68
P1_scenario_phrase,viet-family-vpe-take-me-place-cho-toi-den-cua-hang-tien-loi,Cho tôi đến cửa hàng tiện lợi / Please take me to a convenience store.,singlePhrase,practice-pairs,phrase,Cho tôi đến điểm đón xe,audio-authored-cho-toi-den-diem-don-xe-84f8412674
P1_scenario_phrase,viet-family-vpe-take-me-place-cho-toi-den-cua-hang-tien-loi,Cho tôi đến cửa hàng tiện lợi / Please take me to a convenience store.,singlePhrase,explore-next,phrase,Cho tôi đến trạm xe buýt,audio-authored-cho-toi-den-tram-xe-buyt-6444cc1dcb
P1_scenario_phrase,viet-family-vpe-take-me-place-cho-toi-den-cua-khoi-hanh,Cho tôi đến cửa khởi hành / Please take me to the departure door.,singlePhrase,practice-pairs,phrase,Cho tôi đến đường một chiều,audio-authored-cho-toi-den-duong-mot-chieu-9140f73844
P1_scenario_phrase,viet-family-vpe-take-me-place-cho-toi-den-cua-khoi-hanh,Cho tôi đến cửa khởi hành / Please take me to the departure door.,singlePhrase,practice-pairs,phrase,Cho tôi đến hẻm này,audio-authored-cho-toi-den-hem-nay-e529b3e2cf
P1_scenario_phrase,viet-family-vpe-take-me-place-cho-toi-den-cua-khoi-hanh,Cho tôi đến cửa khởi hành / Please take me to the departure door.,singlePhrase,explore-next,phrase,Cho tôi đến ngã tư,audio-authored-cho-toi-den-nga-tu-c9cf6ecef9
P1_scenario_phrase,viet-family-vpe-take-me-place-cho-toi-den-cua-ra,Cho tôi đến cửa ra / Please take me to the exit.,singlePhrase,practice-pairs,phrase,Cho tôi đến quầy đổi tiền,audio-authored-cho-toi-den-quay-doi-tien-a60cb66029
P1_scenario_phrase,viet-family-vpe-take-me-place-cho-toi-den-cua-ra,Cho tôi đến cửa ra / Please take me to the exit.,singlePhrase,explore-next,phrase,Cho tôi đến quầy thông tin,audio-authored-cho-toi-den-quay-thong-tin-76b0d7e88b
P1_scenario_phrase,viet-family-vpe-take-me-place-cho-toi-den-hieu-kinh-thuoc,Cho tôi đến hiệu kính thuốc / Please take me to an optical shop.,singlePhrase,practice-pairs,phrase,Cho tôi đến khu vực hút thuốc,audio-authored-cho-toi-den-khu-vuc-hut-thuoc-794da65a0f
P1_scenario_phrase,viet-family-vpe-where-place-bai-dau-xe-o-dau,bãi đậu xe ở đâu? / Where is the parking lot?,singlePhrase,practice-pairs,phrase,điểm bán SIM ở đâu?,audio-authored-diem-ban-sim-o-dau-8df99fe3fa
P1_scenario_phrase,viet-family-vpe-where-place-bai-dau-xe-o-dau,bãi đậu xe ở đâu? / Where is the parking lot?,singlePhrase,practice-pairs,phrase,khu ẩm thực ở đâu?,audio-authored-khu-am-thuc-o-dau-c23b0eeaad
P1_scenario_phrase,viet-family-vpe-where-place-bai-dau-xe-o-dau,bãi đậu xe ở đâu? / Where is the parking lot?,singlePhrase,explore-next,phrase,trạm xăng ở đâu?,audio-authored-tram-xang-o-dau-4b2e349107
P1_scenario_phrase,viet-family-vpe-where-place-bai-dau-xe-o-dau,bãi đậu xe ở đâu? / Where is the parking lot?,singlePhrase,explore-next,phrase,văn phòng du lịch ở đâu?,audio-authored-van-phong-du-lich-o-dau-383555f6d7
P1_scenario_phrase,viet-family-vpe-where-place-bai-gui-xe-may-o-dau,bãi gửi xe máy ở đâu? / Where is motorbike parking?,singlePhrase,practice-pairs,phrase,cửa khởi hành ở đâu?,audio-authored-cua-khoi-hanh-o-dau-05ee84280c
P1_scenario_phrase,viet-family-vpe-where-place-bai-gui-xe-may-o-dau,bãi gửi xe máy ở đâu? / Where is motorbike parking?,singlePhrase,practice-pairs,phrase,khu kiểm tra an ninh ở đâu?,audio-authored-khu-kiem-tra-an-ninh-o-dau-4c1a284ce8
P1_scenario_phrase,viet-family-vpe-where-place-bai-gui-xe-may-o-dau,bãi gửi xe máy ở đâu? / Where is motorbike parking?,singlePhrase,practice-pairs,phrase,phòng cầu nguyện ở đâu?,audio-authored-phong-cau-nguyen-o-dau-9d81d91c67
P1_scenario_phrase,viet-family-vpe-where-place-bai-gui-xe-may-o-dau,bãi gửi xe máy ở đâu? / Where is motorbike parking?,singlePhrase,explore-next,phrase,quầy hoàn thuế ở đâu?,audio-authored-quay-hoan-thue-o-dau-45cf4d64bd
P1_scenario_phrase,viet-family-vpe-where-place-bai-gui-xe-may-o-dau,bãi gửi xe máy ở đâu? / Where is motorbike parking?,singlePhrase,explore-next,phrase,trạm y tế ở đâu?,audio-authored-tram-y-te-o-dau-347967c52c
P1_scenario_phrase,viet-family-vpe-where-place-ben-pha-o-dau,bến phà ở đâu? / Where is the ferry pier?,singlePhrase,practice-pairs,phrase,cửa hàng điện thoại ở đâu?,audio-authored-cua-hang-dien-thoai-o-dau-8b89b39da2
P1_scenario_phrase,viet-family-vpe-where-place-ben-pha-o-dau,bến phà ở đâu? / Where is the ferry pier?,singlePhrase,practice-pairs,phrase,phòng thay đồ ở đâu?,audio-authored-phong-thay-do-o-dau-4ab788956d
P1_scenario_phrase,viet-family-vpe-where-place-ben-pha-o-dau,bến phà ở đâu? / Where is the ferry pier?,singlePhrase,explore-next,phrase,quầy thanh toán ở đâu?,audio-authored-quay-thanh-toan-o-dau-dae6912781
P1_scenario_phrase,viet-family-vpe-where-place-ben-tau-o-dau,bến tàu ở đâu? / Where is the boat pier?,singlePhrase,hero,hero,bến tàu ở đâu?,audio-authored-ben-tau-o-dau-ed68346b23
P1_scenario_phrase,viet-family-vpe-where-place-ben-tau-o-dau,bến tàu ở đâu? / Where is the boat pier?,singlePhrase,practice-pairs,phrase,cửa ra ở đâu?,audio-authored-cua-ra-o-dau-405fd984bb
P1_scenario_phrase,viet-family-vpe-where-place-ben-tau-o-dau,bến tàu ở đâu? / Where is the boat pier?,singlePhrase,practice-pairs,phrase,ga tàu ở đâu?,audio-authored-ga-tau-o-dau-c2dc251d81
P1_scenario_phrase,viet-family-vpe-where-place-ben-tau-o-dau,bến tàu ở đâu? / Where is the boat pier?,singlePhrase,practice-pairs,phrase,quầy đổi tiền ở đâu?,audio-authored-quay-doi-tien-o-dau-607f2d3f0c
P1_scenario_phrase,viet-family-vpe-where-place-ben-tau-o-dau,bến tàu ở đâu? / Where is the boat pier?,singlePhrase,explore-next,phrase,quầy thông tin ở đâu?,audio-authored-quay-thong-tin-o-dau-2088f02020
P1_scenario_phrase,viet-family-vpe-where-place-ben-tau-o-dau,bến tàu ở đâu? / Where is the boat pier?,singlePhrase,explore-next,phrase,sân bay ở đâu?,audio-authored-san-bay-o-dau-2a5de35d1b
P1_scenario_phrase,viet-family-vpe-where-place-ben-xe-o-dau,bến xe ở đâu? / Where is the bus station?,singlePhrase,hero,hero,bến xe ở đâu?,audio-authored-ben-xe-o-dau-f46c18d694
P1_scenario_phrase,viet-family-vpe-where-place-benh-vien-o-dau,bệnh viện ở đâu? / Where is the hospital?,singlePhrase,hero,hero,bệnh viện ở đâu?,audio-authored-benh-vien-o-dau-ee67113654
P1_scenario_phrase,viet-family-vpe-where-place-benh-vien-o-dau,bệnh viện ở đâu? / Where is the hospital?,singlePhrase,practice-pairs,phrase,chợ ở đâu?,audio-authored-cho-o-dau-c562754e03
P1_scenario_phrase,viet-family-vpe-where-place-benh-vien-o-dau,bệnh viện ở đâu? / Where is the hospital?,singlePhrase,practice-pairs,phrase,đồn công an ở đâu?,audio-authored-don-cong-an-o-dau-19500dccb8
P1_scenario_phrase,viet-family-vpe-where-place-benh-vien-o-dau,bệnh viện ở đâu? / Where is the hospital?,singlePhrase,practice-pairs,phrase,khách sạn ở đâu?,audio-authored-khach-san-o-dau-2c615620d7
P1_scenario_phrase,viet-family-vpe-where-place-benh-vien-o-dau,bệnh viện ở đâu? / Where is the hospital?,singlePhrase,explore-next,phrase,nhà hàng ở đâu?,audio-authored-nha-hang-o-dau-33f6e12077
P1_scenario_phrase,viet-family-vpe-where-place-benh-vien-o-dau,bệnh viện ở đâu? / Where is the hospital?,singlePhrase,explore-next,phrase,quán cà phê ở đâu?,audio-authored-quan-ca-phe-o-dau-4ccd40d886
P1_scenario_phrase,viet-family-vpe-where-place-cay-nuoc-nong-o-dau,cây nước nóng ở đâu? / Where is a hot-water dispenser?,singlePhrase,practice-pairs,phrase,điểm hẹn ở đâu?,audio-authored-diem-hen-o-dau-77cb5845e2
P1_scenario_phrase,viet-family-vpe-where-place-cay-nuoc-nong-o-dau,cây nước nóng ở đâu? / Where is a hot-water dispenser?,singlePhrase,explore-next,phrase,quầy đặt tour ở đâu?,audio-authored-quay-dat-tour-o-dau-853664bdc0
P1_scenario_phrase,viet-family-vpe-where-place-cay-nuoc-nong-o-dau,cây nước nóng ở đâu? / Where is a hot-water dispenser?,singlePhrase,explore-next,phrase,quầy lễ tân ở đâu?,audio-authored-quay-le-tan-o-dau-33f760e2ad
P1_scenario_phrase,viet-family-vpe-where-place-cho-dau-taxi-o-dau,chỗ đậu taxi ở đâu? / Where is the taxi stand?,singlePhrase,hero,hero,chỗ đậu taxi ở đâu?,audio-authored-cho-dau-taxi-o-dau-5c18116f6c
P1_scenario_phrase,viet-family-vpe-where-place-cho-gui-hanh-ly-o-dau,chỗ gửi hành lý ở đâu? / Where is luggage storage?,singlePhrase,hero,hero,chỗ gửi hành lý ở đâu?,audio-authored-cho-gui-hanh-ly-o-dau-c1266da72d
P1_scenario_phrase,viet-family-vpe-where-place-cho-gui-hanh-ly-o-dau,chỗ gửi hành lý ở đâu? / Where is luggage storage?,singlePhrase,explore-next,phrase,phòng khám ở đâu?,audio-authored-phong-kham-o-dau-d9b1c2f28b
P1_scenario_phrase,viet-family-vpe-where-place-cho-o-dau,chợ ở đâu? / Where is the market?,singlePhrase,explore-next,phrase,siêu thị ở đâu?,audio-authored-sieu-thi-o-dau-bb5e85e9c9
P1_scenario_phrase,viet-family-vpe-where-place-cong-len-may-bay-o-dau,cổng lên máy bay ở đâu? / Where is the boarding gate?,singlePhrase,practice-pairs,phrase,cửa hải quan ở đâu?,audio-authored-cua-hai-quan-o-dau-05fd85cfce
P1_scenario_phrase,viet-family-vpe-where-place-cong-len-may-bay-o-dau,cổng lên máy bay ở đâu? / Where is the boarding gate?,singlePhrase,explore-next,phrase,trạm sạc ở đâu?,audio-authored-tram-sac-o-dau-5a1c20b2df
P1_scenario_phrase,viet-family-vpe-where-place-cua-hang-tien-loi-o-dau,cửa hàng tiện lợi ở đâu? / Where is a convenience store?,singlePhrase,hero,hero,cửa hàng tiện lợi ở đâu?,audio-authored-cua-hang-tien-loi-o-dau-3aed52882d
P1_scenario_phrase,viet-family-vpe-where-place-cua-hang-tien-loi-o-dau,cửa hàng tiện lợi ở đâu? / Where is a convenience store?,singlePhrase,practice-pairs,phrase,điểm đón xe ở đâu?,audio-authored-diem-don-xe-o-dau-cadb72c43c
P1_scenario_phrase,viet-family-vpe-where-place-cua-khoi-hanh-o-dau,cửa khởi hành ở đâu? / Where is the departure door?,singlePhrase,practice-pairs,phrase,đường một chiều ở đâu?,audio-authored-duong-mot-chieu-o-dau-fedd3647a9
P1_scenario_phrase,viet-family-vpe-where-place-cua-khoi-hanh-o-dau,cửa khởi hành ở đâu? / Where is the departure door?,singlePhrase,practice-pairs,phrase,hẻm này ở đâu?,audio-authored-hem-nay-o-dau-ed51585869
P1_scenario_phrase,viet-family-vpe-where-place-cua-khoi-hanh-o-dau,cửa khởi hành ở đâu? / Where is the departure door?,singlePhrase,explore-next,phrase,ngã tư ở đâu?,audio-authored-nga-tu-o-dau-add0feeaa4
P2_planned_audio,viet-family-city-danang-atm-airport,Có ATM gần Sân bay Đà Nẵng không? / Is there an ATM near Da Nang Airport?,cityPhrase,hero,hero,Có ATM gần Sân bay Đà Nẵng không?,audio-authored-co-atm-gan-san-bay-da-nang-khong-9301cc7d17
P2_planned_audio,viet-family-city-danang-atm-airport,Có ATM gần Sân bay Đà Nẵng không? / Is there an ATM near Da Nang Airport?,cityPhrase,explore-next,phrase,Sân bay Đà Nẵng,audio-authored-san-bay-da-nang-152a0e4b10
P2_planned_audio,viet-family-city-danang-atm-airport,Có ATM gần Sân bay Đà Nẵng không? / Is there an ATM near Da Nang Airport?,cityPhrase,explore-next,phrase,Đi Sân bay Đà Nẵng,audio-authored-di-san-bay-da-nang-4803017169
P2_planned_audio,viet-family-city-danang-atm-airport,Có ATM gần Sân bay Đà Nẵng không? / Is there an ATM near Da Nang Airport?,cityPhrase,explore-next,phrase,Dừng ở Sân bay Đà Nẵng,audio-authored-dung-o-san-bay-da-nang-052c34e81c
P2_planned_audio,viet-family-city-danang-atm-airport,Có ATM gần Sân bay Đà Nẵng không? / Is there an ATM near Da Nang Airport?,cityPhrase,explore-next,phrase,Cho tôi đến sân bay Đà Nẵng,audio-authored-cho-toi-den-san-bay-da-nang-baa254e3cb
P2_planned_audio,viet-family-city-danang-atm-airport,Có ATM gần Sân bay Đà Nẵng không? / Is there an ATM near Da Nang Airport?,cityPhrase,explore-next,phrase,Sân bay Đà Nẵng ở đâu?,audio-authored-san-bay-da-nang-o-dau-89d67fa1db
P2_planned_audio,viet-family-city-danang-atm-apec-park,Có ATM gần Công viên APEC không? / Is there an ATM near APEC Park?,cityPhrase,hero,hero,Có ATM gần Công viên APEC không?,audio-authored-co-atm-gan-cong-vien-apec-khong-75ec6cc39d
P2_planned_audio,viet-family-city-danang-atm-apec-park,Có ATM gần Công viên APEC không? / Is there an ATM near APEC Park?,cityPhrase,explore-next,phrase,Công viên APEC,audio-authored-cong-vien-apec-00b5ce7ccb
P2_planned_audio,viet-family-city-danang-atm-apec-park,Có ATM gần Công viên APEC không? / Is there an ATM near APEC Park?,cityPhrase,explore-next,phrase,Ăn gần Công viên APEC,audio-authored-an-gan-cong-vien-apec-b302eb9c8c
P2_planned_audio,viet-family-city-danang-atm-apec-park,Có ATM gần Công viên APEC không? / Is there an ATM near APEC Park?,cityPhrase,explore-next,phrase,Đi Công viên APEC,audio-authored-di-cong-vien-apec-fb1e217de8
P2_planned_audio,viet-family-city-danang-atm-apec-park,Có ATM gần Công viên APEC không? / Is there an ATM near APEC Park?,cityPhrase,explore-next,phrase,Dừng ở Công viên APEC,audio-authored-dung-o-cong-vien-apec-1882f915fc
P2_planned_audio,viet-family-city-danang-atm-apec-park,Có ATM gần Công viên APEC không? / Is there an ATM near APEC Park?,cityPhrase,explore-next,phrase,Công viên APEC ở đâu?,audio-authored-cong-vien-apec-o-dau-8e1a0b5ad1
P2_planned_audio,viet-family-city-danang-atm-asia-park,Có ATM gần Công viên Châu Á không? / Is there an ATM near Asia Park?,cityPhrase,hero,hero,Có ATM gần Công viên Châu Á không?,audio-authored-co-atm-gan-cong-vien-chau-a-khong-44ede8c1ba
P2_planned_audio,viet-family-city-danang-atm-asia-park,Có ATM gần Công viên Châu Á không? / Is there an ATM near Asia Park?,cityPhrase,explore-next,phrase,Công viên Châu Á,audio-authored-cong-vien-chau-a-a60c17b24c
P2_planned_audio,viet-family-city-danang-atm-asia-park,Có ATM gần Công viên Châu Á không? / Is there an ATM near Asia Park?,cityPhrase,explore-next,phrase,Ăn gần Công viên Châu Á,audio-authored-an-gan-cong-vien-chau-a-ef1573a566
P2_planned_audio,viet-family-city-danang-atm-asia-park,Có ATM gần Công viên Châu Á không? / Is there an ATM near Asia Park?,cityPhrase,explore-next,phrase,Đi Công viên Châu Á,audio-authored-di-cong-vien-chau-a-6c00a6b5ed
P2_planned_audio,viet-family-city-danang-atm-asia-park,Có ATM gần Công viên Châu Á không? / Is there an ATM near Asia Park?,cityPhrase,explore-next,phrase,Dừng ở Công viên Châu Á,audio-authored-dung-o-cong-vien-chau-a-a9bab4c71d
P2_planned_audio,viet-family-city-danang-atm-asia-park,Có ATM gần Công viên Châu Á không? / Is there an ATM near Asia Park?,cityPhrase,explore-next,phrase,Công viên Châu Á ở đâu?,audio-authored-cong-vien-chau-a-o-dau-ce4780fe51
P2_planned_audio,viet-family-city-danang-atm-ban-co-peak,Có ATM gần Đỉnh Bàn Cờ không? / Is there an ATM near Ban Co Peak?,cityPhrase,hero,hero,Có ATM gần Đỉnh Bàn Cờ không?,audio-authored-co-atm-gan-dinh-ban-co-khong-5665f47aca
P2_planned_audio,viet-family-city-danang-atm-ban-co-peak,Có ATM gần Đỉnh Bàn Cờ không? / Is there an ATM near Ban Co Peak?,cityPhrase,explore-next,phrase,Đỉnh Bàn Cờ,audio-authored-dinh-ban-co-f4170cb874
P2_planned_audio,viet-family-city-danang-atm-ban-co-peak,Có ATM gần Đỉnh Bàn Cờ không? / Is there an ATM near Ban Co Peak?,cityPhrase,explore-next,phrase,Ăn gần Đỉnh Bàn Cờ,audio-authored-an-gan-dinh-ban-co-8473201bb6
P2_planned_audio,viet-family-city-danang-atm-ban-co-peak,Có ATM gần Đỉnh Bàn Cờ không? / Is there an ATM near Ban Co Peak?,cityPhrase,explore-next,phrase,Đi Đỉnh Bàn Cờ,audio-authored-di-dinh-ban-co-5643033533
P2_planned_audio,viet-family-city-danang-atm-ban-co-peak,Có ATM gần Đỉnh Bàn Cờ không? / Is there an ATM near Ban Co Peak?,cityPhrase,explore-next,phrase,Dừng ở Đỉnh Bàn Cờ,audio-authored-dung-o-dinh-ban-co-7353790cff
P2_planned_audio,viet-family-city-danang-atm-ban-co-peak,Có ATM gần Đỉnh Bàn Cờ không? / Is there an ATM near Ban Co Peak?,cityPhrase,explore-next,phrase,Đỉnh Bàn Cờ ở đâu?,audio-authored-dinh-ban-co-o-dau-4baeef3983
P2_planned_audio,viet-family-city-danang-atm-cathedral,Có ATM gần Nhà thờ Con Gà Đà Nẵng không? / Is there an ATM near Da Nang Cathedral?,cityPhrase,hero,hero,Có ATM gần Nhà thờ Con Gà Đà Nẵng không?,audio-authored-co-atm-gan-nha-tho-con-ga-da-nang-khong-3d925d87a9
P2_planned_audio,viet-family-city-danang-atm-cathedral,Có ATM gần Nhà thờ Con Gà Đà Nẵng không? / Is there an ATM near Da Nang Cathedral?,cityPhrase,explore-next,phrase,Nhà thờ Con Gà Đà Nẵng,audio-authored-nha-tho-con-ga-da-nang-d73e3f6db2
P2_planned_audio,viet-family-city-danang-atm-cathedral,Có ATM gần Nhà thờ Con Gà Đà Nẵng không? / Is there an ATM near Da Nang Cathedral?,cityPhrase,explore-next,phrase,Ăn gần Nhà thờ Con Gà Đà Nẵng,audio-authored-an-gan-nha-tho-con-ga-da-nang-63d903edc2
P2_planned_audio,viet-family-city-danang-atm-cathedral,Có ATM gần Nhà thờ Con Gà Đà Nẵng không? / Is there an ATM near Da Nang Cathedral?,cityPhrase,explore-next,phrase,Đi Nhà thờ Con Gà Đà Nẵng,audio-authored-di-nha-tho-con-ga-da-nang-ca6ee116e3
P2_planned_audio,viet-family-city-danang-atm-cathedral,Có ATM gần Nhà thờ Con Gà Đà Nẵng không? / Is there an ATM near Da Nang Cathedral?,cityPhrase,explore-next,phrase,Dừng ở Nhà thờ Con Gà Đà Nẵng,audio-authored-dung-o-nha-tho-con-ga-da-nang-fb2915ee93
P2_planned_audio,viet-family-city-danang-atm-cathedral,Có ATM gần Nhà thờ Con Gà Đà Nẵng không? / Is there an ATM near Da Nang Cathedral?,cityPhrase,explore-next,phrase,Nhà thờ Con Gà Đà Nẵng ở đâu?,audio-authored-nha-tho-con-ga-da-nang-o-dau-314fb39d16
P2_planned_audio,viet-family-city-danang-atm-cham-museum,Có ATM gần Bảo tàng Điêu khắc Chăm không? / Is there an ATM near Museum of Cham Sculpture?,cityPhrase,hero,hero,Có ATM gần Bảo tàng Điêu khắc Chăm không?,audio-authored-co-atm-gan-bao-tang-dieu-khac-cham-khong-e0707560f7
P2_planned_audio,viet-family-city-danang-atm-cham-museum,Có ATM gần Bảo tàng Điêu khắc Chăm không? / Is there an ATM near Museum of Cham Sculpture?,cityPhrase,explore-next,phrase,Bảo tàng Điêu khắc Chăm,audio-authored-bao-tang-dieu-khac-cham-9a8b3b4f01
P2_planned_audio,viet-family-city-danang-atm-cham-museum,Có ATM gần Bảo tàng Điêu khắc Chăm không? / Is there an ATM near Museum of Cham Sculpture?,cityPhrase,explore-next,phrase,Ăn gần Bảo tàng Điêu khắc Chăm,audio-authored-an-gan-bao-tang-dieu-khac-cham-78ca39b439
P2_planned_audio,viet-family-city-danang-atm-cham-museum,Có ATM gần Bảo tàng Điêu khắc Chăm không? / Is there an ATM near Museum of Cham Sculpture?,cityPhrase,explore-next,phrase,Đi Bảo tàng Điêu khắc Chăm,audio-authored-di-bao-tang-dieu-khac-cham-cc6b89a2a9
P2_planned_audio,viet-family-city-danang-atm-cham-museum,Có ATM gần Bảo tàng Điêu khắc Chăm không? / Is there an ATM near Museum of Cham Sculpture?,cityPhrase,explore-next,phrase,Dừng ở Bảo tàng Điêu khắc Chăm,audio-authored-dung-o-bao-tang-dieu-khac-cham-747349b164
P2_planned_audio,viet-family-city-danang-atm-cham-museum,Có ATM gần Bảo tàng Điêu khắc Chăm không? / Is there an ATM near Museum of Cham Sculpture?,cityPhrase,explore-next,phrase,Bảo tàng Điêu khắc Chăm ở đâu?,audio-authored-bao-tang-dieu-khac-cham-o-dau-0d885872df
P2_planned_audio,viet-family-city-danang-atm-con-market,Có ATM gần Chợ Cồn không? / Is there an ATM near Con Market?,cityPhrase,hero,hero,Có ATM gần Chợ Cồn không?,audio-authored-co-atm-gan-cho-con-khong-aed6486639
P2_planned_audio,viet-family-city-danang-atm-con-market,Có ATM gần Chợ Cồn không? / Is there an ATM near Con Market?,cityPhrase,explore-next,phrase,Chợ Cồn,audio-authored-cho-con-7a0aea6c64
P2_planned_audio,viet-family-city-danang-atm-con-market,Có ATM gần Chợ Cồn không? / Is there an ATM near Con Market?,cityPhrase,explore-next,phrase,Ăn gần Chợ Cồn,audio-authored-an-gan-cho-con-f1db95e14e
P2_planned_audio,viet-family-city-danang-atm-con-market,Có ATM gần Chợ Cồn không? / Is there an ATM near Con Market?,cityPhrase,explore-next,phrase,Đi Chợ Cồn,audio-authored-di-cho-con-da078e5102
P2_planned_audio,viet-family-city-danang-atm-con-market,Có ATM gần Chợ Cồn không? / Is there an ATM near Con Market?,cityPhrase,explore-next,phrase,Chợ Cồn gần đây không?,audio-authored-cho-con-gan-day-khong-6ab9d018b6
P2_planned_audio,viet-family-city-danang-atm-con-market,Có ATM gần Chợ Cồn không? / Is there an ATM near Con Market?,cityPhrase,explore-next,phrase,Dừng ở Chợ Cồn,audio-authored-dung-o-cho-con-a8822d2df7
P2_planned_audio,viet-family-city-danang-atm-golden-bridge,Có ATM gần Cầu Vàng không? / Is there an ATM near Golden Bridge?,cityPhrase,hero,hero,Có ATM gần Cầu Vàng không?,audio-authored-co-atm-gan-cau-vang-khong-92ee933a71
P2_planned_audio,viet-family-city-danang-atm-golden-bridge,Có ATM gần Cầu Vàng không? / Is there an ATM near Golden Bridge?,cityPhrase,explore-next,phrase,Cầu Vàng,audio-authored-cau-vang-2c608d285a
P2_planned_audio,viet-family-city-danang-atm-golden-bridge,Có ATM gần Cầu Vàng không? / Is there an ATM near Golden Bridge?,cityPhrase,explore-next,phrase,Ăn gần Cầu Vàng,audio-authored-an-gan-cau-vang-96507e2240
P2_planned_audio,viet-family-city-danang-atm-golden-bridge,Có ATM gần Cầu Vàng không? / Is there an ATM near Golden Bridge?,cityPhrase,explore-next,phrase,Đi Cầu Vàng,audio-authored-di-cau-vang-95c185d3ea
P2_planned_audio,viet-family-city-danang-atm-golden-bridge,Có ATM gần Cầu Vàng không? / Is there an ATM near Golden Bridge?,cityPhrase,explore-next,phrase,Dừng ở Cầu Vàng,audio-authored-dung-o-cau-vang-b204206ddb
P2_planned_audio,viet-family-city-danang-atm-golden-bridge,Có ATM gần Cầu Vàng không? / Is there an ATM near Golden Bridge?,cityPhrase,explore-next,phrase,Cầu Vàng ở đâu?,audio-authored-cau-vang-o-dau-009dcb6833
P2_planned_audio,viet-family-city-danang-atm-han-market,Có ATM gần Chợ Hàn không? / Is there an ATM near Han Market?,cityPhrase,hero,hero,Có ATM gần Chợ Hàn không?,audio-authored-co-atm-gan-cho-han-khong-07ed3b0e95
P2_planned_audio,viet-family-city-danang-atm-han-market,Có ATM gần Chợ Hàn không? / Is there an ATM near Han Market?,cityPhrase,explore-next,phrase,Chợ Hàn,audio-authored-cho-han-f68fe61ccf
P2_planned_audio,viet-family-city-danang-atm-han-market,Có ATM gần Chợ Hàn không? / Is there an ATM near Han Market?,cityPhrase,explore-next,phrase,Ăn gần Chợ Hàn,audio-authored-an-gan-cho-han-877a7ad8a8
P2_planned_audio,viet-family-city-danang-atm-han-market,Có ATM gần Chợ Hàn không? / Is there an ATM near Han Market?,cityPhrase,explore-next,phrase,Đi Chợ Hàn,audio-authored-di-cho-han-3c8e11365c
P2_planned_audio,viet-family-city-danang-atm-han-market,Có ATM gần Chợ Hàn không? / Is there an ATM near Han Market?,cityPhrase,explore-next,phrase,Chợ Hàn gần đây không?,audio-authored-cho-han-gan-day-khong-193b6b52c0
P2_planned_audio,viet-family-city-danang-atm-han-market,Có ATM gần Chợ Hàn không? / Is there an ATM near Han Market?,cityPhrase,explore-next,phrase,Có nhà thuốc gần chợ Hàn không?,audio-authored-co-nha-thuoc-gan-cho-han-khong-ff450fcc4c
P2_planned_audio,viet-family-city-danang-atm-han-river,Có ATM gần Sông Hàn không? / Is there an ATM near Han River?,cityPhrase,hero,hero,Có ATM gần Sông Hàn không?,audio-authored-co-atm-gan-song-han-khong-8186d0c6d2
P2_planned_audio,viet-family-city-danang-atm-han-river,Có ATM gần Sông Hàn không? / Is there an ATM near Han River?,cityPhrase,explore-next,phrase,Sông Hàn,audio-authored-song-han-0c389f11af
P2_planned_audio,viet-family-city-danang-atm-han-river,Có ATM gần Sông Hàn không? / Is there an ATM near Han River?,cityPhrase,explore-next,phrase,Ăn gần Sông Hàn,audio-authored-an-gan-song-han-b25ee72aa9
P2_planned_audio,viet-family-city-danang-atm-han-river,Có ATM gần Sông Hàn không? / Is there an ATM near Han River?,cityPhrase,explore-next,phrase,Đi Sông Hàn,audio-authored-di-song-han-5b90df46db
P2_planned_audio,viet-family-city-danang-atm-han-river,Có ATM gần Sông Hàn không? / Is there an ATM near Han River?,cityPhrase,explore-next,phrase,Đi bờ sông Hàn,audio-authored-di-bo-song-han-12d7542d64
P2_planned_audio,viet-family-city-danang-atm-han-river,Có ATM gần Sông Hàn không? / Is there an ATM near Han River?,cityPhrase,explore-next,phrase,Dừng ở Sông Hàn,audio-authored-dung-o-song-han-3e3fd35208
P2_planned_audio,viet-family-city-danang-atm-helio-night-market,Có ATM gần Chợ đêm Helio không? / Is there an ATM near Helio Night Market?,cityPhrase,hero,hero,Có ATM gần Chợ đêm Helio không?,audio-authored-co-atm-gan-cho-dem-helio-khong-57364c1140
P2_planned_audio,viet-family-city-danang-atm-helio-night-market,Có ATM gần Chợ đêm Helio không? / Is there an ATM near Helio Night Market?,cityPhrase,explore-next,phrase,Chợ đêm Helio,audio-authored-cho-dem-helio-2cb101a5fa
P2_planned_audio,viet-family-city-danang-atm-helio-night-market,Có ATM gần Chợ đêm Helio không? / Is there an ATM near Helio Night Market?,cityPhrase,explore-next,phrase,Đi Chợ đêm Helio,audio-authored-di-cho-dem-helio-24a04cae21
P2_planned_audio,viet-family-city-danang-atm-helio-night-market,Có ATM gần Chợ đêm Helio không? / Is there an ATM near Helio Night Market?,cityPhrase,explore-next,phrase,Chợ đêm Helio gần đây không?,audio-authored-cho-dem-helio-gan-day-khong-6c5f1b7183
P2_planned_audio,viet-family-city-danang-atm-helio-night-market,Có ATM gần Chợ đêm Helio không? / Is there an ATM near Helio Night Market?,cityPhrase,explore-next,phrase,Dừng ở Chợ đêm Helio,audio-authored-dung-o-cho-dem-helio-824082d204
P2_planned_audio,viet-family-city-danang-atm-helio-night-market,Có ATM gần Chợ đêm Helio không? / Is there an ATM near Helio Night Market?,cityPhrase,explore-next,phrase,Chợ đêm Helio ở đâu?,audio-authored-cho-dem-helio-o-dau-3f13677043
P2_planned_audio,viet-family-city-danang-get-off-my-khe,Cho tôi xuống ở biển Mỹ Khê / Let me get off at My Khe Beach,cityPhrase,hero,hero,Cho tôi xuống ở biển Mỹ Khê,audio-authored-cho-toi-xuong-o-bien-my-khe-52e6403861
P2_planned_audio,viet-family-city-danang-get-off-my-khe,Cho tôi xuống ở biển Mỹ Khê / Let me get off at My Khe Beach,cityPhrase,explore-next,phrase,Biển Mỹ Khê,audio-authored-bien-my-khe-cc07e59f70
P2_planned_audio,viet-family-city-danang-get-off-my-khe,Cho tôi xuống ở biển Mỹ Khê / Let me get off at My Khe Beach,cityPhrase,explore-next,phrase,Đi biển Mỹ Khê,audio-authored-di-bien-my-khe-416b2fc6d4
P2_planned_audio,viet-family-city-danang-get-off-my-khe,Cho tôi xuống ở biển Mỹ Khê / Let me get off at My Khe Beach,cityPhrase,explore-next,phrase,Biển Mỹ Khê gần đây không?,audio-authored-bien-my-khe-gan-day-khong-1a654bbf1a
P2_planned_audio,viet-family-city-danang-get-off-my-khe,Cho tôi xuống ở biển Mỹ Khê / Let me get off at My Khe Beach,cityPhrase,explore-next,phrase,Tôi muốn ăn hải sản ở biển Mỹ Khê,audio-authored-toi-muon-an-hai-san-o-bien-my-khe-60c0844f50
P2_planned_audio,viet-family-city-danang-get-off-my-khe,Cho tôi xuống ở biển Mỹ Khê / Let me get off at My Khe Beach,cityPhrase,explore-next,phrase,Dừng ở Biển Mỹ Khê,audio-authored-dung-o-bien-my-khe-a24f76b1a9
P2_planned_audio,viet-family-city-danang-go-love-bridge,Đi Cầu Tình Yêu / Go to Love Bridge,cityPhrase,hero,hero,Đi Cầu Tình Yêu,audio-authored-di-cau-tinh-yeu-b2b30ff532
P2_planned_audio,viet-family-city-danang-go-love-bridge,Đi Cầu Tình Yêu / Go to Love Bridge,cityPhrase,explore-next,phrase,Cầu Tình Yêu,audio-authored-cau-tinh-yeu-dae5912687
P2_planned_audio,viet-family-city-danang-go-love-bridge,Đi Cầu Tình Yêu / Go to Love Bridge,cityPhrase,explore-next,phrase,Dừng ở Cầu Tình Yêu,audio-authored-dung-o-cau-tinh-yeu-85bdca9f7a
P2_planned_audio,viet-family-city-danang-go-love-bridge,Đi Cầu Tình Yêu / Go to Love Bridge,cityPhrase,explore-next,phrase,Cầu Tình Yêu ở đâu?,audio-authored-cau-tinh-yeu-o-dau-18267e6d25
P2_planned_audio,viet-family-city-danang-go-man-thai-beach,Đi Biển Mân Thái / Go to Man Thai Beach,cityPhrase,hero,hero,Đi Biển Mân Thái,audio-authored-di-bien-man-thai-70756346a8
P2_planned_audio,viet-family-city-danang-go-man-thai-beach,Đi Biển Mân Thái / Go to Man Thai Beach,cityPhrase,explore-next,phrase,Biển Mân Thái,audio-authored-bien-man-thai-397d136a26
P2_planned_audio,viet-family-city-danang-go-man-thai-beach,Đi Biển Mân Thái / Go to Man Thai Beach,cityPhrase,explore-next,phrase,Dừng ở Biển Mân Thái,audio-authored-dung-o-bien-man-thai-b4e8ca1ada
P2_planned_audio,viet-family-city-danang-go-man-thai-beach,Đi Biển Mân Thái / Go to Man Thai Beach,cityPhrase,explore-next,phrase,Biển Mân Thái ở đâu?,audio-authored-bien-man-thai-o-dau-90bc2fbab1
P2_planned_audio,viet-family-city-danang-go-nam-o-reef,Đi Rạn Nam Ô / Go to Nam O Reef,cityPhrase,hero,hero,Đi Rạn Nam Ô,audio-authored-di-ran-nam-o-8d018d624f
P2_planned_audio,viet-family-city-danang-go-nam-o-reef,Đi Rạn Nam Ô / Go to Nam O Reef,cityPhrase,explore-next,phrase,Rạn Nam Ô,audio-authored-ran-nam-o-f3cbae8893
P2_planned_audio,viet-family-city-danang-go-nam-o-reef,Đi Rạn Nam Ô / Go to Nam O Reef,cityPhrase,explore-next,phrase,Dừng ở Rạn Nam Ô,audio-authored-dung-o-ran-nam-o-40e78f4f19
P2_planned_audio,viet-family-city-danang-go-nen,Đi Nén Đà Nẵng / Go to Nen Da Nang,cityPhrase,hero,hero,Đi Nén Đà Nẵng,audio-authored-di-nen-da-nang-0b458624c8
P2_planned_audio,viet-family-city-danang-go-nen,Đi Nén Đà Nẵng / Go to Nen Da Nang,cityPhrase,explore-next,phrase,Nén Đà Nẵng,audio-authored-nen-da-nang-762c6e4180
P2_planned_audio,viet-family-city-danang-go-nen,Đi Nén Đà Nẵng / Go to Nen Da Nang,cityPhrase,explore-next,phrase,Tôi có đặt bàn ở Nén Đà Nẵng,audio-authored-toi-co-dat-ban-o-nen-da-nang-fd3465f873
P2_planned_audio,viet-family-city-danang-go-nen,Đi Nén Đà Nẵng / Go to Nen Da Nang,cityPhrase,explore-next,phrase,Dừng ở Nén Đà Nẵng,audio-authored-dung-o-nen-da-nang-a8bde66025
P2_planned_audio,viet-family-city-danang-go-nen,Đi Nén Đà Nẵng / Go to Nen Da Nang,cityPhrase,explore-next,phrase,Nhà hàng Nén Đà Nẵng ở đâu?,audio-authored-nha-hang-nen-da-nang-o-dau-d7632fcda8
P2_planned_audio,viet-family-city-danang-go-non-nuoc-beach,Đi Biển Non Nước / Go to Non Nuoc Beach,cityPhrase,hero,hero,Đi Biển Non Nước,audio-authored-di-bien-non-nuoc-a140778278
P2_planned_audio,viet-family-city-danang-go-non-nuoc-beach,Đi Biển Non Nước / Go to Non Nuoc Beach,cityPhrase,explore-next,phrase,Biển Non Nước,audio-authored-bien-non-nuoc-6554d5ecf2
P2_planned_audio,viet-family-city-danang-go-non-nuoc-beach,Đi Biển Non Nước / Go to Non Nuoc Beach,cityPhrase,explore-next,phrase,Dừng ở Biển Non Nước,audio-authored-dung-o-bien-non-nuoc-b025d8b0b9
P2_planned_audio,viet-family-city-danang-go-non-nuoc-stone-village,Đi Làng đá Non Nước / Go to Non Nuoc Stone Carving Village,cityPhrase,hero,hero,Đi Làng đá Non Nước,audio-authored-di-lang-da-non-nuoc-5b6ccbe02d
P2_planned_audio,viet-family-city-danang-go-non-nuoc-stone-village,Đi Làng đá Non Nước / Go to Non Nuoc Stone Carving Village,cityPhrase,explore-next,phrase,Làng đá Non Nước,audio-authored-lang-da-non-nuoc-8642dec883
P2_planned_audio,viet-family-city-danang-go-non-nuoc-stone-village,Đi Làng đá Non Nước / Go to Non Nuoc Stone Carving Village,cityPhrase,explore-next,phrase,Dừng ở Làng đá Non Nước,audio-authored-dung-o-lang-da-non-nuoc-b6397f3722
P2_planned_audio,viet-family-city-danang-go-non-nuoc-stone-village,Đi Làng đá Non Nước / Go to Non Nuoc Stone Carving Village,cityPhrase,explore-next,phrase,Làng đá Non Nước ở đâu?,audio-authored-lang-da-non-nuoc-o-dau-5a10e84c93
P2_planned_audio,viet-family-city-danang-go-railway-station,Đi Ga Đà Nẵng / Go to Da Nang Railway Station,cityPhrase,hero,hero,Đi Ga Đà Nẵng,audio-authored-di-ga-da-nang-749edddb8f
P2_planned_audio,viet-family-city-danang-go-railway-station,Đi Ga Đà Nẵng / Go to Da Nang Railway Station,cityPhrase,explore-next,phrase,Ga Đà Nẵng,audio-authored-ga-da-nang-47d24faee3
P2_planned_audio,viet-family-city-danang-go-railway-station,Đi Ga Đà Nẵng / Go to Da Nang Railway Station,cityPhrase,explore-next,phrase,Dừng ở Ga Đà Nẵng,audio-authored-dung-o-ga-da-nang-e93d73ac2e
P2_planned_audio,viet-family-city-danang-go-son-tra,Đi bán đảo Sơn Trà / Go to Son Tra Peninsula,cityPhrase,hero,hero,Đi bán đảo Sơn Trà,audio-authored-di-ban-dao-son-tra-cb78470305
P2_planned_audio,viet-family-city-danang-go-son-tra,Đi bán đảo Sơn Trà / Go to Son Tra Peninsula,cityPhrase,explore-next,phrase,Bán đảo Sơn Trà,audio-authored-ban-dao-son-tra-2364c7b9ad
P2_planned_audio,viet-family-city-danang-go-son-tra-night-market,Đi Chợ đêm Sơn Trà / Go to Son Tra Night Market,cityPhrase,hero,hero,Đi Chợ đêm Sơn Trà,audio-authored-di-cho-dem-son-tra-c36bdcba5f
P2_planned_audio,viet-family-city-danang-go-son-tra-night-market,Đi Chợ đêm Sơn Trà / Go to Son Tra Night Market,cityPhrase,explore-next,phrase,Chợ đêm Sơn Trà,audio-authored-cho-dem-son-tra-21d84be110
P2_planned_audio,viet-family-city-danang-go-son-tra-night-market,Đi Chợ đêm Sơn Trà / Go to Son Tra Night Market,cityPhrase,explore-next,phrase,Chợ đêm Sơn Trà gần đây không?,audio-authored-cho-dem-son-tra-gan-day-khong-93857776a2
P2_planned_audio,viet-family-city-danang-go-son-tra-night-market,Đi Chợ đêm Sơn Trà / Go to Son Tra Night Market,cityPhrase,explore-next,phrase,Chợ đêm Sơn Trà ở đâu?,audio-authored-cho-dem-son-tra-o-dau-d0f887c351
P2_planned_audio,viet-family-city-danang-go-tien-sa-port,Đi Cảng Tiên Sa / Go to Tien Sa Port,cityPhrase,hero,hero,Đi Cảng Tiên Sa,audio-authored-di-cang-tien-sa-c6af75b73b
P2_planned_audio,viet-family-city-danang-go-tien-sa-port,Đi Cảng Tiên Sa / Go to Tien Sa Port,cityPhrase,explore-next,phrase,Cảng Tiên Sa,audio-authored-cang-tien-sa-00a20c3b42
P2_planned_audio,viet-family-city-danang-go-tran-thi-ly-bridge,Đi Cầu Trần Thị Lý / Go to Tran Thi Ly Bridge,cityPhrase,hero,hero,Đi Cầu Trần Thị Lý,audio-authored-di-cau-tran-thi-ly-6c95b65488
P2_planned_audio,viet-family-city-danang-go-tran-thi-ly-bridge,Đi Cầu Trần Thị Lý / Go to Tran Thi Ly Bridge,cityPhrase,explore-next,phrase,Cầu Trần Thị Lý,audio-authored-cau-tran-thi-ly-c3efadb5bf
P2_planned_audio,viet-family-city-hanoi-atm-ba-dinh-square,Có ATM gần Quảng trường Ba Đình không? / Is there an ATM near Ba Dinh Square?,cityPhrase,hero,hero,Có ATM gần Quảng trường Ba Đình không?,audio-authored-co-atm-gan-quang-truong-ba-dinh-khong-ef1ba17a96
P2_planned_audio,viet-family-city-hanoi-atm-ba-dinh-square,Có ATM gần Quảng trường Ba Đình không? / Is there an ATM near Ba Dinh Square?,cityPhrase,explore-next,phrase,Quảng trường Ba Đình,audio-authored-quang-truong-ba-dinh-f6485982ee
P2_planned_audio,viet-family-city-hanoi-atm-ba-dinh-square,Có ATM gần Quảng trường Ba Đình không? / Is there an ATM near Ba Dinh Square?,cityPhrase,explore-next,phrase,Ăn gần Quảng trường Ba Đình,audio-authored-an-gan-quang-truong-ba-dinh-65a18533b7
P2_planned_audio,viet-family-city-hanoi-atm-ba-dinh-square,Có ATM gần Quảng trường Ba Đình không? / Is there an ATM near Ba Dinh Square?,cityPhrase,explore-next,phrase,Đi Quảng trường Ba Đình,audio-authored-di-quang-truong-ba-dinh-8aa702332b
P2_planned_audio,viet-family-city-hanoi-atm-ba-dinh-square,Có ATM gần Quảng trường Ba Đình không? / Is there an ATM near Ba Dinh Square?,cityPhrase,explore-next,phrase,Dừng ở Quảng trường Ba Đình,audio-authored-dung-o-quang-truong-ba-dinh-6458a6819e
P2_planned_audio,viet-family-city-hanoi-atm-ba-dinh-square,Có ATM gần Quảng trường Ba Đình không? / Is there an ATM near Ba Dinh Square?,cityPhrase,explore-next,phrase,Quảng trường Ba Đình ở đâu?,audio-authored-quang-truong-ba-dinh-o-dau-06a4f51668
P2_planned_audio,viet-family-city-hanoi-atm-bun-cha-huong-lien,Có ATM gần Bún chả Hương Liên không? / Is there an ATM near Bun Cha Huong Lien?,cityPhrase,hero,hero,Có ATM gần Bún chả Hương Liên không?,audio-authored-co-atm-gan-bun-cha-huong-lien-khong-c66ead5b07
P2_planned_audio,viet-family-city-hanoi-atm-bun-cha-huong-lien,Có ATM gần Bún chả Hương Liên không? / Is there an ATM near Bun Cha Huong Lien?,cityPhrase,explore-next,phrase,Bún chả Hương Liên,audio-authored-bun-cha-huong-lien-7123b3d369
P2_planned_audio,viet-family-city-hanoi-atm-bun-cha-huong-lien,Có ATM gần Bún chả Hương Liên không? / Is there an ATM near Bun Cha Huong Lien?,cityPhrase,explore-next,phrase,Ăn gần Bún chả Hương Liên,audio-authored-an-gan-bun-cha-huong-lien-909f0770bc
P2_planned_audio,viet-family-city-hanoi-atm-bun-cha-huong-lien,Có ATM gần Bún chả Hương Liên không? / Is there an ATM near Bun Cha Huong Lien?,cityPhrase,explore-next,phrase,Đi Bún chả Hương Liên,audio-authored-di-bun-cha-huong-lien-957dcbdf19
P2_planned_audio,viet-family-city-hanoi-atm-bun-cha-huong-lien,Có ATM gần Bún chả Hương Liên không? / Is there an ATM near Bun Cha Huong Lien?,cityPhrase,explore-next,phrase,Dừng ở Bún chả Hương Liên,audio-authored-dung-o-bun-cha-huong-lien-58fa14839e
P2_planned_audio,viet-family-city-hanoi-atm-bun-cha-huong-lien,Có ATM gần Bún chả Hương Liên không? / Is there an ATM near Bun Cha Huong Lien?,cityPhrase,explore-next,phrase,Bún chả Hương Liên ở đâu?,audio-authored-bun-cha-huong-lien-o-dau-cc0475d911
P2_planned_audio,viet-family-city-hanoi-atm-cha-ca-thang-long,Có ATM gần Chả cá Thăng Long không? / Is there an ATM near Cha Ca Thang Long?,cityPhrase,hero,hero,Có ATM gần Chả cá Thăng Long không?,audio-authored-co-atm-gan-cha-ca-thang-long-khong-ac3b0437ac
P2_planned_audio,viet-family-city-hanoi-atm-cha-ca-thang-long,Có ATM gần Chả cá Thăng Long không? / Is there an ATM near Cha Ca Thang Long?,cityPhrase,explore-next,phrase,Chả cá Thăng Long,audio-authored-cha-ca-thang-long-be49acaab5
P2_planned_audio,viet-family-city-hanoi-atm-cha-ca-thang-long,Có ATM gần Chả cá Thăng Long không? / Is there an ATM near Cha Ca Thang Long?,cityPhrase,explore-next,phrase,Ăn gần Chả cá Thăng Long,audio-authored-an-gan-cha-ca-thang-long-fcd5629cf7
P2_planned_audio,viet-family-city-hanoi-atm-cha-ca-thang-long,Có ATM gần Chả cá Thăng Long không? / Is there an ATM near Cha Ca Thang Long?,cityPhrase,explore-next,phrase,Đi Chả cá Thăng Long,audio-authored-di-cha-ca-thang-long-080926ee90
P2_planned_audio,viet-family-city-hanoi-atm-cha-ca-thang-long,Có ATM gần Chả cá Thăng Long không? / Is there an ATM near Cha Ca Thang Long?,cityPhrase,explore-next,phrase,Dừng ở Chả cá Thăng Long,audio-authored-dung-o-cha-ca-thang-long-47c14d33a7
P2_planned_audio,viet-family-city-hanoi-atm-cha-ca-thang-long,Có ATM gần Chả cá Thăng Long không? / Is there an ATM near Cha Ca Thang Long?,cityPhrase,explore-next,phrase,Chả cá Thăng Long ở đâu?,audio-authored-cha-ca-thang-long-o-dau-d2ad791324
P2_planned_audio,viet-family-city-hanoi-atm-dong-xuan-market,Có ATM gần Chợ Đồng Xuân không? / Is there an ATM near Dong Xuan Market?,cityPhrase,hero,hero,Có ATM gần Chợ Đồng Xuân không?,audio-authored-co-atm-gan-cho-dong-xuan-khong-7a0e84ae0c
P2_planned_audio,viet-family-city-hanoi-atm-dong-xuan-market,Có ATM gần Chợ Đồng Xuân không? / Is there an ATM near Dong Xuan Market?,cityPhrase,explore-next,phrase,Chợ Đồng Xuân,audio-authored-cho-dong-xuan-f18b81788e
P2_planned_audio,viet-family-city-hanoi-atm-dong-xuan-market,Có ATM gần Chợ Đồng Xuân không? / Is there an ATM near Dong Xuan Market?,cityPhrase,explore-next,phrase,Ăn gần Chợ Đồng Xuân,audio-authored-an-gan-cho-dong-xuan-081dd9e648
P2_planned_audio,viet-family-city-hanoi-atm-dong-xuan-market,Có ATM gần Chợ Đồng Xuân không? / Is there an ATM near Dong Xuan Market?,cityPhrase,explore-next,phrase,Lối vào Chợ Đồng Xuân ở đâu?,audio-authored-loi-vao-cho-dong-xuan-o-dau-d1a016706b
P2_planned_audio,viet-family-city-hanoi-atm-dong-xuan-market,Có ATM gần Chợ Đồng Xuân không? / Is there an ATM near Dong Xuan Market?,cityPhrase,explore-next,phrase,Đi Chợ Đồng Xuân,audio-authored-di-cho-dong-xuan-0ca7a3fda9
P2_planned_audio,viet-family-city-hanoi-atm-dong-xuan-market,Có ATM gần Chợ Đồng Xuân không? / Is there an ATM near Dong Xuan Market?,cityPhrase,explore-next,phrase,Chợ Đồng Xuân gần đây không?,audio-authored-cho-dong-xuan-gan-day-khong-d7548a7357
P2_planned_audio,viet-family-city-hanoi-atm-ethnology-museum,Có ATM gần Bảo tàng Dân tộc học không? / Is there an ATM near Vietnam Museum of Ethnology?,cityPhrase,hero,hero,Có ATM gần Bảo tàng Dân tộc học không?,audio-authored-co-atm-gan-bao-tang-dan-toc-hoc-khong-a4b73e2e74
P2_planned_audio,viet-family-city-hanoi-atm-ethnology-museum,Có ATM gần Bảo tàng Dân tộc học không? / Is there an ATM near Vietnam Museum of Ethnology?,cityPhrase,explore-next,phrase,Bảo tàng Dân tộc học,audio-authored-bao-tang-dan-toc-hoc-289fb68b03
P2_planned_audio,viet-family-city-hanoi-atm-ethnology-museum,Có ATM gần Bảo tàng Dân tộc học không? / Is there an ATM near Vietnam Museum of Ethnology?,cityPhrase,explore-next,phrase,Đi Bảo tàng Dân tộc học,audio-authored-di-bao-tang-dan-toc-hoc-75166d643e
P2_planned_audio,viet-family-city-hanoi-atm-ethnology-museum,Có ATM gần Bảo tàng Dân tộc học không? / Is there an ATM near Vietnam Museum of Ethnology?,cityPhrase,explore-next,phrase,Dừng ở Bảo tàng Dân tộc học,audio-authored-dung-o-bao-tang-dan-toc-hoc-51eb39d45e
P2_planned_audio,viet-family-city-hanoi-atm-ethnology-museum,Có ATM gần Bảo tàng Dân tộc học không? / Is there an ATM near Vietnam Museum of Ethnology?,cityPhrase,explore-next,phrase,Bảo tàng Dân tộc học ở đâu?,audio-authored-bao-tang-dan-toc-hoc-o-dau-0a74757db4
P2_planned_audio,viet-family-city-hanoi-atm-giang-cafe,Có ATM gần Cà phê Giảng không? / Is there an ATM near Giang Cafe?,cityPhrase,hero,hero,Có ATM gần Cà phê Giảng không?,audio-authored-co-atm-gan-ca-phe-giang-khong-f7a28c8608
P2_planned_audio,viet-family-city-hanoi-atm-giang-cafe,Có ATM gần Cà phê Giảng không? / Is there an ATM near Giang Cafe?,cityPhrase,explore-next,phrase,Cà phê Giảng,audio-authored-ca-phe-giang-f008ae0fe9
P2_planned_audio,viet-family-city-hanoi-atm-giang-cafe,Có ATM gần Cà phê Giảng không? / Is there an ATM near Giang Cafe?,cityPhrase,explore-next,phrase,Đi Cà phê Giảng,audio-authored-di-ca-phe-giang-437f37317a
P2_planned_audio,viet-family-city-hanoi-atm-giang-cafe,Có ATM gần Cà phê Giảng không? / Is there an ATM near Giang Cafe?,cityPhrase,explore-next,phrase,Dừng ở Cà phê Giảng,audio-authored-dung-o-ca-phe-giang-9ed36d9bae
P2_planned_audio,viet-family-city-hanoi-atm-giang-cafe,Có ATM gần Cà phê Giảng không? / Is there an ATM near Giang Cafe?,cityPhrase,explore-next,phrase,Quán cà phê Giảng ở đâu?,audio-authored-quan-ca-phe-giang-o-dau-864b6976c5
P2_planned_audio,viet-family-city-hanoi-atm-hang-bac-street,Có ATM gần Phố Hàng Bạc không? / Is there an ATM near Hang Bac Street?,cityPhrase,hero,hero,Có ATM gần Phố Hàng Bạc không?,audio-authored-co-atm-gan-pho-hang-bac-khong-f176068fc0
P2_planned_audio,viet-family-city-hanoi-atm-hang-bac-street,Có ATM gần Phố Hàng Bạc không? / Is there an ATM near Hang Bac Street?,cityPhrase,explore-next,phrase,Phố Hàng Bạc,audio-authored-pho-hang-bac-beafc75d60
P2_planned_audio,viet-family-city-hanoi-atm-hang-bac-street,Có ATM gần Phố Hàng Bạc không? / Is there an ATM near Hang Bac Street?,cityPhrase,explore-next,phrase,Đi Phố Hàng Bạc,audio-authored-di-pho-hang-bac-f7f0756a53
P2_planned_audio,viet-family-city-hanoi-atm-hang-bac-street,Có ATM gần Phố Hàng Bạc không? / Is there an ATM near Hang Bac Street?,cityPhrase,explore-next,phrase,Phố Hàng Bạc gần đây không?,audio-authored-pho-hang-bac-gan-day-khong-63afa34350
P2_planned_audio,viet-family-city-hanoi-atm-hang-bac-street,Có ATM gần Phố Hàng Bạc không? / Is there an ATM near Hang Bac Street?,cityPhrase,explore-next,phrase,Dừng ở Phố Hàng Bạc,audio-authored-dung-o-pho-hang-bac-404ce0300f
P2_planned_audio,viet-family-city-hanoi-atm-hang-bac-street,Có ATM gần Phố Hàng Bạc không? / Is there an ATM near Hang Bac Street?,cityPhrase,explore-next,phrase,Phố Hàng Bạc ở đâu?,audio-authored-pho-hang-bac-o-dau-3d1cbc7b3f
P2_planned_audio,viet-family-city-hanoi-atm-hang-gai-street,Có ATM gần Phố Hàng Gai không? / Is there an ATM near Hang Gai Street?,cityPhrase,hero,hero,Có ATM gần Phố Hàng Gai không?,audio-authored-co-atm-gan-pho-hang-gai-khong-bcdbd0a887
P2_planned_audio,viet-family-city-hanoi-atm-hang-gai-street,Có ATM gần Phố Hàng Gai không? / Is there an ATM near Hang Gai Street?,cityPhrase,explore-next,phrase,Phố Hàng Gai,audio-authored-pho-hang-gai-fcaa0ed790
P2_planned_audio,viet-family-city-hanoi-atm-hang-gai-street,Có ATM gần Phố Hàng Gai không? / Is there an ATM near Hang Gai Street?,cityPhrase,explore-next,phrase,Tôi muốn mua quà ở Hàng Gai,audio-authored-toi-muon-mua-qua-o-hang-gai-5d6234e6f6
P2_planned_audio,viet-family-city-hanoi-atm-hang-gai-street,Có ATM gần Phố Hàng Gai không? / Is there an ATM near Hang Gai Street?,cityPhrase,explore-next,phrase,Đi Phố Hàng Gai,audio-authored-di-pho-hang-gai-0fe62f7abd
P2_planned_audio,viet-family-city-hanoi-atm-hang-gai-street,Có ATM gần Phố Hàng Gai không? / Is there an ATM near Hang Gai Street?,cityPhrase,explore-next,phrase,Phố Hàng Gai gần đây không?,audio-authored-pho-hang-gai-gan-day-khong-ac7dc4ebe5
P2_planned_audio,viet-family-city-hanoi-atm-hang-gai-street,Có ATM gần Phố Hàng Gai không? / Is there an ATM near Hang Gai Street?,cityPhrase,explore-next,phrase,Dừng ở Phố Hàng Gai,audio-authored-dung-o-pho-hang-gai-4ef482dd8d
P2_planned_audio,viet-family-city-hanoi-atm-ho-chi-minh-mausoleum,Có ATM gần Lăng Bác không? / Is there an ATM near Ho Chi Minh Mausoleum?,cityPhrase,hero,hero,Có ATM gần Lăng Bác không?,audio-authored-co-atm-gan-lang-bac-khong-3d2754a33d
P2_planned_audio,viet-family-city-hanoi-atm-ho-chi-minh-mausoleum,Có ATM gần Lăng Bác không? / Is there an ATM near Ho Chi Minh Mausoleum?,cityPhrase,explore-next,phrase,Lăng Bác,audio-authored-lang-bac-8b842c6c9f
P2_planned_audio,viet-family-city-hanoi-atm-ho-chi-minh-mausoleum,Có ATM gần Lăng Bác không? / Is there an ATM near Ho Chi Minh Mausoleum?,cityPhrase,explore-next,phrase,Đi Lăng Bác,audio-authored-di-lang-bac-e2deea68df
P2_planned_audio,viet-family-city-hanoi-atm-ho-chi-minh-mausoleum,Có ATM gần Lăng Bác không? / Is there an ATM near Ho Chi Minh Mausoleum?,cityPhrase,explore-next,phrase,Đi Lăng Bác được không?,audio-authored-di-lang-bac-duoc-khong-cfa0310b8d
P2_planned_audio,viet-family-city-hanoi-atm-ho-chi-minh-mausoleum,Có ATM gần Lăng Bác không? / Is there an ATM near Ho Chi Minh Mausoleum?,cityPhrase,explore-next,phrase,Dừng ở Lăng Bác,audio-authored-dung-o-lang-bac-b510c56787
P2_planned_audio,viet-family-city-hanoi-atm-ho-chi-minh-mausoleum,Có ATM gần Lăng Bác không? / Is there an ATM near Ho Chi Minh Mausoleum?,cityPhrase,explore-next,phrase,Lăng Bác ở đâu?,audio-authored-lang-bac-o-dau-71a11f02bd
P2_planned_audio,viet-family-city-hanoi-atm-hoa-lo-prison,Có ATM gần Nhà tù Hỏa Lò không? / Is there an ATM near Hoa Lo Prison?,cityPhrase,hero,hero,Có ATM gần Nhà tù Hỏa Lò không?,audio-authored-co-atm-gan-nha-tu-hoa-lo-khong-9ab0dfaf09
P2_planned_audio,viet-family-city-hanoi-atm-hoa-lo-prison,Có ATM gần Nhà tù Hỏa Lò không? / Is there an ATM near Hoa Lo Prison?,cityPhrase,explore-next,phrase,Nhà tù Hỏa Lò,audio-authored-nha-tu-hoa-lo-c1d28e4722
P2_planned_audio,viet-family-city-hanoi-atm-hoa-lo-prison,Có ATM gần Nhà tù Hỏa Lò không? / Is there an ATM near Hoa Lo Prison?,cityPhrase,explore-next,phrase,Đi Nhà tù Hỏa Lò,audio-authored-di-nha-tu-hoa-lo-bf053942bb
P2_planned_audio,viet-family-city-hanoi-atm-hoa-lo-prison,Có ATM gần Nhà tù Hỏa Lò không? / Is there an ATM near Hoa Lo Prison?,cityPhrase,explore-next,phrase,Dừng ở Nhà tù Hỏa Lò,audio-authored-dung-o-nha-tu-hoa-lo-5a2664225d
P2_planned_audio,viet-family-city-hanoi-atm-hoa-lo-prison,Có ATM gần Nhà tù Hỏa Lò không? / Is there an ATM near Hoa Lo Prison?,cityPhrase,explore-next,phrase,Nhà tù Hỏa Lò ở đâu?,audio-authored-nha-tu-hoa-lo-o-dau-b484b4af01
P2_planned_audio,viet-family-city-hanoi-atm-hoan-kiem-lake,Có ATM gần Hồ Hoàn Kiếm không? / Is there an ATM near Hoan Kiem Lake?,cityPhrase,hero,hero,Có ATM gần Hồ Hoàn Kiếm không?,audio-authored-co-atm-gan-ho-hoan-kiem-khong-0e7f8fce17
P2_planned_audio,viet-family-city-hanoi-atm-hoan-kiem-lake,Có ATM gần Hồ Hoàn Kiếm không? / Is there an ATM near Hoan Kiem Lake?,cityPhrase,explore-next,phrase,Hồ Hoàn Kiếm,audio-authored-ho-hoan-kiem-9dd14822a0
P2_planned_audio,viet-family-city-hanoi-atm-hoan-kiem-lake,Có ATM gần Hồ Hoàn Kiếm không? / Is there an ATM near Hoan Kiem Lake?,cityPhrase,explore-next,phrase,Có cà phê trứng gần hồ Hoàn Kiếm không?,audio-authored-co-ca-phe-trung-gan-ho-hoan-kiem-khong-c3289fbcf7
P2_planned_audio,viet-family-city-hanoi-atm-hoan-kiem-lake,Có ATM gần Hồ Hoàn Kiếm không? / Is there an ATM near Hoan Kiem Lake?,cityPhrase,explore-next,phrase,Cho tôi xuống ở hồ Hoàn Kiếm,audio-authored-cho-toi-xuong-o-ho-hoan-kiem-5c6e0f02d9
P2_planned_audio,viet-family-city-hanoi-atm-hoan-kiem-lake,Có ATM gần Hồ Hoàn Kiếm không? / Is there an ATM near Hoan Kiem Lake?,cityPhrase,explore-next,phrase,Đi hồ Hoàn Kiếm,audio-authored-di-ho-hoan-kiem-dfd97528be
P2_planned_audio,viet-family-city-hanoi-atm-hoan-kiem-lake,Có ATM gần Hồ Hoàn Kiếm không? / Is there an ATM near Hoan Kiem Lake?,cityPhrase,explore-next,phrase,Dừng ở Hồ Hoàn Kiếm,audio-authored-dung-o-ho-hoan-kiem-df27527610
P2_planned_audio,viet-family-city-hanoi-atm-imperial-citadel,Có ATM gần Hoàng thành Thăng Long không? / Is there an ATM near Imperial Citadel of Thang Long?,cityPhrase,hero,hero,Có ATM gần Hoàng thành Thăng Long không?,audio-authored-co-atm-gan-hoang-thanh-thang-long-khong-3025a9bb82
P2_planned_audio,viet-family-city-hanoi-atm-imperial-citadel,Có ATM gần Hoàng thành Thăng Long không? / Is there an ATM near Imperial Citadel of Thang Long?,cityPhrase,explore-next,phrase,Hoàng thành Thăng Long,audio-authored-hoang-thanh-thang-long-ffe47b481c
P2_planned_audio,viet-family-city-hanoi-atm-imperial-citadel,Có ATM gần Hoàng thành Thăng Long không? / Is there an ATM near Imperial Citadel of Thang Long?,cityPhrase,explore-next,phrase,Đi Hoàng thành Thăng Long,audio-authored-di-hoang-thanh-thang-long-ac10ed25b6
P2_planned_audio,viet-family-city-hanoi-atm-imperial-citadel,Có ATM gần Hoàng thành Thăng Long không? / Is there an ATM near Imperial Citadel of Thang Long?,cityPhrase,explore-next,phrase,Dừng ở Hoàng thành Thăng Long,audio-authored-dung-o-hoang-thanh-thang-long-16959d0e55
P2_planned_audio,viet-family-city-hanoi-atm-imperial-citadel,Có ATM gần Hoàng thành Thăng Long không? / Is there an ATM near Imperial Citadel of Thang Long?,cityPhrase,explore-next,phrase,Hoàng thành Thăng Long ở đâu?,audio-authored-hoang-thanh-thang-long-o-dau-4c5a202c93
P2_planned_audio,viet-family-city-hanoi-atm-long-bien-bridge,Có ATM gần Cầu Long Biên không? / Is there an ATM near Long Bien Bridge?,cityPhrase,hero,hero,Có ATM gần Cầu Long Biên không?,audio-authored-co-atm-gan-cau-long-bien-khong-7f0fae6ac4
P2_planned_audio,viet-family-city-hanoi-atm-long-bien-bridge,Có ATM gần Cầu Long Biên không? / Is there an ATM near Long Bien Bridge?,cityPhrase,explore-next,phrase,Cầu Long Biên,audio-authored-cau-long-bien-25c0c0b154
P2_planned_audio,viet-family-city-hanoi-atm-long-bien-bridge,Có ATM gần Cầu Long Biên không? / Is there an ATM near Long Bien Bridge?,cityPhrase,explore-next,phrase,Đi cầu Long Biên,audio-authored-di-cau-long-bien-e850c31a33
P2_planned_audio,viet-family-city-hanoi-atm-long-bien-bridge,Có ATM gần Cầu Long Biên không? / Is there an ATM near Long Bien Bridge?,cityPhrase,explore-next,phrase,Dừng ở Cầu Long Biên,audio-authored-dung-o-cau-long-bien-24fa351898
P2_planned_audio,viet-family-city-hanoi-atm-long-bien-bridge,Có ATM gần Cầu Long Biên không? / Is there an ATM near Long Bien Bridge?,cityPhrase,explore-next,phrase,Cầu Long Biên ở đâu?,audio-authored-cau-long-bien-o-dau-2dc65370ce
P2_planned_audio,viet-family-city-hanoi-atm-long-bien-market,Có ATM gần Chợ Long Biên không? / Is there an ATM near Long Bien Market?,cityPhrase,hero,hero,Có ATM gần Chợ Long Biên không?,audio-authored-co-atm-gan-cho-long-bien-khong-b295545a3e
P2_planned_audio,viet-family-city-hanoi-atm-long-bien-market,Có ATM gần Chợ Long Biên không? / Is there an ATM near Long Bien Market?,cityPhrase,explore-next,phrase,Chợ Long Biên,audio-authored-cho-long-bien-51bc2585e2
P2_planned_audio,viet-family-city-hanoi-atm-long-bien-market,Có ATM gần Chợ Long Biên không? / Is there an ATM near Long Bien Market?,cityPhrase,explore-next,phrase,Lối vào Chợ Long Biên ở đâu?,audio-authored-loi-vao-cho-long-bien-o-dau-537f0c2942
P2_planned_audio,viet-family-city-hanoi-atm-long-bien-market,Có ATM gần Chợ Long Biên không? / Is there an ATM near Long Bien Market?,cityPhrase,explore-next,phrase,Đi Chợ Long Biên,audio-authored-di-cho-long-bien-af7d351efa
P2_planned_audio,viet-family-city-hanoi-atm-long-bien-market,Có ATM gần Chợ Long Biên không? / Is there an ATM near Long Bien Market?,cityPhrase,explore-next,phrase,Chợ Long Biên gần đây không?,audio-authored-cho-long-bien-gan-day-khong-935e398b10
P2_planned_audio,viet-family-city-hanoi-atm-long-bien-market,Có ATM gần Chợ Long Biên không? / Is there an ATM near Long Bien Market?,cityPhrase,explore-next,phrase,Dừng ở Chợ Long Biên,audio-authored-dung-o-cho-long-bien-355e2d2ae8
P2_planned_audio,viet-family-city-hanoi-atm-old-quarter,Có ATM gần phố cổ Hà Nội không? / Is there an ATM near Hanoi Old Quarter?,cityPhrase,hero,hero,Có ATM gần phố cổ Hà Nội không?,audio-authored-co-atm-gan-pho-co-ha-noi-khong-30be6f2e01
P2_planned_audio,viet-family-city-hanoi-atm-old-quarter,Có ATM gần phố cổ Hà Nội không? / Is there an ATM near Hanoi Old Quarter?,cityPhrase,explore-next,phrase,Phố cổ Hà Nội,audio-authored-pho-co-ha-noi-3a9c474cdb
P2_planned_audio,viet-family-city-hanoi-atm-old-quarter,Có ATM gần phố cổ Hà Nội không? / Is there an ATM near Hanoi Old Quarter?,cityPhrase,explore-next,phrase,Đi Phố cổ Hà Nội,audio-authored-di-pho-co-ha-noi-b633b33727
P2_planned_audio,viet-family-city-hanoi-atm-old-quarter,Có ATM gần phố cổ Hà Nội không? / Is there an ATM near Hanoi Old Quarter?,cityPhrase,explore-next,phrase,Phố cổ Hà Nội gần đây không?,audio-authored-pho-co-ha-noi-gan-day-khong-08afb3ab57
P2_planned_audio,viet-family-city-hanoi-atm-old-quarter,Có ATM gần phố cổ Hà Nội không? / Is there an ATM near Hanoi Old Quarter?,cityPhrase,explore-next,phrase,Dừng ở phố cổ Hà Nội,audio-authored-dung-o-pho-co-ha-noi-9506d5e669
P2_planned_audio,viet-family-city-hanoi-atm-old-quarter,Có ATM gần phố cổ Hà Nội không? / Is there an ATM near Hanoi Old Quarter?,cityPhrase,explore-next,phrase,Phố cổ Hà Nội ở đâu?,audio-authored-pho-co-ha-noi-o-dau-244e0acb6a
P2_planned_audio,viet-family-city-hanoi-go-noi-bai-airport,Đi Sân bay Nội Bài / Go to Noi Bai Airport,cityPhrase,hero,hero,Đi Sân bay Nội Bài,audio-authored-di-san-bay-noi-bai-aec73cbb92
P2_planned_audio,viet-family-city-hanoi-go-noi-bai-airport,Đi Sân bay Nội Bài / Go to Noi Bai Airport,cityPhrase,explore-next,phrase,Sân bay Nội Bài,audio-authored-san-bay-noi-bai-d05e004837
P2_planned_audio,viet-family-city-hanoi-go-noi-bai-airport,Đi Sân bay Nội Bài / Go to Noi Bai Airport,cityPhrase,explore-next,phrase,Dừng ở Sân bay Nội Bài,audio-authored-dung-o-san-bay-noi-bai-4172210010
P2_planned_audio,viet-family-city-hanoi-go-noi-bai-airport,Đi Sân bay Nội Bài / Go to Noi Bai Airport,cityPhrase,explore-next,phrase,Sân bay Nội Bài ở đâu?,audio-authored-san-bay-noi-bai-o-dau-12b39dc9ab
P2_planned_audio,viet-family-city-hanoi-go-opera-house,Đi Nhà hát Lớn Hà Nội / Go to Hanoi Opera House,cityPhrase,hero,hero,Đi Nhà hát Lớn Hà Nội,audio-authored-di-nha-hat-lon-ha-noi-b9b01df8d8
P2_planned_audio,viet-family-city-hanoi-go-opera-house,Đi Nhà hát Lớn Hà Nội / Go to Hanoi Opera House,cityPhrase,explore-next,phrase,Nhà hát Lớn Hà Nội,audio-authored-nha-hat-lon-ha-noi-bef24cb33c
P2_planned_audio,viet-family-city-hanoi-go-opera-house,Đi Nhà hát Lớn Hà Nội / Go to Hanoi Opera House,cityPhrase,explore-next,phrase,Dừng ở Nhà hát Lớn Hà Nội,audio-authored-dung-o-nha-hat-lon-ha-noi-3bdee2b150
P2_planned_audio,viet-family-city-hanoi-go-opera-house,Đi Nhà hát Lớn Hà Nội / Go to Hanoi Opera House,cityPhrase,explore-next,phrase,Nhà hát Lớn Hà Nội ở đâu?,audio-authored-nha-hat-lon-ha-noi-o-dau-33f01f5b9d
P2_planned_audio,viet-family-city-hanoi-go-phan-dinh-phung-street,Đi Phố Phan Đình Phùng / Go to Phan Dinh Phung Street,cityPhrase,hero,hero,Đi Phố Phan Đình Phùng,audio-authored-di-pho-phan-dinh-phung-fc15d0a6a7
P2_planned_audio,viet-family-city-hanoi-go-phan-dinh-phung-street,Đi Phố Phan Đình Phùng / Go to Phan Dinh Phung Street,cityPhrase,explore-next,phrase,Phố Phan Đình Phùng,audio-authored-pho-phan-dinh-phung-96cad2143a
P2_planned_audio,viet-family-city-hanoi-go-phan-dinh-phung-street,Đi Phố Phan Đình Phùng / Go to Phan Dinh Phung Street,cityPhrase,explore-next,phrase,Dừng ở Phố Phan Đình Phùng,audio-authored-dung-o-pho-phan-dinh-phung-23e02f2531
P2_planned_audio,viet-family-city-hanoi-go-phan-dinh-phung-street,Đi Phố Phan Đình Phùng / Go to Phan Dinh Phung Street,cityPhrase,explore-next,phrase,Phố Phan Đình Phùng ở đâu?,audio-authored-pho-phan-dinh-phung-o-dau-32d3e3590c
P2_planned_audio,viet-family-city-hanoi-go-pho-bat-dan,Đi Phở Bát Đàn / Go to Pho Bat Dan,cityPhrase,hero,hero,Đi Phở Bát Đàn,audio-authored-di-pho-bat-dan-1cdfd56541
P2_planned_audio,viet-family-city-hanoi-go-pho-bat-dan,Đi Phở Bát Đàn / Go to Pho Bat Dan,cityPhrase,explore-next,phrase,Phở Bát Đàn,audio-authored-pho-bat-dan-5484f2c6ca
P2_planned_audio,viet-family-city-hanoi-go-pho-bat-dan,Đi Phở Bát Đàn / Go to Pho Bat Dan,cityPhrase,explore-next,phrase,Dừng ở Phở Bát Đàn,audio-authored-dung-o-pho-bat-dan-f3446e5bd6
P2_planned_audio,viet-family-city-hanoi-go-pho-bat-dan,Đi Phở Bát Đàn / Go to Pho Bat Dan,cityPhrase,explore-next,phrase,Phở Bát Đàn ở đâu?,audio-authored-pho-bat-dan-o-dau-83990a6d09
P2_planned_audio,viet-family-city-hanoi-go-quan-thanh-temple,Đi Đền Quán Thánh / Go to Quan Thanh Temple,cityPhrase,hero,hero,Đi Đền Quán Thánh,audio-authored-di-den-quan-thanh-f738323459
P2_planned_audio,viet-family-city-hanoi-go-quan-thanh-temple,Đi Đền Quán Thánh / Go to Quan Thanh Temple,cityPhrase,explore-next,phrase,Đền Quán Thánh,audio-authored-den-quan-thanh-fbed2afa89
P2_planned_audio,viet-family-city-hanoi-go-quan-thanh-temple,Đi Đền Quán Thánh / Go to Quan Thanh Temple,cityPhrase,explore-next,phrase,Dừng ở Đền Quán Thánh,audio-authored-dung-o-den-quan-thanh-d75028cf67
P2_planned_audio,viet-family-city-hanoi-go-quan-thanh-temple,Đi Đền Quán Thánh / Go to Quan Thanh Temple,cityPhrase,explore-next,phrase,Đền Quán Thánh ở đâu?,audio-authored-den-quan-thanh-o-dau-bea72de726
P2_planned_audio,viet-family-city-hanoi-go-st-joseph-cathedral,Đi Nhà thờ Lớn Hà Nội / Go to St. Joseph Cathedral,cityPhrase,hero,hero,Đi Nhà thờ Lớn Hà Nội,audio-authored-di-nha-tho-lon-ha-noi-247ebb1e21
P2_planned_audio,viet-family-city-hanoi-go-st-joseph-cathedral,Đi Nhà thờ Lớn Hà Nội / Go to St. Joseph Cathedral,cityPhrase,explore-next,phrase,Nhà thờ Lớn Hà Nội,audio-authored-nha-tho-lon-ha-noi-b724787e93
P2_planned_audio,viet-family-city-hanoi-go-st-joseph-cathedral,Đi Nhà thờ Lớn Hà Nội / Go to St. Joseph Cathedral,cityPhrase,explore-next,phrase,Dừng ở Nhà thờ Lớn Hà Nội,audio-authored-dung-o-nha-tho-lon-ha-noi-7137d00e3d
P2_planned_audio,viet-family-city-hanoi-go-st-joseph-cathedral,Đi Nhà thờ Lớn Hà Nội / Go to St. Joseph Cathedral,cityPhrase,explore-next,phrase,Nhà thờ Lớn Hà Nội ở đâu?,audio-authored-nha-tho-lon-ha-noi-o-dau-e4c23d3864
P2_planned_audio,viet-family-city-hanoi-go-ta-hien,Đi phố Tạ Hiện / Go to Ta Hien Street,cityPhrase,hero,hero,Đi phố Tạ Hiện,audio-authored-di-pho-ta-hien-a89d38c003
P2_planned_audio,viet-family-city-hanoi-go-ta-hien,Đi phố Tạ Hiện / Go to Ta Hien Street,cityPhrase,explore-next,phrase,Phố Tạ Hiện,audio-authored-pho-ta-hien-fb695b0958
P2_planned_audio,viet-family-city-hanoi-go-ta-hien,Đi phố Tạ Hiện / Go to Ta Hien Street,cityPhrase,explore-next,phrase,Dừng ở Phố Tạ Hiện,audio-authored-dung-o-pho-ta-hien-61af86caad
P2_planned_audio,viet-family-city-hanoi-go-ta-hien,Đi phố Tạ Hiện / Go to Ta Hien Street,cityPhrase,explore-next,phrase,Phố Tạ Hiện ở đâu?,audio-authored-pho-ta-hien-o-dau-ba823123b6
P2_planned_audio,viet-family-city-hanoi-go-tam-vi,Đi Tầm Vị / Go to Tam Vi,cityPhrase,hero,hero,Đi Tầm Vị,audio-authored-di-tam-vi-3987474d94
P2_planned_audio,viet-family-city-hanoi-go-tam-vi,Đi Tầm Vị / Go to Tam Vi,cityPhrase,explore-next,phrase,Tầm Vị,audio-authored-tam-vi-1336abffcd
P2_planned_audio,viet-family-city-hanoi-go-tam-vi,Đi Tầm Vị / Go to Tam Vi,cityPhrase,explore-next,phrase,Tôi có đặt bàn ở Tầm Vị,audio-authored-toi-co-dat-ban-o-tam-vi-f7c3384972
P2_planned_audio,viet-family-city-hanoi-go-tam-vi,Đi Tầm Vị / Go to Tam Vi,cityPhrase,explore-next,phrase,Dừng ở Tầm Vị,audio-authored-dung-o-tam-vi-2bb295cff1
P2_planned_audio,viet-family-city-hanoi-go-tam-vi,Đi Tầm Vị / Go to Tam Vi,cityPhrase,explore-next,phrase,Tầm Vị ở đâu?,audio-authored-tam-vi-o-dau-b1adc2cdb6
P2_planned_audio,viet-family-city-hanoi-go-tay-ho,Đi Tây Hồ / Go to Tay Ho,cityPhrase,hero,hero,Đi Tây Hồ,audio-authored-di-tay-ho-9f562eeb0d
P2_planned_audio,viet-family-city-hanoi-go-tay-ho,Đi Tây Hồ / Go to Tay Ho,cityPhrase,explore-next,phrase,Tây Hồ,audio-authored-tay-ho-e1feb07783
P2_planned_audio,viet-family-city-hanoi-go-tay-ho,Đi Tây Hồ / Go to Tay Ho,cityPhrase,explore-next,phrase,Dừng ở Tây Hồ,audio-authored-dung-o-tay-ho-1c049299a3
P2_planned_audio,viet-family-city-hanoi-go-tay-ho,Đi Tây Hồ / Go to Tay Ho,cityPhrase,explore-next,phrase,Tây Hồ ở đâu?,audio-authored-tay-ho-o-dau-9ce491d8b4
P2_planned_audio,viet-family-city-hanoi-go-temple-literature,Đi Văn Miếu / Go to the Temple of Literature,cityPhrase,hero,hero,Đi Văn Miếu,audio-authored-di-van-mieu-de37adea24
P2_planned_audio,viet-family-city-hanoi-go-temple-literature,Đi Văn Miếu / Go to the Temple of Literature,cityPhrase,explore-next,phrase,Văn Miếu,audio-authored-van-mieu-1cb0b15574
P2_planned_audio,viet-family-city-hanoi-go-temple-literature,Đi Văn Miếu / Go to the Temple of Literature,cityPhrase,explore-next,phrase,Dừng ở Văn Miếu,audio-authored-dung-o-van-mieu-5b51993006
P2_planned_audio,viet-family-city-hanoi-go-temple-literature,Đi Văn Miếu / Go to the Temple of Literature,cityPhrase,explore-next,phrase,Một vé vào Văn Miếu,audio-authored-mot-ve-vao-van-mieu-aac798dc88
P2_planned_audio,viet-family-city-hanoi-go-temple-literature,Đi Văn Miếu / Go to the Temple of Literature,cityPhrase,explore-next,phrase,Từ đây đến Văn Miếu bao lâu?,audio-authored-tu-day-den-van-mieu-bao-lau-2be8e5e02d
P2_planned_audio,viet-family-city-hanoi-go-temple-literature,Đi Văn Miếu / Go to the Temple of Literature,cityPhrase,explore-next,phrase,Văn Miếu ở đâu?,audio-authored-van-mieu-o-dau-467a58709b
P2_planned_audio,viet-family-city-hanoi-go-train-street,Đi Phố đường tàu Hà Nội / Go to Hanoi Train Street,cityPhrase,hero,hero,Đi Phố đường tàu Hà Nội,audio-authored-di-pho-duong-tau-ha-noi-64a1647db8
P2_planned_audio,viet-family-city-hanoi-go-train-street,Đi Phố đường tàu Hà Nội / Go to Hanoi Train Street,cityPhrase,explore-next,phrase,Phố đường tàu Hà Nội,audio-authored-pho-duong-tau-ha-noi-ee65be1d03
P2_planned_audio,viet-family-city-hanoi-go-train-street,Đi Phố đường tàu Hà Nội / Go to Hanoi Train Street,cityPhrase,explore-next,phrase,Dừng ở Phố đường tàu Hà Nội,audio-authored-dung-o-pho-duong-tau-ha-noi-9b7192ef4b
P2_planned_audio,viet-family-city-hanoi-go-train-street,Đi Phố đường tàu Hà Nội / Go to Hanoi Train Street,cityPhrase,explore-next,phrase,Phố đường tàu Hà Nội ở đâu?,audio-authored-pho-duong-tau-ha-noi-o-dau-101315f206
P2_planned_audio,viet-family-city-hanoi-go-tran-quoc-pagoda,Đi Chùa Trấn Quốc / Go to Tran Quoc Pagoda,cityPhrase,hero,hero,Đi Chùa Trấn Quốc,audio-authored-di-chua-tran-quoc-db0f109d65
P2_planned_audio,viet-family-city-hanoi-go-tran-quoc-pagoda,Đi Chùa Trấn Quốc / Go to Tran Quoc Pagoda,cityPhrase,explore-next,phrase,Chùa Trấn Quốc,audio-authored-chua-tran-quoc-cfe2d77d7b
P2_planned_audio,viet-family-city-hanoi-go-tran-quoc-pagoda,Đi Chùa Trấn Quốc / Go to Tran Quoc Pagoda,cityPhrase,explore-next,phrase,Dừng ở Chùa Trấn Quốc,audio-authored-dung-o-chua-tran-quoc-80f7e33b1c
P2_planned_audio,viet-family-city-hanoi-go-tran-quoc-pagoda,Đi Chùa Trấn Quốc / Go to Tran Quoc Pagoda,cityPhrase,explore-next,phrase,Chùa Trấn Quốc ở đâu?,audio-authored-chua-tran-quoc-o-dau-f5506d41ba
P2_planned_audio,viet-family-city-hanoi-go-truc-bach-lake,Đi Hồ Trúc Bạch / Go to Truc Bach Lake,cityPhrase,hero,hero,Đi Hồ Trúc Bạch,audio-authored-di-ho-truc-bach-0778c81e98
P2_planned_audio,viet-family-city-hanoi-go-truc-bach-lake,Đi Hồ Trúc Bạch / Go to Truc Bach Lake,cityPhrase,explore-next,phrase,Hồ Trúc Bạch,audio-authored-ho-truc-bach-2d9fcbf59f
P2_planned_audio,viet-family-city-hanoi-go-truc-bach-lake,Đi Hồ Trúc Bạch / Go to Truc Bach Lake,cityPhrase,explore-next,phrase,Hồ Trúc Bạch ở đâu?,audio-authored-ho-truc-bach-o-dau-330ab1e8e0
P2_planned_audio,viet-family-city-hanoi-go-west-lake,Đi Hồ Tây / Go to West Lake,cityPhrase,hero,hero,Đi Hồ Tây,audio-authored-di-ho-tay-10f0de25e7
P2_planned_audio,viet-family-city-hanoi-go-west-lake,Đi Hồ Tây / Go to West Lake,cityPhrase,explore-next,phrase,Hồ Tây,audio-authored-ho-tay-e93d0b9507
P2_planned_audio,viet-family-city-hanoi-pharmacy-dong-xuan,Có nhà thuốc gần chợ Đồng Xuân không? / Is there a pharmacy near Dong Xuan Market?,cityPhrase,hero,hero,Có nhà thuốc gần chợ Đồng Xuân không?,audio-authored-co-nha-thuoc-gan-cho-dong-xuan-khong-f4b92e0065
P2_planned_audio,viet-family-city-hcmc-atm-anan-saigon,Có ATM gần Anăn Sài Gòn không? / Is there an ATM near Anan Saigon?,cityPhrase,hero,hero,Có ATM gần Anăn Sài Gòn không?,audio-authored-co-atm-gan-anan-sai-gon-khong-9cadb0e555
P2_planned_audio,viet-family-city-hcmc-atm-anan-saigon,Có ATM gần Anăn Sài Gòn không? / Is there an ATM near Anan Saigon?,cityPhrase,explore-next,phrase,Anăn Sài Gòn,audio-authored-anan-sai-gon-d937cbff91
P2_planned_audio,viet-family-city-hcmc-atm-anan-saigon,Có ATM gần Anăn Sài Gòn không? / Is there an ATM near Anan Saigon?,cityPhrase,explore-next,phrase,Ăn gần Anăn Sài Gòn,audio-authored-an-gan-anan-sai-gon-31374474ed
P2_planned_audio,viet-family-city-hcmc-atm-anan-saigon,Có ATM gần Anăn Sài Gòn không? / Is there an ATM near Anan Saigon?,cityPhrase,explore-next,phrase,Đi Anăn Sài Gòn,audio-authored-di-anan-sai-gon-a1da55b90d
P2_planned_audio,viet-family-city-hcmc-atm-anan-saigon,Có ATM gần Anăn Sài Gòn không? / Is there an ATM near Anan Saigon?,cityPhrase,explore-next,phrase,Anăn Sài Gòn gần đây không?,audio-authored-anan-sai-gon-gan-day-khong-fe9746aa3c
P2_planned_audio,viet-family-city-hcmc-atm-anan-saigon,Có ATM gần Anăn Sài Gòn không? / Is there an ATM near Anan Saigon?,cityPhrase,explore-next,phrase,Tôi có đặt bàn ở Anăn Sài Gòn,audio-authored-toi-co-dat-ban-o-anan-sai-gon-a7e04a920a
P2_planned_audio,viet-family-city-hcmc-atm-ben-thanh-market,Có ATM gần Chợ Bến Thành không? / Is there an ATM near Ben Thanh Market?,cityPhrase,hero,hero,Có ATM gần Chợ Bến Thành không?,audio-authored-co-atm-gan-cho-ben-thanh-khong-66fd085429
P2_planned_audio,viet-family-city-hcmc-atm-ben-thanh-market,Có ATM gần Chợ Bến Thành không? / Is there an ATM near Ben Thanh Market?,cityPhrase,explore-next,phrase,Chợ Bến Thành,audio-authored-cho-ben-thanh-e903b82c55
P2_planned_audio,viet-family-city-hcmc-atm-ben-thanh-market,Có ATM gần Chợ Bến Thành không? / Is there an ATM near Ben Thanh Market?,cityPhrase,explore-next,phrase,Ăn gần Chợ Bến Thành,audio-authored-an-gan-cho-ben-thanh-2ab5f289f9
P2_planned_audio,viet-family-city-hcmc-atm-ben-thanh-market,Có ATM gần Chợ Bến Thành không? / Is there an ATM near Ben Thanh Market?,cityPhrase,explore-next,phrase,Lối vào Chợ Bến Thành ở đâu?,audio-authored-loi-vao-cho-ben-thanh-o-dau-ff47f6afb4
P2_planned_audio,viet-family-city-hcmc-atm-ben-thanh-market,Có ATM gần Chợ Bến Thành không? / Is there an ATM near Ben Thanh Market?,cityPhrase,explore-next,phrase,Đi chợ Bến Thành,audio-authored-di-cho-ben-thanh-811b5d848e
P2_planned_audio,viet-family-city-hcmc-atm-ben-thanh-market,Có ATM gần Chợ Bến Thành không? / Is there an ATM near Ben Thanh Market?,cityPhrase,explore-next,phrase,Chợ Bến Thành gần đây không?,audio-authored-cho-ben-thanh-gan-day-khong-2a0251592d
P2_planned_audio,viet-family-city-hcmc-atm-binh-tay-market,Có ATM gần Chợ Bình Tây không? / Is there an ATM near Binh Tay Market?,cityPhrase,hero,hero,Có ATM gần Chợ Bình Tây không?,audio-authored-co-atm-gan-cho-binh-tay-khong-0f639f9e1d
P2_planned_audio,viet-family-city-hcmc-atm-binh-tay-market,Có ATM gần Chợ Bình Tây không? / Is there an ATM near Binh Tay Market?,cityPhrase,explore-next,phrase,Chợ Bình Tây,audio-authored-cho-binh-tay-4e1f45d293
P2_planned_audio,viet-family-city-hcmc-atm-binh-tay-market,Có ATM gần Chợ Bình Tây không? / Is there an ATM near Binh Tay Market?,cityPhrase,explore-next,phrase,Chợ Bình Tây xa không?,audio-authored-cho-binh-tay-xa-khong-0499415dd3
P2_planned_audio,viet-family-city-hcmc-atm-binh-tay-market,Có ATM gần Chợ Bình Tây không? / Is there an ATM near Binh Tay Market?,cityPhrase,explore-next,phrase,Ăn gần Chợ Bình Tây,audio-authored-an-gan-cho-binh-tay-da98d2858c
P2_planned_audio,viet-family-city-hcmc-atm-binh-tay-market,Có ATM gần Chợ Bình Tây không? / Is there an ATM near Binh Tay Market?,cityPhrase,explore-next,phrase,Lối vào Chợ Bình Tây ở đâu?,audio-authored-loi-vao-cho-binh-tay-o-dau-cd12f48e70
P2_planned_audio,viet-family-city-hcmc-atm-binh-tay-market,Có ATM gần Chợ Bình Tây không? / Is there an ATM near Binh Tay Market?,cityPhrase,explore-next,phrase,Đi Chợ Bình Tây,audio-authored-di-cho-binh-tay-c2f5763288
P2_planned_audio,viet-family-city-hcmc-atm-bitexco-tower,Có ATM gần Tòa nhà Bitexco không? / Is there an ATM near Bitexco Financial Tower?,cityPhrase,hero,hero,Có ATM gần Tòa nhà Bitexco không?,audio-authored-co-atm-gan-toa-nha-bitexco-khong-b46d23ffbc
P2_planned_audio,viet-family-city-hcmc-atm-bitexco-tower,Có ATM gần Tòa nhà Bitexco không? / Is there an ATM near Bitexco Financial Tower?,cityPhrase,explore-next,phrase,Tòa nhà Bitexco,audio-authored-toa-nha-bitexco-ce74d5e48b
P2_planned_audio,viet-family-city-hcmc-atm-bitexco-tower,Có ATM gần Tòa nhà Bitexco không? / Is there an ATM near Bitexco Financial Tower?,cityPhrase,explore-next,phrase,Ăn gần Tòa nhà Bitexco,audio-authored-an-gan-toa-nha-bitexco-a40bfdc3a3
P2_planned_audio,viet-family-city-hcmc-atm-bitexco-tower,Có ATM gần Tòa nhà Bitexco không? / Is there an ATM near Bitexco Financial Tower?,cityPhrase,explore-next,phrase,Đi Tòa nhà Bitexco,audio-authored-di-toa-nha-bitexco-8bafff0763
P2_planned_audio,viet-family-city-hcmc-atm-bitexco-tower,Có ATM gần Tòa nhà Bitexco không? / Is there an ATM near Bitexco Financial Tower?,cityPhrase,explore-next,phrase,Dừng ở Tòa nhà Bitexco,audio-authored-dung-o-toa-nha-bitexco-90e7c30977
P2_planned_audio,viet-family-city-hcmc-atm-bitexco-tower,Có ATM gần Tòa nhà Bitexco không? / Is there an ATM near Bitexco Financial Tower?,cityPhrase,explore-next,phrase,Tòa nhà Bitexco ở đâu?,audio-authored-toa-nha-bitexco-o-dau-35b41e3971
P2_planned_audio,viet-family-city-hcmc-atm-bui-vien-street,Có ATM gần Phố Bùi Viện không? / Is there an ATM near Bui Vien Street?,cityPhrase,hero,hero,Có ATM gần Phố Bùi Viện không?,audio-authored-co-atm-gan-pho-bui-vien-khong-7a7221c80e
P2_planned_audio,viet-family-city-hcmc-atm-bui-vien-street,Có ATM gần Phố Bùi Viện không? / Is there an ATM near Bui Vien Street?,cityPhrase,explore-next,phrase,Phố Bùi Viện,audio-authored-pho-bui-vien-120e855cda
P2_planned_audio,viet-family-city-hcmc-atm-bui-vien-street,Có ATM gần Phố Bùi Viện không? / Is there an ATM near Bui Vien Street?,cityPhrase,explore-next,phrase,Ăn gần Phố Bùi Viện,audio-authored-an-gan-pho-bui-vien-2f41bfb84c
P2_planned_audio,viet-family-city-hcmc-atm-bui-vien-street,Có ATM gần Phố Bùi Viện không? / Is there an ATM near Bui Vien Street?,cityPhrase,explore-next,phrase,Đi phố Bùi Viện,audio-authored-di-pho-bui-vien-bf4d099a84
P2_planned_audio,viet-family-city-hcmc-atm-bui-vien-street,Có ATM gần Phố Bùi Viện không? / Is there an ATM near Bui Vien Street?,cityPhrase,explore-next,phrase,Dừng ở Phố Bùi Viện,audio-authored-dung-o-pho-bui-vien-8e360550f7
P2_planned_audio,viet-family-city-hcmc-atm-bui-vien-street,Có ATM gần Phố Bùi Viện không? / Is there an ATM near Bui Vien Street?,cityPhrase,explore-next,phrase,Phố Bùi Viện ở đâu?,audio-authored-pho-bui-vien-o-dau-af041ae0ba
P2_planned_audio,viet-family-city-hcmc-atm-central-post-office,Có ATM gần Bưu điện Thành phố không? / Is there an ATM near Central Post Office?,cityPhrase,hero,hero,Có ATM gần Bưu điện Thành phố không?,audio-authored-co-atm-gan-buu-dien-thanh-pho-khong-9c4a3814fc
P2_planned_audio,viet-family-city-hcmc-atm-central-post-office,Có ATM gần Bưu điện Thành phố không? / Is there an ATM near Central Post Office?,cityPhrase,explore-next,phrase,Bưu điện Thành phố,audio-authored-buu-dien-thanh-pho-d72b512408
P2_planned_audio,viet-family-city-hcmc-atm-central-post-office,Có ATM gần Bưu điện Thành phố không? / Is there an ATM near Central Post Office?,cityPhrase,explore-next,phrase,Ăn gần Bưu điện Thành phố,audio-authored-an-gan-buu-dien-thanh-pho-aa67f2225e
P2_planned_audio,viet-family-city-hcmc-atm-central-post-office,Có ATM gần Bưu điện Thành phố không? / Is there an ATM near Central Post Office?,cityPhrase,explore-next,phrase,Đi Bưu điện Thành phố,audio-authored-di-buu-dien-thanh-pho-5af453b793
P2_planned_audio,viet-family-city-hcmc-atm-central-post-office,Có ATM gần Bưu điện Thành phố không? / Is there an ATM near Central Post Office?,cityPhrase,explore-next,phrase,Dừng ở Bưu điện Thành phố,audio-authored-dung-o-buu-dien-thanh-pho-fd9dd5c592
P2_planned_audio,viet-family-city-hcmc-atm-central-post-office,Có ATM gần Bưu điện Thành phố không? / Is there an ATM near Central Post Office?,cityPhrase,explore-next,phrase,Cho tôi đến Bưu điện Thành phố,audio-authored-cho-toi-den-buu-dien-thanh-pho-ed4f71aa24
P2_planned_audio,viet-family-city-hcmc-atm-cho-lon,Có ATM gần Chợ Lớn không? / Is there an ATM near Cho Lon?,cityPhrase,hero,hero,Có ATM gần Chợ Lớn không?,audio-authored-co-atm-gan-cho-lon-khong-a2cedeccb1
P2_planned_audio,viet-family-city-hcmc-atm-cho-lon,Có ATM gần Chợ Lớn không? / Is there an ATM near Cho Lon?,cityPhrase,explore-next,phrase,Chợ Lớn,audio-authored-cho-lon-108164c159
P2_planned_audio,viet-family-city-hcmc-atm-cho-lon,Có ATM gần Chợ Lớn không? / Is there an ATM near Cho Lon?,cityPhrase,explore-next,phrase,Ăn gần Chợ Lớn,audio-authored-an-gan-cho-lon-7ebd88d5bc
P2_planned_audio,viet-family-city-hcmc-atm-cho-lon,Có ATM gần Chợ Lớn không? / Is there an ATM near Cho Lon?,cityPhrase,explore-next,phrase,Đi Chợ Lớn,audio-authored-di-cho-lon-c0b21b04e7
P2_planned_audio,viet-family-city-hcmc-atm-cho-lon,Có ATM gần Chợ Lớn không? / Is there an ATM near Cho Lon?,cityPhrase,explore-next,phrase,Dừng ở Chợ Lớn,audio-authored-dung-o-cho-lon-b49d53ebe5
P2_planned_audio,viet-family-city-hcmc-atm-cho-lon,Có ATM gần Chợ Lớn không? / Is there an ATM near Cho Lon?,cityPhrase,explore-next,phrase,Chợ Lớn ở đâu?,audio-authored-cho-lon-o-dau-21b978d0a6
P2_planned_audio,viet-family-city-hcmc-atm-district-1,Có ATM gần Quận 1 không? / Is there an ATM near District 1?,cityPhrase,hero,hero,Có ATM gần Quận 1 không?,audio-authored-co-atm-gan-quan-1-khong-b451797f99
P2_planned_audio,viet-family-city-hcmc-atm-district-1,Có ATM gần Quận 1 không? / Is there an ATM near District 1?,cityPhrase,explore-next,phrase,Ăn gần Quận 1,audio-authored-an-gan-quan-1-cc70494074
P2_planned_audio,viet-family-city-hcmc-atm-district-1,Có ATM gần Quận 1 không? / Is there an ATM near District 1?,cityPhrase,explore-next,phrase,Cho tôi xuống ở Quận 1,audio-authored-cho-toi-xuong-o-quan-1-2bf9b4bc65
P2_planned_audio,viet-family-city-hcmc-atm-district-1,Có ATM gần Quận 1 không? / Is there an ATM near District 1?,cityPhrase,explore-next,phrase,Đến Quận 1,audio-authored-den-quan-1-a5d89ab95e
P2_planned_audio,viet-family-city-hcmc-atm-district-1,Có ATM gần Quận 1 không? / Is there an ATM near District 1?,cityPhrase,explore-next,phrase,Khách sạn ở Quận 1,audio-authored-khach-san-o-quan-1-f693507d24
P2_planned_audio,viet-family-city-hcmc-atm-dong-khoi-street,Có ATM gần Đường Đồng Khởi không? / Is there an ATM near Dong Khoi Street?,cityPhrase,hero,hero,Có ATM gần Đường Đồng Khởi không?,audio-authored-co-atm-gan-duong-dong-khoi-khong-6659b8770a
P2_planned_audio,viet-family-city-hcmc-atm-dong-khoi-street,Có ATM gần Đường Đồng Khởi không? / Is there an ATM near Dong Khoi Street?,cityPhrase,explore-next,phrase,Đường Đồng Khởi,audio-authored-duong-dong-khoi-c023621487
P2_planned_audio,viet-family-city-hcmc-atm-dong-khoi-street,Có ATM gần Đường Đồng Khởi không? / Is there an ATM near Dong Khoi Street?,cityPhrase,explore-next,phrase,Đi đường Đồng Khởi được không?,audio-authored-di-duong-dong-khoi-duoc-khong-c12f6ee6ef
P2_planned_audio,viet-family-city-hcmc-atm-dong-khoi-street,Có ATM gần Đường Đồng Khởi không? / Is there an ATM near Dong Khoi Street?,cityPhrase,explore-next,phrase,Ăn gần Đường Đồng Khởi,audio-authored-an-gan-duong-dong-khoi-5ae1823444
P2_planned_audio,viet-family-city-hcmc-atm-dong-khoi-street,Có ATM gần Đường Đồng Khởi không? / Is there an ATM near Dong Khoi Street?,cityPhrase,explore-next,phrase,Đi Đường Đồng Khởi,audio-authored-di-duong-dong-khoi-10aafc4bb4
P2_planned_audio,viet-family-city-hcmc-atm-dong-khoi-street,Có ATM gần Đường Đồng Khởi không? / Is there an ATM near Dong Khoi Street?,cityPhrase,explore-next,phrase,Dừng ở Đường Đồng Khởi,audio-authored-dung-o-duong-dong-khoi-6c50fba404
P2_planned_audio,viet-family-city-hcmc-atm-fine-arts-museum,Có ATM gần Bảo tàng Mỹ thuật không? / Is there an ATM near Fine Arts Museum?,cityPhrase,hero,hero,Có ATM gần Bảo tàng Mỹ thuật không?,audio-authored-co-atm-gan-bao-tang-my-thuat-khong-785e6d9149
P2_planned_audio,viet-family-city-hcmc-atm-fine-arts-museum,Có ATM gần Bảo tàng Mỹ thuật không? / Is there an ATM near Fine Arts Museum?,cityPhrase,explore-next,phrase,Bảo tàng Mỹ thuật,audio-authored-bao-tang-my-thuat-7c89469d5f
P2_planned_audio,viet-family-city-hcmc-atm-fine-arts-museum,Có ATM gần Bảo tàng Mỹ thuật không? / Is there an ATM near Fine Arts Museum?,cityPhrase,explore-next,phrase,Đi Bảo tàng Mỹ thuật,audio-authored-di-bao-tang-my-thuat-034e4d12ac
P2_planned_audio,viet-family-city-hcmc-atm-fine-arts-museum,Có ATM gần Bảo tàng Mỹ thuật không? / Is there an ATM near Fine Arts Museum?,cityPhrase,explore-next,phrase,Dừng ở Bảo tàng Mỹ thuật,audio-authored-dung-o-bao-tang-my-thuat-6a9c3c6ecb
P2_planned_audio,viet-family-city-hcmc-atm-fine-arts-museum,Có ATM gần Bảo tàng Mỹ thuật không? / Is there an ATM near Fine Arts Museum?,cityPhrase,explore-next,phrase,Bảo tàng Mỹ thuật ở đâu?,audio-authored-bao-tang-my-thuat-o-dau-d330029534
P2_planned_audio,viet-family-city-hcmc-atm-ho-thi-ky-flower-market,Có ATM gần Chợ hoa Hồ Thị Kỷ không? / Is there an ATM near Ho Thi Ky Flower Market?,cityPhrase,hero,hero,Có ATM gần Chợ hoa Hồ Thị Kỷ không?,audio-authored-co-atm-gan-cho-hoa-ho-thi-ky-khong-830fa38e8f
P2_planned_audio,viet-family-city-hcmc-atm-ho-thi-ky-flower-market,Có ATM gần Chợ hoa Hồ Thị Kỷ không? / Is there an ATM near Ho Thi Ky Flower Market?,cityPhrase,explore-next,phrase,Chợ hoa Hồ Thị Kỷ,audio-authored-cho-hoa-ho-thi-ky-6c536fe596
P2_planned_audio,viet-family-city-hcmc-atm-ho-thi-ky-flower-market,Có ATM gần Chợ hoa Hồ Thị Kỷ không? / Is there an ATM near Ho Thi Ky Flower Market?,cityPhrase,explore-next,phrase,Lối vào Chợ hoa Hồ Thị Kỷ ở đâu?,audio-authored-loi-vao-cho-hoa-ho-thi-ky-o-dau-3e8f57ff81
P2_planned_audio,viet-family-city-hcmc-atm-ho-thi-ky-flower-market,Có ATM gần Chợ hoa Hồ Thị Kỷ không? / Is there an ATM near Ho Thi Ky Flower Market?,cityPhrase,explore-next,phrase,Đi Chợ hoa Hồ Thị Kỷ,audio-authored-di-cho-hoa-ho-thi-ky-33435a6064
P2_planned_audio,viet-family-city-hcmc-atm-ho-thi-ky-flower-market,Có ATM gần Chợ hoa Hồ Thị Kỷ không? / Is there an ATM near Ho Thi Ky Flower Market?,cityPhrase,explore-next,phrase,Chợ hoa Hồ Thị Kỷ gần đây không?,audio-authored-cho-hoa-ho-thi-ky-gan-day-khong-cfdb5385b1
P2_planned_audio,viet-family-city-hcmc-atm-ho-thi-ky-flower-market,Có ATM gần Chợ hoa Hồ Thị Kỷ không? / Is there an ATM near Ho Thi Ky Flower Market?,cityPhrase,explore-next,phrase,Dừng ở Chợ hoa Hồ Thị Kỷ,audio-authored-dung-o-cho-hoa-ho-thi-ky-c3021e9b10
P2_planned_audio,viet-family-city-hcmc-atm-nguyen-hue,Có ATM gần phố đi bộ Nguyễn Huệ không? / Is there an ATM near Nguyen Hue Walking Street?,cityPhrase,hero,hero,Có ATM gần phố đi bộ Nguyễn Huệ không?,audio-authored-co-atm-gan-pho-di-bo-nguyen-hue-khong-cafd461604
P2_planned_audio,viet-family-city-hcmc-atm-nguyen-hue,Có ATM gần phố đi bộ Nguyễn Huệ không? / Is there an ATM near Nguyen Hue Walking Street?,cityPhrase,explore-next,phrase,Phố đi bộ Nguyễn Huệ,audio-authored-pho-di-bo-nguyen-hue-2bf0e11ba1
P2_planned_audio,viet-family-city-hcmc-atm-nguyen-hue,Có ATM gần phố đi bộ Nguyễn Huệ không? / Is there an ATM near Nguyen Hue Walking Street?,cityPhrase,explore-next,phrase,Đi Phố đi bộ Nguyễn Huệ,audio-authored-di-pho-di-bo-nguyen-hue-388af5bd52
P2_planned_audio,viet-family-city-hcmc-atm-nguyen-hue,Có ATM gần phố đi bộ Nguyễn Huệ không? / Is there an ATM near Nguyen Hue Walking Street?,cityPhrase,explore-next,phrase,Phố đi bộ Nguyễn Huệ gần đây không?,audio-authored-pho-di-bo-nguyen-hue-gan-day-khong-bf41ef1860
P2_planned_audio,viet-family-city-hcmc-atm-nguyen-hue,Có ATM gần phố đi bộ Nguyễn Huệ không? / Is there an ATM near Nguyen Hue Walking Street?,cityPhrase,explore-next,phrase,Dừng ở phố đi bộ Nguyễn Huệ,audio-authored-dung-o-pho-di-bo-nguyen-hue-3583dd105a
P2_planned_audio,viet-family-city-hcmc-go-independence-palace,Đi Dinh Độc Lập / Go to Independence Palace,cityPhrase,hero,hero,Đi Dinh Độc Lập,audio-authored-di-dinh-doc-lap-ffe331e6db
P2_planned_audio,viet-family-city-hcmc-go-independence-palace,Đi Dinh Độc Lập / Go to Independence Palace,cityPhrase,explore-next,phrase,Dinh Độc Lập,audio-authored-dinh-doc-lap-1772cc060a
P2_planned_audio,viet-family-city-hcmc-go-independence-palace,Đi Dinh Độc Lập / Go to Independence Palace,cityPhrase,explore-next,phrase,Dừng ở Dinh Độc Lập,audio-authored-dung-o-dinh-doc-lap-00ff7f01f1
P2_planned_audio,viet-family-city-hcmc-go-independence-palace,Đi Dinh Độc Lập / Go to Independence Palace,cityPhrase,explore-next,phrase,Một vé vào Dinh Độc Lập,audio-authored-mot-ve-vao-dinh-doc-lap-3694b08e5b
P2_planned_audio,viet-family-city-hcmc-go-independence-palace,Đi Dinh Độc Lập / Go to Independence Palace,cityPhrase,explore-next,phrase,Tôi muốn đến Dinh Độc Lập,audio-authored-toi-muon-den-dinh-doc-lap-4721c55c6e
P2_planned_audio,viet-family-city-hcmc-go-independence-palace,Đi Dinh Độc Lập / Go to Independence Palace,cityPhrase,explore-next,phrase,Dinh Độc Lập ở đâu?,audio-authored-dinh-doc-lap-o-dau-8cdff0e827
P2_planned_audio,viet-family-city-hcmc-go-jade-emperor-pagoda,Đi Chùa Ngọc Hoàng / Go to Jade Emperor Pagoda,cityPhrase,hero,hero,Đi Chùa Ngọc Hoàng,audio-authored-di-chua-ngoc-hoang-2253e39eb1
P2_planned_audio,viet-family-city-hcmc-go-jade-emperor-pagoda,Đi Chùa Ngọc Hoàng / Go to Jade Emperor Pagoda,cityPhrase,explore-next,phrase,Chùa Ngọc Hoàng,audio-authored-chua-ngoc-hoang-44ffea01a3
P2_planned_audio,viet-family-city-hcmc-go-jade-emperor-pagoda,Đi Chùa Ngọc Hoàng / Go to Jade Emperor Pagoda,cityPhrase,explore-next,phrase,Dừng ở Chùa Ngọc Hoàng,audio-authored-dung-o-chua-ngoc-hoang-95f4b0d26d
P2_planned_audio,viet-family-city-hcmc-go-jade-emperor-pagoda,Đi Chùa Ngọc Hoàng / Go to Jade Emperor Pagoda,cityPhrase,explore-next,phrase,Chùa Ngọc Hoàng ở đâu?,audio-authored-chua-ngoc-hoang-o-dau-e5f739e803
P2_planned_audio,viet-family-city-hcmc-go-landmark-81,Đi Landmark 81 / Go to Landmark 81,cityPhrase,hero,hero,Đi Landmark 81,audio-authored-di-landmark-81-6f8c52e19c
P2_planned_audio,viet-family-city-hcmc-go-landmark-81,Đi Landmark 81 / Go to Landmark 81,cityPhrase,explore-next,phrase,Landmark 81,audio-authored-landmark-81-23977f8a15
P2_planned_audio,viet-family-city-hcmc-go-landmark-81,Đi Landmark 81 / Go to Landmark 81,cityPhrase,explore-next,phrase,Dừng ở Landmark 81,audio-authored-dung-o-landmark-81-133cdefc4c
P2_planned_audio,viet-family-city-hcmc-go-landmark-81,Đi Landmark 81 / Go to Landmark 81,cityPhrase,explore-next,phrase,Landmark 81 ở đâu?,audio-authored-landmark-81-o-dau-1b89a21ced
P2_planned_audio,viet-family-city-hcmc-go-le-thanh-ton-street,Đi Đường Lê Thánh Tôn / Go to Le Thanh Ton Street,cityPhrase,hero,hero,Đi Đường Lê Thánh Tôn,audio-authored-di-duong-le-thanh-ton-32224dd281
P2_planned_audio,viet-family-city-hcmc-go-le-thanh-ton-street,Đi Đường Lê Thánh Tôn / Go to Le Thanh Ton Street,cityPhrase,explore-next,phrase,Đường Lê Thánh Tôn,audio-authored-duong-le-thanh-ton-da11debdb4
P2_planned_audio,viet-family-city-hcmc-go-le-thanh-ton-street,Đi Đường Lê Thánh Tôn / Go to Le Thanh Ton Street,cityPhrase,explore-next,phrase,Dừng ở Đường Lê Thánh Tôn,audio-authored-dung-o-duong-le-thanh-ton-903b634e21
P2_planned_audio,viet-family-city-hcmc-go-nguyen-trai-street,Đi Đường Nguyễn Trãi / Go to Nguyen Trai Street,cityPhrase,hero,hero,Đi Đường Nguyễn Trãi,audio-authored-di-duong-nguyen-trai-ef9d860e6c
P2_planned_audio,viet-family-city-hcmc-go-nguyen-trai-street,Đi Đường Nguyễn Trãi / Go to Nguyen Trai Street,cityPhrase,explore-next,phrase,Đường Nguyễn Trãi,audio-authored-duong-nguyen-trai-02c6b2e488
P2_planned_audio,viet-family-city-hcmc-go-nguyen-trai-street,Đi Đường Nguyễn Trãi / Go to Nguyen Trai Street,cityPhrase,explore-next,phrase,Dừng ở Đường Nguyễn Trãi,audio-authored-dung-o-duong-nguyen-trai-810ac12f79
P2_planned_audio,viet-family-city-hcmc-go-notre-dame,Đi Nhà thờ Đức Bà Sài Gòn / Go to Saigon Notre-Dame Cathedral,cityPhrase,hero,hero,Đi Nhà thờ Đức Bà Sài Gòn,audio-authored-di-nha-tho-duc-ba-sai-gon-275ed2930a
P2_planned_audio,viet-family-city-hcmc-go-notre-dame,Đi Nhà thờ Đức Bà Sài Gòn / Go to Saigon Notre-Dame Cathedral,cityPhrase,explore-next,phrase,Nhà thờ Đức Bà Sài Gòn,audio-authored-nha-tho-duc-ba-sai-gon-65fbc315f7
P2_planned_audio,viet-family-city-hcmc-go-notre-dame,Đi Nhà thờ Đức Bà Sài Gòn / Go to Saigon Notre-Dame Cathedral,cityPhrase,explore-next,phrase,Dừng ở Nhà thờ Đức Bà Sài Gòn,audio-authored-dung-o-nha-tho-duc-ba-sai-gon-647afbcd46
P2_planned_audio,viet-family-city-hcmc-go-notre-dame,Đi Nhà thờ Đức Bà Sài Gòn / Go to Saigon Notre-Dame Cathedral,cityPhrase,explore-next,phrase,Nhà thờ Đức Bà Sài Gòn ở đâu?,audio-authored-nha-tho-duc-ba-sai-gon-o-dau-725bb5e1cf
P2_planned_audio,viet-family-city-hcmc-go-opera-house,Đi Nhà hát Thành phố / Go to Saigon Opera House,cityPhrase,hero,hero,Đi Nhà hát Thành phố,audio-authored-di-nha-hat-thanh-pho-d3112bb255
P2_planned_audio,viet-family-city-hcmc-go-opera-house,Đi Nhà hát Thành phố / Go to Saigon Opera House,cityPhrase,explore-next,phrase,Nhà hát Thành phố,audio-authored-nha-hat-thanh-pho-ce9596ab88
P2_planned_audio,viet-family-city-hcmc-go-opera-house,Đi Nhà hát Thành phố / Go to Saigon Opera House,cityPhrase,explore-next,phrase,Dừng ở Nhà hát Thành phố,audio-authored-dung-o-nha-hat-thanh-pho-bf139c0758
P2_planned_audio,viet-family-city-hcmc-go-opera-house,Đi Nhà hát Thành phố / Go to Saigon Opera House,cityPhrase,explore-next,phrase,Nhà hát Thành phố ở đâu?,audio-authored-nha-hat-thanh-pho-o-dau-afa728f5c4
P2_planned_audio,viet-family-city-hcmc-go-pasteur-street,Đi Đường Pasteur / Go to Pasteur Street,cityPhrase,hero,hero,Đi Đường Pasteur,audio-authored-di-duong-pasteur-06f740c791
P2_planned_audio,viet-family-city-hcmc-go-pasteur-street,Đi Đường Pasteur / Go to Pasteur Street,cityPhrase,explore-next,phrase,Đường Pasteur,audio-authored-duong-pasteur-67fc5488cf
P2_planned_audio,viet-family-city-hcmc-go-pasteur-street,Đi Đường Pasteur / Go to Pasteur Street,cityPhrase,explore-next,phrase,Dừng ở Đường Pasteur,audio-authored-dung-o-duong-pasteur-c7b28db040
P2_planned_audio,viet-family-city-hcmc-go-pham-ngu-lao-street,Đi Phố Phạm Ngũ Lão / Go to Pham Ngu Lao Street,cityPhrase,hero,hero,Đi Phố Phạm Ngũ Lão,audio-authored-di-pho-pham-ngu-lao-5b513ecafe
P2_planned_audio,viet-family-city-hcmc-go-pham-ngu-lao-street,Đi Phố Phạm Ngũ Lão / Go to Pham Ngu Lao Street,cityPhrase,explore-next,phrase,Phố Phạm Ngũ Lão,audio-authored-pho-pham-ngu-lao-98f8f45da5
P2_planned_audio,viet-family-city-hcmc-go-pham-ngu-lao-street,Đi Phố Phạm Ngũ Lão / Go to Pham Ngu Lao Street,cityPhrase,explore-next,phrase,Dừng ở Phố Phạm Ngũ Lão,audio-authored-dung-o-pho-pham-ngu-lao-e517964405
P2_planned_audio,viet-family-city-hcmc-go-pho-hoa-pasteur,Đi Phở Hòa Pasteur / Go to Pho Hoa Pasteur,cityPhrase,hero,hero,Đi Phở Hòa Pasteur,audio-authored-di-pho-hoa-pasteur-94bf976583
P2_planned_audio,viet-family-city-hcmc-go-pho-hoa-pasteur,Đi Phở Hòa Pasteur / Go to Pho Hoa Pasteur,cityPhrase,explore-next,phrase,Phở Hòa Pasteur,audio-authored-pho-hoa-pasteur-8a55612d65
P2_planned_audio,viet-family-city-hcmc-go-pho-hoa-pasteur,Đi Phở Hòa Pasteur / Go to Pho Hoa Pasteur,cityPhrase,explore-next,phrase,Phở Hòa Pasteur ở đâu?,audio-authored-pho-hoa-pasteur-o-dau-5eb3dcb7e8
P2_planned_audio,viet-family-city-hcmc-go-saigon-river,Đi Sông Sài Gòn / Go to Saigon River,cityPhrase,hero,hero,Đi Sông Sài Gòn,audio-authored-di-song-sai-gon-c9429e52c7
P2_planned_audio,viet-family-city-hcmc-go-saigon-river,Đi Sông Sài Gòn / Go to Saigon River,cityPhrase,explore-next,phrase,Sông Sài Gòn,audio-authored-song-sai-gon-76ad5580da
P2_planned_audio,viet-family-city-hcmc-go-saigon-river,Đi Sông Sài Gòn / Go to Saigon River,cityPhrase,explore-next,phrase,Sông Sài Gòn ở đâu?,audio-authored-song-sai-gon-o-dau-37528758e2
P2_planned_audio,viet-family-city-hcmc-go-tan-son-nhat-airport,Đi Sân bay Tân Sơn Nhất / Go to Tan Son Nhat Airport,cityPhrase,hero,hero,Đi Sân bay Tân Sơn Nhất,audio-authored-di-san-bay-tan-son-nhat-4360f3fa57
P2_planned_audio,viet-family-city-hcmc-go-tan-son-nhat-airport,Đi Sân bay Tân Sơn Nhất / Go to Tan Son Nhat Airport,cityPhrase,explore-next,phrase,Sân bay Tân Sơn Nhất,audio-authored-san-bay-tan-son-nhat-eece10f965
P2_planned_audio,viet-family-city-hcmc-go-tan-son-nhat-airport,Đi Sân bay Tân Sơn Nhất / Go to Tan Son Nhat Airport,cityPhrase,explore-next,phrase,Sân bay Tân Sơn Nhất ở đâu?,audio-authored-san-bay-tan-son-nhat-o-dau-4821b02591
P2_planned_audio,viet-family-city-hcmc-go-tao-dan-park,Đi Công viên Tao Đàn / Go to Tao Dan Park,cityPhrase,hero,hero,Đi Công viên Tao Đàn,audio-authored-di-cong-vien-tao-dan-05d2ca6c3d
P2_planned_audio,viet-family-city-hcmc-go-tao-dan-park,Đi Công viên Tao Đàn / Go to Tao Dan Park,cityPhrase,explore-next,phrase,Công viên Tao Đàn,audio-authored-cong-vien-tao-dan-5bef9b2155
P2_planned_audio,viet-family-city-hcmc-go-tao-dan-park,Đi Công viên Tao Đàn / Go to Tao Dan Park,cityPhrase,explore-next,phrase,Công viên Tao Đàn ở đâu?,audio-authored-cong-vien-tao-dan-o-dau-c216a087b7
P2_planned_audio,viet-family-city-hcmc-go-thao-dien,Đi Thảo Điền / Go to Thao Dien,cityPhrase,hero,hero,Đi Thảo Điền,audio-authored-di-thao-dien-f3e165f472
P2_planned_audio,viet-family-city-hcmc-go-thao-dien,Đi Thảo Điền / Go to Thao Dien,cityPhrase,explore-next,phrase,Thảo Điền,audio-authored-thao-dien-7bbac64f94
P2_planned_audio,viet-family-city-hcmc-go-turtle-lake,Đi Hồ Con Rùa / Go to Turtle Lake,cityPhrase,hero,hero,Đi Hồ Con Rùa,audio-authored-di-ho-con-rua-cdefc6abe1
P2_planned_audio,viet-family-city-hcmc-go-turtle-lake,Đi Hồ Con Rùa / Go to Turtle Lake,cityPhrase,explore-next,phrase,Hồ Con Rùa,audio-authored-ho-con-rua-05c5dc7f57
P2_planned_audio,viet-family-city-hcmc-go-turtle-lake,Đi Hồ Con Rùa / Go to Turtle Lake,cityPhrase,explore-next,phrase,Hồ Con Rùa ở đâu?,audio-authored-ho-con-rua-o-dau-23d570c98b
P2_planned_audio,viet-family-city-hcmc-go-war-remnants-museum,Đi Bảo tàng Chứng tích Chiến tranh / Go to War Remnants Museum,cityPhrase,hero,hero,Đi Bảo tàng Chứng tích Chiến tranh,audio-authored-di-bao-tang-chung-tich-chien-tranh-8dd16cb68c
P2_planned_audio,viet-family-city-hcmc-go-war-remnants-museum,Đi Bảo tàng Chứng tích Chiến tranh / Go to War Remnants Museum,cityPhrase,explore-next,phrase,Bảo tàng Chứng tích Chiến tranh,audio-authored-bao-tang-chung-tich-chien-tranh-2b98ad2fdc
P2_planned_audio,viet-family-city-hcmc-go-war-remnants-museum,Đi Bảo tàng Chứng tích Chiến tranh / Go to War Remnants Museum,cityPhrase,explore-next,phrase,Bảo tàng Chứng tích Chiến tranh ở đâu?,audio-authored-bao-tang-chung-tich-chien-tranh-o-dau-2c7524d041
P2_planned_audio,viet-family-city-hcmc-go-zoo-botanical-gardens,Đi Thảo Cầm Viên Sài Gòn / Go to Saigon Zoo and Botanical Gardens,cityPhrase,hero,hero,Đi Thảo Cầm Viên Sài Gòn,audio-authored-di-thao-cam-vien-sai-gon-bab5b74bd4
P2_planned_audio,viet-family-city-hcmc-go-zoo-botanical-gardens,Đi Thảo Cầm Viên Sài Gòn / Go to Saigon Zoo and Botanical Gardens,cityPhrase,explore-next,phrase,Thảo Cầm Viên Sài Gòn,audio-authored-thao-cam-vien-sai-gon-d9cacc4157
P2_planned_audio,viet-family-city-hcmc-go-zoo-botanical-gardens,Đi Thảo Cầm Viên Sài Gòn / Go to Saigon Zoo and Botanical Gardens,cityPhrase,explore-next,phrase,Thảo Cầm Viên Sài Gòn ở đâu?,audio-authored-thao-cam-vien-sai-gon-o-dau-5c612fd528
P2_planned_audio,viet-family-city-hcmc-near-binh-tay-market,Chợ Bình Tây gần đây không? / Is Binh Tay Market near here?,cityPhrase,hero,hero,Chợ Bình Tây gần đây không?,audio-authored-cho-binh-tay-gan-day-khong-0443e728c0
P2_planned_audio,viet-family-city-hcmc-near-district-1,Quận 1 gần đây không? / Is District 1 near here?,cityPhrase,hero,hero,Quận 1 gần đây không?,audio-authored-quan-1-gan-day-khong-cac5063d07
P2_planned_audio,viet-family-city-hcmc-pharmacy-ben-thanh,Có nhà thuốc gần chợ Bến Thành không? / Is there a pharmacy near Ben Thanh Market?,cityPhrase,hero,hero,Có nhà thuốc gần chợ Bến Thành không?,audio-authored-co-nha-thuoc-gan-cho-ben-thanh-khong-55a3ec5038
P2_planned_audio,viet-family-city-hcmc-sim-ben-thanh,Tôi muốn mua SIM gần chợ Bến Thành / I want to buy a SIM near Ben Thanh Market,cityPhrase,hero,hero,Tôi muốn mua SIM gần chợ Bến Thành,audio-authored-toi-muon-mua-sim-gan-cho-ben-thanh-ddfae9b82c
P2_planned_audio,viet-family-city-hoian-atm-an-bang-beach,Có ATM gần Biển An Bàng không? / Is there an ATM near An Bang Beach?,cityPhrase,hero,hero,Có ATM gần Biển An Bàng không?,audio-authored-co-atm-gan-bien-an-bang-khong-a9404f64e1
P2_planned_audio,viet-family-city-hoian-atm-an-bang-beach,Có ATM gần Biển An Bàng không? / Is there an ATM near An Bang Beach?,cityPhrase,explore-next,phrase,Biển An Bàng,audio-authored-bien-an-bang-75a08f8df0
P2_planned_audio,viet-family-city-hoian-atm-an-bang-beach,Có ATM gần Biển An Bàng không? / Is there an ATM near An Bang Beach?,cityPhrase,explore-next,phrase,Ăn gần Biển An Bàng,audio-authored-an-gan-bien-an-bang-6d99e60f99
P2_planned_audio,viet-family-city-hoian-atm-an-bang-beach,Có ATM gần Biển An Bàng không? / Is there an ATM near An Bang Beach?,cityPhrase,explore-next,phrase,Đi biển An Bàng,audio-authored-di-bien-an-bang-6cd96610be
P2_planned_audio,viet-family-city-hoian-atm-an-bang-beach,Có ATM gần Biển An Bàng không? / Is there an ATM near An Bang Beach?,cityPhrase,explore-next,phrase,Biển An Bàng gần đây không?,audio-authored-bien-an-bang-gan-day-khong-74e1753e5d
P2_planned_audio,viet-family-city-hoian-atm-an-bang-beach,Có ATM gần Biển An Bàng không? / Is there an ATM near An Bang Beach?,cityPhrase,explore-next,phrase,Dừng ở Biển An Bàng,audio-authored-dung-o-bien-an-bang-5187c7ad0a
P2_planned_audio,viet-family-city-hoian-atm-an-hoi-island,Có ATM gần Đảo An Hội không? / Is there an ATM near An Hoi Island?,cityPhrase,hero,hero,Có ATM gần Đảo An Hội không?,audio-authored-co-atm-gan-dao-an-hoi-khong-a6cd542db6
P2_planned_audio,viet-family-city-hoian-atm-an-hoi-island,Có ATM gần Đảo An Hội không? / Is there an ATM near An Hoi Island?,cityPhrase,explore-next,phrase,Đảo An Hội,audio-authored-dao-an-hoi-caf3fa03f4
P2_planned_audio,viet-family-city-hoian-atm-an-hoi-island,Có ATM gần Đảo An Hội không? / Is there an ATM near An Hoi Island?,cityPhrase,explore-next,phrase,Ăn gần Đảo An Hội,audio-authored-an-gan-dao-an-hoi-f28c97fe87
P2_planned_audio,viet-family-city-hoian-atm-an-hoi-island,Có ATM gần Đảo An Hội không? / Is there an ATM near An Hoi Island?,cityPhrase,explore-next,phrase,Đi Đảo An Hội,audio-authored-di-dao-an-hoi-d45ff0c575
P2_planned_audio,viet-family-city-hoian-atm-an-hoi-island,Có ATM gần Đảo An Hội không? / Is there an ATM near An Hoi Island?,cityPhrase,explore-next,phrase,Đảo An Hội gần đây không?,audio-authored-dao-an-hoi-gan-day-khong-e7a068e081
P2_planned_audio,viet-family-city-hoian-atm-an-hoi-island,Có ATM gần Đảo An Hội không? / Is there an ATM near An Hoi Island?,cityPhrase,explore-next,phrase,Dừng ở Đảo An Hội,audio-authored-dung-o-dao-an-hoi-6eeda6a703
P2_planned_audio,viet-family-city-hoian-atm-ancient-town,Có ATM gần Phố cổ Hội An không? / Is there an ATM near Hoi An Ancient Town?,cityPhrase,hero,hero,Có ATM gần Phố cổ Hội An không?,audio-authored-co-atm-gan-pho-co-hoi-an-khong-e4f686e323
P2_planned_audio,viet-family-city-hoian-atm-ancient-town,Có ATM gần Phố cổ Hội An không? / Is there an ATM near Hoi An Ancient Town?,cityPhrase,explore-next,phrase,Phố cổ Hội An,audio-authored-pho-co-hoi-an-dad0e3f293
P2_planned_audio,viet-family-city-hoian-atm-ancient-town,Có ATM gần Phố cổ Hội An không? / Is there an ATM near Hoi An Ancient Town?,cityPhrase,explore-next,phrase,Ăn gần Phố cổ Hội An,audio-authored-an-gan-pho-co-hoi-an-f957116c2e
P2_planned_audio,viet-family-city-hoian-atm-ancient-town,Có ATM gần Phố cổ Hội An không? / Is there an ATM near Hoi An Ancient Town?,cityPhrase,explore-next,phrase,Đi phố cổ Hội An,audio-authored-di-pho-co-hoi-an-0b3cb4f051
P2_planned_audio,viet-family-city-hoian-atm-ancient-town,Có ATM gần Phố cổ Hội An không? / Is there an ATM near Hoi An Ancient Town?,cityPhrase,explore-next,phrase,Phố cổ Hội An gần đây không?,audio-authored-pho-co-hoi-an-gan-day-khong-59789659cf
P2_planned_audio,viet-family-city-hoian-atm-ancient-town,Có ATM gần Phố cổ Hội An không? / Is there an ATM near Hoi An Ancient Town?,cityPhrase,explore-next,phrase,Có nhà thuốc gần phố cổ Hội An không?,audio-authored-co-nha-thuoc-gan-pho-co-hoi-an-khong-51df1e4d86
P2_planned_audio,viet-family-city-hoian-atm-banh-mi-phuong,Có ATM gần Bánh mì Phượng không? / Is there an ATM near Banh Mi Phuong?,cityPhrase,hero,hero,Có ATM gần Bánh mì Phượng không?,audio-authored-co-atm-gan-banh-mi-phuong-khong-15a4d387fc
P2_planned_audio,viet-family-city-hoian-atm-banh-mi-phuong,Có ATM gần Bánh mì Phượng không? / Is there an ATM near Banh Mi Phuong?,cityPhrase,explore-next,phrase,Bánh mì Phượng,audio-authored-banh-mi-phuong-db1ed9143b
P2_planned_audio,viet-family-city-hoian-atm-banh-mi-phuong,Có ATM gần Bánh mì Phượng không? / Is there an ATM near Banh Mi Phuong?,cityPhrase,explore-next,phrase,Đi Bánh mì Phượng,audio-authored-di-banh-mi-phuong-b2fd1a1de0
P2_planned_audio,viet-family-city-hoian-atm-banh-mi-phuong,Có ATM gần Bánh mì Phượng không? / Is there an ATM near Banh Mi Phuong?,cityPhrase,explore-next,phrase,Dừng ở Bánh mì Phượng,audio-authored-dung-o-banh-mi-phuong-9547c6b0f2
P2_planned_audio,viet-family-city-hoian-atm-banh-mi-phuong,Có ATM gần Bánh mì Phượng không? / Is there an ATM near Banh Mi Phuong?,cityPhrase,explore-next,phrase,Bánh mì Phượng ở đâu?,audio-authored-banh-mi-phuong-o-dau-643763e37d
P2_planned_audio,viet-family-city-hoian-atm-bay-mau-coconut-forest,Có ATM gần Rừng dừa Bảy Mẫu không? / Is there an ATM near Bay Mau Coconut Forest?,cityPhrase,hero,hero,Có ATM gần Rừng dừa Bảy Mẫu không?,audio-authored-co-atm-gan-rung-dua-bay-mau-khong-6d413e03d8
P2_planned_audio,viet-family-city-hoian-atm-bay-mau-coconut-forest,Có ATM gần Rừng dừa Bảy Mẫu không? / Is there an ATM near Bay Mau Coconut Forest?,cityPhrase,explore-next,phrase,Rừng dừa Bảy Mẫu,audio-authored-rung-dua-bay-mau-86616e4ba7
P2_planned_audio,viet-family-city-hoian-atm-bay-mau-coconut-forest,Có ATM gần Rừng dừa Bảy Mẫu không? / Is there an ATM near Bay Mau Coconut Forest?,cityPhrase,explore-next,phrase,Đi Rừng dừa Bảy Mẫu,audio-authored-di-rung-dua-bay-mau-78c8c159be
P2_planned_audio,viet-family-city-hoian-atm-bay-mau-coconut-forest,Có ATM gần Rừng dừa Bảy Mẫu không? / Is there an ATM near Bay Mau Coconut Forest?,cityPhrase,explore-next,phrase,Dừng ở Rừng dừa Bảy Mẫu,audio-authored-dung-o-rung-dua-bay-mau-438889b550
P2_planned_audio,viet-family-city-hoian-atm-bay-mau-coconut-forest,Có ATM gần Rừng dừa Bảy Mẫu không? / Is there an ATM near Bay Mau Coconut Forest?,cityPhrase,explore-next,phrase,Rừng dừa Bảy Mẫu ở đâu?,audio-authored-rung-dua-bay-mau-o-dau-d14b2e9317
P2_planned_audio,viet-family-city-hoian-atm-cam-chau,Có ATM gần Cẩm Châu không? / Is there an ATM near Cam Chau?,cityPhrase,hero,hero,Có ATM gần Cẩm Châu không?,audio-authored-co-atm-gan-cam-chau-khong-f04e7a1395
P2_planned_audio,viet-family-city-hoian-atm-cam-chau,Có ATM gần Cẩm Châu không? / Is there an ATM near Cam Chau?,cityPhrase,explore-next,phrase,Cẩm Châu,audio-authored-cam-chau-65e81d1042
P2_planned_audio,viet-family-city-hoian-atm-cam-chau,Có ATM gần Cẩm Châu không? / Is there an ATM near Cam Chau?,cityPhrase,explore-next,phrase,Đi Cẩm Châu,audio-authored-di-cam-chau-598e12233b
P2_planned_audio,viet-family-city-hoian-atm-cam-chau,Có ATM gần Cẩm Châu không? / Is there an ATM near Cam Chau?,cityPhrase,explore-next,phrase,Dừng ở Cẩm Châu,audio-authored-dung-o-cam-chau-12a12c864b
P2_planned_audio,viet-family-city-hoian-atm-cam-chau,Có ATM gần Cẩm Châu không? / Is there an ATM near Cam Chau?,cityPhrase,explore-next,phrase,Cẩm Châu ở đâu?,audio-authored-cam-chau-o-dau-bfc3b06dc7
P2_planned_audio,viet-family-city-hoian-atm-cam-nam,Có ATM gần Cẩm Nam không? / Is there an ATM near Cam Nam?,cityPhrase,hero,hero,Có ATM gần Cẩm Nam không?,audio-authored-co-atm-gan-cam-nam-khong-bb1e23749e
P2_planned_audio,viet-family-city-hoian-atm-cam-nam,Có ATM gần Cẩm Nam không? / Is there an ATM near Cam Nam?,cityPhrase,explore-next,phrase,Cẩm Nam,audio-authored-cam-nam-c0265f2b60
P2_planned_audio,viet-family-city-hoian-atm-cam-nam,Có ATM gần Cẩm Nam không? / Is there an ATM near Cam Nam?,cityPhrase,explore-next,phrase,Đi Cẩm Nam,audio-authored-di-cam-nam-0c90657f30
P2_planned_audio,viet-family-city-hoian-atm-cam-nam,Có ATM gần Cẩm Nam không? / Is there an ATM near Cam Nam?,cityPhrase,explore-next,phrase,Dừng ở Cẩm Nam,audio-authored-dung-o-cam-nam-41b3a8c608
P2_planned_audio,viet-family-city-hoian-atm-cam-nam,Có ATM gần Cẩm Nam không? / Is there an ATM near Cam Nam?,cityPhrase,explore-next,phrase,Cẩm Nam ở đâu?,audio-authored-cam-nam-o-dau-b6a67bb236
P2_planned_audio,viet-family-city-hoian-atm-cam-thanh-coconut-village,Có ATM gần Làng dừa Cẩm Thanh không? / Is there an ATM near Cam Thanh Coconut Village?,cityPhrase,hero,hero,Có ATM gần Làng dừa Cẩm Thanh không?,audio-authored-co-atm-gan-lang-dua-cam-thanh-khong-183ce98886
P2_planned_audio,viet-family-city-hoian-atm-cam-thanh-coconut-village,Có ATM gần Làng dừa Cẩm Thanh không? / Is there an ATM near Cam Thanh Coconut Village?,cityPhrase,explore-next,phrase,Làng dừa Cẩm Thanh,audio-authored-lang-dua-cam-thanh-b392e21530
P2_planned_audio,viet-family-city-hoian-atm-cam-thanh-coconut-village,Có ATM gần Làng dừa Cẩm Thanh không? / Is there an ATM near Cam Thanh Coconut Village?,cityPhrase,explore-next,phrase,Đi Làng dừa Cẩm Thanh,audio-authored-di-lang-dua-cam-thanh-482baa591c
P2_planned_audio,viet-family-city-hoian-atm-cam-thanh-coconut-village,Có ATM gần Làng dừa Cẩm Thanh không? / Is there an ATM near Cam Thanh Coconut Village?,cityPhrase,explore-next,phrase,Dừng ở Làng dừa Cẩm Thanh,audio-authored-dung-o-lang-dua-cam-thanh-ad2e913815
P2_planned_audio,viet-family-city-hoian-atm-cam-thanh-coconut-village,Có ATM gần Làng dừa Cẩm Thanh không? / Is there an ATM near Cam Thanh Coconut Village?,cityPhrase,explore-next,phrase,Làng dừa Cẩm Thanh ở đâu?,audio-authored-lang-dua-cam-thanh-o-dau-23fad27aa2
P2_planned_audio,viet-family-city-hoian-atm-cao-lau-city,Ở đây có cao lầu không? / Do you have cao lau here?,cityPhrase,hero,hero,Ở đây có cao lầu không?,audio-authored-o-day-co-cao-lau-khong-a4556ef6fb
P2_planned_audio,viet-family-city-hoian-atm-cao-lau-city,Ở đây có cao lầu không? / Do you have cao lau here?,cityPhrase,explore-next,phrase,Cao lầu ở Hội An,audio-authored-cao-lau-o-hoi-an-60088f31fc
P2_planned_audio,viet-family-city-hoian-atm-cao-lau-city,Ở đây có cao lầu không? / Do you have cao lau here?,cityPhrase,explore-next,phrase,Tôi muốn ăn cao lầu ở Hội An,audio-authored-toi-muon-an-cao-lau-o-hoi-an-f70cc5e0b9
P2_planned_audio,viet-family-city-hoian-atm-cao-lau-city,Ở đây có cao lầu không? / Do you have cao lau here?,cityPhrase,explore-next,phrase,Ăn cao lầu ở đâu?,audio-authored-an-cao-lau-o-dau-560d9e6f49
P2_planned_audio,viet-family-city-hoian-atm-cao-lau-city,Ở đây có cao lầu không? / Do you have cao lau here?,cityPhrase,explore-next,phrase,Cho tôi cao lầu,audio-authored-cho-toi-cao-lau-ab019a52e2
P2_planned_audio,viet-family-city-hoian-atm-cao-lau-city,Ở đây có cao lầu không? / Do you have cao lau here?,cityPhrase,explore-next,phrase,Ở đâu có cao lầu?,audio-authored-o-dau-co-cao-lau-9bb550ad37
P2_planned_audio,viet-family-city-hoian-atm-cham-islands,Có ATM gần Cù Lao Chàm không? / Is there an ATM near Cham Islands?,cityPhrase,hero,hero,Có ATM gần Cù Lao Chàm không?,audio-authored-co-atm-gan-cu-lao-cham-khong-bbd489c9cd
P2_planned_audio,viet-family-city-hoian-atm-cham-islands,Có ATM gần Cù Lao Chàm không? / Is there an ATM near Cham Islands?,cityPhrase,explore-next,phrase,Cù Lao Chàm,audio-authored-cu-lao-cham-a56d294df0
P2_planned_audio,viet-family-city-hoian-atm-cham-islands,Có ATM gần Cù Lao Chàm không? / Is there an ATM near Cham Islands?,cityPhrase,explore-next,phrase,Đi Cù Lao Chàm,audio-authored-di-cu-lao-cham-21d0e2404b
P2_planned_audio,viet-family-city-hoian-atm-cham-islands,Có ATM gần Cù Lao Chàm không? / Is there an ATM near Cham Islands?,cityPhrase,explore-next,phrase,Dừng ở Cù Lao Chàm,audio-authored-dung-o-cu-lao-cham-37ac263681
P2_planned_audio,viet-family-city-hoian-atm-cham-islands,Có ATM gần Cù Lao Chàm không? / Is there an ATM near Cham Islands?,cityPhrase,explore-next,phrase,Cù Lao Chàm ở đâu?,audio-authored-cu-lao-cham-o-dau-fa6f6aeaa8
P2_planned_audio,viet-family-city-hoian-atm-cua-dai-beach,Có ATM gần Biển Cửa Đại không? / Is there an ATM near Cua Dai Beach?,cityPhrase,hero,hero,Có ATM gần Biển Cửa Đại không?,audio-authored-co-atm-gan-bien-cua-dai-khong-631d6df778
P2_planned_audio,viet-family-city-hoian-atm-cua-dai-beach,Có ATM gần Biển Cửa Đại không? / Is there an ATM near Cua Dai Beach?,cityPhrase,explore-next,phrase,Biển Cửa Đại,audio-authored-bien-cua-dai-973f406ec5
P2_planned_audio,viet-family-city-hoian-atm-cua-dai-beach,Có ATM gần Biển Cửa Đại không? / Is there an ATM near Cua Dai Beach?,cityPhrase,explore-next,phrase,Đi biển Cửa Đại,audio-authored-di-bien-cua-dai-e497168dbe
P2_planned_audio,viet-family-city-hoian-atm-cua-dai-beach,Có ATM gần Biển Cửa Đại không? / Is there an ATM near Cua Dai Beach?,cityPhrase,explore-next,phrase,Dừng ở Biển Cửa Đại,audio-authored-dung-o-bien-cua-dai-f4c0c8a0ec
P2_planned_audio,viet-family-city-hoian-atm-cua-dai-beach,Có ATM gần Biển Cửa Đại không? / Is there an ATM near Cua Dai Beach?,cityPhrase,explore-next,phrase,Biển Cửa Đại ở đâu?,audio-authored-bien-cua-dai-o-dau-ade158cd36
P2_planned_audio,viet-family-city-hoian-atm-faifo-coffee,Có ATM gần Faifo Coffee không? / Is there an ATM near Faifo Coffee?,cityPhrase,hero,hero,Có ATM gần Faifo Coffee không?,audio-authored-co-atm-gan-faifo-coffee-khong-09682a8352
P2_planned_audio,viet-family-city-hoian-atm-faifo-coffee,Có ATM gần Faifo Coffee không? / Is there an ATM near Faifo Coffee?,cityPhrase,explore-next,phrase,Faifo Coffee,audio-authored-faifo-coffee-7e9cf20535
P2_planned_audio,viet-family-city-hoian-atm-faifo-coffee,Có ATM gần Faifo Coffee không? / Is there an ATM near Faifo Coffee?,cityPhrase,explore-next,phrase,Đi Faifo Coffee,audio-authored-di-faifo-coffee-e94546be15
P2_planned_audio,viet-family-city-hoian-atm-faifo-coffee,Có ATM gần Faifo Coffee không? / Is there an ATM near Faifo Coffee?,cityPhrase,explore-next,phrase,Dừng ở Faifo Coffee,audio-authored-dung-o-faifo-coffee-7681bd356b
P2_planned_audio,viet-family-city-hoian-atm-faifo-coffee,Có ATM gần Faifo Coffee không? / Is there an ATM near Faifo Coffee?,cityPhrase,explore-next,phrase,Faifo Coffee ở đâu?,audio-authored-faifo-coffee-o-dau-82ba7bcb2d
P2_planned_audio,viet-family-city-hoian-atm-fujian-assembly-hall,Có ATM gần Hội quán Phúc Kiến không? / Is there an ATM near Fujian Assembly Hall?,cityPhrase,hero,hero,Có ATM gần Hội quán Phúc Kiến không?,audio-authored-co-atm-gan-hoi-quan-phuc-kien-khong-c48fa64669
P2_planned_audio,viet-family-city-hoian-atm-fujian-assembly-hall,Có ATM gần Hội quán Phúc Kiến không? / Is there an ATM near Fujian Assembly Hall?,cityPhrase,explore-next,phrase,Hội quán Phúc Kiến,audio-authored-hoi-quan-phuc-kien-9b940f7920
P2_planned_audio,viet-family-city-hoian-atm-fujian-assembly-hall,Có ATM gần Hội quán Phúc Kiến không? / Is there an ATM near Fujian Assembly Hall?,cityPhrase,explore-next,phrase,Đi Hội quán Phúc Kiến,audio-authored-di-hoi-quan-phuc-kien-8c61f7c965
P2_planned_audio,viet-family-city-hoian-atm-fujian-assembly-hall,Có ATM gần Hội quán Phúc Kiến không? / Is there an ATM near Fujian Assembly Hall?,cityPhrase,explore-next,phrase,Dừng ở Hội quán Phúc Kiến,audio-authored-dung-o-hoi-quan-phuc-kien-09a071f436
P2_planned_audio,viet-family-city-hoian-atm-fujian-assembly-hall,Có ATM gần Hội quán Phúc Kiến không? / Is there an ATM near Fujian Assembly Hall?,cityPhrase,explore-next,phrase,Hội quán Phúc Kiến ở đâu?,audio-authored-hoi-quan-phuc-kien-o-dau-90c14fc345
P2_planned_audio,viet-family-city-hoian-atm-hoai-river,Có ATM gần Sông Hoài không? / Is there an ATM near Hoai River?,cityPhrase,hero,hero,Có ATM gần Sông Hoài không?,audio-authored-co-atm-gan-song-hoai-khong-9ff5a5a909
P2_planned_audio,viet-family-city-hoian-atm-hoai-river,Có ATM gần Sông Hoài không? / Is there an ATM near Hoai River?,cityPhrase,explore-next,phrase,Sông Hoài,audio-authored-song-hoai-b43d44c10a
P2_planned_audio,viet-family-city-hoian-atm-hoai-river,Có ATM gần Sông Hoài không? / Is there an ATM near Hoai River?,cityPhrase,explore-next,phrase,Đi Sông Hoài,audio-authored-di-song-hoai-f4b404e0fa
P2_planned_audio,viet-family-city-hoian-atm-hoai-river,Có ATM gần Sông Hoài không? / Is there an ATM near Hoai River?,cityPhrase,explore-next,phrase,Dừng ở sông Hoài,audio-authored-dung-o-song-hoai-383e249ccb
P2_planned_audio,viet-family-city-hoian-atm-hoai-river,Có ATM gần Sông Hoài không? / Is there an ATM near Hoai River?,cityPhrase,explore-next,phrase,Sông Hoài ở đâu?,audio-authored-song-hoai-o-dau-530eec1688
P2_planned_audio,viet-family-city-hoian-atm-market,Có ATM gần chợ Hội An không? / Is there an ATM near Hoi An Market?,cityPhrase,hero,hero,Có ATM gần chợ Hội An không?,audio-authored-co-atm-gan-cho-hoi-an-khong-ac7d15a3d9
P2_planned_audio,viet-family-city-hoian-atm-market,Có ATM gần chợ Hội An không? / Is there an ATM near Hoi An Market?,cityPhrase,explore-next,phrase,Chợ Hội An,audio-authored-cho-hoi-an-21c54be924
P2_planned_audio,viet-family-city-hoian-atm-market,Có ATM gần chợ Hội An không? / Is there an ATM near Hoi An Market?,cityPhrase,explore-next,phrase,Lối vào Chợ Hội An ở đâu?,audio-authored-loi-vao-cho-hoi-an-o-dau-9fe3f9c261
P2_planned_audio,viet-family-city-hoian-atm-market,Có ATM gần chợ Hội An không? / Is there an ATM near Hoi An Market?,cityPhrase,explore-next,phrase,Đi Chợ Hội An,audio-authored-di-cho-hoi-an-57e9673431
P2_planned_audio,viet-family-city-hoian-atm-market,Có ATM gần chợ Hội An không? / Is there an ATM near Hoi An Market?,cityPhrase,explore-next,phrase,Chợ Hội An gần đây không?,audio-authored-cho-hoi-an-gan-day-khong-496985d597
P2_planned_audio,viet-family-city-hoian-atm-market,Có ATM gần chợ Hội An không? / Is there an ATM near Hoi An Market?,cityPhrase,explore-next,phrase,Dừng ở Chợ Hội An,audio-authored-dung-o-cho-hoi-an-5fbe5198c4
P2_planned_audio,viet-family-city-hoian-entrance-nguyen-hoang-night-market,Lối vào Chợ đêm Nguyễn Hoàng ở đâu? / Where is the entrance to Nguyen Hoang Night Market?,cityPhrase,hero,hero,Lối vào Chợ đêm Nguyễn Hoàng ở đâu?,audio-authored-loi-vao-cho-dem-nguyen-hoang-o-dau-dc6392bfa7
P2_planned_audio,viet-family-city-hoian-entrance-nguyen-hoang-night-market,Lối vào Chợ đêm Nguyễn Hoàng ở đâu? / Where is the entrance to Nguyen Hoang Night Market?,cityPhrase,explore-next,phrase,Chợ đêm Nguyễn Hoàng,audio-authored-cho-dem-nguyen-hoang-a985d67a93
P2_planned_audio,viet-family-city-hoian-entrance-nguyen-hoang-night-market,Lối vào Chợ đêm Nguyễn Hoàng ở đâu? / Where is the entrance to Nguyen Hoang Night Market?,cityPhrase,explore-next,phrase,Đi Chợ đêm Nguyễn Hoàng,audio-authored-di-cho-dem-nguyen-hoang-4953a1db6c
P2_planned_audio,viet-family-city-hoian-entrance-nguyen-hoang-night-market,Lối vào Chợ đêm Nguyễn Hoàng ở đâu? / Where is the entrance to Nguyen Hoang Night Market?,cityPhrase,explore-next,phrase,Chợ đêm Nguyễn Hoàng gần đây không?,audio-authored-cho-dem-nguyen-hoang-gan-day-khong-0f5b8e2a97
P2_planned_audio,viet-family-city-hoian-entrance-nguyen-hoang-night-market,Lối vào Chợ đêm Nguyễn Hoàng ở đâu? / Where is the entrance to Nguyen Hoang Night Market?,cityPhrase,explore-next,phrase,Dừng ở Chợ đêm Nguyễn Hoàng,audio-authored-dung-o-cho-dem-nguyen-hoang-bcb97b9f73
P2_planned_audio,viet-family-city-hoian-entrance-nguyen-hoang-night-market,Lối vào Chợ đêm Nguyễn Hoàng ở đâu? / Where is the entrance to Nguyen Hoang Night Market?,cityPhrase,explore-next,phrase,Chợ đêm Nguyễn Hoàng ở đâu?,audio-authored-cho-dem-nguyen-hoang-o-dau-f0439026ac
P2_planned_audio,viet-family-city-hoian-go-japanese-bridge,Đi Chùa Cầu / Go to the Japanese Covered Bridge,cityPhrase,hero,hero,Đi Chùa Cầu,audio-authored-di-chua-cau-e3f3d1b0ab
P2_planned_audio,viet-family-city-hoian-go-japanese-bridge,Đi Chùa Cầu / Go to the Japanese Covered Bridge,cityPhrase,explore-next,phrase,Chùa Cầu,audio-authored-chua-cau-1a150570a2
P2_planned_audio,viet-family-city-hoian-go-japanese-bridge,Đi Chùa Cầu / Go to the Japanese Covered Bridge,cityPhrase,explore-next,phrase,Chùa Cầu gần đây không?,audio-authored-chua-cau-gan-day-khong-4eacc8214b
P2_planned_audio,viet-family-city-hoian-go-japanese-bridge,Đi Chùa Cầu / Go to the Japanese Covered Bridge,cityPhrase,explore-next,phrase,Dừng ở Chùa Cầu,audio-authored-dung-o-chua-cau-5e294ed336
P2_planned_audio,viet-family-city-hoian-go-japanese-bridge,Đi Chùa Cầu / Go to the Japanese Covered Bridge,cityPhrase,explore-next,phrase,Chùa Cầu ở đâu?,audio-authored-chua-cau-o-dau-d5c7ec19fd
P2_planned_audio,viet-family-city-hoian-go-japanese-bridge,Đi Chùa Cầu / Go to the Japanese Covered Bridge,cityPhrase,explore-next,phrase,Đi làng gốm Thanh Hà,audio-authored-di-lang-gom-thanh-ha-b28d83cee4
P2_planned_audio,viet-family-city-hoian-go-kim-bong-carpentry-village,Đi Làng mộc Kim Bồng / Go to Kim Bong Carpentry Village,cityPhrase,hero,hero,Đi Làng mộc Kim Bồng,audio-authored-di-lang-moc-kim-bong-b7535b4609
P2_planned_audio,viet-family-city-hoian-go-kim-bong-carpentry-village,Đi Làng mộc Kim Bồng / Go to Kim Bong Carpentry Village,cityPhrase,explore-next,phrase,Làng mộc Kim Bồng,audio-authored-lang-moc-kim-bong-d04a2fccd8
P2_planned_audio,viet-family-city-hoian-go-kim-bong-carpentry-village,Đi Làng mộc Kim Bồng / Go to Kim Bong Carpentry Village,cityPhrase,explore-next,phrase,Dừng ở Làng mộc Kim Bồng,audio-authored-dung-o-lang-moc-kim-bong-6b07ea4125
P2_planned_audio,viet-family-city-hoian-go-kim-bong-carpentry-village,Đi Làng mộc Kim Bồng / Go to Kim Bong Carpentry Village,cityPhrase,explore-next,phrase,Làng mộc Kim Bồng ở đâu?,audio-authored-lang-moc-kim-bong-o-dau-d215e7a28c
P2_planned_audio,viet-family-city-hoian-go-memories-land,Đi Đảo Ký ức Hội An / Go to Hoi An Memories Land,cityPhrase,hero,hero,Đi Đảo Ký ức Hội An,audio-authored-di-dao-ky-uc-hoi-an-c0f43be214
P2_planned_audio,viet-family-city-hoian-go-memories-land,Đi Đảo Ký ức Hội An / Go to Hoi An Memories Land,cityPhrase,explore-next,phrase,Đảo Ký ức Hội An,audio-authored-dao-ky-uc-hoi-an-334d77090b
P2_planned_audio,viet-family-city-hoian-go-memories-land,Đi Đảo Ký ức Hội An / Go to Hoi An Memories Land,cityPhrase,explore-next,phrase,Dừng ở Đảo Ký ức Hội An,audio-authored-dung-o-dao-ky-uc-hoi-an-59e3f47a38
P2_planned_audio,viet-family-city-hoian-go-memories-land,Đi Đảo Ký ức Hội An / Go to Hoi An Memories Land,cityPhrase,explore-next,phrase,Đảo Ký ức Hội An ở đâu?,audio-authored-dao-ky-uc-hoi-an-o-dau-a2a160f5d9
P2_planned_audio,viet-family-city-hoian-go-morning-glory,Đi Morning Glory Hội An / Go to Morning Glory Hoi An,cityPhrase,hero,hero,Đi Morning Glory Hội An,audio-authored-di-morning-glory-hoi-an-f91327dc4d
P2_planned_audio,viet-family-city-hoian-go-morning-glory,Đi Morning Glory Hội An / Go to Morning Glory Hoi An,cityPhrase,explore-next,phrase,Morning Glory Hội An,audio-authored-morning-glory-hoi-an-23a4c1cd06
P2_planned_audio,viet-family-city-hoian-go-morning-glory,Đi Morning Glory Hội An / Go to Morning Glory Hoi An,cityPhrase,explore-next,phrase,Tôi có đặt bàn ở Morning Glory Hội An,audio-authored-toi-co-dat-ban-o-morning-glory-hoi-an-a2be3e72df
P2_planned_audio,viet-family-city-hoian-go-morning-glory,Đi Morning Glory Hội An / Go to Morning Glory Hoi An,cityPhrase,explore-next,phrase,Dừng ở Morning Glory Hội An,audio-authored-dung-o-morning-glory-hoi-an-8afc3e0376
P2_planned_audio,viet-family-city-hoian-go-morning-glory,Đi Morning Glory Hội An / Go to Morning Glory Hoi An,cityPhrase,explore-next,phrase,Morning Glory Hội An ở đâu?,audio-authored-morning-glory-hoi-an-o-dau-e29baeec87
P2_planned_audio,viet-family-city-hoian-go-my-son-sanctuary,Đi Thánh địa Mỹ Sơn / Go to My Son Sanctuary,cityPhrase,hero,hero,Đi Thánh địa Mỹ Sơn,audio-authored-di-thanh-dia-my-son-accb2dc87f
P2_planned_audio,viet-family-city-hoian-go-my-son-sanctuary,Đi Thánh địa Mỹ Sơn / Go to My Son Sanctuary,cityPhrase,explore-next,phrase,Thánh địa Mỹ Sơn,audio-authored-thanh-dia-my-son-753e846337
P2_planned_audio,viet-family-city-hoian-go-my-son-sanctuary,Đi Thánh địa Mỹ Sơn / Go to My Son Sanctuary,cityPhrase,explore-next,phrase,Dừng ở Thánh địa Mỹ Sơn,audio-authored-dung-o-thanh-dia-my-son-9ffe1f3c8f
P2_planned_audio,viet-family-city-hoian-go-my-son-sanctuary,Đi Thánh địa Mỹ Sơn / Go to My Son Sanctuary,cityPhrase,explore-next,phrase,Thánh địa Mỹ Sơn ở đâu?,audio-authored-thanh-dia-my-son-o-dau-c31ef93de1
P2_planned_audio,viet-family-city-hoian-go-precious-heritage-museum,Đi Bảo tàng Di sản Vô giá / Go to Precious Heritage Museum,cityPhrase,hero,hero,Đi Bảo tàng Di sản Vô giá,audio-authored-di-bao-tang-di-san-vo-gia-9e49afb79d
P2_planned_audio,viet-family-city-hoian-go-precious-heritage-museum,Đi Bảo tàng Di sản Vô giá / Go to Precious Heritage Museum,cityPhrase,explore-next,phrase,Bảo tàng Di sản Vô giá,audio-authored-bao-tang-di-san-vo-gia-9626caf2e0
P2_planned_audio,viet-family-city-hoian-go-precious-heritage-museum,Đi Bảo tàng Di sản Vô giá / Go to Precious Heritage Museum,cityPhrase,explore-next,phrase,Dừng ở Bảo tàng Di sản Vô giá,audio-authored-dung-o-bao-tang-di-san-vo-gia-3536b48cac
P2_planned_audio,viet-family-city-hoian-go-precious-heritage-museum,Đi Bảo tàng Di sản Vô giá / Go to Precious Heritage Museum,cityPhrase,explore-next,phrase,Bảo tàng Di sản Vô giá ở đâu?,audio-authored-bao-tang-di-san-vo-gia-o-dau-aac2c5ed3c
P2_planned_audio,viet-family-city-hoian-go-quan-cong-temple,Đi Miếu Quan Công / Go to Quan Cong Temple,cityPhrase,hero,hero,Đi Miếu Quan Công,audio-authored-di-mieu-quan-cong-de109e035a
P2_planned_audio,viet-family-city-hoian-go-quan-cong-temple,Đi Miếu Quan Công / Go to Quan Cong Temple,cityPhrase,explore-next,phrase,Miếu Quan Công,audio-authored-mieu-quan-cong-6eb9694a92
P2_planned_audio,viet-family-city-hoian-go-quan-cong-temple,Đi Miếu Quan Công / Go to Quan Cong Temple,cityPhrase,explore-next,phrase,Dừng ở Miếu Quan Công,audio-authored-dung-o-mieu-quan-cong-e00b96c7b1
P2_planned_audio,viet-family-city-hoian-go-quan-cong-temple,Đi Miếu Quan Công / Go to Quan Cong Temple,cityPhrase,explore-next,phrase,Miếu Quan Công ở đâu?,audio-authored-mieu-quan-cong-o-dau-6df4b24cde
P2_planned_audio,viet-family-city-hoian-go-reach-out-tea-house,Đi Reaching Out Tea House / Go to Reaching Out Tea House,cityPhrase,hero,hero,Đi Reaching Out Tea House,audio-authored-di-reaching-out-tea-house-703ef21a07
P2_planned_audio,viet-family-city-hoian-go-reach-out-tea-house,Đi Reaching Out Tea House / Go to Reaching Out Tea House,cityPhrase,explore-next,phrase,Reaching Out Tea House,audio-authored-reaching-out-tea-house-66e6535b2f
P2_planned_audio,viet-family-city-hoian-go-reach-out-tea-house,Đi Reaching Out Tea House / Go to Reaching Out Tea House,cityPhrase,explore-next,phrase,Dừng ở Reaching Out Tea House,audio-authored-dung-o-reaching-out-tea-house-78d411e6a4
P2_planned_audio,viet-family-city-hoian-go-reach-out-tea-house,Đi Reaching Out Tea House / Go to Reaching Out Tea House,cityPhrase,explore-next,phrase,Reaching Out Tea House ở đâu?,audio-authored-reaching-out-tea-house-o-dau-9b461d9e88
P2_planned_audio,viet-family-city-hoian-go-tan-ky-old-house,Đi Nhà cổ Tấn Ký / Go to Tan Ky Old House,cityPhrase,hero,hero,Đi Nhà cổ Tấn Ký,audio-authored-di-nha-co-tan-ky-4545cc835b
P2_planned_audio,viet-family-city-hoian-go-tan-ky-old-house,Đi Nhà cổ Tấn Ký / Go to Tan Ky Old House,cityPhrase,explore-next,phrase,Nhà cổ Tấn Ký,audio-authored-nha-co-tan-ky-b4e3c45de2
P2_planned_audio,viet-family-city-hoian-go-tan-ky-old-house,Đi Nhà cổ Tấn Ký / Go to Tan Ky Old House,cityPhrase,explore-next,phrase,Dừng ở Nhà cổ Tấn Ký,audio-authored-dung-o-nha-co-tan-ky-781453b788
P2_planned_audio,viet-family-city-hoian-go-tan-ky-old-house,Đi Nhà cổ Tấn Ký / Go to Tan Ky Old House,cityPhrase,explore-next,phrase,Nhà cổ Tấn Ký ở đâu?,audio-authored-nha-co-tan-ky-o-dau-a0ac80f05b
P2_planned_audio,viet-family-city-hoian-go-thanh-ha,Đi làng gốm Thanh Hà / Go to Thanh Ha Pottery Village,cityPhrase,explore-next,phrase,Làng gốm Thanh Hà,audio-authored-lang-gom-thanh-ha-3243968343
P2_planned_audio,viet-family-city-hoian-go-thanh-ha,Đi làng gốm Thanh Hà / Go to Thanh Ha Pottery Village,cityPhrase,explore-next,phrase,Dừng ở Làng gốm Thanh Hà,audio-authored-dung-o-lang-gom-thanh-ha-543707053f
P2_planned_audio,viet-family-city-hoian-go-thanh-ha,Đi làng gốm Thanh Hà / Go to Thanh Ha Pottery Village,cityPhrase,explore-next,phrase,Làng gốm Thanh Hà ở đâu?,audio-authored-lang-gom-thanh-ha-o-dau-e89ea13e2f
P2_planned_audio,viet-family-city-hoian-go-thanh-ha,Đi làng gốm Thanh Hà / Go to Thanh Ha Pottery Village,cityPhrase,explore-next,phrase,Đi làng rau Trà Quế,audio-authored-di-lang-rau-tra-que-0ce2c9a939
P2_planned_audio,viet-family-city-hoian-go-thu-bon-river,Đi Sông Thu Bồn / Go to Thu Bon River,cityPhrase,hero,hero,Đi Sông Thu Bồn,audio-authored-di-song-thu-bon-a08593fd51
P2_planned_audio,viet-family-city-hoian-go-thu-bon-river,Đi Sông Thu Bồn / Go to Thu Bon River,cityPhrase,explore-next,phrase,Sông Thu Bồn,audio-authored-song-thu-bon-21ccb108aa
P2_planned_audio,viet-family-city-hoian-go-thu-bon-river,Đi Sông Thu Bồn / Go to Thu Bon River,cityPhrase,explore-next,phrase,Dừng ở Sông Thu Bồn,audio-authored-dung-o-song-thu-bon-8c932c588a
P2_planned_audio,viet-family-city-hoian-go-thu-bon-river,Đi Sông Thu Bồn / Go to Thu Bon River,cityPhrase,explore-next,phrase,Sông Thu Bồn ở đâu?,audio-authored-song-thu-bon-o-dau-67aea78d37
P2_planned_audio,viet-family-city-hoian-go-tra-que,Đi làng rau Trà Quế / Go to Tra Que Vegetable Village,cityPhrase,explore-next,phrase,Làng rau Trà Quế,audio-authored-lang-rau-tra-que-7657234b1c
P2_planned_audio,viet-family-city-hoian-go-tra-que,Đi làng rau Trà Quế / Go to Tra Que Vegetable Village,cityPhrase,explore-next,phrase,Làng rau Trà Quế ở đâu?,audio-authored-lang-rau-tra-que-o-dau-8f9cc2e05f
P2_planned_audio,viet-family-city-hoian-go-tran-phu-street,Đi Phố Trần Phú / Go to Tran Phu Street,cityPhrase,hero,hero,Đi Phố Trần Phú,audio-authored-di-pho-tran-phu-0957b3bca1
P2_planned_audio,viet-family-city-hoian-go-tran-phu-street,Đi Phố Trần Phú / Go to Tran Phu Street,cityPhrase,explore-next,phrase,Phố Trần Phú,audio-authored-pho-tran-phu-1b1635024b
P2_planned_audio,viet-family-city-hoian-go-tran-phu-street,Đi Phố Trần Phú / Go to Tran Phu Street,cityPhrase,explore-next,phrase,Phố Trần Phú ở đâu?,audio-authored-pho-tran-phu-o-dau-db15bc256a
P2_planned_audio,viet-family-city-hoian-near-night-market,Chợ đêm Hội An gần đây không? / Is Hoi An Night Market near here?,cityPhrase,hero,hero,Chợ đêm Hội An gần đây không?,audio-authored-cho-dem-hoi-an-gan-day-khong-b6c4ec65e8
P2_planned_audio,viet-family-city-hoian-near-night-market,Chợ đêm Hội An gần đây không? / Is Hoi An Night Market near here?,cityPhrase,explore-next,phrase,Chợ đêm Hội An,audio-authored-cho-dem-hoi-an-49ee15d5c0
P2_planned_audio,viet-family-city-hoian-near-night-market,Chợ đêm Hội An gần đây không? / Is Hoi An Night Market near here?,cityPhrase,explore-next,phrase,Đi chợ đêm Hội An,audio-authored-di-cho-dem-hoi-an-20458c4184
P2_planned_audio,viet-family-city-hoian-near-night-market,Chợ đêm Hội An gần đây không? / Is Hoi An Night Market near here?,cityPhrase,explore-next,phrase,Dừng ở Chợ đêm Hội An,audio-authored-dung-o-cho-dem-hoi-an-1d0d80e598
P2_planned_audio,viet-family-city-hoian-near-night-market,Chợ đêm Hội An gần đây không? / Is Hoi An Night Market near here?,cityPhrase,explore-next,phrase,Chợ đêm Hội An ở đâu?,audio-authored-cho-dem-hoi-an-o-dau-51847b5dd3
P2_planned_audio,viet-family-city-hoian-ticket-ancient-town,Một vé vào phố cổ Hội An / One ticket to Hoi An Ancient Town,cityPhrase,hero,hero,Một vé vào phố cổ Hội An,audio-authored-mot-ve-vao-pho-co-hoi-an-d266f3df2c
P2_planned_audio,viet-family-city-hoian-time-an-bang,Từ đây đến biển An Bàng bao lâu? / How long from here to An Bang Beach?,cityPhrase,hero,hero,Từ đây đến biển An Bàng bao lâu?,audio-authored-tu-day-den-bien-an-bang-bao-lau-3cb37fe77e
P2_planned_audio,viet-family-city-hue-atm-an-cuu-market,Có ATM gần Chợ An Cựu không? / Is there an ATM near An Cuu Market?,cityPhrase,hero,hero,Có ATM gần Chợ An Cựu không?,audio-authored-co-atm-gan-cho-an-cuu-khong-683ef91e81
P2_planned_audio,viet-family-city-hue-atm-an-cuu-market,Có ATM gần Chợ An Cựu không? / Is there an ATM near An Cuu Market?,cityPhrase,explore-next,phrase,Chợ An Cựu,audio-authored-cho-an-cuu-8be5ddeb54
P2_planned_audio,viet-family-city-hue-atm-an-cuu-market,Có ATM gần Chợ An Cựu không? / Is there an ATM near An Cuu Market?,cityPhrase,explore-next,phrase,Ăn gần Chợ An Cựu,audio-authored-an-gan-cho-an-cuu-fe0ed70903
P2_planned_audio,viet-family-city-hue-atm-an-cuu-market,Có ATM gần Chợ An Cựu không? / Is there an ATM near An Cuu Market?,cityPhrase,explore-next,phrase,Lối vào Chợ An Cựu ở đâu?,audio-authored-loi-vao-cho-an-cuu-o-dau-aa5f716b8e
P2_planned_audio,viet-family-city-hue-atm-an-cuu-market,Có ATM gần Chợ An Cựu không? / Is there an ATM near An Cuu Market?,cityPhrase,explore-next,phrase,Đi Chợ An Cựu,audio-authored-di-cho-an-cuu-97bab377f0
P2_planned_audio,viet-family-city-hue-atm-an-cuu-market,Có ATM gần Chợ An Cựu không? / Is there an ATM near An Cuu Market?,cityPhrase,explore-next,phrase,Chợ An Cựu gần đây không?,audio-authored-cho-an-cuu-gan-day-khong-9f757f7c58
P2_planned_audio,viet-family-city-hue-atm-an-dinh-palace,Có ATM gần Cung An Định không? / Is there an ATM near An Dinh Palace?,cityPhrase,hero,hero,Có ATM gần Cung An Định không?,audio-authored-co-atm-gan-cung-an-dinh-khong-4338048ddb
P2_planned_audio,viet-family-city-hue-atm-an-dinh-palace,Có ATM gần Cung An Định không? / Is there an ATM near An Dinh Palace?,cityPhrase,explore-next,phrase,Cung An Định,audio-authored-cung-an-dinh-2f846e7509
P2_planned_audio,viet-family-city-hue-atm-an-dinh-palace,Có ATM gần Cung An Định không? / Is there an ATM near An Dinh Palace?,cityPhrase,explore-next,phrase,Ăn gần Cung An Định,audio-authored-an-gan-cung-an-dinh-da42f8a30b
P2_planned_audio,viet-family-city-hue-atm-an-dinh-palace,Có ATM gần Cung An Định không? / Is there an ATM near An Dinh Palace?,cityPhrase,explore-next,phrase,Đi Cung An Định,audio-authored-di-cung-an-dinh-a8d5723cff
P2_planned_audio,viet-family-city-hue-atm-an-dinh-palace,Có ATM gần Cung An Định không? / Is there an ATM near An Dinh Palace?,cityPhrase,explore-next,phrase,Dừng ở Cung An Định,audio-authored-dung-o-cung-an-dinh-932c42b254
P2_planned_audio,viet-family-city-hue-atm-an-dinh-palace,Có ATM gần Cung An Định không? / Is there an ATM near An Dinh Palace?,cityPhrase,explore-next,phrase,Cung An Định ở đâu?,audio-authored-cung-an-dinh-o-dau-c9cbb297ac
P2_planned_audio,viet-family-city-hue-atm-bao-vinh-ancient-town,Có ATM gần Phố cổ Bao Vinh không? / Is there an ATM near Bao Vinh Ancient Town?,cityPhrase,hero,hero,Có ATM gần Phố cổ Bao Vinh không?,audio-authored-co-atm-gan-pho-co-bao-vinh-khong-2d6bc00e1e
P2_planned_audio,viet-family-city-hue-atm-bao-vinh-ancient-town,Có ATM gần Phố cổ Bao Vinh không? / Is there an ATM near Bao Vinh Ancient Town?,cityPhrase,explore-next,phrase,Phố cổ Bao Vinh,audio-authored-pho-co-bao-vinh-32eb0a803a
P2_planned_audio,viet-family-city-hue-atm-bao-vinh-ancient-town,Có ATM gần Phố cổ Bao Vinh không? / Is there an ATM near Bao Vinh Ancient Town?,cityPhrase,explore-next,phrase,Ăn gần Phố cổ Bao Vinh,audio-authored-an-gan-pho-co-bao-vinh-bc52fa8066
P2_planned_audio,viet-family-city-hue-atm-bao-vinh-ancient-town,Có ATM gần Phố cổ Bao Vinh không? / Is there an ATM near Bao Vinh Ancient Town?,cityPhrase,explore-next,phrase,Đi Phố cổ Bao Vinh,audio-authored-di-pho-co-bao-vinh-824dbc0d5c
P2_planned_audio,viet-family-city-hue-atm-bao-vinh-ancient-town,Có ATM gần Phố cổ Bao Vinh không? / Is there an ATM near Bao Vinh Ancient Town?,cityPhrase,explore-next,phrase,Phố cổ Bao Vinh gần đây không?,audio-authored-pho-co-bao-vinh-gan-day-khong-069438b784
P2_planned_audio,viet-family-city-hue-atm-bao-vinh-ancient-town,Có ATM gần Phố cổ Bao Vinh không? / Is there an ATM near Bao Vinh Ancient Town?,cityPhrase,explore-next,phrase,Dừng ở Phố cổ Bao Vinh,audio-authored-dung-o-pho-co-bao-vinh-8e1af700e7
P2_planned_audio,viet-family-city-hue-atm-bun-bo-city,Ở đây có bún bò Huế không? / Do you have bun bo Hue here?,cityPhrase,hero,hero,Ở đây có bún bò Huế không?,audio-authored-o-day-co-bun-bo-hue-khong-9932ce4ab2
P2_planned_audio,viet-family-city-hue-atm-bun-bo-city,Ở đây có bún bò Huế không? / Do you have bun bo Hue here?,cityPhrase,explore-next,phrase,Bún bò Huế,audio-authored-bun-bo-hue-d24e6940ff
P2_planned_audio,viet-family-city-hue-atm-bun-bo-city,Ở đây có bún bò Huế không? / Do you have bun bo Hue here?,cityPhrase,explore-next,phrase,Tôi muốn ăn bún bò Huế,audio-authored-toi-muon-an-bun-bo-hue-5c5f5ccf1f
P2_planned_audio,viet-family-city-hue-atm-bun-bo-city,Ở đây có bún bò Huế không? / Do you have bun bo Hue here?,cityPhrase,explore-next,phrase,Ăn bún bò Huế ở đâu?,audio-authored-an-bun-bo-hue-o-dau-e9709dc7ad
P2_planned_audio,viet-family-city-hue-atm-bun-bo-city,Ở đây có bún bò Huế không? / Do you have bun bo Hue here?,cityPhrase,explore-next,phrase,Tìm bún bò Huế ở đâu?,audio-authored-tim-bun-bo-hue-o-dau-2de4ea1518
P2_planned_audio,viet-family-city-hue-atm-bun-bo-city,Ở đây có bún bò Huế không? / Do you have bun bo Hue here?,cityPhrase,explore-next,phrase,Cho tôi bún bò Huế,audio-authored-cho-toi-bun-bo-hue-f9baf6ac96
P2_planned_audio,viet-family-city-hue-atm-dong-ba-bun-bo,Gần hàng bún bò ở chợ Đông Ba có ATM không? / Is there an ATM near the bun bo stall at Dong Ba Market?,cityPhrase,hero,hero,Gần hàng bún bò ở chợ Đông Ba có ATM không?,audio-authored-gan-hang-bun-bo-o-cho-dong-ba-co-atm-khong-3cd7739f93
P2_planned_audio,viet-family-city-hue-atm-dong-ba-bun-bo,Gần hàng bún bò ở chợ Đông Ba có ATM không? / Is there an ATM near the bun bo stall at Dong Ba Market?,cityPhrase,explore-next,phrase,Chợ Đông Ba,audio-authored-cho-dong-ba-9912a894df
P2_planned_audio,viet-family-city-hue-atm-dong-ba-bun-bo,Gần hàng bún bò ở chợ Đông Ba có ATM không? / Is there an ATM near the bun bo stall at Dong Ba Market?,cityPhrase,explore-next,phrase,Có ATM gần Chợ Đông Ba không?,audio-authored-co-atm-gan-cho-dong-ba-khong-ceaeaf03df
P2_planned_audio,viet-family-city-hue-atm-dong-ba-bun-bo,Gần hàng bún bò ở chợ Đông Ba có ATM không? / Is there an ATM near the bun bo stall at Dong Ba Market?,cityPhrase,explore-next,phrase,Ăn gần Chợ Đông Ba,audio-authored-an-gan-cho-dong-ba-245b10880b
P2_planned_audio,viet-family-city-hue-atm-dong-ba-bun-bo,Gần hàng bún bò ở chợ Đông Ba có ATM không? / Is there an ATM near the bun bo stall at Dong Ba Market?,cityPhrase,explore-next,phrase,Lối vào Chợ Đông Ba ở đâu?,audio-authored-loi-vao-cho-dong-ba-o-dau-08959ffd7c
P2_planned_audio,viet-family-city-hue-atm-dong-ba-bun-bo,Gần hàng bún bò ở chợ Đông Ba có ATM không? / Is there an ATM near the bun bo stall at Dong Ba Market?,cityPhrase,explore-next,phrase,Đi chợ Đông Ba,audio-authored-di-cho-dong-ba-a37c54ffe3
P2_planned_audio,viet-family-city-hue-atm-dong-khanh-tomb,Có ATM gần Lăng Đồng Khánh không? / Is there an ATM near Tomb of Dong Khanh?,cityPhrase,hero,hero,Có ATM gần Lăng Đồng Khánh không?,audio-authored-co-atm-gan-lang-dong-khanh-khong-501de8c3e2
P2_planned_audio,viet-family-city-hue-atm-dong-khanh-tomb,Có ATM gần Lăng Đồng Khánh không? / Is there an ATM near Tomb of Dong Khanh?,cityPhrase,explore-next,phrase,Lăng Đồng Khánh,audio-authored-lang-dong-khanh-0a174d31f6
P2_planned_audio,viet-family-city-hue-atm-dong-khanh-tomb,Có ATM gần Lăng Đồng Khánh không? / Is there an ATM near Tomb of Dong Khanh?,cityPhrase,explore-next,phrase,Ăn gần Lăng Đồng Khánh,audio-authored-an-gan-lang-dong-khanh-ff459c39e3
P2_planned_audio,viet-family-city-hue-atm-dong-khanh-tomb,Có ATM gần Lăng Đồng Khánh không? / Is there an ATM near Tomb of Dong Khanh?,cityPhrase,explore-next,phrase,Đi Lăng Đồng Khánh,audio-authored-di-lang-dong-khanh-5b3d30863c
P2_planned_audio,viet-family-city-hue-atm-dong-khanh-tomb,Có ATM gần Lăng Đồng Khánh không? / Is there an ATM near Tomb of Dong Khanh?,cityPhrase,explore-next,phrase,Dừng ở Lăng Đồng Khánh,audio-authored-dung-o-lang-dong-khanh-cd29b5974c
P2_planned_audio,viet-family-city-hue-atm-dong-khanh-tomb,Có ATM gần Lăng Đồng Khánh không? / Is there an ATM near Tomb of Dong Khanh?,cityPhrase,explore-next,phrase,Lăng Đồng Khánh ở đâu?,audio-authored-lang-dong-khanh-o-dau-2aaf866384
P2_planned_audio,viet-family-city-hue-atm-gia-long-tomb,Có ATM gần Lăng Gia Long không? / Is there an ATM near Tomb of Gia Long?,cityPhrase,hero,hero,Có ATM gần Lăng Gia Long không?,audio-authored-co-atm-gan-lang-gia-long-khong-e05e2cf136
P2_planned_audio,viet-family-city-hue-atm-gia-long-tomb,Có ATM gần Lăng Gia Long không? / Is there an ATM near Tomb of Gia Long?,cityPhrase,explore-next,phrase,Lăng Gia Long,audio-authored-lang-gia-long-c74f2689ef
P2_planned_audio,viet-family-city-hue-atm-gia-long-tomb,Có ATM gần Lăng Gia Long không? / Is there an ATM near Tomb of Gia Long?,cityPhrase,explore-next,phrase,Ăn gần Lăng Gia Long,audio-authored-an-gan-lang-gia-long-0debc9b2cf
P2_planned_audio,viet-family-city-hue-atm-gia-long-tomb,Có ATM gần Lăng Gia Long không? / Is there an ATM near Tomb of Gia Long?,cityPhrase,explore-next,phrase,Đi Lăng Gia Long,audio-authored-di-lang-gia-long-c74f47c96a
P2_planned_audio,viet-family-city-hue-atm-gia-long-tomb,Có ATM gần Lăng Gia Long không? / Is there an ATM near Tomb of Gia Long?,cityPhrase,explore-next,phrase,Dừng ở Lăng Gia Long,audio-authored-dung-o-lang-gia-long-d1d58e0545
P2_planned_audio,viet-family-city-hue-atm-gia-long-tomb,Có ATM gần Lăng Gia Long không? / Is there an ATM near Tomb of Gia Long?,cityPhrase,explore-next,phrase,Lăng Gia Long ở đâu?,audio-authored-lang-gia-long-o-dau-cef4e0a784
P2_planned_audio,viet-family-city-hue-atm-hen-island,Có ATM gần Cồn Hến không? / Is there an ATM near Hen Island?,cityPhrase,hero,hero,Có ATM gần Cồn Hến không?,audio-authored-co-atm-gan-con-hen-khong-19c4a819db
P2_planned_audio,viet-family-city-hue-atm-hen-island,Có ATM gần Cồn Hến không? / Is there an ATM near Hen Island?,cityPhrase,explore-next,phrase,Cồn Hến,audio-authored-con-hen-4f60ff1af2
P2_planned_audio,viet-family-city-hue-atm-hen-island,Có ATM gần Cồn Hến không? / Is there an ATM near Hen Island?,cityPhrase,explore-next,phrase,Đi Cồn Hến,audio-authored-di-con-hen-758dbb15cb
P2_planned_audio,viet-family-city-hue-atm-hen-island,Có ATM gần Cồn Hến không? / Is there an ATM near Hen Island?,cityPhrase,explore-next,phrase,Cồn Hến gần đây không?,audio-authored-con-hen-gan-day-khong-784e8022de
P2_planned_audio,viet-family-city-hue-atm-hen-island,Có ATM gần Cồn Hến không? / Is there an ATM near Hen Island?,cityPhrase,explore-next,phrase,Dừng ở Cồn Hến,audio-authored-dung-o-con-hen-b3f238b240
P2_planned_audio,viet-family-city-hue-atm-hen-island,Có ATM gần Cồn Hến không? / Is there an ATM near Hen Island?,cityPhrase,explore-next,phrase,Cồn Hến ở đâu?,audio-authored-con-hen-o-dau-4ce540acec
P2_planned_audio,viet-family-city-hue-atm-huyen-tran-temple,Có ATM gần Đền Huyền Trân không? / Is there an ATM near Huyen Tran Princess Temple?,cityPhrase,hero,hero,Có ATM gần Đền Huyền Trân không?,audio-authored-co-atm-gan-den-huyen-tran-khong-b33de76d61
P2_planned_audio,viet-family-city-hue-atm-huyen-tran-temple,Có ATM gần Đền Huyền Trân không? / Is there an ATM near Huyen Tran Princess Temple?,cityPhrase,explore-next,phrase,Đền Huyền Trân,audio-authored-den-huyen-tran-3698ce4246
P2_planned_audio,viet-family-city-hue-atm-huyen-tran-temple,Có ATM gần Đền Huyền Trân không? / Is there an ATM near Huyen Tran Princess Temple?,cityPhrase,explore-next,phrase,Đi Đền Huyền Trân,audio-authored-di-den-huyen-tran-c013d5c5f6
P2_planned_audio,viet-family-city-hue-atm-huyen-tran-temple,Có ATM gần Đền Huyền Trân không? / Is there an ATM near Huyen Tran Princess Temple?,cityPhrase,explore-next,phrase,Dừng ở Đền Huyền Trân,audio-authored-dung-o-den-huyen-tran-df10759e29
P2_planned_audio,viet-family-city-hue-atm-huyen-tran-temple,Có ATM gần Đền Huyền Trân không? / Is there an ATM near Huyen Tran Princess Temple?,cityPhrase,explore-next,phrase,Đền Huyền Trân ở đâu?,audio-authored-den-huyen-tran-o-dau-6150ebb018
P2_planned_audio,viet-family-city-hue-atm-imperial-city,Có ATM gần Kinh thành Huế không? / Is there an ATM near Hue Imperial City?,cityPhrase,hero,hero,Có ATM gần Kinh thành Huế không?,audio-authored-co-atm-gan-kinh-thanh-hue-khong-2007ea8531
P2_planned_audio,viet-family-city-hue-atm-imperial-city,Có ATM gần Kinh thành Huế không? / Is there an ATM near Hue Imperial City?,cityPhrase,explore-next,phrase,Kinh thành Huế,audio-authored-kinh-thanh-hue-de5f6bd582
P2_planned_audio,viet-family-city-hue-atm-imperial-city,Có ATM gần Kinh thành Huế không? / Is there an ATM near Hue Imperial City?,cityPhrase,explore-next,phrase,Đi Kinh thành Huế,audio-authored-di-kinh-thanh-hue-4eafb3449c
P2_planned_audio,viet-family-city-hue-atm-imperial-city,Có ATM gần Kinh thành Huế không? / Is there an ATM near Hue Imperial City?,cityPhrase,explore-next,phrase,Dừng ở Kinh thành Huế,audio-authored-dung-o-kinh-thanh-hue-e41a729eba
P2_planned_audio,viet-family-city-hue-atm-imperial-city,Có ATM gần Kinh thành Huế không? / Is there an ATM near Hue Imperial City?,cityPhrase,explore-next,phrase,Một vé vào Kinh thành Huế,audio-authored-mot-ve-vao-kinh-thanh-hue-9e2cee7056
P2_planned_audio,viet-family-city-hue-atm-imperial-city,Có ATM gần Kinh thành Huế không? / Is there an ATM near Hue Imperial City?,cityPhrase,explore-next,phrase,Kinh thành Huế ở đâu?,audio-authored-kinh-thanh-hue-o-dau-61efeea7d0
P2_planned_audio,viet-family-city-hue-atm-khai-dinh-tomb,Có ATM gần Lăng Khải Định không? / Is there an ATM near Tomb of Khai Dinh?,cityPhrase,hero,hero,Có ATM gần Lăng Khải Định không?,audio-authored-co-atm-gan-lang-khai-dinh-khong-27ea52b010
P2_planned_audio,viet-family-city-hue-atm-khai-dinh-tomb,Có ATM gần Lăng Khải Định không? / Is there an ATM near Tomb of Khai Dinh?,cityPhrase,explore-next,phrase,Lăng Khải Định,audio-authored-lang-khai-dinh-f288b1b267
P2_planned_audio,viet-family-city-hue-atm-khai-dinh-tomb,Có ATM gần Lăng Khải Định không? / Is there an ATM near Tomb of Khai Dinh?,cityPhrase,explore-next,phrase,Đi Lăng Khải Định,audio-authored-di-lang-khai-dinh-fe4ec8f54a
P2_planned_audio,viet-family-city-hue-atm-khai-dinh-tomb,Có ATM gần Lăng Khải Định không? / Is there an ATM near Tomb of Khai Dinh?,cityPhrase,explore-next,phrase,Dừng ở Lăng Khải Định,audio-authored-dung-o-lang-khai-dinh-225b2cba19
P2_planned_audio,viet-family-city-hue-atm-khai-dinh-tomb,Có ATM gần Lăng Khải Định không? / Is there an ATM near Tomb of Khai Dinh?,cityPhrase,explore-next,phrase,Lăng Khải Định ở đâu?,audio-authored-lang-khai-dinh-o-dau-8084366804
P2_planned_audio,viet-family-city-hue-atm-le-loi-street,Có ATM gần Đường Lê Lợi không? / Is there an ATM near Le Loi Street?,cityPhrase,hero,hero,Có ATM gần Đường Lê Lợi không?,audio-authored-co-atm-gan-duong-le-loi-khong-0a94e19fb1
P2_planned_audio,viet-family-city-hue-atm-le-loi-street,Có ATM gần Đường Lê Lợi không? / Is there an ATM near Le Loi Street?,cityPhrase,explore-next,phrase,Đường Lê Lợi,audio-authored-duong-le-loi-01f6855c42
P2_planned_audio,viet-family-city-hue-atm-le-loi-street,Có ATM gần Đường Lê Lợi không? / Is there an ATM near Le Loi Street?,cityPhrase,explore-next,phrase,Đi đường Lê Lợi,audio-authored-di-duong-le-loi-3be30004e8
P2_planned_audio,viet-family-city-hue-atm-le-loi-street,Có ATM gần Đường Lê Lợi không? / Is there an ATM near Le Loi Street?,cityPhrase,explore-next,phrase,Đường Lê Lợi gần đây không?,audio-authored-duong-le-loi-gan-day-khong-ff6f22ec59
P2_planned_audio,viet-family-city-hue-atm-le-loi-street,Có ATM gần Đường Lê Lợi không? / Is there an ATM near Le Loi Street?,cityPhrase,explore-next,phrase,Dừng ở Đường Lê Lợi,audio-authored-dung-o-duong-le-loi-07b7da83a9
P2_planned_audio,viet-family-city-hue-atm-le-loi-street,Có ATM gần Đường Lê Lợi không? / Is there an ATM near Le Loi Street?,cityPhrase,explore-next,phrase,Đường Lê Lợi ở đâu?,audio-authored-duong-le-loi-o-dau-e8a43e5e8c
P2_planned_audio,viet-family-city-hue-atm-les-jardins,Có ATM gần Les Jardins de la Carambole không? / Is there an ATM near Les Jardins de la Carambole?,cityPhrase,hero,hero,Có ATM gần Les Jardins de la Carambole không?,audio-authored-co-atm-gan-les-jardins-de-la-carambole-khong-80ba87a97d
P2_planned_audio,viet-family-city-hue-atm-les-jardins,Có ATM gần Les Jardins de la Carambole không? / Is there an ATM near Les Jardins de la Carambole?,cityPhrase,explore-next,phrase,Les Jardins de la Carambole,audio-authored-les-jardins-de-la-carambole-f6ee3d6d4e
P2_planned_audio,viet-family-city-hue-atm-les-jardins,Có ATM gần Les Jardins de la Carambole không? / Is there an ATM near Les Jardins de la Carambole?,cityPhrase,explore-next,phrase,Đi Les Jardins de la Carambole,audio-authored-di-les-jardins-de-la-carambole-696e7b34f9
P2_planned_audio,viet-family-city-hue-atm-les-jardins,Có ATM gần Les Jardins de la Carambole không? / Is there an ATM near Les Jardins de la Carambole?,cityPhrase,explore-next,phrase,Tôi có đặt bàn ở Les Jardins de la Carambole,audio-authored-toi-co-dat-ban-o-les-jardins-de-la-carambole-14074bfec4
P2_planned_audio,viet-family-city-hue-atm-les-jardins,Có ATM gần Les Jardins de la Carambole không? / Is there an ATM near Les Jardins de la Carambole?,cityPhrase,explore-next,phrase,Dừng ở Les Jardins de la Carambole,audio-authored-dung-o-les-jardins-de-la-carambole-03f34e7e00
P2_planned_audio,viet-family-city-hue-atm-les-jardins,Có ATM gần Les Jardins de la Carambole không? / Is there an ATM near Les Jardins de la Carambole?,cityPhrase,explore-next,phrase,Les Jardins de la Carambole ở đâu?,audio-authored-les-jardins-de-la-carambole-o-dau-33b1ef63b9
P2_planned_audio,viet-family-city-hue-atm-minh-mang-tomb,Có ATM gần Lăng Minh Mạng không? / Is there an ATM near Tomb of Minh Mang?,cityPhrase,hero,hero,Có ATM gần Lăng Minh Mạng không?,audio-authored-co-atm-gan-lang-minh-mang-khong-c450957c08
P2_planned_audio,viet-family-city-hue-atm-minh-mang-tomb,Có ATM gần Lăng Minh Mạng không? / Is there an ATM near Tomb of Minh Mang?,cityPhrase,explore-next,phrase,Lăng Minh Mạng,audio-authored-lang-minh-mang-72102727f8
P2_planned_audio,viet-family-city-hue-atm-minh-mang-tomb,Có ATM gần Lăng Minh Mạng không? / Is there an ATM near Tomb of Minh Mang?,cityPhrase,explore-next,phrase,Đi Lăng Minh Mạng,audio-authored-di-lang-minh-mang-841ecf62eb
P2_planned_audio,viet-family-city-hue-atm-minh-mang-tomb,Có ATM gần Lăng Minh Mạng không? / Is there an ATM near Tomb of Minh Mang?,cityPhrase,explore-next,phrase,Dừng ở Lăng Minh Mạng,audio-authored-dung-o-lang-minh-mang-80be78742d
P2_planned_audio,viet-family-city-hue-atm-minh-mang-tomb,Có ATM gần Lăng Minh Mạng không? / Is there an ATM near Tomb of Minh Mang?,cityPhrase,explore-next,phrase,Lăng Minh Mạng ở đâu?,audio-authored-lang-minh-mang-o-dau-adb8833ae9
P2_planned_audio,viet-family-city-hue-bun-bo-dong-ba,Bún bò ở chợ Đông Ba / Bun bo at Dong Ba Market,cityPhrase,hero,hero,Bún bò ở chợ Đông Ba,audio-authored-bun-bo-o-cho-dong-ba-996e454750
P2_planned_audio,viet-family-city-hue-bun-bo-dong-ba,Bún bò ở chợ Đông Ba / Bun bo at Dong Ba Market,cityPhrase,explore-next,phrase,Ăn gần Bún bò ở chợ Đông Ba,audio-authored-an-gan-bun-bo-o-cho-dong-ba-4f19bbe03d
P2_planned_audio,viet-family-city-hue-bun-bo-dong-ba,Bún bò ở chợ Đông Ba / Bun bo at Dong Ba Market,cityPhrase,explore-next,phrase,Tôi muốn tìm bún bò ở chợ Đông Ba,audio-authored-toi-muon-tim-bun-bo-o-cho-dong-ba-6a80605aab
P2_planned_audio,viet-family-city-hue-bun-bo-dong-ba,Bún bò ở chợ Đông Ba / Bun bo at Dong Ba Market,cityPhrase,explore-next,phrase,Bún bò ở chợ Đông Ba ở chỗ nào?,audio-authored-bun-bo-o-cho-dong-ba-o-cho-nao-28554209a3
P2_planned_audio,viet-family-city-hue-get-off-truong-tien,Cho tôi xuống ở cầu Trường Tiền / Let me get off at Truong Tien Bridge,cityPhrase,hero,hero,Cho tôi xuống ở cầu Trường Tiền,audio-authored-cho-toi-xuong-o-cau-truong-tien-ee1ae68d51
P2_planned_audio,viet-family-city-hue-get-off-truong-tien,Cho tôi xuống ở cầu Trường Tiền / Let me get off at Truong Tien Bridge,cityPhrase,explore-next,phrase,Cầu Trường Tiền,audio-authored-cau-truong-tien-457b4dcf02
P2_planned_audio,viet-family-city-hue-get-off-truong-tien,Cho tôi xuống ở cầu Trường Tiền / Let me get off at Truong Tien Bridge,cityPhrase,explore-next,phrase,Đi Cầu Trường Tiền,audio-authored-di-cau-truong-tien-ceeb3ce588
P2_planned_audio,viet-family-city-hue-get-off-truong-tien,Cho tôi xuống ở cầu Trường Tiền / Let me get off at Truong Tien Bridge,cityPhrase,explore-next,phrase,Dừng ở cầu Trường Tiền,audio-authored-dung-o-cau-truong-tien-acc681b9ea
P2_planned_audio,viet-family-city-hue-get-off-truong-tien,Cho tôi xuống ở cầu Trường Tiền / Let me get off at Truong Tien Bridge,cityPhrase,explore-next,phrase,Cầu Trường Tiền ở đâu?,audio-authored-cau-truong-tien-o-dau-2ebf512a2a
P2_planned_audio,viet-family-city-hue-go-nguyen-dinh-chieu-street,Đi Phố đi bộ Nguyễn Đình Chiểu / Go to Nguyen Dinh Chieu Walking Street,cityPhrase,hero,hero,Đi Phố đi bộ Nguyễn Đình Chiểu,audio-authored-di-pho-di-bo-nguyen-dinh-chieu-da21a38d23
P2_planned_audio,viet-family-city-hue-go-nguyen-dinh-chieu-street,Đi Phố đi bộ Nguyễn Đình Chiểu / Go to Nguyen Dinh Chieu Walking Street,cityPhrase,explore-next,phrase,Phố đi bộ Nguyễn Đình Chiểu,audio-authored-pho-di-bo-nguyen-dinh-chieu-44a42a9d42
P2_planned_audio,viet-family-city-hue-go-nguyen-dinh-chieu-street,Đi Phố đi bộ Nguyễn Đình Chiểu / Go to Nguyen Dinh Chieu Walking Street,cityPhrase,explore-next,phrase,Phố đi bộ Nguyễn Đình Chiểu gần đây không?,audio-authored-pho-di-bo-nguyen-dinh-chieu-gan-day-khong-f91f88d2ba
P2_planned_audio,viet-family-city-hue-go-nguyen-dinh-chieu-street,Đi Phố đi bộ Nguyễn Đình Chiểu / Go to Nguyen Dinh Chieu Walking Street,cityPhrase,explore-next,phrase,Dừng ở Phố đi bộ Nguyễn Đình Chiểu,audio-authored-dung-o-pho-di-bo-nguyen-dinh-chieu-97fd25f6e8
P2_planned_audio,viet-family-city-hue-go-nguyen-dinh-chieu-street,Đi Phố đi bộ Nguyễn Đình Chiểu / Go to Nguyen Dinh Chieu Walking Street,cityPhrase,explore-next,phrase,Phố đi bộ Nguyễn Đình Chiểu ở đâu?,audio-authored-pho-di-bo-nguyen-dinh-chieu-o-dau-11f8892859
P2_planned_audio,viet-family-city-hue-go-night-market,Đi Chợ đêm Huế / Go to Hue Night Market,cityPhrase,hero,hero,Đi Chợ đêm Huế,audio-authored-di-cho-dem-hue-c6f0b56294
P2_planned_audio,viet-family-city-hue-go-night-market,Đi Chợ đêm Huế / Go to Hue Night Market,cityPhrase,explore-next,phrase,Chợ đêm Huế,audio-authored-cho-dem-hue-4bf5e32962
P2_planned_audio,viet-family-city-hue-go-night-market,Đi Chợ đêm Huế / Go to Hue Night Market,cityPhrase,explore-next,phrase,Chợ đêm Huế gần đây không?,audio-authored-cho-dem-hue-gan-day-khong-ef23eec0b4
P2_planned_audio,viet-family-city-hue-go-night-market,Đi Chợ đêm Huế / Go to Hue Night Market,cityPhrase,explore-next,phrase,Dừng ở Chợ đêm Huế,audio-authored-dung-o-cho-dem-hue-9fdfc2e991
P2_planned_audio,viet-family-city-hue-go-night-market,Đi Chợ đêm Huế / Go to Hue Night Market,cityPhrase,explore-next,phrase,Chợ đêm Huế ở đâu?,audio-authored-cho-dem-hue-o-dau-b671c6e9ee
P2_planned_audio,viet-family-city-hue-go-perfume-river,Đi sông Hương / Go to the Perfume River,cityPhrase,hero,hero,Đi sông Hương,audio-authored-di-song-huong-af85230a5b
P2_planned_audio,viet-family-city-hue-go-perfume-river,Đi sông Hương / Go to the Perfume River,cityPhrase,explore-next,phrase,Sông Hương,audio-authored-song-huong-c35e0a05ca
P2_planned_audio,viet-family-city-hue-go-perfume-river,Đi sông Hương / Go to the Perfume River,cityPhrase,explore-next,phrase,Dừng ở Sông Hương,audio-authored-dung-o-song-huong-a6588c4838
P2_planned_audio,viet-family-city-hue-go-perfume-river,Đi sông Hương / Go to the Perfume River,cityPhrase,explore-next,phrase,Sông Hương ở đâu?,audio-authored-song-huong-o-dau-a30e84c1a2
P2_planned_audio,viet-family-city-hue-go-perfume-river,Đi sông Hương / Go to the Perfume River,cityPhrase,explore-next,phrase,Đi chùa Thiên Mụ,audio-authored-di-chua-thien-mu-51e7a68fd5
P2_planned_audio,viet-family-city-hue-go-perfume-river,Đi sông Hương / Go to the Perfume River,cityPhrase,explore-next,phrase,Đi lăng Tự Đức,audio-authored-di-lang-tu-duc-1fae768926
P2_planned_audio,viet-family-city-hue-go-phu-bai-airport,Đi Sân bay Phú Bài / Go to Phu Bai Airport,cityPhrase,hero,hero,Đi Sân bay Phú Bài,audio-authored-di-san-bay-phu-bai-0b6cb48b86
P2_planned_audio,viet-family-city-hue-go-phu-bai-airport,Đi Sân bay Phú Bài / Go to Phu Bai Airport,cityPhrase,explore-next,phrase,Sân bay Phú Bài,audio-authored-san-bay-phu-bai-d5c67cd22a
P2_planned_audio,viet-family-city-hue-go-phu-bai-airport,Đi Sân bay Phú Bài / Go to Phu Bai Airport,cityPhrase,explore-next,phrase,Dừng ở Sân bay Phú Bài,audio-authored-dung-o-san-bay-phu-bai-239a867946
P2_planned_audio,viet-family-city-hue-go-phu-bai-airport,Đi Sân bay Phú Bài / Go to Phu Bai Airport,cityPhrase,explore-next,phrase,Sân bay Phú Bài ở đâu?,audio-authored-san-bay-phu-bai-o-dau-9e32a12323
P2_planned_audio,viet-family-city-hue-go-phu-cam-church,Đi Nhà thờ Phủ Cam / Go to Phu Cam Church,cityPhrase,hero,hero,Đi Nhà thờ Phủ Cam,audio-authored-di-nha-tho-phu-cam-1517633958
P2_planned_audio,viet-family-city-hue-go-phu-cam-church,Đi Nhà thờ Phủ Cam / Go to Phu Cam Church,cityPhrase,explore-next,phrase,Nhà thờ Phủ Cam,audio-authored-nha-tho-phu-cam-aa283c1b46
P2_planned_audio,viet-family-city-hue-go-phu-cam-church,Đi Nhà thờ Phủ Cam / Go to Phu Cam Church,cityPhrase,explore-next,phrase,Dừng ở Nhà thờ Phủ Cam,audio-authored-dung-o-nha-tho-phu-cam-071b93c29c
P2_planned_audio,viet-family-city-hue-go-phu-cam-church,Đi Nhà thờ Phủ Cam / Go to Phu Cam Church,cityPhrase,explore-next,phrase,Nhà thờ Phủ Cam ở đâu?,audio-authored-nha-tho-phu-cam-o-dau-62b4cb426b
P2_planned_audio,viet-family-city-hue-go-railway-station,Đi Ga Huế / Go to Hue Railway Station,cityPhrase,hero,hero,Đi Ga Huế,audio-authored-di-ga-hue-0398aa0b7b
P2_planned_audio,viet-family-city-hue-go-railway-station,Đi Ga Huế / Go to Hue Railway Station,cityPhrase,explore-next,phrase,Ga Huế,audio-authored-ga-hue-de638a95f8
P2_planned_audio,viet-family-city-hue-go-railway-station,Đi Ga Huế / Go to Hue Railway Station,cityPhrase,explore-next,phrase,Dừng ở Ga Huế,audio-authored-dung-o-ga-hue-7f2f73305a
P2_planned_audio,viet-family-city-hue-go-railway-station,Đi Ga Huế / Go to Hue Railway Station,cityPhrase,explore-next,phrase,Ga Huế ở đâu?,audio-authored-ga-hue-o-dau-8d7e17b9fa
P2_planned_audio,viet-family-city-hue-go-royal-antiquities-museum,Đi Bảo tàng Cổ vật Cung đình Huế / Go to Hue Museum of Royal Antiquities,cityPhrase,hero,hero,Đi Bảo tàng Cổ vật Cung đình Huế,audio-authored-di-bao-tang-co-vat-cung-dinh-hue-1726ea0f8c
P2_planned_audio,viet-family-city-hue-go-royal-antiquities-museum,Đi Bảo tàng Cổ vật Cung đình Huế / Go to Hue Museum of Royal Antiquities,cityPhrase,explore-next,phrase,Bảo tàng Cổ vật Cung đình Huế,audio-authored-bao-tang-co-vat-cung-dinh-hue-f79a38abcb
P2_planned_audio,viet-family-city-hue-go-royal-antiquities-museum,Đi Bảo tàng Cổ vật Cung đình Huế / Go to Hue Museum of Royal Antiquities,cityPhrase,explore-next,phrase,Dừng ở Bảo tàng Cổ vật Cung đình Huế,audio-authored-dung-o-bao-tang-co-vat-cung-dinh-hue-7041a9cf13
P2_planned_audio,viet-family-city-hue-go-royal-antiquities-museum,Đi Bảo tàng Cổ vật Cung đình Huế / Go to Hue Museum of Royal Antiquities,cityPhrase,explore-next,phrase,Bảo tàng Cổ vật Cung đình Huế ở đâu?,audio-authored-bao-tang-co-vat-cung-dinh-hue-o-dau-f2c01843c1
P2_planned_audio,viet-family-city-hue-go-thanh-toan-bridge,Đi Cầu ngói Thanh Toàn / Go to Thanh Toan Bridge,cityPhrase,hero,hero,Đi Cầu ngói Thanh Toàn,audio-authored-di-cau-ngoi-thanh-toan-ce991f0ca0
P2_planned_audio,viet-family-city-hue-go-thanh-toan-bridge,Đi Cầu ngói Thanh Toàn / Go to Thanh Toan Bridge,cityPhrase,explore-next,phrase,Cầu ngói Thanh Toàn,audio-authored-cau-ngoi-thanh-toan-6e6b5a9eec
P2_planned_audio,viet-family-city-hue-go-thanh-toan-bridge,Đi Cầu ngói Thanh Toàn / Go to Thanh Toan Bridge,cityPhrase,explore-next,phrase,Dừng ở Cầu ngói Thanh Toàn,audio-authored-dung-o-cau-ngoi-thanh-toan-296bd31757
P2_planned_audio,viet-family-city-hue-go-thanh-toan-bridge,Đi Cầu ngói Thanh Toàn / Go to Thanh Toan Bridge,cityPhrase,explore-next,phrase,Cầu ngói Thanh Toàn ở đâu?,audio-authored-cau-ngoi-thanh-toan-o-dau-f0703f5a31
P2_planned_audio,viet-family-city-hue-go-thien-mu,Đi chùa Thiên Mụ / Go to Thien Mu Pagoda,cityPhrase,explore-next,phrase,Chùa Thiên Mụ,audio-authored-chua-thien-mu-701da3ec1f
P2_planned_audio,viet-family-city-hue-go-thien-mu,Đi chùa Thiên Mụ / Go to Thien Mu Pagoda,cityPhrase,explore-next,phrase,Từ đây đến chùa Thiên Mụ bao lâu?,audio-authored-tu-day-den-chua-thien-mu-bao-lau-c5a922d6a4
P2_planned_audio,viet-family-city-hue-go-thien-mu,Đi chùa Thiên Mụ / Go to Thien Mu Pagoda,cityPhrase,explore-next,phrase,Chùa Thiên Mụ ở đâu?,audio-authored-chua-thien-mu-o-dau-1f11913725
P2_planned_audio,viet-family-city-hue-go-thuy-xuan-incense-village,Đi Làng hương Thủy Xuân / Go to Thuy Xuan Incense Village,cityPhrase,hero,hero,Đi Làng hương Thủy Xuân,audio-authored-di-lang-huong-thuy-xuan-ea9a4dee46
P2_planned_audio,viet-family-city-hue-go-thuy-xuan-incense-village,Đi Làng hương Thủy Xuân / Go to Thuy Xuan Incense Village,cityPhrase,explore-next,phrase,Làng hương Thủy Xuân,audio-authored-lang-huong-thuy-xuan-a4e21804da
P2_planned_audio,viet-family-city-hue-go-thuy-xuan-incense-village,Đi Làng hương Thủy Xuân / Go to Thuy Xuan Incense Village,cityPhrase,explore-next,phrase,Làng hương Thủy Xuân ở đâu?,audio-authored-lang-huong-thuy-xuan-o-dau-b543d77ef0
P2_planned_audio,viet-family-city-hue-go-tu-duc,Đi lăng Tự Đức / Go to the Tomb of Tu Duc,cityPhrase,explore-next,phrase,Lăng Tự Đức,audio-authored-lang-tu-duc-da4ab18573
P2_planned_audio,viet-family-city-hue-go-tu-duc,Đi lăng Tự Đức / Go to the Tomb of Tu Duc,cityPhrase,explore-next,phrase,Lăng Tự Đức ở đâu?,audio-authored-lang-tu-duc-o-dau-4b316e133b
P2_planned_audio,viet-family-city-hue-go-tu-hieu-pagoda,Đi Chùa Từ Hiếu / Go to Tu Hieu Pagoda,cityPhrase,hero,hero,Đi Chùa Từ Hiếu,audio-authored-di-chua-tu-hieu-65029225d5
P2_planned_audio,viet-family-city-hue-go-tu-hieu-pagoda,Đi Chùa Từ Hiếu / Go to Tu Hieu Pagoda,cityPhrase,explore-next,phrase,Chùa Từ Hiếu,audio-authored-chua-tu-hieu-d2a26763e6
P2_planned_audio,viet-family-city-hue-go-vong-canh-hill,Đi Đồi Vọng Cảnh / Go to Vong Canh Hill,cityPhrase,hero,hero,Đi Đồi Vọng Cảnh,audio-authored-di-doi-vong-canh-bed638cfcf
P2_planned_audio,viet-family-city-hue-go-vong-canh-hill,Đi Đồi Vọng Cảnh / Go to Vong Canh Hill,cityPhrase,explore-next,phrase,Đồi Vọng Cảnh,audio-authored-doi-vong-canh-973c1cfd1f
P2_planned_audio,viet-family-city-hue-near-dong-ba,Chợ Đông Ba gần đây không? / Is Dong Ba Market near here?,cityPhrase,hero,hero,Chợ Đông Ba gần đây không?,audio-authored-cho-dong-ba-gan-day-khong-15313f1d0b
P2_planned_audio,viet-family-city-hue-pharmacy-dong-ba,Có nhà thuốc gần chợ Đông Ba không? / Is there a pharmacy near Dong Ba Market?,cityPhrase,hero,hero,Có nhà thuốc gần chợ Đông Ba không?,audio-authored-co-nha-thuoc-gan-cho-dong-ba-khong-8265c47cfd
P2_planned_audio,viet-family-city-hue-where-bun-bo-city,Ở đâu có bún bò Huế? / Where can I get bun bo Hue?,cityPhrase,hero,hero,Ở đâu có bún bò Huế?,audio-authored-o-dau-co-bun-bo-hue-6e3219b3f3
P2_planned_audio,viet-family-city-hue-where-dong-ba-market,Chợ Đông Ba ở đâu? / Where is Dong Ba Market?,cityPhrase,hero,hero,Chợ Đông Ba ở đâu?,audio-authored-cho-dong-ba-o-dau-da14890866
P2_planned_audio,viet-family-ves-can-you-show-me-politeness,Anh/chị chỉ giúp tôi được không? / Can you show me?,singlePhrase,hero,hero,Anh/chị chỉ giúp tôi được không?,audio-authored-anh-chi-chi-giup-toi-duoc-khong-8f310cf83e
P2_planned_audio,viet-family-ves-do-you-speak-english-anh,Anh nói tiếng Anh không? / Do you speak English?,singlePhrase,hero,hero,Anh nói tiếng Anh không?,audio-authored-anh-noi-tieng-anh-khong-38b15123ba
P2_planned_audio,viet-family-ves-is-this-address-correct,Địa chỉ này đúng không? / Is this address correct?,singlePhrase,hero,hero,Địa chỉ này đúng không?,audio-authored-dia-chi-nay-dung-khong-620d046937
P2_planned_audio,viet-family-ves-order-cao-lau-portion,"Dạ, cho tôi một phần cao lầu. / One portion of cao lau, please.",singlePhrase,explore-next,phrase,Ở đâu có cao lầu ngon?,audio-authored-o-dau-co-cao-lau-ngon-36dffccaf0
P2_planned_audio,viet-family-ves-order-pho-bowl,"Dạ, cho tôi một tô phở. / One bowl of pho, please.",singlePhrase,explore-next,phrase,Có món nào nổi tiếng không?,audio-authored-co-mon-nao-noi-tieng-khong-ec75eed66f
P2_planned_audio,viet-family-vpe-buy-item-toi-muon-mua-ban-cho-hai-nguoi,Tôi muốn mua bàn cho hai người / I want to buy a table for two.,singlePhrase,practice-pairs,phrase,Tôi muốn mua bàn ngoài trời,audio-authored-toi-muon-mua-ban-ngoai-troi-07b3cd6c6e
P2_planned_audio,viet-family-vpe-buy-item-toi-muon-mua-ban-cho-hai-nguoi,Tôi muốn mua bàn cho hai người / I want to buy a table for two.,singlePhrase,practice-pairs,phrase,Tôi muốn mua chỗ ngồi yên tĩnh,audio-authored-toi-muon-mua-cho-ngoi-yen-tinh-95cb5e00c6
P2_planned_audio,viet-family-vpe-buy-item-toi-muon-mua-ban-cho-hai-nguoi,Tôi muốn mua bàn cho hai người / I want to buy a table for two.,singlePhrase,practice-pairs,phrase,Tôi muốn mua đồ uống lạnh,audio-authored-toi-muon-mua-do-uong-lanh-9cfbe9bd20
P2_planned_audio,viet-family-vpe-buy-item-toi-muon-mua-ban-cho-hai-nguoi,Tôi muốn mua bàn cho hai người / I want to buy a table for two.,singlePhrase,explore-next,phrase,Tôi muốn mua đồ uống nóng,audio-authored-toi-muon-mua-do-uong-nong-b4831db3dd
P2_planned_audio,viet-family-vpe-buy-item-toi-muon-mua-ban-cho-hai-nguoi,Tôi muốn mua bàn cho hai người / I want to buy a table for two.,singlePhrase,explore-next,phrase,Tôi muốn mua nước điện giải,audio-authored-toi-muon-mua-nuoc-dien-giai-15f5f696cb
P2_planned_audio,viet-family-vpe-buy-item-toi-muon-mua-ban-ngoai-troi,Tôi muốn mua bàn ngoài trời / I want to buy an outdoor table.,singlePhrase,explore-next,phrase,Tôi muốn mua thuốc cảm,audio-authored-toi-muon-mua-thuoc-cam-930c1ef17c
P2_planned_audio,viet-family-vpe-buy-item-toi-muon-mua-banh-mi-chay,Tôi muốn mua bánh mì chay / I want to buy vegetarian bánh mì.,singlePhrase,hero,hero,Tôi muốn mua bánh mì chay,audio-authored-toi-muon-mua-banh-mi-chay-cdbdb47e3d
P2_planned_audio,viet-family-vpe-buy-item-toi-muon-mua-banh-mi-chay,Tôi muốn mua bánh mì chay / I want to buy vegetarian bánh mì.,singlePhrase,practice-pairs,phrase,Tôi muốn mua bánh xèo,audio-authored-toi-muon-mua-banh-xeo-fa38e9d608
P2_planned_audio,viet-family-vpe-buy-item-toi-muon-mua-banh-mi-chay,Tôi muốn mua bánh mì chay / I want to buy vegetarian bánh mì.,singlePhrase,practice-pairs,phrase,Tôi muốn mua bún chả,audio-authored-toi-muon-mua-bun-cha-83062d2428
P2_planned_audio,viet-family-vpe-buy-item-toi-muon-mua-banh-mi-chay,Tôi muốn mua bánh mì chay / I want to buy vegetarian bánh mì.,singlePhrase,practice-pairs,phrase,Tôi muốn mua gỏi cuốn,audio-authored-toi-muon-mua-goi-cuon-577d060411
P2_planned_audio,viet-family-vpe-buy-item-toi-muon-mua-banh-mi-chay,Tôi muốn mua bánh mì chay / I want to buy vegetarian bánh mì.,singlePhrase,explore-next,phrase,Tôi muốn mua phở bò,audio-authored-toi-muon-mua-pho-bo-b4b5ea04e2
P2_planned_audio,viet-family-vpe-buy-item-toi-muon-mua-banh-mi-chay,Tôi muốn mua bánh mì chay / I want to buy vegetarian bánh mì.,singlePhrase,explore-next,phrase,Tôi muốn mua phở gà,audio-authored-toi-muon-mua-pho-ga-f00a752696
P2_planned_audio,viet-family-vpe-buy-item-toi-muon-mua-banh-xeo,Tôi muốn mua bánh xèo / I want to buy bánh xèo.,singlePhrase,practice-pairs,phrase,Tôi muốn mua hộp mang về,audio-authored-toi-muon-mua-hop-mang-ve-cdb402d5d8
P2_planned_audio,viet-family-vpe-buy-item-toi-muon-mua-banh-xeo,Tôi muốn mua bánh xèo / I want to buy bánh xèo.,singlePhrase,explore-next,phrase,Tôi muốn mua nước chấm,audio-authored-toi-muon-mua-nuoc-cham-3cc1206da6
P2_planned_audio,viet-family-vpe-buy-item-toi-muon-mua-banh-xeo,Tôi muốn mua bánh xèo / I want to buy bánh xèo.,singlePhrase,explore-next,phrase,Tôi muốn mua túi mang về,audio-authored-toi-muon-mua-tui-mang-ve-9419ea09f5
P2_planned_audio,viet-family-vpe-buy-item-toi-muon-mua-ca-phe-den,Tôi muốn mua cà phê đen / I want to buy black coffee.,singlePhrase,hero,hero,Tôi muốn mua cà phê đen,audio-authored-toi-muon-mua-ca-phe-den-cfc8993bf7
P2_planned_audio,viet-family-vpe-buy-item-toi-muon-mua-ca-phe-den,Tôi muốn mua cà phê đen / I want to buy black coffee.,singlePhrase,practice-pairs,phrase,Tôi muốn mua cơm trắng,audio-authored-toi-muon-mua-com-trang-171775ba01
P2_planned_audio,viet-family-vpe-buy-item-toi-muon-mua-ca-phe-den,Tôi muốn mua cà phê đen / I want to buy black coffee.,singlePhrase,practice-pairs,phrase,Tôi muốn mua nước mắm,audio-authored-toi-muon-mua-nuoc-mam-5d02b928ec
P2_planned_audio,viet-family-vpe-buy-item-toi-muon-mua-ca-phe-den,Tôi muốn mua cà phê đen / I want to buy black coffee.,singlePhrase,practice-pairs,phrase,Tôi muốn mua rau sống,audio-authored-toi-muon-mua-rau-song-3196ad0dbb
P2_planned_audio,viet-family-vpe-buy-item-toi-muon-mua-ca-phe-den,Tôi muốn mua cà phê đen / I want to buy black coffee.,singlePhrase,explore-next,phrase,Tôi muốn mua trà đá,audio-authored-toi-muon-mua-tra-da-8ef5858fab
P2_planned_audio,viet-family-vpe-buy-item-toi-muon-mua-ca-phe-den,Tôi muốn mua cà phê đen / I want to buy black coffee.,singlePhrase,explore-next,phrase,Tôi muốn mua tương ớt,audio-authored-toi-muon-mua-tuong-ot-dd7454d765
P2_planned_audio,viet-family-vpe-buy-item-toi-muon-mua-ca-phe-it-duong,Tôi muốn mua cà phê ít đường / I want to buy coffee with less sugar.,singlePhrase,hero,hero,Tôi muốn mua cà phê ít đường,audio-authored-toi-muon-mua-ca-phe-it-duong-be2cd818bb
P2_planned_audio,viet-family-vpe-buy-item-toi-muon-mua-ca-phe-it-duong,Tôi muốn mua cà phê ít đường / I want to buy coffee with less sugar.,singlePhrase,practice-pairs,phrase,Tôi muốn mua món ít cay,audio-authored-toi-muon-mua-mon-it-cay-c08b33a05d
P2_planned_audio,viet-family-vpe-buy-item-toi-muon-mua-ca-phe-it-duong,Tôi muốn mua cà phê ít đường / I want to buy coffee with less sugar.,singlePhrase,practice-pairs,phrase,Tôi muốn mua món không cay,audio-authored-toi-muon-mua-mon-khong-cay-289418c530
P2_planned_audio,viet-family-vpe-buy-item-toi-muon-mua-ca-phe-it-duong,Tôi muốn mua cà phê ít đường / I want to buy coffee with less sugar.,singlePhrase,practice-pairs,phrase,Tôi muốn mua nước dừa,audio-authored-toi-muon-mua-nuoc-dua-2179d1b4c5
P2_planned_audio,viet-family-vpe-buy-item-toi-muon-mua-ca-phe-it-duong,Tôi muốn mua cà phê ít đường / I want to buy coffee with less sugar.,singlePhrase,explore-next,phrase,Tôi muốn mua sữa đặc,audio-authored-toi-muon-mua-sua-dac-a31a8074e9
P2_planned_audio,viet-family-vpe-buy-item-toi-muon-mua-ca-phe-it-duong,Tôi muốn mua cà phê ít đường / I want to buy coffee with less sugar.,singlePhrase,explore-next,phrase,Tôi muốn mua sữa tươi,audio-authored-toi-muon-mua-sua-tuoi-91a566a056
P2_planned_audio,viet-family-vpe-buy-item-toi-muon-mua-ca-phe-sua-da,Tôi muốn mua cà phê sữa đá / I want to buy iced milk coffee.,singlePhrase,hero,hero,Tôi muốn mua cà phê sữa đá,audio-authored-toi-muon-mua-ca-phe-sua-da-d79afdc06b
P2_planned_audio,viet-family-vpe-buy-item-toi-muon-mua-cho-ngoi-yen-tinh,Tôi muốn mua chỗ ngồi yên tĩnh / I want to buy a quiet seat.,singlePhrase,explore-next,phrase,Tôi muốn mua thuốc dị ứng,audio-authored-toi-muon-mua-thuoc-di-ung-c4a18b7160
P2_planned_audio,viet-family-vpe-buy-item-toi-muon-mua-coc-giay,Tôi muốn mua cốc giấy / I want to buy a paper cup.,singlePhrase,hero,hero,Tôi muốn mua cốc giấy,audio-authored-toi-muon-mua-coc-giay-9c046176d4
P2_planned_audio,viet-family-vpe-buy-item-toi-muon-mua-coc-giay,Tôi muốn mua cốc giấy / I want to buy a paper cup.,singlePhrase,practice-pairs,phrase,Tôi muốn mua khăn lạnh,audio-authored-toi-muon-mua-khan-lanh-144bfe3913
P2_planned_audio,viet-family-vpe-buy-item-toi-muon-mua-coc-giay,Tôi muốn mua cốc giấy / I want to buy a paper cup.,singlePhrase,practice-pairs,phrase,Tôi muốn mua nước không đường,audio-authored-toi-muon-mua-nuoc-khong-duong-ec3edf6d33
P2_planned_audio,viet-family-vpe-buy-item-toi-muon-mua-coc-giay,Tôi muốn mua cốc giấy / I want to buy a paper cup.,singlePhrase,practice-pairs,phrase,Tôi muốn mua nước lọc,audio-authored-toi-muon-mua-nuoc-loc-5e5c18d3c4
P2_planned_audio,viet-family-vpe-buy-item-toi-muon-mua-coc-giay,Tôi muốn mua cốc giấy / I want to buy a paper cup.,singlePhrase,explore-next,phrase,Tôi muốn mua nước nóng,audio-authored-toi-muon-mua-nuoc-nong-f9b34cbabd
P2_planned_audio,viet-family-vpe-buy-item-toi-muon-mua-coc-giay,Tôi muốn mua cốc giấy / I want to buy a paper cup.,singlePhrase,explore-next,phrase,Tôi muốn mua nước suối,audio-authored-toi-muon-mua-nuoc-suoi-abd200802c
P2_planned_audio,viet-family-vpe-buy-item-toi-muon-mua-com-trang,Tôi muốn mua cơm trắng / I want to buy plain rice.,singlePhrase,practice-pairs,phrase,Tôi muốn mua đồ chay,audio-authored-toi-muon-mua-do-chay-4ff56e7c8c
P2_planned_audio,viet-family-vpe-buy-item-toi-muon-mua-com-trang,Tôi muốn mua cơm trắng / I want to buy plain rice.,singlePhrase,explore-next,phrase,Tôi muốn mua vé một chiều,audio-authored-toi-muon-mua-ve-mot-chieu-1507a7bb6b
P2_planned_audio,viet-family-vpe-buy-item-toi-muon-mua-da,Tôi muốn mua đá / I want to buy ice.,singlePhrase,hero,hero,Tôi muốn mua đá,audio-authored-toi-muon-mua-da-eddedc16c1
P2_planned_audio,viet-family-vpe-buy-item-toi-muon-mua-da,Tôi muốn mua đá / I want to buy ice.,singlePhrase,practice-pairs,phrase,Tôi muốn mua giấy vệ sinh,audio-authored-toi-muon-mua-giay-ve-sinh-a8429e2099
P2_planned_audio,viet-family-vpe-buy-item-toi-muon-mua-da,Tôi muốn mua đá / I want to buy ice.,singlePhrase,practice-pairs,phrase,Tôi muốn mua kem chống nắng,audio-authored-toi-muon-mua-kem-chong-nang-fcd1398cbe
P2_planned_audio,viet-family-vpe-buy-item-toi-muon-mua-da,Tôi muốn mua đá / I want to buy ice.,singlePhrase,practice-pairs,phrase,Tôi muốn mua khăn giấy,audio-authored-toi-muon-mua-khan-giay-075487a585
P2_planned_audio,viet-family-vpe-buy-item-toi-muon-mua-da,Tôi muốn mua đá / I want to buy ice.,singlePhrase,explore-next,phrase,Tôi muốn mua thuốc đau đầu,audio-authored-toi-muon-mua-thuoc-dau-dau-bc29c7fb5d
P2_planned_audio,viet-family-vpe-buy-item-toi-muon-mua-da,Tôi muốn mua đá / I want to buy ice.,singlePhrase,explore-next,phrase,Tôi muốn mua xà phòng,audio-authored-toi-muon-mua-xa-phong-68b9e3b524
P2_planned_audio,viet-family-vpe-buy-item-toi-muon-mua-do-chay,Tôi muốn mua đồ chay / I want to buy vegetarian food.,singlePhrase,practice-pairs,phrase,Tôi muốn mua phòng đơn,audio-authored-toi-muon-mua-phong-don-ea0f4c047c
P2_planned_audio,viet-family-vpe-buy-item-toi-muon-mua-do-chay,Tôi muốn mua đồ chay / I want to buy vegetarian food.,singlePhrase,practice-pairs,phrase,Tôi muốn mua vé khứ hồi,audio-authored-toi-muon-mua-ve-khu-hoi-ed00c32c19
P2_planned_audio,viet-family-vpe-buy-item-toi-muon-mua-do-chay,Tôi muốn mua đồ chay / I want to buy vegetarian food.,singlePhrase,explore-next,phrase,Tôi muốn mua vé người lớn,audio-authored-toi-muon-mua-ve-nguoi-lon-e9f4fa93ab
P2_planned_audio,viet-family-vpe-buy-item-toi-muon-mua-do-chay,Tôi muốn mua đồ chay / I want to buy vegetarian food.,singlePhrase,explore-next,phrase,Tôi muốn mua vé trẻ em,audio-authored-toi-muon-mua-ve-tre-em-cad4c01129
P2_planned_audio,viet-family-vpe-buy-item-toi-muon-mua-do-uong-lanh,Tôi muốn mua đồ uống lạnh / I want to buy a cold drink.,singlePhrase,practice-pairs,phrase,Tôi muốn mua kem chống muỗi,audio-authored-toi-muon-mua-kem-chong-muoi-79303b79c9
P2_planned_audio,viet-family-vpe-buy-item-toi-muon-mua-do-uong-nong,Tôi muốn mua đồ uống nóng / I want to buy a hot drink.,singlePhrase,practice-pairs,phrase,Tôi muốn mua nhiệt kế,audio-authored-toi-muon-mua-nhiet-ke-25632bae81
P2_planned_audio,viet-family-vpe-buy-item-toi-muon-mua-dua,Tôi muốn mua đũa / I want to buy chopsticks.,singlePhrase,practice-pairs,phrase,Tôi muốn mua ống hút,audio-authored-toi-muon-mua-ong-hut-4d6bd480d6
P2_planned_audio,viet-family-vpe-buy-item-toi-muon-mua-dua,Tôi muốn mua đũa / I want to buy chopsticks.,singlePhrase,explore-next,phrase,Tôi muốn mua thực đơn tiếng Anh,audio-authored-toi-muon-mua-thuc-don-tieng-anh-1860f06d77
P2_planned_audio,viet-family-vpe-buy-item-toi-muon-mua-mon-it-cay,Tôi muốn mua món ít cay / I want to buy a less spicy dish.,singlePhrase,practice-pairs,phrase,Tôi muốn mua sinh tố xoài,audio-authored-toi-muon-mua-sinh-to-xoai-4c4d649771
P2_planned_audio,viet-family-vpe-food-has-co-bo-khong,Có bơ không? / Does it have butter?,singlePhrase,hero,hero,Có bơ không?,audio-authored-co-bo-khong-343099422a
P2_planned_audio,viet-family-vpe-food-has-co-bo-khong,Có bơ không? / Does it have butter?,singlePhrase,practice-pairs,phrase,Có bột ngọt không?,audio-authored-co-bot-ngot-khong-0332fdfce4
P2_planned_audio,viet-family-vpe-food-has-co-bo-khong,Có bơ không? / Does it have butter?,singlePhrase,practice-pairs,phrase,Có đậu nành không?,audio-authored-co-dau-nanh-khong-b01fcf702f
P2_planned_audio,viet-family-vpe-food-has-co-bo-khong,Có bơ không? / Does it have butter?,singlePhrase,practice-pairs,phrase,Có đường không?,audio-authored-co-duong-khong-6c25b45a7a
P2_planned_audio,viet-family-vpe-food-has-co-bo-khong,Có bơ không? / Does it have butter?,singlePhrase,explore-next,phrase,Có mè không?,audio-authored-co-me-khong-39c4974e46
P2_planned_audio,viet-family-vpe-food-has-co-bo-khong,Có bơ không? / Does it have butter?,singlePhrase,explore-next,phrase,Có rau mùi không?,audio-authored-co-rau-mui-khong-2d8b1252f9
P2_planned_audio,viet-family-vpe-food-has-co-bo-khong,Có bơ không? / Does it have butter?,singlePhrase,explore-next,phrase,Có cá không?,audio-authored-co-ca-khong-b5d77612e3
P2_planned_audio,viet-family-vpe-food-has-co-bo-khong,Có bơ không? / Does it have butter?,singlePhrase,explore-next,phrase,Có cồn không?,audio-authored-co-con-khong-3cdc3f3369
P2_planned_audio,viet-family-vpe-food-has-co-bo-khong,Có bơ không? / Does it have butter?,singlePhrase,explore-next,phrase,Có da heo không?,audio-authored-co-da-heo-khong-af54a260a4
P2_planned_audio,viet-family-vpe-food-has-co-bo-khong,Có bơ không? / Does it have butter?,singlePhrase,explore-next,phrase,Có đậu phộng không?,audio-authored-co-dau-phong-khong-4b48f4714e
P2_planned_audio,viet-family-vpe-food-has-co-bot-ngot-khong,Có bột ngọt không? / Does it have MSG?,singlePhrase,practice-pairs,phrase,Có nước tương không?,audio-authored-co-nuoc-tuong-khong-faaa7bbd0c
P2_planned_audio,viet-family-vpe-food-has-co-bot-ngot-khong,Có bột ngọt không? / Does it have MSG?,singlePhrase,explore-next,phrase,Có ớt bột không?,audio-authored-co-ot-bot-khong-a16715e3e2
P2_planned_audio,viet-family-vpe-food-has-co-bot-ngot-khong,Có bột ngọt không? / Does it have MSG?,singlePhrase,explore-next,phrase,Có phô mai không?,audio-authored-co-pho-mai-khong-3e9f2771d1
P2_planned_audio,viet-family-vpe-food-has-co-ca-khong,Có cá không? / Does it have fish?,singlePhrase,explore-next,phrase,Có sữa không?,audio-authored-co-sua-khong-019afedf29
P2_planned_audio,viet-family-vpe-food-has-co-ca-khong,Có cá không? / Does it have fish?,singlePhrase,explore-next,phrase,Có trứng không?,audio-authored-co-trung-khong-c1191c75e8
P2_planned_audio,viet-family-vpe-food-has-co-con-khong,Có cồn không? / Does it have alcohol?,singlePhrase,practice-pairs,phrase,Có hành không?,audio-authored-co-hanh-khong-3237dbb97f
P2_planned_audio,viet-family-vpe-food-has-co-con-khong,Có cồn không? / Does it have alcohol?,singlePhrase,practice-pairs,phrase,Có ớt không?,audio-authored-co-ot-khong-047cd71673
P2_planned_audio,viet-family-vpe-food-has-co-con-khong,Có cồn không? / Does it have alcohol?,singlePhrase,explore-next,phrase,Có thịt heo không?,audio-authored-co-thit-heo-khong-3a8abe6015
P2_planned_audio,viet-family-vpe-food-has-co-con-khong,Có cồn không? / Does it have alcohol?,singlePhrase,explore-next,phrase,Có tỏi không?,audio-authored-co-toi-khong-fdbe5e8211
P2_planned_audio,viet-family-vpe-food-has-co-da-heo-khong,Có da heo không? / Does it have pork skin?,singlePhrase,practice-pairs,phrase,Có mắm tôm không?,audio-authored-co-mam-tom-khong-febfd7af3d
P2_planned_audio,viet-family-vpe-food-has-co-da-heo-khong,Có da heo không? / Does it have pork skin?,singlePhrase,practice-pairs,phrase,Có máu không?,audio-authored-co-mau-khong-412c250bdd
P2_planned_audio,viet-family-vpe-food-has-co-da-heo-khong,Có da heo không? / Does it have pork skin?,singlePhrase,explore-next,phrase,Có nội tạng không?,audio-authored-co-noi-tang-khong-978236f1e8
P2_planned_audio,viet-family-vpe-food-has-co-da-heo-khong,Có da heo không? / Does it have pork skin?,singlePhrase,explore-next,phrase,Có xương không?,audio-authored-co-xuong-khong-34d7b69f30
P2_planned_audio,viet-family-vpe-food-has-co-dau-nanh-khong,Có đậu nành không? / Does it have soy?,singlePhrase,explore-next,phrase,Có tiêu không?,audio-authored-co-tieu-khong-f54a1256ca
P2_planned_audio,viet-family-vpe-food-has-co-dau-phong-khong,Có đậu phộng không? / Does it have peanuts?,singlePhrase,practice-pairs,phrase,Có thịt bò không?,audio-authored-co-thit-bo-khong-eb4b04bfd2
P2_planned_audio,viet-family-vpe-food-has-co-hai-san-khong,Có hải sản không? / Does it have seafood?,singlePhrase,hero,hero,Có hải sản không?,audio-authored-co-hai-san-khong-8dd7c4b328
P2_planned_audio,viet-family-vpe-food-has-co-hai-san-khong,Có hải sản không? / Does it have seafood?,singlePhrase,explore-next,phrase,Có tôm không?,audio-authored-co-tom-khong-b4811e0389
P2_planned_audio,viet-family-vpe-food-has-co-hanh-khong,Có hành không? / Does it have onion?,singlePhrase,practice-pairs,phrase,Có thịt gà không?,audio-authored-co-thit-ga-khong-f137f0a4bf
P2_planned_audio,viet-family-vpe-food-has-co-me-khong,Có mè không? / Does it have sesame?,singlePhrase,practice-pairs,phrase,Có mỡ hành không?,audio-authored-co-mo-hanh-khong-b3aaecc6b3
P2_planned_audio,viet-family-vpe-food-less-it-bo-thoi,Ít bơ thôi / Just a little butter.,singlePhrase,hero,hero,Ít bơ thôi,audio-authored-it-bo-thoi-e554f753f1
P2_planned_audio,viet-family-vpe-food-less-it-bo-thoi,Ít bơ thôi / Just a little butter.,singlePhrase,practice-pairs,phrase,Ít bột ngọt thôi,audio-authored-it-bot-ngot-thoi-ff579f7d28
P2_planned_audio,viet-family-vpe-food-less-it-bo-thoi,Ít bơ thôi / Just a little butter.,singlePhrase,practice-pairs,phrase,Ít đậu nành thôi,audio-authored-it-dau-nanh-thoi-adb851801e
P2_planned_audio,viet-family-vpe-food-less-it-bo-thoi,Ít bơ thôi / Just a little butter.,singlePhrase,practice-pairs,phrase,Ít đường thôi,audio-authored-it-duong-thoi-d37f6e2d3f
P2_planned_audio,viet-family-vpe-food-less-it-bo-thoi,Ít bơ thôi / Just a little butter.,singlePhrase,explore-next,phrase,Ít nước mắm thôi,audio-authored-it-nuoc-mam-thoi-d745878b3c
P2_planned_audio,viet-family-vpe-food-less-it-bo-thoi,Ít bơ thôi / Just a little butter.,singlePhrase,explore-next,phrase,Ít rau mùi thôi,audio-authored-it-rau-mui-thoi-9a0a116189
P2_planned_audio,viet-family-vpe-food-less-it-bo-thoi,Ít bơ thôi / Just a little butter.,singlePhrase,explore-next,phrase,Ít cá thôi,audio-authored-it-ca-thoi-16a56521cd
P2_planned_audio,viet-family-vpe-food-less-it-bo-thoi,Ít bơ thôi / Just a little butter.,singlePhrase,explore-next,phrase,Ít cồn thôi,audio-authored-it-con-thoi-9006749ea0
P2_planned_audio,viet-family-vpe-food-less-it-bo-thoi,Ít bơ thôi / Just a little butter.,singlePhrase,explore-next,phrase,Ít da heo thôi,audio-authored-it-da-heo-thoi-9095be35c1
P2_planned_audio,viet-family-vpe-food-less-it-bo-thoi,Ít bơ thôi / Just a little butter.,singlePhrase,explore-next,phrase,Ít đậu phộng thôi,audio-authored-it-dau-phong-thoi-a4dc704df2
P2_planned_audio,viet-family-vpe-food-less-it-bot-ngot-thoi,Ít bột ngọt thôi / Just a little MSG.,singlePhrase,practice-pairs,phrase,Ít mè thôi,audio-authored-it-me-thoi-6168af87f2
P2_planned_audio,viet-family-vpe-food-less-it-bot-ngot-thoi,Ít bột ngọt thôi / Just a little MSG.,singlePhrase,practice-pairs,phrase,Ít nước tương thôi,audio-authored-it-nuoc-tuong-thoi-a9dea8f439
P2_planned_audio,viet-family-vpe-food-less-it-bot-ngot-thoi,Ít bột ngọt thôi / Just a little MSG.,singlePhrase,explore-next,phrase,Ít ớt bột thôi,audio-authored-it-ot-bot-thoi-79dc93b038
P2_planned_audio,viet-family-vpe-food-less-it-bot-ngot-thoi,Ít bột ngọt thôi / Just a little MSG.,singlePhrase,explore-next,phrase,Ít phô mai thôi,audio-authored-it-pho-mai-thoi-92e4aec534
P2_planned_audio,viet-family-vpe-food-less-it-ca-thoi,Ít cá thôi / Just a little fish.,singlePhrase,explore-next,phrase,Ít sữa thôi,audio-authored-it-sua-thoi-745590b9d2
P2_planned_audio,viet-family-vpe-food-less-it-ca-thoi,Ít cá thôi / Just a little fish.,singlePhrase,explore-next,phrase,Ít trứng thôi,audio-authored-it-trung-thoi-448bf54ccb
P2_planned_audio,viet-family-vpe-food-less-it-con-thoi,Ít cồn thôi / Just a little alcohol.,singlePhrase,practice-pairs,phrase,Ít hành thôi,audio-authored-it-hanh-thoi-c65b17d24d
P2_planned_audio,viet-family-vpe-food-less-it-con-thoi,Ít cồn thôi / Just a little alcohol.,singlePhrase,practice-pairs,phrase,Ít ớt thôi,audio-authored-it-ot-thoi-23181f9bb3
P2_planned_audio,viet-family-vpe-food-less-it-con-thoi,Ít cồn thôi / Just a little alcohol.,singlePhrase,explore-next,phrase,Ít thịt heo thôi,audio-authored-it-thit-heo-thoi-37540d69b8
P2_planned_audio,viet-family-vpe-food-less-it-con-thoi,Ít cồn thôi / Just a little alcohol.,singlePhrase,explore-next,phrase,Ít tỏi thôi,audio-authored-it-toi-thoi-282a2faff8
P2_planned_audio,viet-family-vpe-food-less-it-da-heo-thoi,Ít da heo thôi / Just a little pork skin.,singlePhrase,practice-pairs,phrase,Ít mắm tôm thôi,audio-authored-it-mam-tom-thoi-685a51abcd
P2_planned_audio,viet-family-vpe-food-less-it-da-heo-thoi,Ít da heo thôi / Just a little pork skin.,singlePhrase,practice-pairs,phrase,Ít máu thôi,audio-authored-it-mau-thoi-c0a6c134ae
P2_planned_audio,viet-family-vpe-food-less-it-da-heo-thoi,Ít da heo thôi / Just a little pork skin.,singlePhrase,explore-next,phrase,Ít nội tạng thôi,audio-authored-it-noi-tang-thoi-f4f33cc839
P2_planned_audio,viet-family-vpe-food-less-it-da-heo-thoi,Ít da heo thôi / Just a little pork skin.,singlePhrase,explore-next,phrase,Ít xương thôi,audio-authored-it-xuong-thoi-304015c264
P2_planned_audio,viet-family-vpe-food-less-it-dau-nanh-thoi,Ít đậu nành thôi / Just a little soy.,singlePhrase,explore-next,phrase,Ít tiêu thôi,audio-authored-it-tieu-thoi-2a38bc445b
P2_planned_audio,viet-family-vpe-food-less-it-dau-phong-thoi,Ít đậu phộng thôi / Just a little peanuts.,singlePhrase,practice-pairs,phrase,Ít thịt bò thôi,audio-authored-it-thit-bo-thoi-3b3f60a00c
P2_planned_audio,viet-family-vpe-food-less-it-hai-san-thoi,Ít hải sản thôi / Just a little seafood.,singlePhrase,hero,hero,Ít hải sản thôi,audio-authored-it-hai-san-thoi-23c220704d
P2_planned_audio,viet-family-vpe-food-less-it-hai-san-thoi,Ít hải sản thôi / Just a little seafood.,singlePhrase,explore-next,phrase,Ít tôm thôi,audio-authored-it-tom-thoi-ced91f2500
P2_planned_audio,viet-family-vpe-food-less-it-hanh-thoi,Ít hành thôi / Just a little onion.,singlePhrase,practice-pairs,phrase,Ít thịt gà thôi,audio-authored-it-thit-ga-thoi-8d71a9d650
P2_planned_audio,viet-family-vpe-food-less-it-me-thoi,Ít mè thôi / Just a little sesame.,singlePhrase,practice-pairs,phrase,Ít mỡ hành thôi,audio-authored-it-mo-hanh-thoi-7eddc34086
P2_planned_audio,viet-family-vpe-food-without-khong-bo,Không bơ / No butter.,singlePhrase,hero,hero,Không bơ,audio-authored-khong-bo-3055a1c173
P2_planned_audio,viet-family-vpe-food-without-khong-bo,Không bơ / No butter.,singlePhrase,practice-pairs,phrase,Không bột ngọt,audio-authored-khong-bot-ngot-3243104334
P2_planned_audio,viet-family-vpe-food-without-khong-bo,Không bơ / No butter.,singlePhrase,practice-pairs,phrase,Không đá,audio-authored-khong-da-29c330b0c2
P2_planned_audio,viet-family-vpe-food-without-khong-bo,Không bơ / No butter.,singlePhrase,explore-next,phrase,Không nước mắm,audio-authored-khong-nuoc-mam-d7b89ccdfc
P2_planned_audio,viet-family-vpe-food-without-khong-bo,Không bơ / No butter.,singlePhrase,explore-next,phrase,Không rau mùi,audio-authored-khong-rau-mui-2f17c248b2
P2_planned_audio,viet-family-vpe-food-without-khong-bo,Không bơ / No butter.,singlePhrase,explore-next,phrase,Không cá,audio-authored-khong-ca-13fe5f10e9
P2_planned_audio,viet-family-vpe-food-without-khong-bo,Không bơ / No butter.,singlePhrase,explore-next,phrase,Không cồn,audio-authored-khong-con-c62af006fb
P2_planned_audio,viet-family-vpe-food-without-khong-bo,Không bơ / No butter.,singlePhrase,explore-next,phrase,Không da heo,audio-authored-khong-da-heo-88d5c1e0c8
P2_planned_audio,viet-family-vpe-food-without-khong-bo,Không bơ / No butter.,singlePhrase,explore-next,phrase,Không đậu nành,audio-authored-khong-dau-nanh-815bb8716c
P2_planned_audio,viet-family-vpe-food-without-khong-bot-ngot,Không bột ngọt / No MSG.,singlePhrase,practice-pairs,phrase,Không mè,audio-authored-khong-me-32606a6721
P2_planned_audio,viet-family-vpe-food-without-khong-bot-ngot,Không bột ngọt / No MSG.,singlePhrase,practice-pairs,phrase,Không nước tương,audio-authored-khong-nuoc-tuong-55d45eceb2
P2_planned_audio,viet-family-vpe-food-without-khong-bot-ngot,Không bột ngọt / No MSG.,singlePhrase,explore-next,phrase,Không ớt bột,audio-authored-khong-ot-bot-b518cc15a0
P2_planned_audio,viet-family-vpe-food-without-khong-bot-ngot,Không bột ngọt / No MSG.,singlePhrase,explore-next,phrase,Không phô mai,audio-authored-khong-pho-mai-be642b32db
P2_planned_audio,viet-family-vpe-food-without-khong-ca,Không cá / No fish.,singlePhrase,explore-next,phrase,Không sữa,audio-authored-khong-sua-22a60a62ed
P2_planned_audio,viet-family-vpe-food-without-khong-ca,Không cá / No fish.,singlePhrase,explore-next,phrase,Không trứng,audio-authored-khong-trung-be7040ea51
P2_planned_audio,viet-family-vpe-food-without-khong-con,Không cồn / No alcohol.,singlePhrase,practice-pairs,phrase,Không đậu phộng,audio-authored-khong-dau-phong-e55435e413
P2_planned_audio,viet-family-vpe-food-without-khong-con,Không cồn / No alcohol.,singlePhrase,practice-pairs,phrase,Không hành,audio-authored-khong-hanh-31cbdf5d11
P2_planned_audio,viet-family-vpe-food-without-khong-con,Không cồn / No alcohol.,singlePhrase,practice-pairs,phrase,Không ớt,audio-authored-khong-ot-c344b7f43c
P2_planned_audio,viet-family-vpe-food-without-khong-con,Không cồn / No alcohol.,singlePhrase,explore-next,phrase,Không thịt heo,audio-authored-khong-thit-heo-e4720b2245
P2_planned_audio,viet-family-vpe-food-without-khong-con,Không cồn / No alcohol.,singlePhrase,explore-next,phrase,Không tỏi,audio-authored-khong-toi-fc1411609b
P2_planned_audio,viet-family-vpe-food-without-khong-da-heo,Không da heo / No pork skin.,singlePhrase,practice-pairs,phrase,Không mắm tôm,audio-authored-khong-mam-tom-6205a60155
P2_planned_audio,viet-family-vpe-food-without-khong-da-heo,Không da heo / No pork skin.,singlePhrase,practice-pairs,phrase,Không máu,audio-authored-khong-mau-4e4920bc6e
P2_planned_audio,viet-family-vpe-food-without-khong-da-heo,Không da heo / No pork skin.,singlePhrase,explore-next,phrase,Không nội tạng,audio-authored-khong-noi-tang-d2690eae96
P2_planned_audio,viet-family-vpe-food-without-khong-da-heo,Không da heo / No pork skin.,singlePhrase,explore-next,phrase,Không xương,audio-authored-khong-xuong-d2046b85e8
P2_planned_audio,viet-family-vpe-food-without-khong-dau-nanh,Không đậu nành / No soy.,singlePhrase,explore-next,phrase,Không tiêu,audio-authored-khong-tieu-90cab2e993
P2_planned_audio,viet-family-vpe-food-without-khong-dau-phong,Không đậu phộng / No peanuts.,singlePhrase,practice-pairs,phrase,Không thịt bò,audio-authored-khong-thit-bo-a1a647b8e5
P2_planned_audio,viet-family-vpe-food-without-khong-hai-san,Không hải sản / No seafood.,singlePhrase,hero,hero,Không hải sản,audio-authored-khong-hai-san-08bd6f582d
P2_planned_audio,viet-family-vpe-food-without-khong-hai-san,Không hải sản / No seafood.,singlePhrase,explore-next,phrase,Không tôm,audio-authored-khong-tom-f88ac414d7
P2_planned_audio,viet-family-vpe-food-without-khong-hanh,Không hành / No onion.,singlePhrase,practice-pairs,phrase,Không thịt gà,audio-authored-khong-thit-ga-abe74c6e80
P2_planned_audio,viet-family-vpe-food-without-khong-me,Không mè / No sesame.,singlePhrase,practice-pairs,phrase,Không mỡ hành,audio-authored-khong-mo-hanh-9f31cdd348
P2_planned_audio,viet-family-vpe-have-item-co-ban-cho-hai-nguoi-khong,Có bàn cho hai người không? / Do you have a table for two?,singlePhrase,practice-pairs,phrase,Có bàn ngoài trời không?,audio-authored-co-ban-ngoai-troi-khong-16eec82c01
P2_planned_audio,viet-family-vpe-have-item-co-ban-cho-hai-nguoi-khong,Có bàn cho hai người không? / Do you have a table for two?,singlePhrase,practice-pairs,phrase,Có chỗ ngồi yên tĩnh không?,audio-authored-co-cho-ngoi-yen-tinh-khong-fd72bd3379
P2_planned_audio,viet-family-vpe-have-item-co-ban-cho-hai-nguoi-khong,Có bàn cho hai người không? / Do you have a table for two?,singlePhrase,practice-pairs,phrase,Có đồ uống lạnh không?,audio-authored-co-do-uong-lanh-khong-6c8caf7fb9
P2_planned_audio,viet-family-vpe-have-item-co-ban-cho-hai-nguoi-khong,Có bàn cho hai người không? / Do you have a table for two?,singlePhrase,explore-next,phrase,Có đồ uống nóng không?,audio-authored-co-do-uong-nong-khong-87f05761ca
P2_planned_audio,viet-family-vpe-have-item-co-ban-cho-hai-nguoi-khong,Có bàn cho hai người không? / Do you have a table for two?,singlePhrase,explore-next,phrase,Có nước điện giải không?,audio-authored-co-nuoc-dien-giai-khong-fa6611e6f5
P2_planned_audio,viet-family-vpe-have-item-co-ban-do-giay-khong,Có bản đồ giấy không? / Do you have a paper map?,singlePhrase,hero,hero,Có bản đồ giấy không?,audio-authored-co-ban-do-giay-khong-a522af0d59
P2_planned_audio,viet-family-vpe-have-item-co-ban-do-giay-khong,Có bản đồ giấy không? / Do you have a paper map?,singlePhrase,practice-pairs,phrase,Có đũa không?,audio-authored-co-dua-khong-9402963113
P2_planned_audio,viet-family-vpe-have-item-co-ban-do-giay-khong,Có bản đồ giấy không? / Do you have a paper map?,singlePhrase,practice-pairs,phrase,Có hóa đơn không?,audio-authored-co-hoa-don-khong-e0da75dfbe
P2_planned_audio,viet-family-vpe-have-item-co-ban-do-giay-khong,Có bản đồ giấy không? / Do you have a paper map?,singlePhrase,practice-pairs,phrase,Có thìa không?,audio-authored-co-thia-khong-5c818a4653
P2_planned_audio,viet-family-vpe-have-item-co-ban-do-giay-khong,Có bản đồ giấy không? / Do you have a paper map?,singlePhrase,explore-next,phrase,Có túi giấy không?,audio-authored-co-tui-giay-khong-e2c29de2a2
P2_planned_audio,viet-family-vpe-have-item-co-ban-do-giay-khong,Có bản đồ giấy không? / Do you have a paper map?,singlePhrase,explore-next,phrase,Có túi nilon không?,audio-authored-co-tui-nilon-khong-54f87864e6
P2_planned_audio,viet-family-vpe-have-item-co-ban-in-den-trang-khong,Có bản in đen trắng không? / Do you have a black-and-white print?,singlePhrase,hero,hero,Có bản in đen trắng không?,audio-authored-co-ban-in-den-trang-khong-f497872c88
P2_planned_audio,viet-family-vpe-have-item-co-ban-in-den-trang-khong,Có bản in đen trắng không? / Do you have a black-and-white print?,singlePhrase,practice-pairs,phrase,Có băng keo không?,audio-authored-co-bang-keo-khong-9f24798a81
P2_planned_audio,viet-family-vpe-have-item-co-ban-in-den-trang-khong,Có bản in đen trắng không? / Do you have a black-and-white print?,singlePhrase,practice-pairs,phrase,Có bút bi không?,audio-authored-co-but-bi-khong-5749aff2be
P2_planned_audio,viet-family-vpe-have-item-co-ban-in-den-trang-khong,Có bản in đen trắng không? / Do you have a black-and-white print?,singlePhrase,practice-pairs,phrase,Có dao cạo không?,audio-authored-co-dao-cao-khong-a88c64cbc7
P2_planned_audio,viet-family-vpe-have-item-co-ban-in-den-trang-khong,Có bản in đen trắng không? / Do you have a black-and-white print?,singlePhrase,explore-next,phrase,Có pin AA không?,audio-authored-co-pin-aa-khong-e4b5789b62
P2_planned_audio,viet-family-vpe-have-item-co-ban-in-den-trang-khong,Có bản in đen trắng không? / Do you have a black-and-white print?,singlePhrase,explore-next,phrase,Có sổ tay không?,audio-authored-co-so-tay-khong-9b41d54515
P2_planned_audio,viet-family-vpe-have-item-co-ban-in-mau-khong,Có bản in màu không? / Do you have a color print?,singlePhrase,hero,hero,Có bản in màu không?,audio-authored-co-ban-in-mau-khong-b66a948edf
P2_planned_audio,viet-family-vpe-have-item-co-ban-ngoai-troi-khong,Có bàn ngoài trời không? / Do you have an outdoor table?,singlePhrase,explore-next,phrase,Có thuốc cảm không?,audio-authored-co-thuoc-cam-khong-37fbfb173f
P2_planned_audio,viet-family-vpe-have-item-co-bang-keo-khong,Có băng keo không? / Do you have tape?,singlePhrase,practice-pairs,phrase,Có lược không?,audio-authored-co-luoc-khong-5374f81ea2
P2_planned_audio,viet-family-vpe-have-item-co-banh-mi-chay-khong,Có bánh mì chay không? / Do you have vegetarian bánh mì?,singlePhrase,hero,hero,Có bánh mì chay không?,audio-authored-co-banh-mi-chay-khong-609cdc60ef
P2_planned_audio,viet-family-vpe-have-item-co-banh-mi-chay-khong,Có bánh mì chay không? / Do you have vegetarian bánh mì?,singlePhrase,practice-pairs,phrase,Có bánh xèo không?,audio-authored-co-banh-xeo-khong-2a3a27560d
P2_planned_audio,viet-family-vpe-have-item-co-banh-mi-chay-khong,Có bánh mì chay không? / Do you have vegetarian bánh mì?,singlePhrase,practice-pairs,phrase,Có bún chả không?,audio-authored-co-bun-cha-khong-563a3fa39f
P2_planned_audio,viet-family-vpe-have-item-co-banh-mi-chay-khong,Có bánh mì chay không? / Do you have vegetarian bánh mì?,singlePhrase,practice-pairs,phrase,Có gỏi cuốn không?,audio-authored-co-goi-cuon-khong-5581af3f31
P2_planned_audio,viet-family-vpe-have-item-co-banh-mi-chay-khong,Có bánh mì chay không? / Do you have vegetarian bánh mì?,singlePhrase,explore-next,phrase,Có phở bò không?,audio-authored-co-pho-bo-khong-bef3f09938
P2_planned_audio,viet-family-vpe-have-item-co-banh-mi-chay-khong,Có bánh mì chay không? / Do you have vegetarian bánh mì?,singlePhrase,explore-next,phrase,Có phở gà không?,audio-authored-co-pho-ga-khong-f4ca70cc51
P2_planned_audio,viet-family-vpe-have-item-co-banh-xeo-khong,Có bánh xèo không? / Do you have bánh xèo?,singlePhrase,practice-pairs,phrase,Có hộp mang về không?,audio-authored-co-hop-mang-ve-khong-01a8823335
P2_planned_audio,viet-family-vpe-have-item-co-banh-xeo-khong,Có bánh xèo không? / Do you have bánh xèo?,singlePhrase,explore-next,phrase,Có nước chấm không?,audio-authored-co-nuoc-cham-khong-63b8702e1e
P2_planned_audio,viet-family-vpe-have-item-co-banh-xeo-khong,Có bánh xèo không? / Do you have bánh xèo?,singlePhrase,explore-next,phrase,Có túi mang về không?,audio-authored-co-tui-mang-ve-khong-3812d081f9
P2_planned_audio,viet-family-vpe-have-item-co-bien-lai-thanh-toan-khong,Có biên lai thanh toán không? / Do you have payment receipt?,singlePhrase,hero,hero,Có biên lai thanh toán không?,audio-authored-co-bien-lai-thanh-toan-khong-a02978139a
P2_planned_audio,viet-family-vpe-have-item-co-bien-lai-thanh-toan-khong,Có biên lai thanh toán không? / Do you have payment receipt?,singlePhrase,practice-pairs,phrase,Có địa chỉ không?,audio-authored-co-dia-chi-khong-27c4c8f49d
P2_planned_audio,viet-family-vpe-have-item-co-bien-lai-thanh-toan-khong,Có biên lai thanh toán không? / Do you have payment receipt?,singlePhrase,explore-next,phrase,Có mã QR không?,audio-authored-co-ma-qr-khong-8ef0bca99b
P2_planned_audio,viet-family-vpe-have-item-co-bien-lai-thanh-toan-khong,Có biên lai thanh toán không? / Do you have payment receipt?,singlePhrase,explore-next,phrase,Có số điện thoại không?,audio-authored-co-so-dien-thoai-khong-ab20e1a3d9
P2_planned_audio,viet-family-vpe-have-item-co-but-bi-khong,Có bút bi không? / Do you have a pen?,singlePhrase,practice-pairs,phrase,Có đồ giặt không?,audio-authored-co-do-giat-khong-f500da8a5f
P2_planned_audio,viet-family-vpe-have-item-co-ca-phe-den-khong,Có cà phê đen không? / Do you have black coffee?,singlePhrase,hero,hero,Có cà phê đen không?,audio-authored-co-ca-phe-den-khong-e7cddf95a1
P2_planned_audio,viet-family-vpe-have-item-co-ca-phe-den-khong,Có cà phê đen không? / Do you have black coffee?,singlePhrase,practice-pairs,phrase,Có cơm trắng không?,audio-authored-co-com-trang-khong-8f68a8bf97
P2_planned_audio,viet-family-vpe-have-item-co-ca-phe-den-khong,Có cà phê đen không? / Do you have black coffee?,singlePhrase,practice-pairs,phrase,Có nước mắm không?,audio-authored-co-nuoc-mam-khong-e27c4db949
P2_planned_audio,viet-family-vpe-have-item-co-ca-phe-den-khong,Có cà phê đen không? / Do you have black coffee?,singlePhrase,practice-pairs,phrase,Có rau sống không?,audio-authored-co-rau-song-khong-ccbc583e62
P2_planned_audio,viet-family-vpe-have-item-co-ca-phe-den-khong,Có cà phê đen không? / Do you have black coffee?,singlePhrase,explore-next,phrase,Có trà đá không?,audio-authored-co-tra-da-khong-6cbbc10cdd
P2_planned_audio,viet-family-vpe-have-item-co-ca-phe-den-khong,Có cà phê đen không? / Do you have black coffee?,singlePhrase,explore-next,phrase,Có tương ớt không?,audio-authored-co-tuong-ot-khong-08a366790a
P2_planned_audio,viet-family-vpe-have-item-co-ca-phe-it-duong-khong,Có cà phê ít đường không? / Do you have coffee with less sugar?,singlePhrase,hero,hero,Có cà phê ít đường không?,audio-authored-co-ca-phe-it-duong-khong-01aa9460bc
P2_planned_audio,viet-family-vpe-have-item-co-ca-phe-it-duong-khong,Có cà phê ít đường không? / Do you have coffee with less sugar?,singlePhrase,practice-pairs,phrase,Có món ít cay không?,audio-authored-co-mon-it-cay-khong-26d3fd9d11
P2_planned_audio,viet-family-vpe-have-item-co-ca-phe-it-duong-khong,Có cà phê ít đường không? / Do you have coffee with less sugar?,singlePhrase,practice-pairs,phrase,Có món không cay không?,audio-authored-co-mon-khong-cay-khong-acd6055d45
P2_planned_audio,viet-family-vpe-have-item-co-ca-phe-it-duong-khong,Có cà phê ít đường không? / Do you have coffee with less sugar?,singlePhrase,practice-pairs,phrase,Có nước dừa không?,audio-authored-co-nuoc-dua-khong-1a32df06c9
P2_planned_audio,viet-family-vpe-have-item-co-ca-phe-it-duong-khong,Có cà phê ít đường không? / Do you have coffee with less sugar?,singlePhrase,explore-next,phrase,Có sữa đặc không?,audio-authored-co-sua-dac-khong-2f3c0b103d
P2_planned_audio,viet-family-vpe-have-item-co-ca-phe-it-duong-khong,Có cà phê ít đường không? / Do you have coffee with less sugar?,singlePhrase,explore-next,phrase,Có sữa tươi không?,audio-authored-co-sua-tuoi-khong-1b76030abf
P2_planned_audio,viet-family-vpe-have-item-co-ca-phe-sua-da-khong,Có cà phê sữa đá không? / Do you have iced milk coffee?,singlePhrase,hero,hero,Có cà phê sữa đá không?,audio-authored-co-ca-phe-sua-da-khong-76bb8fedf1
P2_planned_audio,viet-family-vpe-have-item-co-cho-ngoi-yen-tinh-khong,Có chỗ ngồi yên tĩnh không? / Do you have a quiet seat?,singlePhrase,explore-next,phrase,Có thuốc dị ứng không?,audio-authored-co-thuoc-di-ung-khong-090cab278a
P2_planned_audio,viet-family-vpe-have-item-co-coc-giay-khong,Có cốc giấy không? / Do you have a paper cup?,singlePhrase,hero,hero,Có cốc giấy không?,audio-authored-co-coc-giay-khong-7005374d73
P2_planned_audio,viet-family-vpe-have-item-co-coc-giay-khong,Có cốc giấy không? / Do you have a paper cup?,singlePhrase,practice-pairs,phrase,Có đá không?,audio-authored-co-da-khong-6386be9e14
P2_planned_audio,viet-family-vpe-have-item-co-coc-giay-khong,Có cốc giấy không? / Do you have a paper cup?,singlePhrase,practice-pairs,phrase,Có khăn lạnh không?,audio-authored-co-khan-lanh-khong-b2884c7412
P2_planned_audio,viet-family-vpe-have-item-co-coc-giay-khong,Có cốc giấy không? / Do you have a paper cup?,singlePhrase,practice-pairs,phrase,Có nước không đường không?,audio-authored-co-nuoc-khong-duong-khong-81678b55ec
P2_planned_audio,viet-family-vpe-have-item-co-coc-giay-khong,Có cốc giấy không? / Do you have a paper cup?,singlePhrase,explore-next,phrase,Có nước lọc không?,audio-authored-co-nuoc-loc-khong-fc8a049165
P2_planned_audio,viet-family-vpe-have-item-co-coc-giay-khong,Có cốc giấy không? / Do you have a paper cup?,singlePhrase,explore-next,phrase,Có nước nóng không?,audio-authored-co-nuoc-nong-khong-667e87f290
P2_planned_audio,viet-family-vpe-have-item-co-com-trang-khong,Có cơm trắng không? / Do you have plain rice?,singlePhrase,practice-pairs,phrase,Có đồ chay không?,audio-authored-co-do-chay-khong-150a4e2058
P2_planned_audio,viet-family-vpe-have-item-co-com-trang-khong,Có cơm trắng không? / Do you have plain rice?,singlePhrase,explore-next,phrase,Có vé một chiều không?,audio-authored-co-ve-mot-chieu-khong-404f56aed0
P2_planned_audio,viet-family-vpe-have-item-co-da-khong,Có đá không? / Do you have ice?,singlePhrase,practice-pairs,phrase,Có kem chống nắng không?,audio-authored-co-kem-chong-nang-khong-79c3cd6b81
P2_planned_audio,viet-family-vpe-have-item-co-da-khong,Có đá không? / Do you have ice?,singlePhrase,practice-pairs,phrase,Có khăn giấy không?,audio-authored-co-khan-giay-khong-33f98cd806
P2_planned_audio,viet-family-vpe-have-item-co-da-khong,Có đá không? / Do you have ice?,singlePhrase,explore-next,phrase,Có thuốc đau bụng không?,audio-authored-co-thuoc-dau-bung-khong-4f3b6d7cdf
P2_planned_audio,viet-family-vpe-have-item-co-da-khong,Có đá không? / Do you have ice?,singlePhrase,explore-next,phrase,Có thuốc đau đầu không?,audio-authored-co-thuoc-dau-dau-khong-527326d13b
P2_planned_audio,viet-family-vpe-have-item-co-day-sac-khong,Có dây sạc không? / Do you have a charging cable?,singlePhrase,practice-pairs,phrase,Có gói data không?,audio-authored-co-goi-data-khong-cd19b15c66
P2_planned_audio,viet-family-vpe-have-item-co-day-sac-khong,Có dây sạc không? / Do you have a charging cable?,singlePhrase,practice-pairs,phrase,Có mật khẩu Wi-Fi không?,audio-authored-co-mat-khau-wi-fi-khong-bdbafb20ad
P2_planned_audio,viet-family-vpe-have-item-co-day-sac-khong,Có dây sạc không? / Do you have a charging cable?,singlePhrase,explore-next,phrase,Có Wi-Fi không?,audio-authored-co-wi-fi-khong-711dae4232
P2_planned_audio,viet-family-vpe-have-item-co-do-chay-khong,Có đồ chay không? / Do you have vegetarian food?,singlePhrase,practice-pairs,phrase,Có phòng đơn không?,audio-authored-co-phong-don-khong-c76aa72833
P2_planned_audio,viet-family-vpe-have-item-co-do-chay-khong,Có đồ chay không? / Do you have vegetarian food?,singlePhrase,practice-pairs,phrase,Có vé khứ hồi không?,audio-authored-co-ve-khu-hoi-khong-a3a9a1b03a
P2_planned_audio,viet-family-vpe-have-item-co-do-chay-khong,Có đồ chay không? / Do you have vegetarian food?,singlePhrase,explore-next,phrase,Có vé người lớn không?,audio-authored-co-ve-nguoi-lon-khong-46d610dd27
P2_planned_audio,viet-family-vpe-have-item-co-do-chay-khong,Có đồ chay không? / Do you have vegetarian food?,singlePhrase,explore-next,phrase,Có vé trẻ em không?,audio-authored-co-ve-tre-em-khong-ffd5687375
P2_planned_audio,viet-family-vpe-have-item-co-do-uong-lanh-khong,Có đồ uống lạnh không? / Do you have a cold drink?,singlePhrase,practice-pairs,phrase,Có kem chống muỗi không?,audio-authored-co-kem-chong-muoi-khong-a52d2591d6
P2_planned_audio,viet-family-vpe-have-item-co-do-uong-nong-khong,Có đồ uống nóng không? / Do you have a hot drink?,singlePhrase,practice-pairs,phrase,Có nhiệt kế không?,audio-authored-co-nhiet-ke-khong-1383b295a1
P2_planned_audio,viet-family-vpe-have-item-co-dua-khong,Có đũa không? / Do you have chopsticks?,singlePhrase,practice-pairs,phrase,Có ống hút không?,audio-authored-co-ong-hut-khong-b5377961ee
P2_planned_audio,viet-family-vpe-have-item-co-dua-khong,Có đũa không? / Do you have chopsticks?,singlePhrase,explore-next,phrase,Có thực đơn tiếng Anh không?,audio-authored-co-thuc-don-tieng-anh-khong-9eb9bd028d
P2_planned_audio,viet-family-vpe-have-item-co-esim-khong,Có eSIM không? / Do you have an eSIM?,singlePhrase,hero,hero,Có eSIM không?,audio-authored-co-esim-khong-7b2702490f
P2_planned_audio,viet-family-vpe-have-item-co-esim-khong,Có eSIM không? / Do you have an eSIM?,singlePhrase,practice-pairs,phrase,Có kính râm không?,audio-authored-co-kinh-ram-khong-b4143b2d83
P2_planned_audio,viet-family-vpe-have-item-co-esim-khong,Có eSIM không? / Do you have an eSIM?,singlePhrase,practice-pairs,phrase,Có ổ cắm chuyển đổi không?,audio-authored-co-o-cam-chuyen-doi-khong-b33536fa08
P2_planned_audio,viet-family-vpe-have-item-co-esim-khong,Có eSIM không? / Do you have an eSIM?,singlePhrase,explore-next,phrase,Có ốp điện thoại không?,audio-authored-co-op-dien-thoai-khong-b76272ea92
P2_planned_audio,viet-family-vpe-have-item-co-esim-khong,Có eSIM không? / Do you have an eSIM?,singlePhrase,explore-next,phrase,Có tai nghe không?,audio-authored-co-tai-nghe-khong-f390d4df6c
P2_planned_audio,viet-family-vpe-have-item-co-lich-trinh-tour-khong,Có lịch trình tour không? / Do you have the tour schedule?,singlePhrase,practice-pairs,phrase,Có vé phà không?,audio-authored-co-ve-pha-khong-3e91df894c
P2_planned_audio,viet-family-vpe-have-item-co-mon-it-cay-khong,Có món ít cay không? / Do you have a less spicy dish?,singlePhrase,practice-pairs,phrase,Có sinh tố xoài không?,audio-authored-co-sinh-to-xoai-khong-fd08567a06
P2_planned_audio,viet-family-vpe-help-action-anh-chi-giup-toi-chi-duong-duoc-khong,Giúp tôi chỉ đường được không? / Can you show me the way?,singlePhrase,practice-pairs,phrase,Chụp ảnh giúp tôi được không?,audio-authored-chup-anh-giup-toi-duoc-khong-2dd233d7ee
P2_planned_audio,viet-family-vpe-help-action-anh-chi-giup-toi-chi-duong-duoc-khong,Giúp tôi chỉ đường được không? / Can you show me the way?,singlePhrase,practice-pairs,phrase,Giúp tôi đọc số này được không?,audio-authored-giup-toi-doc-so-nay-duoc-khong-b44a95e27e
P2_planned_audio,viet-family-vpe-help-action-anh-chi-giup-toi-chi-duong-duoc-khong,Giúp tôi chỉ đường được không? / Can you show me the way?,singlePhrase,practice-pairs,phrase,Giúp tôi gọi số này được không?,audio-authored-giup-toi-goi-so-nay-duoc-khong-50ff48af00
P2_planned_audio,viet-family-vpe-help-action-anh-chi-giup-toi-chi-duong-duoc-khong,Giúp tôi chỉ đường được không? / Can you show me the way?,singlePhrase,explore-next,phrase,Giúp tôi nhập mã này được không?,audio-authored-giup-toi-nhap-ma-nay-duoc-khong-66460fb8f3
P2_planned_audio,viet-family-vpe-help-action-anh-chi-giup-toi-chi-duong-duoc-khong,Giúp tôi chỉ đường được không? / Can you show me the way?,singlePhrase,explore-next,phrase,Giúp tôi viết địa chỉ được không?,audio-authored-giup-toi-viet-dia-chi-duoc-khong-c79cc17713
P2_planned_audio,viet-family-vpe-help-action-anh-chi-giup-toi-chi-tren-ban-do-duoc-khong,Chỉ giúp tôi trên bản đồ được không? / Can you point it out on the map?,singlePhrase,practice-pairs,phrase,Đợi tôi một chút được không?,audio-authored-doi-toi-mot-chut-duoc-khong-2d2e618a9c
P2_planned_audio,viet-family-vpe-help-action-anh-chi-giup-toi-chi-tren-ban-do-duoc-khong,Chỉ giúp tôi trên bản đồ được không? / Can you point it out on the map?,singlePhrase,practice-pairs,phrase,Đưa tôi về khách sạn giúp tôi được không?,audio-authored-dua-toi-ve-khach-san-giup-toi-duoc-khong-d775b9b019
P2_planned_audio,viet-family-vpe-help-action-anh-chi-giup-toi-chi-tren-ban-do-duoc-khong,Chỉ giúp tôi trên bản đồ được không? / Can you point it out on the map?,singlePhrase,practice-pairs,phrase,Dừng ở đây giúp tôi được không?,audio-authored-dung-o-day-giup-toi-duoc-khong-2c02230768
P2_planned_audio,viet-family-vpe-help-action-anh-chi-giup-toi-chi-tren-ban-do-duoc-khong,Chỉ giúp tôi trên bản đồ được không? / Can you point it out on the map?,singlePhrase,explore-next,phrase,Giúp tôi kiểm tra đường này được không?,audio-authored-giup-toi-kiem-tra-duong-nay-duoc-khong-a8b7ea25a0
P2_planned_audio,viet-family-vpe-help-action-anh-chi-giup-toi-chi-tren-ban-do-duoc-khong,Chỉ giúp tôi trên bản đồ được không? / Can you point it out on the map?,singlePhrase,explore-next,phrase,Giúp tôi tránh đường cao tốc được không?,audio-authored-giup-toi-tranh-duong-cao-toc-duoc-khong-48d45b91f9
P2_planned_audio,viet-family-vpe-help-action-anh-chi-giup-toi-chia-hoa-don-duoc-khong,Giúp tôi chia hóa đơn được không? / Can you help me split the bill?,singlePhrase,practice-pairs,phrase,Giúp tôi xác nhận cổng ra được không?,audio-authored-giup-toi-xac-nhan-cong-ra-duoc-khong-288a8fb2ee
P2_planned_audio,viet-family-vpe-help-action-anh-chi-giup-toi-chia-hoa-don-duoc-khong,Giúp tôi chia hóa đơn được không? / Can you help me split the bill?,singlePhrase,practice-pairs,phrase,Giúp tôi xác nhận địa chỉ được không?,audio-authored-giup-toi-xac-nhan-dia-chi-duoc-khong-822461812d
P2_planned_audio,viet-family-vpe-help-action-anh-chi-giup-toi-chia-hoa-don-duoc-khong,Giúp tôi chia hóa đơn được không? / Can you help me split the bill?,singlePhrase,practice-pairs,phrase,Giúp tôi xác nhận giờ đón được không?,audio-authored-giup-toi-xac-nhan-gio-don-duoc-khong-d1187e703e
P2_planned_audio,viet-family-vpe-help-action-anh-chi-giup-toi-chia-hoa-don-duoc-khong,Giúp tôi chia hóa đơn được không? / Can you help me split the bill?,singlePhrase,explore-next,phrase,Giúp tôi xác nhận số điện thoại được không?,audio-authored-giup-toi-xac-nhan-so-dien-thoai-duoc-khong-e845302ad9
P2_planned_audio,viet-family-vpe-help-action-anh-chi-giup-toi-chia-hoa-don-duoc-khong,Giúp tôi chia hóa đơn được không? / Can you help me split the bill?,singlePhrase,explore-next,phrase,Giúp tôi xác nhận số phòng được không?,audio-authored-giup-toi-xac-nhan-so-phong-duoc-khong-40c24c5390
P2_planned_audio,viet-family-vpe-help-action-anh-chi-giup-toi-cho-toi-hoa-don-duoc-khong,Cho tôi hóa đơn được không? / Can I have the receipt?,singlePhrase,hero,hero,Cho tôi hóa đơn được không?,audio-authored-cho-toi-hoa-don-duoc-khong-c9845c66c0
P2_planned_audio,viet-family-vpe-help-action-anh-chi-giup-toi-chup-anh-giup-toi-duoc-khong,Chụp ảnh giúp tôi được không? / Can you take a photo for me?,singlePhrase,practice-pairs,phrase,Giúp tôi đổi tiền được không?,audio-authored-giup-toi-doi-tien-duoc-khong-6ae9e914d6
P2_planned_audio,viet-family-vpe-help-action-anh-chi-giup-toi-chup-anh-giup-toi-duoc-khong,Chụp ảnh giúp tôi được không? / Can you take a photo for me?,singlePhrase,practice-pairs,phrase,Giúp tôi in vé này được không?,audio-authored-giup-toi-in-ve-nay-duoc-khong-7cf5b9647c
P2_planned_audio,viet-family-vpe-help-action-anh-chi-giup-toi-chup-anh-giup-toi-duoc-khong,Chụp ảnh giúp tôi được không? / Can you take a photo for me?,singlePhrase,practice-pairs,phrase,Giúp tôi kiểm tra đặt phòng được không?,audio-authored-giup-toi-kiem-tra-dat-phong-duoc-khong-9d24d17e21
P2_planned_audio,viet-family-vpe-help-action-anh-chi-giup-toi-chup-anh-giup-toi-duoc-khong,Chụp ảnh giúp tôi được không? / Can you take a photo for me?,singlePhrase,explore-next,phrase,Giúp tôi kiểm tra vé được không?,audio-authored-giup-toi-kiem-tra-ve-duoc-khong-8c3f0999ee
P2_planned_audio,viet-family-vpe-help-action-anh-chi-giup-toi-chup-anh-giup-toi-duoc-khong,Chụp ảnh giúp tôi được không? / Can you take a photo for me?,singlePhrase,explore-next,phrase,Giúp tôi scan mã QR được không?,audio-authored-giup-toi-scan-ma-qr-duoc-khong-55e373ab6c
P2_planned_audio,viet-family-vpe-help-action-anh-chi-giup-toi-dat-ban-toi-nay-duoc-khong,Giúp tôi đặt bàn tối nay được không? / Can you help me book a table tonight?,singlePhrase,hero,hero,Giúp tôi đặt bàn tối nay được không?,audio-authored-giup-toi-dat-ban-toi-nay-duoc-khong-d3e3d57d89
P2_planned_audio,viet-family-vpe-help-action-anh-chi-giup-toi-dat-ban-toi-nay-duoc-khong,Giúp tôi đặt bàn tối nay được không? / Can you help me book a table tonight?,singlePhrase,practice-pairs,phrase,Giúp tôi đặt tour ngày mai được không?,audio-authored-giup-toi-dat-tour-ngay-mai-duoc-khong-2cccabdd67
P2_planned_audio,viet-family-vpe-help-action-anh-chi-giup-toi-dat-ban-toi-nay-duoc-khong,Giúp tôi đặt bàn tối nay được không? / Can you help me book a table tonight?,singlePhrase,practice-pairs,phrase,Giúp tôi kiểm tra giờ đóng cửa được không?,audio-authored-giup-toi-kiem-tra-gio-dong-cua-duoc-khong-06c6ccc56d
P2_planned_audio,viet-family-vpe-help-action-anh-chi-giup-toi-dat-ban-toi-nay-duoc-khong,Giúp tôi đặt bàn tối nay được không? / Can you help me book a table tonight?,singlePhrase,practice-pairs,phrase,Giúp tôi kiểm tra giờ mở cửa được không?,audio-authored-giup-toi-kiem-tra-gio-mo-cua-duoc-khong-4e8a4dff73
P2_planned_audio,viet-family-vpe-help-action-anh-chi-giup-toi-dat-ban-toi-nay-duoc-khong,Giúp tôi đặt bàn tối nay được không? / Can you help me book a table tonight?,singlePhrase,explore-next,phrase,Giúp tôi mua vé vào cửa được không?,audio-authored-giup-toi-mua-ve-vao-cua-duoc-khong-14fe14b417
P2_planned_audio,viet-family-vpe-help-action-anh-chi-giup-toi-dat-ban-toi-nay-duoc-khong,Giúp tôi đặt bàn tối nay được không? / Can you help me book a table tonight?,singlePhrase,explore-next,phrase,Giúp tôi tìm điểm đón được không?,audio-authored-giup-toi-tim-diem-don-duoc-khong-e4ade1fbec
P2_planned_audio,viet-family-vpe-help-action-anh-chi-giup-toi-dat-tour-ngay-mai-duoc-khong,Giúp tôi đặt tour ngày mai được không? / Can you help me book a tour tomorrow?,singlePhrase,practice-pairs,phrase,Giúp tôi gửi hành lý được không?,audio-authored-giup-toi-gui-hanh-ly-duoc-khong-9a0de71fb8
P2_planned_audio,viet-family-vpe-help-action-anh-chi-giup-toi-dich-cau-nay-duoc-khong,Giúp tôi dịch câu này được không? / Can you help me translate this sentence?,singlePhrase,hero,hero,Giúp tôi dịch câu này được không?,audio-authored-giup-toi-dich-cau-nay-duoc-khong-c865b6be9f
P2_planned_audio,viet-family-vpe-help-action-anh-chi-giup-toi-dich-cau-nay-duoc-khong,Giúp tôi dịch câu này được không? / Can you help me translate this sentence?,singlePhrase,practice-pairs,phrase,Đưa tôi đến bệnh viện giúp tôi được không?,audio-authored-dua-toi-den-benh-vien-giup-toi-duoc-khong-29c15299bb
P2_planned_audio,viet-family-vpe-help-action-anh-chi-giup-toi-dich-cau-nay-duoc-khong,Giúp tôi dịch câu này được không? / Can you help me translate this sentence?,singlePhrase,practice-pairs,phrase,Giúp tôi gọi bác sĩ được không?,audio-authored-giup-toi-goi-bac-si-duoc-khong-d567620eb9
P2_planned_audio,viet-family-vpe-help-action-anh-chi-giup-toi-dich-cau-nay-duoc-khong,Giúp tôi dịch câu này được không? / Can you help me translate this sentence?,singlePhrase,practice-pairs,phrase,Giúp tôi gọi cảnh sát được không?,audio-authored-giup-toi-goi-canh-sat-duoc-khong-4718de3784
P2_planned_audio,viet-family-vpe-help-action-anh-chi-giup-toi-dich-cau-nay-duoc-khong,Giúp tôi dịch câu này được không? / Can you help me translate this sentence?,singlePhrase,explore-next,phrase,Nói chậm lại giúp tôi được không?,audio-authored-noi-cham-lai-giup-toi-duoc-khong-fb8f96e5c4
P2_planned_audio,viet-family-vpe-help-action-anh-chi-giup-toi-dich-cau-nay-duoc-khong,Giúp tôi dịch câu này được không? / Can you help me translate this sentence?,singlePhrase,explore-next,phrase,Nói lại lần nữa giúp tôi được không?,audio-authored-noi-lai-lan-nua-giup-toi-duoc-khong-50ef2fd607
P2_planned_audio,viet-family-vpe-help-action-anh-chi-giup-toi-doi-mon-nay-duoc-khong,Giúp tôi đổi món này được không? / Can you help me change this dish?,singlePhrase,hero,hero,Giúp tôi đổi món này được không?,audio-authored-giup-toi-doi-mon-nay-duoc-khong-248f751802
P2_planned_audio,viet-family-vpe-help-action-anh-chi-giup-toi-doi-mon-nay-duoc-khong,Giúp tôi đổi món này được không? / Can you help me change this dish?,singlePhrase,practice-pairs,phrase,Giúp tôi đóng gói món này được không?,audio-authored-giup-toi-dong-goi-mon-nay-duoc-khong-efadee62a6
P2_planned_audio,viet-family-vpe-help-action-anh-chi-giup-toi-doi-mon-nay-duoc-khong,Giúp tôi đổi món này được không? / Can you help me change this dish?,singlePhrase,explore-next,phrase,Giúp tôi giữ bàn này được không?,audio-authored-giup-toi-giu-ban-nay-duoc-khong-b2616497dd
P2_planned_audio,viet-family-vpe-help-action-anh-chi-giup-toi-doi-mon-nay-duoc-khong,Giúp tôi đổi món này được không? / Can you help me change this dish?,singlePhrase,explore-next,phrase,Giúp tôi làm lại món này được không?,audio-authored-giup-toi-lam-lai-mon-nay-duoc-khong-549ab7dac8
P2_planned_audio,viet-family-vpe-help-action-anh-chi-giup-toi-doi-ngay-dat-tour-duoc-khong,Giúp tôi đổi ngày đặt tour được không? / Can you help me change the tour date?,singlePhrase,hero,hero,Giúp tôi đổi ngày đặt tour được không?,audio-authored-giup-toi-doi-ngay-dat-tour-duoc-khong-dfd0f32411
P2_planned_audio,viet-family-vpe-help-action-anh-chi-giup-toi-doi-ngay-dat-tour-duoc-khong,Giúp tôi đổi ngày đặt tour được không? / Can you help me change the tour date?,singlePhrase,practice-pairs,phrase,Cho tôi biên lai được không?,audio-authored-cho-toi-bien-lai-duoc-khong-e2561d29ad
P2_planned_audio,viet-family-vpe-help-action-anh-chi-giup-toi-doi-ngay-dat-tour-duoc-khong,Giúp tôi đổi ngày đặt tour được không? / Can you help me change the tour date?,singlePhrase,practice-pairs,phrase,Giúp tôi gọi taxi được không?,audio-authored-giup-toi-goi-taxi-duoc-khong-1d0f4f0e50
P2_planned_audio,viet-family-vpe-help-action-anh-chi-giup-toi-doi-ngay-dat-tour-duoc-khong,Giúp tôi đổi ngày đặt tour được không? / Can you help me change the tour date?,singlePhrase,practice-pairs,phrase,Giúp tôi gọi xe công nghệ được không?,audio-authored-giup-toi-goi-xe-cong-nghe-duoc-khong-465f80600f
P2_planned_audio,viet-family-vpe-help-action-anh-chi-giup-toi-doi-ngay-dat-tour-duoc-khong,Giúp tôi đổi ngày đặt tour được không? / Can you help me change the tour date?,singlePhrase,explore-next,phrase,Giúp tôi hủy đặt tour được không?,audio-authored-giup-toi-huy-dat-tour-duoc-khong-964d741e8d
P2_planned_audio,viet-family-vpe-help-action-anh-chi-giup-toi-doi-ngay-dat-tour-duoc-khong,Giúp tôi đổi ngày đặt tour được không? / Can you help me change the tour date?,singlePhrase,explore-next,phrase,Giúp tôi kiểm tra lại tổng tiền được không?,audio-authored-giup-toi-kiem-tra-lai-tong-tien-duoc-khong-799f4b5783
P2_planned_audio,viet-family-vpe-help-action-anh-chi-giup-toi-doi-sang-the-duoc-khong,Giúp tôi đổi sang thẻ được không? / Can you help me switch to card?,singlePhrase,practice-pairs,phrase,Giúp tôi kích hoạt eSIM được không?,audio-authored-giup-toi-kich-hoat-esim-duoc-khong-186b4b4482
P2_planned_audio,viet-family-vpe-help-action-anh-chi-giup-toi-doi-sang-the-duoc-khong,Giúp tôi đổi sang thẻ được không? / Can you help me switch to card?,singlePhrase,explore-next,phrase,Giúp tôi mở khóa cửa được không?,audio-authored-giup-toi-mo-khoa-cua-duoc-khong-9aed50676d
P2_planned_audio,viet-family-vpe-help-action-anh-chi-giup-toi-doi-tien-duoc-khong,Giúp tôi đổi tiền được không? / Can you help me exchange money?,singlePhrase,explore-next,phrase,Giúp tôi tìm hành lý được không?,audio-authored-giup-toi-tim-hanh-ly-duoc-khong-b28de4656a
P2_planned_audio,viet-family-vpe-help-action-anh-chi-giup-toi-gui-buu-thiep-duoc-khong,Giúp tôi gửi bưu thiếp được không? / Can you help me send a postcard?,singlePhrase,hero,hero,Giúp tôi gửi bưu thiếp được không?,audio-authored-giup-toi-gui-buu-thiep-duoc-khong-759b9c982f
P2_planned_audio,viet-family-vpe-help-action-anh-chi-giup-toi-in-ve-nay-duoc-khong,Giúp tôi in vé này được không? / Can you help me print this ticket?,singlePhrase,practice-pairs,phrase,Giúp tôi mở cửa phòng được không?,audio-authored-giup-toi-mo-cua-phong-duoc-khong-bf904314f1
P2_planned_audio,viet-family-vpe-likely-replies-ban-nay-con-trong,Bàn này còn trống / This table is available,singlePhrase,practice-pairs,phrase,Có thịt heo,audio-authored-co-thit-heo-4bd81e4ef7
P2_planned_audio,viet-family-vpe-likely-replies-ban-nay-con-trong,Bàn này còn trống / This table is available,singlePhrase,practice-pairs,phrase,Không có đậu phộng,audio-authored-khong-co-dau-phong-89839ca872
P2_planned_audio,viet-family-vpe-likely-replies-ban-nay-con-trong,Bàn này còn trống / This table is available,singlePhrase,practice-pairs,phrase,Món này cay,audio-authored-mon-nay-cay-6faa0700e6
P2_planned_audio,viet-family-vpe-likely-replies-ban-nay-con-trong,Bàn này còn trống / This table is available,singlePhrase,explore-next,phrase,Ở bên trái,audio-authored-o-ben-trai-ca1634a376
P2_planned_audio,viet-family-vpe-likely-replies-ban-nay-con-trong,Bàn này còn trống / This table is available,singlePhrase,explore-next,phrase,Tính tiền ở quầy,audio-authored-tinh-tien-o-quay-6db664b73e
P2_planned_audio,viet-family-vpe-likely-replies-chi-nhan-tien-mat,Chỉ nhận tiền mặt / Cash only,singlePhrase,practice-pairs,phrase,Mạng yếu,audio-authored-mang-yeu-cf4004305e
P2_planned_audio,viet-family-vpe-likely-replies-chi-nhan-tien-mat,Chỉ nhận tiền mặt / Cash only,singlePhrase,practice-pairs,phrase,Mật khẩu ở đây,audio-authored-mat-khau-o-day-79842cb508
P2_planned_audio,viet-family-vpe-likely-replies-chi-nhan-tien-mat,Chỉ nhận tiền mặt / Cash only,singlePhrase,explore-next,phrase,Máy bị lỗi,audio-authored-may-bi-loi-bb50fe7e84
P2_planned_audio,viet-family-vpe-likely-replies-cho-mot-chut,Chờ một chút / Wait a moment,singlePhrase,practice-pairs,phrase,Còn,audio-authored-con-75f5cf26ec
P2_planned_audio,viet-family-vpe-likely-replies-cho-mot-chut,Chờ một chút / Wait a moment,singlePhrase,practice-pairs,phrase,Đúng rồi,audio-authored-dung-roi-030334c5fa
P2_planned_audio,viet-family-vpe-likely-replies-cho-mot-chut,Chờ một chút / Wait a moment,singlePhrase,practice-pairs,phrase,Hết rồi,audio-authored-het-roi-05417ff796
P2_planned_audio,viet-family-vpe-likely-replies-cho-mot-chut,Chờ một chút / Wait a moment,singlePhrase,explore-next,phrase,Không có,audio-authored-khong-co-8d5f260f89
P2_planned_audio,viet-family-vpe-likely-replies-cho-mot-chut,Chờ một chút / Wait a moment,singlePhrase,explore-next,phrase,Không được,audio-authored-khong-duoc-6eb02f1bf7
P2_planned_audio,viet-family-vpe-likely-replies-co-thit-heo,Có thịt heo / It has pork,singlePhrase,practice-pairs,phrase,Ở bên phải,audio-authored-o-ben-phai-a84855380c
P2_planned_audio,viet-family-vpe-likely-replies-di-thang,Đi thẳng / Go straight,singlePhrase,practice-pairs,phrase,Ở phía trước,audio-authored-o-phia-truoc-6b58ad6f27
P2_planned_audio,viet-family-vpe-likely-replies-di-thang,Đi thẳng / Go straight,singlePhrase,practice-pairs,phrase,Ở tầng hai,audio-authored-o-tang-hai-4871d37d1c
P2_planned_audio,viet-family-vpe-likely-replies-di-thang,Đi thẳng / Go straight,singlePhrase,practice-pairs,phrase,Ở tầng một,audio-authored-o-tang-mot-22b9c64918
P2_planned_audio,viet-family-vpe-likely-replies-dong-cua-roi,Đóng cửa rồi / It is closed now,singlePhrase,hero,hero,Đóng cửa rồi,audio-authored-dong-cua-roi-ecb1159d12
P2_planned_audio,viet-family-vpe-likely-replies-dong-cua-roi,Đóng cửa rồi / It is closed now,singlePhrase,practice-pairs,phrase,Ngày mai quay lại,audio-authored-ngay-mai-quay-lai-2acb817dcd
P2_planned_audio,viet-family-vpe-likely-replies-dong-cua-roi,Đóng cửa rồi / It is closed now,singlePhrase,explore-next,phrase,Quẹt thẻ được,audio-authored-quet-the-duoc-6d6f66d5c1
P2_planned_audio,viet-family-vpe-likely-replies-dong-cua-roi,Đóng cửa rồi / It is closed now,singlePhrase,explore-next,phrase,Thanh toán ở kia,audio-authored-thanh-toan-o-kia-f3d3ddc24f
P2_planned_audio,viet-family-vpe-likely-replies-gan-day,Gần đây / It is nearby,singlePhrase,hero,hero,Gần đây,audio-authored-gan-day-5c3d644b14
P2_planned_audio,viet-family-vpe-likely-replies-gan-day,Gần đây / It is nearby,singlePhrase,explore-next,phrase,Mất khoảng năm phút,audio-authored-mat-khoang-nam-phut-7c4a86a54e
P2_planned_audio,viet-family-vpe-likely-replies-gan-day,Gần đây / It is nearby,singlePhrase,explore-next,phrase,Xa lắm,audio-authored-xa-lam-91a9486a7f
P2_planned_audio,viet-family-vpe-likely-replies-khoang-muoi-phut,Khoảng mười phút / About ten minutes,singlePhrase,practice-pairs,phrase,Mở cửa rồi,audio-authored-mo-cua-roi-44c2da304a
P2_planned_audio,viet-family-vpe-likely-replies-o-phia-sau,Ở phía sau / It is behind,singlePhrase,hero,hero,Ở phía sau,audio-authored-o-phia-sau-3f53289dab
P2_planned_audio,viet-family-vpe-near-place-atm-gan-day-khong,ATM gần đây không? / Is an ATM nearby?,singlePhrase,hero,hero,ATM gần đây không?,audio-authored-atm-gan-day-khong-0bb25e1a77
P2_planned_audio,viet-family-vpe-near-place-atm-gan-day-khong,ATM gần đây không? / Is an ATM nearby?,singlePhrase,practice-pairs,phrase,bến tàu gần đây không?,audio-authored-ben-tau-gan-day-khong-4ef6c4a9d6
P2_planned_audio,viet-family-vpe-near-place-atm-gan-day-khong,ATM gần đây không? / Is an ATM nearby?,singlePhrase,practice-pairs,phrase,bến xe gần đây không?,audio-authored-ben-xe-gan-day-khong-3ec49147d5
P2_planned_audio,viet-family-vpe-near-place-atm-gan-day-khong,ATM gần đây không? / Is an ATM nearby?,singlePhrase,practice-pairs,phrase,cửa ra gần đây không?,audio-authored-cua-ra-gan-day-khong-9be709f393
P2_planned_audio,viet-family-vpe-near-place-atm-gan-day-khong,ATM gần đây không? / Is an ATM nearby?,singlePhrase,explore-next,phrase,ga tàu gần đây không?,audio-authored-ga-tau-gan-day-khong-25aa4d70e7
P2_planned_audio,viet-family-vpe-near-place-atm-gan-day-khong,ATM gần đây không? / Is an ATM nearby?,singlePhrase,explore-next,phrase,sân bay gần đây không?,audio-authored-san-bay-gan-day-khong-61e6f92aa0
P2_planned_audio,viet-family-vpe-near-place-atm-gan-day-khong,ATM gần đây không? / Is an ATM nearby?,singlePhrase,explore-next,phrase,bãi biển gần đây không?,audio-authored-bai-bien-gan-day-khong-4e0b02d342
P2_planned_audio,viet-family-vpe-near-place-atm-gan-day-khong,ATM gần đây không? / Is an ATM nearby?,singlePhrase,explore-next,phrase,bãi đậu xe gần đây không?,audio-authored-bai-dau-xe-gan-day-khong-1aa5163998
P2_planned_audio,viet-family-vpe-near-place-atm-gan-day-khong,ATM gần đây không? / Is an ATM nearby?,singlePhrase,explore-next,phrase,bãi gửi xe máy gần đây không?,audio-authored-bai-gui-xe-may-gan-day-khong-3a610a20fb
P2_planned_audio,viet-family-vpe-near-place-atm-gan-day-khong,ATM gần đây không? / Is an ATM nearby?,singlePhrase,explore-next,phrase,bàn hướng dẫn gần đây không?,audio-authored-ban-huong-dan-gan-day-khong-aa5641b020
P2_planned_audio,viet-family-vpe-near-place-bai-bien-gan-day-khong,bãi biển gần đây không? / Is the beach nearby?,singlePhrase,practice-pairs,phrase,bảo tàng gần đây không?,audio-authored-bao-tang-gan-day-khong-b11ea38e89
P2_planned_audio,viet-family-vpe-near-place-bai-bien-gan-day-khong,bãi biển gần đây không? / Is the beach nearby?,singlePhrase,practice-pairs,phrase,chùa gần đây không?,audio-authored-chua-gan-day-khong-eb4f7af1b4
P2_planned_audio,viet-family-vpe-near-place-bai-bien-gan-day-khong,bãi biển gần đây không? / Is the beach nearby?,singlePhrase,practice-pairs,phrase,nhà thờ gần đây không?,audio-authored-nha-tho-gan-day-khong-f7437fce98
P2_planned_audio,viet-family-vpe-near-place-bai-bien-gan-day-khong,bãi biển gần đây không? / Is the beach nearby?,singlePhrase,explore-next,phrase,phố đi bộ gần đây không?,audio-authored-pho-di-bo-gan-day-khong-b84b403c36
P2_planned_audio,viet-family-vpe-near-place-bai-bien-gan-day-khong,bãi biển gần đây không? / Is the beach nearby?,singlePhrase,explore-next,phrase,trung tâm thương mại gần đây không?,audio-authored-trung-tam-thuong-mai-gan-day-khong-edacd39d01
P2_planned_audio,viet-family-vpe-near-place-ban-huong-dan-gan-day-khong,bàn hướng dẫn gần đây không? / Is the help desk nearby?,singlePhrase,practice-pairs,phrase,cây nước nóng gần đây không?,audio-authored-cay-nuoc-nong-gan-day-khong-5241157efb
P2_planned_audio,viet-family-vpe-near-place-ban-huong-dan-gan-day-khong,bàn hướng dẫn gần đây không? / Is the help desk nearby?,singlePhrase,practice-pairs,phrase,máy in gần đây không?,audio-authored-may-in-gan-day-khong-219cec042d
P2_planned_audio,viet-family-vpe-near-place-ban-huong-dan-gan-day-khong,bàn hướng dẫn gần đây không? / Is the help desk nearby?,singlePhrase,practice-pairs,phrase,máy photocopy gần đây không?,audio-authored-may-photocopy-gan-day-khong-21ca0520ec
P2_planned_audio,viet-family-vpe-near-place-ban-huong-dan-gan-day-khong,bàn hướng dẫn gần đây không? / Is the help desk nearby?,singlePhrase,explore-next,phrase,phòng y tế gần đây không?,audio-authored-phong-y-te-gan-day-khong-f7ba02cc13
P2_planned_audio,viet-family-vpe-near-place-ban-huong-dan-gan-day-khong,bàn hướng dẫn gần đây không? / Is the help desk nearby?,singlePhrase,explore-next,phrase,quầy giữ đồ gần đây không?,audio-authored-quay-giu-do-gan-day-khong-356b5f8224
P2_planned_audio,viet-family-vpe-near-place-bao-tang-gan-day-khong,bảo tàng gần đây không? / Is the museum nearby?,singlePhrase,practice-pairs,phrase,bưu điện gần đây không?,audio-authored-buu-dien-gan-day-khong-ee119c7f2d
P2_planned_audio,viet-family-vpe-near-place-buu-dien-gan-day-khong,bưu điện gần đây không? / Is the post office nearby?,singlePhrase,practice-pairs,phrase,cổng lên máy bay gần đây không?,audio-authored-cong-len-may-bay-gan-day-khong-c2d301ea51
P2_planned_audio,viet-family-vpe-near-place-buu-dien-gan-day-khong,bưu điện gần đây không? / Is the post office nearby?,singlePhrase,practice-pairs,phrase,khu lấy hành lý gần đây không?,audio-authored-khu-lay-hanh-ly-gan-day-khong-33d3a8d382
P2_planned_audio,viet-family-vpe-near-place-buu-dien-gan-day-khong,bưu điện gần đây không? / Is the post office nearby?,singlePhrase,practice-pairs,phrase,máy bán vé gần đây không?,audio-authored-may-ban-ve-gan-day-khong-c2ac65c623
P2_planned_audio,viet-family-vpe-near-place-buu-dien-gan-day-khong,bưu điện gần đây không? / Is the post office nearby?,singlePhrase,explore-next,phrase,ngân hàng gần đây không?,audio-authored-ngan-hang-gan-day-khong-1b0490e131
P2_planned_audio,viet-family-vpe-near-place-buu-dien-gan-day-khong,bưu điện gần đây không? / Is the post office nearby?,singlePhrase,explore-next,phrase,quầy vé gần đây không?,audio-authored-quay-ve-gan-day-khong-e03995eea9
P2_planned_audio,viet-family-vpe-near-place-cau-gan-day-khong,cầu gần đây không? / Is the bridge nearby?,singlePhrase,hero,hero,cầu gần đây không?,audio-authored-cau-gan-day-khong-fc1f0b89b3
P2_planned_audio,viet-family-vpe-near-place-cau-gan-day-khong,cầu gần đây không? / Is the bridge nearby?,singlePhrase,practice-pairs,phrase,công viên gần đây không?,audio-authored-cong-vien-gan-day-khong-d3fe787bd7
P2_planned_audio,viet-family-vpe-near-place-cau-gan-day-khong,cầu gần đây không? / Is the bridge nearby?,singlePhrase,practice-pairs,phrase,hiệu kính thuốc gần đây không?,audio-authored-hieu-kinh-thuoc-gan-day-khong-3a8cd51a95
P2_planned_audio,viet-family-vpe-near-place-cau-gan-day-khong,cầu gần đây không? / Is the bridge nearby?,singlePhrase,practice-pairs,phrase,hồ gần đây không?,audio-authored-ho-gan-day-khong-56cdd851ab
P2_planned_audio,viet-family-vpe-near-place-cau-gan-day-khong,cầu gần đây không? / Is the bridge nearby?,singlePhrase,explore-next,phrase,sông gần đây không?,audio-authored-song-gan-day-khong-9bcf44e236
P2_planned_audio,viet-family-vpe-near-place-cau-gan-day-khong,cầu gần đây không? / Is the bridge nearby?,singlePhrase,explore-next,phrase,tiệm giặt ủi gần đây không?,audio-authored-tiem-giat-ui-gan-day-khong-349ecc65d7
P2_planned_audio,viet-family-vpe-near-place-cho-ngoi-gan-day-khong,chỗ ngồi gần đây không? / Is a seat nearby?,singlePhrase,hero,hero,chỗ ngồi gần đây không?,audio-authored-cho-ngoi-gan-day-khong-25b02cce96
P2_planned_audio,viet-family-vpe-near-place-cho-ngoi-gan-day-khong,chỗ ngồi gần đây không? / Is a seat nearby?,singlePhrase,practice-pairs,phrase,đường chính gần đây không?,audio-authored-duong-chinh-gan-day-khong-351bc17ee6
P2_planned_audio,viet-family-vpe-near-place-cho-ngoi-gan-day-khong,chỗ ngồi gần đây không? / Is a seat nearby?,singlePhrase,explore-next,phrase,lối sang đường gần đây không?,audio-authored-loi-sang-duong-gan-day-khong-f446f531da
P2_planned_audio,viet-family-vpe-near-place-cho-ngoi-gan-day-khong,chỗ ngồi gần đây không? / Is a seat nearby?,singlePhrase,explore-next,phrase,phố cổ gần đây không?,audio-authored-pho-co-gan-day-khong-c6445fc168
P2_planned_audio,viet-family-vpe-near-place-cong-vien-gan-day-khong,công viên gần đây không? / Is the park nearby?,singlePhrase,practice-pairs,phrase,phòng chờ gần đây không?,audio-authored-phong-cho-gan-day-khong-94a5d47520
P2_planned_audio,viet-family-vpe-near-place-cong-vien-gan-day-khong,công viên gần đây không? / Is the park nearby?,singlePhrase,practice-pairs,phrase,quầy an ninh gần đây không?,audio-authored-quay-an-ninh-gan-day-khong-3a125e268f
P2_planned_audio,viet-family-vpe-near-place-cong-vien-gan-day-khong,công viên gần đây không? / Is the park nearby?,singlePhrase,explore-next,phrase,tiệm cắt tóc gần đây không?,audio-authored-tiem-cat-toc-gan-day-khong-04e85e538d
P2_planned_audio,viet-family-vpe-near-place-cua-hang-dien-thoai-gan-day-khong,cửa hàng điện thoại gần đây không? / Is the phone shop nearby?,singlePhrase,explore-next,phrase,thùng rác gần đây không?,audio-authored-thung-rac-gan-day-khong-ef9a871c7b
P2_planned_audio,viet-family-vpe-near-place-cua-hang-dien-thoai-gan-day-khong,cửa hàng điện thoại gần đây không? / Is the phone shop nearby?,singlePhrase,explore-next,phrase,vòi nước gần đây không?,audio-authored-voi-nuoc-gan-day-khong-e3a22feeda
P2_planned_audio,viet-family-vpe-near-place-cua-ra-gan-day-khong,cửa ra gần đây không? / Is the exit nearby?,singlePhrase,practice-pairs,phrase,quầy đổi tiền gần đây không?,audio-authored-quay-doi-tien-gan-day-khong-5c8e22c2fc
P2_planned_audio,viet-family-vpe-near-place-cua-ra-gan-day-khong,cửa ra gần đây không? / Is the exit nearby?,singlePhrase,explore-next,phrase,quầy thông tin gần đây không?,audio-authored-quay-thong-tin-gan-day-khong-d152b2727f
P2_planned_audio,viet-family-vpe-need-item-toi-can-ban-cho-hai-nguoi,Tôi cần bàn cho hai người / I need a table for two.,singlePhrase,practice-pairs,phrase,Tôi cần bàn ngoài trời,audio-authored-toi-can-ban-ngoai-troi-5a1c28fac4
P2_planned_audio,viet-family-vpe-need-item-toi-can-ban-cho-hai-nguoi,Tôi cần bàn cho hai người / I need a table for two.,singlePhrase,practice-pairs,phrase,Tôi cần chỗ ngồi yên tĩnh,audio-authored-toi-can-cho-ngoi-yen-tinh-547d9f2a17
P2_planned_audio,viet-family-vpe-need-item-toi-can-ban-cho-hai-nguoi,Tôi cần bàn cho hai người / I need a table for two.,singlePhrase,practice-pairs,phrase,Tôi cần đồ uống lạnh,audio-authored-toi-can-do-uong-lanh-6c39cb827d
P2_planned_audio,viet-family-vpe-need-item-toi-can-ban-cho-hai-nguoi,Tôi cần bàn cho hai người / I need a table for two.,singlePhrase,explore-next,phrase,Tôi cần đồ uống nóng,audio-authored-toi-can-do-uong-nong-d9e0623af1
P2_planned_audio,viet-family-vpe-need-item-toi-can-ban-cho-hai-nguoi,Tôi cần bàn cho hai người / I need a table for two.,singlePhrase,explore-next,phrase,Tôi cần nước điện giải,audio-authored-toi-can-nuoc-dien-giai-535a979641
P2_planned_audio,viet-family-vpe-need-item-toi-can-ban-do-giay,Tôi cần bản đồ giấy / I need a paper map.,singlePhrase,hero,hero,Tôi cần bản đồ giấy,audio-authored-toi-can-ban-do-giay-9d8926a60f
P2_planned_audio,viet-family-vpe-need-item-toi-can-ban-do-giay,Tôi cần bản đồ giấy / I need a paper map.,singlePhrase,practice-pairs,phrase,Tôi cần đũa,audio-authored-toi-can-dua-66520bb814
P2_planned_audio,viet-family-vpe-need-item-toi-can-ban-do-giay,Tôi cần bản đồ giấy / I need a paper map.,singlePhrase,practice-pairs,phrase,Tôi cần hóa đơn,audio-authored-toi-can-hoa-don-ff8926a332
P2_planned_audio,viet-family-vpe-need-item-toi-can-ban-do-giay,Tôi cần bản đồ giấy / I need a paper map.,singlePhrase,practice-pairs,phrase,Tôi cần thìa,audio-authored-toi-can-thia-ccde64deb9
P2_planned_audio,viet-family-vpe-need-item-toi-can-ban-do-giay,Tôi cần bản đồ giấy / I need a paper map.,singlePhrase,explore-next,phrase,Tôi cần túi giấy,audio-authored-toi-can-tui-giay-8d912c737a
P2_planned_audio,viet-family-vpe-need-item-toi-can-ban-do-giay,Tôi cần bản đồ giấy / I need a paper map.,singlePhrase,explore-next,phrase,Tôi cần túi nilon,audio-authored-toi-can-tui-nilon-493d0c5471
P2_planned_audio,viet-family-vpe-need-item-toi-can-ban-in-den-trang,Tôi cần bản in đen trắng / I need a black-and-white print.,singlePhrase,hero,hero,Tôi cần bản in đen trắng,audio-authored-toi-can-ban-in-den-trang-dfc86771e6
P2_planned_audio,viet-family-vpe-need-item-toi-can-ban-in-den-trang,Tôi cần bản in đen trắng / I need a black-and-white print.,singlePhrase,practice-pairs,phrase,Tôi cần băng keo,audio-authored-toi-can-bang-keo-91f411ce66
P2_planned_audio,viet-family-vpe-need-item-toi-can-ban-in-den-trang,Tôi cần bản in đen trắng / I need a black-and-white print.,singlePhrase,practice-pairs,phrase,Tôi cần bút bi,audio-authored-toi-can-but-bi-2ea39ff3f8
P2_planned_audio,viet-family-vpe-need-item-toi-can-ban-in-den-trang,Tôi cần bản in đen trắng / I need a black-and-white print.,singlePhrase,practice-pairs,phrase,Tôi cần dao cạo,audio-authored-toi-can-dao-cao-5e0e1a3abe
P2_planned_audio,viet-family-vpe-need-item-toi-can-ban-in-den-trang,Tôi cần bản in đen trắng / I need a black-and-white print.,singlePhrase,explore-next,phrase,Tôi cần pin AA,audio-authored-toi-can-pin-aa-a86148cbd3
P2_planned_audio,viet-family-vpe-need-item-toi-can-ban-in-den-trang,Tôi cần bản in đen trắng / I need a black-and-white print.,singlePhrase,explore-next,phrase,Tôi cần sổ tay,audio-authored-toi-can-so-tay-86fff086ce
P2_planned_audio,viet-family-vpe-need-item-toi-can-ban-in-mau,Tôi cần bản in màu / I need a color print.,singlePhrase,hero,hero,Tôi cần bản in màu,audio-authored-toi-can-ban-in-mau-b095f5d3b6
P2_planned_audio,viet-family-vpe-need-item-toi-can-ban-ngoai-troi,Tôi cần bàn ngoài trời / I need an outdoor table.,singlePhrase,explore-next,phrase,Tôi cần kem chống muỗi,audio-authored-toi-can-kem-chong-muoi-c5887ef7b3
P2_planned_audio,viet-family-vpe-need-item-toi-can-bang-keo,Tôi cần băng keo / I need tape.,singlePhrase,practice-pairs,phrase,Tôi cần lược,audio-authored-toi-can-luoc-ba99c417a0
P2_planned_audio,viet-family-vpe-need-item-toi-can-banh-mi-chay,Tôi cần bánh mì chay / I need vegetarian bánh mì.,singlePhrase,hero,hero,Tôi cần bánh mì chay,audio-authored-toi-can-banh-mi-chay-2d84f82b80
P2_planned_audio,viet-family-vpe-need-item-toi-can-banh-mi-chay,Tôi cần bánh mì chay / I need vegetarian bánh mì.,singlePhrase,practice-pairs,phrase,Tôi cần bánh xèo,audio-authored-toi-can-banh-xeo-0cb089ac57
P2_planned_audio,viet-family-vpe-need-item-toi-can-banh-mi-chay,Tôi cần bánh mì chay / I need vegetarian bánh mì.,singlePhrase,practice-pairs,phrase,Tôi cần bún chả,audio-authored-toi-can-bun-cha-5392aced1c
P2_planned_audio,viet-family-vpe-need-item-toi-can-banh-mi-chay,Tôi cần bánh mì chay / I need vegetarian bánh mì.,singlePhrase,practice-pairs,phrase,Tôi cần gỏi cuốn,audio-authored-toi-can-goi-cuon-a0d177e869
P2_planned_audio,viet-family-vpe-need-item-toi-can-banh-mi-chay,Tôi cần bánh mì chay / I need vegetarian bánh mì.,singlePhrase,explore-next,phrase,Tôi cần phở bò,audio-authored-toi-can-pho-bo-6161d8a081
P2_planned_audio,viet-family-vpe-need-item-toi-can-banh-mi-chay,Tôi cần bánh mì chay / I need vegetarian bánh mì.,singlePhrase,explore-next,phrase,Tôi cần phở gà,audio-authored-toi-can-pho-ga-da28735bad
P2_planned_audio,viet-family-vpe-need-item-toi-can-banh-xeo,Tôi cần bánh xèo / I need bánh xèo.,singlePhrase,practice-pairs,phrase,Tôi cần hộp mang về,audio-authored-toi-can-hop-mang-ve-0af4fc2cbe
P2_planned_audio,viet-family-vpe-need-item-toi-can-banh-xeo,Tôi cần bánh xèo / I need bánh xèo.,singlePhrase,explore-next,phrase,Tôi cần nước chấm,audio-authored-toi-can-nuoc-cham-45a4683f6c
P2_planned_audio,viet-family-vpe-need-item-toi-can-banh-xeo,Tôi cần bánh xèo / I need bánh xèo.,singlePhrase,explore-next,phrase,Tôi cần túi mang về,audio-authored-toi-can-tui-mang-ve-078c92e194
P2_planned_audio,viet-family-vpe-need-item-toi-can-bien-lai-thanh-toan,Tôi cần biên lai thanh toán / I need payment receipt.,singlePhrase,hero,hero,Tôi cần biên lai thanh toán,audio-authored-toi-can-bien-lai-thanh-toan-c928ce8e06
P2_planned_audio,viet-family-vpe-need-item-toi-can-bien-lai-thanh-toan,Tôi cần biên lai thanh toán / I need payment receipt.,singlePhrase,practice-pairs,phrase,Tôi cần địa chỉ,audio-authored-toi-can-dia-chi-59ea0d3ef3
P2_planned_audio,viet-family-vpe-need-item-toi-can-bien-lai-thanh-toan,Tôi cần biên lai thanh toán / I need payment receipt.,singlePhrase,practice-pairs,phrase,Tôi cần mã QR,audio-authored-toi-can-ma-qr-12f212032f
P2_planned_audio,viet-family-vpe-need-item-toi-can-bien-lai-thanh-toan,Tôi cần biên lai thanh toán / I need payment receipt.,singlePhrase,explore-next,phrase,Tôi cần số điện thoại,audio-authored-toi-can-so-dien-thoai-3913576864
P2_planned_audio,viet-family-vpe-need-item-toi-can-bien-lai-thanh-toan,Tôi cần biên lai thanh toán / I need payment receipt.,singlePhrase,explore-next,phrase,Tôi cần tiền lẻ,audio-authored-toi-can-tien-le-009d1b0f6b
P2_planned_audio,viet-family-vpe-need-item-toi-can-but-bi,Tôi cần bút bi / I need a pen.,singlePhrase,practice-pairs,phrase,Tôi cần đồ giặt,audio-authored-toi-can-do-giat-1d82b8f6c8
P2_planned_audio,viet-family-vpe-need-item-toi-can-ca-phe-den,Tôi cần cà phê đen / I need black coffee.,singlePhrase,hero,hero,Tôi cần cà phê đen,audio-authored-toi-can-ca-phe-den-b9e5b6ce23
P2_planned_audio,viet-family-vpe-need-item-toi-can-ca-phe-den,Tôi cần cà phê đen / I need black coffee.,singlePhrase,practice-pairs,phrase,Tôi cần cơm trắng,audio-authored-toi-can-com-trang-b342e1815f
P2_planned_audio,viet-family-vpe-need-item-toi-can-ca-phe-den,Tôi cần cà phê đen / I need black coffee.,singlePhrase,practice-pairs,phrase,Tôi cần nước mắm,audio-authored-toi-can-nuoc-mam-1df31365b2
P2_planned_audio,viet-family-vpe-need-item-toi-can-ca-phe-den,Tôi cần cà phê đen / I need black coffee.,singlePhrase,practice-pairs,phrase,Tôi cần rau sống,audio-authored-toi-can-rau-song-4fc0159de8
P2_planned_audio,viet-family-vpe-need-item-toi-can-ca-phe-den,Tôi cần cà phê đen / I need black coffee.,singlePhrase,explore-next,phrase,Tôi cần trà đá,audio-authored-toi-can-tra-da-2aa80f14d8
P2_planned_audio,viet-family-vpe-need-item-toi-can-ca-phe-den,Tôi cần cà phê đen / I need black coffee.,singlePhrase,explore-next,phrase,Tôi cần tương ớt,audio-authored-toi-can-tuong-ot-cc24718445
P2_planned_audio,viet-family-vpe-need-item-toi-can-ca-phe-it-duong,Tôi cần cà phê ít đường / I need coffee with less sugar.,singlePhrase,hero,hero,Tôi cần cà phê ít đường,audio-authored-toi-can-ca-phe-it-duong-516f8fcbd8
P2_planned_audio,viet-family-vpe-need-item-toi-can-ca-phe-it-duong,Tôi cần cà phê ít đường / I need coffee with less sugar.,singlePhrase,practice-pairs,phrase,Tôi cần món ít cay,audio-authored-toi-can-mon-it-cay-900605c3d6
P2_planned_audio,viet-family-vpe-need-item-toi-can-ca-phe-it-duong,Tôi cần cà phê ít đường / I need coffee with less sugar.,singlePhrase,practice-pairs,phrase,Tôi cần món không cay,audio-authored-toi-can-mon-khong-cay-001f601fd8
P2_planned_audio,viet-family-vpe-need-item-toi-can-ca-phe-it-duong,Tôi cần cà phê ít đường / I need coffee with less sugar.,singlePhrase,practice-pairs,phrase,Tôi cần nước dừa,audio-authored-toi-can-nuoc-dua-36431cc33d
P2_planned_audio,viet-family-vpe-need-item-toi-can-ca-phe-it-duong,Tôi cần cà phê ít đường / I need coffee with less sugar.,singlePhrase,explore-next,phrase,Tôi cần sữa đặc,audio-authored-toi-can-sua-dac-76119c1750
P2_planned_audio,viet-family-vpe-need-item-toi-can-ca-phe-it-duong,Tôi cần cà phê ít đường / I need coffee with less sugar.,singlePhrase,explore-next,phrase,Tôi cần sữa tươi,audio-authored-toi-can-sua-tuoi-ebf17c4675
P2_planned_audio,viet-family-vpe-need-item-toi-can-ca-phe-sua-da,Tôi cần cà phê sữa đá / I need iced milk coffee.,singlePhrase,hero,hero,Tôi cần cà phê sữa đá,audio-authored-toi-can-ca-phe-sua-da-0200de8d94
P2_planned_audio,viet-family-vpe-need-item-toi-can-cho-ngoi-yen-tinh,Tôi cần chỗ ngồi yên tĩnh / I need a quiet seat.,singlePhrase,explore-next,phrase,Tôi cần nhiệt kế,audio-authored-toi-can-nhiet-ke-68d6a629b2
P2_planned_audio,viet-family-vpe-need-item-toi-can-coc-giay,Tôi cần cốc giấy / I need a paper cup.,singlePhrase,hero,hero,Tôi cần cốc giấy,audio-authored-toi-can-coc-giay-ea3fea9c07
P2_planned_audio,viet-family-vpe-need-item-toi-can-coc-giay,Tôi cần cốc giấy / I need a paper cup.,singlePhrase,practice-pairs,phrase,Tôi cần khăn lạnh,audio-authored-toi-can-khan-lanh-d0e7554e93
P2_planned_audio,viet-family-vpe-need-item-toi-can-coc-giay,Tôi cần cốc giấy / I need a paper cup.,singlePhrase,practice-pairs,phrase,Tôi cần nước không đường,audio-authored-toi-can-nuoc-khong-duong-8c61e0b532
P2_planned_audio,viet-family-vpe-need-item-toi-can-coc-giay,Tôi cần cốc giấy / I need a paper cup.,singlePhrase,practice-pairs,phrase,Tôi cần nước lọc,audio-authored-toi-can-nuoc-loc-43eb7fcf92
P2_planned_audio,viet-family-vpe-need-item-toi-can-coc-giay,Tôi cần cốc giấy / I need a paper cup.,singlePhrase,explore-next,phrase,Tôi cần nước nóng,audio-authored-toi-can-nuoc-nong-47bdee982c
P2_planned_audio,viet-family-vpe-need-item-toi-can-coc-giay,Tôi cần cốc giấy / I need a paper cup.,singlePhrase,explore-next,phrase,Tôi cần nước suối,audio-authored-toi-can-nuoc-suoi-dfa7a7570a
P2_planned_audio,viet-family-vpe-need-item-toi-can-com-trang,Tôi cần cơm trắng / I need plain rice.,singlePhrase,practice-pairs,phrase,Tôi cần đồ chay,audio-authored-toi-can-do-chay-dc36772f10
P2_planned_audio,viet-family-vpe-need-item-toi-can-com-trang,Tôi cần cơm trắng / I need plain rice.,singlePhrase,explore-next,phrase,Tôi cần vé một chiều,audio-authored-toi-can-ve-mot-chieu-0a6e0868be
P2_planned_audio,viet-family-vpe-need-item-toi-can-da,Tôi cần đá / I need ice.,singlePhrase,hero,hero,Tôi cần đá,audio-authored-toi-can-da-7f66d9908c
P2_planned_audio,viet-family-vpe-need-item-toi-can-da,Tôi cần đá / I need ice.,singlePhrase,practice-pairs,phrase,Tôi cần giấy vệ sinh,audio-authored-toi-can-giay-ve-sinh-6d1da709d2
P2_planned_audio,viet-family-vpe-need-item-toi-can-da,Tôi cần đá / I need ice.,singlePhrase,practice-pairs,phrase,Tôi cần thuốc đau bụng,audio-authored-toi-can-thuoc-dau-bung-f8e0ea055a
P2_planned_audio,viet-family-vpe-need-item-toi-can-da,Tôi cần đá / I need ice.,singlePhrase,practice-pairs,phrase,Tôi cần thuốc đau đầu,audio-authored-toi-can-thuoc-dau-dau-6c60dca8df
P2_planned_audio,viet-family-vpe-need-item-toi-can-da,Tôi cần đá / I need ice.,singlePhrase,explore-next,phrase,Tôi cần thuốc say xe,audio-authored-toi-can-thuoc-say-xe-caa5ac1221
P2_planned_audio,viet-family-vpe-need-item-toi-can-da,Tôi cần đá / I need ice.,singlePhrase,explore-next,phrase,Tôi cần xà phòng,audio-authored-toi-can-xa-phong-d9cc28d6b3
P2_planned_audio,viet-family-vpe-need-item-toi-can-day-sac,Tôi cần dây sạc / I need a charging cable.,singlePhrase,practice-pairs,phrase,Tôi cần gói data,audio-authored-toi-can-goi-data-d8e21ac0f7
P2_planned_audio,viet-family-vpe-need-item-toi-can-day-sac,Tôi cần dây sạc / I need a charging cable.,singlePhrase,practice-pairs,phrase,Tôi cần mật khẩu Wi-Fi,audio-authored-toi-can-mat-khau-wi-fi-ff3c2ae1b5
P2_planned_audio,viet-family-vpe-need-item-toi-can-day-sac,Tôi cần dây sạc / I need a charging cable.,singlePhrase,explore-next,phrase,Tôi cần Wi-Fi,audio-authored-toi-can-wi-fi-f00651eef4
P2_planned_audio,viet-family-vpe-need-item-toi-can-do-chay,Tôi cần đồ chay / I need vegetarian food.,singlePhrase,practice-pairs,phrase,Tôi cần phòng đơn,audio-authored-toi-can-phong-don-20e63f16fb
P2_planned_audio,viet-family-vpe-need-item-toi-can-do-chay,Tôi cần đồ chay / I need vegetarian food.,singlePhrase,practice-pairs,phrase,Tôi cần vé khứ hồi,audio-authored-toi-can-ve-khu-hoi-d1792e8fed
P2_planned_audio,viet-family-vpe-need-item-toi-can-do-chay,Tôi cần đồ chay / I need vegetarian food.,singlePhrase,explore-next,phrase,Tôi cần vé người lớn,audio-authored-toi-can-ve-nguoi-lon-b27d9f08c3
P2_planned_audio,viet-family-vpe-need-item-toi-can-do-chay,Tôi cần đồ chay / I need vegetarian food.,singlePhrase,explore-next,phrase,Tôi cần vé trẻ em,audio-authored-toi-can-ve-tre-em-4f4dbd0bc9
P2_planned_audio,viet-family-vpe-need-item-toi-can-do-uong-lanh,Tôi cần đồ uống lạnh / I need a cold drink.,singlePhrase,explore-next,phrase,Tôi cần nước muối sinh lý,audio-authored-toi-can-nuoc-muoi-sinh-ly-8e9edf3df9
P2_planned_audio,viet-family-vpe-need-item-toi-can-do-uong-nong,Tôi cần đồ uống nóng / I need a hot drink.,singlePhrase,explore-next,phrase,Tôi cần thuốc nhỏ mắt,audio-authored-toi-can-thuoc-nho-mat-ca66095f4f
P2_planned_audio,viet-family-vpe-need-item-toi-can-dua,Tôi cần đũa / I need chopsticks.,singlePhrase,practice-pairs,phrase,Tôi cần ống hút,audio-authored-toi-can-ong-hut-57ea183db0
P2_planned_audio,viet-family-vpe-need-item-toi-can-dua,Tôi cần đũa / I need chopsticks.,singlePhrase,explore-next,phrase,Tôi cần thực đơn tiếng Anh,audio-authored-toi-can-thuc-don-tieng-anh-9e2893e684
P2_planned_audio,viet-family-vpe-need-item-toi-can-esim,Tôi cần eSIM / I need an eSIM.,singlePhrase,hero,hero,Tôi cần eSIM,audio-authored-toi-can-esim-d334664893
P2_planned_audio,viet-family-vpe-need-item-toi-can-esim,Tôi cần eSIM / I need an eSIM.,singlePhrase,practice-pairs,phrase,Tôi cần kính râm,audio-authored-toi-can-kinh-ram-4298c51030
P2_planned_audio,viet-family-vpe-need-item-toi-can-esim,Tôi cần eSIM / I need an eSIM.,singlePhrase,practice-pairs,phrase,Tôi cần ổ cắm chuyển đổi,audio-authored-toi-can-o-cam-chuyen-doi-b3a9d8f40b
P2_planned_audio,viet-family-vpe-need-item-toi-can-esim,Tôi cần eSIM / I need an eSIM.,singlePhrase,explore-next,phrase,Tôi cần ốp điện thoại,audio-authored-toi-can-op-dien-thoai-f21610561d
P2_planned_audio,viet-family-vpe-need-item-toi-can-esim,Tôi cần eSIM / I need an eSIM.,singlePhrase,explore-next,phrase,Tôi cần tai nghe,audio-authored-toi-can-tai-nghe-a34f5d5873
P2_planned_audio,viet-family-vpe-need-item-toi-can-lich-trinh-tour,Tôi cần lịch trình tour / I need the tour schedule.,singlePhrase,practice-pairs,phrase,Tôi cần vé phà,audio-authored-toi-can-ve-pha-9b78994466
P2_planned_audio,viet-family-vpe-need-item-toi-can-mon-it-cay,Tôi cần món ít cay / I need a less spicy dish.,singlePhrase,practice-pairs,phrase,Tôi cần sinh tố xoài,audio-authored-toi-can-sinh-to-xoai-cc70e81b4c
P2_planned_audio,viet-family-vpe-one-item-please-cho-toi-mot-ban-cho-hai-nguoi,"Cho tôi bàn cho hai người / A table for two, please.",singlePhrase,practice-pairs,phrase,Cho tôi bàn ngoài trời,audio-authored-cho-toi-ban-ngoai-troi-c7cf8920e5
P2_planned_audio,viet-family-vpe-one-item-please-cho-toi-mot-ban-cho-hai-nguoi,"Cho tôi bàn cho hai người / A table for two, please.",singlePhrase,practice-pairs,phrase,Cho tôi chỗ ngồi yên tĩnh,audio-authored-cho-toi-cho-ngoi-yen-tinh-23b3a6f16a
P2_planned_audio,viet-family-vpe-one-item-please-cho-toi-mot-ban-cho-hai-nguoi,"Cho tôi bàn cho hai người / A table for two, please.",singlePhrase,practice-pairs,phrase,Cho tôi đồ uống lạnh,audio-authored-cho-toi-do-uong-lanh-8474a5e5ad
P2_planned_audio,viet-family-vpe-one-item-please-cho-toi-mot-ban-cho-hai-nguoi,"Cho tôi bàn cho hai người / A table for two, please.",singlePhrase,explore-next,phrase,Cho tôi đồ uống nóng,audio-authored-cho-toi-do-uong-nong-77df16d2eb
P2_planned_audio,viet-family-vpe-one-item-please-cho-toi-mot-ban-cho-hai-nguoi,"Cho tôi bàn cho hai người / A table for two, please.",singlePhrase,explore-next,phrase,Cho tôi nước điện giải,audio-authored-cho-toi-nuoc-dien-giai-dd70bbf823
P2_planned_audio,viet-family-vpe-one-item-please-cho-toi-mot-ban-do-giay,"Cho tôi bản đồ giấy / A paper map, please.",singlePhrase,hero,hero,Cho tôi bản đồ giấy,audio-authored-cho-toi-ban-do-giay-c74df1ba3b
P2_planned_audio,viet-family-vpe-one-item-please-cho-toi-mot-ban-do-giay,"Cho tôi bản đồ giấy / A paper map, please.",singlePhrase,practice-pairs,phrase,Cho tôi đũa,audio-authored-cho-toi-dua-118848a4bd
P2_planned_audio,viet-family-vpe-one-item-please-cho-toi-mot-ban-do-giay,"Cho tôi bản đồ giấy / A paper map, please.",singlePhrase,practice-pairs,phrase,Cho tôi xin hóa đơn,audio-authored-cho-toi-xin-hoa-don-1408de0770
P2_planned_audio,viet-family-vpe-one-item-please-cho-toi-mot-ban-do-giay,"Cho tôi bản đồ giấy / A paper map, please.",singlePhrase,practice-pairs,phrase,Cho tôi thìa,audio-authored-cho-toi-thia-5cf0ca05eb
P2_planned_audio,viet-family-vpe-one-item-please-cho-toi-mot-ban-do-giay,"Cho tôi bản đồ giấy / A paper map, please.",singlePhrase,explore-next,phrase,Cho tôi túi giấy,audio-authored-cho-toi-tui-giay-0160650e83
P2_planned_audio,viet-family-vpe-one-item-please-cho-toi-mot-ban-do-giay,"Cho tôi bản đồ giấy / A paper map, please.",singlePhrase,explore-next,phrase,Cho tôi túi nilon,audio-authored-cho-toi-tui-nilon-a0f10cd360
P2_planned_audio,viet-family-vpe-one-item-please-cho-toi-mot-ban-ngoai-troi,"Cho tôi bàn ngoài trời / An outdoor table, please.",singlePhrase,explore-next,phrase,Cho tôi thuốc cảm,audio-authored-cho-toi-thuoc-cam-93ea7fafdd
P2_planned_audio,viet-family-vpe-one-item-please-cho-toi-mot-banh-mi-chay,"Cho tôi bánh mì chay / Vegetarian bánh mì, please.",singlePhrase,hero,hero,Cho tôi bánh mì chay,audio-authored-cho-toi-banh-mi-chay-0db91bcdaf
P2_planned_audio,viet-family-vpe-one-item-please-cho-toi-mot-banh-mi-chay,"Cho tôi bánh mì chay / Vegetarian bánh mì, please.",singlePhrase,practice-pairs,phrase,Cho tôi bánh xèo,audio-authored-cho-toi-banh-xeo-9c1b5cc936
P2_planned_audio,viet-family-vpe-one-item-please-cho-toi-mot-banh-mi-chay,"Cho tôi bánh mì chay / Vegetarian bánh mì, please.",singlePhrase,practice-pairs,phrase,Cho tôi bún chả,audio-authored-cho-toi-bun-cha-62381e8660
P2_planned_audio,viet-family-vpe-one-item-please-cho-toi-mot-banh-mi-chay,"Cho tôi bánh mì chay / Vegetarian bánh mì, please.",singlePhrase,practice-pairs,phrase,Cho tôi gỏi cuốn,audio-authored-cho-toi-goi-cuon-2f4e3f925c
P2_planned_audio,viet-family-vpe-one-item-please-cho-toi-mot-banh-mi-chay,"Cho tôi bánh mì chay / Vegetarian bánh mì, please.",singlePhrase,explore-next,phrase,Cho tôi phở bò,audio-authored-cho-toi-pho-bo-816d70b53d
P2_planned_audio,viet-family-vpe-one-item-please-cho-toi-mot-banh-mi-chay,"Cho tôi bánh mì chay / Vegetarian bánh mì, please.",singlePhrase,explore-next,phrase,Cho tôi phở gà,audio-authored-cho-toi-pho-ga-a7ecd9e47e
P2_planned_audio,viet-family-vpe-one-item-please-cho-toi-mot-banh-xeo,"Cho tôi bánh xèo / Bánh xèo, please.",singlePhrase,practice-pairs,phrase,Cho tôi hộp mang về,audio-authored-cho-toi-hop-mang-ve-75dd3c3923
P2_planned_audio,viet-family-vpe-one-item-please-cho-toi-mot-banh-xeo,"Cho tôi bánh xèo / Bánh xèo, please.",singlePhrase,explore-next,phrase,Cho tôi nước chấm,audio-authored-cho-toi-nuoc-cham-42a5f9fdcb
P2_planned_audio,viet-family-vpe-one-item-please-cho-toi-mot-banh-xeo,"Cho tôi bánh xèo / Bánh xèo, please.",singlePhrase,explore-next,phrase,Cho tôi túi mang về,audio-authored-cho-toi-tui-mang-ve-b8685f37b5
P2_planned_audio,viet-family-vpe-one-item-please-cho-toi-mot-bien-lai-thanh-toan,"Cho tôi biên lai thanh toán / Payment receipt, please.",singlePhrase,hero,hero,Cho tôi biên lai thanh toán,audio-authored-cho-toi-bien-lai-thanh-toan-560941e20c
P2_planned_audio,viet-family-vpe-one-item-please-cho-toi-mot-bien-lai-thanh-toan,"Cho tôi biên lai thanh toán / Payment receipt, please.",singlePhrase,practice-pairs,phrase,Cho tôi địa chỉ,audio-authored-cho-toi-dia-chi-bfb357fcf5
P2_planned_audio,viet-family-vpe-one-item-please-cho-toi-mot-bien-lai-thanh-toan,"Cho tôi biên lai thanh toán / Payment receipt, please.",singlePhrase,practice-pairs,phrase,Cho tôi mã QR,audio-authored-cho-toi-ma-qr-51fd18d597
P2_planned_audio,viet-family-vpe-one-item-please-cho-toi-mot-bien-lai-thanh-toan,"Cho tôi biên lai thanh toán / Payment receipt, please.",singlePhrase,explore-next,phrase,Cho tôi số điện thoại,audio-authored-cho-toi-so-dien-thoai-1ea5d29bda
P2_planned_audio,viet-family-vpe-one-item-please-cho-toi-mot-bien-lai-thanh-toan,"Cho tôi biên lai thanh toán / Payment receipt, please.",singlePhrase,explore-next,phrase,Cho tôi tiền lẻ,audio-authored-cho-toi-tien-le-3a618207ee
P2_planned_audio,viet-family-vpe-one-item-please-cho-toi-mot-ca-phe-den,"Cho tôi cà phê đen / Black coffee, please.",singlePhrase,hero,hero,Cho tôi cà phê đen,audio-authored-cho-toi-ca-phe-den-d3ddfe5025
P2_planned_audio,viet-family-vpe-one-item-please-cho-toi-mot-ca-phe-den,"Cho tôi cà phê đen / Black coffee, please.",singlePhrase,practice-pairs,phrase,Cho tôi cơm trắng,audio-authored-cho-toi-com-trang-62e6c7c791
P2_planned_audio,viet-family-vpe-one-item-please-cho-toi-mot-ca-phe-den,"Cho tôi cà phê đen / Black coffee, please.",singlePhrase,practice-pairs,phrase,Cho tôi nước mắm,audio-authored-cho-toi-nuoc-mam-6f93a51748
P2_planned_audio,viet-family-vpe-one-item-please-cho-toi-mot-ca-phe-den,"Cho tôi cà phê đen / Black coffee, please.",singlePhrase,practice-pairs,phrase,Cho tôi rau sống,audio-authored-cho-toi-rau-song-237f5367e2
P2_planned_audio,viet-family-vpe-one-item-please-cho-toi-mot-ca-phe-den,"Cho tôi cà phê đen / Black coffee, please.",singlePhrase,explore-next,phrase,Cho tôi tương ớt,audio-authored-cho-toi-tuong-ot-cd71812c59
P2_planned_audio,viet-family-vpe-one-item-please-cho-toi-mot-ca-phe-it-duong,"Cho tôi cà phê ít đường / Coffee with less sugar, please.",singlePhrase,hero,hero,Cho tôi cà phê ít đường,audio-authored-cho-toi-ca-phe-it-duong-dac41e5612
P2_planned_audio,viet-family-vpe-one-item-please-cho-toi-mot-ca-phe-it-duong,"Cho tôi cà phê ít đường / Coffee with less sugar, please.",singlePhrase,practice-pairs,phrase,Cho tôi món ít cay,audio-authored-cho-toi-mon-it-cay-976690178e
P2_planned_audio,viet-family-vpe-one-item-please-cho-toi-mot-ca-phe-it-duong,"Cho tôi cà phê ít đường / Coffee with less sugar, please.",singlePhrase,practice-pairs,phrase,Cho tôi món không cay,audio-authored-cho-toi-mon-khong-cay-3e348b637a
P2_planned_audio,viet-family-vpe-one-item-please-cho-toi-mot-ca-phe-it-duong,"Cho tôi cà phê ít đường / Coffee with less sugar, please.",singlePhrase,practice-pairs,phrase,Cho tôi nước dừa,audio-authored-cho-toi-nuoc-dua-e577b6fe66
P2_planned_audio,viet-family-vpe-one-item-please-cho-toi-mot-ca-phe-it-duong,"Cho tôi cà phê ít đường / Coffee with less sugar, please.",singlePhrase,explore-next,phrase,Cho tôi sữa đặc,audio-authored-cho-toi-sua-dac-bc1848c40f
P2_planned_audio,viet-family-vpe-one-item-please-cho-toi-mot-ca-phe-it-duong,"Cho tôi cà phê ít đường / Coffee with less sugar, please.",singlePhrase,explore-next,phrase,Cho tôi sữa tươi,audio-authored-cho-toi-sua-tuoi-64a03d81c4
P2_planned_audio,viet-family-vpe-one-item-please-cho-toi-mot-cho-ngoi-yen-tinh,"Cho tôi chỗ ngồi yên tĩnh / A quiet seat, please.",singlePhrase,explore-next,phrase,Cho tôi thuốc dị ứng,audio-authored-cho-toi-thuoc-di-ung-43a5dc2a93
P2_planned_audio,viet-family-vpe-one-item-please-cho-toi-mot-com-trang,"Cho tôi cơm trắng / Plain rice, please.",singlePhrase,practice-pairs,phrase,Cho tôi đồ chay,audio-authored-cho-toi-do-chay-194f15d078
P2_planned_audio,viet-family-vpe-one-item-please-cho-toi-mot-com-trang,"Cho tôi cơm trắng / Plain rice, please.",singlePhrase,explore-next,phrase,Cho tôi vé một chiều,audio-authored-cho-toi-ve-mot-chieu-763605ef21
P2_planned_audio,viet-family-vpe-one-item-please-cho-toi-mot-da,"Cho tôi đá / Ice, please.",singlePhrase,practice-pairs,phrase,Cho tôi giấy vệ sinh,audio-authored-cho-toi-giay-ve-sinh-0d4939ae77
P2_planned_audio,viet-family-vpe-one-item-please-cho-toi-mot-da,"Cho tôi đá / Ice, please.",singlePhrase,practice-pairs,phrase,Cho tôi kem chống nắng,audio-authored-cho-toi-kem-chong-nang-4516e1adbb
P2_planned_audio,viet-family-vpe-one-item-please-cho-toi-mot-da,"Cho tôi đá / Ice, please.",singlePhrase,explore-next,phrase,Cho tôi thuốc đau đầu,audio-authored-cho-toi-thuoc-dau-dau-1ef944c629
P2_planned_audio,viet-family-vpe-one-item-please-cho-toi-mot-da,"Cho tôi đá / Ice, please.",singlePhrase,explore-next,phrase,Cho tôi xà phòng,audio-authored-cho-toi-xa-phong-0b259baeb1
P2_planned_audio,viet-family-vpe-one-item-please-cho-toi-mot-day-sac,"Cho tôi dây sạc / A charging cable, please.",singlePhrase,practice-pairs,phrase,Cho tôi gói data,audio-authored-cho-toi-goi-data-69d83fe127
P2_planned_audio,viet-family-vpe-one-item-please-cho-toi-mot-day-sac,"Cho tôi dây sạc / A charging cable, please.",singlePhrase,practice-pairs,phrase,Cho tôi mật khẩu Wi-Fi,audio-authored-cho-toi-mat-khau-wi-fi-b7a55a9f64
P2_planned_audio,viet-family-vpe-one-item-please-cho-toi-mot-day-sac,"Cho tôi dây sạc / A charging cable, please.",singlePhrase,explore-next,phrase,Cho tôi Wi-Fi,audio-authored-cho-toi-wi-fi-ab91aa7d4c
P2_planned_audio,viet-family-vpe-one-item-please-cho-toi-mot-do-chay,"Cho tôi đồ chay / Vegetarian food, please.",singlePhrase,practice-pairs,phrase,Cho tôi phòng đơn,audio-authored-cho-toi-phong-don-20e27b93ac
P2_planned_audio,viet-family-vpe-one-item-please-cho-toi-mot-do-chay,"Cho tôi đồ chay / Vegetarian food, please.",singlePhrase,practice-pairs,phrase,Cho tôi vé khứ hồi,audio-authored-cho-toi-ve-khu-hoi-1e32d57e31
P2_planned_audio,viet-family-vpe-one-item-please-cho-toi-mot-do-chay,"Cho tôi đồ chay / Vegetarian food, please.",singlePhrase,explore-next,phrase,Cho tôi vé người lớn,audio-authored-cho-toi-ve-nguoi-lon-86a9ae729d
P2_planned_audio,viet-family-vpe-one-item-please-cho-toi-mot-do-chay,"Cho tôi đồ chay / Vegetarian food, please.",singlePhrase,explore-next,phrase,Cho tôi vé trẻ em,audio-authored-cho-toi-ve-tre-em-e8b7cf28c0
P2_planned_audio,viet-family-vpe-one-item-please-cho-toi-mot-do-uong-lanh,"Cho tôi đồ uống lạnh / A cold drink, please.",singlePhrase,practice-pairs,phrase,Cho tôi kem chống muỗi,audio-authored-cho-toi-kem-chong-muoi-980b115416
P2_planned_audio,viet-family-vpe-one-item-please-cho-toi-mot-do-uong-nong,"Cho tôi đồ uống nóng / A hot drink, please.",singlePhrase,practice-pairs,phrase,Cho tôi nhiệt kế,audio-authored-cho-toi-nhiet-ke-aa63703866
P2_planned_audio,viet-family-vpe-one-item-please-cho-toi-mot-dua,"Cho tôi đũa / Chopsticks, please.",singlePhrase,practice-pairs,phrase,Cho tôi ống hút,audio-authored-cho-toi-ong-hut-a4233fbd17
P2_planned_audio,viet-family-vpe-one-item-please-cho-toi-mot-dua,"Cho tôi đũa / Chopsticks, please.",singlePhrase,explore-next,phrase,Cho tôi thực đơn tiếng Anh,audio-authored-cho-toi-thuc-don-tieng-anh-61159fb68f
P2_planned_audio,viet-family-vpe-one-item-please-cho-toi-mot-esim,"Cho tôi eSIM / An eSIM, please.",singlePhrase,hero,hero,Cho tôi eSIM,audio-authored-cho-toi-esim-96050a3f98
P2_planned_audio,viet-family-vpe-one-item-please-cho-toi-mot-esim,"Cho tôi eSIM / An eSIM, please.",singlePhrase,practice-pairs,phrase,Cho tôi kính râm,audio-authored-cho-toi-kinh-ram-bcc4aa9548
P2_planned_audio,viet-family-vpe-one-item-please-cho-toi-mot-esim,"Cho tôi eSIM / An eSIM, please.",singlePhrase,practice-pairs,phrase,Cho tôi ổ cắm chuyển đổi,audio-authored-cho-toi-o-cam-chuyen-doi-93adb72e01
P2_planned_audio,viet-family-vpe-one-item-please-cho-toi-mot-esim,"Cho tôi eSIM / An eSIM, please.",singlePhrase,explore-next,phrase,Cho tôi ốp điện thoại,audio-authored-cho-toi-op-dien-thoai-c9c43be368
P2_planned_audio,viet-family-vpe-one-item-please-cho-toi-mot-esim,"Cho tôi eSIM / An eSIM, please.",singlePhrase,explore-next,phrase,Cho tôi tai nghe,audio-authored-cho-toi-tai-nghe-fedf61db62
P2_planned_audio,viet-family-vpe-one-item-please-cho-toi-mot-lich-trinh-tour,"Cho tôi lịch trình tour / The tour schedule, please.",singlePhrase,practice-pairs,phrase,Cho tôi vé phà,audio-authored-cho-toi-ve-pha-d1d708985a
P2_planned_audio,viet-family-vpe-one-item-please-cho-toi-mot-mon-it-cay,"Cho tôi món ít cay / A less spicy dish, please.",singlePhrase,practice-pairs,phrase,Cho tôi sinh tố xoài,audio-authored-cho-toi-sinh-to-xoai-dcf771efc2
P2_planned_audio,viet-family-vpe-polite-request-da-cho-toi-ban-do-giay,"Dạ, cho tôi bản đồ giấy / Respectfully, please give me a paper map.",singlePhrase,hero,hero,"Dạ, cho tôi bản đồ giấy",audio-authored-da-cho-toi-ban-do-giay-78dc0d7302
P2_planned_audio,viet-family-vpe-polite-request-da-cho-toi-ban-do-giay,"Dạ, cho tôi bản đồ giấy / Respectfully, please give me a paper map.",singlePhrase,practice-pairs,phrase,"Dạ, cho tôi đũa",audio-authored-da-cho-toi-dua-dc0130401e
P2_planned_audio,viet-family-vpe-polite-request-da-cho-toi-ban-do-giay,"Dạ, cho tôi bản đồ giấy / Respectfully, please give me a paper map.",singlePhrase,practice-pairs,phrase,"Dạ, cho tôi hóa đơn",audio-authored-da-cho-toi-hoa-don-0f05f7e402
P2_planned_audio,viet-family-vpe-polite-request-da-cho-toi-ban-do-giay,"Dạ, cho tôi bản đồ giấy / Respectfully, please give me a paper map.",singlePhrase,practice-pairs,phrase,"Dạ, cho tôi thìa",audio-authored-da-cho-toi-thia-2aa049cb29
P2_planned_audio,viet-family-vpe-polite-request-da-cho-toi-ban-do-giay,"Dạ, cho tôi bản đồ giấy / Respectfully, please give me a paper map.",singlePhrase,explore-next,phrase,"Dạ, cho tôi túi giấy",audio-authored-da-cho-toi-tui-giay-48bfffcc61
P2_planned_audio,viet-family-vpe-polite-request-da-cho-toi-ban-do-giay,"Dạ, cho tôi bản đồ giấy / Respectfully, please give me a paper map.",singlePhrase,explore-next,phrase,"Dạ, cho tôi túi nilon",audio-authored-da-cho-toi-tui-nilon-0b8697ca0c
P2_planned_audio,viet-family-vpe-polite-request-da-cho-toi-ban-do-giay,"Dạ, cho tôi bản đồ giấy / Respectfully, please give me a paper map.",singlePhrase,explore-next,phrase,"Dạ, cho tôi băng cá nhân",audio-authored-da-cho-toi-bang-ca-nhan-fe60f58471
P2_planned_audio,viet-family-vpe-polite-request-da-cho-toi-ban-do-giay,"Dạ, cho tôi bản đồ giấy / Respectfully, please give me a paper map.",singlePhrase,explore-next,phrase,"Dạ, cho tôi cà phê đen",audio-authored-da-cho-toi-ca-phe-den-50e6216d92
P2_planned_audio,viet-family-vpe-polite-request-da-cho-toi-ban-do-giay,"Dạ, cho tôi bản đồ giấy / Respectfully, please give me a paper map.",singlePhrase,explore-next,phrase,"Dạ, cho tôi cà phê sữa đá",audio-authored-da-cho-toi-ca-phe-sua-da-8b005e5f1a
P2_planned_audio,viet-family-vpe-polite-request-da-cho-toi-ban-do-giay,"Dạ, cho tôi bản đồ giấy / Respectfully, please give me a paper map.",singlePhrase,explore-next,phrase,"Dạ, cho tôi chìa khóa phòng",audio-authored-da-cho-toi-chia-khoa-phong-18c4cdfe70
P2_planned_audio,viet-family-vpe-polite-request-da-cho-toi-ca-phe-den,"Dạ, cho tôi cà phê đen / Respectfully, please give me black coffee.",singlePhrase,practice-pairs,phrase,"Dạ, cho tôi cơm trắng",audio-authored-da-cho-toi-com-trang-dc3ee3cd91
P2_planned_audio,viet-family-vpe-polite-request-da-cho-toi-ca-phe-den,"Dạ, cho tôi cà phê đen / Respectfully, please give me black coffee.",singlePhrase,practice-pairs,phrase,"Dạ, cho tôi nước mắm",audio-authored-da-cho-toi-nuoc-mam-422f3c4a6c
P2_planned_audio,viet-family-vpe-polite-request-da-cho-toi-ca-phe-den,"Dạ, cho tôi cà phê đen / Respectfully, please give me black coffee.",singlePhrase,practice-pairs,phrase,"Dạ, cho tôi rau sống",audio-authored-da-cho-toi-rau-song-0d4a586f1c
P2_planned_audio,viet-family-vpe-polite-request-da-cho-toi-ca-phe-den,"Dạ, cho tôi cà phê đen / Respectfully, please give me black coffee.",singlePhrase,explore-next,phrase,"Dạ, cho tôi trà đá",audio-authored-da-cho-toi-tra-da-776da0ddd3
P2_planned_audio,viet-family-vpe-polite-request-da-cho-toi-ca-phe-den,"Dạ, cho tôi cà phê đen / Respectfully, please give me black coffee.",singlePhrase,explore-next,phrase,"Dạ, cho tôi tương ớt",audio-authored-da-cho-toi-tuong-ot-f57dd135f0
P2_planned_audio,viet-family-vpe-polite-request-da-cho-toi-ca-phe-sua-da,"Dạ, cho tôi cà phê sữa đá / Respectfully, please give me iced milk coffee.",singlePhrase,explore-next,phrase,"Dạ, cho tôi đá",audio-authored-da-cho-toi-da-4a9172e3c1
P2_planned_audio,viet-family-vpe-polite-request-da-cho-toi-com-trang,"Dạ, cho tôi cơm trắng / Respectfully, please give me plain rice.",singlePhrase,practice-pairs,phrase,"Dạ, cho tôi đồ chay",audio-authored-da-cho-toi-do-chay-e2ea842f6a
P2_planned_audio,viet-family-vpe-polite-request-da-cho-toi-com-trang,"Dạ, cho tôi cơm trắng / Respectfully, please give me plain rice.",singlePhrase,explore-next,phrase,"Dạ, cho tôi vé một chiều",audio-authored-da-cho-toi-ve-mot-chieu-56f5e0dd7b
P2_planned_audio,viet-family-vpe-polite-request-da-cho-toi-da,"Dạ, cho tôi đá / Respectfully, please give me ice.",singlePhrase,practice-pairs,phrase,"Dạ, cho tôi giấy vệ sinh",audio-authored-da-cho-toi-giay-ve-sinh-db3d3ac172
P2_planned_audio,viet-family-vpe-polite-request-da-cho-toi-da,"Dạ, cho tôi đá / Respectfully, please give me ice.",singlePhrase,practice-pairs,phrase,"Dạ, cho tôi kem chống nắng",audio-authored-da-cho-toi-kem-chong-nang-3d60200a77
P2_planned_audio,viet-family-vpe-polite-request-da-cho-toi-da,"Dạ, cho tôi đá / Respectfully, please give me ice.",singlePhrase,practice-pairs,phrase,"Dạ, cho tôi khăn giấy",audio-authored-da-cho-toi-khan-giay-eeff94a807
P2_planned_audio,viet-family-vpe-polite-request-da-cho-toi-da,"Dạ, cho tôi đá / Respectfully, please give me ice.",singlePhrase,explore-next,phrase,"Dạ, cho tôi thuốc đau đầu",audio-authored-da-cho-toi-thuoc-dau-dau-805d97b052
P2_planned_audio,viet-family-vpe-polite-request-da-cho-toi-da,"Dạ, cho tôi đá / Respectfully, please give me ice.",singlePhrase,explore-next,phrase,"Dạ, cho tôi xà phòng",audio-authored-da-cho-toi-xa-phong-d2ebbea355
P2_planned_audio,viet-family-vpe-polite-request-da-cho-toi-day-sac,"Dạ, cho tôi dây sạc / Respectfully, please give me a charging cable.",singlePhrase,practice-pairs,phrase,"Dạ, cho tôi gói data",audio-authored-da-cho-toi-goi-data-0a38232700
P2_planned_audio,viet-family-vpe-polite-request-da-cho-toi-day-sac,"Dạ, cho tôi dây sạc / Respectfully, please give me a charging cable.",singlePhrase,practice-pairs,phrase,"Dạ, cho tôi mật khẩu Wi-Fi",audio-authored-da-cho-toi-mat-khau-wi-fi-7ed701f4f7
P2_planned_audio,viet-family-vpe-polite-request-da-cho-toi-day-sac,"Dạ, cho tôi dây sạc / Respectfully, please give me a charging cable.",singlePhrase,explore-next,phrase,"Dạ, cho tôi Wi-Fi",audio-authored-da-cho-toi-wi-fi-e9a44e5fad
P2_planned_audio,viet-family-vpe-polite-request-da-cho-toi-do-chay,"Dạ, cho tôi đồ chay / Respectfully, please give me vegetarian food.",singlePhrase,practice-pairs,phrase,"Dạ, cho tôi phòng đơn",audio-authored-da-cho-toi-phong-don-bd1b4a0795
P2_planned_audio,viet-family-vpe-polite-request-da-cho-toi-do-chay,"Dạ, cho tôi đồ chay / Respectfully, please give me vegetarian food.",singlePhrase,practice-pairs,phrase,"Dạ, cho tôi vé khứ hồi",audio-authored-da-cho-toi-ve-khu-hoi-07fe846a0d
P2_planned_audio,viet-family-vpe-polite-request-da-cho-toi-do-chay,"Dạ, cho tôi đồ chay / Respectfully, please give me vegetarian food.",singlePhrase,explore-next,phrase,"Dạ, cho tôi vé người lớn",audio-authored-da-cho-toi-ve-nguoi-lon-2584a8aac3
P2_planned_audio,viet-family-vpe-polite-request-da-cho-toi-do-chay,"Dạ, cho tôi đồ chay / Respectfully, please give me vegetarian food.",singlePhrase,explore-next,phrase,"Dạ, cho tôi vé trẻ em",audio-authored-da-cho-toi-ve-tre-em-34a21347a7
P2_planned_audio,viet-family-vpe-polite-request-da-cho-toi-dua,"Dạ, cho tôi đũa / Respectfully, please give me chopsticks.",singlePhrase,practice-pairs,phrase,"Dạ, cho tôi ống hút",audio-authored-da-cho-toi-ong-hut-674853a179
P2_planned_audio,viet-family-vpe-polite-request-da-cho-toi-dua,"Dạ, cho tôi đũa / Respectfully, please give me chopsticks.",singlePhrase,explore-next,phrase,"Dạ, cho tôi thực đơn tiếng Anh",audio-authored-da-cho-toi-thuc-don-tieng-anh-99faa831f0
P2_planned_audio,viet-family-vpe-polite-request-da-cho-toi-nuoc-loc,"Dạ, cho tôi nước lọc / Respectfully, please give me filtered water.",singlePhrase,hero,hero,"Dạ, cho tôi nước lọc",audio-authored-da-cho-toi-nuoc-loc-f2586b288e
P2_planned_audio,viet-family-vpe-polite-request-da-cho-toi-nuoc-loc,"Dạ, cho tôi nước lọc / Respectfully, please give me filtered water.",singlePhrase,explore-next,phrase,"Dạ, cho tôi nước nóng",audio-authored-da-cho-toi-nuoc-nong-783b80e34e
P2_planned_audio,viet-family-vpe-polite-request-da-cho-toi-nuoc-suoi,"Dạ, cho tôi nước suối / Respectfully, please give me bottled water.",singlePhrase,hero,hero,"Dạ, cho tôi nước suối",audio-authored-da-cho-toi-nuoc-suoi-efade20bbd
P2_planned_audio,viet-family-vpe-polite-request-lam-on-cho-toi-da,Làm ơn cho tôi đá / Please give me ice.,singlePhrase,practice-pairs,phrase,Làm ơn cho tôi giấy vệ sinh,audio-authored-lam-on-cho-toi-giay-ve-sinh-98d271f763
P2_planned_audio,viet-family-vpe-polite-request-lam-on-cho-toi-da,Làm ơn cho tôi đá / Please give me ice.,singlePhrase,explore-next,phrase,Làm ơn cho tôi xà phòng,audio-authored-lam-on-cho-toi-xa-phong-f91869e334
P2_planned_audio,viet-family-vpe-price-item-anh-the-bao-nhieu-tien,ảnh thẻ bao nhiêu tiền? / How much is passport photos?,singlePhrase,hero,hero,ảnh thẻ bao nhiêu tiền?,audio-authored-anh-the-bao-nhieu-tien-da0d97f5df
P2_planned_audio,viet-family-vpe-price-item-anh-the-bao-nhieu-tien,ảnh thẻ bao nhiêu tiền? / How much is passport photos?,singlePhrase,practice-pairs,phrase,chỗ ngồi cạnh lối đi bao nhiêu tiền?,audio-authored-cho-ngoi-canh-loi-di-bao-nhieu-tien-f36d6f51b5
P2_planned_audio,viet-family-vpe-price-item-anh-the-bao-nhieu-tien,ảnh thẻ bao nhiêu tiền? / How much is passport photos?,singlePhrase,practice-pairs,phrase,chỗ ngồi gần cửa sổ bao nhiêu tiền?,audio-authored-cho-ngoi-gan-cua-so-bao-nhieu-tien-d1d254b963
P2_planned_audio,viet-family-vpe-price-item-anh-the-bao-nhieu-tien,ảnh thẻ bao nhiêu tiền? / How much is passport photos?,singlePhrase,practice-pairs,phrase,mã đặt chỗ bao nhiêu tiền?,audio-authored-ma-dat-cho-bao-nhieu-tien-fe4e1af5b0
P2_planned_audio,viet-family-vpe-price-item-anh-the-bao-nhieu-tien,ảnh thẻ bao nhiêu tiền? / How much is passport photos?,singlePhrase,explore-next,phrase,nước không đá bao nhiêu tiền?,audio-authored-nuoc-khong-da-bao-nhieu-tien-b199f88fa6
P2_planned_audio,viet-family-vpe-price-item-anh-the-bao-nhieu-tien,ảnh thẻ bao nhiêu tiền? / How much is passport photos?,singlePhrase,explore-next,phrase,phiếu đặt phòng bao nhiêu tiền?,audio-authored-phieu-dat-phong-bao-nhieu-tien-b5c60d5069
P2_planned_audio,viet-family-vpe-price-item-anh-the-bao-nhieu-tien,ảnh thẻ bao nhiêu tiền? / How much is passport photos?,singlePhrase,explore-next,phrase,áo mưa bao nhiêu tiền?,audio-authored-ao-mua-bao-nhieu-tien-36075a37f5
P2_planned_audio,viet-family-vpe-price-item-anh-the-bao-nhieu-tien,ảnh thẻ bao nhiêu tiền? / How much is passport photos?,singlePhrase,explore-next,phrase,áo thun bao nhiêu tiền?,audio-authored-ao-thun-bao-nhieu-tien-326b574147
P2_planned_audio,viet-family-vpe-price-item-anh-the-bao-nhieu-tien,ảnh thẻ bao nhiêu tiền? / How much is passport photos?,singlePhrase,explore-next,phrase,ba lô nhỏ bao nhiêu tiền?,audio-authored-ba-lo-nho-bao-nhieu-tien-57d2156396
P2_planned_audio,viet-family-vpe-price-item-anh-the-bao-nhieu-tien,ảnh thẻ bao nhiêu tiền? / How much is passport photos?,singlePhrase,explore-next,phrase,bàn chải đánh răng bao nhiêu tiền?,audio-authored-ban-chai-danh-rang-bao-nhieu-tien-08a4b73463
P2_planned_audio,viet-family-vpe-price-item-ao-mua-bao-nhieu-tien,áo mưa bao nhiêu tiền? / How much is a rain poncho?,singlePhrase,practice-pairs,phrase,lịch trình tour bao nhiêu tiền?,audio-authored-lich-trinh-tour-bao-nhieu-tien-7a724a7ee0
P2_planned_audio,viet-family-vpe-price-item-ao-mua-bao-nhieu-tien,áo mưa bao nhiêu tiền? / How much is a rain poncho?,singlePhrase,practice-pairs,phrase,mũ bảo hiểm bao nhiêu tiền?,audio-authored-mu-bao-hiem-bao-nhieu-tien-1e98fd797c
P2_planned_audio,viet-family-vpe-price-item-ao-mua-bao-nhieu-tien,áo mưa bao nhiêu tiền? / How much is a rain poncho?,singlePhrase,practice-pairs,phrase,vé tàu bao nhiêu tiền?,audio-authored-ve-tau-bao-nhieu-tien-4298a60745
P2_planned_audio,viet-family-vpe-price-item-ao-mua-bao-nhieu-tien,áo mưa bao nhiêu tiền? / How much is a rain poncho?,singlePhrase,explore-next,phrase,vé vào cửa bao nhiêu tiền?,audio-authored-ve-vao-cua-bao-nhieu-tien-37eb4dba95
P2_planned_audio,viet-family-vpe-price-item-ao-mua-bao-nhieu-tien,áo mưa bao nhiêu tiền? / How much is a rain poncho?,singlePhrase,explore-next,phrase,vé xe buýt bao nhiêu tiền?,audio-authored-ve-xe-buyt-bao-nhieu-tien-fab1100dc1
P2_planned_audio,viet-family-vpe-price-item-ao-thun-bao-nhieu-tien,áo thun bao nhiêu tiền? / How much is a T-shirt?,singlePhrase,practice-pairs,phrase,cà phê rang bao nhiêu tiền?,audio-authored-ca-phe-rang-bao-nhieu-tien-4d2ef3c19a
P2_planned_audio,viet-family-vpe-price-item-ao-thun-bao-nhieu-tien,áo thun bao nhiêu tiền? / How much is a T-shirt?,singlePhrase,practice-pairs,phrase,mũ lưỡi trai bao nhiêu tiền?,audio-authored-mu-luoi-trai-bao-nhieu-tien-1e933ca644
P2_planned_audio,viet-family-vpe-price-item-ao-thun-bao-nhieu-tien,áo thun bao nhiêu tiền? / How much is a T-shirt?,singlePhrase,practice-pairs,phrase,nam châm tủ lạnh bao nhiêu tiền?,audio-authored-nam-cham-tu-lanh-bao-nhieu-tien-f668e4e5d5
P2_planned_audio,viet-family-vpe-price-item-ao-thun-bao-nhieu-tien,áo thun bao nhiêu tiền? / How much is a T-shirt?,singlePhrase,explore-next,phrase,quà lưu niệm bao nhiêu tiền?,audio-authored-qua-luu-niem-bao-nhieu-tien-dcf13f19a2
P2_planned_audio,viet-family-vpe-price-item-ao-thun-bao-nhieu-tien,áo thun bao nhiêu tiền? / How much is a T-shirt?,singlePhrase,explore-next,phrase,quần short bao nhiêu tiền?,audio-authored-quan-short-bao-nhieu-tien-2951cca3fa
P2_planned_audio,viet-family-vpe-price-item-ba-lo-nho-bao-nhieu-tien,ba lô nhỏ bao nhiêu tiền? / How much is a small backpack?,singlePhrase,explore-next,phrase,vali nhỏ bao nhiêu tiền?,audio-authored-vali-nho-bao-nhieu-tien-1f7a8f9ddc
P2_planned_audio,viet-family-vpe-price-item-ba-lo-nho-bao-nhieu-tien,ba lô nhỏ bao nhiêu tiền? / How much is a small backpack?,singlePhrase,explore-next,phrase,bàn cho hai người bao nhiêu tiền?,audio-authored-ban-cho-hai-nguoi-bao-nhieu-tien-6bfee30a8e
P2_planned_audio,viet-family-vpe-price-item-ban-chai-danh-rang-bao-nhieu-tien,bàn chải đánh răng bao nhiêu tiền? / How much is a toothbrush?,singlePhrase,practice-pairs,phrase,dầu gội bao nhiêu tiền?,audio-authored-dau-goi-bao-nhieu-tien-f2433df30c
P2_planned_audio,viet-family-vpe-price-item-ban-chai-danh-rang-bao-nhieu-tien,bàn chải đánh răng bao nhiêu tiền? / How much is a toothbrush?,singlePhrase,practice-pairs,phrase,kem đánh răng bao nhiêu tiền?,audio-authored-kem-danh-rang-bao-nhieu-tien-049329b4ba
P2_planned_audio,viet-family-vpe-price-item-ban-chai-danh-rang-bao-nhieu-tien,bàn chải đánh răng bao nhiêu tiền? / How much is a toothbrush?,singlePhrase,explore-next,phrase,nước rửa tay bao nhiêu tiền?,audio-authored-nuoc-rua-tay-bao-nhieu-tien-36def96329
P2_planned_audio,viet-family-vpe-price-item-ban-chai-danh-rang-bao-nhieu-tien,bàn chải đánh răng bao nhiêu tiền? / How much is a toothbrush?,singlePhrase,explore-next,phrase,ô che mưa bao nhiêu tiền?,audio-authored-o-che-mua-bao-nhieu-tien-a8d4337281
P2_planned_audio,viet-family-vpe-price-item-ban-cho-hai-nguoi-bao-nhieu-tien,bàn cho hai người bao nhiêu tiền? / How much is a table for two?,singlePhrase,practice-pairs,phrase,bàn ngoài trời bao nhiêu tiền?,audio-authored-ban-ngoai-troi-bao-nhieu-tien-082d3c4754
P2_planned_audio,viet-family-vpe-price-item-ban-cho-hai-nguoi-bao-nhieu-tien,bàn cho hai người bao nhiêu tiền? / How much is a table for two?,singlePhrase,practice-pairs,phrase,chỗ ngồi yên tĩnh bao nhiêu tiền?,audio-authored-cho-ngoi-yen-tinh-bao-nhieu-tien-148e770849
P2_planned_audio,viet-family-vpe-price-item-ban-cho-hai-nguoi-bao-nhieu-tien,bàn cho hai người bao nhiêu tiền? / How much is a table for two?,singlePhrase,practice-pairs,phrase,đồ uống lạnh bao nhiêu tiền?,audio-authored-do-uong-lanh-bao-nhieu-tien-262be79352
P2_planned_audio,viet-family-vpe-price-item-ban-cho-hai-nguoi-bao-nhieu-tien,bàn cho hai người bao nhiêu tiền? / How much is a table for two?,singlePhrase,explore-next,phrase,đồ uống nóng bao nhiêu tiền?,audio-authored-do-uong-nong-bao-nhieu-tien-e4a36392c7
P2_planned_audio,viet-family-vpe-price-item-ban-cho-hai-nguoi-bao-nhieu-tien,bàn cho hai người bao nhiêu tiền? / How much is a table for two?,singlePhrase,explore-next,phrase,nước điện giải bao nhiêu tiền?,audio-authored-nuoc-dien-giai-bao-nhieu-tien-230d6a962b
P2_planned_audio,viet-family-vpe-price-item-ban-do-giay-bao-nhieu-tien,bản đồ giấy bao nhiêu tiền? / How much is a paper map?,singlePhrase,hero,hero,bản đồ giấy bao nhiêu tiền?,audio-authored-ban-do-giay-bao-nhieu-tien-c33370cb19
P2_planned_audio,viet-family-vpe-price-item-ban-do-giay-bao-nhieu-tien,bản đồ giấy bao nhiêu tiền? / How much is a paper map?,singlePhrase,practice-pairs,phrase,đũa bao nhiêu tiền?,audio-authored-dua-bao-nhieu-tien-cff94109fd
P2_planned_audio,viet-family-vpe-price-item-ban-do-giay-bao-nhieu-tien,bản đồ giấy bao nhiêu tiền? / How much is a paper map?,singlePhrase,practice-pairs,phrase,hóa đơn bao nhiêu tiền?,audio-authored-hoa-don-bao-nhieu-tien-5d6ca8cd5f
P2_planned_audio,viet-family-vpe-price-item-ban-do-giay-bao-nhieu-tien,bản đồ giấy bao nhiêu tiền? / How much is a paper map?,singlePhrase,practice-pairs,phrase,thìa bao nhiêu tiền?,audio-authored-thia-bao-nhieu-tien-913e608144
P2_planned_audio,viet-family-vpe-price-item-ban-do-giay-bao-nhieu-tien,bản đồ giấy bao nhiêu tiền? / How much is a paper map?,singlePhrase,explore-next,phrase,túi giấy bao nhiêu tiền?,audio-authored-tui-giay-bao-nhieu-tien-4ad784556d
P2_planned_audio,viet-family-vpe-price-item-ban-do-giay-bao-nhieu-tien,bản đồ giấy bao nhiêu tiền? / How much is a paper map?,singlePhrase,explore-next,phrase,túi nilon bao nhiêu tiền?,audio-authored-tui-nilon-bao-nhieu-tien-4c53e5766c
P2_planned_audio,viet-family-vpe-price-item-ban-in-den-trang-bao-nhieu-tien,bản in đen trắng bao nhiêu tiền? / How much is a black-and-white print?,singlePhrase,hero,hero,bản in đen trắng bao nhiêu tiền?,audio-authored-ban-in-den-trang-bao-nhieu-tien-2d30ab6a8c
P2_planned_audio,viet-family-vpe-price-item-ban-in-den-trang-bao-nhieu-tien,bản in đen trắng bao nhiêu tiền? / How much is a black-and-white print?,singlePhrase,practice-pairs,phrase,băng keo bao nhiêu tiền?,audio-authored-bang-keo-bao-nhieu-tien-02fa122cdc
P2_planned_audio,viet-family-vpe-price-item-ban-in-den-trang-bao-nhieu-tien,bản in đen trắng bao nhiêu tiền? / How much is a black-and-white print?,singlePhrase,practice-pairs,phrase,bút bi bao nhiêu tiền?,audio-authored-but-bi-bao-nhieu-tien-7a6f2647ab
P2_planned_audio,viet-family-vpe-price-item-ban-in-den-trang-bao-nhieu-tien,bản in đen trắng bao nhiêu tiền? / How much is a black-and-white print?,singlePhrase,practice-pairs,phrase,dao cạo bao nhiêu tiền?,audio-authored-dao-cao-bao-nhieu-tien-41a91c8336
P2_planned_audio,viet-family-vpe-price-item-ban-in-den-trang-bao-nhieu-tien,bản in đen trắng bao nhiêu tiền? / How much is a black-and-white print?,singlePhrase,explore-next,phrase,pin AA bao nhiêu tiền?,audio-authored-pin-aa-bao-nhieu-tien-18d73b472d
P2_planned_audio,viet-family-vpe-price-item-ban-in-den-trang-bao-nhieu-tien,bản in đen trắng bao nhiêu tiền? / How much is a black-and-white print?,singlePhrase,explore-next,phrase,sổ tay bao nhiêu tiền?,audio-authored-so-tay-bao-nhieu-tien-3bd8e15cb2
P2_planned_audio,viet-family-vpe-price-item-ban-in-mau-bao-nhieu-tien,bản in màu bao nhiêu tiền? / How much is a color print?,singlePhrase,hero,hero,bản in màu bao nhiêu tiền?,audio-authored-ban-in-mau-bao-nhieu-tien-d7174864d2
P2_planned_audio,viet-family-vpe-price-item-ban-ngoai-troi-bao-nhieu-tien,bàn ngoài trời bao nhiêu tiền? / How much is an outdoor table?,singlePhrase,explore-next,phrase,thuốc cảm bao nhiêu tiền?,audio-authored-thuoc-cam-bao-nhieu-tien-ea0c782af9
P2_planned_audio,viet-family-vpe-price-item-ban-sao-ho-chieu-bao-nhieu-tien,bản sao hộ chiếu bao nhiêu tiền? / How much is a passport copy?,singlePhrase,hero,hero,bản sao hộ chiếu bao nhiêu tiền?,audio-authored-ban-sao-ho-chieu-bao-nhieu-tien-93736a8aca
P2_planned_audio,viet-family-vpe-price-item-bang-ca-nhan-bao-nhieu-tien,băng cá nhân bao nhiêu tiền? / How much is bandages?,singlePhrase,hero,hero,băng cá nhân bao nhiêu tiền?,audio-authored-bang-ca-nhan-bao-nhieu-tien-4cdb77623b
P2_planned_audio,viet-family-vpe-price-item-bang-ca-nhan-bao-nhieu-tien,băng cá nhân bao nhiêu tiền? / How much is bandages?,singlePhrase,practice-pairs,phrase,dây sạc bao nhiêu tiền?,audio-authored-day-sac-bao-nhieu-tien-a49d9374d0
P2_planned_audio,viet-family-vpe-price-item-bang-ca-nhan-bao-nhieu-tien,băng cá nhân bao nhiêu tiền? / How much is bandages?,singlePhrase,practice-pairs,phrase,khẩu trang bao nhiêu tiền?,audio-authored-khau-trang-bao-nhieu-tien-0aac2618ae
P2_planned_audio,viet-family-vpe-price-item-bang-ca-nhan-bao-nhieu-tien,băng cá nhân bao nhiêu tiền? / How much is bandages?,singlePhrase,practice-pairs,phrase,pin dự phòng bao nhiêu tiền?,audio-authored-pin-du-phong-bao-nhieu-tien-664701ad8b
P2_planned_audio,viet-family-vpe-price-item-bang-ca-nhan-bao-nhieu-tien,băng cá nhân bao nhiêu tiền? / How much is bandages?,singlePhrase,explore-next,phrase,sạc điện thoại bao nhiêu tiền?,audio-authored-sac-dien-thoai-bao-nhieu-tien-ff1d7df8ee
P2_planned_audio,viet-family-vpe-price-item-bang-ca-nhan-bao-nhieu-tien,băng cá nhân bao nhiêu tiền? / How much is bandages?,singlePhrase,explore-next,phrase,thẻ SIM bao nhiêu tiền?,audio-authored-the-sim-bao-nhieu-tien-5de8032448
P2_planned_audio,viet-family-vpe-price-item-bang-keo-bao-nhieu-tien,băng keo bao nhiêu tiền? / How much is tape?,singlePhrase,practice-pairs,phrase,lược bao nhiêu tiền?,audio-authored-luoc-bao-nhieu-tien-0464f0561a
P2_planned_audio,viet-family-vpe-price-item-banh-mi-chay-bao-nhieu-tien,bánh mì chay bao nhiêu tiền? / How much is vegetarian bánh mì?,singlePhrase,hero,hero,bánh mì chay bao nhiêu tiền?,audio-authored-banh-mi-chay-bao-nhieu-tien-cd626d870d
P2_planned_audio,viet-family-vpe-price-item-banh-mi-chay-bao-nhieu-tien,bánh mì chay bao nhiêu tiền? / How much is vegetarian bánh mì?,singlePhrase,practice-pairs,phrase,bánh xèo bao nhiêu tiền?,audio-authored-banh-xeo-bao-nhieu-tien-cf85d0d0ea
P2_planned_audio,viet-family-vpe-price-item-banh-mi-chay-bao-nhieu-tien,bánh mì chay bao nhiêu tiền? / How much is vegetarian bánh mì?,singlePhrase,practice-pairs,phrase,bún chả bao nhiêu tiền?,audio-authored-bun-cha-bao-nhieu-tien-e82de69394
P2_planned_audio,viet-family-vpe-price-item-banh-mi-chay-bao-nhieu-tien,bánh mì chay bao nhiêu tiền? / How much is vegetarian bánh mì?,singlePhrase,practice-pairs,phrase,gỏi cuốn bao nhiêu tiền?,audio-authored-goi-cuon-bao-nhieu-tien-b0f64a346f
P2_planned_audio,viet-family-vpe-price-item-banh-mi-chay-bao-nhieu-tien,bánh mì chay bao nhiêu tiền? / How much is vegetarian bánh mì?,singlePhrase,explore-next,phrase,phở bò bao nhiêu tiền?,audio-authored-pho-bo-bao-nhieu-tien-2e95927508
P2_planned_audio,viet-family-vpe-price-item-banh-mi-chay-bao-nhieu-tien,bánh mì chay bao nhiêu tiền? / How much is vegetarian bánh mì?,singlePhrase,explore-next,phrase,phở gà bao nhiêu tiền?,audio-authored-pho-ga-bao-nhieu-tien-71c75c26dc
P2_planned_audio,viet-family-vpe-price-item-banh-xeo-bao-nhieu-tien,bánh xèo bao nhiêu tiền? / How much is bánh xèo?,singlePhrase,practice-pairs,phrase,hộp mang về bao nhiêu tiền?,audio-authored-hop-mang-ve-bao-nhieu-tien-e0f063f589
P2_planned_audio,viet-family-vpe-price-item-banh-xeo-bao-nhieu-tien,bánh xèo bao nhiêu tiền? / How much is bánh xèo?,singlePhrase,explore-next,phrase,nước chấm bao nhiêu tiền?,audio-authored-nuoc-cham-bao-nhieu-tien-fc14e1893c
P2_planned_audio,viet-family-vpe-price-item-banh-xeo-bao-nhieu-tien,bánh xèo bao nhiêu tiền? / How much is bánh xèo?,singlePhrase,explore-next,phrase,túi mang về bao nhiêu tiền?,audio-authored-tui-mang-ve-bao-nhieu-tien-1eb2472add
P2_planned_audio,viet-family-vpe-price-item-bien-lai-thanh-toan-bao-nhieu-tien,biên lai thanh toán bao nhiêu tiền? / How much is payment receipt?,singlePhrase,hero,hero,biên lai thanh toán bao nhiêu tiền?,audio-authored-bien-lai-thanh-toan-bao-nhieu-tien-04434a6a0d
P2_planned_audio,viet-family-vpe-price-item-bien-lai-thanh-toan-bao-nhieu-tien,biên lai thanh toán bao nhiêu tiền? / How much is payment receipt?,singlePhrase,practice-pairs,phrase,địa chỉ bao nhiêu tiền?,audio-authored-dia-chi-bao-nhieu-tien-314df61447
P2_planned_audio,viet-family-vpe-price-item-bien-lai-thanh-toan-bao-nhieu-tien,biên lai thanh toán bao nhiêu tiền? / How much is payment receipt?,singlePhrase,practice-pairs,phrase,mã QR bao nhiêu tiền?,audio-authored-ma-qr-bao-nhieu-tien-893d8b2255
P2_planned_audio,viet-family-vpe-price-item-bien-lai-thanh-toan-bao-nhieu-tien,biên lai thanh toán bao nhiêu tiền? / How much is payment receipt?,singlePhrase,explore-next,phrase,số điện thoại bao nhiêu tiền?,audio-authored-so-dien-thoai-bao-nhieu-tien-91cc8682f8
P2_planned_audio,viet-family-vpe-price-item-bien-lai-thanh-toan-bao-nhieu-tien,biên lai thanh toán bao nhiêu tiền? / How much is payment receipt?,singlePhrase,explore-next,phrase,tiền lẻ bao nhiêu tiền?,audio-authored-tien-le-bao-nhieu-tien-35cba45412
P2_planned_audio,viet-family-vpe-price-item-but-bi-bao-nhieu-tien,bút bi bao nhiêu tiền? / How much is a pen?,singlePhrase,practice-pairs,phrase,đồ giặt bao nhiêu tiền?,audio-authored-do-giat-bao-nhieu-tien-e6c8ab2178
P2_planned_audio,viet-family-vpe-price-item-ca-phe-den-bao-nhieu-tien,cà phê đen bao nhiêu tiền? / How much is black coffee?,singlePhrase,hero,hero,cà phê đen bao nhiêu tiền?,audio-authored-ca-phe-den-bao-nhieu-tien-082a70cec2
P2_planned_audio,viet-family-vpe-price-item-ca-phe-den-bao-nhieu-tien,cà phê đen bao nhiêu tiền? / How much is black coffee?,singlePhrase,practice-pairs,phrase,cơm trắng bao nhiêu tiền?,audio-authored-com-trang-bao-nhieu-tien-a21dd1f20e
P2_planned_audio,viet-family-vpe-price-item-ca-phe-den-bao-nhieu-tien,cà phê đen bao nhiêu tiền? / How much is black coffee?,singlePhrase,practice-pairs,phrase,nước mắm bao nhiêu tiền?,audio-authored-nuoc-mam-bao-nhieu-tien-d63dce17bb
P2_planned_audio,viet-family-vpe-price-item-ca-phe-den-bao-nhieu-tien,cà phê đen bao nhiêu tiền? / How much is black coffee?,singlePhrase,practice-pairs,phrase,rau sống bao nhiêu tiền?,audio-authored-rau-song-bao-nhieu-tien-834d0c12eb
P2_planned_audio,viet-family-vpe-price-item-ca-phe-den-bao-nhieu-tien,cà phê đen bao nhiêu tiền? / How much is black coffee?,singlePhrase,explore-next,phrase,trà đá bao nhiêu tiền?,audio-authored-tra-da-bao-nhieu-tien-fd1e88f7fe
P2_planned_audio,viet-family-vpe-price-item-ca-phe-den-bao-nhieu-tien,cà phê đen bao nhiêu tiền? / How much is black coffee?,singlePhrase,explore-next,phrase,tương ớt bao nhiêu tiền?,audio-authored-tuong-ot-bao-nhieu-tien-f09f3fe647
P2_planned_audio,viet-family-vpe-price-item-ca-phe-it-duong-bao-nhieu-tien,cà phê ít đường bao nhiêu tiền? / How much is coffee with less sugar?,singlePhrase,hero,hero,cà phê ít đường bao nhiêu tiền?,audio-authored-ca-phe-it-duong-bao-nhieu-tien-9cc962706b
P2_planned_audio,viet-family-vpe-price-item-ca-phe-it-duong-bao-nhieu-tien,cà phê ít đường bao nhiêu tiền? / How much is coffee with less sugar?,singlePhrase,practice-pairs,phrase,món ít cay bao nhiêu tiền?,audio-authored-mon-it-cay-bao-nhieu-tien-e8df00ec22
P2_planned_audio,viet-family-vpe-price-item-ca-phe-it-duong-bao-nhieu-tien,cà phê ít đường bao nhiêu tiền? / How much is coffee with less sugar?,singlePhrase,practice-pairs,phrase,món không cay bao nhiêu tiền?,audio-authored-mon-khong-cay-bao-nhieu-tien-7351f48844
P2_planned_audio,viet-family-vpe-price-item-ca-phe-it-duong-bao-nhieu-tien,cà phê ít đường bao nhiêu tiền? / How much is coffee with less sugar?,singlePhrase,practice-pairs,phrase,nước dừa bao nhiêu tiền?,audio-authored-nuoc-dua-bao-nhieu-tien-75f49bd4a0
P2_planned_audio,viet-family-vpe-price-item-ca-phe-it-duong-bao-nhieu-tien,cà phê ít đường bao nhiêu tiền? / How much is coffee with less sugar?,singlePhrase,explore-next,phrase,sữa đặc bao nhiêu tiền?,audio-authored-sua-dac-bao-nhieu-tien-8ca355e44f
P2_planned_audio,viet-family-vpe-price-item-ca-phe-it-duong-bao-nhieu-tien,cà phê ít đường bao nhiêu tiền? / How much is coffee with less sugar?,singlePhrase,explore-next,phrase,sữa tươi bao nhiêu tiền?,audio-authored-sua-tuoi-bao-nhieu-tien-954c84ad64
P2_planned_audio,viet-family-vpe-price-item-ca-phe-rang-bao-nhieu-tien,cà phê rang bao nhiêu tiền? / How much is roasted coffee?,singlePhrase,practice-pairs,phrase,nước hoa khô bao nhiêu tiền?,audio-authored-nuoc-hoa-kho-bao-nhieu-tien-b3422b5870
P2_planned_audio,viet-family-vpe-price-item-ca-phe-rang-bao-nhieu-tien,cà phê rang bao nhiêu tiền? / How much is roasted coffee?,singlePhrase,practice-pairs,phrase,sô cô la Việt Nam bao nhiêu tiền?,audio-authored-so-co-la-viet-nam-bao-nhieu-tien-f1b5f92ed4
P2_planned_audio,viet-family-vpe-price-item-ca-phe-rang-bao-nhieu-tien,cà phê rang bao nhiêu tiền? / How much is roasted coffee?,singlePhrase,practice-pairs,phrase,tem thư bao nhiêu tiền?,audio-authored-tem-thu-bao-nhieu-tien-139db3f7d7
P2_planned_audio,viet-family-vpe-price-item-ca-phe-rang-bao-nhieu-tien,cà phê rang bao nhiêu tiền? / How much is roasted coffee?,singlePhrase,explore-next,phrase,thiệp bưu điện bao nhiêu tiền?,audio-authored-thiep-buu-dien-bao-nhieu-tien-17fffaaf75
P2_planned_audio,viet-family-vpe-price-item-ca-phe-rang-bao-nhieu-tien,cà phê rang bao nhiêu tiền? / How much is roasted coffee?,singlePhrase,explore-next,phrase,trà sen bao nhiêu tiền?,audio-authored-tra-sen-bao-nhieu-tien-171a38bb05
P2_planned_audio,viet-family-vpe-price-item-ca-phe-sua-da-bao-nhieu-tien,cà phê sữa đá bao nhiêu tiền? / How much is iced milk coffee?,singlePhrase,hero,hero,cà phê sữa đá bao nhiêu tiền?,audio-authored-ca-phe-sua-da-bao-nhieu-tien-7cad58c2e5
P2_planned_audio,viet-family-vpe-price-item-chia-khoa-phong-bao-nhieu-tien,chìa khóa phòng bao nhiêu tiền? / How much is the room key?,singlePhrase,hero,hero,chìa khóa phòng bao nhiêu tiền?,audio-authored-chia-khoa-phong-bao-nhieu-tien-18a9b9c9c9
P2_planned_audio,viet-family-vpe-price-item-chia-khoa-phong-bao-nhieu-tien,chìa khóa phòng bao nhiêu tiền? / How much is the room key?,singlePhrase,explore-next,phrase,máy sấy tóc bao nhiêu tiền?,audio-authored-may-say-toc-bao-nhieu-tien-f828d0235a
P2_planned_audio,viet-family-vpe-price-item-cho-ngoi-yen-tinh-bao-nhieu-tien,chỗ ngồi yên tĩnh bao nhiêu tiền? / How much is a quiet seat?,singlePhrase,explore-next,phrase,thuốc dị ứng bao nhiêu tiền?,audio-authored-thuoc-di-ung-bao-nhieu-tien-d308881d5b
P2_planned_audio,viet-family-vpe-price-item-coc-giay-bao-nhieu-tien,cốc giấy bao nhiêu tiền? / How much is a paper cup?,singlePhrase,hero,hero,cốc giấy bao nhiêu tiền?,audio-authored-coc-giay-bao-nhieu-tien-450396c36c
P2_planned_audio,viet-family-vpe-price-item-coc-giay-bao-nhieu-tien,cốc giấy bao nhiêu tiền? / How much is a paper cup?,singlePhrase,practice-pairs,phrase,khăn lạnh bao nhiêu tiền?,audio-authored-khan-lanh-bao-nhieu-tien-9e27d1332d
P2_planned_audio,viet-family-vpe-price-item-coc-giay-bao-nhieu-tien,cốc giấy bao nhiêu tiền? / How much is a paper cup?,singlePhrase,practice-pairs,phrase,nước không đường bao nhiêu tiền?,audio-authored-nuoc-khong-duong-bao-nhieu-tien-36d697e083
P2_planned_audio,viet-family-vpe-price-item-coc-giay-bao-nhieu-tien,cốc giấy bao nhiêu tiền? / How much is a paper cup?,singlePhrase,practice-pairs,phrase,nước lọc bao nhiêu tiền?,audio-authored-nuoc-loc-bao-nhieu-tien-db65cbddaa
P2_planned_audio,viet-family-vpe-price-item-coc-giay-bao-nhieu-tien,cốc giấy bao nhiêu tiền? / How much is a paper cup?,singlePhrase,explore-next,phrase,nước nóng bao nhiêu tiền?,audio-authored-nuoc-nong-bao-nhieu-tien-052c1d0ecd
P2_planned_audio,viet-family-vpe-price-item-coc-giay-bao-nhieu-tien,cốc giấy bao nhiêu tiền? / How much is a paper cup?,singlePhrase,explore-next,phrase,nước suối bao nhiêu tiền?,audio-authored-nuoc-suoi-bao-nhieu-tien-a0f5bfc24b
P2_planned_audio,viet-family-vpe-price-item-com-trang-bao-nhieu-tien,cơm trắng bao nhiêu tiền? / How much is plain rice?,singlePhrase,practice-pairs,phrase,đồ chay bao nhiêu tiền?,audio-authored-do-chay-bao-nhieu-tien-29a8f75452
P2_planned_audio,viet-family-vpe-price-item-com-trang-bao-nhieu-tien,cơm trắng bao nhiêu tiền? / How much is plain rice?,singlePhrase,explore-next,phrase,vé một chiều bao nhiêu tiền?,audio-authored-ve-mot-chieu-bao-nhieu-tien-c41b34f280
P2_planned_audio,viet-family-vpe-price-item-da-bao-nhieu-tien,đá bao nhiêu tiền? / How much is ice?,singlePhrase,hero,hero,đá bao nhiêu tiền?,audio-authored-da-bao-nhieu-tien-732fbdfdc4
P2_planned_audio,viet-family-vpe-price-item-da-bao-nhieu-tien,đá bao nhiêu tiền? / How much is ice?,singlePhrase,practice-pairs,phrase,giấy vệ sinh bao nhiêu tiền?,audio-authored-giay-ve-sinh-bao-nhieu-tien-15e98eb5a9
P2_planned_audio,viet-family-vpe-price-item-da-bao-nhieu-tien,đá bao nhiêu tiền? / How much is ice?,singlePhrase,practice-pairs,phrase,kem chống nắng bao nhiêu tiền?,audio-authored-kem-chong-nang-bao-nhieu-tien-e579fd0677
P2_planned_audio,viet-family-vpe-price-item-da-bao-nhieu-tien,đá bao nhiêu tiền? / How much is ice?,singlePhrase,practice-pairs,phrase,khăn giấy bao nhiêu tiền?,audio-authored-khan-giay-bao-nhieu-tien-2256aedc7e
P2_planned_audio,viet-family-vpe-price-item-da-bao-nhieu-tien,đá bao nhiêu tiền? / How much is ice?,singlePhrase,explore-next,phrase,thuốc đau đầu bao nhiêu tiền?,audio-authored-thuoc-dau-dau-bao-nhieu-tien-4f7b1d4d13
P2_planned_audio,viet-family-vpe-price-item-da-bao-nhieu-tien,đá bao nhiêu tiền? / How much is ice?,singlePhrase,explore-next,phrase,xà phòng bao nhiêu tiền?,audio-authored-xa-phong-bao-nhieu-tien-016919210f
P2_planned_audio,viet-family-vpe-price-item-dao-cao-bao-nhieu-tien,dao cạo bao nhiêu tiền? / How much is a razor?,singlePhrase,practice-pairs,phrase,dịch vụ giặt nhanh bao nhiêu tiền?,audio-authored-dich-vu-giat-nhanh-bao-nhieu-tien-d0ee9226b9
P2_planned_audio,viet-family-vpe-price-item-dao-cao-bao-nhieu-tien,dao cạo bao nhiêu tiền? / How much is a razor?,singlePhrase,explore-next,phrase,nước uống đóng chai bao nhiêu tiền?,audio-authored-nuoc-uong-dong-chai-bao-nhieu-tien-5d3adeb548
P2_planned_audio,viet-family-vpe-price-item-day-sac-bao-nhieu-tien,dây sạc bao nhiêu tiền? / How much is a charging cable?,singlePhrase,practice-pairs,phrase,gói data bao nhiêu tiền?,audio-authored-goi-data-bao-nhieu-tien-99bce16ac1
P2_planned_audio,viet-family-vpe-price-item-day-sac-bao-nhieu-tien,dây sạc bao nhiêu tiền? / How much is a charging cable?,singlePhrase,practice-pairs,phrase,mật khẩu Wi-Fi bao nhiêu tiền?,audio-authored-mat-khau-wi-fi-bao-nhieu-tien-ba13934256
P2_planned_audio,viet-family-vpe-price-item-day-sac-bao-nhieu-tien,dây sạc bao nhiêu tiền? / How much is a charging cable?,singlePhrase,explore-next,phrase,Wi-Fi bao nhiêu tiền?,audio-authored-wi-fi-bao-nhieu-tien-767266b2ea
P2_planned_audio,viet-family-vpe-price-item-dep-le-bao-nhieu-tien,dép lê bao nhiêu tiền? / How much is flip-flops?,singlePhrase,hero,hero,dép lê bao nhiêu tiền?,audio-authored-dep-le-bao-nhieu-tien-2a2ad86587
P2_planned_audio,viet-family-vpe-price-item-do-chay-bao-nhieu-tien,đồ chay bao nhiêu tiền? / How much is vegetarian food?,singlePhrase,practice-pairs,phrase,phòng đơn bao nhiêu tiền?,audio-authored-phong-don-bao-nhieu-tien-0544195112
P2_planned_audio,viet-family-vpe-price-item-do-chay-bao-nhieu-tien,đồ chay bao nhiêu tiền? / How much is vegetarian food?,singlePhrase,practice-pairs,phrase,vé khứ hồi bao nhiêu tiền?,audio-authored-ve-khu-hoi-bao-nhieu-tien-44a88ce1b6
P2_planned_audio,viet-family-vpe-price-item-do-chay-bao-nhieu-tien,đồ chay bao nhiêu tiền? / How much is vegetarian food?,singlePhrase,explore-next,phrase,vé người lớn bao nhiêu tiền?,audio-authored-ve-nguoi-lon-bao-nhieu-tien-f71d78660a
P2_planned_audio,viet-family-vpe-price-item-do-chay-bao-nhieu-tien,đồ chay bao nhiêu tiền? / How much is vegetarian food?,singlePhrase,explore-next,phrase,vé trẻ em bao nhiêu tiền?,audio-authored-ve-tre-em-bao-nhieu-tien-c45bbe2613
P2_planned_audio,viet-family-vpe-price-item-do-uong-lanh-bao-nhieu-tien,đồ uống lạnh bao nhiêu tiền? / How much is a cold drink?,singlePhrase,practice-pairs,phrase,kem chống muỗi bao nhiêu tiền?,audio-authored-kem-chong-muoi-bao-nhieu-tien-34308c5f77
P2_planned_audio,viet-family-vpe-price-item-do-uong-nong-bao-nhieu-tien,đồ uống nóng bao nhiêu tiền? / How much is a hot drink?,singlePhrase,practice-pairs,phrase,nhiệt kế bao nhiêu tiền?,audio-authored-nhiet-ke-bao-nhieu-tien-3f4fbfe1b4
P2_planned_audio,viet-family-vpe-price-item-dua-bao-nhieu-tien,đũa bao nhiêu tiền? / How much is chopsticks?,singlePhrase,practice-pairs,phrase,ống hút bao nhiêu tiền?,audio-authored-ong-hut-bao-nhieu-tien-01ccbb2da7
P2_planned_audio,viet-family-vpe-price-item-dua-bao-nhieu-tien,đũa bao nhiêu tiền? / How much is chopsticks?,singlePhrase,explore-next,phrase,thực đơn tiếng Anh bao nhiêu tiền?,audio-authored-thuc-don-tieng-anh-bao-nhieu-tien-2a3eee4a0e
P2_planned_audio,viet-family-vpe-price-item-esim-bao-nhieu-tien,eSIM bao nhiêu tiền? / How much is an eSIM?,singlePhrase,hero,hero,eSIM bao nhiêu tiền?,audio-authored-esim-bao-nhieu-tien-ab3d802b54
P2_planned_audio,viet-family-vpe-price-item-esim-bao-nhieu-tien,eSIM bao nhiêu tiền? / How much is an eSIM?,singlePhrase,practice-pairs,phrase,kính râm bao nhiêu tiền?,audio-authored-kinh-ram-bao-nhieu-tien-48f78ecfc7
P2_planned_audio,viet-family-vpe-price-item-esim-bao-nhieu-tien,eSIM bao nhiêu tiền? / How much is an eSIM?,singlePhrase,practice-pairs,phrase,ổ cắm chuyển đổi bao nhiêu tiền?,audio-authored-o-cam-chuyen-doi-bao-nhieu-tien-9846b993ec
P2_planned_audio,viet-family-vpe-price-item-esim-bao-nhieu-tien,eSIM bao nhiêu tiền? / How much is an eSIM?,singlePhrase,explore-next,phrase,ốp điện thoại bao nhiêu tiền?,audio-authored-op-dien-thoai-bao-nhieu-tien-d0d38441ca
P2_planned_audio,viet-family-vpe-price-item-esim-bao-nhieu-tien,eSIM bao nhiêu tiền? / How much is an eSIM?,singlePhrase,explore-next,phrase,tai nghe bao nhiêu tiền?,audio-authored-tai-nghe-bao-nhieu-tien-32ffbbc4b8
P2_planned_audio,viet-family-vpe-price-item-giay-ve-sinh-bao-nhieu-tien,giấy vệ sinh bao nhiêu tiền? / How much is toilet paper?,singlePhrase,practice-pairs,phrase,thuốc đau bụng bao nhiêu tiền?,audio-authored-thuoc-dau-bung-bao-nhieu-tien-fb901f7f7a
P2_planned_audio,viet-family-vpe-price-item-giay-ve-sinh-bao-nhieu-tien,giấy vệ sinh bao nhiêu tiền? / How much is toilet paper?,singlePhrase,explore-next,phrase,thuốc say xe bao nhiêu tiền?,audio-authored-thuoc-say-xe-bao-nhieu-tien-5db567910f
P2_planned_audio,viet-family-vpe-price-item-kem-chong-muoi-bao-nhieu-tien,kem chống muỗi bao nhiêu tiền? / How much is mosquito repellent?,singlePhrase,practice-pairs,phrase,men tiêu hóa bao nhiêu tiền?,audio-authored-men-tieu-hoa-bao-nhieu-tien-b268f9905b
P2_planned_audio,viet-family-vpe-price-item-kem-chong-muoi-bao-nhieu-tien,kem chống muỗi bao nhiêu tiền? / How much is mosquito repellent?,singlePhrase,practice-pairs,phrase,nước muối sinh lý bao nhiêu tiền?,audio-authored-nuoc-muoi-sinh-ly-bao-nhieu-tien-3e8980741f
P2_planned_audio,viet-family-vpe-price-item-kem-chong-muoi-bao-nhieu-tien,kem chống muỗi bao nhiêu tiền? / How much is mosquito repellent?,singlePhrase,explore-next,phrase,thuốc ho bao nhiêu tiền?,audio-authored-thuoc-ho-bao-nhieu-tien-e07e3badfd
P2_planned_audio,viet-family-vpe-price-item-kem-chong-muoi-bao-nhieu-tien,kem chống muỗi bao nhiêu tiền? / How much is mosquito repellent?,singlePhrase,explore-next,phrase,thuốc nhỏ mắt bao nhiêu tiền?,audio-authored-thuoc-nho-mat-bao-nhieu-tien-c1411bd9f6
P2_planned_audio,viet-family-vpe-price-item-khan-tam-bao-nhieu-tien,khăn tắm bao nhiêu tiền? / How much is a bath towel?,singlePhrase,hero,hero,khăn tắm bao nhiêu tiền?,audio-authored-khan-tam-bao-nhieu-tien-7958431c98
P2_planned_audio,viet-family-vpe-price-item-lich-trinh-tour-bao-nhieu-tien,lịch trình tour bao nhiêu tiền? / How much is the tour schedule?,singlePhrase,practice-pairs,phrase,vé phà bao nhiêu tiền?,audio-authored-ve-pha-bao-nhieu-tien-9ef4cee56a
P2_planned_audio,viet-family-vpe-price-item-men-tieu-hoa-bao-nhieu-tien,men tiêu hóa bao nhiêu tiền? / How much is digestive probiotics?,singlePhrase,practice-pairs,phrase,miếng dán hạ sốt bao nhiêu tiền?,audio-authored-mieng-dan-ha-sot-bao-nhieu-tien-aa9f4a605c
P2_planned_audio,viet-family-vpe-price-item-men-tieu-hoa-bao-nhieu-tien,men tiêu hóa bao nhiêu tiền? / How much is digestive probiotics?,singlePhrase,explore-next,phrase,sim du lịch bao nhiêu tiền?,audio-authored-sim-du-lich-bao-nhieu-tien-9739d2c010
P2_planned_audio,viet-family-vpe-price-item-mon-it-cay-bao-nhieu-tien,món ít cay bao nhiêu tiền? / How much is a less spicy dish?,singlePhrase,practice-pairs,phrase,sinh tố xoài bao nhiêu tiền?,audio-authored-sinh-to-xoai-bao-nhieu-tien-b5ed73d971
P2_planned_audio,viet-family-vpe-price-item-nuoc-hoa-kho-bao-nhieu-tien,nước hoa khô bao nhiêu tiền? / How much is solid perfume?,singlePhrase,practice-pairs,phrase,phong bì bao nhiêu tiền?,audio-authored-phong-bi-bao-nhieu-tien-0cda7ff039
P2_planned_audio,viet-family-vpe-price-item-phong-doi-bao-nhieu-tien,phòng đôi bao nhiêu tiền? / How much is a double room?,singlePhrase,hero,hero,phòng đôi bao nhiêu tiền?,audio-authored-phong-doi-bao-nhieu-tien-64e4001462
P2_planned_audio,viet-family-vpe-pronoun-help-anh-giup-toi-chi-duong-duoc-khong,Anh giúp tôi chỉ đường được không? / Can you show me the way?,singlePhrase,hero,hero,Anh giúp tôi chỉ đường được không?,audio-authored-anh-giup-toi-chi-duong-duoc-khong-f1481379cb
P2_planned_audio,viet-family-vpe-pronoun-help-anh-giup-toi-chi-duong-duoc-khong,Anh giúp tôi chỉ đường được không? / Can you show me the way?,singlePhrase,practice-pairs,phrase,Anh chụp ảnh giúp tôi được không?,audio-authored-anh-chup-anh-giup-toi-duoc-khong-6b1041be22
P2_planned_audio,viet-family-vpe-pronoun-help-anh-giup-toi-chi-duong-duoc-khong,Anh giúp tôi chỉ đường được không? / Can you show me the way?,singlePhrase,practice-pairs,phrase,Anh giúp tôi đọc số này được không?,audio-authored-anh-giup-toi-doc-so-nay-duoc-khong-2cf83d62d4
P2_planned_audio,viet-family-vpe-pronoun-help-anh-giup-toi-chi-duong-duoc-khong,Anh giúp tôi chỉ đường được không? / Can you show me the way?,singlePhrase,practice-pairs,phrase,Anh giúp tôi gọi số này được không?,audio-authored-anh-giup-toi-goi-so-nay-duoc-khong-9ce79469a2
P2_planned_audio,viet-family-vpe-pronoun-help-anh-giup-toi-chi-duong-duoc-khong,Anh giúp tôi chỉ đường được không? / Can you show me the way?,singlePhrase,explore-next,phrase,Anh giúp tôi nhập mã này được không?,audio-authored-anh-giup-toi-nhap-ma-nay-duoc-khong-eea89038ab
P2_planned_audio,viet-family-vpe-pronoun-help-anh-giup-toi-chi-duong-duoc-khong,Anh giúp tôi chỉ đường được không? / Can you show me the way?,singlePhrase,explore-next,phrase,Anh giúp tôi viết địa chỉ được không?,audio-authored-anh-giup-toi-viet-dia-chi-duoc-khong-1801c56b6f
P2_planned_audio,viet-family-vpe-pronoun-help-anh-giup-toi-chi-duong-duoc-khong,Anh giúp tôi chỉ đường được không? / Can you show me the way?,singlePhrase,explore-next,phrase,Anh giúp tôi đổi phòng được không?,audio-authored-anh-giup-toi-doi-phong-duoc-khong-f330fb53cb
P2_planned_audio,viet-family-vpe-pronoun-help-anh-giup-toi-chi-duong-duoc-khong,Anh giúp tôi chỉ đường được không? / Can you show me the way?,singlePhrase,explore-next,phrase,Anh giúp tôi đổi tiền được không?,audio-authored-anh-giup-toi-doi-tien-duoc-khong-e77720b3f6
P2_planned_audio,viet-family-vpe-pronoun-help-anh-giup-toi-chi-duong-duoc-khong,Anh giúp tôi chỉ đường được không? / Can you show me the way?,singlePhrase,explore-next,phrase,Anh giúp tôi gọi taxi được không?,audio-authored-anh-giup-toi-goi-taxi-duoc-khong-3132e506a3
P2_planned_audio,viet-family-vpe-pronoun-help-anh-giup-toi-chi-duong-duoc-khong,Anh giúp tôi chỉ đường được không? / Can you show me the way?,singlePhrase,explore-next,phrase,Anh giúp tôi gọi xe công nghệ được không?,audio-authored-anh-giup-toi-goi-xe-cong-nghe-duoc-khong-579b27afa2
P2_planned_audio,viet-family-vpe-pronoun-help-anh-giup-toi-chup-anh-giup-toi-duoc-khong,Anh chụp ảnh giúp tôi được không? / Can you take a photo for me?,singlePhrase,practice-pairs,phrase,Anh giúp tôi in vé này được không?,audio-authored-anh-giup-toi-in-ve-nay-duoc-khong-b7d3caee36
P2_planned_audio,viet-family-vpe-pronoun-help-anh-giup-toi-chup-anh-giup-toi-duoc-khong,Anh chụp ảnh giúp tôi được không? / Can you take a photo for me?,singlePhrase,practice-pairs,phrase,Anh giúp tôi kiểm tra đặt phòng được không?,audio-authored-anh-giup-toi-kiem-tra-dat-phong-duoc-khong-fc873eb5de
P2_planned_audio,viet-family-vpe-pronoun-help-anh-giup-toi-chup-anh-giup-toi-duoc-khong,Anh chụp ảnh giúp tôi được không? / Can you take a photo for me?,singlePhrase,explore-next,phrase,Anh giúp tôi kiểm tra vé được không?,audio-authored-anh-giup-toi-kiem-tra-ve-duoc-khong-69bb4c17f6
P2_planned_audio,viet-family-vpe-pronoun-help-anh-giup-toi-chup-anh-giup-toi-duoc-khong,Anh chụp ảnh giúp tôi được không? / Can you take a photo for me?,singlePhrase,explore-next,phrase,Anh giúp tôi scan mã QR được không?,audio-authored-anh-giup-toi-scan-ma-qr-duoc-khong-6c37b363bd
P2_planned_audio,viet-family-vpe-pronoun-help-anh-giup-toi-doi-tien-duoc-khong,Anh giúp tôi đổi tiền được không? / Can you help me exchange money?,singlePhrase,explore-next,phrase,Anh giúp tôi tìm hành lý được không?,audio-authored-anh-giup-toi-tim-hanh-ly-duoc-khong-a2b8ff1fd0
P2_planned_audio,viet-family-vpe-pronoun-help-anh-giup-toi-in-ve-nay-duoc-khong,Anh giúp tôi in vé này được không? / Can you help me print this ticket?,singlePhrase,practice-pairs,phrase,Anh giúp tôi mở cửa phòng được không?,audio-authored-anh-giup-toi-mo-cua-phong-duoc-khong-8ce16a5ea9
P2_planned_audio,viet-family-vpe-pronoun-help-chi-giup-toi-chi-duong-duoc-khong,Chị giúp tôi chỉ đường được không? / Can you show me the way?,singlePhrase,practice-pairs,phrase,Chị chụp ảnh giúp tôi được không?,audio-authored-chi-chup-anh-giup-toi-duoc-khong-b84be8675b
P2_planned_audio,viet-family-vpe-pronoun-help-chi-giup-toi-chi-duong-duoc-khong,Chị giúp tôi chỉ đường được không? / Can you show me the way?,singlePhrase,practice-pairs,phrase,Chị giúp tôi gọi số này được không?,audio-authored-chi-giup-toi-goi-so-nay-duoc-khong-da0744d830
P2_planned_audio,viet-family-vpe-pronoun-help-chi-giup-toi-chi-duong-duoc-khong,Chị giúp tôi chỉ đường được không? / Can you show me the way?,singlePhrase,explore-next,phrase,Chị giúp tôi nhập mã này được không?,audio-authored-chi-giup-toi-nhap-ma-nay-duoc-khong-c586cbad19
P2_planned_audio,viet-family-vpe-pronoun-help-chi-giup-toi-chup-anh-giup-toi-duoc-khong,Chị chụp ảnh giúp tôi được không? / Can you take a photo for me?,singlePhrase,practice-pairs,phrase,Chị giúp tôi đổi tiền được không?,audio-authored-chi-giup-toi-doi-tien-duoc-khong-5ffb1d8c19
P2_planned_audio,viet-family-vpe-pronoun-help-chi-giup-toi-chup-anh-giup-toi-duoc-khong,Chị chụp ảnh giúp tôi được không? / Can you take a photo for me?,singlePhrase,practice-pairs,phrase,Chị giúp tôi in vé này được không?,audio-authored-chi-giup-toi-in-ve-nay-duoc-khong-36a485da8a
P2_planned_audio,viet-family-vpe-pronoun-help-chi-giup-toi-chup-anh-giup-toi-duoc-khong,Chị chụp ảnh giúp tôi được không? / Can you take a photo for me?,singlePhrase,practice-pairs,phrase,Chị giúp tôi kiểm tra đặt phòng được không?,audio-authored-chi-giup-toi-kiem-tra-dat-phong-duoc-khong-4fa2f72940
P2_planned_audio,viet-family-vpe-pronoun-help-chi-giup-toi-chup-anh-giup-toi-duoc-khong,Chị chụp ảnh giúp tôi được không? / Can you take a photo for me?,singlePhrase,explore-next,phrase,Chị giúp tôi kiểm tra vé được không?,audio-authored-chi-giup-toi-kiem-tra-ve-duoc-khong-d8e32e49b9
P2_planned_audio,viet-family-vpe-pronoun-help-chi-giup-toi-chup-anh-giup-toi-duoc-khong,Chị chụp ảnh giúp tôi được không? / Can you take a photo for me?,singlePhrase,explore-next,phrase,Chị giúp tôi scan mã QR được không?,audio-authored-chi-giup-toi-scan-ma-qr-duoc-khong-ecdffa110f
P2_planned_audio,viet-family-vpe-pronoun-help-chi-giup-toi-doi-tien-duoc-khong,Chị giúp tôi đổi tiền được không? / Can you help me exchange money?,singlePhrase,explore-next,phrase,Chị giúp tôi tìm hành lý được không?,audio-authored-chi-giup-toi-tim-hanh-ly-duoc-khong-93737a9b31
P2_planned_audio,viet-family-vpe-pronoun-help-chi-giup-toi-in-ve-nay-duoc-khong,Chị giúp tôi in vé này được không? / Can you help me print this ticket?,singlePhrase,practice-pairs,phrase,Chị giúp tôi mở cửa phòng được không?,audio-authored-chi-giup-toi-mo-cua-phong-duoc-khong-e73d5f48d9
P2_planned_audio,viet-family-vpe-pronoun-help-chu-giup-toi-chi-duong-duoc-khong,Chú giúp tôi chỉ đường được không? / Can you show me the way?,singlePhrase,hero,hero,Chú giúp tôi chỉ đường được không?,audio-authored-chu-giup-toi-chi-duong-duoc-khong-5665c7fd89
P2_planned_audio,viet-family-vpe-pronoun-help-chu-giup-toi-chi-duong-duoc-khong,Chú giúp tôi chỉ đường được không? / Can you show me the way?,singlePhrase,practice-pairs,phrase,Chú chụp ảnh giúp tôi được không?,audio-authored-chu-chup-anh-giup-toi-duoc-khong-ff298ecfdd
P2_planned_audio,viet-family-vpe-pronoun-help-chu-giup-toi-chi-duong-duoc-khong,Chú giúp tôi chỉ đường được không? / Can you show me the way?,singlePhrase,practice-pairs,phrase,Chú giúp tôi đọc số này được không?,audio-authored-chu-giup-toi-doc-so-nay-duoc-khong-0969bf85f9
P2_planned_audio,viet-family-vpe-pronoun-help-chu-giup-toi-chi-duong-duoc-khong,Chú giúp tôi chỉ đường được không? / Can you show me the way?,singlePhrase,practice-pairs,phrase,Chú giúp tôi gọi số này được không?,audio-authored-chu-giup-toi-goi-so-nay-duoc-khong-8c7c5d390a
P2_planned_audio,viet-family-vpe-pronoun-help-chu-giup-toi-chi-duong-duoc-khong,Chú giúp tôi chỉ đường được không? / Can you show me the way?,singlePhrase,explore-next,phrase,Chú giúp tôi nhập mã này được không?,audio-authored-chu-giup-toi-nhap-ma-nay-duoc-khong-582f526554
P2_planned_audio,viet-family-vpe-pronoun-help-chu-giup-toi-chi-duong-duoc-khong,Chú giúp tôi chỉ đường được không? / Can you show me the way?,singlePhrase,explore-next,phrase,Chú giúp tôi viết địa chỉ được không?,audio-authored-chu-giup-toi-viet-dia-chi-duoc-khong-2226bf5b8f
P2_planned_audio,viet-family-vpe-pronoun-help-chu-giup-toi-chup-anh-giup-toi-duoc-khong,Chú chụp ảnh giúp tôi được không? / Can you take a photo for me?,singlePhrase,practice-pairs,phrase,Chú giúp tôi đổi tiền được không?,audio-authored-chu-giup-toi-doi-tien-duoc-khong-2d2a135532
P2_planned_audio,viet-family-vpe-pronoun-help-chu-giup-toi-chup-anh-giup-toi-duoc-khong,Chú chụp ảnh giúp tôi được không? / Can you take a photo for me?,singlePhrase,practice-pairs,phrase,Chú giúp tôi in vé này được không?,audio-authored-chu-giup-toi-in-ve-nay-duoc-khong-bebaf15d6a
P2_planned_audio,viet-family-vpe-pronoun-help-chu-giup-toi-chup-anh-giup-toi-duoc-khong,Chú chụp ảnh giúp tôi được không? / Can you take a photo for me?,singlePhrase,practice-pairs,phrase,Chú giúp tôi kiểm tra đặt phòng được không?,audio-authored-chu-giup-toi-kiem-tra-dat-phong-duoc-khong-b886db24bd
P2_planned_audio,viet-family-vpe-pronoun-help-chu-giup-toi-chup-anh-giup-toi-duoc-khong,Chú chụp ảnh giúp tôi được không? / Can you take a photo for me?,singlePhrase,explore-next,phrase,Chú giúp tôi kiểm tra vé được không?,audio-authored-chu-giup-toi-kiem-tra-ve-duoc-khong-253fa2ffb3
P2_planned_audio,viet-family-vpe-pronoun-help-chu-giup-toi-chup-anh-giup-toi-duoc-khong,Chú chụp ảnh giúp tôi được không? / Can you take a photo for me?,singlePhrase,explore-next,phrase,Chú giúp tôi scan mã QR được không?,audio-authored-chu-giup-toi-scan-ma-qr-duoc-khong-f59903e5df
P2_planned_audio,viet-family-vpe-pronoun-help-chu-giup-toi-doi-tien-duoc-khong,Chú giúp tôi đổi tiền được không? / Can you help me exchange money?,singlePhrase,explore-next,phrase,Chú giúp tôi tìm hành lý được không?,audio-authored-chu-giup-toi-tim-hanh-ly-duoc-khong-4cbda8c846
P2_planned_audio,viet-family-vpe-pronoun-help-chu-giup-toi-in-ve-nay-duoc-khong,Chú giúp tôi in vé này được không? / Can you help me print this ticket?,singlePhrase,practice-pairs,phrase,Chú giúp tôi mở cửa phòng được không?,audio-authored-chu-giup-toi-mo-cua-phong-duoc-khong-15db9bc67b
P2_planned_audio,viet-family-vpe-pronoun-help-co-giup-toi-chi-duong-duoc-khong,Cô giúp tôi chỉ đường được không? / Can you show me the way?,singlePhrase,practice-pairs,phrase,Cô chụp ảnh giúp tôi được không?,audio-authored-co-chup-anh-giup-toi-duoc-khong-d219e8c809
P2_planned_audio,viet-family-vpe-pronoun-help-co-giup-toi-chi-duong-duoc-khong,Cô giúp tôi chỉ đường được không? / Can you show me the way?,singlePhrase,practice-pairs,phrase,Cô giúp tôi gọi số này được không?,audio-authored-co-giup-toi-goi-so-nay-duoc-khong-40abaae990
P2_planned_audio,viet-family-vpe-pronoun-help-co-giup-toi-chi-duong-duoc-khong,Cô giúp tôi chỉ đường được không? / Can you show me the way?,singlePhrase,explore-next,phrase,Cô giúp tôi nhập mã này được không?,audio-authored-co-giup-toi-nhap-ma-nay-duoc-khong-6669c303bb
P2_planned_audio,viet-family-vpe-pronoun-help-co-giup-toi-chup-anh-giup-toi-duoc-khong,Cô chụp ảnh giúp tôi được không? / Can you take a photo for me?,singlePhrase,practice-pairs,phrase,Cô giúp tôi đổi tiền được không?,audio-authored-co-giup-toi-doi-tien-duoc-khong-fd806a378c
P2_planned_audio,viet-family-vpe-pronoun-help-co-giup-toi-chup-anh-giup-toi-duoc-khong,Cô chụp ảnh giúp tôi được không? / Can you take a photo for me?,singlePhrase,practice-pairs,phrase,Cô giúp tôi in vé này được không?,audio-authored-co-giup-toi-in-ve-nay-duoc-khong-a3dab01a91
P2_planned_audio,viet-family-vpe-pronoun-help-co-giup-toi-chup-anh-giup-toi-duoc-khong,Cô chụp ảnh giúp tôi được không? / Can you take a photo for me?,singlePhrase,practice-pairs,phrase,Cô giúp tôi kiểm tra đặt phòng được không?,audio-authored-co-giup-toi-kiem-tra-dat-phong-duoc-khong-84a7e67ba7
P2_planned_audio,viet-family-vpe-pronoun-help-co-giup-toi-chup-anh-giup-toi-duoc-khong,Cô chụp ảnh giúp tôi được không? / Can you take a photo for me?,singlePhrase,explore-next,phrase,Cô giúp tôi kiểm tra vé được không?,audio-authored-co-giup-toi-kiem-tra-ve-duoc-khong-62f197d924
P2_planned_audio,viet-family-vpe-pronoun-help-co-giup-toi-chup-anh-giup-toi-duoc-khong,Cô chụp ảnh giúp tôi được không? / Can you take a photo for me?,singlePhrase,explore-next,phrase,Cô giúp tôi scan mã QR được không?,audio-authored-co-giup-toi-scan-ma-qr-duoc-khong-983c8a3de5
P2_planned_audio,viet-family-vpe-pronoun-help-co-giup-toi-doi-tien-duoc-khong,Cô giúp tôi đổi tiền được không? / Can you help me exchange money?,singlePhrase,explore-next,phrase,Cô giúp tôi tìm hành lý được không?,audio-authored-co-giup-toi-tim-hanh-ly-duoc-khong-59bb2bf2f4
P2_planned_audio,viet-family-vpe-pronoun-help-co-giup-toi-in-ve-nay-duoc-khong,Cô giúp tôi in vé này được không? / Can you help me print this ticket?,singlePhrase,practice-pairs,phrase,Cô giúp tôi mở cửa phòng được không?,audio-authored-co-giup-toi-mo-cua-phong-duoc-khong-b611e387c8
P2_planned_audio,viet-family-vpe-pronoun-help-em-giup-toi-chi-duong-duoc-khong,Em giúp tôi chỉ đường được không? / Can you show me the way?,singlePhrase,practice-pairs,phrase,Em chụp ảnh giúp tôi được không?,audio-authored-em-chup-anh-giup-toi-duoc-khong-76b09936cd
P2_planned_audio,viet-family-vpe-pronoun-help-em-giup-toi-chi-duong-duoc-khong,Em giúp tôi chỉ đường được không? / Can you show me the way?,singlePhrase,practice-pairs,phrase,Em giúp tôi gọi số này được không?,audio-authored-em-giup-toi-goi-so-nay-duoc-khong-b96813e85b
P2_planned_audio,viet-family-vpe-pronoun-help-em-giup-toi-chi-duong-duoc-khong,Em giúp tôi chỉ đường được không? / Can you show me the way?,singlePhrase,explore-next,phrase,Em giúp tôi nhập mã này được không?,audio-authored-em-giup-toi-nhap-ma-nay-duoc-khong-c80e19d036
P2_planned_audio,viet-family-vpe-pronoun-help-em-giup-toi-chup-anh-giup-toi-duoc-khong,Em chụp ảnh giúp tôi được không? / Can you take a photo for me?,singlePhrase,practice-pairs,phrase,Em giúp tôi đổi tiền được không?,audio-authored-em-giup-toi-doi-tien-duoc-khong-2b0a0a4fcd
P2_planned_audio,viet-family-vpe-pronoun-help-em-giup-toi-chup-anh-giup-toi-duoc-khong,Em chụp ảnh giúp tôi được không? / Can you take a photo for me?,singlePhrase,practice-pairs,phrase,Em giúp tôi in vé này được không?,audio-authored-em-giup-toi-in-ve-nay-duoc-khong-566dc6f051
P2_planned_audio,viet-family-vpe-pronoun-help-em-giup-toi-chup-anh-giup-toi-duoc-khong,Em chụp ảnh giúp tôi được không? / Can you take a photo for me?,singlePhrase,practice-pairs,phrase,Em giúp tôi kiểm tra đặt phòng được không?,audio-authored-em-giup-toi-kiem-tra-dat-phong-duoc-khong-7c12a6370c
P2_planned_audio,viet-family-vpe-pronoun-help-em-giup-toi-chup-anh-giup-toi-duoc-khong,Em chụp ảnh giúp tôi được không? / Can you take a photo for me?,singlePhrase,explore-next,phrase,Em giúp tôi kiểm tra vé được không?,audio-authored-em-giup-toi-kiem-tra-ve-duoc-khong-6e9641627f
P2_planned_audio,viet-family-vpe-pronoun-help-em-giup-toi-chup-anh-giup-toi-duoc-khong,Em chụp ảnh giúp tôi được không? / Can you take a photo for me?,singlePhrase,explore-next,phrase,Em giúp tôi scan mã QR được không?,audio-authored-em-giup-toi-scan-ma-qr-duoc-khong-93ef3e2498
P2_planned_audio,viet-family-vpe-pronoun-help-em-giup-toi-doi-tien-duoc-khong,Em giúp tôi đổi tiền được không? / Can you help me exchange money?,singlePhrase,explore-next,phrase,Em giúp tôi tìm hành lý được không?,audio-authored-em-giup-toi-tim-hanh-ly-duoc-khong-d47aaf4f0b
P2_planned_audio,viet-family-vpe-pronoun-help-em-giup-toi-in-ve-nay-duoc-khong,Em giúp tôi in vé này được không? / Can you help me print this ticket?,singlePhrase,practice-pairs,phrase,Em giúp tôi mở cửa phòng được không?,audio-authored-em-giup-toi-mo-cua-phong-duoc-khong-7cb7de6edb
P2_planned_audio,viet-family-vpe-take-me-place-cho-toi-den-atm,Cho tôi đến ATM / Please take me to an ATM.,singlePhrase,hero,hero,Cho tôi đến ATM,audio-authored-cho-toi-den-atm-7a219a0d09
P2_planned_audio,viet-family-vpe-take-me-place-cho-toi-den-atm,Cho tôi đến ATM / Please take me to an ATM.,singlePhrase,practice-pairs,phrase,Cho tôi đến bến tàu,audio-authored-cho-toi-den-ben-tau-f11edfbf49
P2_planned_audio,viet-family-vpe-take-me-place-cho-toi-den-atm,Cho tôi đến ATM / Please take me to an ATM.,singlePhrase,practice-pairs,phrase,Cho tôi đến bến xe,audio-authored-cho-toi-den-ben-xe-b2cba6405f
P2_planned_audio,viet-family-vpe-take-me-place-cho-toi-den-atm,Cho tôi đến ATM / Please take me to an ATM.,singlePhrase,practice-pairs,phrase,Cho tôi đến cửa ra,audio-authored-cho-toi-den-cua-ra-23362993ec
P2_planned_audio,viet-family-vpe-take-me-place-cho-toi-den-atm,Cho tôi đến ATM / Please take me to an ATM.,singlePhrase,explore-next,phrase,Cho tôi đến ga tàu,audio-authored-cho-toi-den-ga-tau-d814710c04
P2_planned_audio,viet-family-vpe-take-me-place-cho-toi-den-atm,Cho tôi đến ATM / Please take me to an ATM.,singlePhrase,explore-next,phrase,Cho tôi đến sân bay,audio-authored-cho-toi-den-san-bay-a75a2552a2
P2_planned_audio,viet-family-vpe-take-me-place-cho-toi-den-atm,Cho tôi đến ATM / Please take me to an ATM.,singlePhrase,explore-next,phrase,Cho tôi đến bãi biển,audio-authored-cho-toi-den-bai-bien-a599c6148b
P2_planned_audio,viet-family-vpe-take-me-place-cho-toi-den-atm,Cho tôi đến ATM / Please take me to an ATM.,singlePhrase,explore-next,phrase,Cho tôi đến bãi đậu xe,audio-authored-cho-toi-den-bai-dau-xe-7cf29a0911
P2_planned_audio,viet-family-vpe-take-me-place-cho-toi-den-atm,Cho tôi đến ATM / Please take me to an ATM.,singlePhrase,explore-next,phrase,Cho tôi đến bãi gửi xe máy,audio-authored-cho-toi-den-bai-gui-xe-may-1bea8ea1ed
P2_planned_audio,viet-family-vpe-take-me-place-cho-toi-den-atm,Cho tôi đến ATM / Please take me to an ATM.,singlePhrase,explore-next,phrase,Cho tôi đến bàn hướng dẫn,audio-authored-cho-toi-den-ban-huong-dan-17f03ec492
P2_planned_audio,viet-family-vpe-take-me-place-cho-toi-den-bai-bien,Cho tôi đến bãi biển / Please take me to the beach.,singlePhrase,practice-pairs,phrase,Cho tôi đến bảo tàng,audio-authored-cho-toi-den-bao-tang-646261abf8
P2_planned_audio,viet-family-vpe-take-me-place-cho-toi-den-bai-bien,Cho tôi đến bãi biển / Please take me to the beach.,singlePhrase,practice-pairs,phrase,Cho tôi đến chùa,audio-authored-cho-toi-den-chua-d358807e54
P2_planned_audio,viet-family-vpe-take-me-place-cho-toi-den-bai-bien,Cho tôi đến bãi biển / Please take me to the beach.,singlePhrase,practice-pairs,phrase,Cho tôi đến nhà thờ,audio-authored-cho-toi-den-nha-tho-d4d487aa5a
P2_planned_audio,viet-family-vpe-take-me-place-cho-toi-den-bai-bien,Cho tôi đến bãi biển / Please take me to the beach.,singlePhrase,explore-next,phrase,Cho tôi đến phố đi bộ,audio-authored-cho-toi-den-pho-di-bo-14a69d2a76
P2_planned_audio,viet-family-vpe-take-me-place-cho-toi-den-bai-bien,Cho tôi đến bãi biển / Please take me to the beach.,singlePhrase,explore-next,phrase,Cho tôi đến trung tâm thương mại,audio-authored-cho-toi-den-trung-tam-thuong-mai-52b6c7e2d9
P2_planned_audio,viet-family-vpe-take-me-place-cho-toi-den-ban-huong-dan,Cho tôi đến bàn hướng dẫn / Please take me to the help desk.,singlePhrase,practice-pairs,phrase,Cho tôi đến cây nước nóng,audio-authored-cho-toi-den-cay-nuoc-nong-afe62ccfca
P2_planned_audio,viet-family-vpe-take-me-place-cho-toi-den-ban-huong-dan,Cho tôi đến bàn hướng dẫn / Please take me to the help desk.,singlePhrase,practice-pairs,phrase,Cho tôi đến máy in,audio-authored-cho-toi-den-may-in-366833dd55
P2_planned_audio,viet-family-vpe-take-me-place-cho-toi-den-ban-huong-dan,Cho tôi đến bàn hướng dẫn / Please take me to the help desk.,singlePhrase,practice-pairs,phrase,Cho tôi đến máy photocopy,audio-authored-cho-toi-den-may-photocopy-ef42bdef1e
P2_planned_audio,viet-family-vpe-take-me-place-cho-toi-den-ban-huong-dan,Cho tôi đến bàn hướng dẫn / Please take me to the help desk.,singlePhrase,explore-next,phrase,Cho tôi đến phòng y tế,audio-authored-cho-toi-den-phong-y-te-9f3e7aa391
P2_planned_audio,viet-family-vpe-take-me-place-cho-toi-den-ban-huong-dan,Cho tôi đến bàn hướng dẫn / Please take me to the help desk.,singlePhrase,explore-next,phrase,Cho tôi đến quầy giữ đồ,audio-authored-cho-toi-den-quay-giu-do-f4ea2f4a67
P2_planned_audio,viet-family-vpe-take-me-place-cho-toi-den-bao-tang,Cho tôi đến bảo tàng / Please take me to the museum.,singlePhrase,practice-pairs,phrase,Cho tôi đến bưu điện,audio-authored-cho-toi-den-buu-dien-cca1e5b024
P2_planned_audio,viet-family-vpe-take-me-place-cho-toi-den-buu-dien,Cho tôi đến bưu điện / Please take me to the post office.,singlePhrase,practice-pairs,phrase,Cho tôi đến cổng lên máy bay,audio-authored-cho-toi-den-cong-len-may-bay-5a82ede3ec
P2_planned_audio,viet-family-vpe-take-me-place-cho-toi-den-buu-dien,Cho tôi đến bưu điện / Please take me to the post office.,singlePhrase,practice-pairs,phrase,Cho tôi đến khu lấy hành lý,audio-authored-cho-toi-den-khu-lay-hanh-ly-3a77b1ebc9
P2_planned_audio,viet-family-vpe-take-me-place-cho-toi-den-buu-dien,Cho tôi đến bưu điện / Please take me to the post office.,singlePhrase,practice-pairs,phrase,Cho tôi đến máy bán vé,audio-authored-cho-toi-den-may-ban-ve-0c71ff4aa3
P2_planned_audio,viet-family-vpe-take-me-place-cho-toi-den-buu-dien,Cho tôi đến bưu điện / Please take me to the post office.,singlePhrase,explore-next,phrase,Cho tôi đến ngân hàng,audio-authored-cho-toi-den-ngan-hang-51ae706523
P2_planned_audio,viet-family-vpe-take-me-place-cho-toi-den-buu-dien,Cho tôi đến bưu điện / Please take me to the post office.,singlePhrase,explore-next,phrase,Cho tôi đến quầy vé,audio-authored-cho-toi-den-quay-ve-ed31a30a81
P2_planned_audio,viet-family-vpe-take-me-place-cho-toi-den-cho-ngoi,Cho tôi đến chỗ ngồi / Please take me to a seat.,singlePhrase,hero,hero,Cho tôi đến chỗ ngồi,audio-authored-cho-toi-den-cho-ngoi-2c6c6a8c9a
P2_planned_audio,viet-family-vpe-take-me-place-cho-toi-den-cho-ngoi,Cho tôi đến chỗ ngồi / Please take me to a seat.,singlePhrase,practice-pairs,phrase,Cho tôi đến đường chính,audio-authored-cho-toi-den-duong-chinh-3f6dc09d2e
P2_planned_audio,viet-family-vpe-take-me-place-cho-toi-den-cho-ngoi,Cho tôi đến chỗ ngồi / Please take me to a seat.,singlePhrase,explore-next,phrase,Cho tôi đến lối sang đường,audio-authored-cho-toi-den-loi-sang-duong-bda42e1689
P2_planned_audio,viet-family-vpe-take-me-place-cho-toi-den-cho-ngoi,Cho tôi đến chỗ ngồi / Please take me to a seat.,singlePhrase,explore-next,phrase,Cho tôi đến phố cổ,audio-authored-cho-toi-den-pho-co-22f7e8828f
P2_planned_audio,viet-family-vpe-take-me-place-cho-toi-den-cong-vien,Cho tôi đến công viên / Please take me to the park.,singlePhrase,practice-pairs,phrase,Cho tôi đến phòng chờ,audio-authored-cho-toi-den-phong-cho-778328a2f2
P2_planned_audio,viet-family-vpe-take-me-place-cho-toi-den-cong-vien,Cho tôi đến công viên / Please take me to the park.,singlePhrase,practice-pairs,phrase,Cho tôi đến quầy an ninh,audio-authored-cho-toi-den-quay-an-ninh-fd17714c53
P2_planned_audio,viet-family-vpe-take-me-place-cho-toi-den-cong-vien,Cho tôi đến công viên / Please take me to the park.,singlePhrase,explore-next,phrase,Cho tôi đến tiệm cắt tóc,audio-authored-cho-toi-den-tiem-cat-toc-688de0f5ba
P2_planned_audio,viet-family-vpe-take-me-place-cho-toi-den-cua-hang-dien-thoai,Cho tôi đến cửa hàng điện thoại / Please take me to the phone shop.,singlePhrase,explore-next,phrase,Cho tôi đến thùng rác,audio-authored-cho-toi-den-thung-rac-f92b0622dc
P2_planned_audio,viet-family-vpe-take-me-place-cho-toi-den-cua-hang-dien-thoai,Cho tôi đến cửa hàng điện thoại / Please take me to the phone shop.,singlePhrase,explore-next,phrase,Cho tôi đến vòi nước,audio-authored-cho-toi-den-voi-nuoc-4ebe1e15aa
P2_planned_audio,viet-family-vpe-where-place-bai-bien-o-dau,bãi biển ở đâu? / Where is the beach?,singlePhrase,hero,hero,bãi biển ở đâu?,audio-authored-bai-bien-o-dau-a0a85f82b9
P2_planned_audio,viet-family-vpe-where-place-bai-bien-o-dau,bãi biển ở đâu? / Where is the beach?,singlePhrase,practice-pairs,phrase,bảo tàng ở đâu?,audio-authored-bao-tang-o-dau-172a4f78a9
P2_planned_audio,viet-family-vpe-where-place-bai-bien-o-dau,bãi biển ở đâu? / Where is the beach?,singlePhrase,practice-pairs,phrase,chùa ở đâu?,audio-authored-chua-o-dau-490186da87
P2_planned_audio,viet-family-vpe-where-place-bai-bien-o-dau,bãi biển ở đâu? / Where is the beach?,singlePhrase,practice-pairs,phrase,nhà thờ ở đâu?,audio-authored-nha-tho-o-dau-055ea83dd4
P2_planned_audio,viet-family-vpe-where-place-bai-bien-o-dau,bãi biển ở đâu? / Where is the beach?,singlePhrase,explore-next,phrase,phố đi bộ ở đâu?,audio-authored-pho-di-bo-o-dau-8b2896a189
P2_planned_audio,viet-family-vpe-where-place-bai-bien-o-dau,bãi biển ở đâu? / Where is the beach?,singlePhrase,explore-next,phrase,trung tâm thương mại ở đâu?,audio-authored-trung-tam-thuong-mai-o-dau-afad1b6f7f
P2_planned_audio,viet-family-vpe-where-place-bai-bien-o-dau,bãi biển ở đâu? / Where is the beach?,singlePhrase,explore-next,phrase,bãi đậu xe ở đâu?,audio-authored-bai-dau-xe-o-dau-3c63264fcb
P2_planned_audio,viet-family-vpe-where-place-bai-bien-o-dau,bãi biển ở đâu? / Where is the beach?,singlePhrase,explore-next,phrase,bãi gửi xe máy ở đâu?,audio-authored-bai-gui-xe-may-o-dau-2a6ecd5a9c
P2_planned_audio,viet-family-vpe-where-place-bai-bien-o-dau,bãi biển ở đâu? / Where is the beach?,singlePhrase,explore-next,phrase,bàn hướng dẫn ở đâu?,audio-authored-ban-huong-dan-o-dau-0373dfd46e
P2_planned_audio,viet-family-vpe-where-place-bai-bien-o-dau,bãi biển ở đâu? / Where is the beach?,singlePhrase,explore-next,phrase,bến phà ở đâu?,audio-authored-ben-pha-o-dau-925e2c74e6
P2_planned_audio,viet-family-vpe-where-place-ban-huong-dan-o-dau,bàn hướng dẫn ở đâu? / Where is the help desk?,singlePhrase,practice-pairs,phrase,cây nước nóng ở đâu?,audio-authored-cay-nuoc-nong-o-dau-10dff7f064
P2_planned_audio,viet-family-vpe-where-place-ban-huong-dan-o-dau,bàn hướng dẫn ở đâu? / Where is the help desk?,singlePhrase,practice-pairs,phrase,máy in ở đâu?,audio-authored-may-in-o-dau-2b9230a952
P2_planned_audio,viet-family-vpe-where-place-ban-huong-dan-o-dau,bàn hướng dẫn ở đâu? / Where is the help desk?,singlePhrase,practice-pairs,phrase,máy photocopy ở đâu?,audio-authored-may-photocopy-o-dau-4ac4ce395a
P2_planned_audio,viet-family-vpe-where-place-ban-huong-dan-o-dau,bàn hướng dẫn ở đâu? / Where is the help desk?,singlePhrase,explore-next,phrase,phòng y tế ở đâu?,audio-authored-phong-y-te-o-dau-b7301f38e8
P2_planned_audio,viet-family-vpe-where-place-ban-huong-dan-o-dau,bàn hướng dẫn ở đâu? / Where is the help desk?,singlePhrase,explore-next,phrase,quầy giữ đồ ở đâu?,audio-authored-quay-giu-do-o-dau-47168eb45f
P2_planned_audio,viet-family-vpe-where-place-bao-tang-o-dau,bảo tàng ở đâu? / Where is the museum?,singlePhrase,practice-pairs,phrase,bưu điện ở đâu?,audio-authored-buu-dien-o-dau-3eaa63e51c
P2_planned_audio,viet-family-vpe-where-place-buu-dien-o-dau,bưu điện ở đâu? / Where is the post office?,singlePhrase,practice-pairs,phrase,cổng lên máy bay ở đâu?,audio-authored-cong-len-may-bay-o-dau-3113ee0b88
P2_planned_audio,viet-family-vpe-where-place-buu-dien-o-dau,bưu điện ở đâu? / Where is the post office?,singlePhrase,practice-pairs,phrase,khu lấy hành lý ở đâu?,audio-authored-khu-lay-hanh-ly-o-dau-09145979ce
P2_planned_audio,viet-family-vpe-where-place-buu-dien-o-dau,bưu điện ở đâu? / Where is the post office?,singlePhrase,practice-pairs,phrase,máy bán vé ở đâu?,audio-authored-may-ban-ve-o-dau-abec500638
P2_planned_audio,viet-family-vpe-where-place-buu-dien-o-dau,bưu điện ở đâu? / Where is the post office?,singlePhrase,explore-next,phrase,ngân hàng ở đâu?,audio-authored-ngan-hang-o-dau-cd746141f0
P2_planned_audio,viet-family-vpe-where-place-buu-dien-o-dau,bưu điện ở đâu? / Where is the post office?,singlePhrase,explore-next,phrase,quầy vé ở đâu?,audio-authored-quay-ve-o-dau-1fe1a7f835
P2_planned_audio,viet-family-vpe-where-place-cau-o-dau,cầu ở đâu? / Where is the bridge?,singlePhrase,hero,hero,cầu ở đâu?,audio-authored-cau-o-dau-f668e83228
P2_planned_audio,viet-family-vpe-where-place-cau-o-dau,cầu ở đâu? / Where is the bridge?,singlePhrase,practice-pairs,phrase,công viên ở đâu?,audio-authored-cong-vien-o-dau-ff9178a67a
P2_planned_audio,viet-family-vpe-where-place-cau-o-dau,cầu ở đâu? / Where is the bridge?,singlePhrase,practice-pairs,phrase,hiệu kính thuốc ở đâu?,audio-authored-hieu-kinh-thuoc-o-dau-74ad2f52b5
P2_planned_audio,viet-family-vpe-where-place-cau-o-dau,cầu ở đâu? / Where is the bridge?,singlePhrase,practice-pairs,phrase,hồ ở đâu?,audio-authored-ho-o-dau-c3cc3d1f8a
P2_planned_audio,viet-family-vpe-where-place-cau-o-dau,cầu ở đâu? / Where is the bridge?,singlePhrase,explore-next,phrase,sông ở đâu?,audio-authored-song-o-dau-992b53a1dd
P2_planned_audio,viet-family-vpe-where-place-cau-o-dau,cầu ở đâu? / Where is the bridge?,singlePhrase,explore-next,phrase,tiệm giặt ủi ở đâu?,audio-authored-tiem-giat-ui-o-dau-ebc9368b17
P2_planned_audio,viet-family-vpe-where-place-cho-ngoi-o-dau,chỗ ngồi ở đâu? / Where is a seat?,singlePhrase,hero,hero,chỗ ngồi ở đâu?,audio-authored-cho-ngoi-o-dau-acaeed1c66
P2_planned_audio,viet-family-vpe-where-place-cho-ngoi-o-dau,chỗ ngồi ở đâu? / Where is a seat?,singlePhrase,practice-pairs,phrase,đường chính ở đâu?,audio-authored-duong-chinh-o-dau-fa7f0107ac
P2_planned_audio,viet-family-vpe-where-place-cho-ngoi-o-dau,chỗ ngồi ở đâu? / Where is a seat?,singlePhrase,explore-next,phrase,lối sang đường ở đâu?,audio-authored-loi-sang-duong-o-dau-887f2cacb9
P2_planned_audio,viet-family-vpe-where-place-cho-ngoi-o-dau,chỗ ngồi ở đâu? / Where is a seat?,singlePhrase,explore-next,phrase,phố cổ ở đâu?,audio-authored-pho-co-o-dau-492f805004
P2_planned_audio,viet-family-vpe-where-place-cong-vien-o-dau,công viên ở đâu? / Where is the park?,singlePhrase,practice-pairs,phrase,phòng chờ ở đâu?,audio-authored-phong-cho-o-dau-3bd41c571f
P2_planned_audio,viet-family-vpe-where-place-cong-vien-o-dau,công viên ở đâu? / Where is the park?,singlePhrase,practice-pairs,phrase,quầy an ninh ở đâu?,audio-authored-quay-an-ninh-o-dau-17563b1639
P2_planned_audio,viet-family-vpe-where-place-cong-vien-o-dau,công viên ở đâu? / Where is the park?,singlePhrase,explore-next,phrase,tiệm cắt tóc ở đâu?,audio-authored-tiem-cat-toc-o-dau-19449b778b
P2_planned_audio,viet-family-vpe-where-place-cua-hang-dien-thoai-o-dau,cửa hàng điện thoại ở đâu? / Where is the phone shop?,singlePhrase,explore-next,phrase,thùng rác ở đâu?,audio-authored-thung-rac-o-dau-e3f8ca8934
P2_planned_audio,viet-family-vpe-where-place-cua-hang-dien-thoai-o-dau,cửa hàng điện thoại ở đâu? / Where is the phone shop?,singlePhrase,explore-next,phrase,vòi nước ở đâu?,audio-authored-voi-nuoc-o-dau-a7417de48c
