priority,status,pageID,title,profile,currentHeroImageName,targetHeroImageName,assetPath,currentPx,targetRepoPx,sourceMasterPx,targetComponent,focalPoint,safeZone,currentIssue,nextAction,generationPrompt,negativePrompt,proofRequired,sourceOwnership,receiptOrProof,notes
DONE,SHIPPED_REVIEW_CROP,browse-city-danang,Da Nang / Đà Nẵng,cityHub,HeroCityDanang,HeroCityDanang,native-ios/Resources/Assets.xcassets/HeroCityDanang.imageset/hero-city-danang.png,853 x 1844,853 x 1844,>= 1600 x 2400 preferred,Browse city/collection masthead,"center 50%, upper 30%; one clear city cue, not a generic Vietnam postcard",Recognizable subject must survive the top 276pt masthead crop; keep the key visual in the upper third and center 70% width.,,"Review the live crop on phone. If the subject is weak in the masthead, regenerate with the subject higher and larger.","Create an app-owned photographic-style hero image for a Vietnamese travel phrasebook. No readable text, no logos, no watermarks, no faces as the subject. Keep the main landmark/object recognizable inside the upper third because the iOS masthead crops a shallow horizontal band. Show Da Nang / Đà Nẵng as a calm city travel-mode scene with one strong local cue and enough sky/soft background for the page title overlay.","no readable text, no watermark, no logos, no fake signs, no unrelated Ha Long Bay/karst imagery for city-specific pages, no people as the main subject",Simulator screenshot plus phone spot-check before DONE,app-owned generated asset,docs/editorial-exports/viet-image-assets/hero-image-production-001/generated_hero_assets.json,Created in TASK-VIET-HERO-IMAGE-PRODUCTION-001; keep Dragon Bridge/river cues visible in the live crop.
DONE,SHIPPED_REVIEW_CROP,browse-city-hanoi,Hanoi / Hà Nội,cityHub,HeroCityHanoi,HeroCityHanoi,native-ios/Resources/Assets.xcassets/HeroCityHanoi.imageset/hero-city-hanoi.png,853 x 1844,853 x 1844,>= 1600 x 2400 preferred,Browse city/collection masthead,"center 50%, upper 30%; one clear city cue, not a generic Vietnam postcard",Recognizable subject must survive the top 276pt masthead crop; keep the key visual in the upper third and center 70% width.,,"Review the live crop on phone. If the subject is weak in the masthead, regenerate with the subject higher and larger.","Create an app-owned photographic-style hero image for a Vietnamese travel phrasebook. No readable text, no logos, no watermarks, no faces as the subject. Keep the main landmark/object recognizable inside the upper third because the iOS masthead crops a shallow horizontal band. Show Hanoi / Hà Nội as a calm city travel-mode scene with one strong local cue and enough sky/soft background for the page title overlay.","no readable text, no watermark, no logos, no fake signs, no unrelated Ha Long Bay/karst imagery for city-specific pages, no people as the main subject",Simulator screenshot plus phone spot-check before DONE,app-owned generated asset,docs/editorial-exports/viet-image-assets/hero-image-production-001/generated_hero_assets.json,Created in TASK-VIET-HERO-IMAGE-PRODUCTION-001; keep Old Quarter/lake cues visible in the live crop.
DONE,SHIPPED_REVIEW_CROP,browse-city-hcmc,Ho Chi Minh City / Thành phố Hồ Chí Minh,cityHub,HeroCityHcmc,HeroCityHcmc,native-ios/Resources/Assets.xcassets/HeroCityHcmc.imageset/hero-city-hcmc.png,853 x 1844,853 x 1844,>= 1600 x 2400 preferred,Browse city/collection masthead,"center 50%, upper 30%; one clear city cue, not a generic Vietnam postcard",Recognizable subject must survive the top 276pt masthead crop; keep the key visual in the upper third and center 70% width.,,"Review the live crop on phone. If the subject is weak in the masthead, regenerate with the subject higher and larger.","Create an app-owned photographic-style hero image for a Vietnamese travel phrasebook. No readable text, no logos, no watermarks, no faces as the subject. Keep the main landmark/object recognizable inside the upper third because the iOS masthead crops a shallow horizontal band. Show Ho Chi Minh City / Thành phố Hồ Chí Minh as a calm city travel-mode scene with one strong local cue and enough sky/soft background for the page title overlay.","no readable text, no watermark, no logos, no fake signs, no unrelated Ha Long Bay/karst imagery for city-specific pages, no people as the main subject",Simulator screenshot plus phone spot-check before DONE,app-owned generated asset,docs/editorial-exports/viet-image-assets/hero-image-production-001/generated_hero_assets.json,Created in TASK-VIET-HERO-IMAGE-PRODUCTION-001; keep Saigon skyline/market cues visible in the live crop.
DONE,SHIPPED_REVIEW_CROP,browse-city-hoian,Hoi An / Hội An,cityHub,HeroCityHoian,HeroCityHoian,native-ios/Resources/Assets.xcassets/HeroCityHoian.imageset/hero-city-hoian.png,853 x 1844,853 x 1844,>= 1600 x 2400 preferred,Browse city/collection masthead,"center 50%, upper 30%; one clear city cue, not a generic Vietnam postcard",Recognizable subject must survive the top 276pt masthead crop; keep the key visual in the upper third and center 70% width.,,"Review the live crop on phone. If the subject is weak in the masthead, regenerate with the subject higher and larger.","Create an app-owned photographic-style hero image for a Vietnamese travel phrasebook. No readable text, no logos, no watermarks, no faces as the subject. Keep the main landmark/object recognizable inside the upper third because the iOS masthead crops a shallow horizontal band. Show Hoi An / Hội An as a calm city travel-mode scene with one strong local cue and enough sky/soft background for the page title overlay.","no readable text, no watermark, no logos, no fake signs, no unrelated Ha Long Bay/karst imagery for city-specific pages, no people as the main subject",Simulator screenshot plus phone spot-check before DONE,app-owned generated asset,docs/editorial-exports/viet-image-assets/hero-image-production-001/generated_hero_assets.json,Created in TASK-VIET-HERO-IMAGE-PRODUCTION-001; keep lantern/old-town cues visible in the live crop.
DONE,SHIPPED_REVIEW_CROP,browse-city-hue,Hue / Huế,cityHub,HeroCityHue,HeroCityHue,native-ios/Resources/Assets.xcassets/HeroCityHue.imageset/hero-city-hue.png,853 x 1844,853 x 1844,>= 1600 x 2400 preferred,Browse city/collection masthead,"center 50%, upper 30%; one clear city cue, not a generic Vietnam postcard",Recognizable subject must survive the top 276pt masthead crop; keep the key visual in the upper third and center 70% width.,,"Review the live crop on phone. If the subject is weak in the masthead, regenerate with the subject higher and larger.","Create an app-owned photographic-style hero image for a Vietnamese travel phrasebook. No readable text, no logos, no watermarks, no faces as the subject. Keep the main landmark/object recognizable inside the upper third because the iOS masthead crops a shallow horizontal band. Show Hue / Huế as a calm city travel-mode scene with one strong local cue and enough sky/soft background for the page title overlay.","no readable text, no watermark, no logos, no fake signs, no unrelated Ha Long Bay/karst imagery for city-specific pages, no people as the main subject",Simulator screenshot plus phone spot-check before DONE,app-owned generated asset,docs/editorial-exports/viet-image-assets/hero-image-production-001/generated_hero_assets.json,Created in TASK-VIET-HERO-IMAGE-PRODUCTION-001; keep citadel/Perfume River cues visible in the live crop.
DONE,SHIPPED_REVIEW_CROP,viet-family-city-danang-place-ba-na-hills,Bà Nà Hills / Ba Na Hills,landmark,HeroBaNaHills,HeroBaNaHills,native-ios/Resources/Assets.xcassets/HeroBaNaHills.imageset/hero-ba-na-hills.png,853 x 1844,853 x 1844,>= 1600 x 2400 preferred,PhraseListingView HeroMastheadImage,"center 50%, upper 25-35%; landmark silhouette must be recognizable",Recognizable subject must survive the top 276pt masthead crop; keep the key visual in the upper third and center 70% width.,,"Review the live crop on phone. If the subject is weak in the masthead, regenerate with the subject higher and larger.","Create an app-owned photographic-style hero image for a Vietnamese travel phrasebook. No readable text, no logos, no watermarks, no faces as the subject. Keep the main landmark/object recognizable inside the upper third because the iOS masthead crops a shallow horizontal band. Show Bà Nà Hills / Ba Na Hills with the real visual cue a first-time traveler would recognize.","no readable text, no watermark, no logos, no fake signs, no unrelated Ha Long Bay/karst imagery for city-specific pages, no people as the main subject",Simulator screenshot plus phone spot-check before DONE,app-owned generated asset,docs/task-results/TASK-VIET-BA-NA-HILLS-JOURNEY-PATCH-001.md,Created in TASK-VIET-BA-NA-HILLS-JOURNEY-PATCH-001. Keep Golden Bridge/cable-car cues visible in the upper crop.
DONE,SHIPPED_REVIEW_CROP,viet-family-city-danang-place-dragon-bridge,Cầu Rồng / Dragon Bridge,landmark,HeroDragonBridge,HeroDragonBridge,native-ios/Resources/Assets.xcassets/HeroDragonBridge.imageset/hero-dragon-bridge.png,853 x 1844,853 x 1844,>= 1600 x 2400 preferred,PhraseListingView HeroMastheadImage,"center 50%, upper 25-35%; landmark silhouette must be recognizable",Recognizable subject must survive the top 276pt masthead crop; keep the key visual in the upper third and center 70% width.,,"Review the live crop on phone. If the subject is weak in the masthead, regenerate with the subject higher and larger.","Create an app-owned photographic-style hero image for a Vietnamese travel phrasebook. No readable text, no logos, no watermarks, no faces as the subject. Keep the main landmark/object recognizable inside the upper third because the iOS masthead crops a shallow horizontal band. Show Cầu Rồng / Dragon Bridge with the real visual cue a first-time traveler would recognize.","no readable text, no watermark, no logos, no fake signs, no unrelated Ha Long Bay/karst imagery for city-specific pages, no people as the main subject",Simulator screenshot plus phone spot-check before DONE,app-owned generated asset,docs/task-results/TASK-VIET-DRAGON-BRIDGE-HERO-ASSET-001.md,Created in TASK-VIET-DRAGON-BRIDGE-HERO-ASSET-001. Improve by checking whether the bridge stays recognizable inside the shallow masthead crop.
P0,SHIPPED_REVIEW_CROP,viet-family-city-hue-place-bun-bo-city,Bún bò Huế / Bun bo Hue,dish,HeroCityHuePlaceBunBoCity,HeroCityHuePlaceBunBoCity,native-ios/Resources/Assets.xcassets/HeroCityHuePlaceBunBoCity.imageset/hero-city-hue-place-bun-bo-city.png,853 x 1844,853 x 1844,>= 1600 x 2400 preferred,PhraseListingView HeroMastheadImage,"center 50%, upper 32%; food or entrance must remain visible after fade",Recognizable subject must survive the top 276pt masthead crop; keep the key visual in the upper third and center 70% width.,generic_language_masthead,"Review the live crop on phone. If the subject is weak in the masthead, regenerate with the subject higher and larger.","Create an app-owned photographic-style hero image for a Vietnamese travel phrasebook. No readable text, no logos, no watermarks, no faces as the subject. Keep the main landmark/object recognizable inside the upper third because the iOS masthead crops a shallow horizontal band. Show Bún bò Huế / Bun bo Hue as an appetizing Vietnamese dish close-up with clean natural light and room for the masthead fade.","no readable text, no watermark, no logos, no fake signs, no unrelated Ha Long Bay/karst imagery for city-specific pages, no people as the main subject",Simulator screenshot plus phone spot-check before DONE,app-owned generated asset,docs/editorial-exports/viet-image-assets/hero-image-production-001/generated_hero_assets.json,Add owned/licensed/generated page-specific artwork when this page becomes high priority.
P0,SHIPPED_REVIEW_CROP,viet-family-city-hoian-place-cao-lau-city,Cao lầu ở Hội An / Cao lau in Hoi An,dish,HeroCityHoianPlaceCaoLauCity,HeroCityHoianPlaceCaoLauCity,native-ios/Resources/Assets.xcassets/HeroCityHoianPlaceCaoLauCity.imageset/hero-city-hoian-place-cao-lau-city.png,853 x 1844,853 x 1844,>= 1600 x 2400 preferred,PhraseListingView HeroMastheadImage,"center 50%, upper 32%; food or entrance must remain visible after fade",Recognizable subject must survive the top 276pt masthead crop; keep the key visual in the upper third and center 70% width.,generic_language_masthead,"Review the live crop on phone. If the subject is weak in the masthead, regenerate with the subject higher and larger.","Create an app-owned photographic-style hero image for a Vietnamese travel phrasebook. No readable text, no logos, no watermarks, no faces as the subject. Keep the main landmark/object recognizable inside the upper third because the iOS masthead crops a shallow horizontal band. Show Cao lầu ở Hội An / Cao lau in Hoi An as an appetizing Vietnamese dish close-up with clean natural light and room for the masthead fade.","no readable text, no watermark, no logos, no fake signs, no unrelated Ha Long Bay/karst imagery for city-specific pages, no people as the main subject",Simulator screenshot plus phone spot-check before DONE,app-owned generated asset,docs/editorial-exports/viet-image-assets/hero-image-production-001/generated_hero_assets.json,Add owned/licensed/generated page-specific artwork when this page becomes high priority.
P0,SHIPPED_REVIEW_CROP,viet-family-city-danang-place-son-tra,Bán đảo Sơn Trà / Son Tra Peninsula,landmark,HeroCityDanangPlaceSonTra,HeroCityDanangPlaceSonTra,native-ios/Resources/Assets.xcassets/HeroCityDanangPlaceSonTra.imageset/hero-city-danang-place-son-tra.png,853 x 1844,853 x 1844,>= 1600 x 2400 preferred,PhraseListingView HeroMastheadImage,"center 50%, upper 25-35%; landmark silhouette must be recognizable",Recognizable subject must survive the top 276pt masthead crop; keep the key visual in the upper third and center 70% width.,generic_language_masthead,"Review the live crop on phone. If the subject is weak in the masthead, regenerate with the subject higher and larger.","Create an app-owned photographic-style hero image for a Vietnamese travel phrasebook. No readable text, no logos, no watermarks, no faces as the subject. Keep the main landmark/object recognizable inside the upper third because the iOS masthead crops a shallow horizontal band. Show Bán đảo Sơn Trà / Son Tra Peninsula with the real visual cue a first-time traveler would recognize.","no readable text, no watermark, no logos, no fake signs, no unrelated Ha Long Bay/karst imagery for city-specific pages, no people as the main subject",Simulator screenshot plus phone spot-check before DONE,app-owned generated asset,docs/editorial-exports/viet-image-assets/hero-image-production-001/generated_hero_assets.json,Add owned/licensed/generated page-specific artwork when this page becomes high priority.
P0,SHIPPED_REVIEW_CROP,viet-family-city-danang-place-my-khe,Biển Mỹ Khê / My Khe Beach,landmark,HeroMyKheBeach,HeroMyKheBeach,native-ios/Resources/Assets.xcassets/HeroMyKheBeach.imageset/hero-my-khe-beach.png,853 x 1844,853 x 1844,>= 1600 x 2400 preferred,PhraseListingView HeroMastheadImage,"center 50%, upper 25-35%; landmark silhouette must be recognizable",Recognizable subject must survive the top 276pt masthead crop; keep the key visual in the upper third and center 70% width.,generic_language_masthead,"Review the live crop on phone. If the subject is weak in the masthead, regenerate with the subject higher and larger.","Create an app-owned photographic-style hero image for a Vietnamese travel phrasebook. No readable text, no logos, no watermarks, no faces as the subject. Keep the main landmark/object recognizable inside the upper third because the iOS masthead crops a shallow horizontal band. Show Biển Mỹ Khê / My Khe Beach with the real visual cue a first-time traveler would recognize.","no readable text, no watermark, no logos, no fake signs, no unrelated Ha Long Bay/karst imagery for city-specific pages, no people as the main subject",Simulator screenshot plus phone spot-check before DONE,existing app asset; audit ownership before reusing broadly,Add owned/licensed/generated page-specific artwork when this page becomes high priority.,Add owned/licensed/generated page-specific artwork when this page becomes high priority.
P0,SHIPPED_REVIEW_CROP,viet-family-city-danang-place-han-market,Chợ Hàn / Han Market,landmark,HeroHanMarket,HeroHanMarket,native-ios/Resources/Assets.xcassets/HeroHanMarket.imageset/hero-han-market.png,853 x 1844,853 x 1844,>= 1600 x 2400 preferred,PhraseListingView HeroMastheadImage,"center 50%, upper 25-35%; landmark silhouette must be recognizable",Recognizable subject must survive the top 276pt masthead crop; keep the key visual in the upper third and center 70% width.,generic_language_masthead,"Review the live crop on phone. If the subject is weak in the masthead, regenerate with the subject higher and larger.","Create an app-owned photographic-style hero image for a Vietnamese travel phrasebook. No readable text, no logos, no watermarks, no faces as the subject. Keep the main landmark/object recognizable inside the upper third because the iOS masthead crops a shallow horizontal band. Show Chợ Hàn / Han Market with the real visual cue a first-time traveler would recognize.","no readable text, no watermark, no logos, no fake signs, no unrelated Ha Long Bay/karst imagery for city-specific pages, no people as the main subject",Simulator screenshot plus phone spot-check before DONE,existing app asset; audit ownership before reusing broadly,Add owned/licensed/generated page-specific artwork when this page becomes high priority.,Add owned/licensed/generated page-specific artwork when this page becomes high priority.
P0,SHIPPED_REVIEW_CROP,viet-family-city-danang-place-linh-ung-pagoda,Chùa Linh Ứng / Linh Ung Pagoda,landmark,HeroLinhUngPagoda,HeroLinhUngPagoda,native-ios/Resources/Assets.xcassets/HeroLinhUngPagoda.imageset/hero-linh-ung-pagoda.png,853 x 1844,853 x 1844,>= 1600 x 2400 preferred,PhraseListingView HeroMastheadImage,"center 50%, upper 25-35%; landmark silhouette must be recognizable",Recognizable subject must survive the top 276pt masthead crop; keep the key visual in the upper third and center 70% width.,generic_language_masthead,"Review the live crop on phone. If the subject is weak in the masthead, regenerate with the subject higher and larger.","Create an app-owned photographic-style hero image for a Vietnamese travel phrasebook. No readable text, no logos, no watermarks, no faces as the subject. Keep the main landmark/object recognizable inside the upper third because the iOS masthead crops a shallow horizontal band. Show Chùa Linh Ứng / Linh Ung Pagoda with the real visual cue a first-time traveler would recognize.","no readable text, no watermark, no logos, no fake signs, no unrelated Ha Long Bay/karst imagery for city-specific pages, no people as the main subject",Simulator screenshot plus phone spot-check before DONE,existing app asset; audit ownership before reusing broadly,Add owned/licensed/generated page-specific artwork when this page becomes high priority.,Add owned/licensed/generated page-specific artwork when this page becomes high priority.
P0,SHIPPED_REVIEW_CROP,viet-family-city-danang-place-marble-mountains,Ngũ Hành Sơn / Marble Mountains,landmark,HeroMarbleMountains,HeroMarbleMountains,native-ios/Resources/Assets.xcassets/HeroMarbleMountains.imageset/hero-marble-mountains.png,853 x 1844,853 x 1844,>= 1600 x 2400 preferred,PhraseListingView HeroMastheadImage,"center 50%, upper 25-35%; landmark silhouette must be recognizable",Recognizable subject must survive the top 276pt masthead crop; keep the key visual in the upper third and center 70% width.,generic_language_masthead,"Review the live crop on phone. If the subject is weak in the masthead, regenerate with the subject higher and larger.","Create an app-owned photographic-style hero image for a Vietnamese travel phrasebook. No readable text, no logos, no watermarks, no faces as the subject. Keep the main landmark/object recognizable inside the upper third because the iOS masthead crops a shallow horizontal band. Show Ngũ Hành Sơn / Marble Mountains with the real visual cue a first-time traveler would recognize.","no readable text, no watermark, no logos, no fake signs, no unrelated Ha Long Bay/karst imagery for city-specific pages, no people as the main subject",Simulator screenshot plus phone spot-check before DONE,existing app asset; audit ownership before reusing broadly,Add owned/licensed/generated page-specific artwork when this page becomes high priority.,Add owned/licensed/generated page-specific artwork when this page becomes high priority.
P0,SHIPPED_REVIEW_CROP,viet-family-city-danang-place-airport,Sân bay Đà Nẵng / Da Nang Airport,landmark,HeroCityDanangPlaceAirport,HeroCityDanangPlaceAirport,native-ios/Resources/Assets.xcassets/HeroCityDanangPlaceAirport.imageset/hero-city-danang-place-airport.png,853 x 1844,853 x 1844,>= 1600 x 2400 preferred,PhraseListingView HeroMastheadImage,"center 50%, upper 25-35%; landmark silhouette must be recognizable",Recognizable subject must survive the top 276pt masthead crop; keep the key visual in the upper third and center 70% width.,generic_language_masthead,"Review the live crop on phone. If the subject is weak in the masthead, regenerate with the subject higher and larger.","Create an app-owned photographic-style hero image for a Vietnamese travel phrasebook. No readable text, no logos, no watermarks, no faces as the subject. Keep the main landmark/object recognizable inside the upper third because the iOS masthead crops a shallow horizontal band. Show Sân bay Đà Nẵng / Da Nang Airport with the real visual cue a first-time traveler would recognize.","no readable text, no watermark, no logos, no fake signs, no unrelated Ha Long Bay/karst imagery for city-specific pages, no people as the main subject",Simulator screenshot plus phone spot-check before DONE,app-owned generated asset,docs/editorial-exports/viet-image-assets/hero-image-production-001/generated_hero_assets.json,Add owned/licensed/generated page-specific artwork when this page becomes high priority.
P0,SHIPPED_REVIEW_CROP,viet-family-city-hanoi-place-bun-cha-huong-lien,Bún chả Hương Liên / Bun Cha Huong Lien,restaurant,HeroCityHanoiPlaceBunChaHuongLien,HeroCityHanoiPlaceBunChaHuongLien,native-ios/Resources/Assets.xcassets/HeroCityHanoiPlaceBunChaHuongLien.imageset/hero-city-hanoi-place-bun-cha-huong-lien.png,853 x 1844,853 x 1844,>= 1600 x 2400 preferred,PhraseListingView HeroMastheadImage,"center 50%, upper 32%; food or entrance must remain visible after fade",Recognizable subject must survive the top 276pt masthead crop; keep the key visual in the upper third and center 70% width.,generic_language_masthead,"Review the live crop on phone. If the subject is weak in the masthead, regenerate with the subject higher and larger.","Create an app-owned photographic-style hero image for a Vietnamese travel phrasebook. No readable text, no logos, no watermarks, no faces as the subject. Keep the main landmark/object recognizable inside the upper third because the iOS masthead crops a shallow horizontal band. Show Bún chả Hương Liên / Bun Cha Huong Lien through a tasteful restaurant/street-food table or entrance mood without copying a real storefront sign or brand logo.","no readable text, no watermark, no logos, no fake signs, no unrelated Ha Long Bay/karst imagery for city-specific pages, no people as the main subject",Simulator screenshot plus phone spot-check before DONE,app-owned generated asset,docs/editorial-exports/viet-image-assets/hero-image-production-001/generated_hero_assets.json,Add owned/licensed/generated page-specific artwork when this page becomes high priority.
P0,SHIPPED_REVIEW_CROP,viet-family-city-danang-place-nen,Nén Đà Nẵng / Nen Da Nang,restaurant,HeroCityDanangPlaceNen,HeroCityDanangPlaceNen,native-ios/Resources/Assets.xcassets/HeroCityDanangPlaceNen.imageset/hero-city-danang-place-nen.png,853 x 1844,853 x 1844,>= 1600 x 2400 preferred,PhraseListingView HeroMastheadImage,"center 50%, upper 32%; food or entrance must remain visible after fade",Recognizable subject must survive the top 276pt masthead crop; keep the key visual in the upper third and center 70% width.,generic_language_masthead,"Review the live crop on phone. If the subject is weak in the masthead, regenerate with the subject higher and larger.","Create an app-owned photographic-style hero image for a Vietnamese travel phrasebook. No readable text, no logos, no watermarks, no faces as the subject. Keep the main landmark/object recognizable inside the upper third because the iOS masthead crops a shallow horizontal band. Show Nén Đà Nẵng / Nen Da Nang through a tasteful restaurant/street-food table or entrance mood without copying a real storefront sign or brand logo.","no readable text, no watermark, no logos, no fake signs, no unrelated Ha Long Bay/karst imagery for city-specific pages, no people as the main subject",Simulator screenshot plus phone spot-check before DONE,app-owned generated asset,docs/editorial-exports/viet-image-assets/hero-image-production-001/generated_hero_assets.json,Add owned/licensed/generated page-specific artwork when this page becomes high priority.
P0,SHIPPED_REVIEW_CROP,viet-family-city-hanoi-place-pho-bat-dan,Phở Bát Đàn / Pho Bat Dan,restaurant,HeroCityHanoiPlacePhoBatDan,HeroCityHanoiPlacePhoBatDan,native-ios/Resources/Assets.xcassets/HeroCityHanoiPlacePhoBatDan.imageset/hero-city-hanoi-place-pho-bat-dan.png,853 x 1844,853 x 1844,>= 1600 x 2400 preferred,PhraseListingView HeroMastheadImage,"center 50%, upper 32%; food or entrance must remain visible after fade",Recognizable subject must survive the top 276pt masthead crop; keep the key visual in the upper third and center 70% width.,generic_language_masthead,"Review the live crop on phone. If the subject is weak in the masthead, regenerate with the subject higher and larger.","Create an app-owned photographic-style hero image for a Vietnamese travel phrasebook. No readable text, no logos, no watermarks, no faces as the subject. Keep the main landmark/object recognizable inside the upper third because the iOS masthead crops a shallow horizontal band. Show Phở Bát Đàn / Pho Bat Dan through a tasteful restaurant/street-food table or entrance mood without copying a real storefront sign or brand logo.","no readable text, no watermark, no logos, no fake signs, no unrelated Ha Long Bay/karst imagery for city-specific pages, no people as the main subject",Simulator screenshot plus phone spot-check before DONE,app-owned generated asset,docs/editorial-exports/viet-image-assets/hero-image-production-001/generated_hero_assets.json,Add owned/licensed/generated page-specific artwork when this page becomes high priority.
P0,SHIPPED_REVIEW_CROP,viet-family-city-danang-place-bach-dang-street,Đường Bạch Đằng / Bach Dang Street,streetDriver,HeroCityDanangPlaceBachDangStreet,HeroCityDanangPlaceBachDangStreet,native-ios/Resources/Assets.xcassets/HeroCityDanangPlaceBachDangStreet.imageset/hero-city-danang-place-bach-dang-street.png,853 x 1844,853 x 1844,>= 1600 x 2400 preferred,PhraseListingView HeroMastheadImage,"center 50%, upper 28%; road/address context, not fake signage",Recognizable subject must survive the top 276pt masthead crop; keep the key visual in the upper third and center 70% width.,generic_language_masthead,"Review the live crop on phone. If the subject is weak in the masthead, regenerate with the subject higher and larger.","Create an app-owned photographic-style hero image for a Vietnamese travel phrasebook. No readable text, no logos, no watermarks, no faces as the subject. Keep the main landmark/object recognizable inside the upper third because the iOS masthead crops a shallow horizontal band. Show Đường Bạch Đằng / Bach Dang Street as a driver/street context with road, curb, or address cues. Avoid fake readable street-sign text.","no readable text, no watermark, no logos, no fake signs, no unrelated Ha Long Bay/karst imagery for city-specific pages, no people as the main subject",Simulator screenshot plus phone spot-check before DONE,app-owned generated asset,docs/editorial-exports/viet-image-assets/hero-image-production-001/generated_hero_assets.json,Add owned/licensed/generated page-specific artwork when this page becomes high priority.
P0,SHIPPED_REVIEW_CROP,viet-family-city-danang-place-nguyen-van-linh-street,Đường Nguyễn Văn Linh / Nguyen Van Linh Street,streetDriver,HeroNguyenVanLinhStreet,HeroNguyenVanLinhStreet,native-ios/Resources/Assets.xcassets/HeroNguyenVanLinhStreet.imageset/hero-nguyen-van-linh-street.png,853 x 1844,853 x 1844,>= 1600 x 2400 preferred,PhraseListingView HeroMastheadImage,"center 50%, upper 28%; road/address context, not fake signage",Recognizable subject must survive the top 276pt masthead crop; keep the key visual in the upper third and center 70% width.,generic_language_masthead,"Review the live crop on phone. If the subject is weak in the masthead, regenerate with the subject higher and larger.","Create an app-owned photographic-style hero image for a Vietnamese travel phrasebook. No readable text, no logos, no watermarks, no faces as the subject. Keep the main landmark/object recognizable inside the upper third because the iOS masthead crops a shallow horizontal band. Show Đường Nguyễn Văn Linh / Nguyen Van Linh Street as a driver/street context with road, curb, or address cues. Avoid fake readable street-sign text.","no readable text, no watermark, no logos, no fake signs, no unrelated Ha Long Bay/karst imagery for city-specific pages, no people as the main subject",Simulator screenshot plus phone spot-check before DONE,existing app asset; audit ownership before reusing broadly,Add owned/licensed/generated page-specific artwork when this page becomes high priority.,Add owned/licensed/generated page-specific artwork when this page becomes high priority.
P0,SHIPPED_REVIEW_CROP,viet-family-city-danang-place-vo-nguyen-giap-street,Đường Võ Nguyên Giáp / Vo Nguyen Giap Street,streetDriver,HeroCityDanangPlaceVoNguyenGiapStreet,HeroCityDanangPlaceVoNguyenGiapStreet,native-ios/Resources/Assets.xcassets/HeroCityDanangPlaceVoNguyenGiapStreet.imageset/hero-city-danang-place-vo-nguyen-giap-street.png,853 x 1844,853 x 1844,>= 1600 x 2400 preferred,PhraseListingView HeroMastheadImage,"center 50%, upper 28%; road/address context, not fake signage",Recognizable subject must survive the top 276pt masthead crop; keep the key visual in the upper third and center 70% width.,generic_language_masthead,"Review the live crop on phone. If the subject is weak in the masthead, regenerate with the subject higher and larger.","Create an app-owned photographic-style hero image for a Vietnamese travel phrasebook. No readable text, no logos, no watermarks, no faces as the subject. Keep the main landmark/object recognizable inside the upper third because the iOS masthead crops a shallow horizontal band. Show Đường Võ Nguyên Giáp / Vo Nguyen Giap Street as a driver/street context with road, curb, or address cues. Avoid fake readable street-sign text.","no readable text, no watermark, no logos, no fake signs, no unrelated Ha Long Bay/karst imagery for city-specific pages, no people as the main subject",Simulator screenshot plus phone spot-check before DONE,app-owned generated asset,docs/editorial-exports/viet-image-assets/hero-image-production-001/generated_hero_assets.json,Add owned/licensed/generated page-specific artwork when this page becomes high priority.
P1,SHIPPED_REVIEW_CROP,viet-family-city-hcmc-place-war-remnants-museum,Bảo tàng Chứng tích Chiến tranh / War Remnants Museum,landmark,HeroCityHcmcPlaceWarRemnantsMuseum,HeroCityHcmcPlaceWarRemnantsMuseum,native-ios/Resources/Assets.xcassets/HeroCityHcmcPlaceWarRemnantsMuseum.imageset/hero-city-hcmc-place-war-remnants-museum.png,853 x 1844,853 x 1844,>= 1600 x 2400 preferred,PhraseListingView HeroMastheadImage,"center 50%, upper 25-35%; landmark silhouette must be recognizable",Recognizable subject must survive the top 276pt masthead crop; keep the key visual in the upper third and center 70% width.,generic_language_masthead,"Review the live crop on phone. If the subject is weak in the masthead, regenerate with the subject higher and larger.","Create an app-owned photographic-style hero image for a Vietnamese travel phrasebook. No readable text, no logos, no watermarks, no faces as the subject. Keep the main landmark/object recognizable inside the upper third because the iOS masthead crops a shallow horizontal band. Show Bảo tàng Chứng tích Chiến tranh / War Remnants Museum with the real visual cue a first-time traveler would recognize.","no readable text, no watermark, no logos, no fake signs, no unrelated Ha Long Bay/karst imagery for city-specific pages, no people as the main subject",Simulator screenshot plus phone spot-check before DONE,app-owned generated asset,docs/editorial-exports/viet-image-assets/hero-image-production-001/generated_hero_assets.json,Add owned/licensed/generated page-specific artwork when this page becomes high priority.
P1,SHIPPED_REVIEW_CROP,viet-family-city-hue-place-royal-antiquities-museum,Bảo tàng Cổ vật Cung đình Huế / Hue Museum of Royal Antiquities,landmark,HeroCityHuePlaceRoyalAntiquitiesMuseum,HeroCityHuePlaceRoyalAntiquitiesMuseum,native-ios/Resources/Assets.xcassets/HeroCityHuePlaceRoyalAntiquitiesMuseum.imageset/hero-city-hue-place-royal-antiquities-museum.png,853 x 1844,853 x 1844,>= 1600 x 2400 preferred,PhraseListingView HeroMastheadImage,"center 50%, upper 25-35%; landmark silhouette must be recognizable",Recognizable subject must survive the top 276pt masthead crop; keep the key visual in the upper third and center 70% width.,generic_language_masthead,"Review the live crop on phone. If the subject is weak in the masthead, regenerate with the subject higher and larger.","Create an app-owned photographic-style hero image for a Vietnamese travel phrasebook. No readable text, no logos, no watermarks, no faces as the subject. Keep the main landmark/object recognizable inside the upper third because the iOS masthead crops a shallow horizontal band. Show Bảo tàng Cổ vật Cung đình Huế / Hue Museum of Royal Antiquities with the real visual cue a first-time traveler would recognize.","no readable text, no watermark, no logos, no fake signs, no unrelated Ha Long Bay/karst imagery for city-specific pages, no people as the main subject",Simulator screenshot plus phone spot-check before DONE,app-owned generated asset,docs/editorial-exports/viet-image-assets/hero-image-production-001/generated_hero_assets.json,Add owned/licensed/generated page-specific artwork when this page becomes high priority.
P1,SHIPPED_REVIEW_CROP,viet-family-city-hanoi-place-ethnology-museum,Bảo tàng Dân tộc học / Vietnam Museum of Ethnology,landmark,HeroCityHanoiPlaceEthnologyMuseum,HeroCityHanoiPlaceEthnologyMuseum,native-ios/Resources/Assets.xcassets/HeroCityHanoiPlaceEthnologyMuseum.imageset/hero-city-hanoi-place-ethnology-museum.png,853 x 1844,853 x 1844,>= 1600 x 2400 preferred,PhraseListingView HeroMastheadImage,"center 50%, upper 25-35%; landmark silhouette must be recognizable",Recognizable subject must survive the top 276pt masthead crop; keep the key visual in the upper third and center 70% width.,generic_language_masthead,"Review the live crop on phone. If the subject is weak in the masthead, regenerate with the subject higher and larger.","Create an app-owned photographic-style hero image for a Vietnamese travel phrasebook. No readable text, no logos, no watermarks, no faces as the subject. Keep the main landmark/object recognizable inside the upper third because the iOS masthead crops a shallow horizontal band. Show Bảo tàng Dân tộc học / Vietnam Museum of Ethnology with the real visual cue a first-time traveler would recognize.","no readable text, no watermark, no logos, no fake signs, no unrelated Ha Long Bay/karst imagery for city-specific pages, no people as the main subject",Simulator screenshot plus phone spot-check before DONE,app-owned generated asset,docs/editorial-exports/viet-image-assets/hero-image-production-001/generated_hero_assets.json,Add owned/licensed/generated page-specific artwork when this page becomes high priority.
P1,SHIPPED_REVIEW_CROP,viet-family-city-hoian-place-precious-heritage-museum,Bảo tàng Di sản Vô giá / Precious Heritage Museum,landmark,HeroCityHoianPlacePreciousHeritageMuseum,HeroCityHoianPlacePreciousHeritageMuseum,native-ios/Resources/Assets.xcassets/HeroCityHoianPlacePreciousHeritageMuseum.imageset/hero-city-hoian-place-precious-heritage-museum.png,853 x 1844,853 x 1844,>= 1600 x 2400 preferred,PhraseListingView HeroMastheadImage,"center 50%, upper 25-35%; landmark silhouette must be recognizable",Recognizable subject must survive the top 276pt masthead crop; keep the key visual in the upper third and center 70% width.,generic_language_masthead,"Review the live crop on phone. If the subject is weak in the masthead, regenerate with the subject higher and larger.","Create an app-owned photographic-style hero image for a Vietnamese travel phrasebook. No readable text, no logos, no watermarks, no faces as the subject. Keep the main landmark/object recognizable inside the upper third because the iOS masthead crops a shallow horizontal band. Show Bảo tàng Di sản Vô giá / Precious Heritage Museum with the real visual cue a first-time traveler would recognize.","no readable text, no watermark, no logos, no fake signs, no unrelated Ha Long Bay/karst imagery for city-specific pages, no people as the main subject",Simulator screenshot plus phone spot-check before DONE,app-owned generated asset,docs/editorial-exports/viet-image-assets/hero-image-production-001/generated_hero_assets.json,Add owned/licensed/generated page-specific artwork when this page becomes high priority.
P1,SHIPPED_REVIEW_CROP,viet-family-city-danang-place-cham-museum,Bảo tàng Điêu khắc Chăm / Museum of Cham Sculpture,landmark,HeroCityDanangPlaceChamMuseum,HeroCityDanangPlaceChamMuseum,native-ios/Resources/Assets.xcassets/HeroCityDanangPlaceChamMuseum.imageset/hero-city-danang-place-cham-museum.png,853 x 1844,853 x 1844,>= 1600 x 2400 preferred,PhraseListingView HeroMastheadImage,"center 50%, upper 25-35%; landmark silhouette must be recognizable",Recognizable subject must survive the top 276pt masthead crop; keep the key visual in the upper third and center 70% width.,generic_language_masthead,"Review the live crop on phone. If the subject is weak in the masthead, regenerate with the subject higher and larger.","Create an app-owned photographic-style hero image for a Vietnamese travel phrasebook. No readable text, no logos, no watermarks, no faces as the subject. Keep the main landmark/object recognizable inside the upper third because the iOS masthead crops a shallow horizontal band. Show Bảo tàng Điêu khắc Chăm / Museum of Cham Sculpture with the real visual cue a first-time traveler would recognize.","no readable text, no watermark, no logos, no fake signs, no unrelated Ha Long Bay/karst imagery for city-specific pages, no people as the main subject",Simulator screenshot plus phone spot-check before DONE,app-owned generated asset,docs/editorial-exports/viet-image-assets/hero-image-production-001/generated_hero_assets.json,Add owned/licensed/generated page-specific artwork when this page becomes high priority.
P1,SHIPPED_REVIEW_CROP,viet-family-city-hcmc-place-fine-arts-museum,Bảo tàng Mỹ thuật / Fine Arts Museum,landmark,HeroCityHcmcPlaceFineArtsMuseum,HeroCityHcmcPlaceFineArtsMuseum,native-ios/Resources/Assets.xcassets/HeroCityHcmcPlaceFineArtsMuseum.imageset/hero-city-hcmc-place-fine-arts-museum.png,853 x 1844,853 x 1844,>= 1600 x 2400 preferred,PhraseListingView HeroMastheadImage,"center 50%, upper 25-35%; landmark silhouette must be recognizable",Recognizable subject must survive the top 276pt masthead crop; keep the key visual in the upper third and center 70% width.,generic_language_masthead,"Review the live crop on phone. If the subject is weak in the masthead, regenerate with the subject higher and larger.","Create an app-owned photographic-style hero image for a Vietnamese travel phrasebook. No readable text, no logos, no watermarks, no faces as the subject. Keep the main landmark/object recognizable inside the upper third because the iOS masthead crops a shallow horizontal band. Show Bảo tàng Mỹ thuật / Fine Arts Museum with the real visual cue a first-time traveler would recognize.","no readable text, no watermark, no logos, no fake signs, no unrelated Ha Long Bay/karst imagery for city-specific pages, no people as the main subject",Simulator screenshot plus phone spot-check before DONE,app-owned generated asset,docs/editorial-exports/viet-image-assets/hero-image-production-001/generated_hero_assets.json,Add owned/licensed/generated page-specific artwork when this page becomes high priority.
P1,SHIPPED_REVIEW_CROP,viet-family-city-hoian-place-cua-dai-beach,Biển Cửa Đại / Cua Dai Beach,landmark,HeroCityHoianPlaceCuaDaiBeach,HeroCityHoianPlaceCuaDaiBeach,native-ios/Resources/Assets.xcassets/HeroCityHoianPlaceCuaDaiBeach.imageset/hero-city-hoian-place-cua-dai-beach.png,853 x 1844,853 x 1844,>= 1600 x 2400 preferred,PhraseListingView HeroMastheadImage,"center 50%, upper 25-35%; landmark silhouette must be recognizable",Recognizable subject must survive the top 276pt masthead crop; keep the key visual in the upper third and center 70% width.,generic_language_masthead,"Review the live crop on phone. If the subject is weak in the masthead, regenerate with the subject higher and larger.","Create an app-owned photographic-style hero image for a Vietnamese travel phrasebook. No readable text, no logos, no watermarks, no faces as the subject. Keep the main landmark/object recognizable inside the upper third because the iOS masthead crops a shallow horizontal band. Show Biển Cửa Đại / Cua Dai Beach with the real visual cue a first-time traveler would recognize.","no readable text, no watermark, no logos, no fake signs, no unrelated Ha Long Bay/karst imagery for city-specific pages, no people as the main subject",Simulator screenshot plus phone spot-check before DONE,app-owned generated asset,docs/editorial-exports/viet-image-assets/hero-image-production-001/generated_hero_assets.json,Add owned/licensed/generated page-specific artwork when this page becomes high priority.
P1,SHIPPED_REVIEW_CROP,viet-family-city-danang-place-man-thai-beach,Biển Mân Thái / Man Thai Beach,landmark,HeroCityDanangPlaceManThaiBeach,HeroCityDanangPlaceManThaiBeach,native-ios/Resources/Assets.xcassets/HeroCityDanangPlaceManThaiBeach.imageset/hero-city-danang-place-man-thai-beach.png,853 x 1844,853 x 1844,>= 1600 x 2400 preferred,PhraseListingView HeroMastheadImage,"center 50%, upper 25-35%; landmark silhouette must be recognizable",Recognizable subject must survive the top 276pt masthead crop; keep the key visual in the upper third and center 70% width.,generic_language_masthead,"Review the live crop on phone. If the subject is weak in the masthead, regenerate with the subject higher and larger.","Create an app-owned photographic-style hero image for a Vietnamese travel phrasebook. No readable text, no logos, no watermarks, no faces as the subject. Keep the main landmark/object recognizable inside the upper third because the iOS masthead crops a shallow horizontal band. Show Biển Mân Thái / Man Thai Beach with the real visual cue a first-time traveler would recognize.","no readable text, no watermark, no logos, no fake signs, no unrelated Ha Long Bay/karst imagery for city-specific pages, no people as the main subject",Simulator screenshot plus phone spot-check before DONE,app-owned generated asset,docs/editorial-exports/viet-image-assets/hero-image-production-001/generated_hero_assets.json,Add owned/licensed/generated page-specific artwork when this page becomes high priority.
P1,SHIPPED_REVIEW_CROP,viet-family-city-danang-place-non-nuoc-beach,Biển Non Nước / Non Nuoc Beach,landmark,HeroCityDanangPlaceNonNuocBeach,HeroCityDanangPlaceNonNuocBeach,native-ios/Resources/Assets.xcassets/HeroCityDanangPlaceNonNuocBeach.imageset/hero-city-danang-place-non-nuoc-beach.png,853 x 1844,853 x 1844,>= 1600 x 2400 preferred,PhraseListingView HeroMastheadImage,"center 50%, upper 25-35%; landmark silhouette must be recognizable",Recognizable subject must survive the top 276pt masthead crop; keep the key visual in the upper third and center 70% width.,generic_language_masthead,"Review the live crop on phone. If the subject is weak in the masthead, regenerate with the subject higher and larger.","Create an app-owned photographic-style hero image for a Vietnamese travel phrasebook. No readable text, no logos, no watermarks, no faces as the subject. Keep the main landmark/object recognizable inside the upper third because the iOS masthead crops a shallow horizontal band. Show Biển Non Nước / Non Nuoc Beach with the real visual cue a first-time traveler would recognize.","no readable text, no watermark, no logos, no fake signs, no unrelated Ha Long Bay/karst imagery for city-specific pages, no people as the main subject",Simulator screenshot plus phone spot-check before DONE,app-owned generated asset,docs/editorial-exports/viet-image-assets/hero-image-production-001/generated_hero_assets.json,Add owned/licensed/generated page-specific artwork when this page becomes high priority.
P1,SHIPPED_REVIEW_CROP,viet-family-city-hanoi-place-long-bien-bridge,Cầu Long Biên / Long Bien Bridge,landmark,HeroCityHanoiPlaceLongBienBridge,HeroCityHanoiPlaceLongBienBridge,native-ios/Resources/Assets.xcassets/HeroCityHanoiPlaceLongBienBridge.imageset/hero-city-hanoi-place-long-bien-bridge.png,853 x 1844,853 x 1844,>= 1600 x 2400 preferred,PhraseListingView HeroMastheadImage,"center 50%, upper 25-35%; landmark silhouette must be recognizable",Recognizable subject must survive the top 276pt masthead crop; keep the key visual in the upper third and center 70% width.,generic_language_masthead,"Review the live crop on phone. If the subject is weak in the masthead, regenerate with the subject higher and larger.","Create an app-owned photographic-style hero image for a Vietnamese travel phrasebook. No readable text, no logos, no watermarks, no faces as the subject. Keep the main landmark/object recognizable inside the upper third because the iOS masthead crops a shallow horizontal band. Show Cầu Long Biên / Long Bien Bridge with the real visual cue a first-time traveler would recognize.","no readable text, no watermark, no logos, no fake signs, no unrelated Ha Long Bay/karst imagery for city-specific pages, no people as the main subject",Simulator screenshot plus phone spot-check before DONE,app-owned generated asset,docs/editorial-exports/viet-image-assets/hero-image-production-001/generated_hero_assets.json,Add owned/licensed/generated page-specific artwork when this page becomes high priority.
P1,SHIPPED_REVIEW_CROP,viet-family-city-hue-place-thanh-toan-bridge,Cầu ngói Thanh Toàn / Thanh Toan Bridge,landmark,HeroCityHuePlaceThanhToanBridge,HeroCityHuePlaceThanhToanBridge,native-ios/Resources/Assets.xcassets/HeroCityHuePlaceThanhToanBridge.imageset/hero-city-hue-place-thanh-toan-bridge.png,853 x 1844,853 x 1844,>= 1600 x 2400 preferred,PhraseListingView HeroMastheadImage,"center 50%, upper 25-35%; landmark silhouette must be recognizable",Recognizable subject must survive the top 276pt masthead crop; keep the key visual in the upper third and center 70% width.,generic_language_masthead,"Review the live crop on phone. If the subject is weak in the masthead, regenerate with the subject higher and larger.","Create an app-owned photographic-style hero image for a Vietnamese travel phrasebook. No readable text, no logos, no watermarks, no faces as the subject. Keep the main landmark/object recognizable inside the upper third because the iOS masthead crops a shallow horizontal band. Show Cầu ngói Thanh Toàn / Thanh Toan Bridge with the real visual cue a first-time traveler would recognize.","no readable text, no watermark, no logos, no fake signs, no unrelated Ha Long Bay/karst imagery for city-specific pages, no people as the main subject",Simulator screenshot plus phone spot-check before DONE,app-owned generated asset,docs/editorial-exports/viet-image-assets/hero-image-production-001/generated_hero_assets.json,Add owned/licensed/generated page-specific artwork when this page becomes high priority.
P1,SHIPPED_REVIEW_CROP,viet-family-city-danang-place-love-bridge,Cầu Tình Yêu / Love Bridge,landmark,HeroCityDanangPlaceLoveBridge,HeroCityDanangPlaceLoveBridge,native-ios/Resources/Assets.xcassets/HeroCityDanangPlaceLoveBridge.imageset/hero-city-danang-place-love-bridge.png,853 x 1844,853 x 1844,>= 1600 x 2400 preferred,PhraseListingView HeroMastheadImage,"center 50%, upper 25-35%; landmark silhouette must be recognizable",Recognizable subject must survive the top 276pt masthead crop; keep the key visual in the upper third and center 70% width.,generic_language_masthead,"Review the live crop on phone. If the subject is weak in the masthead, regenerate with the subject higher and larger.","Create an app-owned photographic-style hero image for a Vietnamese travel phrasebook. No readable text, no logos, no watermarks, no faces as the subject. Keep the main landmark/object recognizable inside the upper third because the iOS masthead crops a shallow horizontal band. Show Cầu Tình Yêu / Love Bridge with the real visual cue a first-time traveler would recognize.","no readable text, no watermark, no logos, no fake signs, no unrelated Ha Long Bay/karst imagery for city-specific pages, no people as the main subject",Simulator screenshot plus phone spot-check before DONE,app-owned generated asset,docs/editorial-exports/viet-image-assets/hero-image-production-001/generated_hero_assets.json,Add owned/licensed/generated page-specific artwork when this page becomes high priority.
P1,SHIPPED_REVIEW_CROP,viet-family-city-danang-place-tran-thi-ly-bridge,Cầu Trần Thị Lý / Tran Thi Ly Bridge,landmark,HeroCityDanangPlaceTranThiLyBridge,HeroCityDanangPlaceTranThiLyBridge,native-ios/Resources/Assets.xcassets/HeroCityDanangPlaceTranThiLyBridge.imageset/hero-city-danang-place-tran-thi-ly-bridge.png,853 x 1844,853 x 1844,>= 1600 x 2400 preferred,PhraseListingView HeroMastheadImage,"center 50%, upper 25-35%; landmark silhouette must be recognizable",Recognizable subject must survive the top 276pt masthead crop; keep the key visual in the upper third and center 70% width.,generic_language_masthead,"Review the live crop on phone. If the subject is weak in the masthead, regenerate with the subject higher and larger.","Create an app-owned photographic-style hero image for a Vietnamese travel phrasebook. No readable text, no logos, no watermarks, no faces as the subject. Keep the main landmark/object recognizable inside the upper third because the iOS masthead crops a shallow horizontal band. Show Cầu Trần Thị Lý / Tran Thi Ly Bridge with the real visual cue a first-time traveler would recognize.","no readable text, no watermark, no logos, no fake signs, no unrelated Ha Long Bay/karst imagery for city-specific pages, no people as the main subject",Simulator screenshot plus phone spot-check before DONE,app-owned generated asset,docs/editorial-exports/viet-image-assets/hero-image-production-001/generated_hero_assets.json,Add owned/licensed/generated page-specific artwork when this page becomes high priority.
P1,SHIPPED_REVIEW_CROP,viet-family-city-danang-place-golden-bridge,Cầu Vàng / Golden Bridge,landmark,HeroCityDanangPlaceGoldenBridge,HeroCityDanangPlaceGoldenBridge,native-ios/Resources/Assets.xcassets/HeroCityDanangPlaceGoldenBridge.imageset/hero-city-danang-place-golden-bridge.png,853 x 1844,853 x 1844,>= 1600 x 2400 preferred,PhraseListingView HeroMastheadImage,"center 50%, upper 25-35%; landmark silhouette must be recognizable",Recognizable subject must survive the top 276pt masthead crop; keep the key visual in the upper third and center 70% width.,generic_language_masthead,"Review the live crop on phone. If the subject is weak in the masthead, regenerate with the subject higher and larger.","Create an app-owned photographic-style hero image for a Vietnamese travel phrasebook. No readable text, no logos, no watermarks, no faces as the subject. Keep the main landmark/object recognizable inside the upper third because the iOS masthead crops a shallow horizontal band. Show Cầu Vàng / Golden Bridge with the real visual cue a first-time traveler would recognize.","no readable text, no watermark, no logos, no fake signs, no unrelated Ha Long Bay/karst imagery for city-specific pages, no people as the main subject",Simulator screenshot plus phone spot-check before DONE,app-owned generated asset,docs/editorial-exports/viet-image-assets/hero-image-production-001/generated_hero_assets.json,Add owned/licensed/generated page-specific artwork when this page becomes high priority.
P1,SHIPPED_REVIEW_CROP,viet-family-city-hue-place-an-cuu-market,Chợ An Cựu / An Cuu Market,landmark,HeroCityHuePlaceAnCuuMarket,HeroCityHuePlaceAnCuuMarket,native-ios/Resources/Assets.xcassets/HeroCityHuePlaceAnCuuMarket.imageset/hero-city-hue-place-an-cuu-market.png,853 x 1844,853 x 1844,>= 1600 x 2400 preferred,PhraseListingView HeroMastheadImage,"center 50%, upper 25-35%; landmark silhouette must be recognizable",Recognizable subject must survive the top 276pt masthead crop; keep the key visual in the upper third and center 70% width.,generic_language_masthead,"Review the live crop on phone. If the subject is weak in the masthead, regenerate with the subject higher and larger.","Create an app-owned photographic-style hero image for a Vietnamese travel phrasebook. No readable text, no logos, no watermarks, no faces as the subject. Keep the main landmark/object recognizable inside the upper third because the iOS masthead crops a shallow horizontal band. Show Chợ An Cựu / An Cuu Market with the real visual cue a first-time traveler would recognize.","no readable text, no watermark, no logos, no fake signs, no unrelated Ha Long Bay/karst imagery for city-specific pages, no people as the main subject",Simulator screenshot plus phone spot-check before DONE,app-owned generated asset,docs/editorial-exports/viet-image-assets/hero-image-production-001/generated_hero_assets.json,Add owned/licensed/generated page-specific artwork when this page becomes high priority.
P1,SHIPPED_REVIEW_CROP,viet-family-city-hcmc-place-ben-thanh-market,Chợ Bến Thành / Ben Thanh Market,landmark,HeroCityHcmcPlaceBenThanhMarket,HeroCityHcmcPlaceBenThanhMarket,native-ios/Resources/Assets.xcassets/HeroCityHcmcPlaceBenThanhMarket.imageset/hero-city-hcmc-place-ben-thanh-market.png,853 x 1844,853 x 1844,>= 1600 x 2400 preferred,PhraseListingView HeroMastheadImage,"center 50%, upper 25-35%; landmark silhouette must be recognizable",Recognizable subject must survive the top 276pt masthead crop; keep the key visual in the upper third and center 70% width.,generic_language_masthead,"Review the live crop on phone. If the subject is weak in the masthead, regenerate with the subject higher and larger.","Create an app-owned photographic-style hero image for a Vietnamese travel phrasebook. No readable text, no logos, no watermarks, no faces as the subject. Keep the main landmark/object recognizable inside the upper third because the iOS masthead crops a shallow horizontal band. Show Chợ Bến Thành / Ben Thanh Market with the real visual cue a first-time traveler would recognize.","no readable text, no watermark, no logos, no fake signs, no unrelated Ha Long Bay/karst imagery for city-specific pages, no people as the main subject",Simulator screenshot plus phone spot-check before DONE,app-owned generated asset,docs/editorial-exports/viet-image-assets/hero-image-production-001/generated_hero_assets.json,Add owned/licensed/generated page-specific artwork when this page becomes high priority.
P1,SHIPPED_REVIEW_CROP,viet-family-city-hcmc-place-binh-tay-market,Chợ Bình Tây / Binh Tay Market,landmark,HeroCityHcmcPlaceBinhTayMarket,HeroCityHcmcPlaceBinhTayMarket,native-ios/Resources/Assets.xcassets/HeroCityHcmcPlaceBinhTayMarket.imageset/hero-city-hcmc-place-binh-tay-market.png,853 x 1844,853 x 1844,>= 1600 x 2400 preferred,PhraseListingView HeroMastheadImage,"center 50%, upper 25-35%; landmark silhouette must be recognizable",Recognizable subject must survive the top 276pt masthead crop; keep the key visual in the upper third and center 70% width.,generic_language_masthead,"Review the live crop on phone. If the subject is weak in the masthead, regenerate with the subject higher and larger.","Create an app-owned photographic-style hero image for a Vietnamese travel phrasebook. No readable text, no logos, no watermarks, no faces as the subject. Keep the main landmark/object recognizable inside the upper third because the iOS masthead crops a shallow horizontal band. Show Chợ Bình Tây / Binh Tay Market with the real visual cue a first-time traveler would recognize.","no readable text, no watermark, no logos, no fake signs, no unrelated Ha Long Bay/karst imagery for city-specific pages, no people as the main subject",Simulator screenshot plus phone spot-check before DONE,app-owned generated asset,docs/editorial-exports/viet-image-assets/hero-image-production-001/generated_hero_assets.json,Add owned/licensed/generated page-specific artwork when this page becomes high priority.
P1,SHIPPED_REVIEW_CROP,viet-family-city-danang-place-con-market,Chợ Cồn / Con Market,landmark,HeroCityDanangPlaceConMarket,HeroCityDanangPlaceConMarket,native-ios/Resources/Assets.xcassets/HeroCityDanangPlaceConMarket.imageset/hero-city-danang-place-con-market.png,853 x 1844,853 x 1844,>= 1600 x 2400 preferred,PhraseListingView HeroMastheadImage,"center 50%, upper 25-35%; landmark silhouette must be recognizable",Recognizable subject must survive the top 276pt masthead crop; keep the key visual in the upper third and center 70% width.,generic_language_masthead,"Review the live crop on phone. If the subject is weak in the masthead, regenerate with the subject higher and larger.","Create an app-owned photographic-style hero image for a Vietnamese travel phrasebook. No readable text, no logos, no watermarks, no faces as the subject. Keep the main landmark/object recognizable inside the upper third because the iOS masthead crops a shallow horizontal band. Show Chợ Cồn / Con Market with the real visual cue a first-time traveler would recognize.","no readable text, no watermark, no logos, no fake signs, no unrelated Ha Long Bay/karst imagery for city-specific pages, no people as the main subject",Simulator screenshot plus phone spot-check before DONE,app-owned generated asset,docs/editorial-exports/viet-image-assets/hero-image-production-001/generated_hero_assets.json,Add owned/licensed/generated page-specific artwork when this page becomes high priority.
P1,SHIPPED_REVIEW_CROP,viet-family-city-danang-place-helio-night-market,Chợ đêm Helio / Helio Night Market,landmark,HeroCityDanangPlaceHelioNightMarket,HeroCityDanangPlaceHelioNightMarket,native-ios/Resources/Assets.xcassets/HeroCityDanangPlaceHelioNightMarket.imageset/hero-city-danang-place-helio-night-market.png,853 x 1844,853 x 1844,>= 1600 x 2400 preferred,PhraseListingView HeroMastheadImage,"center 50%, upper 25-35%; landmark silhouette must be recognizable",Recognizable subject must survive the top 276pt masthead crop; keep the key visual in the upper third and center 70% width.,generic_language_masthead,"Review the live crop on phone. If the subject is weak in the masthead, regenerate with the subject higher and larger.","Create an app-owned photographic-style hero image for a Vietnamese travel phrasebook. No readable text, no logos, no watermarks, no faces as the subject. Keep the main landmark/object recognizable inside the upper third because the iOS masthead crops a shallow horizontal band. Show Chợ đêm Helio / Helio Night Market with the real visual cue a first-time traveler would recognize.","no readable text, no watermark, no logos, no fake signs, no unrelated Ha Long Bay/karst imagery for city-specific pages, no people as the main subject",Simulator screenshot plus phone spot-check before DONE,app-owned generated asset,docs/editorial-exports/viet-image-assets/hero-image-production-001/generated_hero_assets.json,Add owned/licensed/generated page-specific artwork when this page becomes high priority.
P1,SHIPPED_REVIEW_CROP,viet-family-city-hoian-place-night-market,Chợ đêm Hội An / Hoi An Night Market,landmark,HeroCityHoianPlaceNightMarket,HeroCityHoianPlaceNightMarket,native-ios/Resources/Assets.xcassets/HeroCityHoianPlaceNightMarket.imageset/hero-city-hoian-place-night-market.png,853 x 1844,853 x 1844,>= 1600 x 2400 preferred,PhraseListingView HeroMastheadImage,"center 50%, upper 25-35%; landmark silhouette must be recognizable",Recognizable subject must survive the top 276pt masthead crop; keep the key visual in the upper third and center 70% width.,generic_language_masthead,"Review the live crop on phone. If the subject is weak in the masthead, regenerate with the subject higher and larger.","Create an app-owned photographic-style hero image for a Vietnamese travel phrasebook. No readable text, no logos, no watermarks, no faces as the subject. Keep the main landmark/object recognizable inside the upper third because the iOS masthead crops a shallow horizontal band. Show Chợ đêm Hội An / Hoi An Night Market with the real visual cue a first-time traveler would recognize.","no readable text, no watermark, no logos, no fake signs, no unrelated Ha Long Bay/karst imagery for city-specific pages, no people as the main subject",Simulator screenshot plus phone spot-check before DONE,app-owned generated asset,docs/editorial-exports/viet-image-assets/hero-image-production-001/generated_hero_assets.json,Add owned/licensed/generated page-specific artwork when this page becomes high priority.
P1,SHIPPED_REVIEW_CROP,viet-family-city-hue-place-night-market,Chợ đêm Huế / Hue Night Market,landmark,HeroCityHuePlaceNightMarket,HeroCityHuePlaceNightMarket,native-ios/Resources/Assets.xcassets/HeroCityHuePlaceNightMarket.imageset/hero-city-hue-place-night-market.png,853 x 1844,853 x 1844,>= 1600 x 2400 preferred,PhraseListingView HeroMastheadImage,"center 50%, upper 25-35%; landmark silhouette must be recognizable",Recognizable subject must survive the top 276pt masthead crop; keep the key visual in the upper third and center 70% width.,generic_language_masthead,"Review the live crop on phone. If the subject is weak in the masthead, regenerate with the subject higher and larger.","Create an app-owned photographic-style hero image for a Vietnamese travel phrasebook. No readable text, no logos, no watermarks, no faces as the subject. Keep the main landmark/object recognizable inside the upper third because the iOS masthead crops a shallow horizontal band. Show Chợ đêm Huế / Hue Night Market with the real visual cue a first-time traveler would recognize.","no readable text, no watermark, no logos, no fake signs, no unrelated Ha Long Bay/karst imagery for city-specific pages, no people as the main subject",Simulator screenshot plus phone spot-check before DONE,app-owned generated asset,docs/editorial-exports/viet-image-assets/hero-image-production-001/generated_hero_assets.json,Add owned/licensed/generated page-specific artwork when this page becomes high priority.
P1,SHIPPED_REVIEW_CROP,viet-family-city-hoian-place-nguyen-hoang-night-market,Chợ đêm Nguyễn Hoàng / Nguyen Hoang Night Market,landmark,HeroCityHoianPlaceNguyenHoangNightMarket,HeroCityHoianPlaceNguyenHoangNightMarket,native-ios/Resources/Assets.xcassets/HeroCityHoianPlaceNguyenHoangNightMarket.imageset/hero-city-hoian-place-nguyen-hoang-night-market.png,853 x 1844,853 x 1844,>= 1600 x 2400 preferred,PhraseListingView HeroMastheadImage,"center 50%, upper 25-35%; landmark silhouette must be recognizable",Recognizable subject must survive the top 276pt masthead crop; keep the key visual in the upper third and center 70% width.,generic_language_masthead,"Review the live crop on phone. If the subject is weak in the masthead, regenerate with the subject higher and larger.","Create an app-owned photographic-style hero image for a Vietnamese travel phrasebook. No readable text, no logos, no watermarks, no faces as the subject. Keep the main landmark/object recognizable inside the upper third because the iOS masthead crops a shallow horizontal band. Show Chợ đêm Nguyễn Hoàng / Nguyen Hoang Night Market with the real visual cue a first-time traveler would recognize.","no readable text, no watermark, no logos, no fake signs, no unrelated Ha Long Bay/karst imagery for city-specific pages, no people as the main subject",Simulator screenshot plus phone spot-check before DONE,app-owned generated asset,docs/editorial-exports/viet-image-assets/hero-image-production-001/generated_hero_assets.json,Add owned/licensed/generated page-specific artwork when this page becomes high priority.
P1,SHIPPED_REVIEW_CROP,viet-family-city-danang-place-son-tra-night-market,Chợ đêm Sơn Trà / Son Tra Night Market,landmark,HeroCityDanangPlaceSonTraNightMarket,HeroCityDanangPlaceSonTraNightMarket,native-ios/Resources/Assets.xcassets/HeroCityDanangPlaceSonTraNightMarket.imageset/hero-city-danang-place-son-tra-night-market.png,853 x 1844,853 x 1844,>= 1600 x 2400 preferred,PhraseListingView HeroMastheadImage,"center 50%, upper 25-35%; landmark silhouette must be recognizable",Recognizable subject must survive the top 276pt masthead crop; keep the key visual in the upper third and center 70% width.,generic_language_masthead,"Review the live crop on phone. If the subject is weak in the masthead, regenerate with the subject higher and larger.","Create an app-owned photographic-style hero image for a Vietnamese travel phrasebook. No readable text, no logos, no watermarks, no faces as the subject. Keep the main landmark/object recognizable inside the upper third because the iOS masthead crops a shallow horizontal band. Show Chợ đêm Sơn Trà / Son Tra Night Market with the real visual cue a first-time traveler would recognize.","no readable text, no watermark, no logos, no fake signs, no unrelated Ha Long Bay/karst imagery for city-specific pages, no people as the main subject",Simulator screenshot plus phone spot-check before DONE,app-owned generated asset,docs/editorial-exports/viet-image-assets/hero-image-production-001/generated_hero_assets.json,Add owned/licensed/generated page-specific artwork when this page becomes high priority.
P1,SHIPPED_REVIEW_CROP,viet-family-city-hcmc-place-ho-thi-ky-flower-market,Chợ hoa Hồ Thị Kỷ / Ho Thi Ky Flower Market,landmark,HeroCityHcmcPlaceHoThiKyFlowerMarket,HeroCityHcmcPlaceHoThiKyFlowerMarket,native-ios/Resources/Assets.xcassets/HeroCityHcmcPlaceHoThiKyFlowerMarket.imageset/hero-city-hcmc-place-ho-thi-ky-flower-market.png,853 x 1844,853 x 1844,>= 1600 x 2400 preferred,PhraseListingView HeroMastheadImage,"center 50%, upper 25-35%; landmark silhouette must be recognizable",Recognizable subject must survive the top 276pt masthead crop; keep the key visual in the upper third and center 70% width.,generic_language_masthead,"Review the live crop on phone. If the subject is weak in the masthead, regenerate with the subject higher and larger.","Create an app-owned photographic-style hero image for a Vietnamese travel phrasebook. No readable text, no logos, no watermarks, no faces as the subject. Keep the main landmark/object recognizable inside the upper third because the iOS masthead crops a shallow horizontal band. Show Chợ hoa Hồ Thị Kỷ / Ho Thi Ky Flower Market with the real visual cue a first-time traveler would recognize.","no readable text, no watermark, no logos, no fake signs, no unrelated Ha Long Bay/karst imagery for city-specific pages, no people as the main subject",Simulator screenshot plus phone spot-check before DONE,app-owned generated asset,docs/editorial-exports/viet-image-assets/hero-image-production-001/generated_hero_assets.json,Add owned/licensed/generated page-specific artwork when this page becomes high priority.
P1,SHIPPED_REVIEW_CROP,viet-family-city-hoian-place-market,Chợ Hội An / Hoi An Market,landmark,HeroCityHoianPlaceMarket,HeroCityHoianPlaceMarket,native-ios/Resources/Assets.xcassets/HeroCityHoianPlaceMarket.imageset/hero-city-hoian-place-market.png,853 x 1844,853 x 1844,>= 1600 x 2400 preferred,PhraseListingView HeroMastheadImage,"center 50%, upper 25-35%; landmark silhouette must be recognizable",Recognizable subject must survive the top 276pt masthead crop; keep the key visual in the upper third and center 70% width.,generic_language_masthead,"Review the live crop on phone. If the subject is weak in the masthead, regenerate with the subject higher and larger.","Create an app-owned photographic-style hero image for a Vietnamese travel phrasebook. No readable text, no logos, no watermarks, no faces as the subject. Keep the main landmark/object recognizable inside the upper third because the iOS masthead crops a shallow horizontal band. Show Chợ Hội An / Hoi An Market with the real visual cue a first-time traveler would recognize.","no readable text, no watermark, no logos, no fake signs, no unrelated Ha Long Bay/karst imagery for city-specific pages, no people as the main subject",Simulator screenshot plus phone spot-check before DONE,app-owned generated asset,docs/editorial-exports/viet-image-assets/hero-image-production-001/generated_hero_assets.json,Add owned/licensed/generated page-specific artwork when this page becomes high priority.
P1,SHIPPED_REVIEW_CROP,viet-family-city-hanoi-place-long-bien-market,Chợ Long Biên / Long Bien Market,landmark,HeroCityHanoiPlaceLongBienMarket,HeroCityHanoiPlaceLongBienMarket,native-ios/Resources/Assets.xcassets/HeroCityHanoiPlaceLongBienMarket.imageset/hero-city-hanoi-place-long-bien-market.png,853 x 1844,853 x 1844,>= 1600 x 2400 preferred,PhraseListingView HeroMastheadImage,"center 50%, upper 25-35%; landmark silhouette must be recognizable",Recognizable subject must survive the top 276pt masthead crop; keep the key visual in the upper third and center 70% width.,generic_language_masthead,"Review the live crop on phone. If the subject is weak in the masthead, regenerate with the subject higher and larger.","Create an app-owned photographic-style hero image for a Vietnamese travel phrasebook. No readable text, no logos, no watermarks, no faces as the subject. Keep the main landmark/object recognizable inside the upper third because the iOS masthead crops a shallow horizontal band. Show Chợ Long Biên / Long Bien Market with the real visual cue a first-time traveler would recognize.","no readable text, no watermark, no logos, no fake signs, no unrelated Ha Long Bay/karst imagery for city-specific pages, no people as the main subject",Simulator screenshot plus phone spot-check before DONE,app-owned generated asset,docs/editorial-exports/viet-image-assets/hero-image-production-001/generated_hero_assets.json,Add owned/licensed/generated page-specific artwork when this page becomes high priority.
P1,SHIPPED_REVIEW_CROP,viet-family-city-hoian-place-japanese-bridge,Chùa Cầu / Japanese Covered Bridge,landmark,HeroCityHoianPlaceJapaneseBridge,HeroCityHoianPlaceJapaneseBridge,native-ios/Resources/Assets.xcassets/HeroCityHoianPlaceJapaneseBridge.imageset/hero-city-hoian-place-japanese-bridge.png,853 x 1844,853 x 1844,>= 1600 x 2400 preferred,PhraseListingView HeroMastheadImage,"center 50%, upper 25-35%; landmark silhouette must be recognizable",Recognizable subject must survive the top 276pt masthead crop; keep the key visual in the upper third and center 70% width.,generic_language_masthead,"Review the live crop on phone. If the subject is weak in the masthead, regenerate with the subject higher and larger.","Create an app-owned photographic-style hero image for a Vietnamese travel phrasebook. No readable text, no logos, no watermarks, no faces as the subject. Keep the main landmark/object recognizable inside the upper third because the iOS masthead crops a shallow horizontal band. Show Chùa Cầu / Japanese Covered Bridge with the real visual cue a first-time traveler would recognize.","no readable text, no watermark, no logos, no fake signs, no unrelated Ha Long Bay/karst imagery for city-specific pages, no people as the main subject",Simulator screenshot plus phone spot-check before DONE,app-owned generated asset,docs/editorial-exports/viet-image-assets/hero-image-production-001/generated_hero_assets.json,Add owned/licensed/generated page-specific artwork when this page becomes high priority.
P1,SHIPPED_REVIEW_CROP,viet-family-city-hcmc-place-jade-emperor-pagoda,Chùa Ngọc Hoàng / Jade Emperor Pagoda,landmark,HeroCityHcmcPlaceJadeEmperorPagoda,HeroCityHcmcPlaceJadeEmperorPagoda,native-ios/Resources/Assets.xcassets/HeroCityHcmcPlaceJadeEmperorPagoda.imageset/hero-city-hcmc-place-jade-emperor-pagoda.png,853 x 1844,853 x 1844,>= 1600 x 2400 preferred,PhraseListingView HeroMastheadImage,"center 50%, upper 25-35%; landmark silhouette must be recognizable",Recognizable subject must survive the top 276pt masthead crop; keep the key visual in the upper third and center 70% width.,generic_language_masthead,"Review the live crop on phone. If the subject is weak in the masthead, regenerate with the subject higher and larger.","Create an app-owned photographic-style hero image for a Vietnamese travel phrasebook. No readable text, no logos, no watermarks, no faces as the subject. Keep the main landmark/object recognizable inside the upper third because the iOS masthead crops a shallow horizontal band. Show Chùa Ngọc Hoàng / Jade Emperor Pagoda with the real visual cue a first-time traveler would recognize.","no readable text, no watermark, no logos, no fake signs, no unrelated Ha Long Bay/karst imagery for city-specific pages, no people as the main subject",Simulator screenshot plus phone spot-check before DONE,app-owned generated asset,docs/editorial-exports/viet-image-assets/hero-image-production-001/generated_hero_assets.json,Add owned/licensed/generated page-specific artwork when this page becomes high priority.
P1,SHIPPED_REVIEW_CROP,viet-family-city-hanoi-place-tran-quoc-pagoda,Chùa Trấn Quốc / Tran Quoc Pagoda,landmark,HeroCityHanoiPlaceTranQuocPagoda,HeroCityHanoiPlaceTranQuocPagoda,native-ios/Resources/Assets.xcassets/HeroCityHanoiPlaceTranQuocPagoda.imageset/hero-city-hanoi-place-tran-quoc-pagoda.png,853 x 1844,853 x 1844,>= 1600 x 2400 preferred,PhraseListingView HeroMastheadImage,"center 50%, upper 25-35%; landmark silhouette must be recognizable",Recognizable subject must survive the top 276pt masthead crop; keep the key visual in the upper third and center 70% width.,generic_language_masthead,"Review the live crop on phone. If the subject is weak in the masthead, regenerate with the subject higher and larger.","Create an app-owned photographic-style hero image for a Vietnamese travel phrasebook. No readable text, no logos, no watermarks, no faces as the subject. Keep the main landmark/object recognizable inside the upper third because the iOS masthead crops a shallow horizontal band. Show Chùa Trấn Quốc / Tran Quoc Pagoda with the real visual cue a first-time traveler would recognize.","no readable text, no watermark, no logos, no fake signs, no unrelated Ha Long Bay/karst imagery for city-specific pages, no people as the main subject",Simulator screenshot plus phone spot-check before DONE,app-owned generated asset,docs/editorial-exports/viet-image-assets/hero-image-production-001/generated_hero_assets.json,Add owned/licensed/generated page-specific artwork when this page becomes high priority.
P1,SHIPPED_REVIEW_CROP,viet-family-city-hue-place-tu-hieu-pagoda,Chùa Từ Hiếu / Tu Hieu Pagoda,landmark,HeroCityHuePlaceTuHieuPagoda,HeroCityHuePlaceTuHieuPagoda,native-ios/Resources/Assets.xcassets/HeroCityHuePlaceTuHieuPagoda.imageset/hero-city-hue-place-tu-hieu-pagoda.png,853 x 1844,853 x 1844,>= 1600 x 2400 preferred,PhraseListingView HeroMastheadImage,"center 50%, upper 25-35%; landmark silhouette must be recognizable",Recognizable subject must survive the top 276pt masthead crop; keep the key visual in the upper third and center 70% width.,generic_language_masthead,"Review the live crop on phone. If the subject is weak in the masthead, regenerate with the subject higher and larger.","Create an app-owned photographic-style hero image for a Vietnamese travel phrasebook. No readable text, no logos, no watermarks, no faces as the subject. Keep the main landmark/object recognizable inside the upper third because the iOS masthead crops a shallow horizontal band. Show Chùa Từ Hiếu / Tu Hieu Pagoda with the real visual cue a first-time traveler would recognize.","no readable text, no watermark, no logos, no fake signs, no unrelated Ha Long Bay/karst imagery for city-specific pages, no people as the main subject",Simulator screenshot plus phone spot-check before DONE,app-owned generated asset,docs/editorial-exports/viet-image-assets/hero-image-production-001/generated_hero_assets.json,Add owned/licensed/generated page-specific artwork when this page becomes high priority.
P1,SHIPPED_REVIEW_CROP,viet-family-city-danang-place-railway-station,Ga Đà Nẵng / Da Nang Railway Station,landmark,HeroCityDanangPlaceRailwayStation,HeroCityDanangPlaceRailwayStation,native-ios/Resources/Assets.xcassets/HeroCityDanangPlaceRailwayStation.imageset/hero-city-danang-place-railway-station.png,853 x 1844,853 x 1844,>= 1600 x 2400 preferred,PhraseListingView HeroMastheadImage,"center 50%, upper 25-35%; landmark silhouette must be recognizable",Recognizable subject must survive the top 276pt masthead crop; keep the key visual in the upper third and center 70% width.,generic_language_masthead,"Review the live crop on phone. If the subject is weak in the masthead, regenerate with the subject higher and larger.","Create an app-owned photographic-style hero image for a Vietnamese travel phrasebook. No readable text, no logos, no watermarks, no faces as the subject. Keep the main landmark/object recognizable inside the upper third because the iOS masthead crops a shallow horizontal band. Show Ga Đà Nẵng / Da Nang Railway Station with the real visual cue a first-time traveler would recognize.","no readable text, no watermark, no logos, no fake signs, no unrelated Ha Long Bay/karst imagery for city-specific pages, no people as the main subject",Simulator screenshot plus phone spot-check before DONE,app-owned generated asset,docs/editorial-exports/viet-image-assets/hero-image-production-001/generated_hero_assets.json,Add owned/licensed/generated page-specific artwork when this page becomes high priority.
P1,SHIPPED_REVIEW_CROP,viet-family-city-hue-place-railway-station,Ga Huế / Hue Railway Station,landmark,HeroCityHuePlaceRailwayStation,HeroCityHuePlaceRailwayStation,native-ios/Resources/Assets.xcassets/HeroCityHuePlaceRailwayStation.imageset/hero-city-hue-place-railway-station.png,853 x 1844,853 x 1844,>= 1600 x 2400 preferred,PhraseListingView HeroMastheadImage,"center 50%, upper 25-35%; landmark silhouette must be recognizable",Recognizable subject must survive the top 276pt masthead crop; keep the key visual in the upper third and center 70% width.,generic_language_masthead,"Review the live crop on phone. If the subject is weak in the masthead, regenerate with the subject higher and larger.","Create an app-owned photographic-style hero image for a Vietnamese travel phrasebook. No readable text, no logos, no watermarks, no faces as the subject. Keep the main landmark/object recognizable inside the upper third because the iOS masthead crops a shallow horizontal band. Show Ga Huế / Hue Railway Station with the real visual cue a first-time traveler would recognize.","no readable text, no watermark, no logos, no fake signs, no unrelated Ha Long Bay/karst imagery for city-specific pages, no people as the main subject",Simulator screenshot plus phone spot-check before DONE,app-owned generated asset,docs/editorial-exports/viet-image-assets/hero-image-production-001/generated_hero_assets.json,Add owned/licensed/generated page-specific artwork when this page becomes high priority.
P1,SHIPPED_REVIEW_CROP,viet-family-city-hanoi-place-imperial-citadel,Hoàng thành Thăng Long / Imperial Citadel of Thang Long,landmark,HeroCityHanoiPlaceImperialCitadel,HeroCityHanoiPlaceImperialCitadel,native-ios/Resources/Assets.xcassets/HeroCityHanoiPlaceImperialCitadel.imageset/hero-city-hanoi-place-imperial-citadel.png,853 x 1844,853 x 1844,>= 1600 x 2400 preferred,PhraseListingView HeroMastheadImage,"center 50%, upper 25-35%; landmark silhouette must be recognizable",Recognizable subject must survive the top 276pt masthead crop; keep the key visual in the upper third and center 70% width.,generic_language_masthead,"Review the live crop on phone. If the subject is weak in the masthead, regenerate with the subject higher and larger.","Create an app-owned photographic-style hero image for a Vietnamese travel phrasebook. No readable text, no logos, no watermarks, no faces as the subject. Keep the main landmark/object recognizable inside the upper third because the iOS masthead crops a shallow horizontal band. Show Hoàng thành Thăng Long / Imperial Citadel of Thang Long with the real visual cue a first-time traveler would recognize.","no readable text, no watermark, no logos, no fake signs, no unrelated Ha Long Bay/karst imagery for city-specific pages, no people as the main subject",Simulator screenshot plus phone spot-check before DONE,app-owned generated asset,docs/editorial-exports/viet-image-assets/hero-image-production-001/generated_hero_assets.json,Add owned/licensed/generated page-specific artwork when this page becomes high priority.
P1,SHIPPED_REVIEW_CROP,viet-family-city-hue-place-imperial-city,Kinh thành Huế / Hue Imperial City,landmark,HeroCityHuePlaceImperialCity,HeroCityHuePlaceImperialCity,native-ios/Resources/Assets.xcassets/HeroCityHuePlaceImperialCity.imageset/hero-city-hue-place-imperial-city.png,853 x 1844,853 x 1844,>= 1600 x 2400 preferred,PhraseListingView HeroMastheadImage,"center 50%, upper 25-35%; landmark silhouette must be recognizable",Recognizable subject must survive the top 276pt masthead crop; keep the key visual in the upper third and center 70% width.,generic_language_masthead,"Review the live crop on phone. If the subject is weak in the masthead, regenerate with the subject higher and larger.","Create an app-owned photographic-style hero image for a Vietnamese travel phrasebook. No readable text, no logos, no watermarks, no faces as the subject. Keep the main landmark/object recognizable inside the upper third because the iOS masthead crops a shallow horizontal band. Show Kinh thành Huế / Hue Imperial City with the real visual cue a first-time traveler would recognize.","no readable text, no watermark, no logos, no fake signs, no unrelated Ha Long Bay/karst imagery for city-specific pages, no people as the main subject",Simulator screenshot plus phone spot-check before DONE,app-owned generated asset,docs/editorial-exports/viet-image-assets/hero-image-production-001/generated_hero_assets.json,Add owned/licensed/generated page-specific artwork when this page becomes high priority.
P1,SHIPPED_REVIEW_CROP,viet-family-city-danang-place-cathedral,Nhà thờ Con Gà Đà Nẵng / Da Nang Cathedral,landmark,HeroCityDanangPlaceCathedral,HeroCityDanangPlaceCathedral,native-ios/Resources/Assets.xcassets/HeroCityDanangPlaceCathedral.imageset/hero-city-danang-place-cathedral.png,853 x 1844,853 x 1844,>= 1600 x 2400 preferred,PhraseListingView HeroMastheadImage,"center 50%, upper 25-35%; landmark silhouette must be recognizable",Recognizable subject must survive the top 276pt masthead crop; keep the key visual in the upper third and center 70% width.,generic_language_masthead,"Review the live crop on phone. If the subject is weak in the masthead, regenerate with the subject higher and larger.","Create an app-owned photographic-style hero image for a Vietnamese travel phrasebook. No readable text, no logos, no watermarks, no faces as the subject. Keep the main landmark/object recognizable inside the upper third because the iOS masthead crops a shallow horizontal band. Show Nhà thờ Con Gà Đà Nẵng / Da Nang Cathedral with the real visual cue a first-time traveler would recognize.","no readable text, no watermark, no logos, no fake signs, no unrelated Ha Long Bay/karst imagery for city-specific pages, no people as the main subject",Simulator screenshot plus phone spot-check before DONE,app-owned generated asset,docs/editorial-exports/viet-image-assets/hero-image-production-001/generated_hero_assets.json,Add owned/licensed/generated page-specific artwork when this page becomes high priority.
P1,SHIPPED_REVIEW_CROP,viet-family-city-hanoi-place-st-joseph-cathedral,Nhà thờ Lớn Hà Nội / St. Joseph Cathedral,landmark,HeroCityHanoiPlaceStJosephCathedral,HeroCityHanoiPlaceStJosephCathedral,native-ios/Resources/Assets.xcassets/HeroCityHanoiPlaceStJosephCathedral.imageset/hero-city-hanoi-place-st-joseph-cathedral.png,853 x 1844,853 x 1844,>= 1600 x 2400 preferred,PhraseListingView HeroMastheadImage,"center 50%, upper 25-35%; landmark silhouette must be recognizable",Recognizable subject must survive the top 276pt masthead crop; keep the key visual in the upper third and center 70% width.,generic_language_masthead,"Review the live crop on phone. If the subject is weak in the masthead, regenerate with the subject higher and larger.","Create an app-owned photographic-style hero image for a Vietnamese travel phrasebook. No readable text, no logos, no watermarks, no faces as the subject. Keep the main landmark/object recognizable inside the upper third because the iOS masthead crops a shallow horizontal band. Show Nhà thờ Lớn Hà Nội / St. Joseph Cathedral with the real visual cue a first-time traveler would recognize.","no readable text, no watermark, no logos, no fake signs, no unrelated Ha Long Bay/karst imagery for city-specific pages, no people as the main subject",Simulator screenshot plus phone spot-check before DONE,app-owned generated asset,docs/editorial-exports/viet-image-assets/hero-image-production-001/generated_hero_assets.json,Add owned/licensed/generated page-specific artwork when this page becomes high priority.
P1,SHIPPED_REVIEW_CROP,viet-family-city-hue-place-bao-vinh-ancient-town,Phố cổ Bao Vinh / Bao Vinh Ancient Town,landmark,HeroCityHuePlaceBaoVinhAncientTown,HeroCityHuePlaceBaoVinhAncientTown,native-ios/Resources/Assets.xcassets/HeroCityHuePlaceBaoVinhAncientTown.imageset/hero-city-hue-place-bao-vinh-ancient-town.png,853 x 1844,853 x 1844,>= 1600 x 2400 preferred,PhraseListingView HeroMastheadImage,"center 50%, upper 25-35%; landmark silhouette must be recognizable",Recognizable subject must survive the top 276pt masthead crop; keep the key visual in the upper third and center 70% width.,generic_language_masthead,"Review the live crop on phone. If the subject is weak in the masthead, regenerate with the subject higher and larger.","Create an app-owned photographic-style hero image for a Vietnamese travel phrasebook. No readable text, no logos, no watermarks, no faces as the subject. Keep the main landmark/object recognizable inside the upper third because the iOS masthead crops a shallow horizontal band. Show Phố cổ Bao Vinh / Bao Vinh Ancient Town with the real visual cue a first-time traveler would recognize.","no readable text, no watermark, no logos, no fake signs, no unrelated Ha Long Bay/karst imagery for city-specific pages, no people as the main subject",Simulator screenshot plus phone spot-check before DONE,app-owned generated asset,docs/editorial-exports/viet-image-assets/hero-image-production-001/generated_hero_assets.json,Add owned/licensed/generated page-specific artwork when this page becomes high priority.
P1,SHIPPED_REVIEW_CROP,viet-family-city-hoian-place-ancient-town,Phố cổ Hội An / Hoi An Ancient Town,landmark,HeroCityHoianPlaceAncientTown,HeroCityHoianPlaceAncientTown,native-ios/Resources/Assets.xcassets/HeroCityHoianPlaceAncientTown.imageset/hero-city-hoian-place-ancient-town.png,853 x 1844,853 x 1844,>= 1600 x 2400 preferred,PhraseListingView HeroMastheadImage,"center 50%, upper 25-35%; landmark silhouette must be recognizable",Recognizable subject must survive the top 276pt masthead crop; keep the key visual in the upper third and center 70% width.,generic_language_masthead,"Review the live crop on phone. If the subject is weak in the masthead, regenerate with the subject higher and larger.","Create an app-owned photographic-style hero image for a Vietnamese travel phrasebook. No readable text, no logos, no watermarks, no faces as the subject. Keep the main landmark/object recognizable inside the upper third because the iOS masthead crops a shallow horizontal band. Show Phố cổ Hội An / Hoi An Ancient Town with the real visual cue a first-time traveler would recognize.","no readable text, no watermark, no logos, no fake signs, no unrelated Ha Long Bay/karst imagery for city-specific pages, no people as the main subject",Simulator screenshot plus phone spot-check before DONE,app-owned generated asset,docs/editorial-exports/viet-image-assets/hero-image-production-001/generated_hero_assets.json,Add owned/licensed/generated page-specific artwork when this page becomes high priority.
P1,SHIPPED_REVIEW_CROP,viet-family-city-hanoi-place-noi-bai-airport,Sân bay Nội Bài / Noi Bai Airport,landmark,HeroCityHanoiPlaceNoiBaiAirport,HeroCityHanoiPlaceNoiBaiAirport,native-ios/Resources/Assets.xcassets/HeroCityHanoiPlaceNoiBaiAirport.imageset/hero-city-hanoi-place-noi-bai-airport.png,853 x 1844,853 x 1844,>= 1600 x 2400 preferred,PhraseListingView HeroMastheadImage,"center 50%, upper 25-35%; landmark silhouette must be recognizable",Recognizable subject must survive the top 276pt masthead crop; keep the key visual in the upper third and center 70% width.,generic_language_masthead,"Review the live crop on phone. If the subject is weak in the masthead, regenerate with the subject higher and larger.","Create an app-owned photographic-style hero image for a Vietnamese travel phrasebook. No readable text, no logos, no watermarks, no faces as the subject. Keep the main landmark/object recognizable inside the upper third because the iOS masthead crops a shallow horizontal band. Show Sân bay Nội Bài / Noi Bai Airport with the real visual cue a first-time traveler would recognize.","no readable text, no watermark, no logos, no fake signs, no unrelated Ha Long Bay/karst imagery for city-specific pages, no people as the main subject",Simulator screenshot plus phone spot-check before DONE,app-owned generated asset,docs/editorial-exports/viet-image-assets/hero-image-production-001/generated_hero_assets.json,Add owned/licensed/generated page-specific artwork when this page becomes high priority.
P1,SHIPPED_REVIEW_CROP,viet-family-city-hue-place-phu-bai-airport,Sân bay Phú Bài / Phu Bai Airport,landmark,HeroCityHuePlacePhuBaiAirport,HeroCityHuePlacePhuBaiAirport,native-ios/Resources/Assets.xcassets/HeroCityHuePlacePhuBaiAirport.imageset/hero-city-hue-place-phu-bai-airport.png,853 x 1844,853 x 1844,>= 1600 x 2400 preferred,PhraseListingView HeroMastheadImage,"center 50%, upper 25-35%; landmark silhouette must be recognizable",Recognizable subject must survive the top 276pt masthead crop; keep the key visual in the upper third and center 70% width.,generic_language_masthead,"Review the live crop on phone. If the subject is weak in the masthead, regenerate with the subject higher and larger.","Create an app-owned photographic-style hero image for a Vietnamese travel phrasebook. No readable text, no logos, no watermarks, no faces as the subject. Keep the main landmark/object recognizable inside the upper third because the iOS masthead crops a shallow horizontal band. Show Sân bay Phú Bài / Phu Bai Airport with the real visual cue a first-time traveler would recognize.","no readable text, no watermark, no logos, no fake signs, no unrelated Ha Long Bay/karst imagery for city-specific pages, no people as the main subject",Simulator screenshot plus phone spot-check before DONE,app-owned generated asset,docs/editorial-exports/viet-image-assets/hero-image-production-001/generated_hero_assets.json,Add owned/licensed/generated page-specific artwork when this page becomes high priority.
P1,SHIPPED_REVIEW_CROP,viet-family-city-hcmc-place-tan-son-nhat-airport,Sân bay Tân Sơn Nhất / Tan Son Nhat Airport,landmark,HeroCityHcmcPlaceTanSonNhatAirport,HeroCityHcmcPlaceTanSonNhatAirport,native-ios/Resources/Assets.xcassets/HeroCityHcmcPlaceTanSonNhatAirport.imageset/hero-city-hcmc-place-tan-son-nhat-airport.png,853 x 1844,853 x 1844,>= 1600 x 2400 preferred,PhraseListingView HeroMastheadImage,"center 50%, upper 25-35%; landmark silhouette must be recognizable",Recognizable subject must survive the top 276pt masthead crop; keep the key visual in the upper third and center 70% width.,generic_language_masthead,"Review the live crop on phone. If the subject is weak in the masthead, regenerate with the subject higher and larger.","Create an app-owned photographic-style hero image for a Vietnamese travel phrasebook. No readable text, no logos, no watermarks, no faces as the subject. Keep the main landmark/object recognizable inside the upper third because the iOS masthead crops a shallow horizontal band. Show Sân bay Tân Sơn Nhất / Tan Son Nhat Airport with the real visual cue a first-time traveler would recognize.","no readable text, no watermark, no logos, no fake signs, no unrelated Ha Long Bay/karst imagery for city-specific pages, no people as the main subject",Simulator screenshot plus phone spot-check before DONE,app-owned generated asset,docs/editorial-exports/viet-image-assets/hero-image-production-001/generated_hero_assets.json,Add owned/licensed/generated page-specific artwork when this page becomes high priority.
P1,SHIPPED_REVIEW_CROP,viet-family-city-danang-place-han-river,Sông Hàn / Han River,landmark,HeroCityDanangPlaceHanRiver,HeroCityDanangPlaceHanRiver,native-ios/Resources/Assets.xcassets/HeroCityDanangPlaceHanRiver.imageset/hero-city-danang-place-han-river.png,853 x 1844,853 x 1844,>= 1600 x 2400 preferred,PhraseListingView HeroMastheadImage,"center 50%, upper 25-35%; landmark silhouette must be recognizable",Recognizable subject must survive the top 276pt masthead crop; keep the key visual in the upper third and center 70% width.,generic_language_masthead,"Review the live crop on phone. If the subject is weak in the masthead, regenerate with the subject higher and larger.","Create an app-owned photographic-style hero image for a Vietnamese travel phrasebook. No readable text, no logos, no watermarks, no faces as the subject. Keep the main landmark/object recognizable inside the upper third because the iOS masthead crops a shallow horizontal band. Show Sông Hàn / Han River with the real visual cue a first-time traveler would recognize.","no readable text, no watermark, no logos, no fake signs, no unrelated Ha Long Bay/karst imagery for city-specific pages, no people as the main subject",Simulator screenshot plus phone spot-check before DONE,app-owned generated asset,docs/editorial-exports/viet-image-assets/hero-image-production-001/generated_hero_assets.json,Add owned/licensed/generated page-specific artwork when this page becomes high priority.
P1,SHIPPED_REVIEW_CROP,viet-family-city-hoian-place-hoai-river,Sông Hoài / Hoai River,landmark,HeroCityHoianPlaceHoaiRiver,HeroCityHoianPlaceHoaiRiver,native-ios/Resources/Assets.xcassets/HeroCityHoianPlaceHoaiRiver.imageset/hero-city-hoian-place-hoai-river.png,853 x 1844,853 x 1844,>= 1600 x 2400 preferred,PhraseListingView HeroMastheadImage,"center 50%, upper 25-35%; landmark silhouette must be recognizable",Recognizable subject must survive the top 276pt masthead crop; keep the key visual in the upper third and center 70% width.,generic_language_masthead,"Review the live crop on phone. If the subject is weak in the masthead, regenerate with the subject higher and larger.","Create an app-owned photographic-style hero image for a Vietnamese travel phrasebook. No readable text, no logos, no watermarks, no faces as the subject. Keep the main landmark/object recognizable inside the upper third because the iOS masthead crops a shallow horizontal band. Show Sông Hoài / Hoai River with the real visual cue a first-time traveler would recognize.","no readable text, no watermark, no logos, no fake signs, no unrelated Ha Long Bay/karst imagery for city-specific pages, no people as the main subject",Simulator screenshot plus phone spot-check before DONE,app-owned generated asset,docs/editorial-exports/viet-image-assets/hero-image-production-001/generated_hero_assets.json,Add owned/licensed/generated page-specific artwork when this page becomes high priority.
P1,SHIPPED_REVIEW_CROP,viet-family-city-hue-place-perfume-river,Sông Hương / Perfume River,landmark,HeroCityHuePlacePerfumeRiver,HeroCityHuePlacePerfumeRiver,native-ios/Resources/Assets.xcassets/HeroCityHuePlacePerfumeRiver.imageset/hero-city-hue-place-perfume-river.png,853 x 1844,853 x 1844,>= 1600 x 2400 preferred,PhraseListingView HeroMastheadImage,"center 50%, upper 25-35%; landmark silhouette must be recognizable",Recognizable subject must survive the top 276pt masthead crop; keep the key visual in the upper third and center 70% width.,generic_language_masthead,"Review the live crop on phone. If the subject is weak in the masthead, regenerate with the subject higher and larger.","Create an app-owned photographic-style hero image for a Vietnamese travel phrasebook. No readable text, no logos, no watermarks, no faces as the subject. Keep the main landmark/object recognizable inside the upper third because the iOS masthead crops a shallow horizontal band. Show Sông Hương / Perfume River with the real visual cue a first-time traveler would recognize.","no readable text, no watermark, no logos, no fake signs, no unrelated Ha Long Bay/karst imagery for city-specific pages, no people as the main subject",Simulator screenshot plus phone spot-check before DONE,app-owned generated asset,docs/editorial-exports/viet-image-assets/hero-image-production-001/generated_hero_assets.json,Add owned/licensed/generated page-specific artwork when this page becomes high priority.
P1,SHIPPED_REVIEW_CROP,viet-family-city-hcmc-place-saigon-river,Sông Sài Gòn / Saigon River,landmark,HeroCityHcmcPlaceSaigonRiver,HeroCityHcmcPlaceSaigonRiver,native-ios/Resources/Assets.xcassets/HeroCityHcmcPlaceSaigonRiver.imageset/hero-city-hcmc-place-saigon-river.png,853 x 1844,853 x 1844,>= 1600 x 2400 preferred,PhraseListingView HeroMastheadImage,"center 50%, upper 25-35%; landmark silhouette must be recognizable",Recognizable subject must survive the top 276pt masthead crop; keep the key visual in the upper third and center 70% width.,generic_language_masthead,"Review the live crop on phone. If the subject is weak in the masthead, regenerate with the subject higher and larger.","Create an app-owned photographic-style hero image for a Vietnamese travel phrasebook. No readable text, no logos, no watermarks, no faces as the subject. Keep the main landmark/object recognizable inside the upper third because the iOS masthead crops a shallow horizontal band. Show Sông Sài Gòn / Saigon River with the real visual cue a first-time traveler would recognize.","no readable text, no watermark, no logos, no fake signs, no unrelated Ha Long Bay/karst imagery for city-specific pages, no people as the main subject",Simulator screenshot plus phone spot-check before DONE,app-owned generated asset,docs/editorial-exports/viet-image-assets/hero-image-production-001/generated_hero_assets.json,Add owned/licensed/generated page-specific artwork when this page becomes high priority.
P1,SHIPPED_REVIEW_CROP,viet-family-city-hoian-place-thu-bon-river,Sông Thu Bồn / Thu Bon River,landmark,HeroCityHoianPlaceThuBonRiver,HeroCityHoianPlaceThuBonRiver,native-ios/Resources/Assets.xcassets/HeroCityHoianPlaceThuBonRiver.imageset/hero-city-hoian-place-thu-bon-river.png,853 x 1844,853 x 1844,>= 1600 x 2400 preferred,PhraseListingView HeroMastheadImage,"center 50%, upper 25-35%; landmark silhouette must be recognizable",Recognizable subject must survive the top 276pt masthead crop; keep the key visual in the upper third and center 70% width.,generic_language_masthead,"Review the live crop on phone. If the subject is weak in the masthead, regenerate with the subject higher and larger.","Create an app-owned photographic-style hero image for a Vietnamese travel phrasebook. No readable text, no logos, no watermarks, no faces as the subject. Keep the main landmark/object recognizable inside the upper third because the iOS masthead crops a shallow horizontal band. Show Sông Thu Bồn / Thu Bon River with the real visual cue a first-time traveler would recognize.","no readable text, no watermark, no logos, no fake signs, no unrelated Ha Long Bay/karst imagery for city-specific pages, no people as the main subject",Simulator screenshot plus phone spot-check before DONE,app-owned generated asset,docs/editorial-exports/viet-image-assets/hero-image-production-001/generated_hero_assets.json,Add owned/licensed/generated page-specific artwork when this page becomes high priority.
P1,SHIPPED_REVIEW_CROP,viet-family-city-hcmc-place-anan-saigon,Anăn Sài Gòn / Anan Saigon,restaurant,HeroCityHcmcPlaceAnanSaigon,HeroCityHcmcPlaceAnanSaigon,native-ios/Resources/Assets.xcassets/HeroCityHcmcPlaceAnanSaigon.imageset/hero-city-hcmc-place-anan-saigon.png,853 x 1844,853 x 1844,>= 1600 x 2400 preferred,PhraseListingView HeroMastheadImage,"center 50%, upper 32%; food or entrance must remain visible after fade",Recognizable subject must survive the top 276pt masthead crop; keep the key visual in the upper third and center 70% width.,generic_language_masthead,"Review the live crop on phone. If the subject is weak in the masthead, regenerate with the subject higher and larger.","Create an app-owned photographic-style hero image for a Vietnamese travel phrasebook. No readable text, no logos, no watermarks, no faces as the subject. Keep the main landmark/object recognizable inside the upper third because the iOS masthead crops a shallow horizontal band. Show Anăn Sài Gòn / Anan Saigon through a tasteful restaurant/street-food table or entrance mood without copying a real storefront sign or brand logo.","no readable text, no watermark, no logos, no fake signs, no unrelated Ha Long Bay/karst imagery for city-specific pages, no people as the main subject",Simulator screenshot plus phone spot-check before DONE,app-owned generated asset,docs/editorial-exports/viet-image-assets/hero-image-production-001/generated_hero_assets.json,Add owned/licensed/generated page-specific artwork when this page becomes high priority.
P1,SHIPPED_REVIEW_CROP,viet-family-city-hoian-place-banh-mi-phuong,Bánh mì Phượng / Banh Mi Phuong,restaurant,HeroCityHoianPlaceBanhMiPhuong,HeroCityHoianPlaceBanhMiPhuong,native-ios/Resources/Assets.xcassets/HeroCityHoianPlaceBanhMiPhuong.imageset/hero-city-hoian-place-banh-mi-phuong.png,853 x 1844,853 x 1844,>= 1600 x 2400 preferred,PhraseListingView HeroMastheadImage,"center 50%, upper 32%; food or entrance must remain visible after fade",Recognizable subject must survive the top 276pt masthead crop; keep the key visual in the upper third and center 70% width.,generic_language_masthead,"Review the live crop on phone. If the subject is weak in the masthead, regenerate with the subject higher and larger.","Create an app-owned photographic-style hero image for a Vietnamese travel phrasebook. No readable text, no logos, no watermarks, no faces as the subject. Keep the main landmark/object recognizable inside the upper third because the iOS masthead crops a shallow horizontal band. Show Bánh mì Phượng / Banh Mi Phuong through a tasteful restaurant/street-food table or entrance mood without copying a real storefront sign or brand logo.","no readable text, no watermark, no logos, no fake signs, no unrelated Ha Long Bay/karst imagery for city-specific pages, no people as the main subject",Simulator screenshot plus phone spot-check before DONE,app-owned generated asset,docs/editorial-exports/viet-image-assets/hero-image-production-001/generated_hero_assets.json,Add owned/licensed/generated page-specific artwork when this page becomes high priority.
P1,SHIPPED_REVIEW_CROP,viet-family-city-hanoi-place-giang-cafe,Cà phê Giảng / Giang Cafe,restaurant,HeroCityHanoiPlaceGiangCafe,HeroCityHanoiPlaceGiangCafe,native-ios/Resources/Assets.xcassets/HeroCityHanoiPlaceGiangCafe.imageset/hero-city-hanoi-place-giang-cafe.png,853 x 1844,853 x 1844,>= 1600 x 2400 preferred,PhraseListingView HeroMastheadImage,"center 50%, upper 32%; food or entrance must remain visible after fade",Recognizable subject must survive the top 276pt masthead crop; keep the key visual in the upper third and center 70% width.,generic_language_masthead,"Review the live crop on phone. If the subject is weak in the masthead, regenerate with the subject higher and larger.","Create an app-owned photographic-style hero image for a Vietnamese travel phrasebook. No readable text, no logos, no watermarks, no faces as the subject. Keep the main landmark/object recognizable inside the upper third because the iOS masthead crops a shallow horizontal band. Show Cà phê Giảng / Giang Cafe through a tasteful restaurant/street-food table or entrance mood without copying a real storefront sign or brand logo.","no readable text, no watermark, no logos, no fake signs, no unrelated Ha Long Bay/karst imagery for city-specific pages, no people as the main subject",Simulator screenshot plus phone spot-check before DONE,app-owned generated asset,docs/editorial-exports/viet-image-assets/hero-image-production-001/generated_hero_assets.json,Add owned/licensed/generated page-specific artwork when this page becomes high priority.
P1,SHIPPED_REVIEW_CROP,viet-family-city-hanoi-place-cha-ca-thang-long,Chả cá Thăng Long / Cha Ca Thang Long,restaurant,HeroCityHanoiPlaceChaCaThangLong,HeroCityHanoiPlaceChaCaThangLong,native-ios/Resources/Assets.xcassets/HeroCityHanoiPlaceChaCaThangLong.imageset/hero-city-hanoi-place-cha-ca-thang-long.png,853 x 1844,853 x 1844,>= 1600 x 2400 preferred,PhraseListingView HeroMastheadImage,"center 50%, upper 32%; food or entrance must remain visible after fade",Recognizable subject must survive the top 276pt masthead crop; keep the key visual in the upper third and center 70% width.,generic_language_masthead,"Review the live crop on phone. If the subject is weak in the masthead, regenerate with the subject higher and larger.","Create an app-owned photographic-style hero image for a Vietnamese travel phrasebook. No readable text, no logos, no watermarks, no faces as the subject. Keep the main landmark/object recognizable inside the upper third because the iOS masthead crops a shallow horizontal band. Show Chả cá Thăng Long / Cha Ca Thang Long through a tasteful restaurant/street-food table or entrance mood without copying a real storefront sign or brand logo.","no readable text, no watermark, no logos, no fake signs, no unrelated Ha Long Bay/karst imagery for city-specific pages, no people as the main subject",Simulator screenshot plus phone spot-check before DONE,app-owned generated asset,docs/editorial-exports/viet-image-assets/hero-image-production-001/generated_hero_assets.json,Add owned/licensed/generated page-specific artwork when this page becomes high priority.
P1,SHIPPED_REVIEW_CROP,viet-family-city-hoian-place-faifo-coffee,Faifo Coffee / Faifo Coffee,restaurant,HeroCityHoianPlaceFaifoCoffee,HeroCityHoianPlaceFaifoCoffee,native-ios/Resources/Assets.xcassets/HeroCityHoianPlaceFaifoCoffee.imageset/hero-city-hoian-place-faifo-coffee.png,853 x 1844,853 x 1844,>= 1600 x 2400 preferred,PhraseListingView HeroMastheadImage,"center 50%, upper 32%; food or entrance must remain visible after fade",Recognizable subject must survive the top 276pt masthead crop; keep the key visual in the upper third and center 70% width.,generic_language_masthead,"Review the live crop on phone. If the subject is weak in the masthead, regenerate with the subject higher and larger.","Create an app-owned photographic-style hero image for a Vietnamese travel phrasebook. No readable text, no logos, no watermarks, no faces as the subject. Keep the main landmark/object recognizable inside the upper third because the iOS masthead crops a shallow horizontal band. Show Faifo Coffee / Faifo Coffee through a tasteful restaurant/street-food table or entrance mood without copying a real storefront sign or brand logo.","no readable text, no watermark, no logos, no fake signs, no unrelated Ha Long Bay/karst imagery for city-specific pages, no people as the main subject",Simulator screenshot plus phone spot-check before DONE,app-owned generated asset,docs/editorial-exports/viet-image-assets/hero-image-production-001/generated_hero_assets.json,Add owned/licensed/generated page-specific artwork when this page becomes high priority.
P1,SHIPPED_REVIEW_CROP,viet-family-city-hue-place-les-jardins,Les Jardins de la Carambole / Les Jardins de la Carambole,restaurant,HeroCityHuePlaceLesJardins,HeroCityHuePlaceLesJardins,native-ios/Resources/Assets.xcassets/HeroCityHuePlaceLesJardins.imageset/hero-city-hue-place-les-jardins.png,853 x 1844,853 x 1844,>= 1600 x 2400 preferred,PhraseListingView HeroMastheadImage,"center 50%, upper 32%; food or entrance must remain visible after fade",Recognizable subject must survive the top 276pt masthead crop; keep the key visual in the upper third and center 70% width.,generic_language_masthead,"Review the live crop on phone. If the subject is weak in the masthead, regenerate with the subject higher and larger.","Create an app-owned photographic-style hero image for a Vietnamese travel phrasebook. No readable text, no logos, no watermarks, no faces as the subject. Keep the main landmark/object recognizable inside the upper third because the iOS masthead crops a shallow horizontal band. Show Les Jardins de la Carambole / Les Jardins de la Carambole through a tasteful restaurant/street-food table or entrance mood without copying a real storefront sign or brand logo.","no readable text, no watermark, no logos, no fake signs, no unrelated Ha Long Bay/karst imagery for city-specific pages, no people as the main subject",Simulator screenshot plus phone spot-check before DONE,app-owned generated asset,docs/editorial-exports/viet-image-assets/hero-image-production-001/generated_hero_assets.json,Add owned/licensed/generated page-specific artwork when this page becomes high priority.
P1,SHIPPED_REVIEW_CROP,viet-family-city-hoian-place-morning-glory,Morning Glory Hội An / Morning Glory Hoi An,restaurant,HeroCityHoianPlaceMorningGlory,HeroCityHoianPlaceMorningGlory,native-ios/Resources/Assets.xcassets/HeroCityHoianPlaceMorningGlory.imageset/hero-city-hoian-place-morning-glory.png,853 x 1844,853 x 1844,>= 1600 x 2400 preferred,PhraseListingView HeroMastheadImage,"center 50%, upper 32%; food or entrance must remain visible after fade",Recognizable subject must survive the top 276pt masthead crop; keep the key visual in the upper third and center 70% width.,generic_language_masthead,"Review the live crop on phone. If the subject is weak in the masthead, regenerate with the subject higher and larger.","Create an app-owned photographic-style hero image for a Vietnamese travel phrasebook. No readable text, no logos, no watermarks, no faces as the subject. Keep the main landmark/object recognizable inside the upper third because the iOS masthead crops a shallow horizontal band. Show Morning Glory Hội An / Morning Glory Hoi An through a tasteful restaurant/street-food table or entrance mood without copying a real storefront sign or brand logo.","no readable text, no watermark, no logos, no fake signs, no unrelated Ha Long Bay/karst imagery for city-specific pages, no people as the main subject",Simulator screenshot plus phone spot-check before DONE,app-owned generated asset,docs/editorial-exports/viet-image-assets/hero-image-production-001/generated_hero_assets.json,Add owned/licensed/generated page-specific artwork when this page becomes high priority.
P1,SHIPPED_REVIEW_CROP,viet-family-city-hcmc-place-pho-hoa-pasteur,Phở Hòa Pasteur / Pho Hoa Pasteur,restaurant,HeroCityHcmcPlacePhoHoaPasteur,HeroCityHcmcPlacePhoHoaPasteur,native-ios/Resources/Assets.xcassets/HeroCityHcmcPlacePhoHoaPasteur.imageset/hero-city-hcmc-place-pho-hoa-pasteur.png,853 x 1844,853 x 1844,>= 1600 x 2400 preferred,PhraseListingView HeroMastheadImage,"center 50%, upper 32%; food or entrance must remain visible after fade",Recognizable subject must survive the top 276pt masthead crop; keep the key visual in the upper third and center 70% width.,generic_language_masthead,"Review the live crop on phone. If the subject is weak in the masthead, regenerate with the subject higher and larger.","Create an app-owned photographic-style hero image for a Vietnamese travel phrasebook. No readable text, no logos, no watermarks, no faces as the subject. Keep the main landmark/object recognizable inside the upper third because the iOS masthead crops a shallow horizontal band. Show Phở Hòa Pasteur / Pho Hoa Pasteur through a tasteful restaurant/street-food table or entrance mood without copying a real storefront sign or brand logo.","no readable text, no watermark, no logos, no fake signs, no unrelated Ha Long Bay/karst imagery for city-specific pages, no people as the main subject",Simulator screenshot plus phone spot-check before DONE,app-owned generated asset,docs/editorial-exports/viet-image-assets/hero-image-production-001/generated_hero_assets.json,Add owned/licensed/generated page-specific artwork when this page becomes high priority.
P1,SHIPPED_REVIEW_CROP,viet-family-city-hoian-place-reach-out-tea-house,Reaching Out Tea House / Reaching Out Tea House,restaurant,HeroCityHoianPlaceReachOutTeaHouse,HeroCityHoianPlaceReachOutTeaHouse,native-ios/Resources/Assets.xcassets/HeroCityHoianPlaceReachOutTeaHouse.imageset/hero-city-hoian-place-reach-out-tea-house.png,853 x 1844,853 x 1844,>= 1600 x 2400 preferred,PhraseListingView HeroMastheadImage,"center 50%, upper 32%; food or entrance must remain visible after fade",Recognizable subject must survive the top 276pt masthead crop; keep the key visual in the upper third and center 70% width.,generic_language_masthead,"Review the live crop on phone. If the subject is weak in the masthead, regenerate with the subject higher and larger.","Create an app-owned photographic-style hero image for a Vietnamese travel phrasebook. No readable text, no logos, no watermarks, no faces as the subject. Keep the main landmark/object recognizable inside the upper third because the iOS masthead crops a shallow horizontal band. Show Reaching Out Tea House / Reaching Out Tea House through a tasteful restaurant/street-food table or entrance mood without copying a real storefront sign or brand logo.","no readable text, no watermark, no logos, no fake signs, no unrelated Ha Long Bay/karst imagery for city-specific pages, no people as the main subject",Simulator screenshot plus phone spot-check before DONE,app-owned generated asset,docs/editorial-exports/viet-image-assets/hero-image-production-001/generated_hero_assets.json,Add owned/licensed/generated page-specific artwork when this page becomes high priority.
P1,SHIPPED_REVIEW_CROP,viet-family-city-hanoi-place-tam-vi,Tầm Vị / Tam Vi,restaurant,HeroCityHanoiPlaceTamVi,HeroCityHanoiPlaceTamVi,native-ios/Resources/Assets.xcassets/HeroCityHanoiPlaceTamVi.imageset/hero-city-hanoi-place-tam-vi.png,853 x 1844,853 x 1844,>= 1600 x 2400 preferred,PhraseListingView HeroMastheadImage,"center 50%, upper 32%; food or entrance must remain visible after fade",Recognizable subject must survive the top 276pt masthead crop; keep the key visual in the upper third and center 70% width.,generic_language_masthead,"Review the live crop on phone. If the subject is weak in the masthead, regenerate with the subject higher and larger.","Create an app-owned photographic-style hero image for a Vietnamese travel phrasebook. No readable text, no logos, no watermarks, no faces as the subject. Keep the main landmark/object recognizable inside the upper third because the iOS masthead crops a shallow horizontal band. Show Tầm Vị / Tam Vi through a tasteful restaurant/street-food table or entrance mood without copying a real storefront sign or brand logo.","no readable text, no watermark, no logos, no fake signs, no unrelated Ha Long Bay/karst imagery for city-specific pages, no people as the main subject",Simulator screenshot plus phone spot-check before DONE,app-owned generated asset,docs/editorial-exports/viet-image-assets/hero-image-production-001/generated_hero_assets.json,Add owned/licensed/generated page-specific artwork when this page becomes high priority.
P2,SHIPPED_REVIEW_CROP,viet-family-city-hcmc-place-bach-dang-wharf,Bến Bạch Đằng / Bach Dang Wharf,landmark,HeroCityHcmcPlaceBachDangWharf,HeroCityHcmcPlaceBachDangWharf,native-ios/Resources/Assets.xcassets/HeroCityHcmcPlaceBachDangWharf.imageset/hero-city-hcmc-place-bach-dang-wharf.png,853 x 1844,853 x 1844,>= 1600 x 2400 preferred,PhraseListingView HeroMastheadImage,"center 50%, upper 25-35%; landmark silhouette must be recognizable",Recognizable subject must survive the top 276pt masthead crop; keep the key visual in the upper third and center 70% width.,generic_language_masthead,"Review the live crop on phone. If the subject is weak in the masthead, regenerate with the subject higher and larger.","Create an app-owned photographic-style hero image for a Vietnamese travel phrasebook. No readable text, no logos, no watermarks, no faces as the subject. Keep the main landmark/object recognizable inside the upper third because the iOS masthead crops a shallow horizontal band. Show Bến Bạch Đằng / Bach Dang Wharf with the real visual cue a first-time traveler would recognize.","no readable text, no watermark, no logos, no fake signs, no unrelated Ha Long Bay/karst imagery for city-specific pages, no people as the main subject",Simulator screenshot plus phone spot-check before DONE,app-owned generated asset,docs/editorial-exports/viet-image-assets/hero-image-production-001/generated_hero_assets.json,Add owned/licensed/generated page-specific artwork when this page becomes high priority.
P2,SHIPPED_REVIEW_CROP,viet-family-city-hoian-place-an-bang,Biển An Bàng / An Bang Beach,landmark,HeroCityHoianPlaceAnBang,HeroCityHoianPlaceAnBang,native-ios/Resources/Assets.xcassets/HeroCityHoianPlaceAnBang.imageset/hero-city-hoian-place-an-bang.png,853 x 1844,853 x 1844,>= 1600 x 2400 preferred,PhraseListingView HeroMastheadImage,"center 50%, upper 25-35%; landmark silhouette must be recognizable",Recognizable subject must survive the top 276pt masthead crop; keep the key visual in the upper third and center 70% width.,generic_language_masthead,"Review the live crop on phone. If the subject is weak in the masthead, regenerate with the subject higher and larger.","Create an app-owned photographic-style hero image for a Vietnamese travel phrasebook. No readable text, no logos, no watermarks, no faces as the subject. Keep the main landmark/object recognizable inside the upper third because the iOS masthead crops a shallow horizontal band. Show Biển An Bàng / An Bang Beach with the real visual cue a first-time traveler would recognize.","no readable text, no watermark, no logos, no fake signs, no unrelated Ha Long Bay/karst imagery for city-specific pages, no people as the main subject",Simulator screenshot plus phone spot-check before DONE,app-owned generated asset,docs/editorial-exports/viet-image-assets/hero-image-production-001/generated_hero_assets.json,Add owned/licensed/generated page-specific artwork when this page becomes high priority.
P2,SHIPPED_REVIEW_CROP,viet-family-city-hcmc-place-post-office,Bưu điện Thành phố / Central Post Office,landmark,HeroCityHcmcPlacePostOffice,HeroCityHcmcPlacePostOffice,native-ios/Resources/Assets.xcassets/HeroCityHcmcPlacePostOffice.imageset/hero-city-hcmc-place-post-office.png,853 x 1844,853 x 1844,>= 1600 x 2400 preferred,PhraseListingView HeroMastheadImage,"center 50%, upper 25-35%; landmark silhouette must be recognizable",Recognizable subject must survive the top 276pt masthead crop; keep the key visual in the upper third and center 70% width.,generic_language_masthead,"Review the live crop on phone. If the subject is weak in the masthead, regenerate with the subject higher and larger.","Create an app-owned photographic-style hero image for a Vietnamese travel phrasebook. No readable text, no logos, no watermarks, no faces as the subject. Keep the main landmark/object recognizable inside the upper third because the iOS masthead crops a shallow horizontal band. Show Bưu điện Thành phố / Central Post Office with the real visual cue a first-time traveler would recognize.","no readable text, no watermark, no logos, no fake signs, no unrelated Ha Long Bay/karst imagery for city-specific pages, no people as the main subject",Simulator screenshot plus phone spot-check before DONE,app-owned generated asset,docs/editorial-exports/viet-image-assets/hero-image-production-001/generated_hero_assets.json,Add owned/licensed/generated page-specific artwork when this page becomes high priority.
P2,SHIPPED_REVIEW_CROP,viet-family-city-hoian-place-cam-chau,Cẩm Châu / Cam Chau,landmark,HeroCityHoianPlaceCamChau,HeroCityHoianPlaceCamChau,native-ios/Resources/Assets.xcassets/HeroCityHoianPlaceCamChau.imageset/hero-city-hoian-place-cam-chau.png,853 x 1844,853 x 1844,>= 1600 x 2400 preferred,PhraseListingView HeroMastheadImage,"center 50%, upper 25-35%; landmark silhouette must be recognizable",Recognizable subject must survive the top 276pt masthead crop; keep the key visual in the upper third and center 70% width.,generic_language_masthead,"Review the live crop on phone. If the subject is weak in the masthead, regenerate with the subject higher and larger.","Create an app-owned photographic-style hero image for a Vietnamese travel phrasebook. No readable text, no logos, no watermarks, no faces as the subject. Keep the main landmark/object recognizable inside the upper third because the iOS masthead crops a shallow horizontal band. Show Cẩm Châu / Cam Chau with the real visual cue a first-time traveler would recognize.","no readable text, no watermark, no logos, no fake signs, no unrelated Ha Long Bay/karst imagery for city-specific pages, no people as the main subject",Simulator screenshot plus phone spot-check before DONE,app-owned generated asset,docs/editorial-exports/viet-image-assets/hero-image-production-001/generated_hero_assets.json,Add owned/licensed/generated page-specific artwork when this page becomes high priority.
P2,SHIPPED_REVIEW_CROP,viet-family-city-hoian-place-cam-nam,Cẩm Nam / Cam Nam,landmark,HeroCityHoianPlaceCamNam,HeroCityHoianPlaceCamNam,native-ios/Resources/Assets.xcassets/HeroCityHoianPlaceCamNam.imageset/hero-city-hoian-place-cam-nam.png,853 x 1844,853 x 1844,>= 1600 x 2400 preferred,PhraseListingView HeroMastheadImage,"center 50%, upper 25-35%; landmark silhouette must be recognizable",Recognizable subject must survive the top 276pt masthead crop; keep the key visual in the upper third and center 70% width.,generic_language_masthead,"Review the live crop on phone. If the subject is weak in the masthead, regenerate with the subject higher and larger.","Create an app-owned photographic-style hero image for a Vietnamese travel phrasebook. No readable text, no logos, no watermarks, no faces as the subject. Keep the main landmark/object recognizable inside the upper third because the iOS masthead crops a shallow horizontal band. Show Cẩm Nam / Cam Nam with the real visual cue a first-time traveler would recognize.","no readable text, no watermark, no logos, no fake signs, no unrelated Ha Long Bay/karst imagery for city-specific pages, no people as the main subject",Simulator screenshot plus phone spot-check before DONE,app-owned generated asset,docs/editorial-exports/viet-image-assets/hero-image-production-001/generated_hero_assets.json,Add owned/licensed/generated page-specific artwork when this page becomes high priority.
P2,SHIPPED_REVIEW_CROP,viet-family-city-danang-place-tien-sa-port,Cảng Tiên Sa / Tien Sa Port,landmark,HeroCityDanangPlaceTienSaPort,HeroCityDanangPlaceTienSaPort,native-ios/Resources/Assets.xcassets/HeroCityDanangPlaceTienSaPort.imageset/hero-city-danang-place-tien-sa-port.png,853 x 1844,853 x 1844,>= 1600 x 2400 preferred,PhraseListingView HeroMastheadImage,"center 50%, upper 25-35%; landmark silhouette must be recognizable",Recognizable subject must survive the top 276pt masthead crop; keep the key visual in the upper third and center 70% width.,generic_language_masthead,"Review the live crop on phone. If the subject is weak in the masthead, regenerate with the subject higher and larger.","Create an app-owned photographic-style hero image for a Vietnamese travel phrasebook. No readable text, no logos, no watermarks, no faces as the subject. Keep the main landmark/object recognizable inside the upper third because the iOS masthead crops a shallow horizontal band. Show Cảng Tiên Sa / Tien Sa Port with the real visual cue a first-time traveler would recognize.","no readable text, no watermark, no logos, no fake signs, no unrelated Ha Long Bay/karst imagery for city-specific pages, no people as the main subject",Simulator screenshot plus phone spot-check before DONE,app-owned generated asset,docs/editorial-exports/viet-image-assets/hero-image-production-001/generated_hero_assets.json,Add owned/licensed/generated page-specific artwork when this page becomes high priority.
P2,SHIPPED_REVIEW_CROP,viet-family-city-hue-place-truong-tien,Cầu Trường Tiền / Truong Tien Bridge,landmark,HeroCityHuePlaceTruongTien,HeroCityHuePlaceTruongTien,native-ios/Resources/Assets.xcassets/HeroCityHuePlaceTruongTien.imageset/hero-city-hue-place-truong-tien.png,853 x 1844,853 x 1844,>= 1600 x 2400 preferred,PhraseListingView HeroMastheadImage,"center 50%, upper 25-35%; landmark silhouette must be recognizable",Recognizable subject must survive the top 276pt masthead crop; keep the key visual in the upper third and center 70% width.,generic_language_masthead,"Review the live crop on phone. If the subject is weak in the masthead, regenerate with the subject higher and larger.","Create an app-owned photographic-style hero image for a Vietnamese travel phrasebook. No readable text, no logos, no watermarks, no faces as the subject. Keep the main landmark/object recognizable inside the upper third because the iOS masthead crops a shallow horizontal band. Show Cầu Trường Tiền / Truong Tien Bridge with the real visual cue a first-time traveler would recognize.","no readable text, no watermark, no logos, no fake signs, no unrelated Ha Long Bay/karst imagery for city-specific pages, no people as the main subject",Simulator screenshot plus phone spot-check before DONE,app-owned generated asset,docs/editorial-exports/viet-image-assets/hero-image-production-001/generated_hero_assets.json,Add owned/licensed/generated page-specific artwork when this page becomes high priority.
P2,SHIPPED_REVIEW_CROP,viet-family-city-hue-place-dong-ba,Chợ Đông Ba / Dong Ba Market,landmark,HeroCityHuePlaceDongBa,HeroCityHuePlaceDongBa,native-ios/Resources/Assets.xcassets/HeroCityHuePlaceDongBa.imageset/hero-city-hue-place-dong-ba.png,853 x 1844,853 x 1844,>= 1600 x 2400 preferred,PhraseListingView HeroMastheadImage,"center 50%, upper 25-35%; landmark silhouette must be recognizable",Recognizable subject must survive the top 276pt masthead crop; keep the key visual in the upper third and center 70% width.,generic_language_masthead,"Review the live crop on phone. If the subject is weak in the masthead, regenerate with the subject higher and larger.","Create an app-owned photographic-style hero image for a Vietnamese travel phrasebook. No readable text, no logos, no watermarks, no faces as the subject. Keep the main landmark/object recognizable inside the upper third because the iOS masthead crops a shallow horizontal band. Show Chợ Đông Ba / Dong Ba Market with the real visual cue a first-time traveler would recognize.","no readable text, no watermark, no logos, no fake signs, no unrelated Ha Long Bay/karst imagery for city-specific pages, no people as the main subject",Simulator screenshot plus phone spot-check before DONE,app-owned generated asset,docs/editorial-exports/viet-image-assets/hero-image-production-001/generated_hero_assets.json,Add owned/licensed/generated page-specific artwork when this page becomes high priority.
P2,SHIPPED_REVIEW_CROP,viet-family-city-hanoi-place-dong-xuan,Chợ Đồng Xuân / Dong Xuan Market,landmark,HeroCityHanoiPlaceDongXuan,HeroCityHanoiPlaceDongXuan,native-ios/Resources/Assets.xcassets/HeroCityHanoiPlaceDongXuan.imageset/hero-city-hanoi-place-dong-xuan.png,853 x 1844,853 x 1844,>= 1600 x 2400 preferred,PhraseListingView HeroMastheadImage,"center 50%, upper 25-35%; landmark silhouette must be recognizable",Recognizable subject must survive the top 276pt masthead crop; keep the key visual in the upper third and center 70% width.,generic_language_masthead,"Review the live crop on phone. If the subject is weak in the masthead, regenerate with the subject higher and larger.","Create an app-owned photographic-style hero image for a Vietnamese travel phrasebook. No readable text, no logos, no watermarks, no faces as the subject. Keep the main landmark/object recognizable inside the upper third because the iOS masthead crops a shallow horizontal band. Show Chợ Đồng Xuân / Dong Xuan Market with the real visual cue a first-time traveler would recognize.","no readable text, no watermark, no logos, no fake signs, no unrelated Ha Long Bay/karst imagery for city-specific pages, no people as the main subject",Simulator screenshot plus phone spot-check before DONE,app-owned generated asset,docs/editorial-exports/viet-image-assets/hero-image-production-001/generated_hero_assets.json,Add owned/licensed/generated page-specific artwork when this page becomes high priority.
P2,SHIPPED_REVIEW_CROP,viet-family-city-hcmc-place-cho-lon,Chợ Lớn / Cho Lon,landmark,HeroCityHcmcPlaceChoLon,HeroCityHcmcPlaceChoLon,native-ios/Resources/Assets.xcassets/HeroCityHcmcPlaceChoLon.imageset/hero-city-hcmc-place-cho-lon.png,853 x 1844,853 x 1844,>= 1600 x 2400 preferred,PhraseListingView HeroMastheadImage,"center 50%, upper 25-35%; landmark silhouette must be recognizable",Recognizable subject must survive the top 276pt masthead crop; keep the key visual in the upper third and center 70% width.,generic_language_masthead,"Review the live crop on phone. If the subject is weak in the masthead, regenerate with the subject higher and larger.","Create an app-owned photographic-style hero image for a Vietnamese travel phrasebook. No readable text, no logos, no watermarks, no faces as the subject. Keep the main landmark/object recognizable inside the upper third because the iOS masthead crops a shallow horizontal band. Show Chợ Lớn / Cho Lon with the real visual cue a first-time traveler would recognize.","no readable text, no watermark, no logos, no fake signs, no unrelated Ha Long Bay/karst imagery for city-specific pages, no people as the main subject",Simulator screenshot plus phone spot-check before DONE,app-owned generated asset,docs/editorial-exports/viet-image-assets/hero-image-production-001/generated_hero_assets.json,Add owned/licensed/generated page-specific artwork when this page becomes high priority.
P2,SHIPPED_REVIEW_CROP,viet-family-city-hue-place-thien-mu,Chùa Thiên Mụ / Thien Mu Pagoda,landmark,HeroCityHuePlaceThienMu,HeroCityHuePlaceThienMu,native-ios/Resources/Assets.xcassets/HeroCityHuePlaceThienMu.imageset/hero-city-hue-place-thien-mu.png,853 x 1844,853 x 1844,>= 1600 x 2400 preferred,PhraseListingView HeroMastheadImage,"center 50%, upper 25-35%; landmark silhouette must be recognizable",Recognizable subject must survive the top 276pt masthead crop; keep the key visual in the upper third and center 70% width.,generic_language_masthead,"Review the live crop on phone. If the subject is weak in the masthead, regenerate with the subject higher and larger.","Create an app-owned photographic-style hero image for a Vietnamese travel phrasebook. No readable text, no logos, no watermarks, no faces as the subject. Keep the main landmark/object recognizable inside the upper third because the iOS masthead crops a shallow horizontal band. Show Chùa Thiên Mụ / Thien Mu Pagoda with the real visual cue a first-time traveler would recognize.","no readable text, no watermark, no logos, no fake signs, no unrelated Ha Long Bay/karst imagery for city-specific pages, no people as the main subject",Simulator screenshot plus phone spot-check before DONE,app-owned generated asset,docs/editorial-exports/viet-image-assets/hero-image-production-001/generated_hero_assets.json,Add owned/licensed/generated page-specific artwork when this page becomes high priority.
P2,SHIPPED_REVIEW_CROP,viet-family-city-hue-place-hen-island,Cồn Hến / Hen Island,landmark,HeroCityHuePlaceHenIsland,HeroCityHuePlaceHenIsland,native-ios/Resources/Assets.xcassets/HeroCityHuePlaceHenIsland.imageset/hero-city-hue-place-hen-island.png,853 x 1844,853 x 1844,>= 1600 x 2400 preferred,PhraseListingView HeroMastheadImage,"center 50%, upper 25-35%; landmark silhouette must be recognizable",Recognizable subject must survive the top 276pt masthead crop; keep the key visual in the upper third and center 70% width.,generic_language_masthead,"Review the live crop on phone. If the subject is weak in the masthead, regenerate with the subject higher and larger.","Create an app-owned photographic-style hero image for a Vietnamese travel phrasebook. No readable text, no logos, no watermarks, no faces as the subject. Keep the main landmark/object recognizable inside the upper third because the iOS masthead crops a shallow horizontal band. Show Cồn Hến / Hen Island with the real visual cue a first-time traveler would recognize.","no readable text, no watermark, no logos, no fake signs, no unrelated Ha Long Bay/karst imagery for city-specific pages, no people as the main subject",Simulator screenshot plus phone spot-check before DONE,app-owned generated asset,docs/editorial-exports/viet-image-assets/hero-image-production-001/generated_hero_assets.json,Add owned/licensed/generated page-specific artwork when this page becomes high priority.
P2,SHIPPED_REVIEW_CROP,viet-family-city-danang-place-apec-park,Công viên APEC / APEC Park,landmark,HeroCityDanangPlaceApecPark,HeroCityDanangPlaceApecPark,native-ios/Resources/Assets.xcassets/HeroCityDanangPlaceApecPark.imageset/hero-city-danang-place-apec-park.png,853 x 1844,853 x 1844,>= 1600 x 2400 preferred,PhraseListingView HeroMastheadImage,"center 50%, upper 25-35%; landmark silhouette must be recognizable",Recognizable subject must survive the top 276pt masthead crop; keep the key visual in the upper third and center 70% width.,generic_language_masthead,"Review the live crop on phone. If the subject is weak in the masthead, regenerate with the subject higher and larger.","Create an app-owned photographic-style hero image for a Vietnamese travel phrasebook. No readable text, no logos, no watermarks, no faces as the subject. Keep the main landmark/object recognizable inside the upper third because the iOS masthead crops a shallow horizontal band. Show Công viên APEC / APEC Park with the real visual cue a first-time traveler would recognize.","no readable text, no watermark, no logos, no fake signs, no unrelated Ha Long Bay/karst imagery for city-specific pages, no people as the main subject",Simulator screenshot plus phone spot-check before DONE,app-owned generated asset,docs/editorial-exports/viet-image-assets/hero-image-production-001/generated_hero_assets.json,Add owned/licensed/generated page-specific artwork when this page becomes high priority.
P2,SHIPPED_REVIEW_CROP,viet-family-city-danang-place-asia-park,Công viên Châu Á / Asia Park,landmark,HeroCityDanangPlaceAsiaPark,HeroCityDanangPlaceAsiaPark,native-ios/Resources/Assets.xcassets/HeroCityDanangPlaceAsiaPark.imageset/hero-city-danang-place-asia-park.png,853 x 1844,853 x 1844,>= 1600 x 2400 preferred,PhraseListingView HeroMastheadImage,"center 50%, upper 25-35%; landmark silhouette must be recognizable",Recognizable subject must survive the top 276pt masthead crop; keep the key visual in the upper third and center 70% width.,generic_language_masthead,"Review the live crop on phone. If the subject is weak in the masthead, regenerate with the subject higher and larger.","Create an app-owned photographic-style hero image for a Vietnamese travel phrasebook. No readable text, no logos, no watermarks, no faces as the subject. Keep the main landmark/object recognizable inside the upper third because the iOS masthead crops a shallow horizontal band. Show Công viên Châu Á / Asia Park with the real visual cue a first-time traveler would recognize.","no readable text, no watermark, no logos, no fake signs, no unrelated Ha Long Bay/karst imagery for city-specific pages, no people as the main subject",Simulator screenshot plus phone spot-check before DONE,app-owned generated asset,docs/editorial-exports/viet-image-assets/hero-image-production-001/generated_hero_assets.json,Add owned/licensed/generated page-specific artwork when this page becomes high priority.
P2,SHIPPED_REVIEW_CROP,viet-family-city-hcmc-place-tao-dan-park,Công viên Tao Đàn / Tao Dan Park,landmark,HeroCityHcmcPlaceTaoDanPark,HeroCityHcmcPlaceTaoDanPark,native-ios/Resources/Assets.xcassets/HeroCityHcmcPlaceTaoDanPark.imageset/hero-city-hcmc-place-tao-dan-park.png,853 x 1844,853 x 1844,>= 1600 x 2400 preferred,PhraseListingView HeroMastheadImage,"center 50%, upper 25-35%; landmark silhouette must be recognizable",Recognizable subject must survive the top 276pt masthead crop; keep the key visual in the upper third and center 70% width.,generic_language_masthead,"Review the live crop on phone. If the subject is weak in the masthead, regenerate with the subject higher and larger.","Create an app-owned photographic-style hero image for a Vietnamese travel phrasebook. No readable text, no logos, no watermarks, no faces as the subject. Keep the main landmark/object recognizable inside the upper third because the iOS masthead crops a shallow horizontal band. Show Công viên Tao Đàn / Tao Dan Park with the real visual cue a first-time traveler would recognize.","no readable text, no watermark, no logos, no fake signs, no unrelated Ha Long Bay/karst imagery for city-specific pages, no people as the main subject",Simulator screenshot plus phone spot-check before DONE,app-owned generated asset,docs/editorial-exports/viet-image-assets/hero-image-production-001/generated_hero_assets.json,Add owned/licensed/generated page-specific artwork when this page becomes high priority.
P2,SHIPPED_REVIEW_CROP,viet-family-city-hoian-place-cham-islands,Cù Lao Chàm / Cham Islands,landmark,HeroCityHoianPlaceChamIslands,HeroCityHoianPlaceChamIslands,native-ios/Resources/Assets.xcassets/HeroCityHoianPlaceChamIslands.imageset/hero-city-hoian-place-cham-islands.png,853 x 1844,853 x 1844,>= 1600 x 2400 preferred,PhraseListingView HeroMastheadImage,"center 50%, upper 25-35%; landmark silhouette must be recognizable",Recognizable subject must survive the top 276pt masthead crop; keep the key visual in the upper third and center 70% width.,generic_language_masthead,"Review the live crop on phone. If the subject is weak in the masthead, regenerate with the subject higher and larger.","Create an app-owned photographic-style hero image for a Vietnamese travel phrasebook. No readable text, no logos, no watermarks, no faces as the subject. Keep the main landmark/object recognizable inside the upper third because the iOS masthead crops a shallow horizontal band. Show Cù Lao Chàm / Cham Islands with the real visual cue a first-time traveler would recognize.","no readable text, no watermark, no logos, no fake signs, no unrelated Ha Long Bay/karst imagery for city-specific pages, no people as the main subject",Simulator screenshot plus phone spot-check before DONE,app-owned generated asset,docs/editorial-exports/viet-image-assets/hero-image-production-001/generated_hero_assets.json,Add owned/licensed/generated page-specific artwork when this page becomes high priority.
P2,SHIPPED_REVIEW_CROP,viet-family-city-hue-place-an-dinh-palace,Cung An Định / An Dinh Palace,landmark,HeroCityHuePlaceAnDinhPalace,HeroCityHuePlaceAnDinhPalace,native-ios/Resources/Assets.xcassets/HeroCityHuePlaceAnDinhPalace.imageset/hero-city-hue-place-an-dinh-palace.png,853 x 1844,853 x 1844,>= 1600 x 2400 preferred,PhraseListingView HeroMastheadImage,"center 50%, upper 25-35%; landmark silhouette must be recognizable",Recognizable subject must survive the top 276pt masthead crop; keep the key visual in the upper third and center 70% width.,generic_language_masthead,"Review the live crop on phone. If the subject is weak in the masthead, regenerate with the subject higher and larger.","Create an app-owned photographic-style hero image for a Vietnamese travel phrasebook. No readable text, no logos, no watermarks, no faces as the subject. Keep the main landmark/object recognizable inside the upper third because the iOS masthead crops a shallow horizontal band. Show Cung An Định / An Dinh Palace with the real visual cue a first-time traveler would recognize.","no readable text, no watermark, no logos, no fake signs, no unrelated Ha Long Bay/karst imagery for city-specific pages, no people as the main subject",Simulator screenshot plus phone spot-check before DONE,app-owned generated asset,docs/editorial-exports/viet-image-assets/hero-image-production-001/generated_hero_assets.json,Add owned/licensed/generated page-specific artwork when this page becomes high priority.
P2,SHIPPED_REVIEW_CROP,viet-family-city-hoian-place-an-hoi-island,Đảo An Hội / An Hoi Island,landmark,HeroCityHoianPlaceAnHoiIsland,HeroCityHoianPlaceAnHoiIsland,native-ios/Resources/Assets.xcassets/HeroCityHoianPlaceAnHoiIsland.imageset/hero-city-hoian-place-an-hoi-island.png,853 x 1844,853 x 1844,>= 1600 x 2400 preferred,PhraseListingView HeroMastheadImage,"center 50%, upper 25-35%; landmark silhouette must be recognizable",Recognizable subject must survive the top 276pt masthead crop; keep the key visual in the upper third and center 70% width.,generic_language_masthead,"Review the live crop on phone. If the subject is weak in the masthead, regenerate with the subject higher and larger.","Create an app-owned photographic-style hero image for a Vietnamese travel phrasebook. No readable text, no logos, no watermarks, no faces as the subject. Keep the main landmark/object recognizable inside the upper third because the iOS masthead crops a shallow horizontal band. Show Đảo An Hội / An Hoi Island with the real visual cue a first-time traveler would recognize.","no readable text, no watermark, no logos, no fake signs, no unrelated Ha Long Bay/karst imagery for city-specific pages, no people as the main subject",Simulator screenshot plus phone spot-check before DONE,app-owned generated asset,docs/editorial-exports/viet-image-assets/hero-image-production-001/generated_hero_assets.json,Add owned/licensed/generated page-specific artwork when this page becomes high priority.
P2,SHIPPED_REVIEW_CROP,viet-family-city-hoian-place-memories-land,Đảo Ký ức Hội An / Hoi An Memories Land,landmark,HeroCityHoianPlaceMemoriesLand,HeroCityHoianPlaceMemoriesLand,native-ios/Resources/Assets.xcassets/HeroCityHoianPlaceMemoriesLand.imageset/hero-city-hoian-place-memories-land.png,853 x 1844,853 x 1844,>= 1600 x 2400 preferred,PhraseListingView HeroMastheadImage,"center 50%, upper 25-35%; landmark silhouette must be recognizable",Recognizable subject must survive the top 276pt masthead crop; keep the key visual in the upper third and center 70% width.,generic_language_masthead,"Review the live crop on phone. If the subject is weak in the masthead, regenerate with the subject higher and larger.","Create an app-owned photographic-style hero image for a Vietnamese travel phrasebook. No readable text, no logos, no watermarks, no faces as the subject. Keep the main landmark/object recognizable inside the upper third because the iOS masthead crops a shallow horizontal band. Show Đảo Ký ức Hội An / Hoi An Memories Land with the real visual cue a first-time traveler would recognize.","no readable text, no watermark, no logos, no fake signs, no unrelated Ha Long Bay/karst imagery for city-specific pages, no people as the main subject",Simulator screenshot plus phone spot-check before DONE,app-owned generated asset,docs/editorial-exports/viet-image-assets/hero-image-production-001/generated_hero_assets.json,Add owned/licensed/generated page-specific artwork when this page becomes high priority.
P2,SHIPPED_REVIEW_CROP,viet-family-city-hue-place-huyen-tran-temple,Đền Huyền Trân / Huyen Tran Princess Temple,landmark,HeroCityHuePlaceHuyenTranTemple,HeroCityHuePlaceHuyenTranTemple,native-ios/Resources/Assets.xcassets/HeroCityHuePlaceHuyenTranTemple.imageset/hero-city-hue-place-huyen-tran-temple.png,853 x 1844,853 x 1844,>= 1600 x 2400 preferred,PhraseListingView HeroMastheadImage,"center 50%, upper 25-35%; landmark silhouette must be recognizable",Recognizable subject must survive the top 276pt masthead crop; keep the key visual in the upper third and center 70% width.,generic_language_masthead,"Review the live crop on phone. If the subject is weak in the masthead, regenerate with the subject higher and larger.","Create an app-owned photographic-style hero image for a Vietnamese travel phrasebook. No readable text, no logos, no watermarks, no faces as the subject. Keep the main landmark/object recognizable inside the upper third because the iOS masthead crops a shallow horizontal band. Show Đền Huyền Trân / Huyen Tran Princess Temple with the real visual cue a first-time traveler would recognize.","no readable text, no watermark, no logos, no fake signs, no unrelated Ha Long Bay/karst imagery for city-specific pages, no people as the main subject",Simulator screenshot plus phone spot-check before DONE,app-owned generated asset,docs/editorial-exports/viet-image-assets/hero-image-production-001/generated_hero_assets.json,Add owned/licensed/generated page-specific artwork when this page becomes high priority.
P2,SHIPPED_REVIEW_CROP,viet-family-city-hanoi-place-quan-thanh-temple,Đền Quán Thánh / Quan Thanh Temple,landmark,HeroCityHanoiPlaceQuanThanhTemple,HeroCityHanoiPlaceQuanThanhTemple,native-ios/Resources/Assets.xcassets/HeroCityHanoiPlaceQuanThanhTemple.imageset/hero-city-hanoi-place-quan-thanh-temple.png,853 x 1844,853 x 1844,>= 1600 x 2400 preferred,PhraseListingView HeroMastheadImage,"center 50%, upper 25-35%; landmark silhouette must be recognizable",Recognizable subject must survive the top 276pt masthead crop; keep the key visual in the upper third and center 70% width.,generic_language_masthead,"Review the live crop on phone. If the subject is weak in the masthead, regenerate with the subject higher and larger.","Create an app-owned photographic-style hero image for a Vietnamese travel phrasebook. No readable text, no logos, no watermarks, no faces as the subject. Keep the main landmark/object recognizable inside the upper third because the iOS masthead crops a shallow horizontal band. Show Đền Quán Thánh / Quan Thanh Temple with the real visual cue a first-time traveler would recognize.","no readable text, no watermark, no logos, no fake signs, no unrelated Ha Long Bay/karst imagery for city-specific pages, no people as the main subject",Simulator screenshot plus phone spot-check before DONE,app-owned generated asset,docs/editorial-exports/viet-image-assets/hero-image-production-001/generated_hero_assets.json,Add owned/licensed/generated page-specific artwork when this page becomes high priority.
P2,SHIPPED_REVIEW_CROP,viet-family-city-danang-place-ban-co-peak,Đỉnh Bàn Cờ / Ban Co Peak,landmark,HeroCityDanangPlaceBanCoPeak,HeroCityDanangPlaceBanCoPeak,native-ios/Resources/Assets.xcassets/HeroCityDanangPlaceBanCoPeak.imageset/hero-city-danang-place-ban-co-peak.png,853 x 1844,853 x 1844,>= 1600 x 2400 preferred,PhraseListingView HeroMastheadImage,"center 50%, upper 25-35%; landmark silhouette must be recognizable",Recognizable subject must survive the top 276pt masthead crop; keep the key visual in the upper third and center 70% width.,generic_language_masthead,"Review the live crop on phone. If the subject is weak in the masthead, regenerate with the subject higher and larger.","Create an app-owned photographic-style hero image for a Vietnamese travel phrasebook. No readable text, no logos, no watermarks, no faces as the subject. Keep the main landmark/object recognizable inside the upper third because the iOS masthead crops a shallow horizontal band. Show Đỉnh Bàn Cờ / Ban Co Peak with the real visual cue a first-time traveler would recognize.","no readable text, no watermark, no logos, no fake signs, no unrelated Ha Long Bay/karst imagery for city-specific pages, no people as the main subject",Simulator screenshot plus phone spot-check before DONE,app-owned generated asset,docs/editorial-exports/viet-image-assets/hero-image-production-001/generated_hero_assets.json,Add owned/licensed/generated page-specific artwork when this page becomes high priority.
P2,SHIPPED_REVIEW_CROP,viet-family-city-hcmc-place-independence-palace,Dinh Độc Lập / Independence Palace,landmark,HeroCityHcmcPlaceIndependencePalace,HeroCityHcmcPlaceIndependencePalace,native-ios/Resources/Assets.xcassets/HeroCityHcmcPlaceIndependencePalace.imageset/hero-city-hcmc-place-independence-palace.png,853 x 1844,853 x 1844,>= 1600 x 2400 preferred,PhraseListingView HeroMastheadImage,"center 50%, upper 25-35%; landmark silhouette must be recognizable",Recognizable subject must survive the top 276pt masthead crop; keep the key visual in the upper third and center 70% width.,generic_language_masthead,"Review the live crop on phone. If the subject is weak in the masthead, regenerate with the subject higher and larger.","Create an app-owned photographic-style hero image for a Vietnamese travel phrasebook. No readable text, no logos, no watermarks, no faces as the subject. Keep the main landmark/object recognizable inside the upper third because the iOS masthead crops a shallow horizontal band. Show Dinh Độc Lập / Independence Palace with the real visual cue a first-time traveler would recognize.","no readable text, no watermark, no logos, no fake signs, no unrelated Ha Long Bay/karst imagery for city-specific pages, no people as the main subject",Simulator screenshot plus phone spot-check before DONE,app-owned generated asset,docs/editorial-exports/viet-image-assets/hero-image-production-001/generated_hero_assets.json,Add owned/licensed/generated page-specific artwork when this page becomes high priority.
P2,SHIPPED_REVIEW_CROP,viet-family-city-hue-place-vong-canh-hill,Đồi Vọng Cảnh / Vong Canh Hill,landmark,HeroCityHuePlaceVongCanhHill,HeroCityHuePlaceVongCanhHill,native-ios/Resources/Assets.xcassets/HeroCityHuePlaceVongCanhHill.imageset/hero-city-hue-place-vong-canh-hill.png,853 x 1844,853 x 1844,>= 1600 x 2400 preferred,PhraseListingView HeroMastheadImage,"center 50%, upper 25-35%; landmark silhouette must be recognizable",Recognizable subject must survive the top 276pt masthead crop; keep the key visual in the upper third and center 70% width.,generic_language_masthead,"Review the live crop on phone. If the subject is weak in the masthead, regenerate with the subject higher and larger.","Create an app-owned photographic-style hero image for a Vietnamese travel phrasebook. No readable text, no logos, no watermarks, no faces as the subject. Keep the main landmark/object recognizable inside the upper third because the iOS masthead crops a shallow horizontal band. Show Đồi Vọng Cảnh / Vong Canh Hill with the real visual cue a first-time traveler would recognize.","no readable text, no watermark, no logos, no fake signs, no unrelated Ha Long Bay/karst imagery for city-specific pages, no people as the main subject",Simulator screenshot plus phone spot-check before DONE,app-owned generated asset,docs/editorial-exports/viet-image-assets/hero-image-production-001/generated_hero_assets.json,Add owned/licensed/generated page-specific artwork when this page becomes high priority.
P2,SHIPPED_REVIEW_CROP,viet-family-city-hcmc-place-turtle-lake,Hồ Con Rùa / Turtle Lake,landmark,HeroCityHcmcPlaceTurtleLake,HeroCityHcmcPlaceTurtleLake,native-ios/Resources/Assets.xcassets/HeroCityHcmcPlaceTurtleLake.imageset/hero-city-hcmc-place-turtle-lake.png,853 x 1844,853 x 1844,>= 1600 x 2400 preferred,PhraseListingView HeroMastheadImage,"center 50%, upper 25-35%; landmark silhouette must be recognizable",Recognizable subject must survive the top 276pt masthead crop; keep the key visual in the upper third and center 70% width.,generic_language_masthead,"Review the live crop on phone. If the subject is weak in the masthead, regenerate with the subject higher and larger.","Create an app-owned photographic-style hero image for a Vietnamese travel phrasebook. No readable text, no logos, no watermarks, no faces as the subject. Keep the main landmark/object recognizable inside the upper third because the iOS masthead crops a shallow horizontal band. Show Hồ Con Rùa / Turtle Lake with the real visual cue a first-time traveler would recognize.","no readable text, no watermark, no logos, no fake signs, no unrelated Ha Long Bay/karst imagery for city-specific pages, no people as the main subject",Simulator screenshot plus phone spot-check before DONE,app-owned generated asset,docs/editorial-exports/viet-image-assets/hero-image-production-001/generated_hero_assets.json,Add owned/licensed/generated page-specific artwork when this page becomes high priority.
P2,SHIPPED_REVIEW_CROP,viet-family-city-hanoi-place-hoan-kiem,Hồ Hoàn Kiếm / Hoan Kiem Lake,landmark,HeroCityHanoiPlaceHoanKiem,HeroCityHanoiPlaceHoanKiem,native-ios/Resources/Assets.xcassets/HeroCityHanoiPlaceHoanKiem.imageset/hero-city-hanoi-place-hoan-kiem.png,853 x 1844,853 x 1844,>= 1600 x 2400 preferred,PhraseListingView HeroMastheadImage,"center 50%, upper 25-35%; landmark silhouette must be recognizable",Recognizable subject must survive the top 276pt masthead crop; keep the key visual in the upper third and center 70% width.,generic_language_masthead,"Review the live crop on phone. If the subject is weak in the masthead, regenerate with the subject higher and larger.","Create an app-owned photographic-style hero image for a Vietnamese travel phrasebook. No readable text, no logos, no watermarks, no faces as the subject. Keep the main landmark/object recognizable inside the upper third because the iOS masthead crops a shallow horizontal band. Show Hồ Hoàn Kiếm / Hoan Kiem Lake with the real visual cue a first-time traveler would recognize.","no readable text, no watermark, no logos, no fake signs, no unrelated Ha Long Bay/karst imagery for city-specific pages, no people as the main subject",Simulator screenshot plus phone spot-check before DONE,app-owned generated asset,docs/editorial-exports/viet-image-assets/hero-image-production-001/generated_hero_assets.json,Add owned/licensed/generated page-specific artwork when this page becomes high priority.
P2,SHIPPED_REVIEW_CROP,viet-family-city-hanoi-place-west-lake,Hồ Tây / West Lake,landmark,HeroCityHanoiPlaceWestLake,HeroCityHanoiPlaceWestLake,native-ios/Resources/Assets.xcassets/HeroCityHanoiPlaceWestLake.imageset/hero-city-hanoi-place-west-lake.png,853 x 1844,853 x 1844,>= 1600 x 2400 preferred,PhraseListingView HeroMastheadImage,"center 50%, upper 25-35%; landmark silhouette must be recognizable",Recognizable subject must survive the top 276pt masthead crop; keep the key visual in the upper third and center 70% width.,generic_language_masthead,"Review the live crop on phone. If the subject is weak in the masthead, regenerate with the subject higher and larger.","Create an app-owned photographic-style hero image for a Vietnamese travel phrasebook. No readable text, no logos, no watermarks, no faces as the subject. Keep the main landmark/object recognizable inside the upper third because the iOS masthead crops a shallow horizontal band. Show Hồ Tây / West Lake with the real visual cue a first-time traveler would recognize.","no readable text, no watermark, no logos, no fake signs, no unrelated Ha Long Bay/karst imagery for city-specific pages, no people as the main subject",Simulator screenshot plus phone spot-check before DONE,app-owned generated asset,docs/editorial-exports/viet-image-assets/hero-image-production-001/generated_hero_assets.json,Add owned/licensed/generated page-specific artwork when this page becomes high priority.
P2,SHIPPED_REVIEW_CROP,viet-family-city-hanoi-place-truc-bach-lake,Hồ Trúc Bạch / Truc Bach Lake,landmark,HeroCityHanoiPlaceTrucBachLake,HeroCityHanoiPlaceTrucBachLake,native-ios/Resources/Assets.xcassets/HeroCityHanoiPlaceTrucBachLake.imageset/hero-city-hanoi-place-truc-bach-lake.png,853 x 1844,853 x 1844,>= 1600 x 2400 preferred,PhraseListingView HeroMastheadImage,"center 50%, upper 25-35%; landmark silhouette must be recognizable",Recognizable subject must survive the top 276pt masthead crop; keep the key visual in the upper third and center 70% width.,generic_language_masthead,"Review the live crop on phone. If the subject is weak in the masthead, regenerate with the subject higher and larger.","Create an app-owned photographic-style hero image for a Vietnamese travel phrasebook. No readable text, no logos, no watermarks, no faces as the subject. Keep the main landmark/object recognizable inside the upper third because the iOS masthead crops a shallow horizontal band. Show Hồ Trúc Bạch / Truc Bach Lake with the real visual cue a first-time traveler would recognize.","no readable text, no watermark, no logos, no fake signs, no unrelated Ha Long Bay/karst imagery for city-specific pages, no people as the main subject",Simulator screenshot plus phone spot-check before DONE,app-owned generated asset,docs/editorial-exports/viet-image-assets/hero-image-production-001/generated_hero_assets.json,Add owned/licensed/generated page-specific artwork when this page becomes high priority.
P2,SHIPPED_REVIEW_CROP,viet-family-city-hoian-place-fujian-assembly-hall,Hội quán Phúc Kiến / Fujian Assembly Hall,landmark,HeroCityHoianPlaceFujianAssemblyHall,HeroCityHoianPlaceFujianAssemblyHall,native-ios/Resources/Assets.xcassets/HeroCityHoianPlaceFujianAssemblyHall.imageset/hero-city-hoian-place-fujian-assembly-hall.png,853 x 1844,853 x 1844,>= 1600 x 2400 preferred,PhraseListingView HeroMastheadImage,"center 50%, upper 25-35%; landmark silhouette must be recognizable",Recognizable subject must survive the top 276pt masthead crop; keep the key visual in the upper third and center 70% width.,generic_language_masthead,"Review the live crop on phone. If the subject is weak in the masthead, regenerate with the subject higher and larger.","Create an app-owned photographic-style hero image for a Vietnamese travel phrasebook. No readable text, no logos, no watermarks, no faces as the subject. Keep the main landmark/object recognizable inside the upper third because the iOS masthead crops a shallow horizontal band. Show Hội quán Phúc Kiến / Fujian Assembly Hall with the real visual cue a first-time traveler would recognize.","no readable text, no watermark, no logos, no fake signs, no unrelated Ha Long Bay/karst imagery for city-specific pages, no people as the main subject",Simulator screenshot plus phone spot-check before DONE,app-owned generated asset,docs/editorial-exports/viet-image-assets/hero-image-production-001/generated_hero_assets.json,Add owned/licensed/generated page-specific artwork when this page becomes high priority.
P2,SHIPPED_REVIEW_CROP,viet-family-city-hcmc-place-landmark-81,Landmark 81 / Landmark 81,landmark,HeroCityHcmcPlaceLandmark81,HeroCityHcmcPlaceLandmark81,native-ios/Resources/Assets.xcassets/HeroCityHcmcPlaceLandmark81.imageset/hero-city-hcmc-place-landmark81.png,853 x 1844,853 x 1844,>= 1600 x 2400 preferred,PhraseListingView HeroMastheadImage,"center 50%, upper 25-35%; landmark silhouette must be recognizable",Recognizable subject must survive the top 276pt masthead crop; keep the key visual in the upper third and center 70% width.,generic_language_masthead,"Review the live crop on phone. If the subject is weak in the masthead, regenerate with the subject higher and larger.","Create an app-owned photographic-style hero image for a Vietnamese travel phrasebook. No readable text, no logos, no watermarks, no faces as the subject. Keep the main landmark/object recognizable inside the upper third because the iOS masthead crops a shallow horizontal band. Show Landmark 81 / Landmark 81 with the real visual cue a first-time traveler would recognize.","no readable text, no watermark, no logos, no fake signs, no unrelated Ha Long Bay/karst imagery for city-specific pages, no people as the main subject",Simulator screenshot plus phone spot-check before DONE,app-owned generated asset,docs/editorial-exports/viet-image-assets/hero-image-production-001/generated_hero_assets.json,Add owned/licensed/generated page-specific artwork when this page becomes high priority.
P2,SHIPPED_REVIEW_CROP,viet-family-city-hanoi-place-ho-chi-minh-mausoleum,Lăng Bác / Ho Chi Minh Mausoleum,landmark,HeroCityHanoiPlaceHoChiMinhMausoleum,HeroCityHanoiPlaceHoChiMinhMausoleum,native-ios/Resources/Assets.xcassets/HeroCityHanoiPlaceHoChiMinhMausoleum.imageset/hero-city-hanoi-place-ho-chi-minh-mausoleum.png,853 x 1844,853 x 1844,>= 1600 x 2400 preferred,PhraseListingView HeroMastheadImage,"center 50%, upper 25-35%; landmark silhouette must be recognizable",Recognizable subject must survive the top 276pt masthead crop; keep the key visual in the upper third and center 70% width.,generic_language_masthead,"Review the live crop on phone. If the subject is weak in the masthead, regenerate with the subject higher and larger.","Create an app-owned photographic-style hero image for a Vietnamese travel phrasebook. No readable text, no logos, no watermarks, no faces as the subject. Keep the main landmark/object recognizable inside the upper third because the iOS masthead crops a shallow horizontal band. Show Lăng Bác / Ho Chi Minh Mausoleum with the real visual cue a first-time traveler would recognize.","no readable text, no watermark, no logos, no fake signs, no unrelated Ha Long Bay/karst imagery for city-specific pages, no people as the main subject",Simulator screenshot plus phone spot-check before DONE,app-owned generated asset,docs/editorial-exports/viet-image-assets/hero-image-production-001/generated_hero_assets.json,Add owned/licensed/generated page-specific artwork when this page becomes high priority.
P2,SHIPPED_REVIEW_CROP,viet-family-city-danang-place-non-nuoc-stone-village,Làng đá Non Nước / Non Nuoc Stone Carving Village,landmark,HeroCityDanangPlaceNonNuocStoneVillage,HeroCityDanangPlaceNonNuocStoneVillage,native-ios/Resources/Assets.xcassets/HeroCityDanangPlaceNonNuocStoneVillage.imageset/hero-city-danang-place-non-nuoc-stone-village.png,853 x 1844,853 x 1844,>= 1600 x 2400 preferred,PhraseListingView HeroMastheadImage,"center 50%, upper 25-35%; landmark silhouette must be recognizable",Recognizable subject must survive the top 276pt masthead crop; keep the key visual in the upper third and center 70% width.,generic_language_masthead,"Review the live crop on phone. If the subject is weak in the masthead, regenerate with the subject higher and larger.","Create an app-owned photographic-style hero image for a Vietnamese travel phrasebook. No readable text, no logos, no watermarks, no faces as the subject. Keep the main landmark/object recognizable inside the upper third because the iOS masthead crops a shallow horizontal band. Show Làng đá Non Nước / Non Nuoc Stone Carving Village with the real visual cue a first-time traveler would recognize.","no readable text, no watermark, no logos, no fake signs, no unrelated Ha Long Bay/karst imagery for city-specific pages, no people as the main subject",Simulator screenshot plus phone spot-check before DONE,app-owned generated asset,docs/editorial-exports/viet-image-assets/hero-image-production-001/generated_hero_assets.json,Add owned/licensed/generated page-specific artwork when this page becomes high priority.
P2,SHIPPED_REVIEW_CROP,viet-family-city-hue-place-dong-khanh-tomb,Lăng Đồng Khánh / Tomb of Dong Khanh,landmark,HeroCityHuePlaceDongKhanhTomb,HeroCityHuePlaceDongKhanhTomb,native-ios/Resources/Assets.xcassets/HeroCityHuePlaceDongKhanhTomb.imageset/hero-city-hue-place-dong-khanh-tomb.png,853 x 1844,853 x 1844,>= 1600 x 2400 preferred,PhraseListingView HeroMastheadImage,"center 50%, upper 25-35%; landmark silhouette must be recognizable",Recognizable subject must survive the top 276pt masthead crop; keep the key visual in the upper third and center 70% width.,generic_language_masthead,"Review the live crop on phone. If the subject is weak in the masthead, regenerate with the subject higher and larger.","Create an app-owned photographic-style hero image for a Vietnamese travel phrasebook. No readable text, no logos, no watermarks, no faces as the subject. Keep the main landmark/object recognizable inside the upper third because the iOS masthead crops a shallow horizontal band. Show Lăng Đồng Khánh / Tomb of Dong Khanh with the real visual cue a first-time traveler would recognize.","no readable text, no watermark, no logos, no fake signs, no unrelated Ha Long Bay/karst imagery for city-specific pages, no people as the main subject",Simulator screenshot plus phone spot-check before DONE,app-owned generated asset,docs/editorial-exports/viet-image-assets/hero-image-production-001/generated_hero_assets.json,Add owned/licensed/generated page-specific artwork when this page becomes high priority.
P2,SHIPPED_REVIEW_CROP,viet-family-city-hoian-place-cam-thanh-coconut-village,Làng dừa Cẩm Thanh / Cam Thanh Coconut Village,landmark,HeroCityHoianPlaceCamThanhCoconutVillage,HeroCityHoianPlaceCamThanhCoconutVillage,native-ios/Resources/Assets.xcassets/HeroCityHoianPlaceCamThanhCoconutVillage.imageset/hero-city-hoian-place-cam-thanh-coconut-village.png,853 x 1844,853 x 1844,>= 1600 x 2400 preferred,PhraseListingView HeroMastheadImage,"center 50%, upper 25-35%; landmark silhouette must be recognizable",Recognizable subject must survive the top 276pt masthead crop; keep the key visual in the upper third and center 70% width.,generic_language_masthead,"Review the live crop on phone. If the subject is weak in the masthead, regenerate with the subject higher and larger.","Create an app-owned photographic-style hero image for a Vietnamese travel phrasebook. No readable text, no logos, no watermarks, no faces as the subject. Keep the main landmark/object recognizable inside the upper third because the iOS masthead crops a shallow horizontal band. Show Làng dừa Cẩm Thanh / Cam Thanh Coconut Village with the real visual cue a first-time traveler would recognize.","no readable text, no watermark, no logos, no fake signs, no unrelated Ha Long Bay/karst imagery for city-specific pages, no people as the main subject",Simulator screenshot plus phone spot-check before DONE,app-owned generated asset,docs/editorial-exports/viet-image-assets/hero-image-production-001/generated_hero_assets.json,Add owned/licensed/generated page-specific artwork when this page becomes high priority.
P2,SHIPPED_REVIEW_CROP,viet-family-city-hue-place-gia-long-tomb,Lăng Gia Long / Tomb of Gia Long,landmark,HeroCityHuePlaceGiaLongTomb,HeroCityHuePlaceGiaLongTomb,native-ios/Resources/Assets.xcassets/HeroCityHuePlaceGiaLongTomb.imageset/hero-city-hue-place-gia-long-tomb.png,853 x 1844,853 x 1844,>= 1600 x 2400 preferred,PhraseListingView HeroMastheadImage,"center 50%, upper 25-35%; landmark silhouette must be recognizable",Recognizable subject must survive the top 276pt masthead crop; keep the key visual in the upper third and center 70% width.,generic_language_masthead,"Review the live crop on phone. If the subject is weak in the masthead, regenerate with the subject higher and larger.","Create an app-owned photographic-style hero image for a Vietnamese travel phrasebook. No readable text, no logos, no watermarks, no faces as the subject. Keep the main landmark/object recognizable inside the upper third because the iOS masthead crops a shallow horizontal band. Show Lăng Gia Long / Tomb of Gia Long with the real visual cue a first-time traveler would recognize.","no readable text, no watermark, no logos, no fake signs, no unrelated Ha Long Bay/karst imagery for city-specific pages, no people as the main subject",Simulator screenshot plus phone spot-check before DONE,app-owned generated asset,docs/editorial-exports/viet-image-assets/hero-image-production-001/generated_hero_assets.json,Add owned/licensed/generated page-specific artwork when this page becomes high priority.
P2,SHIPPED_REVIEW_CROP,viet-family-city-hoian-place-thanh-ha,Làng gốm Thanh Hà / Thanh Ha Pottery Village,landmark,HeroCityHoianPlaceThanhHa,HeroCityHoianPlaceThanhHa,native-ios/Resources/Assets.xcassets/HeroCityHoianPlaceThanhHa.imageset/hero-city-hoian-place-thanh-ha.png,853 x 1844,853 x 1844,>= 1600 x 2400 preferred,PhraseListingView HeroMastheadImage,"center 50%, upper 25-35%; landmark silhouette must be recognizable",Recognizable subject must survive the top 276pt masthead crop; keep the key visual in the upper third and center 70% width.,generic_language_masthead,"Review the live crop on phone. If the subject is weak in the masthead, regenerate with the subject higher and larger.","Create an app-owned photographic-style hero image for a Vietnamese travel phrasebook. No readable text, no logos, no watermarks, no faces as the subject. Keep the main landmark/object recognizable inside the upper third because the iOS masthead crops a shallow horizontal band. Show Làng gốm Thanh Hà / Thanh Ha Pottery Village with the real visual cue a first-time traveler would recognize.","no readable text, no watermark, no logos, no fake signs, no unrelated Ha Long Bay/karst imagery for city-specific pages, no people as the main subject",Simulator screenshot plus phone spot-check before DONE,app-owned generated asset,docs/editorial-exports/viet-image-assets/hero-image-production-001/generated_hero_assets.json,Add owned/licensed/generated page-specific artwork when this page becomes high priority.
P2,SHIPPED_REVIEW_CROP,viet-family-city-hue-place-thuy-xuan-incense-village,Làng hương Thủy Xuân / Thuy Xuan Incense Village,landmark,HeroCityHuePlaceThuyXuanIncenseVillage,HeroCityHuePlaceThuyXuanIncenseVillage,native-ios/Resources/Assets.xcassets/HeroCityHuePlaceThuyXuanIncenseVillage.imageset/hero-city-hue-place-thuy-xuan-incense-village.png,853 x 1844,853 x 1844,>= 1600 x 2400 preferred,PhraseListingView HeroMastheadImage,"center 50%, upper 25-35%; landmark silhouette must be recognizable",Recognizable subject must survive the top 276pt masthead crop; keep the key visual in the upper third and center 70% width.,generic_language_masthead,"Review the live crop on phone. If the subject is weak in the masthead, regenerate with the subject higher and larger.","Create an app-owned photographic-style hero image for a Vietnamese travel phrasebook. No readable text, no logos, no watermarks, no faces as the subject. Keep the main landmark/object recognizable inside the upper third because the iOS masthead crops a shallow horizontal band. Show Làng hương Thủy Xuân / Thuy Xuan Incense Village with the real visual cue a first-time traveler would recognize.","no readable text, no watermark, no logos, no fake signs, no unrelated Ha Long Bay/karst imagery for city-specific pages, no people as the main subject",Simulator screenshot plus phone spot-check before DONE,app-owned generated asset,docs/editorial-exports/viet-image-assets/hero-image-production-001/generated_hero_assets.json,Add owned/licensed/generated page-specific artwork when this page becomes high priority.
P2,SHIPPED_REVIEW_CROP,viet-family-city-hue-place-khai-dinh-tomb,Lăng Khải Định / Tomb of Khai Dinh,landmark,HeroCityHuePlaceKhaiDinhTomb,HeroCityHuePlaceKhaiDinhTomb,native-ios/Resources/Assets.xcassets/HeroCityHuePlaceKhaiDinhTomb.imageset/hero-city-hue-place-khai-dinh-tomb.png,853 x 1844,853 x 1844,>= 1600 x 2400 preferred,PhraseListingView HeroMastheadImage,"center 50%, upper 25-35%; landmark silhouette must be recognizable",Recognizable subject must survive the top 276pt masthead crop; keep the key visual in the upper third and center 70% width.,generic_language_masthead,"Review the live crop on phone. If the subject is weak in the masthead, regenerate with the subject higher and larger.","Create an app-owned photographic-style hero image for a Vietnamese travel phrasebook. No readable text, no logos, no watermarks, no faces as the subject. Keep the main landmark/object recognizable inside the upper third because the iOS masthead crops a shallow horizontal band. Show Lăng Khải Định / Tomb of Khai Dinh with the real visual cue a first-time traveler would recognize.","no readable text, no watermark, no logos, no fake signs, no unrelated Ha Long Bay/karst imagery for city-specific pages, no people as the main subject",Simulator screenshot plus phone spot-check before DONE,app-owned generated asset,docs/editorial-exports/viet-image-assets/hero-image-production-001/generated_hero_assets.json,Add owned/licensed/generated page-specific artwork when this page becomes high priority.
P2,SHIPPED_REVIEW_CROP,viet-family-city-hue-place-minh-mang-tomb,Lăng Minh Mạng / Tomb of Minh Mang,landmark,HeroCityHuePlaceMinhMangTomb,HeroCityHuePlaceMinhMangTomb,native-ios/Resources/Assets.xcassets/HeroCityHuePlaceMinhMangTomb.imageset/hero-city-hue-place-minh-mang-tomb.png,853 x 1844,853 x 1844,>= 1600 x 2400 preferred,PhraseListingView HeroMastheadImage,"center 50%, upper 25-35%; landmark silhouette must be recognizable",Recognizable subject must survive the top 276pt masthead crop; keep the key visual in the upper third and center 70% width.,generic_language_masthead,"Review the live crop on phone. If the subject is weak in the masthead, regenerate with the subject higher and larger.","Create an app-owned photographic-style hero image for a Vietnamese travel phrasebook. No readable text, no logos, no watermarks, no faces as the subject. Keep the main landmark/object recognizable inside the upper third because the iOS masthead crops a shallow horizontal band. Show Lăng Minh Mạng / Tomb of Minh Mang with the real visual cue a first-time traveler would recognize.","no readable text, no watermark, no logos, no fake signs, no unrelated Ha Long Bay/karst imagery for city-specific pages, no people as the main subject",Simulator screenshot plus phone spot-check before DONE,app-owned generated asset,docs/editorial-exports/viet-image-assets/hero-image-production-001/generated_hero_assets.json,Add owned/licensed/generated page-specific artwork when this page becomes high priority.
P2,SHIPPED_REVIEW_CROP,viet-family-city-hoian-place-kim-bong-carpentry-village,Làng mộc Kim Bồng / Kim Bong Carpentry Village,landmark,HeroCityHoianPlaceKimBongCarpentryVillage,HeroCityHoianPlaceKimBongCarpentryVillage,native-ios/Resources/Assets.xcassets/HeroCityHoianPlaceKimBongCarpentryVillage.imageset/hero-city-hoian-place-kim-bong-carpentry-village.png,853 x 1844,853 x 1844,>= 1600 x 2400 preferred,PhraseListingView HeroMastheadImage,"center 50%, upper 25-35%; landmark silhouette must be recognizable",Recognizable subject must survive the top 276pt masthead crop; keep the key visual in the upper third and center 70% width.,generic_language_masthead,"Review the live crop on phone. If the subject is weak in the masthead, regenerate with the subject higher and larger.","Create an app-owned photographic-style hero image for a Vietnamese travel phrasebook. No readable text, no logos, no watermarks, no faces as the subject. Keep the main landmark/object recognizable inside the upper third because the iOS masthead crops a shallow horizontal band. Show Làng mộc Kim Bồng / Kim Bong Carpentry Village with the real visual cue a first-time traveler would recognize.","no readable text, no watermark, no logos, no fake signs, no unrelated Ha Long Bay/karst imagery for city-specific pages, no people as the main subject",Simulator screenshot plus phone spot-check before DONE,app-owned generated asset,docs/editorial-exports/viet-image-assets/hero-image-production-001/generated_hero_assets.json,Add owned/licensed/generated page-specific artwork when this page becomes high priority.
P2,SHIPPED_REVIEW_CROP,viet-family-city-hoian-place-tra-que,Làng rau Trà Quế / Tra Que Vegetable Village,landmark,HeroCityHoianPlaceTraQue,HeroCityHoianPlaceTraQue,native-ios/Resources/Assets.xcassets/HeroCityHoianPlaceTraQue.imageset/hero-city-hoian-place-tra-que.png,853 x 1844,853 x 1844,>= 1600 x 2400 preferred,PhraseListingView HeroMastheadImage,"center 50%, upper 25-35%; landmark silhouette must be recognizable",Recognizable subject must survive the top 276pt masthead crop; keep the key visual in the upper third and center 70% width.,generic_language_masthead,"Review the live crop on phone. If the subject is weak in the masthead, regenerate with the subject higher and larger.","Create an app-owned photographic-style hero image for a Vietnamese travel phrasebook. No readable text, no logos, no watermarks, no faces as the subject. Keep the main landmark/object recognizable inside the upper third because the iOS masthead crops a shallow horizontal band. Show Làng rau Trà Quế / Tra Que Vegetable Village with the real visual cue a first-time traveler would recognize.","no readable text, no watermark, no logos, no fake signs, no unrelated Ha Long Bay/karst imagery for city-specific pages, no people as the main subject",Simulator screenshot plus phone spot-check before DONE,app-owned generated asset,docs/editorial-exports/viet-image-assets/hero-image-production-001/generated_hero_assets.json,Add owned/licensed/generated page-specific artwork when this page becomes high priority.
P2,SHIPPED_REVIEW_CROP,viet-family-city-hue-place-tu-duc-tomb,Lăng Tự Đức / Tomb of Tu Duc,landmark,HeroCityHuePlaceTuDucTomb,HeroCityHuePlaceTuDucTomb,native-ios/Resources/Assets.xcassets/HeroCityHuePlaceTuDucTomb.imageset/hero-city-hue-place-tu-duc-tomb.png,853 x 1844,853 x 1844,>= 1600 x 2400 preferred,PhraseListingView HeroMastheadImage,"center 50%, upper 25-35%; landmark silhouette must be recognizable",Recognizable subject must survive the top 276pt masthead crop; keep the key visual in the upper third and center 70% width.,generic_language_masthead,"Review the live crop on phone. If the subject is weak in the masthead, regenerate with the subject higher and larger.","Create an app-owned photographic-style hero image for a Vietnamese travel phrasebook. No readable text, no logos, no watermarks, no faces as the subject. Keep the main landmark/object recognizable inside the upper third because the iOS masthead crops a shallow horizontal band. Show Lăng Tự Đức / Tomb of Tu Duc with the real visual cue a first-time traveler would recognize.","no readable text, no watermark, no logos, no fake signs, no unrelated Ha Long Bay/karst imagery for city-specific pages, no people as the main subject",Simulator screenshot plus phone spot-check before DONE,app-owned generated asset,docs/editorial-exports/viet-image-assets/hero-image-production-001/generated_hero_assets.json,Add owned/licensed/generated page-specific artwork when this page becomes high priority.
P2,SHIPPED_REVIEW_CROP,viet-family-city-hoian-place-quan-cong-temple,Miếu Quan Công / Quan Cong Temple,landmark,HeroCityHoianPlaceQuanCongTemple,HeroCityHoianPlaceQuanCongTemple,native-ios/Resources/Assets.xcassets/HeroCityHoianPlaceQuanCongTemple.imageset/hero-city-hoian-place-quan-cong-temple.png,853 x 1844,853 x 1844,>= 1600 x 2400 preferred,PhraseListingView HeroMastheadImage,"center 50%, upper 25-35%; landmark silhouette must be recognizable",Recognizable subject must survive the top 276pt masthead crop; keep the key visual in the upper third and center 70% width.,generic_language_masthead,"Review the live crop on phone. If the subject is weak in the masthead, regenerate with the subject higher and larger.","Create an app-owned photographic-style hero image for a Vietnamese travel phrasebook. No readable text, no logos, no watermarks, no faces as the subject. Keep the main landmark/object recognizable inside the upper third because the iOS masthead crops a shallow horizontal band. Show Miếu Quan Công / Quan Cong Temple with the real visual cue a first-time traveler would recognize.","no readable text, no watermark, no logos, no fake signs, no unrelated Ha Long Bay/karst imagery for city-specific pages, no people as the main subject",Simulator screenshot plus phone spot-check before DONE,app-owned generated asset,docs/editorial-exports/viet-image-assets/hero-image-production-001/generated_hero_assets.json,Add owned/licensed/generated page-specific artwork when this page becomes high priority.
P2,SHIPPED_REVIEW_CROP,viet-family-city-hoian-place-tan-ky-old-house,Nhà cổ Tấn Ký / Tan Ky Old House,landmark,HeroCityHoianPlaceTanKyOldHouse,HeroCityHoianPlaceTanKyOldHouse,native-ios/Resources/Assets.xcassets/HeroCityHoianPlaceTanKyOldHouse.imageset/hero-city-hoian-place-tan-ky-old-house.png,853 x 1844,853 x 1844,>= 1600 x 2400 preferred,PhraseListingView HeroMastheadImage,"center 50%, upper 25-35%; landmark silhouette must be recognizable",Recognizable subject must survive the top 276pt masthead crop; keep the key visual in the upper third and center 70% width.,generic_language_masthead,"Review the live crop on phone. If the subject is weak in the masthead, regenerate with the subject higher and larger.","Create an app-owned photographic-style hero image for a Vietnamese travel phrasebook. No readable text, no logos, no watermarks, no faces as the subject. Keep the main landmark/object recognizable inside the upper third because the iOS masthead crops a shallow horizontal band. Show Nhà cổ Tấn Ký / Tan Ky Old House with the real visual cue a first-time traveler would recognize.","no readable text, no watermark, no logos, no fake signs, no unrelated Ha Long Bay/karst imagery for city-specific pages, no people as the main subject",Simulator screenshot plus phone spot-check before DONE,app-owned generated asset,docs/editorial-exports/viet-image-assets/hero-image-production-001/generated_hero_assets.json,Add owned/licensed/generated page-specific artwork when this page becomes high priority.
P2,SHIPPED_REVIEW_CROP,viet-family-city-hanoi-place-opera-house,Nhà hát Lớn Hà Nội / Hanoi Opera House,landmark,HeroCityHanoiPlaceOperaHouse,HeroCityHanoiPlaceOperaHouse,native-ios/Resources/Assets.xcassets/HeroCityHanoiPlaceOperaHouse.imageset/hero-city-hanoi-place-opera-house.png,853 x 1844,853 x 1844,>= 1600 x 2400 preferred,PhraseListingView HeroMastheadImage,"center 50%, upper 25-35%; landmark silhouette must be recognizable",Recognizable subject must survive the top 276pt masthead crop; keep the key visual in the upper third and center 70% width.,generic_language_masthead,"Review the live crop on phone. If the subject is weak in the masthead, regenerate with the subject higher and larger.","Create an app-owned photographic-style hero image for a Vietnamese travel phrasebook. No readable text, no logos, no watermarks, no faces as the subject. Keep the main landmark/object recognizable inside the upper third because the iOS masthead crops a shallow horizontal band. Show Nhà hát Lớn Hà Nội / Hanoi Opera House with the real visual cue a first-time traveler would recognize.","no readable text, no watermark, no logos, no fake signs, no unrelated Ha Long Bay/karst imagery for city-specific pages, no people as the main subject",Simulator screenshot plus phone spot-check before DONE,app-owned generated asset,docs/editorial-exports/viet-image-assets/hero-image-production-001/generated_hero_assets.json,Add owned/licensed/generated page-specific artwork when this page becomes high priority.
P2,SHIPPED_REVIEW_CROP,viet-family-city-hanoi-place-water-puppet-theatre,Nhà hát Múa rối Thăng Long / Thang Long Water Puppet Theatre,landmark,HeroCityHanoiPlaceWaterPuppetTheatre,HeroCityHanoiPlaceWaterPuppetTheatre,native-ios/Resources/Assets.xcassets/HeroCityHanoiPlaceWaterPuppetTheatre.imageset/hero-city-hanoi-place-water-puppet-theatre.png,853 x 1844,853 x 1844,>= 1600 x 2400 preferred,PhraseListingView HeroMastheadImage,"center 50%, upper 25-35%; landmark silhouette must be recognizable",Recognizable subject must survive the top 276pt masthead crop; keep the key visual in the upper third and center 70% width.,generic_language_masthead,"Review the live crop on phone. If the subject is weak in the masthead, regenerate with the subject higher and larger.","Create an app-owned photographic-style hero image for a Vietnamese travel phrasebook. No readable text, no logos, no watermarks, no faces as the subject. Keep the main landmark/object recognizable inside the upper third because the iOS masthead crops a shallow horizontal band. Show Nhà hát Múa rối Thăng Long / Thang Long Water Puppet Theatre with the real visual cue a first-time traveler would recognize.","no readable text, no watermark, no logos, no fake signs, no unrelated Ha Long Bay/karst imagery for city-specific pages, no people as the main subject",Simulator screenshot plus phone spot-check before DONE,app-owned generated asset,docs/editorial-exports/viet-image-assets/hero-image-production-001/generated_hero_assets.json,Add owned/licensed/generated page-specific artwork when this page becomes high priority.
P2,SHIPPED_REVIEW_CROP,viet-family-city-hcmc-place-opera-house,Nhà hát Thành phố / Saigon Opera House,landmark,HeroCityHcmcPlaceOperaHouse,HeroCityHcmcPlaceOperaHouse,native-ios/Resources/Assets.xcassets/HeroCityHcmcPlaceOperaHouse.imageset/hero-city-hcmc-place-opera-house.png,853 x 1844,853 x 1844,>= 1600 x 2400 preferred,PhraseListingView HeroMastheadImage,"center 50%, upper 25-35%; landmark silhouette must be recognizable",Recognizable subject must survive the top 276pt masthead crop; keep the key visual in the upper third and center 70% width.,generic_language_masthead,"Review the live crop on phone. If the subject is weak in the masthead, regenerate with the subject higher and larger.","Create an app-owned photographic-style hero image for a Vietnamese travel phrasebook. No readable text, no logos, no watermarks, no faces as the subject. Keep the main landmark/object recognizable inside the upper third because the iOS masthead crops a shallow horizontal band. Show Nhà hát Thành phố / Saigon Opera House with the real visual cue a first-time traveler would recognize.","no readable text, no watermark, no logos, no fake signs, no unrelated Ha Long Bay/karst imagery for city-specific pages, no people as the main subject",Simulator screenshot plus phone spot-check before DONE,app-owned generated asset,docs/editorial-exports/viet-image-assets/hero-image-production-001/generated_hero_assets.json,Add owned/licensed/generated page-specific artwork when this page becomes high priority.
P2,SHIPPED_REVIEW_CROP,viet-family-city-hcmc-place-notre-dame,Nhà thờ Đức Bà Sài Gòn / Saigon Notre-Dame Cathedral,landmark,HeroCityHcmcPlaceNotreDame,HeroCityHcmcPlaceNotreDame,native-ios/Resources/Assets.xcassets/HeroCityHcmcPlaceNotreDame.imageset/hero-city-hcmc-place-notre-dame.png,853 x 1844,853 x 1844,>= 1600 x 2400 preferred,PhraseListingView HeroMastheadImage,"center 50%, upper 25-35%; landmark silhouette must be recognizable",Recognizable subject must survive the top 276pt masthead crop; keep the key visual in the upper third and center 70% width.,generic_language_masthead,"Review the live crop on phone. If the subject is weak in the masthead, regenerate with the subject higher and larger.","Create an app-owned photographic-style hero image for a Vietnamese travel phrasebook. No readable text, no logos, no watermarks, no faces as the subject. Keep the main landmark/object recognizable inside the upper third because the iOS masthead crops a shallow horizontal band. Show Nhà thờ Đức Bà Sài Gòn / Saigon Notre-Dame Cathedral with the real visual cue a first-time traveler would recognize.","no readable text, no watermark, no logos, no fake signs, no unrelated Ha Long Bay/karst imagery for city-specific pages, no people as the main subject",Simulator screenshot plus phone spot-check before DONE,app-owned generated asset,docs/editorial-exports/viet-image-assets/hero-image-production-001/generated_hero_assets.json,Add owned/licensed/generated page-specific artwork when this page becomes high priority.
P2,SHIPPED_REVIEW_CROP,viet-family-city-hue-place-phu-cam-church,Nhà thờ Phủ Cam / Phu Cam Church,landmark,HeroCityHuePlacePhuCamChurch,HeroCityHuePlacePhuCamChurch,native-ios/Resources/Assets.xcassets/HeroCityHuePlacePhuCamChurch.imageset/hero-city-hue-place-phu-cam-church.png,853 x 1844,853 x 1844,>= 1600 x 2400 preferred,PhraseListingView HeroMastheadImage,"center 50%, upper 25-35%; landmark silhouette must be recognizable",Recognizable subject must survive the top 276pt masthead crop; keep the key visual in the upper third and center 70% width.,generic_language_masthead,"Review the live crop on phone. If the subject is weak in the masthead, regenerate with the subject higher and larger.","Create an app-owned photographic-style hero image for a Vietnamese travel phrasebook. No readable text, no logos, no watermarks, no faces as the subject. Keep the main landmark/object recognizable inside the upper third because the iOS masthead crops a shallow horizontal band. Show Nhà thờ Phủ Cam / Phu Cam Church with the real visual cue a first-time traveler would recognize.","no readable text, no watermark, no logos, no fake signs, no unrelated Ha Long Bay/karst imagery for city-specific pages, no people as the main subject",Simulator screenshot plus phone spot-check before DONE,app-owned generated asset,docs/editorial-exports/viet-image-assets/hero-image-production-001/generated_hero_assets.json,Add owned/licensed/generated page-specific artwork when this page becomes high priority.
P2,SHIPPED_REVIEW_CROP,viet-family-city-hanoi-place-hoa-lo-prison,Nhà tù Hỏa Lò / Hoa Lo Prison,landmark,HeroCityHanoiPlaceHoaLoPrison,HeroCityHanoiPlaceHoaLoPrison,native-ios/Resources/Assets.xcassets/HeroCityHanoiPlaceHoaLoPrison.imageset/hero-city-hanoi-place-hoa-lo-prison.png,853 x 1844,853 x 1844,>= 1600 x 2400 preferred,PhraseListingView HeroMastheadImage,"center 50%, upper 25-35%; landmark silhouette must be recognizable",Recognizable subject must survive the top 276pt masthead crop; keep the key visual in the upper third and center 70% width.,generic_language_masthead,"Review the live crop on phone. If the subject is weak in the masthead, regenerate with the subject higher and larger.","Create an app-owned photographic-style hero image for a Vietnamese travel phrasebook. No readable text, no logos, no watermarks, no faces as the subject. Keep the main landmark/object recognizable inside the upper third because the iOS masthead crops a shallow horizontal band. Show Nhà tù Hỏa Lò / Hoa Lo Prison with the real visual cue a first-time traveler would recognize.","no readable text, no watermark, no logos, no fake signs, no unrelated Ha Long Bay/karst imagery for city-specific pages, no people as the main subject",Simulator screenshot plus phone spot-check before DONE,app-owned generated asset,docs/editorial-exports/viet-image-assets/hero-image-production-001/generated_hero_assets.json,Add owned/licensed/generated page-specific artwork when this page becomes high priority.
P2,SHIPPED_REVIEW_CROP,viet-family-city-hanoi-place-old-quarter,Phố cổ Hà Nội / Hanoi Old Quarter,landmark,HeroCityHanoiPlaceOldQuarter,HeroCityHanoiPlaceOldQuarter,native-ios/Resources/Assets.xcassets/HeroCityHanoiPlaceOldQuarter.imageset/hero-city-hanoi-place-old-quarter.png,853 x 1844,853 x 1844,>= 1600 x 2400 preferred,PhraseListingView HeroMastheadImage,"center 50%, upper 25-35%; landmark silhouette must be recognizable",Recognizable subject must survive the top 276pt masthead crop; keep the key visual in the upper third and center 70% width.,generic_language_masthead,"Review the live crop on phone. If the subject is weak in the masthead, regenerate with the subject higher and larger.","Create an app-owned photographic-style hero image for a Vietnamese travel phrasebook. No readable text, no logos, no watermarks, no faces as the subject. Keep the main landmark/object recognizable inside the upper third because the iOS masthead crops a shallow horizontal band. Show Phố cổ Hà Nội / Hanoi Old Quarter with the real visual cue a first-time traveler would recognize.","no readable text, no watermark, no logos, no fake signs, no unrelated Ha Long Bay/karst imagery for city-specific pages, no people as the main subject",Simulator screenshot plus phone spot-check before DONE,app-owned generated asset,docs/editorial-exports/viet-image-assets/hero-image-production-001/generated_hero_assets.json,Add owned/licensed/generated page-specific artwork when this page becomes high priority.
P2,SHIPPED_REVIEW_CROP,viet-family-city-hcmc-place-district-1,Quận 1 / District 1,landmark,HeroCityHcmcPlaceDistrict1,HeroCityHcmcPlaceDistrict1,native-ios/Resources/Assets.xcassets/HeroCityHcmcPlaceDistrict1.imageset/hero-city-hcmc-place-district1.png,853 x 1844,853 x 1844,>= 1600 x 2400 preferred,PhraseListingView HeroMastheadImage,"center 50%, upper 25-35%; landmark silhouette must be recognizable",Recognizable subject must survive the top 276pt masthead crop; keep the key visual in the upper third and center 70% width.,generic_language_masthead,"Review the live crop on phone. If the subject is weak in the masthead, regenerate with the subject higher and larger.","Create an app-owned photographic-style hero image for a Vietnamese travel phrasebook. No readable text, no logos, no watermarks, no faces as the subject. Keep the main landmark/object recognizable inside the upper third because the iOS masthead crops a shallow horizontal band. Show Quận 1 / District 1 with the real visual cue a first-time traveler would recognize.","no readable text, no watermark, no logos, no fake signs, no unrelated Ha Long Bay/karst imagery for city-specific pages, no people as the main subject",Simulator screenshot plus phone spot-check before DONE,app-owned generated asset,docs/editorial-exports/viet-image-assets/hero-image-production-001/generated_hero_assets.json,Add owned/licensed/generated page-specific artwork when this page becomes high priority.
P2,SHIPPED_REVIEW_CROP,viet-family-city-hanoi-place-ba-dinh-square,Quảng trường Ba Đình / Ba Dinh Square,landmark,HeroCityHanoiPlaceBaDinhSquare,HeroCityHanoiPlaceBaDinhSquare,native-ios/Resources/Assets.xcassets/HeroCityHanoiPlaceBaDinhSquare.imageset/hero-city-hanoi-place-ba-dinh-square.png,853 x 1844,853 x 1844,>= 1600 x 2400 preferred,PhraseListingView HeroMastheadImage,"center 50%, upper 25-35%; landmark silhouette must be recognizable",Recognizable subject must survive the top 276pt masthead crop; keep the key visual in the upper third and center 70% width.,generic_language_masthead,"Review the live crop on phone. If the subject is weak in the masthead, regenerate with the subject higher and larger.","Create an app-owned photographic-style hero image for a Vietnamese travel phrasebook. No readable text, no logos, no watermarks, no faces as the subject. Keep the main landmark/object recognizable inside the upper third because the iOS masthead crops a shallow horizontal band. Show Quảng trường Ba Đình / Ba Dinh Square with the real visual cue a first-time traveler would recognize.","no readable text, no watermark, no logos, no fake signs, no unrelated Ha Long Bay/karst imagery for city-specific pages, no people as the main subject",Simulator screenshot plus phone spot-check before DONE,app-owned generated asset,docs/editorial-exports/viet-image-assets/hero-image-production-001/generated_hero_assets.json,Add owned/licensed/generated page-specific artwork when this page becomes high priority.
P2,SHIPPED_REVIEW_CROP,viet-family-city-danang-place-nam-o-reef,Rạn Nam Ô / Nam O Reef,landmark,HeroCityDanangPlaceNamOReef,HeroCityDanangPlaceNamOReef,native-ios/Resources/Assets.xcassets/HeroCityDanangPlaceNamOReef.imageset/hero-city-danang-place-nam-o-reef.png,853 x 1844,853 x 1844,>= 1600 x 2400 preferred,PhraseListingView HeroMastheadImage,"center 50%, upper 25-35%; landmark silhouette must be recognizable",Recognizable subject must survive the top 276pt masthead crop; keep the key visual in the upper third and center 70% width.,generic_language_masthead,"Review the live crop on phone. If the subject is weak in the masthead, regenerate with the subject higher and larger.","Create an app-owned photographic-style hero image for a Vietnamese travel phrasebook. No readable text, no logos, no watermarks, no faces as the subject. Keep the main landmark/object recognizable inside the upper third because the iOS masthead crops a shallow horizontal band. Show Rạn Nam Ô / Nam O Reef with the real visual cue a first-time traveler would recognize.","no readable text, no watermark, no logos, no fake signs, no unrelated Ha Long Bay/karst imagery for city-specific pages, no people as the main subject",Simulator screenshot plus phone spot-check before DONE,app-owned generated asset,docs/editorial-exports/viet-image-assets/hero-image-production-001/generated_hero_assets.json,Add owned/licensed/generated page-specific artwork when this page becomes high priority.
P2,SHIPPED_REVIEW_CROP,viet-family-city-hoian-place-bay-mau-coconut-forest,Rừng dừa Bảy Mẫu / Bay Mau Coconut Forest,landmark,HeroCityHoianPlaceBayMauCoconutForest,HeroCityHoianPlaceBayMauCoconutForest,native-ios/Resources/Assets.xcassets/HeroCityHoianPlaceBayMauCoconutForest.imageset/hero-city-hoian-place-bay-mau-coconut-forest.png,853 x 1844,853 x 1844,>= 1600 x 2400 preferred,PhraseListingView HeroMastheadImage,"center 50%, upper 25-35%; landmark silhouette must be recognizable",Recognizable subject must survive the top 276pt masthead crop; keep the key visual in the upper third and center 70% width.,generic_language_masthead,"Review the live crop on phone. If the subject is weak in the masthead, regenerate with the subject higher and larger.","Create an app-owned photographic-style hero image for a Vietnamese travel phrasebook. No readable text, no logos, no watermarks, no faces as the subject. Keep the main landmark/object recognizable inside the upper third because the iOS masthead crops a shallow horizontal band. Show Rừng dừa Bảy Mẫu / Bay Mau Coconut Forest with the real visual cue a first-time traveler would recognize.","no readable text, no watermark, no logos, no fake signs, no unrelated Ha Long Bay/karst imagery for city-specific pages, no people as the main subject",Simulator screenshot plus phone spot-check before DONE,app-owned generated asset,docs/editorial-exports/viet-image-assets/hero-image-production-001/generated_hero_assets.json,Add owned/licensed/generated page-specific artwork when this page becomes high priority.
P2,SHIPPED_REVIEW_CROP,viet-family-city-hanoi-place-tay-ho,Tây Hồ / Tay Ho,landmark,HeroCityHanoiPlaceTayHo,HeroCityHanoiPlaceTayHo,native-ios/Resources/Assets.xcassets/HeroCityHanoiPlaceTayHo.imageset/hero-city-hanoi-place-tay-ho.png,853 x 1844,853 x 1844,>= 1600 x 2400 preferred,PhraseListingView HeroMastheadImage,"center 50%, upper 25-35%; landmark silhouette must be recognizable",Recognizable subject must survive the top 276pt masthead crop; keep the key visual in the upper third and center 70% width.,generic_language_masthead,"Review the live crop on phone. If the subject is weak in the masthead, regenerate with the subject higher and larger.","Create an app-owned photographic-style hero image for a Vietnamese travel phrasebook. No readable text, no logos, no watermarks, no faces as the subject. Keep the main landmark/object recognizable inside the upper third because the iOS masthead crops a shallow horizontal band. Show Tây Hồ / Tay Ho with the real visual cue a first-time traveler would recognize.","no readable text, no watermark, no logos, no fake signs, no unrelated Ha Long Bay/karst imagery for city-specific pages, no people as the main subject",Simulator screenshot plus phone spot-check before DONE,app-owned generated asset,docs/editorial-exports/viet-image-assets/hero-image-production-001/generated_hero_assets.json,Add owned/licensed/generated page-specific artwork when this page becomes high priority.
P2,SHIPPED_REVIEW_CROP,viet-family-city-hoian-place-my-son-sanctuary,Thánh địa Mỹ Sơn / My Son Sanctuary,landmark,HeroCityHoianPlaceMySonSanctuary,HeroCityHoianPlaceMySonSanctuary,native-ios/Resources/Assets.xcassets/HeroCityHoianPlaceMySonSanctuary.imageset/hero-city-hoian-place-my-son-sanctuary.png,853 x 1844,853 x 1844,>= 1600 x 2400 preferred,PhraseListingView HeroMastheadImage,"center 50%, upper 25-35%; landmark silhouette must be recognizable",Recognizable subject must survive the top 276pt masthead crop; keep the key visual in the upper third and center 70% width.,generic_language_masthead,"Review the live crop on phone. If the subject is weak in the masthead, regenerate with the subject higher and larger.","Create an app-owned photographic-style hero image for a Vietnamese travel phrasebook. No readable text, no logos, no watermarks, no faces as the subject. Keep the main landmark/object recognizable inside the upper third because the iOS masthead crops a shallow horizontal band. Show Thánh địa Mỹ Sơn / My Son Sanctuary with the real visual cue a first-time traveler would recognize.","no readable text, no watermark, no logos, no fake signs, no unrelated Ha Long Bay/karst imagery for city-specific pages, no people as the main subject",Simulator screenshot plus phone spot-check before DONE,app-owned generated asset,docs/editorial-exports/viet-image-assets/hero-image-production-001/generated_hero_assets.json,Add owned/licensed/generated page-specific artwork when this page becomes high priority.
P2,SHIPPED_REVIEW_CROP,viet-family-city-hcmc-place-zoo-botanical-gardens,Thảo Cầm Viên Sài Gòn / Saigon Zoo and Botanical Gardens,landmark,HeroCityHcmcPlaceZooBotanicalGardens,HeroCityHcmcPlaceZooBotanicalGardens,native-ios/Resources/Assets.xcassets/HeroCityHcmcPlaceZooBotanicalGardens.imageset/hero-city-hcmc-place-zoo-botanical-gardens.png,853 x 1844,853 x 1844,>= 1600 x 2400 preferred,PhraseListingView HeroMastheadImage,"center 50%, upper 25-35%; landmark silhouette must be recognizable",Recognizable subject must survive the top 276pt masthead crop; keep the key visual in the upper third and center 70% width.,generic_language_masthead,"Review the live crop on phone. If the subject is weak in the masthead, regenerate with the subject higher and larger.","Create an app-owned photographic-style hero image for a Vietnamese travel phrasebook. No readable text, no logos, no watermarks, no faces as the subject. Keep the main landmark/object recognizable inside the upper third because the iOS masthead crops a shallow horizontal band. Show Thảo Cầm Viên Sài Gòn / Saigon Zoo and Botanical Gardens with the real visual cue a first-time traveler would recognize.","no readable text, no watermark, no logos, no fake signs, no unrelated Ha Long Bay/karst imagery for city-specific pages, no people as the main subject",Simulator screenshot plus phone spot-check before DONE,app-owned generated asset,docs/editorial-exports/viet-image-assets/hero-image-production-001/generated_hero_assets.json,Add owned/licensed/generated page-specific artwork when this page becomes high priority.
P2,SHIPPED_REVIEW_CROP,viet-family-city-hcmc-place-thao-dien,Thảo Điền / Thao Dien,landmark,HeroCityHcmcPlaceThaoDien,HeroCityHcmcPlaceThaoDien,native-ios/Resources/Assets.xcassets/HeroCityHcmcPlaceThaoDien.imageset/hero-city-hcmc-place-thao-dien.png,853 x 1844,853 x 1844,>= 1600 x 2400 preferred,PhraseListingView HeroMastheadImage,"center 50%, upper 25-35%; landmark silhouette must be recognizable",Recognizable subject must survive the top 276pt masthead crop; keep the key visual in the upper third and center 70% width.,generic_language_masthead,"Review the live crop on phone. If the subject is weak in the masthead, regenerate with the subject higher and larger.","Create an app-owned photographic-style hero image for a Vietnamese travel phrasebook. No readable text, no logos, no watermarks, no faces as the subject. Keep the main landmark/object recognizable inside the upper third because the iOS masthead crops a shallow horizontal band. Show Thảo Điền / Thao Dien with the real visual cue a first-time traveler would recognize.","no readable text, no watermark, no logos, no fake signs, no unrelated Ha Long Bay/karst imagery for city-specific pages, no people as the main subject",Simulator screenshot plus phone spot-check before DONE,app-owned generated asset,docs/editorial-exports/viet-image-assets/hero-image-production-001/generated_hero_assets.json,Add owned/licensed/generated page-specific artwork when this page becomes high priority.
P2,SHIPPED_REVIEW_CROP,viet-family-city-hcmc-place-bitexco-tower,Tòa nhà Bitexco / Bitexco Financial Tower,landmark,HeroCityHcmcPlaceBitexcoTower,HeroCityHcmcPlaceBitexcoTower,native-ios/Resources/Assets.xcassets/HeroCityHcmcPlaceBitexcoTower.imageset/hero-city-hcmc-place-bitexco-tower.png,853 x 1844,853 x 1844,>= 1600 x 2400 preferred,PhraseListingView HeroMastheadImage,"center 50%, upper 25-35%; landmark silhouette must be recognizable",Recognizable subject must survive the top 276pt masthead crop; keep the key visual in the upper third and center 70% width.,generic_language_masthead,"Review the live crop on phone. If the subject is weak in the masthead, regenerate with the subject higher and larger.","Create an app-owned photographic-style hero image for a Vietnamese travel phrasebook. No readable text, no logos, no watermarks, no faces as the subject. Keep the main landmark/object recognizable inside the upper third because the iOS masthead crops a shallow horizontal band. Show Tòa nhà Bitexco / Bitexco Financial Tower with the real visual cue a first-time traveler would recognize.","no readable text, no watermark, no logos, no fake signs, no unrelated Ha Long Bay/karst imagery for city-specific pages, no people as the main subject",Simulator screenshot plus phone spot-check before DONE,app-owned generated asset,docs/editorial-exports/viet-image-assets/hero-image-production-001/generated_hero_assets.json,Add owned/licensed/generated page-specific artwork when this page becomes high priority.
P2,SHIPPED_REVIEW_CROP,viet-family-city-hanoi-place-temple-literature,Văn Miếu / Temple of Literature,landmark,HeroCityHanoiPlaceTempleLiterature,HeroCityHanoiPlaceTempleLiterature,native-ios/Resources/Assets.xcassets/HeroCityHanoiPlaceTempleLiterature.imageset/hero-city-hanoi-place-temple-literature.png,853 x 1844,853 x 1844,>= 1600 x 2400 preferred,PhraseListingView HeroMastheadImage,"center 50%, upper 25-35%; landmark silhouette must be recognizable",Recognizable subject must survive the top 276pt masthead crop; keep the key visual in the upper third and center 70% width.,generic_language_masthead,"Review the live crop on phone. If the subject is weak in the masthead, regenerate with the subject higher and larger.","Create an app-owned photographic-style hero image for a Vietnamese travel phrasebook. No readable text, no logos, no watermarks, no faces as the subject. Keep the main landmark/object recognizable inside the upper third because the iOS masthead crops a shallow horizontal band. Show Văn Miếu / Temple of Literature with the real visual cue a first-time traveler would recognize.","no readable text, no watermark, no logos, no fake signs, no unrelated Ha Long Bay/karst imagery for city-specific pages, no people as the main subject",Simulator screenshot plus phone spot-check before DONE,app-owned generated asset,docs/editorial-exports/viet-image-assets/hero-image-production-001/generated_hero_assets.json,Add owned/licensed/generated page-specific artwork when this page becomes high priority.
P2,SHIPPED_REVIEW_CROP,viet-family-city-hcmc-place-dong-khoi-street,Đường Đồng Khởi / Dong Khoi Street,streetDriver,HeroCityHcmcPlaceDongKhoiStreet,HeroCityHcmcPlaceDongKhoiStreet,native-ios/Resources/Assets.xcassets/HeroCityHcmcPlaceDongKhoiStreet.imageset/hero-city-hcmc-place-dong-khoi-street.png,853 x 1844,853 x 1844,>= 1600 x 2400 preferred,PhraseListingView HeroMastheadImage,"center 50%, upper 28%; road/address context, not fake signage",Recognizable subject must survive the top 276pt masthead crop; keep the key visual in the upper third and center 70% width.,generic_language_masthead,"Review the live crop on phone. If the subject is weak in the masthead, regenerate with the subject higher and larger.","Create an app-owned photographic-style hero image for a Vietnamese travel phrasebook. No readable text, no logos, no watermarks, no faces as the subject. Keep the main landmark/object recognizable inside the upper third because the iOS masthead crops a shallow horizontal band. Show Đường Đồng Khởi / Dong Khoi Street as a driver/street context with road, curb, or address cues. Avoid fake readable street-sign text.","no readable text, no watermark, no logos, no fake signs, no unrelated Ha Long Bay/karst imagery for city-specific pages, no people as the main subject",Simulator screenshot plus phone spot-check before DONE,app-owned generated asset,docs/editorial-exports/viet-image-assets/hero-image-production-001/generated_hero_assets.json,Add owned/licensed/generated page-specific artwork when this page becomes high priority.
P2,SHIPPED_REVIEW_CROP,viet-family-city-hue-place-le-loi-street,Đường Lê Lợi / Le Loi Street,streetDriver,HeroCityHuePlaceLeLoiStreet,HeroCityHuePlaceLeLoiStreet,native-ios/Resources/Assets.xcassets/HeroCityHuePlaceLeLoiStreet.imageset/hero-city-hue-place-le-loi-street.png,853 x 1844,853 x 1844,>= 1600 x 2400 preferred,PhraseListingView HeroMastheadImage,"center 50%, upper 28%; road/address context, not fake signage",Recognizable subject must survive the top 276pt masthead crop; keep the key visual in the upper third and center 70% width.,generic_language_masthead,"Review the live crop on phone. If the subject is weak in the masthead, regenerate with the subject higher and larger.","Create an app-owned photographic-style hero image for a Vietnamese travel phrasebook. No readable text, no logos, no watermarks, no faces as the subject. Keep the main landmark/object recognizable inside the upper third because the iOS masthead crops a shallow horizontal band. Show Đường Lê Lợi / Le Loi Street as a driver/street context with road, curb, or address cues. Avoid fake readable street-sign text.","no readable text, no watermark, no logos, no fake signs, no unrelated Ha Long Bay/karst imagery for city-specific pages, no people as the main subject",Simulator screenshot plus phone spot-check before DONE,app-owned generated asset,docs/editorial-exports/viet-image-assets/hero-image-production-001/generated_hero_assets.json,Add owned/licensed/generated page-specific artwork when this page becomes high priority.
P2,SHIPPED_REVIEW_CROP,viet-family-city-hcmc-place-le-thanh-ton-street,Đường Lê Thánh Tôn / Le Thanh Ton Street,streetDriver,HeroCityHcmcPlaceLeThanhTonStreet,HeroCityHcmcPlaceLeThanhTonStreet,native-ios/Resources/Assets.xcassets/HeroCityHcmcPlaceLeThanhTonStreet.imageset/hero-city-hcmc-place-le-thanh-ton-street.png,853 x 1844,853 x 1844,>= 1600 x 2400 preferred,PhraseListingView HeroMastheadImage,"center 50%, upper 28%; road/address context, not fake signage",Recognizable subject must survive the top 276pt masthead crop; keep the key visual in the upper third and center 70% width.,generic_language_masthead,"Review the live crop on phone. If the subject is weak in the masthead, regenerate with the subject higher and larger.","Create an app-owned photographic-style hero image for a Vietnamese travel phrasebook. No readable text, no logos, no watermarks, no faces as the subject. Keep the main landmark/object recognizable inside the upper third because the iOS masthead crops a shallow horizontal band. Show Đường Lê Thánh Tôn / Le Thanh Ton Street as a driver/street context with road, curb, or address cues. Avoid fake readable street-sign text.","no readable text, no watermark, no logos, no fake signs, no unrelated Ha Long Bay/karst imagery for city-specific pages, no people as the main subject",Simulator screenshot plus phone spot-check before DONE,app-owned generated asset,docs/editorial-exports/viet-image-assets/hero-image-production-001/generated_hero_assets.json,Add owned/licensed/generated page-specific artwork when this page becomes high priority.
P2,SHIPPED_REVIEW_CROP,viet-family-city-hcmc-place-nguyen-trai-street,Đường Nguyễn Trãi / Nguyen Trai Street,streetDriver,HeroCityHcmcPlaceNguyenTraiStreet,HeroCityHcmcPlaceNguyenTraiStreet,native-ios/Resources/Assets.xcassets/HeroCityHcmcPlaceNguyenTraiStreet.imageset/hero-city-hcmc-place-nguyen-trai-street.png,853 x 1844,853 x 1844,>= 1600 x 2400 preferred,PhraseListingView HeroMastheadImage,"center 50%, upper 28%; road/address context, not fake signage",Recognizable subject must survive the top 276pt masthead crop; keep the key visual in the upper third and center 70% width.,generic_language_masthead,"Review the live crop on phone. If the subject is weak in the masthead, regenerate with the subject higher and larger.","Create an app-owned photographic-style hero image for a Vietnamese travel phrasebook. No readable text, no logos, no watermarks, no faces as the subject. Keep the main landmark/object recognizable inside the upper third because the iOS masthead crops a shallow horizontal band. Show Đường Nguyễn Trãi / Nguyen Trai Street as a driver/street context with road, curb, or address cues. Avoid fake readable street-sign text.","no readable text, no watermark, no logos, no fake signs, no unrelated Ha Long Bay/karst imagery for city-specific pages, no people as the main subject",Simulator screenshot plus phone spot-check before DONE,app-owned generated asset,docs/editorial-exports/viet-image-assets/hero-image-production-001/generated_hero_assets.json,Add owned/licensed/generated page-specific artwork when this page becomes high priority.
P2,SHIPPED_REVIEW_CROP,viet-family-city-hcmc-place-pasteur-street,Đường Pasteur / Pasteur Street,streetDriver,HeroCityHcmcPlacePasteurStreet,HeroCityHcmcPlacePasteurStreet,native-ios/Resources/Assets.xcassets/HeroCityHcmcPlacePasteurStreet.imageset/hero-city-hcmc-place-pasteur-street.png,853 x 1844,853 x 1844,>= 1600 x 2400 preferred,PhraseListingView HeroMastheadImage,"center 50%, upper 28%; road/address context, not fake signage",Recognizable subject must survive the top 276pt masthead crop; keep the key visual in the upper third and center 70% width.,generic_language_masthead,"Review the live crop on phone. If the subject is weak in the masthead, regenerate with the subject higher and larger.","Create an app-owned photographic-style hero image for a Vietnamese travel phrasebook. No readable text, no logos, no watermarks, no faces as the subject. Keep the main landmark/object recognizable inside the upper third because the iOS masthead crops a shallow horizontal band. Show Đường Pasteur / Pasteur Street as a driver/street context with road, curb, or address cues. Avoid fake readable street-sign text.","no readable text, no watermark, no logos, no fake signs, no unrelated Ha Long Bay/karst imagery for city-specific pages, no people as the main subject",Simulator screenshot plus phone spot-check before DONE,app-owned generated asset,docs/editorial-exports/viet-image-assets/hero-image-production-001/generated_hero_assets.json,Add owned/licensed/generated page-specific artwork when this page becomes high priority.
P2,SHIPPED_REVIEW_CROP,viet-family-city-hcmc-place-bui-vien-street,Phố Bùi Viện / Bui Vien Street,streetDriver,HeroCityHcmcPlaceBuiVienStreet,HeroCityHcmcPlaceBuiVienStreet,native-ios/Resources/Assets.xcassets/HeroCityHcmcPlaceBuiVienStreet.imageset/hero-city-hcmc-place-bui-vien-street.png,853 x 1844,853 x 1844,>= 1600 x 2400 preferred,PhraseListingView HeroMastheadImage,"center 50%, upper 28%; road/address context, not fake signage",Recognizable subject must survive the top 276pt masthead crop; keep the key visual in the upper third and center 70% width.,generic_language_masthead,"Review the live crop on phone. If the subject is weak in the masthead, regenerate with the subject higher and larger.","Create an app-owned photographic-style hero image for a Vietnamese travel phrasebook. No readable text, no logos, no watermarks, no faces as the subject. Keep the main landmark/object recognizable inside the upper third because the iOS masthead crops a shallow horizontal band. Show Phố Bùi Viện / Bui Vien Street as a driver/street context with road, curb, or address cues. Avoid fake readable street-sign text.","no readable text, no watermark, no logos, no fake signs, no unrelated Ha Long Bay/karst imagery for city-specific pages, no people as the main subject",Simulator screenshot plus phone spot-check before DONE,app-owned generated asset,docs/editorial-exports/viet-image-assets/hero-image-production-001/generated_hero_assets.json,Add owned/licensed/generated page-specific artwork when this page becomes high priority.
P2,SHIPPED_REVIEW_CROP,viet-family-city-hue-place-walking-street,Phố đi bộ Huế / Hue Walking Street,streetDriver,HeroCityHuePlaceWalkingStreet,HeroCityHuePlaceWalkingStreet,native-ios/Resources/Assets.xcassets/HeroCityHuePlaceWalkingStreet.imageset/hero-city-hue-place-walking-street.png,853 x 1844,853 x 1844,>= 1600 x 2400 preferred,PhraseListingView HeroMastheadImage,"center 50%, upper 28%; road/address context, not fake signage",Recognizable subject must survive the top 276pt masthead crop; keep the key visual in the upper third and center 70% width.,generic_language_masthead,"Review the live crop on phone. If the subject is weak in the masthead, regenerate with the subject higher and larger.","Create an app-owned photographic-style hero image for a Vietnamese travel phrasebook. No readable text, no logos, no watermarks, no faces as the subject. Keep the main landmark/object recognizable inside the upper third because the iOS masthead crops a shallow horizontal band. Show Phố đi bộ Huế / Hue Walking Street as a driver/street context with road, curb, or address cues. Avoid fake readable street-sign text.","no readable text, no watermark, no logos, no fake signs, no unrelated Ha Long Bay/karst imagery for city-specific pages, no people as the main subject",Simulator screenshot plus phone spot-check before DONE,app-owned generated asset,docs/editorial-exports/viet-image-assets/hero-image-production-001/generated_hero_assets.json,Add owned/licensed/generated page-specific artwork when this page becomes high priority.
P2,SHIPPED_REVIEW_CROP,viet-family-city-hue-place-nguyen-dinh-chieu-street,Phố đi bộ Nguyễn Đình Chiểu / Nguyen Dinh Chieu Walking Street,streetDriver,HeroCityHuePlaceNguyenDinhChieuStreet,HeroCityHuePlaceNguyenDinhChieuStreet,native-ios/Resources/Assets.xcassets/HeroCityHuePlaceNguyenDinhChieuStreet.imageset/hero-city-hue-place-nguyen-dinh-chieu-street.png,853 x 1844,853 x 1844,>= 1600 x 2400 preferred,PhraseListingView HeroMastheadImage,"center 50%, upper 28%; road/address context, not fake signage",Recognizable subject must survive the top 276pt masthead crop; keep the key visual in the upper third and center 70% width.,generic_language_masthead,"Review the live crop on phone. If the subject is weak in the masthead, regenerate with the subject higher and larger.","Create an app-owned photographic-style hero image for a Vietnamese travel phrasebook. No readable text, no logos, no watermarks, no faces as the subject. Keep the main landmark/object recognizable inside the upper third because the iOS masthead crops a shallow horizontal band. Show Phố đi bộ Nguyễn Đình Chiểu / Nguyen Dinh Chieu Walking Street as a driver/street context with road, curb, or address cues. Avoid fake readable street-sign text.","no readable text, no watermark, no logos, no fake signs, no unrelated Ha Long Bay/karst imagery for city-specific pages, no people as the main subject",Simulator screenshot plus phone spot-check before DONE,app-owned generated asset,docs/editorial-exports/viet-image-assets/hero-image-production-001/generated_hero_assets.json,Add owned/licensed/generated page-specific artwork when this page becomes high priority.
P2,SHIPPED_REVIEW_CROP,viet-family-city-hcmc-place-nguyen-hue,Phố đi bộ Nguyễn Huệ / Nguyen Hue Walking Street,streetDriver,HeroCityHcmcPlaceNguyenHue,HeroCityHcmcPlaceNguyenHue,native-ios/Resources/Assets.xcassets/HeroCityHcmcPlaceNguyenHue.imageset/hero-city-hcmc-place-nguyen-hue.png,853 x 1844,853 x 1844,>= 1600 x 2400 preferred,PhraseListingView HeroMastheadImage,"center 50%, upper 28%; road/address context, not fake signage",Recognizable subject must survive the top 276pt masthead crop; keep the key visual in the upper third and center 70% width.,generic_language_masthead,"Review the live crop on phone. If the subject is weak in the masthead, regenerate with the subject higher and larger.","Create an app-owned photographic-style hero image for a Vietnamese travel phrasebook. No readable text, no logos, no watermarks, no faces as the subject. Keep the main landmark/object recognizable inside the upper third because the iOS masthead crops a shallow horizontal band. Show Phố đi bộ Nguyễn Huệ / Nguyen Hue Walking Street as a driver/street context with road, curb, or address cues. Avoid fake readable street-sign text.","no readable text, no watermark, no logos, no fake signs, no unrelated Ha Long Bay/karst imagery for city-specific pages, no people as the main subject",Simulator screenshot plus phone spot-check before DONE,app-owned generated asset,docs/editorial-exports/viet-image-assets/hero-image-production-001/generated_hero_assets.json,Add owned/licensed/generated page-specific artwork when this page becomes high priority.
P2,SHIPPED_REVIEW_CROP,viet-family-city-hanoi-place-train-street,Phố đường tàu Hà Nội / Hanoi Train Street,streetDriver,HeroCityHanoiPlaceTrainStreet,HeroCityHanoiPlaceTrainStreet,native-ios/Resources/Assets.xcassets/HeroCityHanoiPlaceTrainStreet.imageset/hero-city-hanoi-place-train-street.png,853 x 1844,853 x 1844,>= 1600 x 2400 preferred,PhraseListingView HeroMastheadImage,"center 50%, upper 28%; road/address context, not fake signage",Recognizable subject must survive the top 276pt masthead crop; keep the key visual in the upper third and center 70% width.,generic_language_masthead,"Review the live crop on phone. If the subject is weak in the masthead, regenerate with the subject higher and larger.","Create an app-owned photographic-style hero image for a Vietnamese travel phrasebook. No readable text, no logos, no watermarks, no faces as the subject. Keep the main landmark/object recognizable inside the upper third because the iOS masthead crops a shallow horizontal band. Show Phố đường tàu Hà Nội / Hanoi Train Street as a driver/street context with road, curb, or address cues. Avoid fake readable street-sign text.","no readable text, no watermark, no logos, no fake signs, no unrelated Ha Long Bay/karst imagery for city-specific pages, no people as the main subject",Simulator screenshot plus phone spot-check before DONE,app-owned generated asset,docs/editorial-exports/viet-image-assets/hero-image-production-001/generated_hero_assets.json,Add owned/licensed/generated page-specific artwork when this page becomes high priority.
P2,SHIPPED_REVIEW_CROP,viet-family-city-hanoi-place-hang-bac-street,Phố Hàng Bạc / Hang Bac Street,streetDriver,HeroCityHanoiPlaceHangBacStreet,HeroCityHanoiPlaceHangBacStreet,native-ios/Resources/Assets.xcassets/HeroCityHanoiPlaceHangBacStreet.imageset/hero-city-hanoi-place-hang-bac-street.png,853 x 1844,853 x 1844,>= 1600 x 2400 preferred,PhraseListingView HeroMastheadImage,"center 50%, upper 28%; road/address context, not fake signage",Recognizable subject must survive the top 276pt masthead crop; keep the key visual in the upper third and center 70% width.,generic_language_masthead,"Review the live crop on phone. If the subject is weak in the masthead, regenerate with the subject higher and larger.","Create an app-owned photographic-style hero image for a Vietnamese travel phrasebook. No readable text, no logos, no watermarks, no faces as the subject. Keep the main landmark/object recognizable inside the upper third because the iOS masthead crops a shallow horizontal band. Show Phố Hàng Bạc / Hang Bac Street as a driver/street context with road, curb, or address cues. Avoid fake readable street-sign text.","no readable text, no watermark, no logos, no fake signs, no unrelated Ha Long Bay/karst imagery for city-specific pages, no people as the main subject",Simulator screenshot plus phone spot-check before DONE,app-owned generated asset,docs/editorial-exports/viet-image-assets/hero-image-production-001/generated_hero_assets.json,Add owned/licensed/generated page-specific artwork when this page becomes high priority.
P2,SHIPPED_REVIEW_CROP,viet-family-city-hanoi-place-hang-gai-street,Phố Hàng Gai / Hang Gai Street,streetDriver,HeroCityHanoiPlaceHangGaiStreet,HeroCityHanoiPlaceHangGaiStreet,native-ios/Resources/Assets.xcassets/HeroCityHanoiPlaceHangGaiStreet.imageset/hero-city-hanoi-place-hang-gai-street.png,853 x 1844,853 x 1844,>= 1600 x 2400 preferred,PhraseListingView HeroMastheadImage,"center 50%, upper 28%; road/address context, not fake signage",Recognizable subject must survive the top 276pt masthead crop; keep the key visual in the upper third and center 70% width.,generic_language_masthead,"Review the live crop on phone. If the subject is weak in the masthead, regenerate with the subject higher and larger.","Create an app-owned photographic-style hero image for a Vietnamese travel phrasebook. No readable text, no logos, no watermarks, no faces as the subject. Keep the main landmark/object recognizable inside the upper third because the iOS masthead crops a shallow horizontal band. Show Phố Hàng Gai / Hang Gai Street as a driver/street context with road, curb, or address cues. Avoid fake readable street-sign text.","no readable text, no watermark, no logos, no fake signs, no unrelated Ha Long Bay/karst imagery for city-specific pages, no people as the main subject",Simulator screenshot plus phone spot-check before DONE,app-owned generated asset,docs/editorial-exports/viet-image-assets/hero-image-production-001/generated_hero_assets.json,Add owned/licensed/generated page-specific artwork when this page becomes high priority.
P2,SHIPPED_REVIEW_CROP,viet-family-city-hcmc-place-pham-ngu-lao-street,Phố Phạm Ngũ Lão / Pham Ngu Lao Street,streetDriver,HeroCityHcmcPlacePhamNguLaoStreet,HeroCityHcmcPlacePhamNguLaoStreet,native-ios/Resources/Assets.xcassets/HeroCityHcmcPlacePhamNguLaoStreet.imageset/hero-city-hcmc-place-pham-ngu-lao-street.png,853 x 1844,853 x 1844,>= 1600 x 2400 preferred,PhraseListingView HeroMastheadImage,"center 50%, upper 28%; road/address context, not fake signage",Recognizable subject must survive the top 276pt masthead crop; keep the key visual in the upper third and center 70% width.,generic_language_masthead,"Review the live crop on phone. If the subject is weak in the masthead, regenerate with the subject higher and larger.","Create an app-owned photographic-style hero image for a Vietnamese travel phrasebook. No readable text, no logos, no watermarks, no faces as the subject. Keep the main landmark/object recognizable inside the upper third because the iOS masthead crops a shallow horizontal band. Show Phố Phạm Ngũ Lão / Pham Ngu Lao Street as a driver/street context with road, curb, or address cues. Avoid fake readable street-sign text.","no readable text, no watermark, no logos, no fake signs, no unrelated Ha Long Bay/karst imagery for city-specific pages, no people as the main subject",Simulator screenshot plus phone spot-check before DONE,app-owned generated asset,docs/editorial-exports/viet-image-assets/hero-image-production-001/generated_hero_assets.json,Add owned/licensed/generated page-specific artwork when this page becomes high priority.
P2,SHIPPED_REVIEW_CROP,viet-family-city-hanoi-place-phan-dinh-phung-street,Phố Phan Đình Phùng / Phan Dinh Phung Street,streetDriver,HeroCityHanoiPlacePhanDinhPhungStreet,HeroCityHanoiPlacePhanDinhPhungStreet,native-ios/Resources/Assets.xcassets/HeroCityHanoiPlacePhanDinhPhungStreet.imageset/hero-city-hanoi-place-phan-dinh-phung-street.png,853 x 1844,853 x 1844,>= 1600 x 2400 preferred,PhraseListingView HeroMastheadImage,"center 50%, upper 28%; road/address context, not fake signage",Recognizable subject must survive the top 276pt masthead crop; keep the key visual in the upper third and center 70% width.,generic_language_masthead,"Review the live crop on phone. If the subject is weak in the masthead, regenerate with the subject higher and larger.","Create an app-owned photographic-style hero image for a Vietnamese travel phrasebook. No readable text, no logos, no watermarks, no faces as the subject. Keep the main landmark/object recognizable inside the upper third because the iOS masthead crops a shallow horizontal band. Show Phố Phan Đình Phùng / Phan Dinh Phung Street as a driver/street context with road, curb, or address cues. Avoid fake readable street-sign text.","no readable text, no watermark, no logos, no fake signs, no unrelated Ha Long Bay/karst imagery for city-specific pages, no people as the main subject",Simulator screenshot plus phone spot-check before DONE,app-owned generated asset,docs/editorial-exports/viet-image-assets/hero-image-production-001/generated_hero_assets.json,Add owned/licensed/generated page-specific artwork when this page becomes high priority.
P2,SHIPPED_REVIEW_CROP,viet-family-city-hanoi-place-ta-hien,Phố Tạ Hiện / Ta Hien Street,streetDriver,HeroCityHanoiPlaceTaHien,HeroCityHanoiPlaceTaHien,native-ios/Resources/Assets.xcassets/HeroCityHanoiPlaceTaHien.imageset/hero-city-hanoi-place-ta-hien.png,853 x 1844,853 x 1844,>= 1600 x 2400 preferred,PhraseListingView HeroMastheadImage,"center 50%, upper 28%; road/address context, not fake signage",Recognizable subject must survive the top 276pt masthead crop; keep the key visual in the upper third and center 70% width.,generic_language_masthead,"Review the live crop on phone. If the subject is weak in the masthead, regenerate with the subject higher and larger.","Create an app-owned photographic-style hero image for a Vietnamese travel phrasebook. No readable text, no logos, no watermarks, no faces as the subject. Keep the main landmark/object recognizable inside the upper third because the iOS masthead crops a shallow horizontal band. Show Phố Tạ Hiện / Ta Hien Street as a driver/street context with road, curb, or address cues. Avoid fake readable street-sign text.","no readable text, no watermark, no logos, no fake signs, no unrelated Ha Long Bay/karst imagery for city-specific pages, no people as the main subject",Simulator screenshot plus phone spot-check before DONE,app-owned generated asset,docs/editorial-exports/viet-image-assets/hero-image-production-001/generated_hero_assets.json,Add owned/licensed/generated page-specific artwork when this page becomes high priority.
P2,SHIPPED_REVIEW_CROP,viet-family-city-hoian-place-tran-phu-street,Phố Trần Phú / Tran Phu Street,streetDriver,HeroCityHoianPlaceTranPhuStreet,HeroCityHoianPlaceTranPhuStreet,native-ios/Resources/Assets.xcassets/HeroCityHoianPlaceTranPhuStreet.imageset/hero-city-hoian-place-tran-phu-street.png,853 x 1844,853 x 1844,>= 1600 x 2400 preferred,PhraseListingView HeroMastheadImage,"center 50%, upper 28%; road/address context, not fake signage",Recognizable subject must survive the top 276pt masthead crop; keep the key visual in the upper third and center 70% width.,generic_language_masthead,"Review the live crop on phone. If the subject is weak in the masthead, regenerate with the subject higher and larger.","Create an app-owned photographic-style hero image for a Vietnamese travel phrasebook. No readable text, no logos, no watermarks, no faces as the subject. Keep the main landmark/object recognizable inside the upper third because the iOS masthead crops a shallow horizontal band. Show Phố Trần Phú / Tran Phu Street as a driver/street context with road, curb, or address cues. Avoid fake readable street-sign text.","no readable text, no watermark, no logos, no fake signs, no unrelated Ha Long Bay/karst imagery for city-specific pages, no people as the main subject",Simulator screenshot plus phone spot-check before DONE,app-owned generated asset,docs/editorial-exports/viet-image-assets/hero-image-production-001/generated_hero_assets.json,Add owned/licensed/generated page-specific artwork when this page becomes high priority.
