priority,status,pageID,title,profile,currentHeroImageName,targetHeroImageName,assetPath,targetAssetPath,currentPx,targetPx,targetRepoPx,sourceMasterPx,targetComponent,focalPoint,safeZone,currentIssue,nextAction,generationPrompt,negativePrompt,proofRequired,sourceOwnership,receiptOrProof,notes
P0,NEEDS_UNIQUE_REALISTIC_ASSET,viet-family-city-hoian-place-white-rose-dumplings,Bánh bao bánh vạc ở Hội An / White rose dumplings,dish,HeroCityHoian,HeroCityHoianPlaceWhiteRoseDumplings,native-ios/Resources/Assets.xcassets/HeroCityHoian.imageset/hero-city-hoian.png,,853 x 1844,,853 x 1844,>= 1600 x 2400 preferred,PhraseListingView HeroMastheadImage,"center 50%, upper 32%; food or entrance must remain visible after fade",Recognizable subject must survive the top 276pt masthead crop; keep the key visual in the upper third and center 70% width.,city_place_requires_unique_realistic_hero,"Generate owned/licensed hero, crop to repo target, wire heroImageName through source/resources/SQLite, and capture simulator proof.","Create a super-realistic app-owned hero photo for a Vietnamese travel phrasebook, matching the premium real-life menu-item hero image quality. No readable text, no logos, no watermarks, no faces as the subject. Keep the main landmark/object recognizable inside the upper third because the iOS masthead crops a shallow horizontal band. Show Bánh bao bánh vạc ở Hội An / White rose dumplings as an appetizing Vietnamese dish close-up with clean natural light and room for the masthead fade. Specific subject guidance: Photorealistic owned asset: delicate white rose dumplings on ceramic plate with fried shallots, soft daylight.","no readable text, no watermark, no logos, no fake signs, no unrelated Ha Long Bay/karst imagery for city-specific pages, no people as the main subject",Simulator screenshot plus phone spot-check before DONE,shared or legacy fallback; replace with unique app-owned generated realistic asset,docs/editorial-exports/viet-image-assets/hero-image-production-001/generated_hero_assets.json,Generate a unique realistic menu-quality image for this exact city noun; do not reuse the city masthead or another place image.
P0,NEEDS_UNIQUE_REALISTIC_ASSET,viet-family-city-hue-place-banh-beo,Bánh bèo ở Huế / Banh beo,dish,HeroCityHue,HeroCityHuePlaceBanhBeo,native-ios/Resources/Assets.xcassets/HeroCityHue.imageset/hero-city-hue.png,,853 x 1844,,853 x 1844,>= 1600 x 2400 preferred,PhraseListingView HeroMastheadImage,"center 50%, upper 32%; food or entrance must remain visible after fade",Recognizable subject must survive the top 276pt masthead crop; keep the key visual in the upper third and center 70% width.,city_place_requires_unique_realistic_hero,"Generate owned/licensed hero, crop to repo target, wire heroImageName through source/resources/SQLite, and capture simulator proof.","Create a super-realistic app-owned hero photo for a Vietnamese travel phrasebook, matching the premium real-life menu-item hero image quality. No readable text, no logos, no watermarks, no faces as the subject. Keep the main landmark/object recognizable inside the upper third because the iOS masthead crops a shallow horizontal band. Show Bánh bèo ở Huế / Banh beo as an appetizing Vietnamese dish close-up with clean natural light and room for the masthead fade. Specific subject guidance: Photorealistic tray of small ceramic saucers of bánh bèo with shrimp topping and scallion oil.","no readable text, no watermark, no logos, no fake signs, no unrelated Ha Long Bay/karst imagery for city-specific pages, no people as the main subject",Simulator screenshot plus phone spot-check before DONE,shared or legacy fallback; replace with unique app-owned generated realistic asset,docs/editorial-exports/viet-image-assets/hero-image-production-001/generated_hero_assets.json,Generate a unique realistic menu-quality image for this exact city noun; do not reuse the city masthead or another place image.
P0,NEEDS_UNIQUE_REALISTIC_ASSET,viet-family-city-hue-place-banh-bot-loc,Bánh bột lọc ở Huế / Banh bot loc,dish,HeroCityHue,HeroCityHuePlaceBanhBotLoc,native-ios/Resources/Assets.xcassets/HeroCityHue.imageset/hero-city-hue.png,,853 x 1844,,853 x 1844,>= 1600 x 2400 preferred,PhraseListingView HeroMastheadImage,"center 50%, upper 32%; food or entrance must remain visible after fade",Recognizable subject must survive the top 276pt masthead crop; keep the key visual in the upper third and center 70% width.,city_place_requires_unique_realistic_hero,"Generate owned/licensed hero, crop to repo target, wire heroImageName through source/resources/SQLite, and capture simulator proof.","Create a super-realistic app-owned hero photo for a Vietnamese travel phrasebook, matching the premium real-life menu-item hero image quality. No readable text, no logos, no watermarks, no faces as the subject. Keep the main landmark/object recognizable inside the upper third because the iOS masthead crops a shallow horizontal band. Show Bánh bột lọc ở Huế / Banh bot loc as an appetizing Vietnamese dish close-up with clean natural light and room for the masthead fade. Specific subject guidance: Photorealistic glossy bánh bột lọc dumplings in banana leaf with shrimp visible and dipping sauce.","no readable text, no watermark, no logos, no fake signs, no unrelated Ha Long Bay/karst imagery for city-specific pages, no people as the main subject",Simulator screenshot plus phone spot-check before DONE,shared or legacy fallback; replace with unique app-owned generated realistic asset,docs/editorial-exports/viet-image-assets/hero-image-production-001/generated_hero_assets.json,Generate a unique realistic menu-quality image for this exact city noun; do not reuse the city masthead or another place image.
P0,NEEDS_UNIQUE_REALISTIC_ASSET,viet-family-city-hanoi-place-banh-cuon,Bánh cuốn ở Hà Nội / Steamed rice rolls,dish,HeroCityHanoi,HeroCityHanoiPlaceBanhCuon,native-ios/Resources/Assets.xcassets/HeroCityHanoi.imageset/hero-city-hanoi.png,,853 x 1844,,853 x 1844,>= 1600 x 2400 preferred,PhraseListingView HeroMastheadImage,"center 50%, upper 32%; food or entrance must remain visible after fade",Recognizable subject must survive the top 276pt masthead crop; keep the key visual in the upper third and center 70% width.,city_place_requires_unique_realistic_hero,"Generate owned/licensed hero, crop to repo target, wire heroImageName through source/resources/SQLite, and capture simulator proof.","Create a super-realistic app-owned hero photo for a Vietnamese travel phrasebook, matching the premium real-life menu-item hero image quality. No readable text, no logos, no watermarks, no faces as the subject. Keep the main landmark/object recognizable inside the upper third because the iOS masthead crops a shallow horizontal band. Show Bánh cuốn ở Hà Nội / Steamed rice rolls as an appetizing Vietnamese dish close-up with clean natural light and room for the masthead fade. Specific subject guidance: Plate of bánh cuốn with herbs and dipping sauce, Hanoi breakfast shop, realistic photo.","no readable text, no watermark, no logos, no fake signs, no unrelated Ha Long Bay/karst imagery for city-specific pages, no people as the main subject",Simulator screenshot plus phone spot-check before DONE,shared or legacy fallback; replace with unique app-owned generated realistic asset,docs/editorial-exports/viet-image-assets/hero-image-production-001/generated_hero_assets.json,Generate a unique realistic menu-quality image for this exact city noun; do not reuse the city masthead or another place image.
P0,NEEDS_UNIQUE_REALISTIC_ASSET,viet-family-city-hoian-place-banh-dap-hen-xao,Bánh đập hến xào ở Hội An / Cracked rice paper and clams,dish,HeroCityHoian,HeroCityHoianPlaceBanhDapHenXao,native-ios/Resources/Assets.xcassets/HeroCityHoian.imageset/hero-city-hoian.png,,853 x 1844,,853 x 1844,>= 1600 x 2400 preferred,PhraseListingView HeroMastheadImage,"center 50%, upper 32%; food or entrance must remain visible after fade",Recognizable subject must survive the top 276pt masthead crop; keep the key visual in the upper third and center 70% width.,city_place_requires_unique_realistic_hero,"Generate owned/licensed hero, crop to repo target, wire heroImageName through source/resources/SQLite, and capture simulator proof.","Create a super-realistic app-owned hero photo for a Vietnamese travel phrasebook, matching the premium real-life menu-item hero image quality. No readable text, no logos, no watermarks, no faces as the subject. Keep the main landmark/object recognizable inside the upper third because the iOS masthead crops a shallow horizontal band. Show Bánh đập hến xào ở Hội An / Cracked rice paper and clams as an appetizing Vietnamese dish close-up with clean natural light and room for the masthead fade. Specific subject guidance: Photorealistic owned asset: rice crackers with stir-fried clams and herbs on rustic table, no logo.","no readable text, no watermark, no logos, no fake signs, no unrelated Ha Long Bay/karst imagery for city-specific pages, no people as the main subject",Simulator screenshot plus phone spot-check before DONE,shared or legacy fallback; replace with unique app-owned generated realistic asset,docs/editorial-exports/viet-image-assets/hero-image-production-001/generated_hero_assets.json,Generate a unique realistic menu-quality image for this exact city noun; do not reuse the city masthead or another place image.
P0,NEEDS_UNIQUE_REALISTIC_ASSET,viet-family-city-hue-place-banh-khoai,Bánh khoái ở Huế / Banh khoai,dish,HeroCityHue,HeroCityHuePlaceBanhKhoai,native-ios/Resources/Assets.xcassets/HeroCityHue.imageset/hero-city-hue.png,,853 x 1844,,853 x 1844,>= 1600 x 2400 preferred,PhraseListingView HeroMastheadImage,"center 50%, upper 32%; food or entrance must remain visible after fade",Recognizable subject must survive the top 276pt masthead crop; keep the key visual in the upper third and center 70% width.,city_place_requires_unique_realistic_hero,"Generate owned/licensed hero, crop to repo target, wire heroImageName through source/resources/SQLite, and capture simulator proof.","Create a super-realistic app-owned hero photo for a Vietnamese travel phrasebook, matching the premium real-life menu-item hero image quality. No readable text, no logos, no watermarks, no faces as the subject. Keep the main landmark/object recognizable inside the upper third because the iOS masthead crops a shallow horizontal band. Show Bánh khoái ở Huế / Banh khoai as an appetizing Vietnamese dish close-up with clean natural light and room for the masthead fade. Specific subject guidance: Photorealistic crisp yellow Hue bánh khoái with herbs, fig, starfruit, and dipping sauce.","no readable text, no watermark, no logos, no fake signs, no unrelated Ha Long Bay/karst imagery for city-specific pages, no people as the main subject",Simulator screenshot plus phone spot-check before DONE,shared or legacy fallback; replace with unique app-owned generated realistic asset,docs/editorial-exports/viet-image-assets/hero-image-production-001/generated_hero_assets.json,Generate a unique realistic menu-quality image for this exact city noun; do not reuse the city masthead or another place image.
P0,NEEDS_UNIQUE_REALISTIC_ASSET,viet-family-city-hoian-place-banh-mi,Bánh mì Hội An / Banh mi in Hoi An,dish,HeroCityHoian,HeroCityHoianPlaceBanhMi,native-ios/Resources/Assets.xcassets/HeroCityHoian.imageset/hero-city-hoian.png,,853 x 1844,,853 x 1844,>= 1600 x 2400 preferred,PhraseListingView HeroMastheadImage,"center 50%, upper 32%; food or entrance must remain visible after fade",Recognizable subject must survive the top 276pt masthead crop; keep the key visual in the upper third and center 70% width.,city_place_requires_unique_realistic_hero,"Generate owned/licensed hero, crop to repo target, wire heroImageName through source/resources/SQLite, and capture simulator proof.","Create a super-realistic app-owned hero photo for a Vietnamese travel phrasebook, matching the premium real-life menu-item hero image quality. No readable text, no logos, no watermarks, no faces as the subject. Keep the main landmark/object recognizable inside the upper third because the iOS masthead crops a shallow horizontal band. Show Bánh mì Hội An / Banh mi in Hoi An as an appetizing Vietnamese dish close-up with clean natural light and room for the masthead fade. Specific subject guidance: Photorealistic owned asset: Hoi An-style banh mi with fresh herbs on paper wrapper, street counter, no branding.","no readable text, no watermark, no logos, no fake signs, no unrelated Ha Long Bay/karst imagery for city-specific pages, no people as the main subject",Simulator screenshot plus phone spot-check before DONE,shared or legacy fallback; replace with unique app-owned generated realistic asset,docs/editorial-exports/viet-image-assets/hero-image-production-001/generated_hero_assets.json,Generate a unique realistic menu-quality image for this exact city noun; do not reuse the city masthead or another place image.
P0,NEEDS_UNIQUE_REALISTIC_ASSET,viet-family-city-danang-place-banh-mi,Bánh mì ở Đà Nẵng / Banh mi,dish,HeroCityDanang,HeroCityDanangPlaceBanhMi,native-ios/Resources/Assets.xcassets/HeroCityDanang.imageset/hero-city-danang.png,,853 x 1844,,853 x 1844,>= 1600 x 2400 preferred,PhraseListingView HeroMastheadImage,"center 50%, upper 32%; food or entrance must remain visible after fade",Recognizable subject must survive the top 276pt masthead crop; keep the key visual in the upper third and center 70% width.,city_place_requires_unique_realistic_hero,"Generate owned/licensed hero, crop to repo target, wire heroImageName through source/resources/SQLite, and capture simulator proof.","Create a super-realistic app-owned hero photo for a Vietnamese travel phrasebook, matching the premium real-life menu-item hero image quality. No readable text, no logos, no watermarks, no faces as the subject. Keep the main landmark/object recognizable inside the upper third because the iOS masthead crops a shallow horizontal band. Show Bánh mì ở Đà Nẵng / Banh mi as an appetizing Vietnamese dish close-up with clean natural light and room for the masthead fade. Specific subject guidance: Photorealistic owned asset: crisp Vietnamese baguette sandwich with herbs on paper, street counter background.","no readable text, no watermark, no logos, no fake signs, no unrelated Ha Long Bay/karst imagery for city-specific pages, no people as the main subject",Simulator screenshot plus phone spot-check before DONE,shared or legacy fallback; replace with unique app-owned generated realistic asset,docs/editorial-exports/viet-image-assets/hero-image-production-001/generated_hero_assets.json,Generate a unique realistic menu-quality image for this exact city noun; do not reuse the city masthead or another place image.
P0,NEEDS_UNIQUE_REALISTIC_ASSET,viet-family-city-hcmc-place-banh-mi,Bánh mì ở Thành phố Hồ Chí Minh / Banh mi,dish,HeroCityHcmc,HeroCityHcmcPlaceBanhMi,native-ios/Resources/Assets.xcassets/HeroCityHcmc.imageset/hero-city-hcmc.png,,853 x 1844,,853 x 1844,>= 1600 x 2400 preferred,PhraseListingView HeroMastheadImage,"center 50%, upper 32%; food or entrance must remain visible after fade",Recognizable subject must survive the top 276pt masthead crop; keep the key visual in the upper third and center 70% width.,city_place_requires_unique_realistic_hero,"Generate owned/licensed hero, crop to repo target, wire heroImageName through source/resources/SQLite, and capture simulator proof.","Create a super-realistic app-owned hero photo for a Vietnamese travel phrasebook, matching the premium real-life menu-item hero image quality. No readable text, no logos, no watermarks, no faces as the subject. Keep the main landmark/object recognizable inside the upper third because the iOS masthead crops a shallow horizontal band. Show Bánh mì ở Thành phố Hồ Chí Minh / Banh mi as an appetizing Vietnamese dish close-up with clean natural light and room for the masthead fade. Specific subject guidance: Saigon bánh mì with pate, herbs, pickled vegetables, street cart backdrop, realistic photo.","no readable text, no watermark, no logos, no fake signs, no unrelated Ha Long Bay/karst imagery for city-specific pages, no people as the main subject",Simulator screenshot plus phone spot-check before DONE,shared or legacy fallback; replace with unique app-owned generated realistic asset,docs/editorial-exports/viet-image-assets/hero-image-production-001/generated_hero_assets.json,Generate a unique realistic menu-quality image for this exact city noun; do not reuse the city masthead or another place image.
P0,NEEDS_UNIQUE_REALISTIC_ASSET,viet-family-city-hue-place-banh-nam,Bánh nậm ở Huế / Banh nam,dish,HeroCityHue,HeroCityHuePlaceBanhNam,native-ios/Resources/Assets.xcassets/HeroCityHue.imageset/hero-city-hue.png,,853 x 1844,,853 x 1844,>= 1600 x 2400 preferred,PhraseListingView HeroMastheadImage,"center 50%, upper 32%; food or entrance must remain visible after fade",Recognizable subject must survive the top 276pt masthead crop; keep the key visual in the upper third and center 70% width.,city_place_requires_unique_realistic_hero,"Generate owned/licensed hero, crop to repo target, wire heroImageName through source/resources/SQLite, and capture simulator proof.","Create a super-realistic app-owned hero photo for a Vietnamese travel phrasebook, matching the premium real-life menu-item hero image quality. No readable text, no logos, no watermarks, no faces as the subject. Keep the main landmark/object recognizable inside the upper third because the iOS masthead crops a shallow horizontal band. Show Bánh nậm ở Huế / Banh nam as an appetizing Vietnamese dish close-up with clean natural light and room for the masthead fade. Specific subject guidance: Photorealistic opened banana-leaf bánh nậm with shrimp topping, fish sauce bowl, Hue table.","no readable text, no watermark, no logos, no fake signs, no unrelated Ha Long Bay/karst imagery for city-specific pages, no people as the main subject",Simulator screenshot plus phone spot-check before DONE,shared or legacy fallback; replace with unique app-owned generated realistic asset,docs/editorial-exports/viet-image-assets/hero-image-production-001/generated_hero_assets.json,Generate a unique realistic menu-quality image for this exact city noun; do not reuse the city masthead or another place image.
P0,NEEDS_UNIQUE_REALISTIC_ASSET,viet-family-city-danang-place-banh-trang-cuon-thit-heo,Bánh tráng cuốn thịt heo ở Đà Nẵng / Pork rice-paper rolls,dish,HeroCityDanang,HeroCityDanangPlaceBanhTrangCuonThitHeo,native-ios/Resources/Assets.xcassets/HeroCityDanang.imageset/hero-city-danang.png,,853 x 1844,,853 x 1844,>= 1600 x 2400 preferred,PhraseListingView HeroMastheadImage,"center 50%, upper 32%; food or entrance must remain visible after fade",Recognizable subject must survive the top 276pt masthead crop; keep the key visual in the upper third and center 70% width.,city_place_requires_unique_realistic_hero,"Generate owned/licensed hero, crop to repo target, wire heroImageName through source/resources/SQLite, and capture simulator proof.","Create a super-realistic app-owned hero photo for a Vietnamese travel phrasebook, matching the premium real-life menu-item hero image quality. No readable text, no logos, no watermarks, no faces as the subject. Keep the main landmark/object recognizable inside the upper third because the iOS masthead crops a shallow horizontal band. Show Bánh tráng cuốn thịt heo ở Đà Nẵng / Pork rice-paper rolls as an appetizing Vietnamese dish close-up with clean natural light and room for the masthead fade. Specific subject guidance: Photorealistic owned asset: sliced pork, rice paper, herbs, and dipping bowl arranged for rolling, daylight.","no readable text, no watermark, no logos, no fake signs, no unrelated Ha Long Bay/karst imagery for city-specific pages, no people as the main subject",Simulator screenshot plus phone spot-check before DONE,shared or legacy fallback; replace with unique app-owned generated realistic asset,docs/editorial-exports/viet-image-assets/hero-image-production-001/generated_hero_assets.json,Generate a unique realistic menu-quality image for this exact city noun; do not reuse the city masthead or another place image.
P0,NEEDS_UNIQUE_REALISTIC_ASSET,viet-family-city-hoian-place-banh-xeo,Bánh xèo Hội An / Hoi An banh xeo,dish,HeroCityHoian,HeroCityHoianPlaceBanhXeo,native-ios/Resources/Assets.xcassets/HeroCityHoian.imageset/hero-city-hoian.png,,853 x 1844,,853 x 1844,>= 1600 x 2400 preferred,PhraseListingView HeroMastheadImage,"center 50%, upper 32%; food or entrance must remain visible after fade",Recognizable subject must survive the top 276pt masthead crop; keep the key visual in the upper third and center 70% width.,city_place_requires_unique_realistic_hero,"Generate owned/licensed hero, crop to repo target, wire heroImageName through source/resources/SQLite, and capture simulator proof.","Create a super-realistic app-owned hero photo for a Vietnamese travel phrasebook, matching the premium real-life menu-item hero image quality. No readable text, no logos, no watermarks, no faces as the subject. Keep the main landmark/object recognizable inside the upper third because the iOS masthead crops a shallow horizontal band. Show Bánh xèo Hội An / Hoi An banh xeo as an appetizing Vietnamese dish close-up with clean natural light and room for the masthead fade. Specific subject guidance: Photorealistic owned asset: small crispy pancakes with herbs and dipping sauce, warm street-food light.","no readable text, no watermark, no logos, no fake signs, no unrelated Ha Long Bay/karst imagery for city-specific pages, no people as the main subject",Simulator screenshot plus phone spot-check before DONE,shared or legacy fallback; replace with unique app-owned generated realistic asset,docs/editorial-exports/viet-image-assets/hero-image-production-001/generated_hero_assets.json,Generate a unique realistic menu-quality image for this exact city noun; do not reuse the city masthead or another place image.
P0,NEEDS_UNIQUE_REALISTIC_ASSET,viet-family-city-danang-place-banh-xeo,Bánh xèo ở Đà Nẵng / Banh xeo,dish,HeroCityDanang,HeroCityDanangPlaceBanhXeo,native-ios/Resources/Assets.xcassets/HeroCityDanang.imageset/hero-city-danang.png,,853 x 1844,,853 x 1844,>= 1600 x 2400 preferred,PhraseListingView HeroMastheadImage,"center 50%, upper 32%; food or entrance must remain visible after fade",Recognizable subject must survive the top 276pt masthead crop; keep the key visual in the upper third and center 70% width.,city_place_requires_unique_realistic_hero,"Generate owned/licensed hero, crop to repo target, wire heroImageName through source/resources/SQLite, and capture simulator proof.","Create a super-realistic app-owned hero photo for a Vietnamese travel phrasebook, matching the premium real-life menu-item hero image quality. No readable text, no logos, no watermarks, no faces as the subject. Keep the main landmark/object recognizable inside the upper third because the iOS masthead crops a shallow horizontal band. Show Bánh xèo ở Đà Nẵng / Banh xeo as an appetizing Vietnamese dish close-up with clean natural light and room for the masthead fade. Specific subject guidance: Photorealistic owned asset: golden bánh xèo folded with herbs and dipping sauce, casual table, no hands.","no readable text, no watermark, no logos, no fake signs, no unrelated Ha Long Bay/karst imagery for city-specific pages, no people as the main subject",Simulator screenshot plus phone spot-check before DONE,shared or legacy fallback; replace with unique app-owned generated realistic asset,docs/editorial-exports/viet-image-assets/hero-image-production-001/generated_hero_assets.json,Generate a unique realistic menu-quality image for this exact city noun; do not reuse the city masthead or another place image.
P0,NEEDS_UNIQUE_REALISTIC_ASSET,viet-family-city-hcmc-place-banh-xeo,Bánh xèo ở Thành phố Hồ Chí Minh / Southern sizzling pancake,dish,HeroCityHcmc,HeroCityHcmcPlaceBanhXeo,native-ios/Resources/Assets.xcassets/HeroCityHcmc.imageset/hero-city-hcmc.png,,853 x 1844,,853 x 1844,>= 1600 x 2400 preferred,PhraseListingView HeroMastheadImage,"center 50%, upper 32%; food or entrance must remain visible after fade",Recognizable subject must survive the top 276pt masthead crop; keep the key visual in the upper third and center 70% width.,city_place_requires_unique_realistic_hero,"Generate owned/licensed hero, crop to repo target, wire heroImageName through source/resources/SQLite, and capture simulator proof.","Create a super-realistic app-owned hero photo for a Vietnamese travel phrasebook, matching the premium real-life menu-item hero image quality. No readable text, no logos, no watermarks, no faces as the subject. Keep the main landmark/object recognizable inside the upper third because the iOS masthead crops a shallow horizontal band. Show Bánh xèo ở Thành phố Hồ Chí Minh / Southern sizzling pancake as an appetizing Vietnamese dish close-up with clean natural light and room for the masthead fade. Specific subject guidance: Crispy bánh xèo with shrimp, pork, herbs, dipping sauce, realistic photo.","no readable text, no watermark, no logos, no fake signs, no unrelated Ha Long Bay/karst imagery for city-specific pages, no people as the main subject",Simulator screenshot plus phone spot-check before DONE,shared or legacy fallback; replace with unique app-owned generated realistic asset,docs/editorial-exports/viet-image-assets/hero-image-production-001/generated_hero_assets.json,Generate a unique realistic menu-quality image for this exact city noun; do not reuse the city masthead or another place image.
P0,NEEDS_UNIQUE_REALISTIC_ASSET,viet-family-city-hanoi-place-bia-hoi,Bia hơi Hà Nội / Fresh beer,dish,HeroCityHanoi,HeroCityHanoiPlaceBiaHoi,native-ios/Resources/Assets.xcassets/HeroCityHanoi.imageset/hero-city-hanoi.png,,853 x 1844,,853 x 1844,>= 1600 x 2400 preferred,PhraseListingView HeroMastheadImage,"center 50%, upper 32%; food or entrance must remain visible after fade",Recognizable subject must survive the top 276pt masthead crop; keep the key visual in the upper third and center 70% width.,city_place_requires_unique_realistic_hero,"Generate owned/licensed hero, crop to repo target, wire heroImageName through source/resources/SQLite, and capture simulator proof.","Create a super-realistic app-owned hero photo for a Vietnamese travel phrasebook, matching the premium real-life menu-item hero image quality. No readable text, no logos, no watermarks, no faces as the subject. Keep the main landmark/object recognizable inside the upper third because the iOS masthead crops a shallow horizontal band. Show Bia hơi Hà Nội / Fresh beer as an appetizing Vietnamese dish close-up with clean natural light and room for the masthead fade. Specific subject guidance: Hanoi bia hơi street corner with small stools and glasses, evening, realistic photo.","no readable text, no watermark, no logos, no fake signs, no unrelated Ha Long Bay/karst imagery for city-specific pages, no people as the main subject",Simulator screenshot plus phone spot-check before DONE,shared or legacy fallback; replace with unique app-owned generated realistic asset,docs/editorial-exports/viet-image-assets/hero-image-production-001/generated_hero_assets.json,Generate a unique realistic menu-quality image for this exact city noun; do not reuse the city masthead or another place image.
P0,NEEDS_UNIQUE_REALISTIC_ASSET,viet-family-city-hcmc-place-bo-la-lot,Bò lá lốt ở Thành phố Hồ Chí Minh / Beef in betel leaves,dish,HeroCityHcmc,HeroCityHcmcPlaceBoLaLot,native-ios/Resources/Assets.xcassets/HeroCityHcmc.imageset/hero-city-hcmc.png,,853 x 1844,,853 x 1844,>= 1600 x 2400 preferred,PhraseListingView HeroMastheadImage,"center 50%, upper 32%; food or entrance must remain visible after fade",Recognizable subject must survive the top 276pt masthead crop; keep the key visual in the upper third and center 70% width.,city_place_requires_unique_realistic_hero,"Generate owned/licensed hero, crop to repo target, wire heroImageName through source/resources/SQLite, and capture simulator proof.","Create a super-realistic app-owned hero photo for a Vietnamese travel phrasebook, matching the premium real-life menu-item hero image quality. No readable text, no logos, no watermarks, no faces as the subject. Keep the main landmark/object recognizable inside the upper third because the iOS masthead crops a shallow horizontal band. Show Bò lá lốt ở Thành phố Hồ Chí Minh / Beef in betel leaves as an appetizing Vietnamese dish close-up with clean natural light and room for the masthead fade. Specific subject guidance: Grilled bò lá lốt rolls with herbs and rice paper, realistic street-food photo.","no readable text, no watermark, no logos, no fake signs, no unrelated Ha Long Bay/karst imagery for city-specific pages, no people as the main subject",Simulator screenshot plus phone spot-check before DONE,shared or legacy fallback; replace with unique app-owned generated realistic asset,docs/editorial-exports/viet-image-assets/hero-image-production-001/generated_hero_assets.json,Generate a unique realistic menu-quality image for this exact city noun; do not reuse the city masthead or another place image.
P0,NEEDS_UNIQUE_REALISTIC_ASSET,viet-family-city-hcmc-place-bot-chien,Bột chiên ở Thành phố Hồ Chí Minh / Fried rice-flour cakes,dish,HeroCityHcmc,HeroCityHcmcPlaceBotChien,native-ios/Resources/Assets.xcassets/HeroCityHcmc.imageset/hero-city-hcmc.png,,853 x 1844,,853 x 1844,>= 1600 x 2400 preferred,PhraseListingView HeroMastheadImage,"center 50%, upper 32%; food or entrance must remain visible after fade",Recognizable subject must survive the top 276pt masthead crop; keep the key visual in the upper third and center 70% width.,city_place_requires_unique_realistic_hero,"Generate owned/licensed hero, crop to repo target, wire heroImageName through source/resources/SQLite, and capture simulator proof.","Create a super-realistic app-owned hero photo for a Vietnamese travel phrasebook, matching the premium real-life menu-item hero image quality. No readable text, no logos, no watermarks, no faces as the subject. Keep the main landmark/object recognizable inside the upper third because the iOS masthead crops a shallow horizontal band. Show Bột chiên ở Thành phố Hồ Chí Minh / Fried rice-flour cakes as an appetizing Vietnamese dish close-up with clean natural light and room for the masthead fade. Specific subject guidance: Bột chiên sizzling on flat griddle with egg and green onions, realistic photo.","no readable text, no watermark, no logos, no fake signs, no unrelated Ha Long Bay/karst imagery for city-specific pages, no people as the main subject",Simulator screenshot plus phone spot-check before DONE,shared or legacy fallback; replace with unique app-owned generated realistic asset,docs/editorial-exports/viet-image-assets/hero-image-production-001/generated_hero_assets.json,Generate a unique realistic menu-quality image for this exact city noun; do not reuse the city masthead or another place image.
P0,NEEDS_UNIQUE_REALISTIC_ASSET,viet-family-city-hue-place-dong-ba-bun-bo,Bún bò chợ Đông Ba ở Huế / Bun bo at Dong Ba Market,dish,HeroCityHue,HeroCityHuePlaceDongBaBunBo,native-ios/Resources/Assets.xcassets/HeroCityHue.imageset/hero-city-hue.png,,853 x 1844,,853 x 1844,>= 1600 x 2400 preferred,PhraseListingView HeroMastheadImage,"center 50%, upper 32%; food or entrance must remain visible after fade",Recognizable subject must survive the top 276pt masthead crop; keep the key visual in the upper third and center 70% width.,city_place_requires_unique_realistic_hero,"Generate owned/licensed hero, crop to repo target, wire heroImageName through source/resources/SQLite, and capture simulator proof.","Create a super-realistic app-owned hero photo for a Vietnamese travel phrasebook, matching the premium real-life menu-item hero image quality. No readable text, no logos, no watermarks, no faces as the subject. Keep the main landmark/object recognizable inside the upper third because the iOS masthead crops a shallow horizontal band. Show Bún bò chợ Đông Ba ở Huế / Bun bo at Dong Ba Market as an appetizing Vietnamese dish close-up with clean natural light and room for the masthead fade. Specific subject guidance: Photorealistic market noodle stall with bún bò bowls, steam, and Dong Ba market background.","no readable text, no watermark, no logos, no fake signs, no unrelated Ha Long Bay/karst imagery for city-specific pages, no people as the main subject",Simulator screenshot plus phone spot-check before DONE,shared or legacy fallback; replace with unique app-owned generated realistic asset,docs/editorial-exports/viet-image-assets/hero-image-production-001/generated_hero_assets.json,Generate a unique realistic menu-quality image for this exact city noun; do not reuse the city masthead or another place image.
P0,NEEDS_UNIQUE_REALISTIC_ASSET,viet-family-city-hue-place-bun-bo-city,Bún bò Huế / Bun bo Hue,dish,HeroCityHue,HeroCityHuePlaceBunBoCity,native-ios/Resources/Assets.xcassets/HeroCityHue.imageset/hero-city-hue.png,,853 x 1844,,853 x 1844,>= 1600 x 2400 preferred,PhraseListingView HeroMastheadImage,"center 50%, upper 32%; food or entrance must remain visible after fade",Recognizable subject must survive the top 276pt masthead crop; keep the key visual in the upper third and center 70% width.,city_place_requires_unique_realistic_hero,"Generate owned/licensed hero, crop to repo target, wire heroImageName through source/resources/SQLite, and capture simulator proof.","Create a super-realistic app-owned hero photo for a Vietnamese travel phrasebook, matching the premium real-life menu-item hero image quality. No readable text, no logos, no watermarks, no faces as the subject. Keep the main landmark/object recognizable inside the upper third because the iOS masthead crops a shallow horizontal band. Show Bún bò Huế / Bun bo Hue as an appetizing Vietnamese dish close-up with clean natural light and room for the masthead fade. Specific subject guidance: Photorealistic bowl of bún bò Huế with lemongrass broth, herbs, lime, and Hue tabletop.","no readable text, no watermark, no logos, no fake signs, no unrelated Ha Long Bay/karst imagery for city-specific pages, no people as the main subject",Simulator screenshot plus phone spot-check before DONE,shared or legacy fallback; replace with unique app-owned generated realistic asset,docs/editorial-exports/viet-image-assets/hero-image-production-001/generated_hero_assets.json,Generate a unique realistic menu-quality image for this exact city noun; do not reuse the city masthead or another place image.
P0,NEEDS_UNIQUE_REALISTIC_ASSET,viet-family-city-danang-place-bun-cha-ca,Bún chả cá ở Đà Nẵng / Fish-cake noodle soup,dish,HeroCityDanang,HeroCityDanangPlaceBunChaCa,native-ios/Resources/Assets.xcassets/HeroCityDanang.imageset/hero-city-danang.png,,853 x 1844,,853 x 1844,>= 1600 x 2400 preferred,PhraseListingView HeroMastheadImage,"center 50%, upper 32%; food or entrance must remain visible after fade",Recognizable subject must survive the top 276pt masthead crop; keep the key visual in the upper third and center 70% width.,city_place_requires_unique_realistic_hero,"Generate owned/licensed hero, crop to repo target, wire heroImageName through source/resources/SQLite, and capture simulator proof.","Create a super-realistic app-owned hero photo for a Vietnamese travel phrasebook, matching the premium real-life menu-item hero image quality. No readable text, no logos, no watermarks, no faces as the subject. Keep the main landmark/object recognizable inside the upper third because the iOS masthead crops a shallow horizontal band. Show Bún chả cá ở Đà Nẵng / Fish-cake noodle soup as an appetizing Vietnamese dish close-up with clean natural light and room for the masthead fade. Specific subject guidance: Photorealistic owned asset: clear broth noodle bowl with fish cakes, dill, tomato, and herbs, simple metal table.","no readable text, no watermark, no logos, no fake signs, no unrelated Ha Long Bay/karst imagery for city-specific pages, no people as the main subject",Simulator screenshot plus phone spot-check before DONE,shared or legacy fallback; replace with unique app-owned generated realistic asset,docs/editorial-exports/viet-image-assets/hero-image-production-001/generated_hero_assets.json,Generate a unique realistic menu-quality image for this exact city noun; do not reuse the city masthead or another place image.
P0,NEEDS_UNIQUE_REALISTIC_ASSET,viet-family-city-hanoi-place-bun-cha,Bún chả ở Hà Nội / Bun cha,dish,HeroCityHanoi,HeroCityHanoiPlaceBunCha,native-ios/Resources/Assets.xcassets/HeroCityHanoi.imageset/hero-city-hanoi.png,,853 x 1844,,853 x 1844,>= 1600 x 2400 preferred,PhraseListingView HeroMastheadImage,"center 50%, upper 32%; food or entrance must remain visible after fade",Recognizable subject must survive the top 276pt masthead crop; keep the key visual in the upper third and center 70% width.,city_place_requires_unique_realistic_hero,"Generate owned/licensed hero, crop to repo target, wire heroImageName through source/resources/SQLite, and capture simulator proof.","Create a super-realistic app-owned hero photo for a Vietnamese travel phrasebook, matching the premium real-life menu-item hero image quality. No readable text, no logos, no watermarks, no faces as the subject. Keep the main landmark/object recognizable inside the upper third because the iOS masthead crops a shallow horizontal band. Show Bún chả ở Hà Nội / Bun cha as an appetizing Vietnamese dish close-up with clean natural light and room for the masthead fade. Specific subject guidance: Bowl of bún chả with grilled pork, vermicelli, herbs, Hanoi street table, photorealistic.","no readable text, no watermark, no logos, no fake signs, no unrelated Ha Long Bay/karst imagery for city-specific pages, no people as the main subject",Simulator screenshot plus phone spot-check before DONE,shared or legacy fallback; replace with unique app-owned generated realistic asset,docs/editorial-exports/viet-image-assets/hero-image-production-001/generated_hero_assets.json,Generate a unique realistic menu-quality image for this exact city noun; do not reuse the city masthead or another place image.
P0,NEEDS_UNIQUE_REALISTIC_ASSET,viet-family-city-hue-place-bun-hen,Bún hến ở Huế / Bun hen,dish,HeroCityHue,HeroCityHuePlaceBunHen,native-ios/Resources/Assets.xcassets/HeroCityHue.imageset/hero-city-hue.png,,853 x 1844,,853 x 1844,>= 1600 x 2400 preferred,PhraseListingView HeroMastheadImage,"center 50%, upper 32%; food or entrance must remain visible after fade",Recognizable subject must survive the top 276pt masthead crop; keep the key visual in the upper third and center 70% width.,city_place_requires_unique_realistic_hero,"Generate owned/licensed hero, crop to repo target, wire heroImageName through source/resources/SQLite, and capture simulator proof.","Create a super-realistic app-owned hero photo for a Vietnamese travel phrasebook, matching the premium real-life menu-item hero image quality. No readable text, no logos, no watermarks, no faces as the subject. Keep the main landmark/object recognizable inside the upper third because the iOS masthead crops a shallow horizontal band. Show Bún hến ở Huế / Bun hen as an appetizing Vietnamese dish close-up with clean natural light and room for the masthead fade. Specific subject guidance: Photorealistic bowl of bún hến with small clams, shredded herbs, peanuts, and chili oil.","no readable text, no watermark, no logos, no fake signs, no unrelated Ha Long Bay/karst imagery for city-specific pages, no people as the main subject",Simulator screenshot plus phone spot-check before DONE,shared or legacy fallback; replace with unique app-owned generated realistic asset,docs/editorial-exports/viet-image-assets/hero-image-production-001/generated_hero_assets.json,Generate a unique realistic menu-quality image for this exact city noun; do not reuse the city masthead or another place image.
P0,NEEDS_UNIQUE_REALISTIC_ASSET,viet-family-city-hanoi-place-bun-thang,Bún thang ở Hà Nội / Bun thang,dish,HeroCityHanoi,HeroCityHanoiPlaceBunThang,native-ios/Resources/Assets.xcassets/HeroCityHanoi.imageset/hero-city-hanoi.png,,853 x 1844,,853 x 1844,>= 1600 x 2400 preferred,PhraseListingView HeroMastheadImage,"center 50%, upper 32%; food or entrance must remain visible after fade",Recognizable subject must survive the top 276pt masthead crop; keep the key visual in the upper third and center 70% width.,city_place_requires_unique_realistic_hero,"Generate owned/licensed hero, crop to repo target, wire heroImageName through source/resources/SQLite, and capture simulator proof.","Create a super-realistic app-owned hero photo for a Vietnamese travel phrasebook, matching the premium real-life menu-item hero image quality. No readable text, no logos, no watermarks, no faces as the subject. Keep the main landmark/object recognizable inside the upper third because the iOS masthead crops a shallow horizontal band. Show Bún thang ở Hà Nội / Bun thang as an appetizing Vietnamese dish close-up with clean natural light and room for the masthead fade. Specific subject guidance: Bowl of bún thang with shredded egg, chicken, herbs, realistic Hanoi food photo.","no readable text, no watermark, no logos, no fake signs, no unrelated Ha Long Bay/karst imagery for city-specific pages, no people as the main subject",Simulator screenshot plus phone spot-check before DONE,shared or legacy fallback; replace with unique app-owned generated realistic asset,docs/editorial-exports/viet-image-assets/hero-image-production-001/generated_hero_assets.json,Generate a unique realistic menu-quality image for this exact city noun; do not reuse the city masthead or another place image.
P0,NEEDS_UNIQUE_REALISTIC_ASSET,viet-family-city-hue-place-bun-thit-nuong,Bún thịt nướng ở Huế / Bun thit nuong,dish,HeroCityHue,HeroCityHuePlaceBunThitNuong,native-ios/Resources/Assets.xcassets/HeroCityHue.imageset/hero-city-hue.png,,853 x 1844,,853 x 1844,>= 1600 x 2400 preferred,PhraseListingView HeroMastheadImage,"center 50%, upper 32%; food or entrance must remain visible after fade",Recognizable subject must survive the top 276pt masthead crop; keep the key visual in the upper third and center 70% width.,city_place_requires_unique_realistic_hero,"Generate owned/licensed hero, crop to repo target, wire heroImageName through source/resources/SQLite, and capture simulator proof.","Create a super-realistic app-owned hero photo for a Vietnamese travel phrasebook, matching the premium real-life menu-item hero image quality. No readable text, no logos, no watermarks, no faces as the subject. Keep the main landmark/object recognizable inside the upper third because the iOS masthead crops a shallow horizontal band. Show Bún thịt nướng ở Huế / Bun thit nuong as an appetizing Vietnamese dish close-up with clean natural light and room for the masthead fade. Specific subject guidance: Photorealistic Hue bún thịt nướng bowl with grilled pork, herbs, pickled vegetables, and light sauce.","no readable text, no watermark, no logos, no fake signs, no unrelated Ha Long Bay/karst imagery for city-specific pages, no people as the main subject",Simulator screenshot plus phone spot-check before DONE,shared or legacy fallback; replace with unique app-owned generated realistic asset,docs/editorial-exports/viet-image-assets/hero-image-production-001/generated_hero_assets.json,Generate a unique realistic menu-quality image for this exact city noun; do not reuse the city masthead or another place image.
P0,NEEDS_UNIQUE_REALISTIC_ASSET,viet-family-city-hcmc-place-bun-thit-nuong,Bún thịt nướng ở Thành phố Hồ Chí Minh / Grilled pork vermicelli,dish,HeroCityHcmc,HeroCityHcmcPlaceBunThitNuong,native-ios/Resources/Assets.xcassets/HeroCityHcmc.imageset/hero-city-hcmc.png,,853 x 1844,,853 x 1844,>= 1600 x 2400 preferred,PhraseListingView HeroMastheadImage,"center 50%, upper 32%; food or entrance must remain visible after fade",Recognizable subject must survive the top 276pt masthead crop; keep the key visual in the upper third and center 70% width.,city_place_requires_unique_realistic_hero,"Generate owned/licensed hero, crop to repo target, wire heroImageName through source/resources/SQLite, and capture simulator proof.","Create a super-realistic app-owned hero photo for a Vietnamese travel phrasebook, matching the premium real-life menu-item hero image quality. No readable text, no logos, no watermarks, no faces as the subject. Keep the main landmark/object recognizable inside the upper third because the iOS masthead crops a shallow horizontal band. Show Bún thịt nướng ở Thành phố Hồ Chí Minh / Grilled pork vermicelli as an appetizing Vietnamese dish close-up with clean natural light and room for the masthead fade. Specific subject guidance: Bowl of bún thịt nướng with herbs, peanuts, grilled pork, realistic photo.","no readable text, no watermark, no logos, no fake signs, no unrelated Ha Long Bay/karst imagery for city-specific pages, no people as the main subject",Simulator screenshot plus phone spot-check before DONE,shared or legacy fallback; replace with unique app-owned generated realistic asset,docs/editorial-exports/viet-image-assets/hero-image-production-001/generated_hero_assets.json,Generate a unique realistic menu-quality image for this exact city noun; do not reuse the city masthead or another place image.
P0,NEEDS_UNIQUE_REALISTIC_ASSET,viet-family-city-hanoi-place-ca-phe-sua-da,Cà phê sữa đá ở Hà Nội / Iced milk coffee,dish,HeroCityHanoi,HeroCityHanoiPlaceCaPheSuaDa,native-ios/Resources/Assets.xcassets/HeroCityHanoi.imageset/hero-city-hanoi.png,,853 x 1844,,853 x 1844,>= 1600 x 2400 preferred,PhraseListingView HeroMastheadImage,"center 50%, upper 32%; food or entrance must remain visible after fade",Recognizable subject must survive the top 276pt masthead crop; keep the key visual in the upper third and center 70% width.,city_place_requires_unique_realistic_hero,"Generate owned/licensed hero, crop to repo target, wire heroImageName through source/resources/SQLite, and capture simulator proof.","Create a super-realistic app-owned hero photo for a Vietnamese travel phrasebook, matching the premium real-life menu-item hero image quality. No readable text, no logos, no watermarks, no faces as the subject. Keep the main landmark/object recognizable inside the upper third because the iOS masthead crops a shallow horizontal band. Show Cà phê sữa đá ở Hà Nội / Iced milk coffee as an appetizing Vietnamese dish close-up with clean natural light and room for the masthead fade. Specific subject guidance: Vietnamese iced milk coffee glass with condensed milk swirl, cafe table, realistic photo.","no readable text, no watermark, no logos, no fake signs, no unrelated Ha Long Bay/karst imagery for city-specific pages, no people as the main subject",Simulator screenshot plus phone spot-check before DONE,shared or legacy fallback; replace with unique app-owned generated realistic asset,docs/editorial-exports/viet-image-assets/hero-image-production-001/generated_hero_assets.json,Generate a unique realistic menu-quality image for this exact city noun; do not reuse the city masthead or another place image.
P0,NEEDS_UNIQUE_REALISTIC_ASSET,viet-family-city-hcmc-place-ca-phe-sua-da,Cà phê sữa đá Sài Gòn ở Thành phố Hồ Chí Minh / Saigon iced milk coffee,dish,HeroCityHcmc,HeroCityHcmcPlaceCaPheSuaDa,native-ios/Resources/Assets.xcassets/HeroCityHcmc.imageset/hero-city-hcmc.png,,853 x 1844,,853 x 1844,>= 1600 x 2400 preferred,PhraseListingView HeroMastheadImage,"center 50%, upper 32%; food or entrance must remain visible after fade",Recognizable subject must survive the top 276pt masthead crop; keep the key visual in the upper third and center 70% width.,city_place_requires_unique_realistic_hero,"Generate owned/licensed hero, crop to repo target, wire heroImageName through source/resources/SQLite, and capture simulator proof.","Create a super-realistic app-owned hero photo for a Vietnamese travel phrasebook, matching the premium real-life menu-item hero image quality. No readable text, no logos, no watermarks, no faces as the subject. Keep the main landmark/object recognizable inside the upper third because the iOS masthead crops a shallow horizontal band. Show Cà phê sữa đá Sài Gòn ở Thành phố Hồ Chí Minh / Saigon iced milk coffee as an appetizing Vietnamese dish close-up with clean natural light and room for the masthead fade. Specific subject guidance: Iced Vietnamese milk coffee on Saigon sidewalk table, scooters blurred, realistic photo.","no readable text, no watermark, no logos, no fake signs, no unrelated Ha Long Bay/karst imagery for city-specific pages, no people as the main subject",Simulator screenshot plus phone spot-check before DONE,shared or legacy fallback; replace with unique app-owned generated realistic asset,docs/editorial-exports/viet-image-assets/hero-image-production-001/generated_hero_assets.json,Generate a unique realistic menu-quality image for this exact city noun; do not reuse the city masthead or another place image.
P0,NEEDS_UNIQUE_REALISTIC_ASSET,viet-family-city-hanoi-place-egg-coffee,Cà phê trứng ở Hà Nội / Egg coffee,dish,HeroCityHanoi,HeroCityHanoiPlaceEggCoffee,native-ios/Resources/Assets.xcassets/HeroCityHanoi.imageset/hero-city-hanoi.png,,853 x 1844,,853 x 1844,>= 1600 x 2400 preferred,PhraseListingView HeroMastheadImage,"center 50%, upper 32%; food or entrance must remain visible after fade",Recognizable subject must survive the top 276pt masthead crop; keep the key visual in the upper third and center 70% width.,city_place_requires_unique_realistic_hero,"Generate owned/licensed hero, crop to repo target, wire heroImageName through source/resources/SQLite, and capture simulator proof.","Create a super-realistic app-owned hero photo for a Vietnamese travel phrasebook, matching the premium real-life menu-item hero image quality. No readable text, no logos, no watermarks, no faces as the subject. Keep the main landmark/object recognizable inside the upper third because the iOS masthead crops a shallow horizontal band. Show Cà phê trứng ở Hà Nội / Egg coffee as an appetizing Vietnamese dish close-up with clean natural light and room for the masthead fade. Specific subject guidance: Close-up egg coffee cup with creamy foam in Hanoi cafe, photorealistic.","no readable text, no watermark, no logos, no fake signs, no unrelated Ha Long Bay/karst imagery for city-specific pages, no people as the main subject",Simulator screenshot plus phone spot-check before DONE,shared or legacy fallback; replace with unique app-owned generated realistic asset,docs/editorial-exports/viet-image-assets/hero-image-production-001/generated_hero_assets.json,Generate a unique realistic menu-quality image for this exact city noun; do not reuse the city masthead or another place image.
P0,NEEDS_UNIQUE_REALISTIC_ASSET,viet-family-city-hoian-place-cao-lau-city,Cao lầu ở Hội An / Cao lau in Hoi An,dish,HeroCityHoian,HeroCityHoianPlaceCaoLauCity,native-ios/Resources/Assets.xcassets/HeroCityHoian.imageset/hero-city-hoian.png,,853 x 1844,,853 x 1844,>= 1600 x 2400 preferred,PhraseListingView HeroMastheadImage,"center 50%, upper 32%; food or entrance must remain visible after fade",Recognizable subject must survive the top 276pt masthead crop; keep the key visual in the upper third and center 70% width.,city_place_requires_unique_realistic_hero,"Generate owned/licensed hero, crop to repo target, wire heroImageName through source/resources/SQLite, and capture simulator proof.","Create a super-realistic app-owned hero photo for a Vietnamese travel phrasebook, matching the premium real-life menu-item hero image quality. No readable text, no logos, no watermarks, no faces as the subject. Keep the main landmark/object recognizable inside the upper third because the iOS masthead crops a shallow horizontal band. Show Cao lầu ở Hội An / Cao lau in Hoi An as an appetizing Vietnamese dish close-up with clean natural light and room for the masthead fade. Specific subject guidance: Photorealistic owned asset: cao lầu bowl with thick noodles, pork, greens, and crackers, natural table light.","no readable text, no watermark, no logos, no fake signs, no unrelated Ha Long Bay/karst imagery for city-specific pages, no people as the main subject",Simulator screenshot plus phone spot-check before DONE,shared or legacy fallback; replace with unique app-owned generated realistic asset,docs/editorial-exports/viet-image-assets/hero-image-production-001/generated_hero_assets.json,Generate a unique realistic menu-quality image for this exact city noun; do not reuse the city masthead or another place image.
P0,NEEDS_UNIQUE_REALISTIC_ASSET,viet-family-city-hanoi-place-cha-ca,Chả cá ở Hà Nội / Turmeric dill fish,dish,HeroCityHanoi,HeroCityHanoiPlaceChaCa,native-ios/Resources/Assets.xcassets/HeroCityHanoi.imageset/hero-city-hanoi.png,,853 x 1844,,853 x 1844,>= 1600 x 2400 preferred,PhraseListingView HeroMastheadImage,"center 50%, upper 32%; food or entrance must remain visible after fade",Recognizable subject must survive the top 276pt masthead crop; keep the key visual in the upper third and center 70% width.,city_place_requires_unique_realistic_hero,"Generate owned/licensed hero, crop to repo target, wire heroImageName through source/resources/SQLite, and capture simulator proof.","Create a super-realistic app-owned hero photo for a Vietnamese travel phrasebook, matching the premium real-life menu-item hero image quality. No readable text, no logos, no watermarks, no faces as the subject. Keep the main landmark/object recognizable inside the upper third because the iOS masthead crops a shallow horizontal band. Show Chả cá ở Hà Nội / Turmeric dill fish as an appetizing Vietnamese dish close-up with clean natural light and room for the masthead fade. Specific subject guidance: Sizzling chả cá with dill and turmeric fish, noodles and herbs, photorealistic.","no readable text, no watermark, no logos, no fake signs, no unrelated Ha Long Bay/karst imagery for city-specific pages, no people as the main subject",Simulator screenshot plus phone spot-check before DONE,shared or legacy fallback; replace with unique app-owned generated realistic asset,docs/editorial-exports/viet-image-assets/hero-image-production-001/generated_hero_assets.json,Generate a unique realistic menu-quality image for this exact city noun; do not reuse the city masthead or another place image.
P0,NEEDS_UNIQUE_REALISTIC_ASSET,viet-family-city-hoian-place-che-bap-cam-nam,Chè bắp Cẩm Nam ở Hội An / Cam Nam corn sweet soup,dish,HeroCityHoian,HeroCityHoianPlaceCheBapCamNam,native-ios/Resources/Assets.xcassets/HeroCityHoian.imageset/hero-city-hoian.png,,853 x 1844,,853 x 1844,>= 1600 x 2400 preferred,PhraseListingView HeroMastheadImage,"center 50%, upper 32%; food or entrance must remain visible after fade",Recognizable subject must survive the top 276pt masthead crop; keep the key visual in the upper third and center 70% width.,city_place_requires_unique_realistic_hero,"Generate owned/licensed hero, crop to repo target, wire heroImageName through source/resources/SQLite, and capture simulator proof.","Create a super-realistic app-owned hero photo for a Vietnamese travel phrasebook, matching the premium real-life menu-item hero image quality. No readable text, no logos, no watermarks, no faces as the subject. Keep the main landmark/object recognizable inside the upper third because the iOS masthead crops a shallow horizontal band. Show Chè bắp Cẩm Nam ở Hội An / Cam Nam corn sweet soup as an appetizing Vietnamese dish close-up with clean natural light and room for the masthead fade. Specific subject guidance: Photorealistic owned asset: bowl of corn sweet soup with coconut milk on simple table, riverside daylight.","no readable text, no watermark, no logos, no fake signs, no unrelated Ha Long Bay/karst imagery for city-specific pages, no people as the main subject",Simulator screenshot plus phone spot-check before DONE,shared or legacy fallback; replace with unique app-owned generated realistic asset,docs/editorial-exports/viet-image-assets/hero-image-production-001/generated_hero_assets.json,Generate a unique realistic menu-quality image for this exact city noun; do not reuse the city masthead or another place image.
P0,NEEDS_UNIQUE_REALISTIC_ASSET,viet-family-city-hue-place-che-hue,Chè Huế / Hue sweet soup,dish,HeroCityHue,HeroCityHuePlaceCheHue,native-ios/Resources/Assets.xcassets/HeroCityHue.imageset/hero-city-hue.png,,853 x 1844,,853 x 1844,>= 1600 x 2400 preferred,PhraseListingView HeroMastheadImage,"center 50%, upper 32%; food or entrance must remain visible after fade",Recognizable subject must survive the top 276pt masthead crop; keep the key visual in the upper third and center 70% width.,city_place_requires_unique_realistic_hero,"Generate owned/licensed hero, crop to repo target, wire heroImageName through source/resources/SQLite, and capture simulator proof.","Create a super-realistic app-owned hero photo for a Vietnamese travel phrasebook, matching the premium real-life menu-item hero image quality. No readable text, no logos, no watermarks, no faces as the subject. Keep the main landmark/object recognizable inside the upper third because the iOS masthead crops a shallow horizontal band. Show Chè Huế / Hue sweet soup as an appetizing Vietnamese dish close-up with clean natural light and room for the masthead fade. Specific subject guidance: Photorealistic colorful glasses of Hue chè with beans, jelly, lotus seed, and crushed ice.","no readable text, no watermark, no logos, no fake signs, no unrelated Ha Long Bay/karst imagery for city-specific pages, no people as the main subject",Simulator screenshot plus phone spot-check before DONE,shared or legacy fallback; replace with unique app-owned generated realistic asset,docs/editorial-exports/viet-image-assets/hero-image-production-001/generated_hero_assets.json,Generate a unique realistic menu-quality image for this exact city noun; do not reuse the city masthead or another place image.
P0,NEEDS_UNIQUE_REALISTIC_ASSET,viet-family-city-hcmc-place-che,Chè Sài Gòn ở Thành phố Hồ Chí Minh / Sweet soup dessert,dish,HeroCityHcmc,HeroCityHcmcPlaceChe,native-ios/Resources/Assets.xcassets/HeroCityHcmc.imageset/hero-city-hcmc.png,,853 x 1844,,853 x 1844,>= 1600 x 2400 preferred,PhraseListingView HeroMastheadImage,"center 50%, upper 32%; food or entrance must remain visible after fade",Recognizable subject must survive the top 276pt masthead crop; keep the key visual in the upper third and center 70% width.,city_place_requires_unique_realistic_hero,"Generate owned/licensed hero, crop to repo target, wire heroImageName through source/resources/SQLite, and capture simulator proof.","Create a super-realistic app-owned hero photo for a Vietnamese travel phrasebook, matching the premium real-life menu-item hero image quality. No readable text, no logos, no watermarks, no faces as the subject. Keep the main landmark/object recognizable inside the upper third because the iOS masthead crops a shallow horizontal band. Show Chè Sài Gòn ở Thành phố Hồ Chí Minh / Sweet soup dessert as an appetizing Vietnamese dish close-up with clean natural light and room for the masthead fade. Specific subject guidance: Colorful Vietnamese chè cups with coconut milk and jelly, Saigon dessert stall, realistic photo.","no readable text, no watermark, no logos, no fake signs, no unrelated Ha Long Bay/karst imagery for city-specific pages, no people as the main subject",Simulator screenshot plus phone spot-check before DONE,shared or legacy fallback; replace with unique app-owned generated realistic asset,docs/editorial-exports/viet-image-assets/hero-image-production-001/generated_hero_assets.json,Generate a unique realistic menu-quality image for this exact city noun; do not reuse the city masthead or another place image.
P0,NEEDS_UNIQUE_REALISTIC_ASSET,viet-family-city-danang-place-che-xoa-xoa-hat-luu,Chè xoa xoa hạt lựu ở Đà Nẵng / Da Nang sweet soup,dish,HeroCityDanang,HeroCityDanangPlaceCheXoaXoaHatLuu,native-ios/Resources/Assets.xcassets/HeroCityDanang.imageset/hero-city-danang.png,,853 x 1844,,853 x 1844,>= 1600 x 2400 preferred,PhraseListingView HeroMastheadImage,"center 50%, upper 32%; food or entrance must remain visible after fade",Recognizable subject must survive the top 276pt masthead crop; keep the key visual in the upper third and center 70% width.,city_place_requires_unique_realistic_hero,"Generate owned/licensed hero, crop to repo target, wire heroImageName through source/resources/SQLite, and capture simulator proof.","Create a super-realistic app-owned hero photo for a Vietnamese travel phrasebook, matching the premium real-life menu-item hero image quality. No readable text, no logos, no watermarks, no faces as the subject. Keep the main landmark/object recognizable inside the upper third because the iOS masthead crops a shallow horizontal band. Show Chè xoa xoa hạt lựu ở Đà Nẵng / Da Nang sweet soup as an appetizing Vietnamese dish close-up with clean natural light and room for the masthead fade. Specific subject guidance: Photorealistic owned asset: colorful Vietnamese dessert glass with jelly, coconut, and crushed ice, market background.","no readable text, no watermark, no logos, no fake signs, no unrelated Ha Long Bay/karst imagery for city-specific pages, no people as the main subject",Simulator screenshot plus phone spot-check before DONE,shared or legacy fallback; replace with unique app-owned generated realistic asset,docs/editorial-exports/viet-image-assets/hero-image-production-001/generated_hero_assets.json,Generate a unique realistic menu-quality image for this exact city noun; do not reuse the city masthead or another place image.
P0,NEEDS_UNIQUE_REALISTIC_ASSET,viet-family-city-hue-place-com-am-phu,Cơm âm phủ ở Huế / Com am phu,dish,HeroCityHue,HeroCityHuePlaceComAmPhu,native-ios/Resources/Assets.xcassets/HeroCityHue.imageset/hero-city-hue.png,,853 x 1844,,853 x 1844,>= 1600 x 2400 preferred,PhraseListingView HeroMastheadImage,"center 50%, upper 32%; food or entrance must remain visible after fade",Recognizable subject must survive the top 276pt masthead crop; keep the key visual in the upper third and center 70% width.,city_place_requires_unique_realistic_hero,"Generate owned/licensed hero, crop to repo target, wire heroImageName through source/resources/SQLite, and capture simulator proof.","Create a super-realistic app-owned hero photo for a Vietnamese travel phrasebook, matching the premium real-life menu-item hero image quality. No readable text, no logos, no watermarks, no faces as the subject. Keep the main landmark/object recognizable inside the upper third because the iOS masthead crops a shallow horizontal band. Show Cơm âm phủ ở Huế / Com am phu as an appetizing Vietnamese dish close-up with clean natural light and room for the masthead fade. Specific subject guidance: Photorealistic arranged Hue rice plate with sliced egg, pork, herbs, vegetables, and small sauce bowl.","no readable text, no watermark, no logos, no fake signs, no unrelated Ha Long Bay/karst imagery for city-specific pages, no people as the main subject",Simulator screenshot plus phone spot-check before DONE,shared or legacy fallback; replace with unique app-owned generated realistic asset,docs/editorial-exports/viet-image-assets/hero-image-production-001/generated_hero_assets.json,Generate a unique realistic menu-quality image for this exact city noun; do not reuse the city masthead or another place image.
P0,NEEDS_UNIQUE_REALISTIC_ASSET,viet-family-city-hoian-place-com-ga,Cơm gà Hội An / Hoi An chicken rice,dish,HeroCityHoian,HeroCityHoianPlaceComGa,native-ios/Resources/Assets.xcassets/HeroCityHoian.imageset/hero-city-hoian.png,,853 x 1844,,853 x 1844,>= 1600 x 2400 preferred,PhraseListingView HeroMastheadImage,"center 50%, upper 32%; food or entrance must remain visible after fade",Recognizable subject must survive the top 276pt masthead crop; keep the key visual in the upper third and center 70% width.,city_place_requires_unique_realistic_hero,"Generate owned/licensed hero, crop to repo target, wire heroImageName through source/resources/SQLite, and capture simulator proof.","Create a super-realistic app-owned hero photo for a Vietnamese travel phrasebook, matching the premium real-life menu-item hero image quality. No readable text, no logos, no watermarks, no faces as the subject. Keep the main landmark/object recognizable inside the upper third because the iOS masthead crops a shallow horizontal band. Show Cơm gà Hội An / Hoi An chicken rice as an appetizing Vietnamese dish close-up with clean natural light and room for the masthead fade. Specific subject guidance: Photorealistic owned asset: yellow chicken rice with shredded chicken, herbs, and dipping sauce, overhead daylight.","no readable text, no watermark, no logos, no fake signs, no unrelated Ha Long Bay/karst imagery for city-specific pages, no people as the main subject",Simulator screenshot plus phone spot-check before DONE,shared or legacy fallback; replace with unique app-owned generated realistic asset,docs/editorial-exports/viet-image-assets/hero-image-production-001/generated_hero_assets.json,Generate a unique realistic menu-quality image for this exact city noun; do not reuse the city masthead or another place image.
P0,NEEDS_UNIQUE_REALISTIC_ASSET,viet-family-city-hue-place-com-hen,Cơm hến ở Huế / Com hen,dish,HeroCityHue,HeroCityHuePlaceComHen,native-ios/Resources/Assets.xcassets/HeroCityHue.imageset/hero-city-hue.png,,853 x 1844,,853 x 1844,>= 1600 x 2400 preferred,PhraseListingView HeroMastheadImage,"center 50%, upper 32%; food or entrance must remain visible after fade",Recognizable subject must survive the top 276pt masthead crop; keep the key visual in the upper third and center 70% width.,city_place_requires_unique_realistic_hero,"Generate owned/licensed hero, crop to repo target, wire heroImageName through source/resources/SQLite, and capture simulator proof.","Create a super-realistic app-owned hero photo for a Vietnamese travel phrasebook, matching the premium real-life menu-item hero image quality. No readable text, no logos, no watermarks, no faces as the subject. Keep the main landmark/object recognizable inside the upper third because the iOS masthead crops a shallow horizontal band. Show Cơm hến ở Huế / Com hen as an appetizing Vietnamese dish close-up with clean natural light and room for the masthead fade. Specific subject guidance: Photorealistic bowl of cơm hến with baby clams, herbs, crispy toppings, and chili paste.","no readable text, no watermark, no logos, no fake signs, no unrelated Ha Long Bay/karst imagery for city-specific pages, no people as the main subject",Simulator screenshot plus phone spot-check before DONE,shared or legacy fallback; replace with unique app-owned generated realistic asset,docs/editorial-exports/viet-image-assets/hero-image-production-001/generated_hero_assets.json,Generate a unique realistic menu-quality image for this exact city noun; do not reuse the city masthead or another place image.
P0,NEEDS_UNIQUE_REALISTIC_ASSET,viet-family-city-hcmc-place-com-tam,Cơm tấm ở Thành phố Hồ Chí Minh / Broken rice,dish,HeroCityHcmc,HeroCityHcmcPlaceComTam,native-ios/Resources/Assets.xcassets/HeroCityHcmc.imageset/hero-city-hcmc.png,,853 x 1844,,853 x 1844,>= 1600 x 2400 preferred,PhraseListingView HeroMastheadImage,"center 50%, upper 32%; food or entrance must remain visible after fade",Recognizable subject must survive the top 276pt masthead crop; keep the key visual in the upper third and center 70% width.,city_place_requires_unique_realistic_hero,"Generate owned/licensed hero, crop to repo target, wire heroImageName through source/resources/SQLite, and capture simulator proof.","Create a super-realistic app-owned hero photo for a Vietnamese travel phrasebook, matching the premium real-life menu-item hero image quality. No readable text, no logos, no watermarks, no faces as the subject. Keep the main landmark/object recognizable inside the upper third because the iOS masthead crops a shallow horizontal band. Show Cơm tấm ở Thành phố Hồ Chí Minh / Broken rice as an appetizing Vietnamese dish close-up with clean natural light and room for the masthead fade. Specific subject guidance: Plate of cơm tấm sườn bì chả with fish sauce, Saigon table, photorealistic.","no readable text, no watermark, no logos, no fake signs, no unrelated Ha Long Bay/karst imagery for city-specific pages, no people as the main subject",Simulator screenshot plus phone spot-check before DONE,shared or legacy fallback; replace with unique app-owned generated realistic asset,docs/editorial-exports/viet-image-assets/hero-image-production-001/generated_hero_assets.json,Generate a unique realistic menu-quality image for this exact city noun; do not reuse the city masthead or another place image.
P0,NEEDS_UNIQUE_REALISTIC_ASSET,viet-family-city-hcmc-place-goi-cuon,Gỏi cuốn ở Thành phố Hồ Chí Minh / Fresh spring rolls,dish,HeroCityHcmc,HeroCityHcmcPlaceGoiCuon,native-ios/Resources/Assets.xcassets/HeroCityHcmc.imageset/hero-city-hcmc.png,,853 x 1844,,853 x 1844,>= 1600 x 2400 preferred,PhraseListingView HeroMastheadImage,"center 50%, upper 32%; food or entrance must remain visible after fade",Recognizable subject must survive the top 276pt masthead crop; keep the key visual in the upper third and center 70% width.,city_place_requires_unique_realistic_hero,"Generate owned/licensed hero, crop to repo target, wire heroImageName through source/resources/SQLite, and capture simulator proof.","Create a super-realistic app-owned hero photo for a Vietnamese travel phrasebook, matching the premium real-life menu-item hero image quality. No readable text, no logos, no watermarks, no faces as the subject. Keep the main landmark/object recognizable inside the upper third because the iOS masthead crops a shallow horizontal band. Show Gỏi cuốn ở Thành phố Hồ Chí Minh / Fresh spring rolls as an appetizing Vietnamese dish close-up with clean natural light and room for the masthead fade. Specific subject guidance: Fresh spring rolls with herbs and peanut sauce, Saigon cafe table, realistic photo.","no readable text, no watermark, no logos, no fake signs, no unrelated Ha Long Bay/karst imagery for city-specific pages, no people as the main subject",Simulator screenshot plus phone spot-check before DONE,shared or legacy fallback; replace with unique app-owned generated realistic asset,docs/editorial-exports/viet-image-assets/hero-image-production-001/generated_hero_assets.json,Generate a unique realistic menu-quality image for this exact city noun; do not reuse the city masthead or another place image.
P0,NEEDS_UNIQUE_REALISTIC_ASSET,viet-family-city-danang-place-hai-san,Hải sản ở Đà Nẵng / Seafood,dish,HeroCityDanang,HeroCityDanangPlaceHaiSan,native-ios/Resources/Assets.xcassets/HeroCityDanang.imageset/hero-city-danang.png,,853 x 1844,,853 x 1844,>= 1600 x 2400 preferred,PhraseListingView HeroMastheadImage,"center 50%, upper 32%; food or entrance must remain visible after fade",Recognizable subject must survive the top 276pt masthead crop; keep the key visual in the upper third and center 70% width.,city_place_requires_unique_realistic_hero,"Generate owned/licensed hero, crop to repo target, wire heroImageName through source/resources/SQLite, and capture simulator proof.","Create a super-realistic app-owned hero photo for a Vietnamese travel phrasebook, matching the premium real-life menu-item hero image quality. No readable text, no logos, no watermarks, no faces as the subject. Keep the main landmark/object recognizable inside the upper third because the iOS masthead crops a shallow horizontal band. Show Hải sản ở Đà Nẵng / Seafood as an appetizing Vietnamese dish close-up with clean natural light and room for the masthead fade. Specific subject guidance: Photorealistic owned asset: fresh seafood spread on ice with coastal restaurant background, no staff faces.","no readable text, no watermark, no logos, no fake signs, no unrelated Ha Long Bay/karst imagery for city-specific pages, no people as the main subject",Simulator screenshot plus phone spot-check before DONE,shared or legacy fallback; replace with unique app-owned generated realistic asset,docs/editorial-exports/viet-image-assets/hero-image-production-001/generated_hero_assets.json,Generate a unique realistic menu-quality image for this exact city noun; do not reuse the city masthead or another place image.
P0,NEEDS_UNIQUE_REALISTIC_ASSET,viet-family-city-hoian-place-wonton,Hoành thánh Hội An / Hoi An wonton,dish,HeroCityHoian,HeroCityHoianPlaceWonton,native-ios/Resources/Assets.xcassets/HeroCityHoian.imageset/hero-city-hoian.png,,853 x 1844,,853 x 1844,>= 1600 x 2400 preferred,PhraseListingView HeroMastheadImage,"center 50%, upper 32%; food or entrance must remain visible after fade",Recognizable subject must survive the top 276pt masthead crop; keep the key visual in the upper third and center 70% width.,city_place_requires_unique_realistic_hero,"Generate owned/licensed hero, crop to repo target, wire heroImageName through source/resources/SQLite, and capture simulator proof.","Create a super-realistic app-owned hero photo for a Vietnamese travel phrasebook, matching the premium real-life menu-item hero image quality. No readable text, no logos, no watermarks, no faces as the subject. Keep the main landmark/object recognizable inside the upper third because the iOS masthead crops a shallow horizontal band. Show Hoành thánh Hội An / Hoi An wonton as an appetizing Vietnamese dish close-up with clean natural light and room for the masthead fade. Specific subject guidance: Photorealistic owned asset: Hoi An-style wontons with tomato sauce and herbs on plate, warm restaurant light.","no readable text, no watermark, no logos, no fake signs, no unrelated Ha Long Bay/karst imagery for city-specific pages, no people as the main subject",Simulator screenshot plus phone spot-check before DONE,shared or legacy fallback; replace with unique app-owned generated realistic asset,docs/editorial-exports/viet-image-assets/hero-image-production-001/generated_hero_assets.json,Generate a unique realistic menu-quality image for this exact city noun; do not reuse the city masthead or another place image.
P0,NEEDS_UNIQUE_REALISTIC_ASSET,viet-family-city-hcmc-place-hu-tieu,Hủ tiếu ở Thành phố Hồ Chí Minh / Hu tieu,dish,HeroCityHcmc,HeroCityHcmcPlaceHuTieu,native-ios/Resources/Assets.xcassets/HeroCityHcmc.imageset/hero-city-hcmc.png,,853 x 1844,,853 x 1844,>= 1600 x 2400 preferred,PhraseListingView HeroMastheadImage,"center 50%, upper 32%; food or entrance must remain visible after fade",Recognizable subject must survive the top 276pt masthead crop; keep the key visual in the upper third and center 70% width.,city_place_requires_unique_realistic_hero,"Generate owned/licensed hero, crop to repo target, wire heroImageName through source/resources/SQLite, and capture simulator proof.","Create a super-realistic app-owned hero photo for a Vietnamese travel phrasebook, matching the premium real-life menu-item hero image quality. No readable text, no logos, no watermarks, no faces as the subject. Keep the main landmark/object recognizable inside the upper third because the iOS masthead crops a shallow horizontal band. Show Hủ tiếu ở Thành phố Hồ Chí Minh / Hu tieu as an appetizing Vietnamese dish close-up with clean natural light and room for the masthead fade. Specific subject guidance: Bowl of hủ tiếu with pork, shrimp, herbs, clear broth, realistic Saigon photo.","no readable text, no watermark, no logos, no fake signs, no unrelated Ha Long Bay/karst imagery for city-specific pages, no people as the main subject",Simulator screenshot plus phone spot-check before DONE,shared or legacy fallback; replace with unique app-owned generated realistic asset,docs/editorial-exports/viet-image-assets/hero-image-production-001/generated_hero_assets.json,Generate a unique realistic menu-quality image for this exact city noun; do not reuse the city masthead or another place image.
P0,NEEDS_UNIQUE_REALISTIC_ASSET,viet-family-city-danang-place-kem-bo,Kem bơ ở Đà Nẵng / Avocado ice cream,dish,HeroCityDanang,HeroCityDanangPlaceKemBo,native-ios/Resources/Assets.xcassets/HeroCityDanang.imageset/hero-city-danang.png,,853 x 1844,,853 x 1844,>= 1600 x 2400 preferred,PhraseListingView HeroMastheadImage,"center 50%, upper 32%; food or entrance must remain visible after fade",Recognizable subject must survive the top 276pt masthead crop; keep the key visual in the upper third and center 70% width.,city_place_requires_unique_realistic_hero,"Generate owned/licensed hero, crop to repo target, wire heroImageName through source/resources/SQLite, and capture simulator proof.","Create a super-realistic app-owned hero photo for a Vietnamese travel phrasebook, matching the premium real-life menu-item hero image quality. No readable text, no logos, no watermarks, no faces as the subject. Keep the main landmark/object recognizable inside the upper third because the iOS masthead crops a shallow horizontal band. Show Kem bơ ở Đà Nẵng / Avocado ice cream as an appetizing Vietnamese dish close-up with clean natural light and room for the masthead fade. Specific subject guidance: Photorealistic owned asset: avocado ice cream cup with coconut flakes and spoon, bright cafe table.","no readable text, no watermark, no logos, no fake signs, no unrelated Ha Long Bay/karst imagery for city-specific pages, no people as the main subject",Simulator screenshot plus phone spot-check before DONE,shared or legacy fallback; replace with unique app-owned generated realistic asset,docs/editorial-exports/viet-image-assets/hero-image-production-001/generated_hero_assets.json,Generate a unique realistic menu-quality image for this exact city noun; do not reuse the city masthead or another place image.
P0,NEEDS_UNIQUE_REALISTIC_ASSET,viet-family-city-hue-place-me-xung,Mè xửng ở Huế / Me xung sesame candy,dish,HeroCityHue,HeroCityHuePlaceMeXung,native-ios/Resources/Assets.xcassets/HeroCityHue.imageset/hero-city-hue.png,,853 x 1844,,853 x 1844,>= 1600 x 2400 preferred,PhraseListingView HeroMastheadImage,"center 50%, upper 32%; food or entrance must remain visible after fade",Recognizable subject must survive the top 276pt masthead crop; keep the key visual in the upper third and center 70% width.,city_place_requires_unique_realistic_hero,"Generate owned/licensed hero, crop to repo target, wire heroImageName through source/resources/SQLite, and capture simulator proof.","Create a super-realistic app-owned hero photo for a Vietnamese travel phrasebook, matching the premium real-life menu-item hero image quality. No readable text, no logos, no watermarks, no faces as the subject. Keep the main landmark/object recognizable inside the upper third because the iOS masthead crops a shallow horizontal band. Show Mè xửng ở Huế / Me xung sesame candy as an appetizing Vietnamese dish close-up with clean natural light and room for the masthead fade. Specific subject guidance: Photorealistic wrapped and cut mè xửng sesame candy on a market counter with tea cup nearby.","no readable text, no watermark, no logos, no fake signs, no unrelated Ha Long Bay/karst imagery for city-specific pages, no people as the main subject",Simulator screenshot plus phone spot-check before DONE,shared or legacy fallback; replace with unique app-owned generated realistic asset,docs/editorial-exports/viet-image-assets/hero-image-production-001/generated_hero_assets.json,Generate a unique realistic menu-quality image for this exact city noun; do not reuse the city masthead or another place image.
P0,NEEDS_UNIQUE_REALISTIC_ASSET,viet-family-city-danang-place-mi-quang,Mì Quảng ở Đà Nẵng / Mi Quang,dish,HeroCityDanang,HeroCityDanangPlaceMiQuang,native-ios/Resources/Assets.xcassets/HeroCityDanang.imageset/hero-city-danang.png,,853 x 1844,,853 x 1844,>= 1600 x 2400 preferred,PhraseListingView HeroMastheadImage,"center 50%, upper 32%; food or entrance must remain visible after fade",Recognizable subject must survive the top 276pt masthead crop; keep the key visual in the upper third and center 70% width.,city_place_requires_unique_realistic_hero,"Generate owned/licensed hero, crop to repo target, wire heroImageName through source/resources/SQLite, and capture simulator proof.","Create a super-realistic app-owned hero photo for a Vietnamese travel phrasebook, matching the premium real-life menu-item hero image quality. No readable text, no logos, no watermarks, no faces as the subject. Keep the main landmark/object recognizable inside the upper third because the iOS masthead crops a shallow horizontal band. Show Mì Quảng ở Đà Nẵng / Mi Quang as an appetizing Vietnamese dish close-up with clean natural light and room for the masthead fade. Specific subject guidance: Photorealistic owned asset: bowl of mì Quảng with turmeric noodles, herbs, peanuts, and rice cracker, overhead natural light.","no readable text, no watermark, no logos, no fake signs, no unrelated Ha Long Bay/karst imagery for city-specific pages, no people as the main subject",Simulator screenshot plus phone spot-check before DONE,shared or legacy fallback; replace with unique app-owned generated realistic asset,docs/editorial-exports/viet-image-assets/hero-image-production-001/generated_hero_assets.json,Generate a unique realistic menu-quality image for this exact city noun; do not reuse the city masthead or another place image.
P0,NEEDS_UNIQUE_REALISTIC_ASSET,viet-family-city-hoian-place-mi-quang,Mì Quảng ở Hội An / Mi Quang in Hoi An,dish,HeroCityHoian,HeroCityHoianPlaceMiQuang,native-ios/Resources/Assets.xcassets/HeroCityHoian.imageset/hero-city-hoian.png,,853 x 1844,,853 x 1844,>= 1600 x 2400 preferred,PhraseListingView HeroMastheadImage,"center 50%, upper 32%; food or entrance must remain visible after fade",Recognizable subject must survive the top 276pt masthead crop; keep the key visual in the upper third and center 70% width.,city_place_requires_unique_realistic_hero,"Generate owned/licensed hero, crop to repo target, wire heroImageName through source/resources/SQLite, and capture simulator proof.","Create a super-realistic app-owned hero photo for a Vietnamese travel phrasebook, matching the premium real-life menu-item hero image quality. No readable text, no logos, no watermarks, no faces as the subject. Keep the main landmark/object recognizable inside the upper third because the iOS masthead crops a shallow horizontal band. Show Mì Quảng ở Hội An / Mi Quang in Hoi An as an appetizing Vietnamese dish close-up with clean natural light and room for the masthead fade. Specific subject guidance: Photorealistic owned asset: mì Quảng bowl with noodles, herbs, peanuts, rice cracker, Hoi An yellow wall background.","no readable text, no watermark, no logos, no fake signs, no unrelated Ha Long Bay/karst imagery for city-specific pages, no people as the main subject",Simulator screenshot plus phone spot-check before DONE,shared or legacy fallback; replace with unique app-owned generated realistic asset,docs/editorial-exports/viet-image-assets/hero-image-production-001/generated_hero_assets.json,Generate a unique realistic menu-quality image for this exact city noun; do not reuse the city masthead or another place image.
P0,NEEDS_UNIQUE_REALISTIC_ASSET,viet-family-city-hanoi-place-mien-luon,Miến lươn ở Hà Nội / Eel glass noodles,dish,HeroCityHanoi,HeroCityHanoiPlaceMienLuon,native-ios/Resources/Assets.xcassets/HeroCityHanoi.imageset/hero-city-hanoi.png,,853 x 1844,,853 x 1844,>= 1600 x 2400 preferred,PhraseListingView HeroMastheadImage,"center 50%, upper 32%; food or entrance must remain visible after fade",Recognizable subject must survive the top 276pt masthead crop; keep the key visual in the upper third and center 70% width.,city_place_requires_unique_realistic_hero,"Generate owned/licensed hero, crop to repo target, wire heroImageName through source/resources/SQLite, and capture simulator proof.","Create a super-realistic app-owned hero photo for a Vietnamese travel phrasebook, matching the premium real-life menu-item hero image quality. No readable text, no logos, no watermarks, no faces as the subject. Keep the main landmark/object recognizable inside the upper third because the iOS masthead crops a shallow horizontal band. Show Miến lươn ở Hà Nội / Eel glass noodles as an appetizing Vietnamese dish close-up with clean natural light and room for the masthead fade. Specific subject guidance: Bowl of eel glass noodles with herbs and crispy eel, realistic photo.","no readable text, no watermark, no logos, no fake signs, no unrelated Ha Long Bay/karst imagery for city-specific pages, no people as the main subject",Simulator screenshot plus phone spot-check before DONE,shared or legacy fallback; replace with unique app-owned generated realistic asset,docs/editorial-exports/viet-image-assets/hero-image-production-001/generated_hero_assets.json,Generate a unique realistic menu-quality image for this exact city noun; do not reuse the city masthead or another place image.
P0,NEEDS_UNIQUE_REALISTIC_ASSET,viet-family-city-hanoi-place-nem-cua-be,Nem cua bể ở Hà Nội / Crab spring rolls,dish,HeroCityHanoi,HeroCityHanoiPlaceNemCuaBe,native-ios/Resources/Assets.xcassets/HeroCityHanoi.imageset/hero-city-hanoi.png,,853 x 1844,,853 x 1844,>= 1600 x 2400 preferred,PhraseListingView HeroMastheadImage,"center 50%, upper 32%; food or entrance must remain visible after fade",Recognizable subject must survive the top 276pt masthead crop; keep the key visual in the upper third and center 70% width.,city_place_requires_unique_realistic_hero,"Generate owned/licensed hero, crop to repo target, wire heroImageName through source/resources/SQLite, and capture simulator proof.","Create a super-realistic app-owned hero photo for a Vietnamese travel phrasebook, matching the premium real-life menu-item hero image quality. No readable text, no logos, no watermarks, no faces as the subject. Keep the main landmark/object recognizable inside the upper third because the iOS masthead crops a shallow horizontal band. Show Nem cua bể ở Hà Nội / Crab spring rolls as an appetizing Vietnamese dish close-up with clean natural light and room for the masthead fade. Specific subject guidance: Square crab spring rolls with herbs and dipping sauce, realistic Hanoi food photo.","no readable text, no watermark, no logos, no fake signs, no unrelated Ha Long Bay/karst imagery for city-specific pages, no people as the main subject",Simulator screenshot plus phone spot-check before DONE,shared or legacy fallback; replace with unique app-owned generated realistic asset,docs/editorial-exports/viet-image-assets/hero-image-production-001/generated_hero_assets.json,Generate a unique realistic menu-quality image for this exact city noun; do not reuse the city masthead or another place image.
P0,NEEDS_UNIQUE_REALISTIC_ASSET,viet-family-city-danang-place-nem-lui,Nem lụi ở Đà Nẵng / Lemongrass pork skewers,dish,HeroCityDanang,HeroCityDanangPlaceNemLui,native-ios/Resources/Assets.xcassets/HeroCityDanang.imageset/hero-city-danang.png,,853 x 1844,,853 x 1844,>= 1600 x 2400 preferred,PhraseListingView HeroMastheadImage,"center 50%, upper 32%; food or entrance must remain visible after fade",Recognizable subject must survive the top 276pt masthead crop; keep the key visual in the upper third and center 70% width.,city_place_requires_unique_realistic_hero,"Generate owned/licensed hero, crop to repo target, wire heroImageName through source/resources/SQLite, and capture simulator proof.","Create a super-realistic app-owned hero photo for a Vietnamese travel phrasebook, matching the premium real-life menu-item hero image quality. No readable text, no logos, no watermarks, no faces as the subject. Keep the main landmark/object recognizable inside the upper third because the iOS masthead crops a shallow horizontal band. Show Nem lụi ở Đà Nẵng / Lemongrass pork skewers as an appetizing Vietnamese dish close-up with clean natural light and room for the masthead fade. Specific subject guidance: Photorealistic owned asset: grilled pork skewers with herbs, rice paper, and peanut sauce, warm street-food lighting.","no readable text, no watermark, no logos, no fake signs, no unrelated Ha Long Bay/karst imagery for city-specific pages, no people as the main subject",Simulator screenshot plus phone spot-check before DONE,shared or legacy fallback; replace with unique app-owned generated realistic asset,docs/editorial-exports/viet-image-assets/hero-image-production-001/generated_hero_assets.json,Generate a unique realistic menu-quality image for this exact city noun; do not reuse the city masthead or another place image.
P0,NEEDS_UNIQUE_REALISTIC_ASSET,viet-family-city-hoian-place-mot-herbal-drink,Nước Mót ở Hội An / Mot herbal drink,dish,HeroCityHoian,HeroCityHoianPlaceMotHerbalDrink,native-ios/Resources/Assets.xcassets/HeroCityHoian.imageset/hero-city-hoian.png,,853 x 1844,,853 x 1844,>= 1600 x 2400 preferred,PhraseListingView HeroMastheadImage,"center 50%, upper 32%; food or entrance must remain visible after fade",Recognizable subject must survive the top 276pt masthead crop; keep the key visual in the upper third and center 70% width.,city_place_requires_unique_realistic_hero,"Generate owned/licensed hero, crop to repo target, wire heroImageName through source/resources/SQLite, and capture simulator proof.","Create a super-realistic app-owned hero photo for a Vietnamese travel phrasebook, matching the premium real-life menu-item hero image quality. No readable text, no logos, no watermarks, no faces as the subject. Keep the main landmark/object recognizable inside the upper third because the iOS masthead crops a shallow horizontal band. Show Nước Mót ở Hội An / Mot herbal drink as an appetizing Vietnamese dish close-up with clean natural light and room for the masthead fade. Specific subject guidance: Photorealistic owned asset: herbal iced drink with lemongrass and lotus leaf garnish, old-town street background, no logo.","no readable text, no watermark, no logos, no fake signs, no unrelated Ha Long Bay/karst imagery for city-specific pages, no people as the main subject",Simulator screenshot plus phone spot-check before DONE,shared or legacy fallback; replace with unique app-owned generated realistic asset,docs/editorial-exports/viet-image-assets/hero-image-production-001/generated_hero_assets.json,Generate a unique realistic menu-quality image for this exact city noun; do not reuse the city masthead or another place image.
P0,NEEDS_UNIQUE_REALISTIC_ASSET,viet-family-city-danang-place-oc-hut,Ốc hút ở Đà Nẵng / Stirred snails,dish,HeroCityDanang,HeroCityDanangPlaceOcHut,native-ios/Resources/Assets.xcassets/HeroCityDanang.imageset/hero-city-danang.png,,853 x 1844,,853 x 1844,>= 1600 x 2400 preferred,PhraseListingView HeroMastheadImage,"center 50%, upper 32%; food or entrance must remain visible after fade",Recognizable subject must survive the top 276pt masthead crop; keep the key visual in the upper third and center 70% width.,city_place_requires_unique_realistic_hero,"Generate owned/licensed hero, crop to repo target, wire heroImageName through source/resources/SQLite, and capture simulator proof.","Create a super-realistic app-owned hero photo for a Vietnamese travel phrasebook, matching the premium real-life menu-item hero image quality. No readable text, no logos, no watermarks, no faces as the subject. Keep the main landmark/object recognizable inside the upper third because the iOS masthead crops a shallow horizontal band. Show Ốc hút ở Đà Nẵng / Stirred snails as an appetizing Vietnamese dish close-up with clean natural light and room for the masthead fade. Specific subject guidance: Photorealistic owned asset: bowl of snails with lemongrass and chili, street-stall table, warm light.","no readable text, no watermark, no logos, no fake signs, no unrelated Ha Long Bay/karst imagery for city-specific pages, no people as the main subject",Simulator screenshot plus phone spot-check before DONE,shared or legacy fallback; replace with unique app-owned generated realistic asset,docs/editorial-exports/viet-image-assets/hero-image-production-001/generated_hero_assets.json,Generate a unique realistic menu-quality image for this exact city noun; do not reuse the city masthead or another place image.
P0,NEEDS_UNIQUE_REALISTIC_ASSET,viet-family-city-hcmc-place-oc,Ốc Sài Gòn ở Thành phố Hồ Chí Minh / Saigon snails and seafood,dish,HeroCityHcmc,HeroCityHcmcPlaceOc,native-ios/Resources/Assets.xcassets/HeroCityHcmc.imageset/hero-city-hcmc.png,,853 x 1844,,853 x 1844,>= 1600 x 2400 preferred,PhraseListingView HeroMastheadImage,"center 50%, upper 32%; food or entrance must remain visible after fade",Recognizable subject must survive the top 276pt masthead crop; keep the key visual in the upper third and center 70% width.,city_place_requires_unique_realistic_hero,"Generate owned/licensed hero, crop to repo target, wire heroImageName through source/resources/SQLite, and capture simulator proof.","Create a super-realistic app-owned hero photo for a Vietnamese travel phrasebook, matching the premium real-life menu-item hero image quality. No readable text, no logos, no watermarks, no faces as the subject. Keep the main landmark/object recognizable inside the upper third because the iOS masthead crops a shallow horizontal band. Show Ốc Sài Gòn ở Thành phố Hồ Chí Minh / Saigon snails and seafood as an appetizing Vietnamese dish close-up with clean natural light and room for the masthead fade. Specific subject guidance: Saigon seafood table with snails, clams, sauces, small stools, realistic photo.","no readable text, no watermark, no logos, no fake signs, no unrelated Ha Long Bay/karst imagery for city-specific pages, no people as the main subject",Simulator screenshot plus phone spot-check before DONE,shared or legacy fallback; replace with unique app-owned generated realistic asset,docs/editorial-exports/viet-image-assets/hero-image-production-001/generated_hero_assets.json,Generate a unique realistic menu-quality image for this exact city noun; do not reuse the city masthead or another place image.
P0,NEEDS_UNIQUE_REALISTIC_ASSET,viet-family-city-hcmc-place-pha-lau,Phá lấu ở Thành phố Hồ Chí Minh / Pha lau,dish,HeroCityHcmc,HeroCityHcmcPlacePhaLau,native-ios/Resources/Assets.xcassets/HeroCityHcmc.imageset/hero-city-hcmc.png,,853 x 1844,,853 x 1844,>= 1600 x 2400 preferred,PhraseListingView HeroMastheadImage,"center 50%, upper 32%; food or entrance must remain visible after fade",Recognizable subject must survive the top 276pt masthead crop; keep the key visual in the upper third and center 70% width.,city_place_requires_unique_realistic_hero,"Generate owned/licensed hero, crop to repo target, wire heroImageName through source/resources/SQLite, and capture simulator proof.","Create a super-realistic app-owned hero photo for a Vietnamese travel phrasebook, matching the premium real-life menu-item hero image quality. No readable text, no logos, no watermarks, no faces as the subject. Keep the main landmark/object recognizable inside the upper third because the iOS masthead crops a shallow horizontal band. Show Phá lấu ở Thành phố Hồ Chí Minh / Pha lau as an appetizing Vietnamese dish close-up with clean natural light and room for the masthead fade. Specific subject guidance: Bowl of phá lấu stew with bread on Saigon sidewalk table, realistic photo.","no readable text, no watermark, no logos, no fake signs, no unrelated Ha Long Bay/karst imagery for city-specific pages, no people as the main subject",Simulator screenshot plus phone spot-check before DONE,shared or legacy fallback; replace with unique app-owned generated realistic asset,docs/editorial-exports/viet-image-assets/hero-image-production-001/generated_hero_assets.json,Generate a unique realistic menu-quality image for this exact city noun; do not reuse the city masthead or another place image.
P0,NEEDS_UNIQUE_REALISTIC_ASSET,viet-family-city-hanoi-place-pho-bo,Phở bò ở Hà Nội / Beef pho,dish,HeroCityHanoi,HeroCityHanoiPlacePhoBo,native-ios/Resources/Assets.xcassets/HeroCityHanoi.imageset/hero-city-hanoi.png,,853 x 1844,,853 x 1844,>= 1600 x 2400 preferred,PhraseListingView HeroMastheadImage,"center 50%, upper 32%; food or entrance must remain visible after fade",Recognizable subject must survive the top 276pt masthead crop; keep the key visual in the upper third and center 70% width.,city_place_requires_unique_realistic_hero,"Generate owned/licensed hero, crop to repo target, wire heroImageName through source/resources/SQLite, and capture simulator proof.","Create a super-realistic app-owned hero photo for a Vietnamese travel phrasebook, matching the premium real-life menu-item hero image quality. No readable text, no logos, no watermarks, no faces as the subject. Keep the main landmark/object recognizable inside the upper third because the iOS masthead crops a shallow horizontal band. Show Phở bò ở Hà Nội / Beef pho as an appetizing Vietnamese dish close-up with clean natural light and room for the masthead fade. Specific subject guidance: Steaming Hanoi beef pho with sliced beef, green onions, herbs, realistic photo.","no readable text, no watermark, no logos, no fake signs, no unrelated Ha Long Bay/karst imagery for city-specific pages, no people as the main subject",Simulator screenshot plus phone spot-check before DONE,shared or legacy fallback; replace with unique app-owned generated realistic asset,docs/editorial-exports/viet-image-assets/hero-image-production-001/generated_hero_assets.json,Generate a unique realistic menu-quality image for this exact city noun; do not reuse the city masthead or another place image.
P0,NEEDS_UNIQUE_REALISTIC_ASSET,viet-family-city-hanoi-place-pho-ga,Phở gà ở Hà Nội / Chicken pho,dish,HeroCityHanoi,HeroCityHanoiPlacePhoGa,native-ios/Resources/Assets.xcassets/HeroCityHanoi.imageset/hero-city-hanoi.png,,853 x 1844,,853 x 1844,>= 1600 x 2400 preferred,PhraseListingView HeroMastheadImage,"center 50%, upper 32%; food or entrance must remain visible after fade",Recognizable subject must survive the top 276pt masthead crop; keep the key visual in the upper third and center 70% width.,city_place_requires_unique_realistic_hero,"Generate owned/licensed hero, crop to repo target, wire heroImageName through source/resources/SQLite, and capture simulator proof.","Create a super-realistic app-owned hero photo for a Vietnamese travel phrasebook, matching the premium real-life menu-item hero image quality. No readable text, no logos, no watermarks, no faces as the subject. Keep the main landmark/object recognizable inside the upper third because the iOS masthead crops a shallow horizontal band. Show Phở gà ở Hà Nội / Chicken pho as an appetizing Vietnamese dish close-up with clean natural light and room for the masthead fade. Specific subject guidance: Chicken pho bowl with shredded chicken and lime, Hanoi shop table, realistic photo.","no readable text, no watermark, no logos, no fake signs, no unrelated Ha Long Bay/karst imagery for city-specific pages, no people as the main subject",Simulator screenshot plus phone spot-check before DONE,shared or legacy fallback; replace with unique app-owned generated realistic asset,docs/editorial-exports/viet-image-assets/hero-image-production-001/generated_hero_assets.json,Generate a unique realistic menu-quality image for this exact city noun; do not reuse the city masthead or another place image.
P0,NEEDS_UNIQUE_REALISTIC_ASSET,viet-family-city-hcmc-place-pho-nam,Phở Sài Gòn ở Thành phố Hồ Chí Minh / Southern pho,dish,HeroCityHcmc,HeroCityHcmcPlacePhoNam,native-ios/Resources/Assets.xcassets/HeroCityHcmc.imageset/hero-city-hcmc.png,,853 x 1844,,853 x 1844,>= 1600 x 2400 preferred,PhraseListingView HeroMastheadImage,"center 50%, upper 32%; food or entrance must remain visible after fade",Recognizable subject must survive the top 276pt masthead crop; keep the key visual in the upper third and center 70% width.,city_place_requires_unique_realistic_hero,"Generate owned/licensed hero, crop to repo target, wire heroImageName through source/resources/SQLite, and capture simulator proof.","Create a super-realistic app-owned hero photo for a Vietnamese travel phrasebook, matching the premium real-life menu-item hero image quality. No readable text, no logos, no watermarks, no faces as the subject. Keep the main landmark/object recognizable inside the upper third because the iOS masthead crops a shallow horizontal band. Show Phở Sài Gòn ở Thành phố Hồ Chí Minh / Southern pho as an appetizing Vietnamese dish close-up with clean natural light and room for the masthead fade. Specific subject guidance: Southern pho bowl with bean sprouts, basil, lime, realistic photo.","no readable text, no watermark, no logos, no fake signs, no unrelated Ha Long Bay/karst imagery for city-specific pages, no people as the main subject",Simulator screenshot plus phone spot-check before DONE,shared or legacy fallback; replace with unique app-owned generated realistic asset,docs/editorial-exports/viet-image-assets/hero-image-production-001/generated_hero_assets.json,Generate a unique realistic menu-quality image for this exact city noun; do not reuse the city masthead or another place image.
P0,NEEDS_UNIQUE_REALISTIC_ASSET,viet-family-city-hanoi-place-xoi-xeo,Xôi xéo ở Hà Nội / Sticky rice with mung bean,dish,HeroCityHanoi,HeroCityHanoiPlaceXoiXeo,native-ios/Resources/Assets.xcassets/HeroCityHanoi.imageset/hero-city-hanoi.png,,853 x 1844,,853 x 1844,>= 1600 x 2400 preferred,PhraseListingView HeroMastheadImage,"center 50%, upper 32%; food or entrance must remain visible after fade",Recognizable subject must survive the top 276pt masthead crop; keep the key visual in the upper third and center 70% width.,city_place_requires_unique_realistic_hero,"Generate owned/licensed hero, crop to repo target, wire heroImageName through source/resources/SQLite, and capture simulator proof.","Create a super-realistic app-owned hero photo for a Vietnamese travel phrasebook, matching the premium real-life menu-item hero image quality. No readable text, no logos, no watermarks, no faces as the subject. Keep the main landmark/object recognizable inside the upper third because the iOS masthead crops a shallow horizontal band. Show Xôi xéo ở Hà Nội / Sticky rice with mung bean as an appetizing Vietnamese dish close-up with clean natural light and room for the masthead fade. Specific subject guidance: Yellow sticky rice with mung bean and fried shallots in banana leaf, realistic photo.","no readable text, no watermark, no logos, no fake signs, no unrelated Ha Long Bay/karst imagery for city-specific pages, no people as the main subject",Simulator screenshot plus phone spot-check before DONE,shared or legacy fallback; replace with unique app-owned generated realistic asset,docs/editorial-exports/viet-image-assets/hero-image-production-001/generated_hero_assets.json,Generate a unique realistic menu-quality image for this exact city noun; do not reuse the city masthead or another place image.
P0,NEEDS_UNIQUE_REALISTIC_ASSET,viet-family-city-hcmc-place-opera-a-o-show,À Ố Show / A O Show at Saigon Opera House,landmark,HeroCityHcmc,HeroCityHcmcPlaceOperaAOShow,native-ios/Resources/Assets.xcassets/HeroCityHcmc.imageset/hero-city-hcmc.png,,853 x 1844,,853 x 1844,>= 1600 x 2400 preferred,PhraseListingView HeroMastheadImage,"center 50%, upper 25-35%; landmark silhouette must be recognizable",Recognizable subject must survive the top 276pt masthead crop; keep the key visual in the upper third and center 70% width.,city_place_requires_unique_realistic_hero,"Generate owned/licensed hero, crop to repo target, wire heroImageName through source/resources/SQLite, and capture simulator proof.","Create a super-realistic app-owned hero photo for a Vietnamese travel phrasebook, matching the premium real-life menu-item hero image quality. No readable text, no logos, no watermarks, no faces as the subject. Keep the main landmark/object recognizable inside the upper third because the iOS masthead crops a shallow horizontal band. Show À Ố Show / A O Show at Saigon Opera House with the real visual cue a first-time traveler would recognize. Specific subject guidance: Contemporary Vietnamese stage performance inside historic theatre, realistic low-light photo.","no readable text, no watermark, no logos, no fake signs, no unrelated Ha Long Bay/karst imagery for city-specific pages, no people as the main subject",Simulator screenshot plus phone spot-check before DONE,shared or legacy fallback; replace with unique app-owned generated realistic asset,docs/editorial-exports/viet-image-assets/hero-image-production-001/generated_hero_assets.json,Generate a unique realistic menu-quality image for this exact city noun; do not reuse the city masthead or another place image.
P0,NEEDS_UNIQUE_REALISTIC_ASSET,viet-family-city-danang-place-ba-na-hills,Bà Nà Hills / Ba Na Hills,landmark,HeroBaNaHills,HeroCityDanangPlaceBaNaHills,native-ios/Resources/Assets.xcassets/HeroBaNaHills.imageset/hero-ba-na-hills.png,,853 x 1844,,853 x 1844,>= 1600 x 2400 preferred,PhraseListingView HeroMastheadImage,"center 50%, upper 25-35%; landmark silhouette must be recognizable",Recognizable subject must survive the top 276pt masthead crop; keep the key visual in the upper third and center 70% width.,city_place_requires_unique_realistic_hero,"Generate owned/licensed hero, crop to repo target, wire heroImageName through source/resources/SQLite, and capture simulator proof.","Create a super-realistic app-owned hero photo for a Vietnamese travel phrasebook, matching the premium real-life menu-item hero image quality. No readable text, no logos, no watermarks, no faces as the subject. Keep the main landmark/object recognizable inside the upper third because the iOS masthead crops a shallow horizontal band. Show Bà Nà Hills / Ba Na Hills with the real visual cue a first-time traveler would recognize. Specific subject guidance: Photorealistic owned asset: misty hill station approach with cable cars and forested ridges, no logos, natural morning light.","no readable text, no watermark, no logos, no fake signs, no unrelated Ha Long Bay/karst imagery for city-specific pages, no people as the main subject",Simulator screenshot plus phone spot-check before DONE,shared or legacy fallback; replace with unique app-owned generated realistic asset,docs/task-results/TASK-VIET-BA-NA-HILLS-JOURNEY-PATCH-001.md,Created in TASK-VIET-BA-NA-HILLS-JOURNEY-PATCH-001. Keep Golden Bridge/cable-car cues visible in the upper crop.
P0,NEEDS_UNIQUE_REALISTIC_ASSET,viet-family-city-danang-place-son-tra,Bán đảo Sơn Trà / Son Tra Peninsula,landmark,HeroCityDanang,HeroCityDanangPlaceSonTra,native-ios/Resources/Assets.xcassets/HeroCityDanang.imageset/hero-city-danang.png,,853 x 1844,,853 x 1844,>= 1600 x 2400 preferred,PhraseListingView HeroMastheadImage,"center 50%, upper 25-35%; landmark silhouette must be recognizable",Recognizable subject must survive the top 276pt masthead crop; keep the key visual in the upper third and center 70% width.,city_place_requires_unique_realistic_hero,"Generate owned/licensed hero, crop to repo target, wire heroImageName through source/resources/SQLite, and capture simulator proof.","Create a super-realistic app-owned hero photo for a Vietnamese travel phrasebook, matching the premium real-life menu-item hero image quality. No readable text, no logos, no watermarks, no faces as the subject. Keep the main landmark/object recognizable inside the upper third because the iOS masthead crops a shallow horizontal band. Show Bán đảo Sơn Trà / Son Tra Peninsula with the real visual cue a first-time traveler would recognize. Specific subject guidance: Photorealistic owned asset: forested peninsula curving into blue sea, coastal road, aerial-like but realistic framing.","no readable text, no watermark, no logos, no fake signs, no unrelated Ha Long Bay/karst imagery for city-specific pages, no people as the main subject",Simulator screenshot plus phone spot-check before DONE,shared or legacy fallback; replace with unique app-owned generated realistic asset,docs/editorial-exports/viet-image-assets/hero-image-production-001/generated_hero_assets.json,Generate a unique realistic menu-quality image for this exact city noun; do not reuse the city masthead or another place image.
P0,NEEDS_UNIQUE_REALISTIC_ASSET,viet-family-city-danang-place-3d-art-in-paradise,Bảo tàng 3D Art in Paradise Đà Nẵng / 3D Art in Paradise Da Nang,landmark,HeroCityDanang,HeroCityDanangPlace3dArtInParadise,native-ios/Resources/Assets.xcassets/HeroCityDanang.imageset/hero-city-danang.png,,853 x 1844,,853 x 1844,>= 1600 x 2400 preferred,PhraseListingView HeroMastheadImage,"center 50%, upper 25-35%; landmark silhouette must be recognizable",Recognizable subject must survive the top 276pt masthead crop; keep the key visual in the upper third and center 70% width.,city_place_requires_unique_realistic_hero,"Generate owned/licensed hero, crop to repo target, wire heroImageName through source/resources/SQLite, and capture simulator proof.","Create a super-realistic app-owned hero photo for a Vietnamese travel phrasebook, matching the premium real-life menu-item hero image quality. No readable text, no logos, no watermarks, no faces as the subject. Keep the main landmark/object recognizable inside the upper third because the iOS masthead crops a shallow horizontal band. Show Bảo tàng 3D Art in Paradise Đà Nẵng / 3D Art in Paradise Da Nang with the real visual cue a first-time traveler would recognize. Specific subject guidance: Photorealistic owned asset: playful optical-illusion gallery wall, invented artwork, family-friendly, no brand logo.","no readable text, no watermark, no logos, no fake signs, no unrelated Ha Long Bay/karst imagery for city-specific pages, no people as the main subject",Simulator screenshot plus phone spot-check before DONE,shared or legacy fallback; replace with unique app-owned generated realistic asset,docs/editorial-exports/viet-image-assets/hero-image-production-001/generated_hero_assets.json,Generate a unique realistic menu-quality image for this exact city noun; do not reuse the city masthead or another place image.
P0,NEEDS_UNIQUE_REALISTIC_ASSET,viet-family-city-hcmc-place-ao-dai-museum,Bảo tàng Áo Dài / Ao Dai Museum,landmark,HeroCityHcmc,HeroCityHcmcPlaceAoDaiMuseum,native-ios/Resources/Assets.xcassets/HeroCityHcmc.imageset/hero-city-hcmc.png,,853 x 1844,,853 x 1844,>= 1600 x 2400 preferred,PhraseListingView HeroMastheadImage,"center 50%, upper 25-35%; landmark silhouette must be recognizable",Recognizable subject must survive the top 276pt masthead crop; keep the key visual in the upper third and center 70% width.,city_place_requires_unique_realistic_hero,"Generate owned/licensed hero, crop to repo target, wire heroImageName through source/resources/SQLite, and capture simulator proof.","Create a super-realistic app-owned hero photo for a Vietnamese travel phrasebook, matching the premium real-life menu-item hero image quality. No readable text, no logos, no watermarks, no faces as the subject. Keep the main landmark/object recognizable inside the upper third because the iOS masthead crops a shallow horizontal band. Show Bảo tàng Áo Dài / Ao Dai Museum with the real visual cue a first-time traveler would recognize. Specific subject guidance: Ao dai display in garden-like museum space, colorful silk, realistic photo.","no readable text, no watermark, no logos, no fake signs, no unrelated Ha Long Bay/karst imagery for city-specific pages, no people as the main subject",Simulator screenshot plus phone spot-check before DONE,shared or legacy fallback; replace with unique app-owned generated realistic asset,docs/editorial-exports/viet-image-assets/hero-image-production-001/generated_hero_assets.json,Generate a unique realistic menu-quality image for this exact city noun; do not reuse the city masthead or another place image.
P0,NEEDS_UNIQUE_REALISTIC_ASSET,viet-family-city-hcmc-place-war-remnants-museum,Bảo tàng Chứng tích Chiến tranh / War Remnants Museum,landmark,HeroCityHcmc,HeroCityHcmcPlaceWarRemnantsMuseum,native-ios/Resources/Assets.xcassets/HeroCityHcmc.imageset/hero-city-hcmc.png,,853 x 1844,,853 x 1844,>= 1600 x 2400 preferred,PhraseListingView HeroMastheadImage,"center 50%, upper 25-35%; landmark silhouette must be recognizable",Recognizable subject must survive the top 276pt masthead crop; keep the key visual in the upper third and center 70% width.,city_place_requires_unique_realistic_hero,"Generate owned/licensed hero, crop to repo target, wire heroImageName through source/resources/SQLite, and capture simulator proof.","Create a super-realistic app-owned hero photo for a Vietnamese travel phrasebook, matching the premium real-life menu-item hero image quality. No readable text, no logos, no watermarks, no faces as the subject. Keep the main landmark/object recognizable inside the upper third because the iOS masthead crops a shallow horizontal band. Show Bảo tàng Chứng tích Chiến tranh / War Remnants Museum with the real visual cue a first-time traveler would recognize. Specific subject guidance: War Remnants Museum entrance with trees and subdued daylight, realistic photo.","no readable text, no watermark, no logos, no fake signs, no unrelated Ha Long Bay/karst imagery for city-specific pages, no people as the main subject",Simulator screenshot plus phone spot-check before DONE,shared or legacy fallback; replace with unique app-owned generated realistic asset,docs/editorial-exports/viet-image-assets/hero-image-production-001/generated_hero_assets.json,Generate a unique realistic menu-quality image for this exact city noun; do not reuse the city masthead or another place image.
P0,NEEDS_UNIQUE_REALISTIC_ASSET,viet-family-city-hue-place-royal-antiquities-museum,Bảo tàng Cổ vật Cung đình Huế / Hue Museum of Royal Antiquities,landmark,HeroCityHue,HeroCityHuePlaceRoyalAntiquitiesMuseum,native-ios/Resources/Assets.xcassets/HeroCityHue.imageset/hero-city-hue.png,,853 x 1844,,853 x 1844,>= 1600 x 2400 preferred,PhraseListingView HeroMastheadImage,"center 50%, upper 25-35%; landmark silhouette must be recognizable",Recognizable subject must survive the top 276pt masthead crop; keep the key visual in the upper third and center 70% width.,city_place_requires_unique_realistic_hero,"Generate owned/licensed hero, crop to repo target, wire heroImageName through source/resources/SQLite, and capture simulator proof.","Create a super-realistic app-owned hero photo for a Vietnamese travel phrasebook, matching the premium real-life menu-item hero image quality. No readable text, no logos, no watermarks, no faces as the subject. Keep the main landmark/object recognizable inside the upper third because the iOS masthead crops a shallow horizontal band. Show Bảo tàng Cổ vật Cung đình Huế / Hue Museum of Royal Antiquities with the real visual cue a first-time traveler would recognize. Specific subject guidance: Photorealistic Long An Palace museum exterior with carved timber, garden edge, and museum signage.","no readable text, no watermark, no logos, no fake signs, no unrelated Ha Long Bay/karst imagery for city-specific pages, no people as the main subject",Simulator screenshot plus phone spot-check before DONE,shared or legacy fallback; replace with unique app-owned generated realistic asset,docs/editorial-exports/viet-image-assets/hero-image-production-001/generated_hero_assets.json,Generate a unique realistic menu-quality image for this exact city noun; do not reuse the city masthead or another place image.
P0,NEEDS_UNIQUE_REALISTIC_ASSET,viet-family-city-danang-place-museum-branch-2,Bảo tàng Đà Nẵng - Cơ sở 2 / Da Nang Museum Branch 2,landmark,HeroCityDanang,HeroCityDanangPlaceMuseumBranch2,native-ios/Resources/Assets.xcassets/HeroCityDanang.imageset/hero-city-danang.png,,853 x 1844,,853 x 1844,>= 1600 x 2400 preferred,PhraseListingView HeroMastheadImage,"center 50%, upper 25-35%; landmark silhouette must be recognizable",Recognizable subject must survive the top 276pt masthead crop; keep the key visual in the upper third and center 70% width.,city_place_requires_unique_realistic_hero,"Generate owned/licensed hero, crop to repo target, wire heroImageName through source/resources/SQLite, and capture simulator proof.","Create a super-realistic app-owned hero photo for a Vietnamese travel phrasebook, matching the premium real-life menu-item hero image quality. No readable text, no logos, no watermarks, no faces as the subject. Keep the main landmark/object recognizable inside the upper third because the iOS masthead crops a shallow horizontal band. Show Bảo tàng Đà Nẵng - Cơ sở 2 / Da Nang Museum Branch 2 with the real visual cue a first-time traveler would recognize. Specific subject guidance: Photorealistic owned asset: museum courtyard with sculpture garden mood, no copied sculptures, clear daytime light.","no readable text, no watermark, no logos, no fake signs, no unrelated Ha Long Bay/karst imagery for city-specific pages, no people as the main subject",Simulator screenshot plus phone spot-check before DONE,shared or legacy fallback; replace with unique app-owned generated realistic asset,docs/editorial-exports/viet-image-assets/hero-image-production-001/generated_hero_assets.json,Generate a unique realistic menu-quality image for this exact city noun; do not reuse the city masthead or another place image.
P0,NEEDS_UNIQUE_REALISTIC_ASSET,viet-family-city-danang-place-museum,Bảo tàng Đà Nẵng / Da Nang Museum,landmark,HeroCityDanang,HeroCityDanangPlaceMuseum,native-ios/Resources/Assets.xcassets/HeroCityDanang.imageset/hero-city-danang.png,,853 x 1844,,853 x 1844,>= 1600 x 2400 preferred,PhraseListingView HeroMastheadImage,"center 50%, upper 25-35%; landmark silhouette must be recognizable",Recognizable subject must survive the top 276pt masthead crop; keep the key visual in the upper third and center 70% width.,city_place_requires_unique_realistic_hero,"Generate owned/licensed hero, crop to repo target, wire heroImageName through source/resources/SQLite, and capture simulator proof.","Create a super-realistic app-owned hero photo for a Vietnamese travel phrasebook, matching the premium real-life menu-item hero image quality. No readable text, no logos, no watermarks, no faces as the subject. Keep the main landmark/object recognizable inside the upper third because the iOS masthead crops a shallow horizontal band. Show Bảo tàng Đà Nẵng / Da Nang Museum with the real visual cue a first-time traveler would recognize. Specific subject guidance: Photorealistic owned asset: civic museum exterior on a leafy city street, documentary style, no readable signage.","no readable text, no watermark, no logos, no fake signs, no unrelated Ha Long Bay/karst imagery for city-specific pages, no people as the main subject",Simulator screenshot plus phone spot-check before DONE,shared or legacy fallback; replace with unique app-owned generated realistic asset,docs/editorial-exports/viet-image-assets/hero-image-production-001/generated_hero_assets.json,Generate a unique realistic menu-quality image for this exact city noun; do not reuse the city masthead or another place image.
P0,NEEDS_UNIQUE_REALISTIC_ASSET,viet-family-city-hanoi-place-ethnology-museum,Bảo tàng Dân tộc học / Vietnam Museum of Ethnology,landmark,HeroCityHanoi,HeroCityHanoiPlaceEthnologyMuseum,native-ios/Resources/Assets.xcassets/HeroCityHanoi.imageset/hero-city-hanoi.png,,853 x 1844,,853 x 1844,>= 1600 x 2400 preferred,PhraseListingView HeroMastheadImage,"center 50%, upper 25-35%; landmark silhouette must be recognizable",Recognizable subject must survive the top 276pt masthead crop; keep the key visual in the upper third and center 70% width.,city_place_requires_unique_realistic_hero,"Generate owned/licensed hero, crop to repo target, wire heroImageName through source/resources/SQLite, and capture simulator proof.","Create a super-realistic app-owned hero photo for a Vietnamese travel phrasebook, matching the premium real-life menu-item hero image quality. No readable text, no logos, no watermarks, no faces as the subject. Keep the main landmark/object recognizable inside the upper third because the iOS masthead crops a shallow horizontal band. Show Bảo tàng Dân tộc học / Vietnam Museum of Ethnology with the real visual cue a first-time traveler would recognize. Specific subject guidance: Museum courtyard with traditional stilt-house architecture, realistic daylight photo.","no readable text, no watermark, no logos, no fake signs, no unrelated Ha Long Bay/karst imagery for city-specific pages, no people as the main subject",Simulator screenshot plus phone spot-check before DONE,shared or legacy fallback; replace with unique app-owned generated realistic asset,docs/editorial-exports/viet-image-assets/hero-image-production-001/generated_hero_assets.json,Generate a unique realistic menu-quality image for this exact city noun; do not reuse the city masthead or another place image.
P0,NEEDS_UNIQUE_REALISTIC_ASSET,viet-family-city-hoian-place-precious-heritage-museum,Bảo tàng Di sản Vô giá / Precious Heritage Museum,landmark,HeroCityHoian,HeroCityHoianPlacePreciousHeritageMuseum,native-ios/Resources/Assets.xcassets/HeroCityHoian.imageset/hero-city-hoian.png,,853 x 1844,,853 x 1844,>= 1600 x 2400 preferred,PhraseListingView HeroMastheadImage,"center 50%, upper 25-35%; landmark silhouette must be recognizable",Recognizable subject must survive the top 276pt masthead crop; keep the key visual in the upper third and center 70% width.,city_place_requires_unique_realistic_hero,"Generate owned/licensed hero, crop to repo target, wire heroImageName through source/resources/SQLite, and capture simulator proof.","Create a super-realistic app-owned hero photo for a Vietnamese travel phrasebook, matching the premium real-life menu-item hero image quality. No readable text, no logos, no watermarks, no faces as the subject. Keep the main landmark/object recognizable inside the upper third because the iOS masthead crops a shallow horizontal band. Show Bảo tàng Di sản Vô giá / Precious Heritage Museum with the real visual cue a first-time traveler would recognize. Specific subject guidance: Photorealistic owned asset: heritage photography gallery with textiles and warm yellow walls, no copied photos.","no readable text, no watermark, no logos, no fake signs, no unrelated Ha Long Bay/karst imagery for city-specific pages, no people as the main subject",Simulator screenshot plus phone spot-check before DONE,shared or legacy fallback; replace with unique app-owned generated realistic asset,docs/editorial-exports/viet-image-assets/hero-image-production-001/generated_hero_assets.json,Generate a unique realistic menu-quality image for this exact city noun; do not reuse the city masthead or another place image.
P0,NEEDS_UNIQUE_REALISTIC_ASSET,viet-family-city-danang-place-cham-museum,Bảo tàng Điêu khắc Chăm / Museum of Cham Sculpture,landmark,HeroCityDanang,HeroCityDanangPlaceChamMuseum,native-ios/Resources/Assets.xcassets/HeroCityDanang.imageset/hero-city-danang.png,,853 x 1844,,853 x 1844,>= 1600 x 2400 preferred,PhraseListingView HeroMastheadImage,"center 50%, upper 25-35%; landmark silhouette must be recognizable",Recognizable subject must survive the top 276pt masthead crop; keep the key visual in the upper third and center 70% width.,city_place_requires_unique_realistic_hero,"Generate owned/licensed hero, crop to repo target, wire heroImageName through source/resources/SQLite, and capture simulator proof.","Create a super-realistic app-owned hero photo for a Vietnamese travel phrasebook, matching the premium real-life menu-item hero image quality. No readable text, no logos, no watermarks, no faces as the subject. Keep the main landmark/object recognizable inside the upper third because the iOS masthead crops a shallow horizontal band. Show Bảo tàng Điêu khắc Chăm / Museum of Cham Sculpture with the real visual cue a first-time traveler would recognize. Specific subject guidance: Photorealistic owned asset: sandstone Cham sculpture gallery with soft museum lighting, no exact artifact reproduction.","no readable text, no watermark, no logos, no fake signs, no unrelated Ha Long Bay/karst imagery for city-specific pages, no people as the main subject",Simulator screenshot plus phone spot-check before DONE,shared or legacy fallback; replace with unique app-owned generated realistic asset,docs/editorial-exports/viet-image-assets/hero-image-production-001/generated_hero_assets.json,Generate a unique realistic menu-quality image for this exact city noun; do not reuse the city masthead or another place image.
P0,NEEDS_UNIQUE_REALISTIC_ASSET,viet-family-city-hue-place-museum-commissioned-porcelains,Bảo tàng Đồ sứ ký kiểu thời Nguyễn / Museum of Nguyen Dynasty Commissioned Porcelains,landmark,HeroCityHue,HeroCityHuePlaceMuseumCommissionedPorcelains,native-ios/Resources/Assets.xcassets/HeroCityHue.imageset/hero-city-hue.png,,853 x 1844,,853 x 1844,>= 1600 x 2400 preferred,PhraseListingView HeroMastheadImage,"center 50%, upper 25-35%; landmark silhouette must be recognizable",Recognizable subject must survive the top 276pt masthead crop; keep the key visual in the upper third and center 70% width.,city_place_requires_unique_realistic_hero,"Generate owned/licensed hero, crop to repo target, wire heroImageName through source/resources/SQLite, and capture simulator proof.","Create a super-realistic app-owned hero photo for a Vietnamese travel phrasebook, matching the premium real-life menu-item hero image quality. No readable text, no logos, no watermarks, no faces as the subject. Keep the main landmark/object recognizable inside the upper third because the iOS masthead crops a shallow horizontal band. Show Bảo tàng Đồ sứ ký kiểu thời Nguyễn / Museum of Nguyen Dynasty Commissioned Porcelains with the real visual cue a first-time traveler would recognize. Specific subject guidance: Photorealistic porcelain display cases with blue-and-white bowls, soft museum lighting, Vietnamese labels.","no readable text, no watermark, no logos, no fake signs, no unrelated Ha Long Bay/karst imagery for city-specific pages, no people as the main subject",Simulator screenshot plus phone spot-check before DONE,shared or legacy fallback; replace with unique app-owned generated realistic asset,docs/editorial-exports/viet-image-assets/hero-image-production-001/generated_hero_assets.json,Generate a unique realistic menu-quality image for this exact city noun; do not reuse the city masthead or another place image.
P0,NEEDS_UNIQUE_REALISTIC_ASSET,viet-family-city-danang-place-dong-dinh-museum,Bảo tàng Đồng Đình / Dong Dinh Museum,landmark,HeroCityDanang,HeroCityDanangPlaceDongDinhMuseum,native-ios/Resources/Assets.xcassets/HeroCityDanang.imageset/hero-city-danang.png,,853 x 1844,,853 x 1844,>= 1600 x 2400 preferred,PhraseListingView HeroMastheadImage,"center 50%, upper 25-35%; landmark silhouette must be recognizable",Recognizable subject must survive the top 276pt masthead crop; keep the key visual in the upper third and center 70% width.,city_place_requires_unique_realistic_hero,"Generate owned/licensed hero, crop to repo target, wire heroImageName through source/resources/SQLite, and capture simulator proof.","Create a super-realistic app-owned hero photo for a Vietnamese travel phrasebook, matching the premium real-life menu-item hero image quality. No readable text, no logos, no watermarks, no faces as the subject. Keep the main landmark/object recognizable inside the upper third because the iOS masthead crops a shallow horizontal band. Show Bảo tàng Đồng Đình / Dong Dinh Museum with the real visual cue a first-time traveler would recognize. Specific subject guidance: Photorealistic owned asset: garden-house museum path among trees, rustic stone and wood textures, no logo.","no readable text, no watermark, no logos, no fake signs, no unrelated Ha Long Bay/karst imagery for city-specific pages, no people as the main subject",Simulator screenshot plus phone spot-check before DONE,shared or legacy fallback; replace with unique app-owned generated realistic asset,docs/editorial-exports/viet-image-assets/hero-image-production-001/generated_hero_assets.json,Generate a unique realistic menu-quality image for this exact city noun; do not reuse the city masthead or another place image.
P0,NEEDS_UNIQUE_REALISTIC_ASSET,viet-family-city-hoian-place-trade-ceramics-museum,Bảo tàng Gốm sứ Mậu dịch / Museum of Trade Ceramics,landmark,HeroCityHoian,HeroCityHoianPlaceTradeCeramicsMuseum,native-ios/Resources/Assets.xcassets/HeroCityHoian.imageset/hero-city-hoian.png,,853 x 1844,,853 x 1844,>= 1600 x 2400 preferred,PhraseListingView HeroMastheadImage,"center 50%, upper 25-35%; landmark silhouette must be recognizable",Recognizable subject must survive the top 276pt masthead crop; keep the key visual in the upper third and center 70% width.,city_place_requires_unique_realistic_hero,"Generate owned/licensed hero, crop to repo target, wire heroImageName through source/resources/SQLite, and capture simulator proof.","Create a super-realistic app-owned hero photo for a Vietnamese travel phrasebook, matching the premium real-life menu-item hero image quality. No readable text, no logos, no watermarks, no faces as the subject. Keep the main landmark/object recognizable inside the upper third because the iOS masthead crops a shallow horizontal band. Show Bảo tàng Gốm sứ Mậu dịch / Museum of Trade Ceramics with the real visual cue a first-time traveler would recognize. Specific subject guidance: Photorealistic owned asset: ceramic bowls and jars in old wooden house gallery, no copied labels.","no readable text, no watermark, no logos, no fake signs, no unrelated Ha Long Bay/karst imagery for city-specific pages, no people as the main subject",Simulator screenshot plus phone spot-check before DONE,shared or legacy fallback; replace with unique app-owned generated realistic asset,docs/editorial-exports/viet-image-assets/hero-image-production-001/generated_hero_assets.json,Generate a unique realistic menu-quality image for this exact city noun; do not reuse the city masthead or another place image.
P0,NEEDS_UNIQUE_REALISTIC_ASSET,viet-family-city-hanoi-place-ho-chi-minh-museum,Bảo tàng Hồ Chí Minh / Ho Chi Minh Museum,landmark,HeroCityHanoi,HeroCityHanoiPlaceHoChiMinhMuseum,native-ios/Resources/Assets.xcassets/HeroCityHanoi.imageset/hero-city-hanoi.png,,853 x 1844,,853 x 1844,>= 1600 x 2400 preferred,PhraseListingView HeroMastheadImage,"center 50%, upper 25-35%; landmark silhouette must be recognizable",Recognizable subject must survive the top 276pt masthead crop; keep the key visual in the upper third and center 70% width.,city_place_requires_unique_realistic_hero,"Generate owned/licensed hero, crop to repo target, wire heroImageName through source/resources/SQLite, and capture simulator proof.","Create a super-realistic app-owned hero photo for a Vietnamese travel phrasebook, matching the premium real-life menu-item hero image quality. No readable text, no logos, no watermarks, no faces as the subject. Keep the main landmark/object recognizable inside the upper third because the iOS masthead crops a shallow horizontal band. Show Bảo tàng Hồ Chí Minh / Ho Chi Minh Museum with the real visual cue a first-time traveler would recognize. Specific subject guidance: Modern Ho Chi Minh Museum exterior, plaza, Vietnamese flags, realistic photo.","no readable text, no watermark, no logos, no fake signs, no unrelated Ha Long Bay/karst imagery for city-specific pages, no people as the main subject",Simulator screenshot plus phone spot-check before DONE,shared or legacy fallback; replace with unique app-owned generated realistic asset,docs/editorial-exports/viet-image-assets/hero-image-production-001/generated_hero_assets.json,Generate a unique realistic menu-quality image for this exact city noun; do not reuse the city masthead or another place image.
P0,NEEDS_UNIQUE_REALISTIC_ASSET,viet-family-city-hoian-place-museum,Bảo tàng Hội An / Hoi An Museum,landmark,HeroCityHoian,HeroCityHoianPlaceMuseum,native-ios/Resources/Assets.xcassets/HeroCityHoian.imageset/hero-city-hoian.png,,853 x 1844,,853 x 1844,>= 1600 x 2400 preferred,PhraseListingView HeroMastheadImage,"center 50%, upper 25-35%; landmark silhouette must be recognizable",Recognizable subject must survive the top 276pt masthead crop; keep the key visual in the upper third and center 70% width.,city_place_requires_unique_realistic_hero,"Generate owned/licensed hero, crop to repo target, wire heroImageName through source/resources/SQLite, and capture simulator proof.","Create a super-realistic app-owned hero photo for a Vietnamese travel phrasebook, matching the premium real-life menu-item hero image quality. No readable text, no logos, no watermarks, no faces as the subject. Keep the main landmark/object recognizable inside the upper third because the iOS masthead crops a shallow horizontal band. Show Bảo tàng Hội An / Hoi An Museum with the real visual cue a first-time traveler would recognize. Specific subject guidance: Photorealistic owned asset: old-town museum facade with yellow walls and tiled roof, daylight, no readable signage.","no readable text, no watermark, no logos, no fake signs, no unrelated Ha Long Bay/karst imagery for city-specific pages, no people as the main subject",Simulator screenshot plus phone spot-check before DONE,shared or legacy fallback; replace with unique app-owned generated realistic asset,docs/editorial-exports/viet-image-assets/hero-image-production-001/generated_hero_assets.json,Generate a unique realistic menu-quality image for this exact city noun; do not reuse the city masthead or another place image.
P0,NEEDS_UNIQUE_REALISTIC_ASSET,viet-family-city-hoian-place-history-culture-museum,Bảo tàng Lịch sử - Văn hóa Hội An / Museum of History and Culture,landmark,HeroCityHoian,HeroCityHoianPlaceHistoryCultureMuseum,native-ios/Resources/Assets.xcassets/HeroCityHoian.imageset/hero-city-hoian.png,,853 x 1844,,853 x 1844,>= 1600 x 2400 preferred,PhraseListingView HeroMastheadImage,"center 50%, upper 25-35%; landmark silhouette must be recognizable",Recognizable subject must survive the top 276pt masthead crop; keep the key visual in the upper third and center 70% width.,city_place_requires_unique_realistic_hero,"Generate owned/licensed hero, crop to repo target, wire heroImageName through source/resources/SQLite, and capture simulator proof.","Create a super-realistic app-owned hero photo for a Vietnamese travel phrasebook, matching the premium real-life menu-item hero image quality. No readable text, no logos, no watermarks, no faces as the subject. Keep the main landmark/object recognizable inside the upper third because the iOS masthead crops a shallow horizontal band. Show Bảo tàng Lịch sử - Văn hóa Hội An / Museum of History and Culture with the real visual cue a first-time traveler would recognize. Specific subject guidance: Photorealistic owned asset: small museum gallery with maps and ceramics in warm light, invented displays only.","no readable text, no watermark, no logos, no fake signs, no unrelated Ha Long Bay/karst imagery for city-specific pages, no people as the main subject",Simulator screenshot plus phone spot-check before DONE,shared or legacy fallback; replace with unique app-owned generated realistic asset,docs/editorial-exports/viet-image-assets/hero-image-production-001/generated_hero_assets.json,Generate a unique realistic menu-quality image for this exact city noun; do not reuse the city masthead or another place image.
P0,NEEDS_UNIQUE_REALISTIC_ASSET,viet-family-city-hanoi-place-vietnam-military-history-museum,Bảo tàng Lịch sử Quân sự Việt Nam / Vietnam Military History Museum,landmark,HeroCityHanoi,HeroCityHanoiPlaceVietnamMilitaryHistoryMuseum,native-ios/Resources/Assets.xcassets/HeroCityHanoi.imageset/hero-city-hanoi.png,,853 x 1844,,853 x 1844,>= 1600 x 2400 preferred,PhraseListingView HeroMastheadImage,"center 50%, upper 25-35%; landmark silhouette must be recognizable",Recognizable subject must survive the top 276pt masthead crop; keep the key visual in the upper third and center 70% width.,city_place_requires_unique_realistic_hero,"Generate owned/licensed hero, crop to repo target, wire heroImageName through source/resources/SQLite, and capture simulator proof.","Create a super-realistic app-owned hero photo for a Vietnamese travel phrasebook, matching the premium real-life menu-item hero image quality. No readable text, no logos, no watermarks, no faces as the subject. Keep the main landmark/object recognizable inside the upper third because the iOS masthead crops a shallow horizontal band. Show Bảo tàng Lịch sử Quân sự Việt Nam / Vietnam Military History Museum with the real visual cue a first-time traveler would recognize. Specific subject guidance: Outdoor military museum display with flag tower in background, realistic daylight photo.","no readable text, no watermark, no logos, no fake signs, no unrelated Ha Long Bay/karst imagery for city-specific pages, no people as the main subject",Simulator screenshot plus phone spot-check before DONE,shared or legacy fallback; replace with unique app-owned generated realistic asset,docs/editorial-exports/viet-image-assets/hero-image-production-001/generated_hero_assets.json,Generate a unique realistic menu-quality image for this exact city noun; do not reuse the city masthead or another place image.
P0,NEEDS_UNIQUE_REALISTIC_ASSET,viet-family-city-hanoi-place-national-museum-history,Bảo tàng Lịch sử Quốc gia / Vietnam National Museum of History,landmark,HeroCityHanoi,HeroCityHanoiPlaceNationalMuseumHistory,native-ios/Resources/Assets.xcassets/HeroCityHanoi.imageset/hero-city-hanoi.png,,853 x 1844,,853 x 1844,>= 1600 x 2400 preferred,PhraseListingView HeroMastheadImage,"center 50%, upper 25-35%; landmark silhouette must be recognizable",Recognizable subject must survive the top 276pt masthead crop; keep the key visual in the upper third and center 70% width.,city_place_requires_unique_realistic_hero,"Generate owned/licensed hero, crop to repo target, wire heroImageName through source/resources/SQLite, and capture simulator proof.","Create a super-realistic app-owned hero photo for a Vietnamese travel phrasebook, matching the premium real-life menu-item hero image quality. No readable text, no logos, no watermarks, no faces as the subject. Keep the main landmark/object recognizable inside the upper third because the iOS masthead crops a shallow horizontal band. Show Bảo tàng Lịch sử Quốc gia / Vietnam National Museum of History with the real visual cue a first-time traveler would recognize. Specific subject guidance: Ochre museum building with arched windows and palms, realistic Hanoi photo.","no readable text, no watermark, no logos, no fake signs, no unrelated Ha Long Bay/karst imagery for city-specific pages, no people as the main subject",Simulator screenshot plus phone spot-check before DONE,shared or legacy fallback; replace with unique app-owned generated realistic asset,docs/editorial-exports/viet-image-assets/hero-image-production-001/generated_hero_assets.json,Generate a unique realistic menu-quality image for this exact city noun; do not reuse the city masthead or another place image.
P0,NEEDS_UNIQUE_REALISTIC_ASSET,viet-family-city-hcmc-place-history-museum,Bảo tàng Lịch sử Thành phố Hồ Chí Minh / Museum of Vietnamese History,landmark,HeroCityHcmc,HeroCityHcmcPlaceHistoryMuseum,native-ios/Resources/Assets.xcassets/HeroCityHcmc.imageset/hero-city-hcmc.png,,853 x 1844,,853 x 1844,>= 1600 x 2400 preferred,PhraseListingView HeroMastheadImage,"center 50%, upper 25-35%; landmark silhouette must be recognizable",Recognizable subject must survive the top 276pt masthead crop; keep the key visual in the upper third and center 70% width.,city_place_requires_unique_realistic_hero,"Generate owned/licensed hero, crop to repo target, wire heroImageName through source/resources/SQLite, and capture simulator proof.","Create a super-realistic app-owned hero photo for a Vietnamese travel phrasebook, matching the premium real-life menu-item hero image quality. No readable text, no logos, no watermarks, no faces as the subject. Keep the main landmark/object recognizable inside the upper third because the iOS masthead crops a shallow horizontal band. Show Bảo tàng Lịch sử Thành phố Hồ Chí Minh / Museum of Vietnamese History with the real visual cue a first-time traveler would recognize. Specific subject guidance: Museum of Vietnamese History facade near botanical gardens, realistic photo.","no readable text, no watermark, no logos, no fake signs, no unrelated Ha Long Bay/karst imagery for city-specific pages, no people as the main subject",Simulator screenshot plus phone spot-check before DONE,shared or legacy fallback; replace with unique app-owned generated realistic asset,docs/editorial-exports/viet-image-assets/hero-image-production-001/generated_hero_assets.json,Generate a unique realistic menu-quality image for this exact city noun; do not reuse the city masthead or another place image.
P0,NEEDS_UNIQUE_REALISTIC_ASSET,viet-family-city-hcmc-place-fine-arts-museum,Bảo tàng Mỹ thuật / Ho Chi Minh City Museum of Fine Arts,landmark,HeroCityHcmc,HeroCityHcmcPlaceFineArtsMuseum,native-ios/Resources/Assets.xcassets/HeroCityHcmc.imageset/hero-city-hcmc.png,,853 x 1844,,853 x 1844,>= 1600 x 2400 preferred,PhraseListingView HeroMastheadImage,"center 50%, upper 25-35%; landmark silhouette must be recognizable",Recognizable subject must survive the top 276pt masthead crop; keep the key visual in the upper third and center 70% width.,city_place_requires_unique_realistic_hero,"Generate owned/licensed hero, crop to repo target, wire heroImageName through source/resources/SQLite, and capture simulator proof.","Create a super-realistic app-owned hero photo for a Vietnamese travel phrasebook, matching the premium real-life menu-item hero image quality. No readable text, no logos, no watermarks, no faces as the subject. Keep the main landmark/object recognizable inside the upper third because the iOS masthead crops a shallow horizontal band. Show Bảo tàng Mỹ thuật / Ho Chi Minh City Museum of Fine Arts with the real visual cue a first-time traveler would recognize. Specific subject guidance: Yellow Fine Arts Museum courtyard with tiled floors, realistic photo.","no readable text, no watermark, no logos, no fake signs, no unrelated Ha Long Bay/karst imagery for city-specific pages, no people as the main subject",Simulator screenshot plus phone spot-check before DONE,shared or legacy fallback; replace with unique app-owned generated realistic asset,docs/editorial-exports/viet-image-assets/hero-image-production-001/generated_hero_assets.json,Generate a unique realistic menu-quality image for this exact city noun; do not reuse the city masthead or another place image.
P0,NEEDS_UNIQUE_REALISTIC_ASSET,viet-family-city-danang-place-fine-arts-museum,Bảo tàng Mỹ thuật Đà Nẵng / Da Nang Fine Arts Museum,landmark,HeroCityDanang,HeroCityDanangPlaceFineArtsMuseum,native-ios/Resources/Assets.xcassets/HeroCityDanang.imageset/hero-city-danang.png,,853 x 1844,,853 x 1844,>= 1600 x 2400 preferred,PhraseListingView HeroMastheadImage,"center 50%, upper 25-35%; landmark silhouette must be recognizable",Recognizable subject must survive the top 276pt masthead crop; keep the key visual in the upper third and center 70% width.,city_place_requires_unique_realistic_hero,"Generate owned/licensed hero, crop to repo target, wire heroImageName through source/resources/SQLite, and capture simulator proof.","Create a super-realistic app-owned hero photo for a Vietnamese travel phrasebook, matching the premium real-life menu-item hero image quality. No readable text, no logos, no watermarks, no faces as the subject. Keep the main landmark/object recognizable inside the upper third because the iOS masthead crops a shallow horizontal band. Show Bảo tàng Mỹ thuật Đà Nẵng / Da Nang Fine Arts Museum with the real visual cue a first-time traveler would recognize. Specific subject guidance: Photorealistic owned asset: bright museum entrance and framed paintings, no copied artworks, clean daylight.","no readable text, no watermark, no logos, no fake signs, no unrelated Ha Long Bay/karst imagery for city-specific pages, no people as the main subject",Simulator screenshot plus phone spot-check before DONE,shared or legacy fallback; replace with unique app-owned generated realistic asset,docs/editorial-exports/viet-image-assets/hero-image-production-001/generated_hero_assets.json,Generate a unique realistic menu-quality image for this exact city noun; do not reuse the city masthead or another place image.
P0,NEEDS_UNIQUE_REALISTIC_ASSET,viet-family-city-hanoi-place-vietnam-fine-arts-museum,Bảo tàng Mỹ thuật Việt Nam / Vietnam Fine Arts Museum,landmark,HeroCityHanoi,HeroCityHanoiPlaceVietnamFineArtsMuseum,native-ios/Resources/Assets.xcassets/HeroCityHanoi.imageset/hero-city-hanoi.png,,853 x 1844,,853 x 1844,>= 1600 x 2400 preferred,PhraseListingView HeroMastheadImage,"center 50%, upper 25-35%; landmark silhouette must be recognizable",Recognizable subject must survive the top 276pt masthead crop; keep the key visual in the upper third and center 70% width.,city_place_requires_unique_realistic_hero,"Generate owned/licensed hero, crop to repo target, wire heroImageName through source/resources/SQLite, and capture simulator proof.","Create a super-realistic app-owned hero photo for a Vietnamese travel phrasebook, matching the premium real-life menu-item hero image quality. No readable text, no logos, no watermarks, no faces as the subject. Keep the main landmark/object recognizable inside the upper third because the iOS masthead crops a shallow horizontal band. Show Bảo tàng Mỹ thuật Việt Nam / Vietnam Fine Arts Museum with the real visual cue a first-time traveler would recognize. Specific subject guidance: Yellow colonial museum building, art banners, shaded courtyard, photorealistic.","no readable text, no watermark, no logos, no fake signs, no unrelated Ha Long Bay/karst imagery for city-specific pages, no people as the main subject",Simulator screenshot plus phone spot-check before DONE,shared or legacy fallback; replace with unique app-owned generated realistic asset,docs/editorial-exports/viet-image-assets/hero-image-production-001/generated_hero_assets.json,Generate a unique realistic menu-quality image for this exact city noun; do not reuse the city masthead or another place image.
P0,NEEDS_UNIQUE_REALISTIC_ASSET,viet-family-city-hcmc-place-southern-women-museum,Bảo tàng Phụ nữ Nam Bộ / Southern Women's Museum,landmark,HeroCityHcmc,HeroCityHcmcPlaceSouthernWomenMuseum,native-ios/Resources/Assets.xcassets/HeroCityHcmc.imageset/hero-city-hcmc.png,,853 x 1844,,853 x 1844,>= 1600 x 2400 preferred,PhraseListingView HeroMastheadImage,"center 50%, upper 25-35%; landmark silhouette must be recognizable",Recognizable subject must survive the top 276pt masthead crop; keep the key visual in the upper third and center 70% width.,city_place_requires_unique_realistic_hero,"Generate owned/licensed hero, crop to repo target, wire heroImageName through source/resources/SQLite, and capture simulator proof.","Create a super-realistic app-owned hero photo for a Vietnamese travel phrasebook, matching the premium real-life menu-item hero image quality. No readable text, no logos, no watermarks, no faces as the subject. Keep the main landmark/object recognizable inside the upper third because the iOS masthead crops a shallow horizontal band. Show Bảo tàng Phụ nữ Nam Bộ / Southern Women's Museum with the real visual cue a first-time traveler would recognize. Specific subject guidance: Museum exterior with Vietnamese signage and shaded street, realistic photo.","no readable text, no watermark, no logos, no fake signs, no unrelated Ha Long Bay/karst imagery for city-specific pages, no people as the main subject",Simulator screenshot plus phone spot-check before DONE,shared or legacy fallback; replace with unique app-owned generated realistic asset,docs/editorial-exports/viet-image-assets/hero-image-production-001/generated_hero_assets.json,Generate a unique realistic menu-quality image for this exact city noun; do not reuse the city masthead or another place image.
P0,NEEDS_UNIQUE_REALISTIC_ASSET,viet-family-city-hanoi-place-womens-museum,Bảo tàng Phụ nữ Việt Nam / Vietnamese Women's Museum,landmark,HeroCityHanoi,HeroCityHanoiPlaceWomensMuseum,native-ios/Resources/Assets.xcassets/HeroCityHanoi.imageset/hero-city-hanoi.png,,853 x 1844,,853 x 1844,>= 1600 x 2400 preferred,PhraseListingView HeroMastheadImage,"center 50%, upper 25-35%; landmark silhouette must be recognizable",Recognizable subject must survive the top 276pt masthead crop; keep the key visual in the upper third and center 70% width.,city_place_requires_unique_realistic_hero,"Generate owned/licensed hero, crop to repo target, wire heroImageName through source/resources/SQLite, and capture simulator proof.","Create a super-realistic app-owned hero photo for a Vietnamese travel phrasebook, matching the premium real-life menu-item hero image quality. No readable text, no logos, no watermarks, no faces as the subject. Keep the main landmark/object recognizable inside the upper third because the iOS masthead crops a shallow horizontal band. Show Bảo tàng Phụ nữ Việt Nam / Vietnamese Women's Museum with the real visual cue a first-time traveler would recognize. Specific subject guidance: Vietnamese Women's Museum entrance, street trees, realistic travel photo.","no readable text, no watermark, no logos, no fake signs, no unrelated Ha Long Bay/karst imagery for city-specific pages, no people as the main subject",Simulator screenshot plus phone spot-check before DONE,shared or legacy fallback; replace with unique app-owned generated realistic asset,docs/editorial-exports/viet-image-assets/hero-image-production-001/generated_hero_assets.json,Generate a unique realistic menu-quality image for this exact city noun; do not reuse the city masthead or another place image.
P0,NEEDS_UNIQUE_REALISTIC_ASSET,viet-family-city-hcmc-place-ho-chi-minh-city-museum,Bảo tàng Thành phố Hồ Chí Minh / Ho Chi Minh City Museum,landmark,HeroCityHcmc,HeroCityHcmcPlaceHoChiMinhCityMuseum,native-ios/Resources/Assets.xcassets/HeroCityHcmc.imageset/hero-city-hcmc.png,,853 x 1844,,853 x 1844,>= 1600 x 2400 preferred,PhraseListingView HeroMastheadImage,"center 50%, upper 25-35%; landmark silhouette must be recognizable",Recognizable subject must survive the top 276pt masthead crop; keep the key visual in the upper third and center 70% width.,city_place_requires_unique_realistic_hero,"Generate owned/licensed hero, crop to repo target, wire heroImageName through source/resources/SQLite, and capture simulator proof.","Create a super-realistic app-owned hero photo for a Vietnamese travel phrasebook, matching the premium real-life menu-item hero image quality. No readable text, no logos, no watermarks, no faces as the subject. Keep the main landmark/object recognizable inside the upper third because the iOS masthead crops a shallow horizontal band. Show Bảo tàng Thành phố Hồ Chí Minh / Ho Chi Minh City Museum with the real visual cue a first-time traveler would recognize. Specific subject guidance: Ho Chi Minh City Museum colonial building with garden, realistic photo.","no readable text, no watermark, no logos, no fake signs, no unrelated Ha Long Bay/karst imagery for city-specific pages, no people as the main subject",Simulator screenshot plus phone spot-check before DONE,shared or legacy fallback; replace with unique app-owned generated realistic asset,docs/editorial-exports/viet-image-assets/hero-image-production-001/generated_hero_assets.json,Generate a unique realistic menu-quality image for this exact city noun; do not reuse the city masthead or another place image.
P0,NEEDS_UNIQUE_REALISTIC_ASSET,viet-family-city-hcmc-place-ton-duc-thang-museum,Bảo tàng Tôn Đức Thắng / Ton Duc Thang Museum,landmark,HeroCityHcmc,HeroCityHcmcPlaceTonDucThangMuseum,native-ios/Resources/Assets.xcassets/HeroCityHcmc.imageset/hero-city-hcmc.png,,853 x 1844,,853 x 1844,>= 1600 x 2400 preferred,PhraseListingView HeroMastheadImage,"center 50%, upper 25-35%; landmark silhouette must be recognizable",Recognizable subject must survive the top 276pt masthead crop; keep the key visual in the upper third and center 70% width.,city_place_requires_unique_realistic_hero,"Generate owned/licensed hero, crop to repo target, wire heroImageName through source/resources/SQLite, and capture simulator proof.","Create a super-realistic app-owned hero photo for a Vietnamese travel phrasebook, matching the premium real-life menu-item hero image quality. No readable text, no logos, no watermarks, no faces as the subject. Keep the main landmark/object recognizable inside the upper third because the iOS masthead crops a shallow horizontal band. Show Bảo tàng Tôn Đức Thắng / Ton Duc Thang Museum with the real visual cue a first-time traveler would recognize. Specific subject guidance: Modern museum exterior near Saigon waterfront, realistic photo.","no readable text, no watermark, no logos, no fake signs, no unrelated Ha Long Bay/karst imagery for city-specific pages, no people as the main subject",Simulator screenshot plus phone spot-check before DONE,shared or legacy fallback; replace with unique app-owned generated realistic asset,docs/editorial-exports/viet-image-assets/hero-image-production-001/generated_hero_assets.json,Generate a unique realistic menu-quality image for this exact city noun; do not reuse the city masthead or another place image.
P0,NEEDS_UNIQUE_REALISTIC_ASSET,viet-family-city-hoian-place-folk-culture-museum,Bảo tàng Văn hóa Dân gian / Museum of Folk Culture,landmark,HeroCityHoian,HeroCityHoianPlaceFolkCultureMuseum,native-ios/Resources/Assets.xcassets/HeroCityHoian.imageset/hero-city-hoian.png,,853 x 1844,,853 x 1844,>= 1600 x 2400 preferred,PhraseListingView HeroMastheadImage,"center 50%, upper 25-35%; landmark silhouette must be recognizable",Recognizable subject must survive the top 276pt masthead crop; keep the key visual in the upper third and center 70% width.,city_place_requires_unique_realistic_hero,"Generate owned/licensed hero, crop to repo target, wire heroImageName through source/resources/SQLite, and capture simulator proof.","Create a super-realistic app-owned hero photo for a Vietnamese travel phrasebook, matching the premium real-life menu-item hero image quality. No readable text, no logos, no watermarks, no faces as the subject. Keep the main landmark/object recognizable inside the upper third because the iOS masthead crops a shallow horizontal band. Show Bảo tàng Văn hóa Dân gian / Museum of Folk Culture with the real visual cue a first-time traveler would recognize. Specific subject guidance: Photorealistic owned asset: folk-culture exhibit with lanterns, textiles, and wood beams, no exact artifacts.","no readable text, no watermark, no logos, no fake signs, no unrelated Ha Long Bay/karst imagery for city-specific pages, no people as the main subject",Simulator screenshot plus phone spot-check before DONE,shared or legacy fallback; replace with unique app-owned generated realistic asset,docs/editorial-exports/viet-image-assets/hero-image-production-001/generated_hero_assets.json,Generate a unique realistic menu-quality image for this exact city noun; do not reuse the city masthead or another place image.
P0,NEEDS_UNIQUE_REALISTIC_ASSET,viet-family-city-hoian-place-sa-huynh-culture-museum,Bảo tàng Văn hóa Sa Huỳnh / Museum of Sa Huynh Culture,landmark,HeroCityHoian,HeroCityHoianPlaceSaHuynhCultureMuseum,native-ios/Resources/Assets.xcassets/HeroCityHoian.imageset/hero-city-hoian.png,,853 x 1844,,853 x 1844,>= 1600 x 2400 preferred,PhraseListingView HeroMastheadImage,"center 50%, upper 25-35%; landmark silhouette must be recognizable",Recognizable subject must survive the top 276pt masthead crop; keep the key visual in the upper third and center 70% width.,city_place_requires_unique_realistic_hero,"Generate owned/licensed hero, crop to repo target, wire heroImageName through source/resources/SQLite, and capture simulator proof.","Create a super-realistic app-owned hero photo for a Vietnamese travel phrasebook, matching the premium real-life menu-item hero image quality. No readable text, no logos, no watermarks, no faces as the subject. Keep the main landmark/object recognizable inside the upper third because the iOS masthead crops a shallow horizontal band. Show Bảo tàng Văn hóa Sa Huỳnh / Museum of Sa Huynh Culture with the real visual cue a first-time traveler would recognize. Specific subject guidance: Photorealistic owned asset: archaeological-style display cases with pottery silhouettes, warm museum lighting, no copied labels.","no readable text, no watermark, no logos, no fake signs, no unrelated Ha Long Bay/karst imagery for city-specific pages, no people as the main subject",Simulator screenshot plus phone spot-check before DONE,shared or legacy fallback; replace with unique app-owned generated realistic asset,docs/editorial-exports/viet-image-assets/hero-image-production-001/generated_hero_assets.json,Generate a unique realistic menu-quality image for this exact city noun; do not reuse the city masthead or another place image.
P0,NEEDS_UNIQUE_REALISTIC_ASSET,viet-family-city-hanoi-place-literature-museum,Bảo tàng Văn học Việt Nam / Vietnam Literature Museum,landmark,HeroCityHanoi,HeroCityHanoiPlaceLiteratureMuseum,native-ios/Resources/Assets.xcassets/HeroCityHanoi.imageset/hero-city-hanoi.png,,853 x 1844,,853 x 1844,>= 1600 x 2400 preferred,PhraseListingView HeroMastheadImage,"center 50%, upper 25-35%; landmark silhouette must be recognizable",Recognizable subject must survive the top 276pt masthead crop; keep the key visual in the upper third and center 70% width.,city_place_requires_unique_realistic_hero,"Generate owned/licensed hero, crop to repo target, wire heroImageName through source/resources/SQLite, and capture simulator proof.","Create a super-realistic app-owned hero photo for a Vietnamese travel phrasebook, matching the premium real-life menu-item hero image quality. No readable text, no logos, no watermarks, no faces as the subject. Keep the main landmark/object recognizable inside the upper third because the iOS masthead crops a shallow horizontal band. Show Bảo tàng Văn học Việt Nam / Vietnam Literature Museum with the real visual cue a first-time traveler would recognize. Specific subject guidance: Museum facade with Vietnamese signage, book-themed interior hint, realistic photo.","no readable text, no watermark, no logos, no fake signs, no unrelated Ha Long Bay/karst imagery for city-specific pages, no people as the main subject",Simulator screenshot plus phone spot-check before DONE,shared or legacy fallback; replace with unique app-owned generated realistic asset,docs/editorial-exports/viet-image-assets/hero-image-production-001/generated_hero_assets.json,Generate a unique realistic menu-quality image for this exact city noun; do not reuse the city masthead or another place image.
P0,NEEDS_UNIQUE_REALISTIC_ASSET,viet-family-city-hcmc-place-fito-museum,Bảo tàng Y học Cổ truyền Việt Nam / FITO Museum,landmark,HeroCityHcmc,HeroCityHcmcPlaceFitoMuseum,native-ios/Resources/Assets.xcassets/HeroCityHcmc.imageset/hero-city-hcmc.png,,853 x 1844,,853 x 1844,>= 1600 x 2400 preferred,PhraseListingView HeroMastheadImage,"center 50%, upper 25-35%; landmark silhouette must be recognizable",Recognizable subject must survive the top 276pt masthead crop; keep the key visual in the upper third and center 70% width.,city_place_requires_unique_realistic_hero,"Generate owned/licensed hero, crop to repo target, wire heroImageName through source/resources/SQLite, and capture simulator proof.","Create a super-realistic app-owned hero photo for a Vietnamese travel phrasebook, matching the premium real-life menu-item hero image quality. No readable text, no logos, no watermarks, no faces as the subject. Keep the main landmark/object recognizable inside the upper third because the iOS masthead crops a shallow horizontal band. Show Bảo tàng Y học Cổ truyền Việt Nam / FITO Museum with the real visual cue a first-time traveler would recognize. Specific subject guidance: Traditional medicine museum interior with wooden cabinets and herbs, realistic photo.","no readable text, no watermark, no logos, no fake signs, no unrelated Ha Long Bay/karst imagery for city-specific pages, no people as the main subject",Simulator screenshot plus phone spot-check before DONE,shared or legacy fallback; replace with unique app-owned generated realistic asset,docs/editorial-exports/viet-image-assets/hero-image-production-001/generated_hero_assets.json,Generate a unique realistic menu-quality image for this exact city noun; do not reuse the city masthead or another place image.
P0,NEEDS_UNIQUE_REALISTIC_ASSET,viet-family-city-hoian-place-bebe-tailor,BeBe Tailor / BeBe Tailor,landmark,HeroCityHoian,HeroCityHoianPlaceBebeTailor,native-ios/Resources/Assets.xcassets/HeroCityHoian.imageset/hero-city-hoian.png,,853 x 1844,,853 x 1844,>= 1600 x 2400 preferred,PhraseListingView HeroMastheadImage,"center 50%, upper 25-35%; landmark silhouette must be recognizable",Recognizable subject must survive the top 276pt masthead crop; keep the key visual in the upper third and center 70% width.,city_place_requires_unique_realistic_hero,"Generate owned/licensed hero, crop to repo target, wire heroImageName through source/resources/SQLite, and capture simulator proof.","Create a super-realistic app-owned hero photo for a Vietnamese travel phrasebook, matching the premium real-life menu-item hero image quality. No readable text, no logos, no watermarks, no faces as the subject. Keep the main landmark/object recognizable inside the upper third because the iOS masthead crops a shallow horizontal band. Show BeBe Tailor / BeBe Tailor with the real visual cue a first-time traveler would recognize. Specific subject guidance: Photorealistic owned asset: fabric wall and tailoring table in a yellow Hoi An shop, no brand signage.","no readable text, no watermark, no logos, no fake signs, no unrelated Ha Long Bay/karst imagery for city-specific pages, no people as the main subject",Simulator screenshot plus phone spot-check before DONE,shared or legacy fallback; replace with unique app-owned generated realistic asset,docs/editorial-exports/viet-image-assets/hero-image-production-001/generated_hero_assets.json,Generate a unique realistic menu-quality image for this exact city noun; do not reuse the city masthead or another place image.
P0,NEEDS_UNIQUE_REALISTIC_ASSET,viet-family-city-hcmc-place-bach-dang-wharf,Bến Bạch Đằng / Bach Dang Wharf,landmark,HeroCityHcmc,HeroCityHcmcPlaceBachDangWharf,native-ios/Resources/Assets.xcassets/HeroCityHcmc.imageset/hero-city-hcmc.png,,853 x 1844,,853 x 1844,>= 1600 x 2400 preferred,PhraseListingView HeroMastheadImage,"center 50%, upper 25-35%; landmark silhouette must be recognizable",Recognizable subject must survive the top 276pt masthead crop; keep the key visual in the upper third and center 70% width.,city_place_requires_unique_realistic_hero,"Generate owned/licensed hero, crop to repo target, wire heroImageName through source/resources/SQLite, and capture simulator proof.","Create a super-realistic app-owned hero photo for a Vietnamese travel phrasebook, matching the premium real-life menu-item hero image quality. No readable text, no logos, no watermarks, no faces as the subject. Keep the main landmark/object recognizable inside the upper third because the iOS masthead crops a shallow horizontal band. Show Bến Bạch Đằng / Bach Dang Wharf with the real visual cue a first-time traveler would recognize. Specific subject guidance: Saigon River waterfront at Bach Dang Wharf with skyline and boats, realistic photo.","no readable text, no watermark, no logos, no fake signs, no unrelated Ha Long Bay/karst imagery for city-specific pages, no people as the main subject",Simulator screenshot plus phone spot-check before DONE,shared or legacy fallback; replace with unique app-owned generated realistic asset,docs/editorial-exports/viet-image-assets/hero-image-production-001/generated_hero_assets.json,Generate a unique realistic menu-quality image for this exact city noun; do not reuse the city masthead or another place image.
P0,NEEDS_UNIQUE_REALISTIC_ASSET,viet-family-city-hoian-place-cua-dai-pier,Bến tàu Cửa Đại / Cua Dai Pier,landmark,HeroCityHoian,HeroCityHoianPlaceCuaDaiPier,native-ios/Resources/Assets.xcassets/HeroCityHoian.imageset/hero-city-hoian.png,,853 x 1844,,853 x 1844,>= 1600 x 2400 preferred,PhraseListingView HeroMastheadImage,"center 50%, upper 25-35%; landmark silhouette must be recognizable",Recognizable subject must survive the top 276pt masthead crop; keep the key visual in the upper third and center 70% width.,city_place_requires_unique_realistic_hero,"Generate owned/licensed hero, crop to repo target, wire heroImageName through source/resources/SQLite, and capture simulator proof.","Create a super-realistic app-owned hero photo for a Vietnamese travel phrasebook, matching the premium real-life menu-item hero image quality. No readable text, no logos, no watermarks, no faces as the subject. Keep the main landmark/object recognizable inside the upper third because the iOS masthead crops a shallow horizontal band. Show Bến tàu Cửa Đại / Cua Dai Pier with the real visual cue a first-time traveler would recognize. Specific subject guidance: Photorealistic owned asset: pier with small boats and Cua Dai coastline, daylight, no operator signs.","no readable text, no watermark, no logos, no fake signs, no unrelated Ha Long Bay/karst imagery for city-specific pages, no people as the main subject",Simulator screenshot plus phone spot-check before DONE,shared or legacy fallback; replace with unique app-owned generated realistic asset,docs/editorial-exports/viet-image-assets/hero-image-production-001/generated_hero_assets.json,Generate a unique realistic menu-quality image for this exact city noun; do not reuse the city masthead or another place image.
P0,NEEDS_UNIQUE_REALISTIC_ASSET,viet-family-city-hcmc-place-bach-dang-waterbus-station,Bến tàu thủy Bạch Đằng / Bach Dang Waterbus Station,landmark,HeroCityHcmc,HeroCityHcmcPlaceBachDangWaterbusStation,native-ios/Resources/Assets.xcassets/HeroCityHcmc.imageset/hero-city-hcmc.png,,853 x 1844,,853 x 1844,>= 1600 x 2400 preferred,PhraseListingView HeroMastheadImage,"center 50%, upper 25-35%; landmark silhouette must be recognizable",Recognizable subject must survive the top 276pt masthead crop; keep the key visual in the upper third and center 70% width.,city_place_requires_unique_realistic_hero,"Generate owned/licensed hero, crop to repo target, wire heroImageName through source/resources/SQLite, and capture simulator proof.","Create a super-realistic app-owned hero photo for a Vietnamese travel phrasebook, matching the premium real-life menu-item hero image quality. No readable text, no logos, no watermarks, no faces as the subject. Keep the main landmark/object recognizable inside the upper third because the iOS masthead crops a shallow horizontal band. Show Bến tàu thủy Bạch Đằng / Bach Dang Waterbus Station with the real visual cue a first-time traveler would recognize. Specific subject guidance: Waterbus pier on Saigon River at Bach Dang, boats and skyline, realistic photo.","no readable text, no watermark, no logos, no fake signs, no unrelated Ha Long Bay/karst imagery for city-specific pages, no people as the main subject",Simulator screenshot plus phone spot-check before DONE,shared or legacy fallback; replace with unique app-owned generated realistic asset,docs/editorial-exports/viet-image-assets/hero-image-production-001/generated_hero_assets.json,Generate a unique realistic menu-quality image for this exact city noun; do not reuse the city masthead or another place image.
P0,NEEDS_UNIQUE_REALISTIC_ASSET,viet-family-city-hoian-place-bach-dang-boat-pier,Bến thuyền Bạch Đằng / Bach Dang boat pier,landmark,HeroCityHoian,HeroCityHoianPlaceBachDangBoatPier,native-ios/Resources/Assets.xcassets/HeroCityHoian.imageset/hero-city-hoian.png,,853 x 1844,,853 x 1844,>= 1600 x 2400 preferred,PhraseListingView HeroMastheadImage,"center 50%, upper 25-35%; landmark silhouette must be recognizable",Recognizable subject must survive the top 276pt masthead crop; keep the key visual in the upper third and center 70% width.,city_place_requires_unique_realistic_hero,"Generate owned/licensed hero, crop to repo target, wire heroImageName through source/resources/SQLite, and capture simulator proof.","Create a super-realistic app-owned hero photo for a Vietnamese travel phrasebook, matching the premium real-life menu-item hero image quality. No readable text, no logos, no watermarks, no faces as the subject. Keep the main landmark/object recognizable inside the upper third because the iOS masthead crops a shallow horizontal band. Show Bến thuyền Bạch Đằng / Bach Dang boat pier with the real visual cue a first-time traveler would recognize. Specific subject guidance: Photorealistic owned asset: wooden river pier with lantern boats on Hoai River, blue hour, no operator signage.","no readable text, no watermark, no logos, no fake signs, no unrelated Ha Long Bay/karst imagery for city-specific pages, no people as the main subject",Simulator screenshot plus phone spot-check before DONE,shared or legacy fallback; replace with unique app-owned generated realistic asset,docs/editorial-exports/viet-image-assets/hero-image-production-001/generated_hero_assets.json,Generate a unique realistic menu-quality image for this exact city noun; do not reuse the city masthead or another place image.
P0,NEEDS_UNIQUE_REALISTIC_ASSET,viet-family-city-hue-place-toa-kham-boat-station,Bến thuyền Tòa Khâm / Toa Kham Boat Station,landmark,HeroCityHue,HeroCityHuePlaceToaKhamBoatStation,native-ios/Resources/Assets.xcassets/HeroCityHue.imageset/hero-city-hue.png,,853 x 1844,,853 x 1844,>= 1600 x 2400 preferred,PhraseListingView HeroMastheadImage,"center 50%, upper 25-35%; landmark silhouette must be recognizable",Recognizable subject must survive the top 276pt masthead crop; keep the key visual in the upper third and center 70% width.,city_place_requires_unique_realistic_hero,"Generate owned/licensed hero, crop to repo target, wire heroImageName through source/resources/SQLite, and capture simulator proof.","Create a super-realistic app-owned hero photo for a Vietnamese travel phrasebook, matching the premium real-life menu-item hero image quality. No readable text, no logos, no watermarks, no faces as the subject. Keep the main landmark/object recognizable inside the upper third because the iOS masthead crops a shallow horizontal band. Show Bến thuyền Tòa Khâm / Toa Kham Boat Station with the real visual cue a first-time traveler would recognize. Specific subject guidance: Photorealistic central Hue boat landing on the Perfume River, dragon boats, small ticket kiosk, bridge in distance.","no readable text, no watermark, no logos, no fake signs, no unrelated Ha Long Bay/karst imagery for city-specific pages, no people as the main subject",Simulator screenshot plus phone spot-check before DONE,shared or legacy fallback; replace with unique app-owned generated realistic asset,docs/editorial-exports/viet-image-assets/hero-image-production-001/generated_hero_assets.json,Generate a unique realistic menu-quality image for this exact city noun; do not reuse the city masthead or another place image.
P0,NEEDS_UNIQUE_REALISTIC_ASSET,viet-family-city-hanoi-place-giap-bat-bus-station,Bến xe Giáp Bát / Giap Bat Bus Station,landmark,HeroCityHanoi,HeroCityHanoiPlaceGiapBatBusStation,native-ios/Resources/Assets.xcassets/HeroCityHanoi.imageset/hero-city-hanoi.png,,853 x 1844,,853 x 1844,>= 1600 x 2400 preferred,PhraseListingView HeroMastheadImage,"center 50%, upper 25-35%; landmark silhouette must be recognizable",Recognizable subject must survive the top 276pt masthead crop; keep the key visual in the upper third and center 70% width.,city_place_requires_unique_realistic_hero,"Generate owned/licensed hero, crop to repo target, wire heroImageName through source/resources/SQLite, and capture simulator proof.","Create a super-realistic app-owned hero photo for a Vietnamese travel phrasebook, matching the premium real-life menu-item hero image quality. No readable text, no logos, no watermarks, no faces as the subject. Keep the main landmark/object recognizable inside the upper third because the iOS masthead crops a shallow horizontal band. Show Bến xe Giáp Bát / Giap Bat Bus Station with the real visual cue a first-time traveler would recognize. Specific subject guidance: Hanoi bus terminal with coaches, ticket hall, realistic photo.","no readable text, no watermark, no logos, no fake signs, no unrelated Ha Long Bay/karst imagery for city-specific pages, no people as the main subject",Simulator screenshot plus phone spot-check before DONE,shared or legacy fallback; replace with unique app-owned generated realistic asset,docs/editorial-exports/viet-image-assets/hero-image-production-001/generated_hero_assets.json,Generate a unique realistic menu-quality image for this exact city noun; do not reuse the city masthead or another place image.
P0,NEEDS_UNIQUE_REALISTIC_ASSET,viet-family-city-hoian-place-bus-station,Bến xe Hội An / Hoi An Bus Station,landmark,HeroCityHoian,HeroCityHoianPlaceBusStation,native-ios/Resources/Assets.xcassets/HeroCityHoian.imageset/hero-city-hoian.png,,853 x 1844,,853 x 1844,>= 1600 x 2400 preferred,PhraseListingView HeroMastheadImage,"center 50%, upper 25-35%; landmark silhouette must be recognizable",Recognizable subject must survive the top 276pt masthead crop; keep the key visual in the upper third and center 70% width.,city_place_requires_unique_realistic_hero,"Generate owned/licensed hero, crop to repo target, wire heroImageName through source/resources/SQLite, and capture simulator proof.","Create a super-realistic app-owned hero photo for a Vietnamese travel phrasebook, matching the premium real-life menu-item hero image quality. No readable text, no logos, no watermarks, no faces as the subject. Keep the main landmark/object recognizable inside the upper third because the iOS masthead crops a shallow horizontal band. Show Bến xe Hội An / Hoi An Bus Station with the real visual cue a first-time traveler would recognize. Specific subject guidance: Photorealistic owned asset: modest bus station forecourt with coaches and shaded waiting area, no company names.","no readable text, no watermark, no logos, no fake signs, no unrelated Ha Long Bay/karst imagery for city-specific pages, no people as the main subject",Simulator screenshot plus phone spot-check before DONE,shared or legacy fallback; replace with unique app-owned generated realistic asset,docs/editorial-exports/viet-image-assets/hero-image-production-001/generated_hero_assets.json,Generate a unique realistic menu-quality image for this exact city noun; do not reuse the city masthead or another place image.
P0,NEEDS_UNIQUE_REALISTIC_ASSET,viet-family-city-hcmc-place-mien-dong-bus-station,Bến xe Miền Đông / Mien Dong Bus Station,landmark,HeroCityHcmc,HeroCityHcmcPlaceMienDongBusStation,native-ios/Resources/Assets.xcassets/HeroCityHcmc.imageset/hero-city-hcmc.png,,853 x 1844,,853 x 1844,>= 1600 x 2400 preferred,PhraseListingView HeroMastheadImage,"center 50%, upper 25-35%; landmark silhouette must be recognizable",Recognizable subject must survive the top 276pt masthead crop; keep the key visual in the upper third and center 70% width.,city_place_requires_unique_realistic_hero,"Generate owned/licensed hero, crop to repo target, wire heroImageName through source/resources/SQLite, and capture simulator proof.","Create a super-realistic app-owned hero photo for a Vietnamese travel phrasebook, matching the premium real-life menu-item hero image quality. No readable text, no logos, no watermarks, no faces as the subject. Keep the main landmark/object recognizable inside the upper third because the iOS masthead crops a shallow horizontal band. Show Bến xe Miền Đông / Mien Dong Bus Station with the real visual cue a first-time traveler would recognize. Specific subject guidance: Large Vietnamese bus station with coaches and ticket hall, realistic photo.","no readable text, no watermark, no logos, no fake signs, no unrelated Ha Long Bay/karst imagery for city-specific pages, no people as the main subject",Simulator screenshot plus phone spot-check before DONE,shared or legacy fallback; replace with unique app-owned generated realistic asset,docs/editorial-exports/viet-image-assets/hero-image-production-001/generated_hero_assets.json,Generate a unique realistic menu-quality image for this exact city noun; do not reuse the city masthead or another place image.
P0,NEEDS_UNIQUE_REALISTIC_ASSET,viet-family-city-hcmc-place-mien-tay-bus-station,Bến xe Miền Tây / Mien Tay Bus Station,landmark,HeroCityHcmc,HeroCityHcmcPlaceMienTayBusStation,native-ios/Resources/Assets.xcassets/HeroCityHcmc.imageset/hero-city-hcmc.png,,853 x 1844,,853 x 1844,>= 1600 x 2400 preferred,PhraseListingView HeroMastheadImage,"center 50%, upper 25-35%; landmark silhouette must be recognizable",Recognizable subject must survive the top 276pt masthead crop; keep the key visual in the upper third and center 70% width.,city_place_requires_unique_realistic_hero,"Generate owned/licensed hero, crop to repo target, wire heroImageName through source/resources/SQLite, and capture simulator proof.","Create a super-realistic app-owned hero photo for a Vietnamese travel phrasebook, matching the premium real-life menu-item hero image quality. No readable text, no logos, no watermarks, no faces as the subject. Keep the main landmark/object recognizable inside the upper third because the iOS masthead crops a shallow horizontal band. Show Bến xe Miền Tây / Mien Tay Bus Station with the real visual cue a first-time traveler would recognize. Specific subject guidance: Busy bus terminal with Mekong-route coaches, Saigon daylight, realistic photo.","no readable text, no watermark, no logos, no fake signs, no unrelated Ha Long Bay/karst imagery for city-specific pages, no people as the main subject",Simulator screenshot plus phone spot-check before DONE,shared or legacy fallback; replace with unique app-owned generated realistic asset,docs/editorial-exports/viet-image-assets/hero-image-production-001/generated_hero_assets.json,Generate a unique realistic menu-quality image for this exact city noun; do not reuse the city masthead or another place image.
P0,NEEDS_UNIQUE_REALISTIC_ASSET,viet-family-city-hanoi-place-my-dinh-bus-station,Bến xe Mỹ Đình / My Dinh Bus Station,landmark,HeroCityHanoi,HeroCityHanoiPlaceMyDinhBusStation,native-ios/Resources/Assets.xcassets/HeroCityHanoi.imageset/hero-city-hanoi.png,,853 x 1844,,853 x 1844,>= 1600 x 2400 preferred,PhraseListingView HeroMastheadImage,"center 50%, upper 25-35%; landmark silhouette must be recognizable",Recognizable subject must survive the top 276pt masthead crop; keep the key visual in the upper third and center 70% width.,city_place_requires_unique_realistic_hero,"Generate owned/licensed hero, crop to repo target, wire heroImageName through source/resources/SQLite, and capture simulator proof.","Create a super-realistic app-owned hero photo for a Vietnamese travel phrasebook, matching the premium real-life menu-item hero image quality. No readable text, no logos, no watermarks, no faces as the subject. Keep the main landmark/object recognizable inside the upper third because the iOS masthead crops a shallow horizontal band. Show Bến xe Mỹ Đình / My Dinh Bus Station with the real visual cue a first-time traveler would recognize. Specific subject guidance: Busy Vietnamese bus station forecourt with coaches and signs, realistic photo.","no readable text, no watermark, no logos, no fake signs, no unrelated Ha Long Bay/karst imagery for city-specific pages, no people as the main subject",Simulator screenshot plus phone spot-check before DONE,shared or legacy fallback; replace with unique app-owned generated realistic asset,docs/editorial-exports/viet-image-assets/hero-image-production-001/generated_hero_assets.json,Generate a unique realistic menu-quality image for this exact city noun; do not reuse the city masthead or another place image.
P0,NEEDS_UNIQUE_REALISTIC_ASSET,viet-family-city-hanoi-place-nuoc-ngam-bus-station,Bến xe Nước Ngầm / Nuoc Ngam Bus Station,landmark,HeroCityHanoi,HeroCityHanoiPlaceNuocNgamBusStation,native-ios/Resources/Assets.xcassets/HeroCityHanoi.imageset/hero-city-hanoi.png,,853 x 1844,,853 x 1844,>= 1600 x 2400 preferred,PhraseListingView HeroMastheadImage,"center 50%, upper 25-35%; landmark silhouette must be recognizable",Recognizable subject must survive the top 276pt masthead crop; keep the key visual in the upper third and center 70% width.,city_place_requires_unique_realistic_hero,"Generate owned/licensed hero, crop to repo target, wire heroImageName through source/resources/SQLite, and capture simulator proof.","Create a super-realistic app-owned hero photo for a Vietnamese travel phrasebook, matching the premium real-life menu-item hero image quality. No readable text, no logos, no watermarks, no faces as the subject. Keep the main landmark/object recognizable inside the upper third because the iOS masthead crops a shallow horizontal band. Show Bến xe Nước Ngầm / Nuoc Ngam Bus Station with the real visual cue a first-time traveler would recognize. Specific subject guidance: Vietnamese intercity bus terminal exterior with buses and signage, realistic photo.","no readable text, no watermark, no logos, no fake signs, no unrelated Ha Long Bay/karst imagery for city-specific pages, no people as the main subject",Simulator screenshot plus phone spot-check before DONE,shared or legacy fallback; replace with unique app-owned generated realistic asset,docs/editorial-exports/viet-image-assets/hero-image-production-001/generated_hero_assets.json,Generate a unique realistic menu-quality image for this exact city noun; do not reuse the city masthead or another place image.
P0,NEEDS_UNIQUE_REALISTIC_ASSET,viet-family-city-hue-place-northern-bus-station,Bến xe phía Bắc Huế / Hue Northern Bus Station,landmark,HeroCityHue,HeroCityHuePlaceNorthernBusStation,native-ios/Resources/Assets.xcassets/HeroCityHue.imageset/hero-city-hue.png,,853 x 1844,,853 x 1844,>= 1600 x 2400 preferred,PhraseListingView HeroMastheadImage,"center 50%, upper 25-35%; landmark silhouette must be recognizable",Recognizable subject must survive the top 276pt masthead crop; keep the key visual in the upper third and center 70% width.,city_place_requires_unique_realistic_hero,"Generate owned/licensed hero, crop to repo target, wire heroImageName through source/resources/SQLite, and capture simulator proof.","Create a super-realistic app-owned hero photo for a Vietnamese travel phrasebook, matching the premium real-life menu-item hero image quality. No readable text, no logos, no watermarks, no faces as the subject. Keep the main landmark/object recognizable inside the upper third because the iOS masthead crops a shallow horizontal band. Show Bến xe phía Bắc Huế / Hue Northern Bus Station with the real visual cue a first-time traveler would recognize. Specific subject guidance: Photorealistic bus terminal driveway with northbound coach buses and clear local station sign.","no readable text, no watermark, no logos, no fake signs, no unrelated Ha Long Bay/karst imagery for city-specific pages, no people as the main subject",Simulator screenshot plus phone spot-check before DONE,shared or legacy fallback; replace with unique app-owned generated realistic asset,docs/editorial-exports/viet-image-assets/hero-image-production-001/generated_hero_assets.json,Generate a unique realistic menu-quality image for this exact city noun; do not reuse the city masthead or another place image.
P0,NEEDS_UNIQUE_REALISTIC_ASSET,viet-family-city-hue-place-southern-bus-station,Bến xe phía Nam Huế / Hue Southern Bus Station,landmark,HeroCityHue,HeroCityHuePlaceSouthernBusStation,native-ios/Resources/Assets.xcassets/HeroCityHue.imageset/hero-city-hue.png,,853 x 1844,,853 x 1844,>= 1600 x 2400 preferred,PhraseListingView HeroMastheadImage,"center 50%, upper 25-35%; landmark silhouette must be recognizable",Recognizable subject must survive the top 276pt masthead crop; keep the key visual in the upper third and center 70% width.,city_place_requires_unique_realistic_hero,"Generate owned/licensed hero, crop to repo target, wire heroImageName through source/resources/SQLite, and capture simulator proof.","Create a super-realistic app-owned hero photo for a Vietnamese travel phrasebook, matching the premium real-life menu-item hero image quality. No readable text, no logos, no watermarks, no faces as the subject. Keep the main landmark/object recognizable inside the upper third because the iOS masthead crops a shallow horizontal band. Show Bến xe phía Nam Huế / Hue Southern Bus Station with the real visual cue a first-time traveler would recognize. Specific subject guidance: Photorealistic Vietnamese intercity bus station entrance with blue signage, buses, and travelers.","no readable text, no watermark, no logos, no fake signs, no unrelated Ha Long Bay/karst imagery for city-specific pages, no people as the main subject",Simulator screenshot plus phone spot-check before DONE,shared or legacy fallback; replace with unique app-owned generated realistic asset,docs/editorial-exports/viet-image-assets/hero-image-production-001/generated_hero_assets.json,Generate a unique realistic menu-quality image for this exact city noun; do not reuse the city masthead or another place image.
P0,NEEDS_UNIQUE_REALISTIC_ASSET,viet-family-city-danang-place-central-bus-station,Bến xe Trung tâm Đà Nẵng / Da Nang Central Bus Station,landmark,HeroCityDanang,HeroCityDanangPlaceCentralBusStation,native-ios/Resources/Assets.xcassets/HeroCityDanang.imageset/hero-city-danang.png,,853 x 1844,,853 x 1844,>= 1600 x 2400 preferred,PhraseListingView HeroMastheadImage,"center 50%, upper 25-35%; landmark silhouette must be recognizable",Recognizable subject must survive the top 276pt masthead crop; keep the key visual in the upper third and center 70% width.,city_place_requires_unique_realistic_hero,"Generate owned/licensed hero, crop to repo target, wire heroImageName through source/resources/SQLite, and capture simulator proof.","Create a super-realistic app-owned hero photo for a Vietnamese travel phrasebook, matching the premium real-life menu-item hero image quality. No readable text, no logos, no watermarks, no faces as the subject. Keep the main landmark/object recognizable inside the upper third because the iOS masthead crops a shallow horizontal band. Show Bến xe Trung tâm Đà Nẵng / Da Nang Central Bus Station with the real visual cue a first-time traveler would recognize. Specific subject guidance: Photorealistic owned asset: bus station forecourt with coaches and shaded waiting area, no company names.","no readable text, no watermark, no logos, no fake signs, no unrelated Ha Long Bay/karst imagery for city-specific pages, no people as the main subject",Simulator screenshot plus phone spot-check before DONE,shared or legacy fallback; replace with unique app-owned generated realistic asset,docs/editorial-exports/viet-image-assets/hero-image-production-001/generated_hero_assets.json,Generate a unique realistic menu-quality image for this exact city noun; do not reuse the city masthead or another place image.
P0,NEEDS_UNIQUE_REALISTIC_ASSET,viet-family-city-hoian-place-an-bang,Biển An Bàng / An Bang Beach,landmark,HeroCityHoian,HeroCityHoianPlaceAnBangBeach,native-ios/Resources/Assets.xcassets/HeroCityHoian.imageset/hero-city-hoian.png,,853 x 1844,,853 x 1844,>= 1600 x 2400 preferred,PhraseListingView HeroMastheadImage,"center 50%, upper 25-35%; landmark silhouette must be recognizable",Recognizable subject must survive the top 276pt masthead crop; keep the key visual in the upper third and center 70% width.,city_place_requires_unique_realistic_hero,"Generate owned/licensed hero, crop to repo target, wire heroImageName through source/resources/SQLite, and capture simulator proof.","Create a super-realistic app-owned hero photo for a Vietnamese travel phrasebook, matching the premium real-life menu-item hero image quality. No readable text, no logos, no watermarks, no faces as the subject. Keep the main landmark/object recognizable inside the upper third because the iOS masthead crops a shallow horizontal band. Show Biển An Bàng / An Bang Beach with the real visual cue a first-time traveler would recognize. Specific subject guidance: Photorealistic owned asset: An Bang-style sandy beach with basket boats and gentle waves, sunny morning, no logos.","no readable text, no watermark, no logos, no fake signs, no unrelated Ha Long Bay/karst imagery for city-specific pages, no people as the main subject",Simulator screenshot plus phone spot-check before DONE,shared or legacy fallback; replace with unique app-owned generated realistic asset,docs/editorial-exports/viet-image-assets/hero-image-production-001/generated_hero_assets.json,Generate a unique realistic menu-quality image for this exact city noun; do not reuse the city masthead or another place image.
P0,NEEDS_UNIQUE_REALISTIC_ASSET,viet-family-city-hoian-place-cua-dai-beach,Biển Cửa Đại / Cua Dai Beach,landmark,HeroCityHoian,HeroCityHoianPlaceCuaDaiBeach,native-ios/Resources/Assets.xcassets/HeroCityHoian.imageset/hero-city-hoian.png,,853 x 1844,,853 x 1844,>= 1600 x 2400 preferred,PhraseListingView HeroMastheadImage,"center 50%, upper 25-35%; landmark silhouette must be recognizable",Recognizable subject must survive the top 276pt masthead crop; keep the key visual in the upper third and center 70% width.,city_place_requires_unique_realistic_hero,"Generate owned/licensed hero, crop to repo target, wire heroImageName through source/resources/SQLite, and capture simulator proof.","Create a super-realistic app-owned hero photo for a Vietnamese travel phrasebook, matching the premium real-life menu-item hero image quality. No readable text, no logos, no watermarks, no faces as the subject. Keep the main landmark/object recognizable inside the upper third because the iOS masthead crops a shallow horizontal band. Show Biển Cửa Đại / Cua Dai Beach with the real visual cue a first-time traveler would recognize. Specific subject guidance: Photorealistic owned asset: quieter coastal beach with boats and low waves, overcast soft light.","no readable text, no watermark, no logos, no fake signs, no unrelated Ha Long Bay/karst imagery for city-specific pages, no people as the main subject",Simulator screenshot plus phone spot-check before DONE,shared or legacy fallback; replace with unique app-owned generated realistic asset,docs/editorial-exports/viet-image-assets/hero-image-production-001/generated_hero_assets.json,Generate a unique realistic menu-quality image for this exact city noun; do not reuse the city masthead or another place image.
P0,NEEDS_UNIQUE_REALISTIC_ASSET,viet-family-city-danang-place-man-thai-beach,Biển Mân Thái / Man Thai Beach,landmark,HeroCityDanang,HeroCityDanangPlaceManThaiBeach,native-ios/Resources/Assets.xcassets/HeroCityDanang.imageset/hero-city-danang.png,,853 x 1844,,853 x 1844,>= 1600 x 2400 preferred,PhraseListingView HeroMastheadImage,"center 50%, upper 25-35%; landmark silhouette must be recognizable",Recognizable subject must survive the top 276pt masthead crop; keep the key visual in the upper third and center 70% width.,city_place_requires_unique_realistic_hero,"Generate owned/licensed hero, crop to repo target, wire heroImageName through source/resources/SQLite, and capture simulator proof.","Create a super-realistic app-owned hero photo for a Vietnamese travel phrasebook, matching the premium real-life menu-item hero image quality. No readable text, no logos, no watermarks, no faces as the subject. Keep the main landmark/object recognizable inside the upper third because the iOS masthead crops a shallow horizontal band. Show Biển Mân Thái / Man Thai Beach with the real visual cue a first-time traveler would recognize. Specific subject guidance: Photorealistic owned asset: local fishing boats on a quiet beach with Son Tra hills behind, early morning.","no readable text, no watermark, no logos, no fake signs, no unrelated Ha Long Bay/karst imagery for city-specific pages, no people as the main subject",Simulator screenshot plus phone spot-check before DONE,shared or legacy fallback; replace with unique app-owned generated realistic asset,docs/editorial-exports/viet-image-assets/hero-image-production-001/generated_hero_assets.json,Generate a unique realistic menu-quality image for this exact city noun; do not reuse the city masthead or another place image.
P0,NEEDS_UNIQUE_REALISTIC_ASSET,viet-family-city-danang-place-my-an-beach,Biển Mỹ An / My An Beach,landmark,HeroCityDanang,HeroCityDanangPlaceMyAnBeach,native-ios/Resources/Assets.xcassets/HeroCityDanang.imageset/hero-city-danang.png,,853 x 1844,,853 x 1844,>= 1600 x 2400 preferred,PhraseListingView HeroMastheadImage,"center 50%, upper 25-35%; landmark silhouette must be recognizable",Recognizable subject must survive the top 276pt masthead crop; keep the key visual in the upper third and center 70% width.,city_place_requires_unique_realistic_hero,"Generate owned/licensed hero, crop to repo target, wire heroImageName through source/resources/SQLite, and capture simulator proof.","Create a super-realistic app-owned hero photo for a Vietnamese travel phrasebook, matching the premium real-life menu-item hero image quality. No readable text, no logos, no watermarks, no faces as the subject. Keep the main landmark/object recognizable inside the upper third because the iOS masthead crops a shallow horizontal band. Show Biển Mỹ An / My An Beach with the real visual cue a first-time traveler would recognize. Specific subject guidance: Photorealistic owned asset: quieter beach entrance with umbrellas and low-rise hotels, sunny but natural.","no readable text, no watermark, no logos, no fake signs, no unrelated Ha Long Bay/karst imagery for city-specific pages, no people as the main subject",Simulator screenshot plus phone spot-check before DONE,shared or legacy fallback; replace with unique app-owned generated realistic asset,docs/editorial-exports/viet-image-assets/hero-image-production-001/generated_hero_assets.json,Generate a unique realistic menu-quality image for this exact city noun; do not reuse the city masthead or another place image.
P0,NEEDS_UNIQUE_REALISTIC_ASSET,viet-family-city-danang-place-my-khe,Biển Mỹ Khê / My Khe Beach,landmark,HeroCityDanang,HeroCityDanangPlaceMyKheBeach,native-ios/Resources/Assets.xcassets/HeroCityDanang.imageset/hero-city-danang.png,,853 x 1844,,853 x 1844,>= 1600 x 2400 preferred,PhraseListingView HeroMastheadImage,"center 50%, upper 25-35%; landmark silhouette must be recognizable",Recognizable subject must survive the top 276pt masthead crop; keep the key visual in the upper third and center 70% width.,city_place_requires_unique_realistic_hero,"Generate owned/licensed hero, crop to repo target, wire heroImageName through source/resources/SQLite, and capture simulator proof.","Create a super-realistic app-owned hero photo for a Vietnamese travel phrasebook, matching the premium real-life menu-item hero image quality. No readable text, no logos, no watermarks, no faces as the subject. Keep the main landmark/object recognizable inside the upper third because the iOS masthead crops a shallow horizontal band. Show Biển Mỹ Khê / My Khe Beach with the real visual cue a first-time traveler would recognize. Specific subject guidance: Photorealistic owned asset: wide sandy beach with gentle waves and city skyline in distance, sunrise, no crowded foreground.","no readable text, no watermark, no logos, no fake signs, no unrelated Ha Long Bay/karst imagery for city-specific pages, no people as the main subject",Simulator screenshot plus phone spot-check before DONE,shared or legacy fallback; replace with unique app-owned generated realistic asset,docs/editorial-exports/viet-image-assets/hero-image-production-001/generated_hero_assets.json,Generate a unique realistic menu-quality image for this exact city noun; do not reuse the city masthead or another place image.
P0,NEEDS_UNIQUE_REALISTIC_ASSET,viet-family-city-danang-place-non-nuoc-beach,Biển Non Nước / Non Nuoc Beach,landmark,HeroCityDanang,HeroCityDanangPlaceNonNuocBeach,native-ios/Resources/Assets.xcassets/HeroCityDanang.imageset/hero-city-danang.png,,853 x 1844,,853 x 1844,>= 1600 x 2400 preferred,PhraseListingView HeroMastheadImage,"center 50%, upper 25-35%; landmark silhouette must be recognizable",Recognizable subject must survive the top 276pt masthead crop; keep the key visual in the upper third and center 70% width.,city_place_requires_unique_realistic_hero,"Generate owned/licensed hero, crop to repo target, wire heroImageName through source/resources/SQLite, and capture simulator proof.","Create a super-realistic app-owned hero photo for a Vietnamese travel phrasebook, matching the premium real-life menu-item hero image quality. No readable text, no logos, no watermarks, no faces as the subject. Keep the main landmark/object recognizable inside the upper third because the iOS masthead crops a shallow horizontal band. Show Biển Non Nước / Non Nuoc Beach with the real visual cue a first-time traveler would recognize. Specific subject guidance: Photorealistic owned asset: quiet beach below limestone hills, white sand, soft cloudy daylight.","no readable text, no watermark, no logos, no fake signs, no unrelated Ha Long Bay/karst imagery for city-specific pages, no people as the main subject",Simulator screenshot plus phone spot-check before DONE,shared or legacy fallback; replace with unique app-owned generated realistic asset,docs/editorial-exports/viet-image-assets/hero-image-production-001/generated_hero_assets.json,Generate a unique realistic menu-quality image for this exact city noun; do not reuse the city masthead or another place image.
P0,NEEDS_UNIQUE_REALISTIC_ASSET,viet-family-city-danang-place-pham-van-dong-beach,Biển Phạm Văn Đồng / Pham Van Dong Beach,landmark,HeroCityDanang,HeroCityDanangPlacePhamVanDongBeach,native-ios/Resources/Assets.xcassets/HeroCityDanang.imageset/hero-city-danang.png,,853 x 1844,,853 x 1844,>= 1600 x 2400 preferred,PhraseListingView HeroMastheadImage,"center 50%, upper 25-35%; landmark silhouette must be recognizable",Recognizable subject must survive the top 276pt masthead crop; keep the key visual in the upper third and center 70% width.,city_place_requires_unique_realistic_hero,"Generate owned/licensed hero, crop to repo target, wire heroImageName through source/resources/SQLite, and capture simulator proof.","Create a super-realistic app-owned hero photo for a Vietnamese travel phrasebook, matching the premium real-life menu-item hero image quality. No readable text, no logos, no watermarks, no faces as the subject. Keep the main landmark/object recognizable inside the upper third because the iOS masthead crops a shallow horizontal band. Show Biển Phạm Văn Đồng / Pham Van Dong Beach with the real visual cue a first-time traveler would recognize. Specific subject guidance: Photorealistic owned asset: urban beach park with palms and sand, bright morning, no signage.","no readable text, no watermark, no logos, no fake signs, no unrelated Ha Long Bay/karst imagery for city-specific pages, no people as the main subject",Simulator screenshot plus phone spot-check before DONE,shared or legacy fallback; replace with unique app-owned generated realistic asset,docs/editorial-exports/viet-image-assets/hero-image-production-001/generated_hero_assets.json,Generate a unique realistic menu-quality image for this exact city noun; do not reuse the city masthead or another place image.
P0,NEEDS_UNIQUE_REALISTIC_ASSET,viet-family-city-danang-place-thanh-binh-beach,Biển Thanh Bình / Thanh Binh Beach,landmark,HeroCityDanang,HeroCityDanangPlaceThanhBinhBeach,native-ios/Resources/Assets.xcassets/HeroCityDanang.imageset/hero-city-danang.png,,853 x 1844,,853 x 1844,>= 1600 x 2400 preferred,PhraseListingView HeroMastheadImage,"center 50%, upper 25-35%; landmark silhouette must be recognizable",Recognizable subject must survive the top 276pt masthead crop; keep the key visual in the upper third and center 70% width.,city_place_requires_unique_realistic_hero,"Generate owned/licensed hero, crop to repo target, wire heroImageName through source/resources/SQLite, and capture simulator proof.","Create a super-realistic app-owned hero photo for a Vietnamese travel phrasebook, matching the premium real-life menu-item hero image quality. No readable text, no logos, no watermarks, no faces as the subject. Keep the main landmark/object recognizable inside the upper third because the iOS masthead crops a shallow horizontal band. Show Biển Thanh Bình / Thanh Binh Beach with the real visual cue a first-time traveler would recognize. Specific subject guidance: Photorealistic owned asset: calm bay beach near city buildings with fishing boats, overcast morning.","no readable text, no watermark, no logos, no fake signs, no unrelated Ha Long Bay/karst imagery for city-specific pages, no people as the main subject",Simulator screenshot plus phone spot-check before DONE,shared or legacy fallback; replace with unique app-owned generated realistic asset,docs/editorial-exports/viet-image-assets/hero-image-production-001/generated_hero_assets.json,Generate a unique realistic menu-quality image for this exact city noun; do not reuse the city masthead or another place image.
P0,NEEDS_UNIQUE_REALISTIC_ASSET,viet-family-city-hcmc-place-thu-thiem-riverfront,Bờ sông Thủ Thiêm / Thu Thiem riverfront,landmark,HeroCityHcmc,HeroCityHcmcPlaceThuThiemRiverfront,native-ios/Resources/Assets.xcassets/HeroCityHcmc.imageset/hero-city-hcmc.png,,853 x 1844,,853 x 1844,>= 1600 x 2400 preferred,PhraseListingView HeroMastheadImage,"center 50%, upper 25-35%; landmark silhouette must be recognizable",Recognizable subject must survive the top 276pt masthead crop; keep the key visual in the upper third and center 70% width.,city_place_requires_unique_realistic_hero,"Generate owned/licensed hero, crop to repo target, wire heroImageName through source/resources/SQLite, and capture simulator proof.","Create a super-realistic app-owned hero photo for a Vietnamese travel phrasebook, matching the premium real-life menu-item hero image quality. No readable text, no logos, no watermarks, no faces as the subject. Keep the main landmark/object recognizable inside the upper third because the iOS masthead crops a shallow horizontal band. Show Bờ sông Thủ Thiêm / Thu Thiem riverfront with the real visual cue a first-time traveler would recognize. Specific subject guidance: Thu Thiem riverfront view toward District 1 skyline at dusk, realistic photo.","no readable text, no watermark, no logos, no fake signs, no unrelated Ha Long Bay/karst imagery for city-specific pages, no people as the main subject",Simulator screenshot plus phone spot-check before DONE,shared or legacy fallback; replace with unique app-owned generated realistic asset,docs/editorial-exports/viet-image-assets/hero-image-production-001/generated_hero_assets.json,Generate a unique realistic menu-quality image for this exact city noun; do not reuse the city masthead or another place image.
P0,NEEDS_UNIQUE_REALISTIC_ASSET,viet-family-city-hcmc-place-post-office,Bưu điện Thành phố / Saigon Central Post Office,landmark,HeroCityHcmc,HeroCityHcmcPlaceCentralPostOffice,native-ios/Resources/Assets.xcassets/HeroCityHcmc.imageset/hero-city-hcmc.png,,853 x 1844,,853 x 1844,>= 1600 x 2400 preferred,PhraseListingView HeroMastheadImage,"center 50%, upper 25-35%; landmark silhouette must be recognizable",Recognizable subject must survive the top 276pt masthead crop; keep the key visual in the upper third and center 70% width.,city_place_requires_unique_realistic_hero,"Generate owned/licensed hero, crop to repo target, wire heroImageName through source/resources/SQLite, and capture simulator proof.","Create a super-realistic app-owned hero photo for a Vietnamese travel phrasebook, matching the premium real-life menu-item hero image quality. No readable text, no logos, no watermarks, no faces as the subject. Keep the main landmark/object recognizable inside the upper third because the iOS masthead crops a shallow horizontal band. Show Bưu điện Thành phố / Saigon Central Post Office with the real visual cue a first-time traveler would recognize. Specific subject guidance: Yellow Saigon Central Post Office facade with pedestrians and scooters, realistic photo.","no readable text, no watermark, no logos, no fake signs, no unrelated Ha Long Bay/karst imagery for city-specific pages, no people as the main subject",Simulator screenshot plus phone spot-check before DONE,shared or legacy fallback; replace with unique app-owned generated realistic asset,docs/editorial-exports/viet-image-assets/hero-image-production-001/generated_hero_assets.json,Generate a unique realistic menu-quality image for this exact city noun; do not reuse the city masthead or another place image.
P0,NEEDS_UNIQUE_REALISTIC_ASSET,viet-family-city-hoian-place-cam-chau,Cẩm Châu / Cam Chau,landmark,HeroCityHoian,HeroCityHoianPlaceCamChau,native-ios/Resources/Assets.xcassets/HeroCityHoian.imageset/hero-city-hoian.png,,853 x 1844,,853 x 1844,>= 1600 x 2400 preferred,PhraseListingView HeroMastheadImage,"center 50%, upper 25-35%; landmark silhouette must be recognizable",Recognizable subject must survive the top 276pt masthead crop; keep the key visual in the upper third and center 70% width.,city_place_requires_unique_realistic_hero,"Generate owned/licensed hero, crop to repo target, wire heroImageName through source/resources/SQLite, and capture simulator proof.","Create a super-realistic app-owned hero photo for a Vietnamese travel phrasebook, matching the premium real-life menu-item hero image quality. No readable text, no logos, no watermarks, no faces as the subject. Keep the main landmark/object recognizable inside the upper third because the iOS masthead crops a shallow horizontal band. Show Cẩm Châu / Cam Chau with the real visual cue a first-time traveler would recognize. Specific subject guidance: Photorealistic owned asset: quiet Hoi An neighborhood lane with gardens and bicycles, morning light.","no readable text, no watermark, no logos, no fake signs, no unrelated Ha Long Bay/karst imagery for city-specific pages, no people as the main subject",Simulator screenshot plus phone spot-check before DONE,shared or legacy fallback; replace with unique app-owned generated realistic asset,docs/editorial-exports/viet-image-assets/hero-image-production-001/generated_hero_assets.json,Generate a unique realistic menu-quality image for this exact city noun; do not reuse the city masthead or another place image.
P0,NEEDS_UNIQUE_REALISTIC_ASSET,viet-family-city-hoian-place-cam-kim-island,Cẩm Kim / Cam Kim Island,landmark,HeroCityHoian,HeroCityHoianPlaceCamKimIsland,native-ios/Resources/Assets.xcassets/HeroCityHoian.imageset/hero-city-hoian.png,,853 x 1844,,853 x 1844,>= 1600 x 2400 preferred,PhraseListingView HeroMastheadImage,"center 50%, upper 25-35%; landmark silhouette must be recognizable",Recognizable subject must survive the top 276pt masthead crop; keep the key visual in the upper third and center 70% width.,city_place_requires_unique_realistic_hero,"Generate owned/licensed hero, crop to repo target, wire heroImageName through source/resources/SQLite, and capture simulator proof.","Create a super-realistic app-owned hero photo for a Vietnamese travel phrasebook, matching the premium real-life menu-item hero image quality. No readable text, no logos, no watermarks, no faces as the subject. Keep the main landmark/object recognizable inside the upper third because the iOS masthead crops a shallow horizontal band. Show Cẩm Kim / Cam Kim Island with the real visual cue a first-time traveler would recognize. Specific subject guidance: Photorealistic owned asset: quiet island road with river, fields, and small homes, soft afternoon.","no readable text, no watermark, no logos, no fake signs, no unrelated Ha Long Bay/karst imagery for city-specific pages, no people as the main subject",Simulator screenshot plus phone spot-check before DONE,shared or legacy fallback; replace with unique app-owned generated realistic asset,docs/editorial-exports/viet-image-assets/hero-image-production-001/generated_hero_assets.json,Generate a unique realistic menu-quality image for this exact city noun; do not reuse the city masthead or another place image.
P0,NEEDS_UNIQUE_REALISTIC_ASSET,viet-family-city-hoian-place-cam-nam,Cẩm Nam / Cam Nam,landmark,HeroCityHoian,HeroCityHoianPlaceCamNam,native-ios/Resources/Assets.xcassets/HeroCityHoian.imageset/hero-city-hoian.png,,853 x 1844,,853 x 1844,>= 1600 x 2400 preferred,PhraseListingView HeroMastheadImage,"center 50%, upper 25-35%; landmark silhouette must be recognizable",Recognizable subject must survive the top 276pt masthead crop; keep the key visual in the upper third and center 70% width.,city_place_requires_unique_realistic_hero,"Generate owned/licensed hero, crop to repo target, wire heroImageName through source/resources/SQLite, and capture simulator proof.","Create a super-realistic app-owned hero photo for a Vietnamese travel phrasebook, matching the premium real-life menu-item hero image quality. No readable text, no logos, no watermarks, no faces as the subject. Keep the main landmark/object recognizable inside the upper third because the iOS masthead crops a shallow horizontal band. Show Cẩm Nam / Cam Nam with the real visual cue a first-time traveler would recognize. Specific subject guidance: Photorealistic owned asset: small bridge and island lane with river glimpses, soft daylight.","no readable text, no watermark, no logos, no fake signs, no unrelated Ha Long Bay/karst imagery for city-specific pages, no people as the main subject",Simulator screenshot plus phone spot-check before DONE,shared or legacy fallback; replace with unique app-owned generated realistic asset,docs/editorial-exports/viet-image-assets/hero-image-production-001/generated_hero_assets.json,Generate a unique realistic menu-quality image for this exact city noun; do not reuse the city masthead or another place image.
P0,NEEDS_UNIQUE_REALISTIC_ASSET,viet-family-city-hoian-place-cam-pho,Cẩm Phô / Cam Pho,landmark,HeroCityHoian,HeroCityHoianPlaceCamPho,native-ios/Resources/Assets.xcassets/HeroCityHoian.imageset/hero-city-hoian.png,,853 x 1844,,853 x 1844,>= 1600 x 2400 preferred,PhraseListingView HeroMastheadImage,"center 50%, upper 25-35%; landmark silhouette must be recognizable",Recognizable subject must survive the top 276pt masthead crop; keep the key visual in the upper third and center 70% width.,city_place_requires_unique_realistic_hero,"Generate owned/licensed hero, crop to repo target, wire heroImageName through source/resources/SQLite, and capture simulator proof.","Create a super-realistic app-owned hero photo for a Vietnamese travel phrasebook, matching the premium real-life menu-item hero image quality. No readable text, no logos, no watermarks, no faces as the subject. Keep the main landmark/object recognizable inside the upper third because the iOS masthead crops a shallow horizontal band. Show Cẩm Phô / Cam Pho with the real visual cue a first-time traveler would recognize. Specific subject guidance: Photorealistic owned asset: residential Hoi An lane with tiled roofs and potted plants, overcast daylight.","no readable text, no watermark, no logos, no fake signs, no unrelated Ha Long Bay/karst imagery for city-specific pages, no people as the main subject",Simulator screenshot plus phone spot-check before DONE,shared or legacy fallback; replace with unique app-owned generated realistic asset,docs/editorial-exports/viet-image-assets/hero-image-production-001/generated_hero_assets.json,Generate a unique realistic menu-quality image for this exact city noun; do not reuse the city masthead or another place image.
P0,NEEDS_UNIQUE_REALISTIC_ASSET,viet-family-city-hoian-place-cam-thanh,Cẩm Thanh / Cam Thanh,landmark,HeroCityHoian,HeroCityHoianPlaceCamThanh,native-ios/Resources/Assets.xcassets/HeroCityHoian.imageset/hero-city-hoian.png,,853 x 1844,,853 x 1844,>= 1600 x 2400 preferred,PhraseListingView HeroMastheadImage,"center 50%, upper 25-35%; landmark silhouette must be recognizable",Recognizable subject must survive the top 276pt masthead crop; keep the key visual in the upper third and center 70% width.,city_place_requires_unique_realistic_hero,"Generate owned/licensed hero, crop to repo target, wire heroImageName through source/resources/SQLite, and capture simulator proof.","Create a super-realistic app-owned hero photo for a Vietnamese travel phrasebook, matching the premium real-life menu-item hero image quality. No readable text, no logos, no watermarks, no faces as the subject. Keep the main landmark/object recognizable inside the upper third because the iOS masthead crops a shallow horizontal band. Show Cẩm Thanh / Cam Thanh with the real visual cue a first-time traveler would recognize. Specific subject guidance: Photorealistic owned asset: palm-fringed lane near water coconut groves, late afternoon, no tour signage.","no readable text, no watermark, no logos, no fake signs, no unrelated Ha Long Bay/karst imagery for city-specific pages, no people as the main subject",Simulator screenshot plus phone spot-check before DONE,shared or legacy fallback; replace with unique app-owned generated realistic asset,docs/editorial-exports/viet-image-assets/hero-image-production-001/generated_hero_assets.json,Generate a unique realistic menu-quality image for this exact city noun; do not reuse the city masthead or another place image.
P0,NEEDS_UNIQUE_REALISTIC_ASSET,viet-family-city-danang-place-tien-sa-port,Cảng Tiên Sa / Tien Sa Port,landmark,HeroCityDanang,HeroCityDanangPlaceTienSaPort,native-ios/Resources/Assets.xcassets/HeroCityDanang.imageset/hero-city-danang.png,,853 x 1844,,853 x 1844,>= 1600 x 2400 preferred,PhraseListingView HeroMastheadImage,"center 50%, upper 25-35%; landmark silhouette must be recognizable",Recognizable subject must survive the top 276pt masthead crop; keep the key visual in the upper third and center 70% width.,city_place_requires_unique_realistic_hero,"Generate owned/licensed hero, crop to repo target, wire heroImageName through source/resources/SQLite, and capture simulator proof.","Create a super-realistic app-owned hero photo for a Vietnamese travel phrasebook, matching the premium real-life menu-item hero image quality. No readable text, no logos, no watermarks, no faces as the subject. Keep the main landmark/object recognizable inside the upper third because the iOS masthead crops a shallow horizontal band. Show Cảng Tiên Sa / Tien Sa Port with the real visual cue a first-time traveler would recognize. Specific subject guidance: Photorealistic owned asset: coastal port road with vessels in distance and green hills, documentary style, no logos.","no readable text, no watermark, no logos, no fake signs, no unrelated Ha Long Bay/karst imagery for city-specific pages, no people as the main subject",Simulator screenshot plus phone spot-check before DONE,shared or legacy fallback; replace with unique app-owned generated realistic asset,docs/editorial-exports/viet-image-assets/hero-image-production-001/generated_hero_assets.json,Generate a unique realistic menu-quality image for this exact city noun; do not reuse the city masthead or another place image.
P0,NEEDS_UNIQUE_REALISTIC_ASSET,viet-family-city-hoian-place-rice-fields,Cánh đồng Hội An / Hoi An rice fields,landmark,HeroCityHoian,HeroCityHoianPlaceRiceFields,native-ios/Resources/Assets.xcassets/HeroCityHoian.imageset/hero-city-hoian.png,,853 x 1844,,853 x 1844,>= 1600 x 2400 preferred,PhraseListingView HeroMastheadImage,"center 50%, upper 25-35%; landmark silhouette must be recognizable",Recognizable subject must survive the top 276pt masthead crop; keep the key visual in the upper third and center 70% width.,city_place_requires_unique_realistic_hero,"Generate owned/licensed hero, crop to repo target, wire heroImageName through source/resources/SQLite, and capture simulator proof.","Create a super-realistic app-owned hero photo for a Vietnamese travel phrasebook, matching the premium real-life menu-item hero image quality. No readable text, no logos, no watermarks, no faces as the subject. Keep the main landmark/object recognizable inside the upper third because the iOS masthead crops a shallow horizontal band. Show Cánh đồng Hội An / Hoi An rice fields with the real visual cue a first-time traveler would recognize. Specific subject guidance: Photorealistic owned asset: green rice fields with bicycle path and water buffalo silhouette, sunrise, no identifiable people.","no readable text, no watermark, no logos, no fake signs, no unrelated Ha Long Bay/karst imagery for city-specific pages, no people as the main subject",Simulator screenshot plus phone spot-check before DONE,shared or legacy fallback; replace with unique app-owned generated realistic asset,docs/editorial-exports/viet-image-assets/hero-image-production-001/generated_hero_assets.json,Generate a unique realistic menu-quality image for this exact city noun; do not reuse the city masthead or another place image.
P0,NEEDS_UNIQUE_REALISTIC_ASSET,viet-family-city-hoian-place-an-hoi-bridge,Cầu An Hội / An Hoi Bridge,landmark,HeroCityHoian,HeroCityHoianPlaceAnHoiBridge,native-ios/Resources/Assets.xcassets/HeroCityHoian.imageset/hero-city-hoian.png,,853 x 1844,,853 x 1844,>= 1600 x 2400 preferred,PhraseListingView HeroMastheadImage,"center 50%, upper 25-35%; landmark silhouette must be recognizable",Recognizable subject must survive the top 276pt masthead crop; keep the key visual in the upper third and center 70% width.,city_place_requires_unique_realistic_hero,"Generate owned/licensed hero, crop to repo target, wire heroImageName through source/resources/SQLite, and capture simulator proof.","Create a super-realistic app-owned hero photo for a Vietnamese travel phrasebook, matching the premium real-life menu-item hero image quality. No readable text, no logos, no watermarks, no faces as the subject. Keep the main landmark/object recognizable inside the upper third because the iOS masthead crops a shallow horizontal band. Show Cầu An Hội / An Hoi Bridge with the real visual cue a first-time traveler would recognize. Specific subject guidance: Photorealistic owned asset: pedestrian bridge over lantern-lit river between old town and An Hoi, evening, no crowds close-up.","no readable text, no watermark, no logos, no fake signs, no unrelated Ha Long Bay/karst imagery for city-specific pages, no people as the main subject",Simulator screenshot plus phone spot-check before DONE,shared or legacy fallback; replace with unique app-owned generated realistic asset,docs/editorial-exports/viet-image-assets/hero-image-production-001/generated_hero_assets.json,Generate a unique realistic menu-quality image for this exact city noun; do not reuse the city masthead or another place image.
P0,NEEDS_UNIQUE_REALISTIC_ASSET,viet-family-city-hanoi-place-long-bien-bridge,Cầu Long Biên / Long Bien Bridge,landmark,HeroCityHanoi,HeroCityHanoiPlaceLongBienBridge,native-ios/Resources/Assets.xcassets/HeroCityHanoi.imageset/hero-city-hanoi.png,,853 x 1844,,853 x 1844,>= 1600 x 2400 preferred,PhraseListingView HeroMastheadImage,"center 50%, upper 25-35%; landmark silhouette must be recognizable",Recognizable subject must survive the top 276pt masthead crop; keep the key visual in the upper third and center 70% width.,city_place_requires_unique_realistic_hero,"Generate owned/licensed hero, crop to repo target, wire heroImageName through source/resources/SQLite, and capture simulator proof.","Create a super-realistic app-owned hero photo for a Vietnamese travel phrasebook, matching the premium real-life menu-item hero image quality. No readable text, no logos, no watermarks, no faces as the subject. Keep the main landmark/object recognizable inside the upper third because the iOS masthead crops a shallow horizontal band. Show Cầu Long Biên / Long Bien Bridge with the real visual cue a first-time traveler would recognize. Specific subject guidance: Steel truss Long Bien Bridge over Red River, motorbikes, soft haze, realistic photo.","no readable text, no watermark, no logos, no fake signs, no unrelated Ha Long Bay/karst imagery for city-specific pages, no people as the main subject",Simulator screenshot plus phone spot-check before DONE,shared or legacy fallback; replace with unique app-owned generated realistic asset,docs/editorial-exports/viet-image-assets/hero-image-production-001/generated_hero_assets.json,Generate a unique realistic menu-quality image for this exact city noun; do not reuse the city masthead or another place image.
P0,NEEDS_UNIQUE_REALISTIC_ASSET,viet-family-city-hue-place-thanh-toan-bridge,Cầu ngói Thanh Toàn / Thanh Toan Bridge,landmark,HeroCityHue,HeroCityHuePlaceThanhToanBridge,native-ios/Resources/Assets.xcassets/HeroCityHue.imageset/hero-city-hue.png,,853 x 1844,,853 x 1844,>= 1600 x 2400 preferred,PhraseListingView HeroMastheadImage,"center 50%, upper 25-35%; landmark silhouette must be recognizable",Recognizable subject must survive the top 276pt masthead crop; keep the key visual in the upper third and center 70% width.,city_place_requires_unique_realistic_hero,"Generate owned/licensed hero, crop to repo target, wire heroImageName through source/resources/SQLite, and capture simulator proof.","Create a super-realistic app-owned hero photo for a Vietnamese travel phrasebook, matching the premium real-life menu-item hero image quality. No readable text, no logos, no watermarks, no faces as the subject. Keep the main landmark/object recognizable inside the upper third because the iOS masthead crops a shallow horizontal band. Show Cầu ngói Thanh Toàn / Thanh Toan Bridge with the real visual cue a first-time traveler would recognize. Specific subject guidance: Photorealistic tile-roof covered bridge over a small canal, village houses, bicycles nearby.","no readable text, no watermark, no logos, no fake signs, no unrelated Ha Long Bay/karst imagery for city-specific pages, no people as the main subject",Simulator screenshot plus phone spot-check before DONE,shared or legacy fallback; replace with unique app-owned generated realistic asset,docs/editorial-exports/viet-image-assets/hero-image-production-001/generated_hero_assets.json,Generate a unique realistic menu-quality image for this exact city noun; do not reuse the city masthead or another place image.
P0,NEEDS_UNIQUE_REALISTIC_ASSET,viet-family-city-danang-place-dragon-bridge,Cầu Rồng / Dragon Bridge,landmark,HeroDragonBridge,HeroCityDanangPlaceDragonBridge,native-ios/Resources/Assets.xcassets/HeroDragonBridge.imageset/hero-dragon-bridge.png,,853 x 1844,,853 x 1844,>= 1600 x 2400 preferred,PhraseListingView HeroMastheadImage,"center 50%, upper 25-35%; landmark silhouette must be recognizable",Recognizable subject must survive the top 276pt masthead crop; keep the key visual in the upper third and center 70% width.,city_place_requires_unique_realistic_hero,"Generate owned/licensed hero, crop to repo target, wire heroImageName through source/resources/SQLite, and capture simulator proof.","Create a super-realistic app-owned hero photo for a Vietnamese travel phrasebook, matching the premium real-life menu-item hero image quality. No readable text, no logos, no watermarks, no faces as the subject. Keep the main landmark/object recognizable inside the upper third because the iOS masthead crops a shallow horizontal band. Show Cầu Rồng / Dragon Bridge with the real visual cue a first-time traveler would recognize. Specific subject guidance: Photorealistic owned asset: Dragon Bridge over the Han River at blue hour, city lights, no crowds in foreground.","no readable text, no watermark, no logos, no fake signs, no unrelated Ha Long Bay/karst imagery for city-specific pages, no people as the main subject",Simulator screenshot plus phone spot-check before DONE,shared or legacy fallback; replace with unique app-owned generated realistic asset,docs/task-results/TASK-VIET-DRAGON-BRIDGE-HERO-ASSET-001.md,Created in TASK-VIET-DRAGON-BRIDGE-HERO-ASSET-001. Improve by checking whether the bridge stays recognizable inside the shallow masthead crop.
P0,NEEDS_UNIQUE_REALISTIC_ASSET,viet-family-city-danang-place-thuan-phuoc-bridge,Cầu Thuận Phước / Thuan Phuoc Bridge,landmark,HeroCityDanang,HeroCityDanangPlaceThuanPhuocBridge,native-ios/Resources/Assets.xcassets/HeroCityDanang.imageset/hero-city-danang.png,,853 x 1844,,853 x 1844,>= 1600 x 2400 preferred,PhraseListingView HeroMastheadImage,"center 50%, upper 25-35%; landmark silhouette must be recognizable",Recognizable subject must survive the top 276pt masthead crop; keep the key visual in the upper third and center 70% width.,city_place_requires_unique_realistic_hero,"Generate owned/licensed hero, crop to repo target, wire heroImageName through source/resources/SQLite, and capture simulator proof.","Create a super-realistic app-owned hero photo for a Vietnamese travel phrasebook, matching the premium real-life menu-item hero image quality. No readable text, no logos, no watermarks, no faces as the subject. Keep the main landmark/object recognizable inside the upper third because the iOS masthead crops a shallow horizontal band. Show Cầu Thuận Phước / Thuan Phuoc Bridge with the real visual cue a first-time traveler would recognize. Specific subject guidance: Photorealistic owned asset: broad suspension bridge at the river mouth, cloudy coastal light, no traffic close-ups.","no readable text, no watermark, no logos, no fake signs, no unrelated Ha Long Bay/karst imagery for city-specific pages, no people as the main subject",Simulator screenshot plus phone spot-check before DONE,shared or legacy fallback; replace with unique app-owned generated realistic asset,docs/editorial-exports/viet-image-assets/hero-image-production-001/generated_hero_assets.json,Generate a unique realistic menu-quality image for this exact city noun; do not reuse the city masthead or another place image.
P0,NEEDS_UNIQUE_REALISTIC_ASSET,viet-family-city-danang-place-love-bridge,Cầu Tình Yêu / Love Bridge,landmark,HeroCityDanang,HeroCityDanangPlaceLoveBridge,native-ios/Resources/Assets.xcassets/HeroCityDanang.imageset/hero-city-danang.png,,853 x 1844,,853 x 1844,>= 1600 x 2400 preferred,PhraseListingView HeroMastheadImage,"center 50%, upper 25-35%; landmark silhouette must be recognizable",Recognizable subject must survive the top 276pt masthead crop; keep the key visual in the upper third and center 70% width.,city_place_requires_unique_realistic_hero,"Generate owned/licensed hero, crop to repo target, wire heroImageName through source/resources/SQLite, and capture simulator proof.","Create a super-realistic app-owned hero photo for a Vietnamese travel phrasebook, matching the premium real-life menu-item hero image quality. No readable text, no logos, no watermarks, no faces as the subject. Keep the main landmark/object recognizable inside the upper third because the iOS masthead crops a shallow horizontal band. Show Cầu Tình Yêu / Love Bridge with the real visual cue a first-time traveler would recognize. Specific subject guidance: Photorealistic owned asset: pedestrian bridge railings with heart-shaped lamps near the river, evening, no branded locks close-up.","no readable text, no watermark, no logos, no fake signs, no unrelated Ha Long Bay/karst imagery for city-specific pages, no people as the main subject",Simulator screenshot plus phone spot-check before DONE,shared or legacy fallback; replace with unique app-owned generated realistic asset,docs/editorial-exports/viet-image-assets/hero-image-production-001/generated_hero_assets.json,Generate a unique realistic menu-quality image for this exact city noun; do not reuse the city masthead or another place image.
P0,NEEDS_UNIQUE_REALISTIC_ASSET,viet-family-city-danang-place-tran-thi-ly-bridge,Cầu Trần Thị Lý / Tran Thi Ly Bridge,landmark,HeroCityDanang,HeroCityDanangPlaceTranThiLyBridge,native-ios/Resources/Assets.xcassets/HeroCityDanang.imageset/hero-city-danang.png,,853 x 1844,,853 x 1844,>= 1600 x 2400 preferred,PhraseListingView HeroMastheadImage,"center 50%, upper 25-35%; landmark silhouette must be recognizable",Recognizable subject must survive the top 276pt masthead crop; keep the key visual in the upper third and center 70% width.,city_place_requires_unique_realistic_hero,"Generate owned/licensed hero, crop to repo target, wire heroImageName through source/resources/SQLite, and capture simulator proof.","Create a super-realistic app-owned hero photo for a Vietnamese travel phrasebook, matching the premium real-life menu-item hero image quality. No readable text, no logos, no watermarks, no faces as the subject. Keep the main landmark/object recognizable inside the upper third because the iOS masthead crops a shallow horizontal band. Show Cầu Trần Thị Lý / Tran Thi Ly Bridge with the real visual cue a first-time traveler would recognize. Specific subject guidance: Photorealistic owned asset: cable-stayed bridge silhouette over Han River in late afternoon, clean urban skyline.","no readable text, no watermark, no logos, no fake signs, no unrelated Ha Long Bay/karst imagery for city-specific pages, no people as the main subject",Simulator screenshot plus phone spot-check before DONE,shared or legacy fallback; replace with unique app-owned generated realistic asset,docs/editorial-exports/viet-image-assets/hero-image-production-001/generated_hero_assets.json,Generate a unique realistic menu-quality image for this exact city noun; do not reuse the city masthead or another place image.
P0,NEEDS_UNIQUE_REALISTIC_ASSET,viet-family-city-hue-place-truong-tien,Cầu Trường Tiền / Truong Tien Bridge,landmark,HeroCityHue,HeroCityHuePlaceTruongTienBridge,native-ios/Resources/Assets.xcassets/HeroCityHue.imageset/hero-city-hue.png,,853 x 1844,,853 x 1844,>= 1600 x 2400 preferred,PhraseListingView HeroMastheadImage,"center 50%, upper 25-35%; landmark silhouette must be recognizable",Recognizable subject must survive the top 276pt masthead crop; keep the key visual in the upper third and center 70% width.,city_place_requires_unique_realistic_hero,"Generate owned/licensed hero, crop to repo target, wire heroImageName through source/resources/SQLite, and capture simulator proof.","Create a super-realistic app-owned hero photo for a Vietnamese travel phrasebook, matching the premium real-life menu-item hero image quality. No readable text, no logos, no watermarks, no faces as the subject. Keep the main landmark/object recognizable inside the upper third because the iOS masthead crops a shallow horizontal band. Show Cầu Trường Tiền / Truong Tien Bridge with the real visual cue a first-time traveler would recognize. Specific subject guidance: Photorealistic arched white bridge over the Perfume River at blue hour with city lights.","no readable text, no watermark, no logos, no fake signs, no unrelated Ha Long Bay/karst imagery for city-specific pages, no people as the main subject",Simulator screenshot plus phone spot-check before DONE,shared or legacy fallback; replace with unique app-owned generated realistic asset,docs/editorial-exports/viet-image-assets/hero-image-production-001/generated_hero_assets.json,Generate a unique realistic menu-quality image for this exact city noun; do not reuse the city masthead or another place image.
P0,NEEDS_UNIQUE_REALISTIC_ASSET,viet-family-city-danang-place-golden-bridge,Cầu Vàng / Golden Bridge,landmark,HeroCityDanang,HeroCityDanangPlaceGoldenBridge,native-ios/Resources/Assets.xcassets/HeroCityDanang.imageset/hero-city-danang.png,,853 x 1844,,853 x 1844,>= 1600 x 2400 preferred,PhraseListingView HeroMastheadImage,"center 50%, upper 25-35%; landmark silhouette must be recognizable",Recognizable subject must survive the top 276pt masthead crop; keep the key visual in the upper third and center 70% width.,city_place_requires_unique_realistic_hero,"Generate owned/licensed hero, crop to repo target, wire heroImageName through source/resources/SQLite, and capture simulator proof.","Create a super-realistic app-owned hero photo for a Vietnamese travel phrasebook, matching the premium real-life menu-item hero image quality. No readable text, no logos, no watermarks, no faces as the subject. Keep the main landmark/object recognizable inside the upper third because the iOS masthead crops a shallow horizontal band. Show Cầu Vàng / Golden Bridge with the real visual cue a first-time traveler would recognize. Specific subject guidance: Photorealistic owned asset: golden pedestrian bridge held by stone hands above clouds, cinematic but realistic, no brand marks.","no readable text, no watermark, no logos, no fake signs, no unrelated Ha Long Bay/karst imagery for city-specific pages, no people as the main subject",Simulator screenshot plus phone spot-check before DONE,shared or legacy fallback; replace with unique app-owned generated realistic asset,docs/editorial-exports/viet-image-assets/hero-image-production-001/generated_hero_assets.json,Generate a unique realistic menu-quality image for this exact city noun; do not reuse the city masthead or another place image.
P0,NEEDS_UNIQUE_REALISTIC_ASSET,viet-family-city-hue-place-an-cuu-market,Chợ An Cựu / An Cuu Market,landmark,HeroCityHue,HeroCityHuePlaceAnCuuMarket,native-ios/Resources/Assets.xcassets/HeroCityHue.imageset/hero-city-hue.png,,853 x 1844,,853 x 1844,>= 1600 x 2400 preferred,PhraseListingView HeroMastheadImage,"center 50%, upper 25-35%; landmark silhouette must be recognizable",Recognizable subject must survive the top 276pt masthead crop; keep the key visual in the upper third and center 70% width.,city_place_requires_unique_realistic_hero,"Generate owned/licensed hero, crop to repo target, wire heroImageName through source/resources/SQLite, and capture simulator proof.","Create a super-realistic app-owned hero photo for a Vietnamese travel phrasebook, matching the premium real-life menu-item hero image quality. No readable text, no logos, no watermarks, no faces as the subject. Keep the main landmark/object recognizable inside the upper third because the iOS masthead crops a shallow horizontal band. Show Chợ An Cựu / An Cuu Market with the real visual cue a first-time traveler would recognize. Specific subject guidance: Photorealistic local Hue market entrance with fresh herbs, scooters, and everyday shoppers.","no readable text, no watermark, no logos, no fake signs, no unrelated Ha Long Bay/karst imagery for city-specific pages, no people as the main subject",Simulator screenshot plus phone spot-check before DONE,shared or legacy fallback; replace with unique app-owned generated realistic asset,docs/editorial-exports/viet-image-assets/hero-image-production-001/generated_hero_assets.json,Generate a unique realistic menu-quality image for this exact city noun; do not reuse the city masthead or another place image.
P0,NEEDS_UNIQUE_REALISTIC_ASSET,viet-family-city-hcmc-place-an-dong-market,Chợ An Đông / An Dong Market,landmark,HeroCityHcmc,HeroCityHcmcPlaceAnDongMarket,native-ios/Resources/Assets.xcassets/HeroCityHcmc.imageset/hero-city-hcmc.png,,853 x 1844,,853 x 1844,>= 1600 x 2400 preferred,PhraseListingView HeroMastheadImage,"center 50%, upper 25-35%; landmark silhouette must be recognizable",Recognizable subject must survive the top 276pt masthead crop; keep the key visual in the upper third and center 70% width.,city_place_requires_unique_realistic_hero,"Generate owned/licensed hero, crop to repo target, wire heroImageName through source/resources/SQLite, and capture simulator proof.","Create a super-realistic app-owned hero photo for a Vietnamese travel phrasebook, matching the premium real-life menu-item hero image quality. No readable text, no logos, no watermarks, no faces as the subject. Keep the main landmark/object recognizable inside the upper third because the iOS masthead crops a shallow horizontal band. Show Chợ An Đông / An Dong Market with the real visual cue a first-time traveler would recognize. Specific subject guidance: Multi-level local market with fabric and clothing stalls, realistic Saigon photo.","no readable text, no watermark, no logos, no fake signs, no unrelated Ha Long Bay/karst imagery for city-specific pages, no people as the main subject",Simulator screenshot plus phone spot-check before DONE,shared or legacy fallback; replace with unique app-owned generated realistic asset,docs/editorial-exports/viet-image-assets/hero-image-production-001/generated_hero_assets.json,Generate a unique realistic menu-quality image for this exact city noun; do not reuse the city masthead or another place image.
P0,NEEDS_UNIQUE_REALISTIC_ASSET,viet-family-city-danang-place-bac-my-an-market,Chợ Bắc Mỹ An / Bac My An Market,landmark,HeroCityDanang,HeroCityDanangPlaceBacMyAnMarket,native-ios/Resources/Assets.xcassets/HeroCityDanang.imageset/hero-city-danang.png,,853 x 1844,,853 x 1844,>= 1600 x 2400 preferred,PhraseListingView HeroMastheadImage,"center 50%, upper 25-35%; landmark silhouette must be recognizable",Recognizable subject must survive the top 276pt masthead crop; keep the key visual in the upper third and center 70% width.,city_place_requires_unique_realistic_hero,"Generate owned/licensed hero, crop to repo target, wire heroImageName through source/resources/SQLite, and capture simulator proof.","Create a super-realistic app-owned hero photo for a Vietnamese travel phrasebook, matching the premium real-life menu-item hero image quality. No readable text, no logos, no watermarks, no faces as the subject. Keep the main landmark/object recognizable inside the upper third because the iOS masthead crops a shallow horizontal band. Show Chợ Bắc Mỹ An / Bac My An Market with the real visual cue a first-time traveler would recognize. Specific subject guidance: Photorealistic owned asset: neighborhood wet market with produce baskets and breakfast stalls, early morning, no close-up faces.","no readable text, no watermark, no logos, no fake signs, no unrelated Ha Long Bay/karst imagery for city-specific pages, no people as the main subject",Simulator screenshot plus phone spot-check before DONE,shared or legacy fallback; replace with unique app-owned generated realistic asset,docs/editorial-exports/viet-image-assets/hero-image-production-001/generated_hero_assets.json,Generate a unique realistic menu-quality image for this exact city noun; do not reuse the city masthead or another place image.
P0,NEEDS_UNIQUE_REALISTIC_ASSET,viet-family-city-hue-place-ben-ngu-market,Chợ Bến Ngự / Ben Ngu Market,landmark,HeroCityHue,HeroCityHuePlaceBenNguMarket,native-ios/Resources/Assets.xcassets/HeroCityHue.imageset/hero-city-hue.png,,853 x 1844,,853 x 1844,>= 1600 x 2400 preferred,PhraseListingView HeroMastheadImage,"center 50%, upper 25-35%; landmark silhouette must be recognizable",Recognizable subject must survive the top 276pt masthead crop; keep the key visual in the upper third and center 70% width.,city_place_requires_unique_realistic_hero,"Generate owned/licensed hero, crop to repo target, wire heroImageName through source/resources/SQLite, and capture simulator proof.","Create a super-realistic app-owned hero photo for a Vietnamese travel phrasebook, matching the premium real-life menu-item hero image quality. No readable text, no logos, no watermarks, no faces as the subject. Keep the main landmark/object recognizable inside the upper third because the iOS masthead crops a shallow horizontal band. Show Chợ Bến Ngự / Ben Ngu Market with the real visual cue a first-time traveler would recognize. Specific subject guidance: Photorealistic neighborhood market with fruit, flowers, conical hats, and damp morning pavement.","no readable text, no watermark, no logos, no fake signs, no unrelated Ha Long Bay/karst imagery for city-specific pages, no people as the main subject",Simulator screenshot plus phone spot-check before DONE,shared or legacy fallback; replace with unique app-owned generated realistic asset,docs/editorial-exports/viet-image-assets/hero-image-production-001/generated_hero_assets.json,Generate a unique realistic menu-quality image for this exact city noun; do not reuse the city masthead or another place image.
P0,NEEDS_UNIQUE_REALISTIC_ASSET,viet-family-city-hcmc-place-ben-thanh-market,Chợ Bến Thành / Ben Thanh Market,landmark,HeroCityHcmc,HeroCityHcmcPlaceBenThanhMarket,native-ios/Resources/Assets.xcassets/HeroCityHcmc.imageset/hero-city-hcmc.png,,853 x 1844,,853 x 1844,>= 1600 x 2400 preferred,PhraseListingView HeroMastheadImage,"center 50%, upper 25-35%; landmark silhouette must be recognizable",Recognizable subject must survive the top 276pt masthead crop; keep the key visual in the upper third and center 70% width.,city_place_requires_unique_realistic_hero,"Generate owned/licensed hero, crop to repo target, wire heroImageName through source/resources/SQLite, and capture simulator proof.","Create a super-realistic app-owned hero photo for a Vietnamese travel phrasebook, matching the premium real-life menu-item hero image quality. No readable text, no logos, no watermarks, no faces as the subject. Keep the main landmark/object recognizable inside the upper third because the iOS masthead crops a shallow horizontal band. Show Chợ Bến Thành / Ben Thanh Market with the real visual cue a first-time traveler would recognize. Specific subject guidance: Ben Thanh Market clock-tower entrance with scooters and vendors, realistic photo.","no readable text, no watermark, no logos, no fake signs, no unrelated Ha Long Bay/karst imagery for city-specific pages, no people as the main subject",Simulator screenshot plus phone spot-check before DONE,shared or legacy fallback; replace with unique app-owned generated realistic asset,docs/editorial-exports/viet-image-assets/hero-image-production-001/generated_hero_assets.json,Generate a unique realistic menu-quality image for this exact city noun; do not reuse the city masthead or another place image.
P0,NEEDS_UNIQUE_REALISTIC_ASSET,viet-family-city-hcmc-place-binh-tay-market,Chợ Bình Tây / Binh Tay Market,landmark,HeroCityHcmc,HeroCityHcmcPlaceBinhTayMarket,native-ios/Resources/Assets.xcassets/HeroCityHcmc.imageset/hero-city-hcmc.png,,853 x 1844,,853 x 1844,>= 1600 x 2400 preferred,PhraseListingView HeroMastheadImage,"center 50%, upper 25-35%; landmark silhouette must be recognizable",Recognizable subject must survive the top 276pt masthead crop; keep the key visual in the upper third and center 70% width.,city_place_requires_unique_realistic_hero,"Generate owned/licensed hero, crop to repo target, wire heroImageName through source/resources/SQLite, and capture simulator proof.","Create a super-realistic app-owned hero photo for a Vietnamese travel phrasebook, matching the premium real-life menu-item hero image quality. No readable text, no logos, no watermarks, no faces as the subject. Keep the main landmark/object recognizable inside the upper third because the iOS masthead crops a shallow horizontal band. Show Chợ Bình Tây / Binh Tay Market with the real visual cue a first-time traveler would recognize. Specific subject guidance: Binh Tay Market courtyard with yellow facade and stalls, realistic photo.","no readable text, no watermark, no logos, no fake signs, no unrelated Ha Long Bay/karst imagery for city-specific pages, no people as the main subject",Simulator screenshot plus phone spot-check before DONE,shared or legacy fallback; replace with unique app-owned generated realistic asset,docs/editorial-exports/viet-image-assets/hero-image-production-001/generated_hero_assets.json,Generate a unique realistic menu-quality image for this exact city noun; do not reuse the city masthead or another place image.
P0,NEEDS_UNIQUE_REALISTIC_ASSET,viet-family-city-hanoi-place-cho-buoi-market,Chợ Bưởi / Buoi Market,landmark,HeroCityHanoi,HeroCityHanoiPlaceChoBuoiMarket,native-ios/Resources/Assets.xcassets/HeroCityHanoi.imageset/hero-city-hanoi.png,,853 x 1844,,853 x 1844,>= 1600 x 2400 preferred,PhraseListingView HeroMastheadImage,"center 50%, upper 25-35%; landmark silhouette must be recognizable",Recognizable subject must survive the top 276pt masthead crop; keep the key visual in the upper third and center 70% width.,city_place_requires_unique_realistic_hero,"Generate owned/licensed hero, crop to repo target, wire heroImageName through source/resources/SQLite, and capture simulator proof.","Create a super-realistic app-owned hero photo for a Vietnamese travel phrasebook, matching the premium real-life menu-item hero image quality. No readable text, no logos, no watermarks, no faces as the subject. Keep the main landmark/object recognizable inside the upper third because the iOS masthead crops a shallow horizontal band. Show Chợ Bưởi / Buoi Market with the real visual cue a first-time traveler would recognize. Specific subject guidance: Local Hanoi market lane with plants and household goods, realistic daylight photo.","no readable text, no watermark, no logos, no fake signs, no unrelated Ha Long Bay/karst imagery for city-specific pages, no people as the main subject",Simulator screenshot plus phone spot-check before DONE,shared or legacy fallback; replace with unique app-owned generated realistic asset,docs/editorial-exports/viet-image-assets/hero-image-production-001/generated_hero_assets.json,Generate a unique realistic menu-quality image for this exact city noun; do not reuse the city masthead or another place image.
P0,NEEDS_UNIQUE_REALISTIC_ASSET,viet-family-city-danang-place-con-market,Chợ Cồn / Con Market,landmark,HeroCityDanang,HeroCityDanangPlaceConMarket,native-ios/Resources/Assets.xcassets/HeroCityDanang.imageset/hero-city-danang.png,,853 x 1844,,853 x 1844,>= 1600 x 2400 preferred,PhraseListingView HeroMastheadImage,"center 50%, upper 25-35%; landmark silhouette must be recognizable",Recognizable subject must survive the top 276pt masthead crop; keep the key visual in the upper third and center 70% width.,city_place_requires_unique_realistic_hero,"Generate owned/licensed hero, crop to repo target, wire heroImageName through source/resources/SQLite, and capture simulator proof.","Create a super-realistic app-owned hero photo for a Vietnamese travel phrasebook, matching the premium real-life menu-item hero image quality. No readable text, no logos, no watermarks, no faces as the subject. Keep the main landmark/object recognizable inside the upper third because the iOS masthead crops a shallow horizontal band. Show Chợ Cồn / Con Market with the real visual cue a first-time traveler would recognize. Specific subject guidance: Photorealistic owned asset: busy covered market aisle with fruit and snack stalls, no visible faces, natural light.","no readable text, no watermark, no logos, no fake signs, no unrelated Ha Long Bay/karst imagery for city-specific pages, no people as the main subject",Simulator screenshot plus phone spot-check before DONE,shared or legacy fallback; replace with unique app-owned generated realistic asset,docs/editorial-exports/viet-image-assets/hero-image-production-001/generated_hero_assets.json,Generate a unique realistic menu-quality image for this exact city noun; do not reuse the city masthead or another place image.
P0,NEEDS_UNIQUE_REALISTIC_ASSET,viet-family-city-danang-place-helio-night-market,Chợ đêm Helio / Helio Night Market,landmark,HeroCityDanang,HeroCityDanangPlaceHelioNightMarket,native-ios/Resources/Assets.xcassets/HeroCityDanang.imageset/hero-city-danang.png,,853 x 1844,,853 x 1844,>= 1600 x 2400 preferred,PhraseListingView HeroMastheadImage,"center 50%, upper 25-35%; landmark silhouette must be recognizable",Recognizable subject must survive the top 276pt masthead crop; keep the key visual in the upper third and center 70% width.,city_place_requires_unique_realistic_hero,"Generate owned/licensed hero, crop to repo target, wire heroImageName through source/resources/SQLite, and capture simulator proof.","Create a super-realistic app-owned hero photo for a Vietnamese travel phrasebook, matching the premium real-life menu-item hero image quality. No readable text, no logos, no watermarks, no faces as the subject. Keep the main landmark/object recognizable inside the upper third because the iOS masthead crops a shallow horizontal band. Show Chợ đêm Helio / Helio Night Market with the real visual cue a first-time traveler would recognize. Specific subject guidance: Photorealistic owned asset: outdoor night market food stalls with warm lights, appetizing but no brand signs.","no readable text, no watermark, no logos, no fake signs, no unrelated Ha Long Bay/karst imagery for city-specific pages, no people as the main subject",Simulator screenshot plus phone spot-check before DONE,shared or legacy fallback; replace with unique app-owned generated realistic asset,docs/editorial-exports/viet-image-assets/hero-image-production-001/generated_hero_assets.json,Generate a unique realistic menu-quality image for this exact city noun; do not reuse the city masthead or another place image.
P0,NEEDS_UNIQUE_REALISTIC_ASSET,viet-family-city-hoian-place-night-market,Chợ đêm Hội An / Hoi An Night Market,landmark,HeroCityHoian,HeroCityHoianPlaceNightMarket,native-ios/Resources/Assets.xcassets/HeroCityHoian.imageset/hero-city-hoian.png,,853 x 1844,,853 x 1844,>= 1600 x 2400 preferred,PhraseListingView HeroMastheadImage,"center 50%, upper 25-35%; landmark silhouette must be recognizable",Recognizable subject must survive the top 276pt masthead crop; keep the key visual in the upper third and center 70% width.,city_place_requires_unique_realistic_hero,"Generate owned/licensed hero, crop to repo target, wire heroImageName through source/resources/SQLite, and capture simulator proof.","Create a super-realistic app-owned hero photo for a Vietnamese travel phrasebook, matching the premium real-life menu-item hero image quality. No readable text, no logos, no watermarks, no faces as the subject. Keep the main landmark/object recognizable inside the upper third because the iOS masthead crops a shallow horizontal band. Show Chợ đêm Hội An / Hoi An Night Market with the real visual cue a first-time traveler would recognize. Specific subject guidance: Photorealistic owned asset: crowded but softly framed lantern night market aisle, faces indistinct, no logos.","no readable text, no watermark, no logos, no fake signs, no unrelated Ha Long Bay/karst imagery for city-specific pages, no people as the main subject",Simulator screenshot plus phone spot-check before DONE,shared or legacy fallback; replace with unique app-owned generated realistic asset,docs/editorial-exports/viet-image-assets/hero-image-production-001/generated_hero_assets.json,Generate a unique realistic menu-quality image for this exact city noun; do not reuse the city masthead or another place image.
P0,NEEDS_UNIQUE_REALISTIC_ASSET,viet-family-city-hue-place-night-market,Chợ đêm Huế / Hue Night Market,landmark,HeroCityHue,HeroCityHuePlaceNightMarket,native-ios/Resources/Assets.xcassets/HeroCityHue.imageset/hero-city-hue.png,,853 x 1844,,853 x 1844,>= 1600 x 2400 preferred,PhraseListingView HeroMastheadImage,"center 50%, upper 25-35%; landmark silhouette must be recognizable",Recognizable subject must survive the top 276pt masthead crop; keep the key visual in the upper third and center 70% width.,city_place_requires_unique_realistic_hero,"Generate owned/licensed hero, crop to repo target, wire heroImageName through source/resources/SQLite, and capture simulator proof.","Create a super-realistic app-owned hero photo for a Vietnamese travel phrasebook, matching the premium real-life menu-item hero image quality. No readable text, no logos, no watermarks, no faces as the subject. Keep the main landmark/object recognizable inside the upper third because the iOS masthead crops a shallow horizontal band. Show Chợ đêm Huế / Hue Night Market with the real visual cue a first-time traveler would recognize. Specific subject guidance: Photorealistic night market stalls by the river, lantern glow, snacks and souvenirs, documentary style.","no readable text, no watermark, no logos, no fake signs, no unrelated Ha Long Bay/karst imagery for city-specific pages, no people as the main subject",Simulator screenshot plus phone spot-check before DONE,shared or legacy fallback; replace with unique app-owned generated realistic asset,docs/editorial-exports/viet-image-assets/hero-image-production-001/generated_hero_assets.json,Generate a unique realistic menu-quality image for this exact city noun; do not reuse the city masthead or another place image.
P0,NEEDS_UNIQUE_REALISTIC_ASSET,viet-family-city-danang-place-le-duan-night-market,Chợ đêm Lê Duẩn / Le Duan Night Market,landmark,HeroCityDanang,HeroCityDanangPlaceLeDuanNightMarket,native-ios/Resources/Assets.xcassets/HeroCityDanang.imageset/hero-city-danang.png,,853 x 1844,,853 x 1844,>= 1600 x 2400 preferred,PhraseListingView HeroMastheadImage,"center 50%, upper 25-35%; landmark silhouette must be recognizable",Recognizable subject must survive the top 276pt masthead crop; keep the key visual in the upper third and center 70% width.,city_place_requires_unique_realistic_hero,"Generate owned/licensed hero, crop to repo target, wire heroImageName through source/resources/SQLite, and capture simulator proof.","Create a super-realistic app-owned hero photo for a Vietnamese travel phrasebook, matching the premium real-life menu-item hero image quality. No readable text, no logos, no watermarks, no faces as the subject. Keep the main landmark/object recognizable inside the upper third because the iOS masthead crops a shallow horizontal band. Show Chợ đêm Lê Duẩn / Le Duan Night Market with the real visual cue a first-time traveler would recognize. Specific subject guidance: Photorealistic owned asset: compact night shopping lane with clothes racks and warm bulbs, realistic, no store logos.","no readable text, no watermark, no logos, no fake signs, no unrelated Ha Long Bay/karst imagery for city-specific pages, no people as the main subject",Simulator screenshot plus phone spot-check before DONE,shared or legacy fallback; replace with unique app-owned generated realistic asset,docs/editorial-exports/viet-image-assets/hero-image-production-001/generated_hero_assets.json,Generate a unique realistic menu-quality image for this exact city noun; do not reuse the city masthead or another place image.
P0,NEEDS_UNIQUE_REALISTIC_ASSET,viet-family-city-hoian-place-nguyen-hoang-night-market,Chợ đêm Nguyễn Hoàng / Nguyen Hoang Night Market,landmark,HeroCityHoian,HeroCityHoianPlaceNguyenHoangNightMarket,native-ios/Resources/Assets.xcassets/HeroCityHoian.imageset/hero-city-hoian.png,,853 x 1844,,853 x 1844,>= 1600 x 2400 preferred,PhraseListingView HeroMastheadImage,"center 50%, upper 25-35%; landmark silhouette must be recognizable",Recognizable subject must survive the top 276pt masthead crop; keep the key visual in the upper third and center 70% width.,city_place_requires_unique_realistic_hero,"Generate owned/licensed hero, crop to repo target, wire heroImageName through source/resources/SQLite, and capture simulator proof.","Create a super-realistic app-owned hero photo for a Vietnamese travel phrasebook, matching the premium real-life menu-item hero image quality. No readable text, no logos, no watermarks, no faces as the subject. Keep the main landmark/object recognizable inside the upper third because the iOS masthead crops a shallow horizontal band. Show Chợ đêm Nguyễn Hoàng / Nguyen Hoang Night Market with the real visual cue a first-time traveler would recognize. Specific subject guidance: Photorealistic owned asset: outdoor night market lantern stalls, warm glow, no readable vendor names.","no readable text, no watermark, no logos, no fake signs, no unrelated Ha Long Bay/karst imagery for city-specific pages, no people as the main subject",Simulator screenshot plus phone spot-check before DONE,shared or legacy fallback; replace with unique app-owned generated realistic asset,docs/editorial-exports/viet-image-assets/hero-image-production-001/generated_hero_assets.json,Generate a unique realistic menu-quality image for this exact city noun; do not reuse the city masthead or another place image.
P0,NEEDS_UNIQUE_REALISTIC_ASSET,viet-family-city-hanoi-place-weekend-night-market,Chợ đêm phố cổ Hà Nội / Hanoi Weekend Night Market,landmark,HeroCityHanoi,HeroCityHanoiPlaceWeekendNightMarket,native-ios/Resources/Assets.xcassets/HeroCityHanoi.imageset/hero-city-hanoi.png,,853 x 1844,,853 x 1844,>= 1600 x 2400 preferred,PhraseListingView HeroMastheadImage,"center 50%, upper 25-35%; landmark silhouette must be recognizable",Recognizable subject must survive the top 276pt masthead crop; keep the key visual in the upper third and center 70% width.,city_place_requires_unique_realistic_hero,"Generate owned/licensed hero, crop to repo target, wire heroImageName through source/resources/SQLite, and capture simulator proof.","Create a super-realistic app-owned hero photo for a Vietnamese travel phrasebook, matching the premium real-life menu-item hero image quality. No readable text, no logos, no watermarks, no faces as the subject. Keep the main landmark/object recognizable inside the upper third because the iOS masthead crops a shallow horizontal band. Show Chợ đêm phố cổ Hà Nội / Hanoi Weekend Night Market with the real visual cue a first-time traveler would recognize. Specific subject guidance: Old Quarter night market street with stalls, lights, pedestrians, realistic photo.","no readable text, no watermark, no logos, no fake signs, no unrelated Ha Long Bay/karst imagery for city-specific pages, no people as the main subject",Simulator screenshot plus phone spot-check before DONE,shared or legacy fallback; replace with unique app-owned generated realistic asset,docs/editorial-exports/viet-image-assets/hero-image-production-001/generated_hero_assets.json,Generate a unique realistic menu-quality image for this exact city noun; do not reuse the city masthead or another place image.
P0,NEEDS_UNIQUE_REALISTIC_ASSET,viet-family-city-danang-place-son-tra-night-market,Chợ đêm Sơn Trà / Son Tra Night Market,landmark,HeroCityDanang,HeroCityDanangPlaceSonTraNightMarket,native-ios/Resources/Assets.xcassets/HeroCityDanang.imageset/hero-city-danang.png,,853 x 1844,,853 x 1844,>= 1600 x 2400 preferred,PhraseListingView HeroMastheadImage,"center 50%, upper 25-35%; landmark silhouette must be recognizable",Recognizable subject must survive the top 276pt masthead crop; keep the key visual in the upper third and center 70% width.,city_place_requires_unique_realistic_hero,"Generate owned/licensed hero, crop to repo target, wire heroImageName through source/resources/SQLite, and capture simulator proof.","Create a super-realistic app-owned hero photo for a Vietnamese travel phrasebook, matching the premium real-life menu-item hero image quality. No readable text, no logos, no watermarks, no faces as the subject. Keep the main landmark/object recognizable inside the upper third because the iOS masthead crops a shallow horizontal band. Show Chợ đêm Sơn Trà / Son Tra Night Market with the real visual cue a first-time traveler would recognize. Specific subject guidance: Photorealistic owned asset: night market near a bridge glow, food smoke and lantern light, no readable logos.","no readable text, no watermark, no logos, no fake signs, no unrelated Ha Long Bay/karst imagery for city-specific pages, no people as the main subject",Simulator screenshot plus phone spot-check before DONE,shared or legacy fallback; replace with unique app-owned generated realistic asset,docs/editorial-exports/viet-image-assets/hero-image-production-001/generated_hero_assets.json,Generate a unique realistic menu-quality image for this exact city noun; do not reuse the city masthead or another place image.
P0,NEEDS_UNIQUE_REALISTIC_ASSET,viet-family-city-hue-place-dong-ba,Chợ Đông Ba / Dong Ba Market,landmark,HeroCityHue,HeroCityHuePlaceDongBaMarket,native-ios/Resources/Assets.xcassets/HeroCityHue.imageset/hero-city-hue.png,,853 x 1844,,853 x 1844,>= 1600 x 2400 preferred,PhraseListingView HeroMastheadImage,"center 50%, upper 25-35%; landmark silhouette must be recognizable",Recognizable subject must survive the top 276pt masthead crop; keep the key visual in the upper third and center 70% width.,city_place_requires_unique_realistic_hero,"Generate owned/licensed hero, crop to repo target, wire heroImageName through source/resources/SQLite, and capture simulator proof.","Create a super-realistic app-owned hero photo for a Vietnamese travel phrasebook, matching the premium real-life menu-item hero image quality. No readable text, no logos, no watermarks, no faces as the subject. Keep the main landmark/object recognizable inside the upper third because the iOS masthead crops a shallow horizontal band. Show Chợ Đông Ba / Dong Ba Market with the real visual cue a first-time traveler would recognize. Specific subject guidance: Photorealistic busy covered market aisle with produce, sesame candy, baskets, and warm fluorescent light.","no readable text, no watermark, no logos, no fake signs, no unrelated Ha Long Bay/karst imagery for city-specific pages, no people as the main subject",Simulator screenshot plus phone spot-check before DONE,shared or legacy fallback; replace with unique app-owned generated realistic asset,docs/editorial-exports/viet-image-assets/hero-image-production-001/generated_hero_assets.json,Generate a unique realistic menu-quality image for this exact city noun; do not reuse the city masthead or another place image.
P0,NEEDS_UNIQUE_REALISTIC_ASSET,viet-family-city-hanoi-place-dong-xuan,Chợ Đồng Xuân / Dong Xuan Market,landmark,HeroCityHanoi,HeroCityHanoiPlaceDongXuanMarket,native-ios/Resources/Assets.xcassets/HeroCityHanoi.imageset/hero-city-hanoi.png,,853 x 1844,,853 x 1844,>= 1600 x 2400 preferred,PhraseListingView HeroMastheadImage,"center 50%, upper 25-35%; landmark silhouette must be recognizable",Recognizable subject must survive the top 276pt masthead crop; keep the key visual in the upper third and center 70% width.,city_place_requires_unique_realistic_hero,"Generate owned/licensed hero, crop to repo target, wire heroImageName through source/resources/SQLite, and capture simulator proof.","Create a super-realistic app-owned hero photo for a Vietnamese travel phrasebook, matching the premium real-life menu-item hero image quality. No readable text, no logos, no watermarks, no faces as the subject. Keep the main landmark/object recognizable inside the upper third because the iOS masthead crops a shallow horizontal band. Show Chợ Đồng Xuân / Dong Xuan Market with the real visual cue a first-time traveler would recognize. Specific subject guidance: Dong Xuan Market facade with stalls and scooters, realistic daytime photo.","no readable text, no watermark, no logos, no fake signs, no unrelated Ha Long Bay/karst imagery for city-specific pages, no people as the main subject",Simulator screenshot plus phone spot-check before DONE,shared or legacy fallback; replace with unique app-owned generated realistic asset,docs/editorial-exports/viet-image-assets/hero-image-production-001/generated_hero_assets.json,Generate a unique realistic menu-quality image for this exact city noun; do not reuse the city masthead or another place image.
P0,NEEDS_UNIQUE_REALISTIC_ASSET,viet-family-city-danang-place-han-market,Chợ Hàn / Han Market,landmark,HeroCityDanang,HeroCityDanangPlaceHanMarket,native-ios/Resources/Assets.xcassets/HeroCityDanang.imageset/hero-city-danang.png,,853 x 1844,,853 x 1844,>= 1600 x 2400 preferred,PhraseListingView HeroMastheadImage,"center 50%, upper 25-35%; landmark silhouette must be recognizable",Recognizable subject must survive the top 276pt masthead crop; keep the key visual in the upper third and center 70% width.,city_place_requires_unique_realistic_hero,"Generate owned/licensed hero, crop to repo target, wire heroImageName through source/resources/SQLite, and capture simulator proof.","Create a super-realistic app-owned hero photo for a Vietnamese travel phrasebook, matching the premium real-life menu-item hero image quality. No readable text, no logos, no watermarks, no faces as the subject. Keep the main landmark/object recognizable inside the upper third because the iOS masthead crops a shallow horizontal band. Show Chợ Hàn / Han Market with the real visual cue a first-time traveler would recognize. Specific subject guidance: Photorealistic owned asset: market exterior and textile stalls, bright daytime, no readable vendor names.","no readable text, no watermark, no logos, no fake signs, no unrelated Ha Long Bay/karst imagery for city-specific pages, no people as the main subject",Simulator screenshot plus phone spot-check before DONE,shared or legacy fallback; replace with unique app-owned generated realistic asset,docs/editorial-exports/viet-image-assets/hero-image-production-001/generated_hero_assets.json,Generate a unique realistic menu-quality image for this exact city noun; do not reuse the city masthead or another place image.
P0,NEEDS_UNIQUE_REALISTIC_ASSET,viet-family-city-hanoi-place-hang-da-market,Chợ Hàng Da / Hang Da Market,landmark,HeroCityHanoi,HeroCityHanoiPlaceHangDaMarket,native-ios/Resources/Assets.xcassets/HeroCityHanoi.imageset/hero-city-hanoi.png,,853 x 1844,,853 x 1844,>= 1600 x 2400 preferred,PhraseListingView HeroMastheadImage,"center 50%, upper 25-35%; landmark silhouette must be recognizable",Recognizable subject must survive the top 276pt masthead crop; keep the key visual in the upper third and center 70% width.,city_place_requires_unique_realistic_hero,"Generate owned/licensed hero, crop to repo target, wire heroImageName through source/resources/SQLite, and capture simulator proof.","Create a super-realistic app-owned hero photo for a Vietnamese travel phrasebook, matching the premium real-life menu-item hero image quality. No readable text, no logos, no watermarks, no faces as the subject. Keep the main landmark/object recognizable inside the upper third because the iOS masthead crops a shallow horizontal band. Show Chợ Hàng Da / Hang Da Market with the real visual cue a first-time traveler would recognize. Specific subject guidance: Hang Da Market exterior with local shops and scooters, realistic photo.","no readable text, no watermark, no logos, no fake signs, no unrelated Ha Long Bay/karst imagery for city-specific pages, no people as the main subject",Simulator screenshot plus phone spot-check before DONE,shared or legacy fallback; replace with unique app-owned generated realistic asset,docs/editorial-exports/viet-image-assets/hero-image-production-001/generated_hero_assets.json,Generate a unique realistic menu-quality image for this exact city noun; do not reuse the city masthead or another place image.
P0,NEEDS_UNIQUE_REALISTIC_ASSET,viet-family-city-hcmc-place-ho-thi-ky-flower-market,Chợ hoa Hồ Thị Kỷ / Ho Thi Ky Flower Market,landmark,HeroCityHcmc,HeroCityHcmcPlaceHoThiKyFlowerMarket,native-ios/Resources/Assets.xcassets/HeroCityHcmc.imageset/hero-city-hcmc.png,,853 x 1844,,853 x 1844,>= 1600 x 2400 preferred,PhraseListingView HeroMastheadImage,"center 50%, upper 25-35%; landmark silhouette must be recognizable",Recognizable subject must survive the top 276pt masthead crop; keep the key visual in the upper third and center 70% width.,city_place_requires_unique_realistic_hero,"Generate owned/licensed hero, crop to repo target, wire heroImageName through source/resources/SQLite, and capture simulator proof.","Create a super-realistic app-owned hero photo for a Vietnamese travel phrasebook, matching the premium real-life menu-item hero image quality. No readable text, no logos, no watermarks, no faces as the subject. Keep the main landmark/object recognizable inside the upper third because the iOS masthead crops a shallow horizontal band. Show Chợ hoa Hồ Thị Kỷ / Ho Thi Ky Flower Market with the real visual cue a first-time traveler would recognize. Specific subject guidance: Ho Thi Ky flower market with colorful bundles and food stalls, realistic night photo.","no readable text, no watermark, no logos, no fake signs, no unrelated Ha Long Bay/karst imagery for city-specific pages, no people as the main subject",Simulator screenshot plus phone spot-check before DONE,shared or legacy fallback; replace with unique app-owned generated realistic asset,docs/editorial-exports/viet-image-assets/hero-image-production-001/generated_hero_assets.json,Generate a unique realistic menu-quality image for this exact city noun; do not reuse the city masthead or another place image.
P0,NEEDS_UNIQUE_REALISTIC_ASSET,viet-family-city-hanoi-place-quang-ba-flower-market,Chợ hoa Quảng Bá / Quang Ba Flower Market,landmark,HeroCityHanoi,HeroCityHanoiPlaceQuangBaFlowerMarket,native-ios/Resources/Assets.xcassets/HeroCityHanoi.imageset/hero-city-hanoi.png,,853 x 1844,,853 x 1844,>= 1600 x 2400 preferred,PhraseListingView HeroMastheadImage,"center 50%, upper 25-35%; landmark silhouette must be recognizable",Recognizable subject must survive the top 276pt masthead crop; keep the key visual in the upper third and center 70% width.,city_place_requires_unique_realistic_hero,"Generate owned/licensed hero, crop to repo target, wire heroImageName through source/resources/SQLite, and capture simulator proof.","Create a super-realistic app-owned hero photo for a Vietnamese travel phrasebook, matching the premium real-life menu-item hero image quality. No readable text, no logos, no watermarks, no faces as the subject. Keep the main landmark/object recognizable inside the upper third because the iOS masthead crops a shallow horizontal band. Show Chợ hoa Quảng Bá / Quang Ba Flower Market with the real visual cue a first-time traveler would recognize. Specific subject guidance: Flower market piles of roses and chrysanthemums, pre-dawn Hanoi light, photorealistic.","no readable text, no watermark, no logos, no fake signs, no unrelated Ha Long Bay/karst imagery for city-specific pages, no people as the main subject",Simulator screenshot plus phone spot-check before DONE,shared or legacy fallback; replace with unique app-owned generated realistic asset,docs/editorial-exports/viet-image-assets/hero-image-production-001/generated_hero_assets.json,Generate a unique realistic menu-quality image for this exact city noun; do not reuse the city masthead or another place image.
P0,NEEDS_UNIQUE_REALISTIC_ASSET,viet-family-city-hoian-place-market,Chợ Hội An / Hoi An Market,landmark,HeroCityHoian,HeroCityHoianPlaceMarket,native-ios/Resources/Assets.xcassets/HeroCityHoian.imageset/hero-city-hoian.png,,853 x 1844,,853 x 1844,>= 1600 x 2400 preferred,PhraseListingView HeroMastheadImage,"center 50%, upper 25-35%; landmark silhouette must be recognizable",Recognizable subject must survive the top 276pt masthead crop; keep the key visual in the upper third and center 70% width.,city_place_requires_unique_realistic_hero,"Generate owned/licensed hero, crop to repo target, wire heroImageName through source/resources/SQLite, and capture simulator proof.","Create a super-realistic app-owned hero photo for a Vietnamese travel phrasebook, matching the premium real-life menu-item hero image quality. No readable text, no logos, no watermarks, no faces as the subject. Keep the main landmark/object recognizable inside the upper third because the iOS masthead crops a shallow horizontal band. Show Chợ Hội An / Hoi An Market with the real visual cue a first-time traveler would recognize. Specific subject guidance: Photorealistic owned asset: Hoi An market produce and food stalls under yellow awnings, morning, no close-up faces.","no readable text, no watermark, no logos, no fake signs, no unrelated Ha Long Bay/karst imagery for city-specific pages, no people as the main subject",Simulator screenshot plus phone spot-check before DONE,shared or legacy fallback; replace with unique app-owned generated realistic asset,docs/editorial-exports/viet-image-assets/hero-image-production-001/generated_hero_assets.json,Generate a unique realistic menu-quality image for this exact city noun; do not reuse the city masthead or another place image.
P0,NEEDS_UNIQUE_REALISTIC_ASSET,viet-family-city-hanoi-place-hom-market,Chợ Hôm / Hom Market,landmark,HeroCityHanoi,HeroCityHanoiPlaceHomMarket,native-ios/Resources/Assets.xcassets/HeroCityHanoi.imageset/hero-city-hanoi.png,,853 x 1844,,853 x 1844,>= 1600 x 2400 preferred,PhraseListingView HeroMastheadImage,"center 50%, upper 25-35%; landmark silhouette must be recognizable",Recognizable subject must survive the top 276pt masthead crop; keep the key visual in the upper third and center 70% width.,city_place_requires_unique_realistic_hero,"Generate owned/licensed hero, crop to repo target, wire heroImageName through source/resources/SQLite, and capture simulator proof.","Create a super-realistic app-owned hero photo for a Vietnamese travel phrasebook, matching the premium real-life menu-item hero image quality. No readable text, no logos, no watermarks, no faces as the subject. Keep the main landmark/object recognizable inside the upper third because the iOS masthead crops a shallow horizontal band. Show Chợ Hôm / Hom Market with the real visual cue a first-time traveler would recognize. Specific subject guidance: Fabric stalls inside Hom Market, bolts of cloth, fluorescent local-market light, realistic photo.","no readable text, no watermark, no logos, no fake signs, no unrelated Ha Long Bay/karst imagery for city-specific pages, no people as the main subject",Simulator screenshot plus phone spot-check before DONE,shared or legacy fallback; replace with unique app-owned generated realistic asset,docs/editorial-exports/viet-image-assets/hero-image-production-001/generated_hero_assets.json,Generate a unique realistic menu-quality image for this exact city noun; do not reuse the city masthead or another place image.
P0,NEEDS_UNIQUE_REALISTIC_ASSET,viet-family-city-hcmc-place-cho-lon,Chợ Lớn / Cho Lon,landmark,HeroCityHcmc,HeroCityHcmcPlaceChoLon,native-ios/Resources/Assets.xcassets/HeroCityHcmc.imageset/hero-city-hcmc.png,,853 x 1844,,853 x 1844,>= 1600 x 2400 preferred,PhraseListingView HeroMastheadImage,"center 50%, upper 25-35%; landmark silhouette must be recognizable",Recognizable subject must survive the top 276pt masthead crop; keep the key visual in the upper third and center 70% width.,city_place_requires_unique_realistic_hero,"Generate owned/licensed hero, crop to repo target, wire heroImageName through source/resources/SQLite, and capture simulator proof.","Create a super-realistic app-owned hero photo for a Vietnamese travel phrasebook, matching the premium real-life menu-item hero image quality. No readable text, no logos, no watermarks, no faces as the subject. Keep the main landmark/object recognizable inside the upper third because the iOS masthead crops a shallow horizontal band. Show Chợ Lớn / Cho Lon with the real visual cue a first-time traveler would recognize. Specific subject guidance: Cho Lon street scene with Chinese-Vietnamese shopfronts and lanterns, realistic photo.","no readable text, no watermark, no logos, no fake signs, no unrelated Ha Long Bay/karst imagery for city-specific pages, no people as the main subject",Simulator screenshot plus phone spot-check before DONE,shared or legacy fallback; replace with unique app-owned generated realistic asset,docs/editorial-exports/viet-image-assets/hero-image-production-001/generated_hero_assets.json,Generate a unique realistic menu-quality image for this exact city noun; do not reuse the city masthead or another place image.
P0,NEEDS_UNIQUE_REALISTIC_ASSET,viet-family-city-hanoi-place-long-bien-market,Chợ Long Biên / Long Bien Market,landmark,HeroCityHanoi,HeroCityHanoiPlaceLongBienMarket,native-ios/Resources/Assets.xcassets/HeroCityHanoi.imageset/hero-city-hanoi.png,,853 x 1844,,853 x 1844,>= 1600 x 2400 preferred,PhraseListingView HeroMastheadImage,"center 50%, upper 25-35%; landmark silhouette must be recognizable",Recognizable subject must survive the top 276pt masthead crop; keep the key visual in the upper third and center 70% width.,city_place_requires_unique_realistic_hero,"Generate owned/licensed hero, crop to repo target, wire heroImageName through source/resources/SQLite, and capture simulator proof.","Create a super-realistic app-owned hero photo for a Vietnamese travel phrasebook, matching the premium real-life menu-item hero image quality. No readable text, no logos, no watermarks, no faces as the subject. Keep the main landmark/object recognizable inside the upper third because the iOS masthead crops a shallow horizontal band. Show Chợ Long Biên / Long Bien Market with the real visual cue a first-time traveler would recognize. Specific subject guidance: Wholesale fruit market near Long Bien Bridge, crates, early-morning light, realistic photo.","no readable text, no watermark, no logos, no fake signs, no unrelated Ha Long Bay/karst imagery for city-specific pages, no people as the main subject",Simulator screenshot plus phone spot-check before DONE,shared or legacy fallback; replace with unique app-owned generated realistic asset,docs/editorial-exports/viet-image-assets/hero-image-production-001/generated_hero_assets.json,Generate a unique realistic menu-quality image for this exact city noun; do not reuse the city masthead or another place image.
P0,NEEDS_UNIQUE_REALISTIC_ASSET,viet-family-city-hcmc-place-russian-market,Chợ Nga / Russian Market,landmark,HeroCityHcmc,HeroCityHcmcPlaceRussianMarket,native-ios/Resources/Assets.xcassets/HeroCityHcmc.imageset/hero-city-hcmc.png,,853 x 1844,,853 x 1844,>= 1600 x 2400 preferred,PhraseListingView HeroMastheadImage,"center 50%, upper 25-35%; landmark silhouette must be recognizable",Recognizable subject must survive the top 276pt masthead crop; keep the key visual in the upper third and center 70% width.,city_place_requires_unique_realistic_hero,"Generate owned/licensed hero, crop to repo target, wire heroImageName through source/resources/SQLite, and capture simulator proof.","Create a super-realistic app-owned hero photo for a Vietnamese travel phrasebook, matching the premium real-life menu-item hero image quality. No readable text, no logos, no watermarks, no faces as the subject. Keep the main landmark/object recognizable inside the upper third because the iOS masthead crops a shallow horizontal band. Show Chợ Nga / Russian Market with the real visual cue a first-time traveler would recognize. Specific subject guidance: Local market aisle with jackets and bags, Saigon storefront, realistic photo.","no readable text, no watermark, no logos, no fake signs, no unrelated Ha Long Bay/karst imagery for city-specific pages, no people as the main subject",Simulator screenshot plus phone spot-check before DONE,shared or legacy fallback; replace with unique app-owned generated realistic asset,docs/editorial-exports/viet-image-assets/hero-image-production-001/generated_hero_assets.json,Generate a unique realistic menu-quality image for this exact city noun; do not reuse the city masthead or another place image.
P0,NEEDS_UNIQUE_REALISTIC_ASSET,viet-family-city-hue-place-phu-hau-market,Chợ Phú Hậu / Phu Hau Market,landmark,HeroCityHue,HeroCityHuePlacePhuHauMarket,native-ios/Resources/Assets.xcassets/HeroCityHue.imageset/hero-city-hue.png,,853 x 1844,,853 x 1844,>= 1600 x 2400 preferred,PhraseListingView HeroMastheadImage,"center 50%, upper 25-35%; landmark silhouette must be recognizable",Recognizable subject must survive the top 276pt masthead crop; keep the key visual in the upper third and center 70% width.,city_place_requires_unique_realistic_hero,"Generate owned/licensed hero, crop to repo target, wire heroImageName through source/resources/SQLite, and capture simulator proof.","Create a super-realistic app-owned hero photo for a Vietnamese travel phrasebook, matching the premium real-life menu-item hero image quality. No readable text, no logos, no watermarks, no faces as the subject. Keep the main landmark/object recognizable inside the upper third because the iOS masthead crops a shallow horizontal band. Show Chợ Phú Hậu / Phu Hau Market with the real visual cue a first-time traveler would recognize. Specific subject guidance: Photorealistic small Hue market entrance with vendor umbrellas, baskets, and river-neighborhood light.","no readable text, no watermark, no logos, no fake signs, no unrelated Ha Long Bay/karst imagery for city-specific pages, no people as the main subject",Simulator screenshot plus phone spot-check before DONE,shared or legacy fallback; replace with unique app-owned generated realistic asset,docs/editorial-exports/viet-image-assets/hero-image-production-001/generated_hero_assets.json,Generate a unique realistic menu-quality image for this exact city noun; do not reuse the city masthead or another place image.
P0,NEEDS_UNIQUE_REALISTIC_ASSET,viet-family-city-hue-place-tay-loc-market,Chợ Tây Lộc / Tay Loc Market,landmark,HeroCityHue,HeroCityHuePlaceTayLocMarket,native-ios/Resources/Assets.xcassets/HeroCityHue.imageset/hero-city-hue.png,,853 x 1844,,853 x 1844,>= 1600 x 2400 preferred,PhraseListingView HeroMastheadImage,"center 50%, upper 25-35%; landmark silhouette must be recognizable",Recognizable subject must survive the top 276pt masthead crop; keep the key visual in the upper third and center 70% width.,city_place_requires_unique_realistic_hero,"Generate owned/licensed hero, crop to repo target, wire heroImageName through source/resources/SQLite, and capture simulator proof.","Create a super-realistic app-owned hero photo for a Vietnamese travel phrasebook, matching the premium real-life menu-item hero image quality. No readable text, no logos, no watermarks, no faces as the subject. Keep the main landmark/object recognizable inside the upper third because the iOS masthead crops a shallow horizontal band. Show Chợ Tây Lộc / Tay Loc Market with the real visual cue a first-time traveler would recognize. Specific subject guidance: Photorealistic local market rows with vegetables, butcher counters in background, Citadel-side street feel.","no readable text, no watermark, no logos, no fake signs, no unrelated Ha Long Bay/karst imagery for city-specific pages, no people as the main subject",Simulator screenshot plus phone spot-check before DONE,shared or legacy fallback; replace with unique app-owned generated realistic asset,docs/editorial-exports/viet-image-assets/hero-image-production-001/generated_hero_assets.json,Generate a unique realistic menu-quality image for this exact city noun; do not reuse the city masthead or another place image.
P0,NEEDS_UNIQUE_REALISTIC_ASSET,viet-family-city-hcmc-place-thien-hau-pagoda,Chùa Bà Thiên Hậu / Thien Hau Pagoda,landmark,HeroCityHcmc,HeroCityHcmcPlaceThienHauPagoda,native-ios/Resources/Assets.xcassets/HeroCityHcmc.imageset/hero-city-hcmc.png,,853 x 1844,,853 x 1844,>= 1600 x 2400 preferred,PhraseListingView HeroMastheadImage,"center 50%, upper 25-35%; landmark silhouette must be recognizable",Recognizable subject must survive the top 276pt masthead crop; keep the key visual in the upper third and center 70% width.,city_place_requires_unique_realistic_hero,"Generate owned/licensed hero, crop to repo target, wire heroImageName through source/resources/SQLite, and capture simulator proof.","Create a super-realistic app-owned hero photo for a Vietnamese travel phrasebook, matching the premium real-life menu-item hero image quality. No readable text, no logos, no watermarks, no faces as the subject. Keep the main landmark/object recognizable inside the upper third because the iOS masthead crops a shallow horizontal band. Show Chùa Bà Thiên Hậu / Thien Hau Pagoda with the real visual cue a first-time traveler would recognize. Specific subject guidance: Thiên Hậu Pagoda interior courtyard with incense coils, photorealistic.","no readable text, no watermark, no logos, no fake signs, no unrelated Ha Long Bay/karst imagery for city-specific pages, no people as the main subject",Simulator screenshot plus phone spot-check before DONE,shared or legacy fallback; replace with unique app-owned generated realistic asset,docs/editorial-exports/viet-image-assets/hero-image-production-001/generated_hero_assets.json,Generate a unique realistic menu-quality image for this exact city noun; do not reuse the city masthead or another place image.
P0,NEEDS_UNIQUE_REALISTIC_ASSET,viet-family-city-hue-place-bao-quoc-pagoda,Chùa Báo Quốc / Bao Quoc Pagoda,landmark,HeroCityHue,HeroCityHuePlaceBaoQuocPagoda,native-ios/Resources/Assets.xcassets/HeroCityHue.imageset/hero-city-hue.png,,853 x 1844,,853 x 1844,>= 1600 x 2400 preferred,PhraseListingView HeroMastheadImage,"center 50%, upper 25-35%; landmark silhouette must be recognizable",Recognizable subject must survive the top 276pt masthead crop; keep the key visual in the upper third and center 70% width.,city_place_requires_unique_realistic_hero,"Generate owned/licensed hero, crop to repo target, wire heroImageName through source/resources/SQLite, and capture simulator proof.","Create a super-realistic app-owned hero photo for a Vietnamese travel phrasebook, matching the premium real-life menu-item hero image quality. No readable text, no logos, no watermarks, no faces as the subject. Keep the main landmark/object recognizable inside the upper third because the iOS masthead crops a shallow horizontal band. Show Chùa Báo Quốc / Bao Quoc Pagoda with the real visual cue a first-time traveler would recognize. Specific subject guidance: Photorealistic old pagoda gate with lanterns, stone steps, and mature shade trees.","no readable text, no watermark, no logos, no fake signs, no unrelated Ha Long Bay/karst imagery for city-specific pages, no people as the main subject",Simulator screenshot plus phone spot-check before DONE,shared or legacy fallback; replace with unique app-owned generated realistic asset,docs/editorial-exports/viet-image-assets/hero-image-production-001/generated_hero_assets.json,Generate a unique realistic menu-quality image for this exact city noun; do not reuse the city masthead or another place image.
P0,NEEDS_UNIQUE_REALISTIC_ASSET,viet-family-city-hoian-place-japanese-bridge,Chùa Cầu / Japanese Covered Bridge,landmark,HeroCityHoian,HeroCityHoianPlaceJapaneseBridge,native-ios/Resources/Assets.xcassets/HeroCityHoian.imageset/hero-city-hoian.png,,853 x 1844,,853 x 1844,>= 1600 x 2400 preferred,PhraseListingView HeroMastheadImage,"center 50%, upper 25-35%; landmark silhouette must be recognizable",Recognizable subject must survive the top 276pt masthead crop; keep the key visual in the upper third and center 70% width.,city_place_requires_unique_realistic_hero,"Generate owned/licensed hero, crop to repo target, wire heroImageName through source/resources/SQLite, and capture simulator proof.","Create a super-realistic app-owned hero photo for a Vietnamese travel phrasebook, matching the premium real-life menu-item hero image quality. No readable text, no logos, no watermarks, no faces as the subject. Keep the main landmark/object recognizable inside the upper third because the iOS masthead crops a shallow horizontal band. Show Chùa Cầu / Japanese Covered Bridge with the real visual cue a first-time traveler would recognize. Specific subject guidance: Photorealistic owned asset: covered bridge over narrow waterway with lantern reflections, golden hour, no crowds blocking bridge.","no readable text, no watermark, no logos, no fake signs, no unrelated Ha Long Bay/karst imagery for city-specific pages, no people as the main subject",Simulator screenshot plus phone spot-check before DONE,shared or legacy fallback; replace with unique app-owned generated realistic asset,docs/editorial-exports/viet-image-assets/hero-image-production-001/generated_hero_assets.json,Generate a unique realistic menu-quality image for this exact city noun; do not reuse the city masthead or another place image.
P0,NEEDS_UNIQUE_REALISTIC_ASSET,viet-family-city-hoian-place-chuc-thanh-pagoda,Chùa Chúc Thánh / Chuc Thanh Pagoda,landmark,HeroCityHoian,HeroCityHoianPlaceChucThanhPagoda,native-ios/Resources/Assets.xcassets/HeroCityHoian.imageset/hero-city-hoian.png,,853 x 1844,,853 x 1844,>= 1600 x 2400 preferred,PhraseListingView HeroMastheadImage,"center 50%, upper 25-35%; landmark silhouette must be recognizable",Recognizable subject must survive the top 276pt masthead crop; keep the key visual in the upper third and center 70% width.,city_place_requires_unique_realistic_hero,"Generate owned/licensed hero, crop to repo target, wire heroImageName through source/resources/SQLite, and capture simulator proof.","Create a super-realistic app-owned hero photo for a Vietnamese travel phrasebook, matching the premium real-life menu-item hero image quality. No readable text, no logos, no watermarks, no faces as the subject. Keep the main landmark/object recognizable inside the upper third because the iOS masthead crops a shallow horizontal band. Show Chùa Chúc Thánh / Chuc Thanh Pagoda with the real visual cue a first-time traveler would recognize. Specific subject guidance: Photorealistic owned asset: old pagoda courtyard with mossy roof tiles and frangipani trees, quiet daylight.","no readable text, no watermark, no logos, no fake signs, no unrelated Ha Long Bay/karst imagery for city-specific pages, no people as the main subject",Simulator screenshot plus phone spot-check before DONE,shared or legacy fallback; replace with unique app-owned generated realistic asset,docs/editorial-exports/viet-image-assets/hero-image-production-001/generated_hero_assets.json,Generate a unique realistic menu-quality image for this exact city noun; do not reuse the city masthead or another place image.
P0,NEEDS_UNIQUE_REALISTIC_ASSET,viet-family-city-danang-place-linh-ung-pagoda,Chùa Linh Ứng / Linh Ung Pagoda,landmark,HeroCityDanang,HeroCityDanangPlaceLinhUngPagoda,native-ios/Resources/Assets.xcassets/HeroCityDanang.imageset/hero-city-danang.png,,853 x 1844,,853 x 1844,>= 1600 x 2400 preferred,PhraseListingView HeroMastheadImage,"center 50%, upper 25-35%; landmark silhouette must be recognizable",Recognizable subject must survive the top 276pt masthead crop; keep the key visual in the upper third and center 70% width.,city_place_requires_unique_realistic_hero,"Generate owned/licensed hero, crop to repo target, wire heroImageName through source/resources/SQLite, and capture simulator proof.","Create a super-realistic app-owned hero photo for a Vietnamese travel phrasebook, matching the premium real-life menu-item hero image quality. No readable text, no logos, no watermarks, no faces as the subject. Keep the main landmark/object recognizable inside the upper third because the iOS masthead crops a shallow horizontal band. Show Chùa Linh Ứng / Linh Ung Pagoda with the real visual cue a first-time traveler would recognize. Specific subject guidance: Photorealistic owned asset: white Lady Buddha and pagoda courtyard with sea in background, respectful distance, natural light.","no readable text, no watermark, no logos, no fake signs, no unrelated Ha Long Bay/karst imagery for city-specific pages, no people as the main subject",Simulator screenshot plus phone spot-check before DONE,shared or legacy fallback; replace with unique app-owned generated realistic asset,docs/editorial-exports/viet-image-assets/hero-image-production-001/generated_hero_assets.json,Generate a unique realistic menu-quality image for this exact city noun; do not reuse the city masthead or another place image.
P0,NEEDS_UNIQUE_REALISTIC_ASSET,viet-family-city-hanoi-place-one-pillar-pagoda,Chùa Một Cột / One Pillar Pagoda,landmark,HeroCityHanoi,HeroCityHanoiPlaceOnePillarPagoda,native-ios/Resources/Assets.xcassets/HeroCityHanoi.imageset/hero-city-hanoi.png,,853 x 1844,,853 x 1844,>= 1600 x 2400 preferred,PhraseListingView HeroMastheadImage,"center 50%, upper 25-35%; landmark silhouette must be recognizable",Recognizable subject must survive the top 276pt masthead crop; keep the key visual in the upper third and center 70% width.,city_place_requires_unique_realistic_hero,"Generate owned/licensed hero, crop to repo target, wire heroImageName through source/resources/SQLite, and capture simulator proof.","Create a super-realistic app-owned hero photo for a Vietnamese travel phrasebook, matching the premium real-life menu-item hero image quality. No readable text, no logos, no watermarks, no faces as the subject. Keep the main landmark/object recognizable inside the upper third because the iOS masthead crops a shallow horizontal band. Show Chùa Một Cột / One Pillar Pagoda with the real visual cue a first-time traveler would recognize. Specific subject guidance: One Pillar Pagoda reflected in pond, respectful daylight, realistic travel photo.","no readable text, no watermark, no logos, no fake signs, no unrelated Ha Long Bay/karst imagery for city-specific pages, no people as the main subject",Simulator screenshot plus phone spot-check before DONE,shared or legacy fallback; replace with unique app-owned generated realistic asset,docs/editorial-exports/viet-image-assets/hero-image-production-001/generated_hero_assets.json,Generate a unique realistic menu-quality image for this exact city noun; do not reuse the city masthead or another place image.
P0,NEEDS_UNIQUE_REALISTIC_ASSET,viet-family-city-hcmc-place-jade-emperor-pagoda,Chùa Ngọc Hoàng / Jade Emperor Pagoda,landmark,HeroCityHcmc,HeroCityHcmcPlaceJadeEmperorPagoda,native-ios/Resources/Assets.xcassets/HeroCityHcmc.imageset/hero-city-hcmc.png,,853 x 1844,,853 x 1844,>= 1600 x 2400 preferred,PhraseListingView HeroMastheadImage,"center 50%, upper 25-35%; landmark silhouette must be recognizable",Recognizable subject must survive the top 276pt masthead crop; keep the key visual in the upper third and center 70% width.,city_place_requires_unique_realistic_hero,"Generate owned/licensed hero, crop to repo target, wire heroImageName through source/resources/SQLite, and capture simulator proof.","Create a super-realistic app-owned hero photo for a Vietnamese travel phrasebook, matching the premium real-life menu-item hero image quality. No readable text, no logos, no watermarks, no faces as the subject. Keep the main landmark/object recognizable inside the upper third because the iOS masthead crops a shallow horizontal band. Show Chùa Ngọc Hoàng / Jade Emperor Pagoda with the real visual cue a first-time traveler would recognize. Specific subject guidance: Jade Emperor Pagoda courtyard with incense smoke and red details, photorealistic.","no readable text, no watermark, no logos, no fake signs, no unrelated Ha Long Bay/karst imagery for city-specific pages, no people as the main subject",Simulator screenshot plus phone spot-check before DONE,shared or legacy fallback; replace with unique app-owned generated realistic asset,docs/editorial-exports/viet-image-assets/hero-image-production-001/generated_hero_assets.json,Generate a unique realistic menu-quality image for this exact city noun; do not reuse the city masthead or another place image.
P0,NEEDS_UNIQUE_REALISTIC_ASSET,viet-family-city-danang-place-phap-lam-pagoda,Chùa Pháp Lâm / Phap Lam Pagoda,landmark,HeroCityDanang,HeroCityDanangPlacePhapLamPagoda,native-ios/Resources/Assets.xcassets/HeroCityDanang.imageset/hero-city-danang.png,,853 x 1844,,853 x 1844,>= 1600 x 2400 preferred,PhraseListingView HeroMastheadImage,"center 50%, upper 25-35%; landmark silhouette must be recognizable",Recognizable subject must survive the top 276pt masthead crop; keep the key visual in the upper third and center 70% width.,city_place_requires_unique_realistic_hero,"Generate owned/licensed hero, crop to repo target, wire heroImageName through source/resources/SQLite, and capture simulator proof.","Create a super-realistic app-owned hero photo for a Vietnamese travel phrasebook, matching the premium real-life menu-item hero image quality. No readable text, no logos, no watermarks, no faces as the subject. Keep the main landmark/object recognizable inside the upper third because the iOS masthead crops a shallow horizontal band. Show Chùa Pháp Lâm / Phap Lam Pagoda with the real visual cue a first-time traveler would recognize. Specific subject guidance: Photorealistic owned asset: yellow pagoda courtyard with incense and trees, calm morning, no worshipper close-ups.","no readable text, no watermark, no logos, no fake signs, no unrelated Ha Long Bay/karst imagery for city-specific pages, no people as the main subject",Simulator screenshot plus phone spot-check before DONE,shared or legacy fallback; replace with unique app-owned generated realistic asset,docs/editorial-exports/viet-image-assets/hero-image-production-001/generated_hero_assets.json,Generate a unique realistic menu-quality image for this exact city noun; do not reuse the city masthead or another place image.
P0,NEEDS_UNIQUE_REALISTIC_ASSET,viet-family-city-hue-place-thien-mu,Chùa Thiên Mụ / Thien Mu Pagoda,landmark,HeroCityHue,HeroCityHuePlaceThienMuPagoda,native-ios/Resources/Assets.xcassets/HeroCityHue.imageset/hero-city-hue.png,,853 x 1844,,853 x 1844,>= 1600 x 2400 preferred,PhraseListingView HeroMastheadImage,"center 50%, upper 25-35%; landmark silhouette must be recognizable",Recognizable subject must survive the top 276pt masthead crop; keep the key visual in the upper third and center 70% width.,city_place_requires_unique_realistic_hero,"Generate owned/licensed hero, crop to repo target, wire heroImageName through source/resources/SQLite, and capture simulator proof.","Create a super-realistic app-owned hero photo for a Vietnamese travel phrasebook, matching the premium real-life menu-item hero image quality. No readable text, no logos, no watermarks, no faces as the subject. Keep the main landmark/object recognizable inside the upper third because the iOS masthead crops a shallow horizontal band. Show Chùa Thiên Mụ / Thien Mu Pagoda with the real visual cue a first-time traveler would recognize. Specific subject guidance: Photorealistic seven-tier pagoda above the Perfume River with frangipani trees and soft overcast sky.","no readable text, no watermark, no logos, no fake signs, no unrelated Ha Long Bay/karst imagery for city-specific pages, no people as the main subject",Simulator screenshot plus phone spot-check before DONE,shared or legacy fallback; replace with unique app-owned generated realistic asset,docs/editorial-exports/viet-image-assets/hero-image-production-001/generated_hero_assets.json,Generate a unique realistic menu-quality image for this exact city noun; do not reuse the city masthead or another place image.
P0,NEEDS_UNIQUE_REALISTIC_ASSET,viet-family-city-hanoi-place-tran-quoc-pagoda,Chùa Trấn Quốc / Tran Quoc Pagoda,landmark,HeroCityHanoi,HeroCityHanoiPlaceTranQuocPagoda,native-ios/Resources/Assets.xcassets/HeroCityHanoi.imageset/hero-city-hanoi.png,,853 x 1844,,853 x 1844,>= 1600 x 2400 preferred,PhraseListingView HeroMastheadImage,"center 50%, upper 25-35%; landmark silhouette must be recognizable",Recognizable subject must survive the top 276pt masthead crop; keep the key visual in the upper third and center 70% width.,city_place_requires_unique_realistic_hero,"Generate owned/licensed hero, crop to repo target, wire heroImageName through source/resources/SQLite, and capture simulator proof.","Create a super-realistic app-owned hero photo for a Vietnamese travel phrasebook, matching the premium real-life menu-item hero image quality. No readable text, no logos, no watermarks, no faces as the subject. Keep the main landmark/object recognizable inside the upper third because the iOS masthead crops a shallow horizontal band. Show Chùa Trấn Quốc / Tran Quoc Pagoda with the real visual cue a first-time traveler would recognize. Specific subject guidance: Red pagoda tower by West Lake, calm water, realistic golden-hour photo.","no readable text, no watermark, no logos, no fake signs, no unrelated Ha Long Bay/karst imagery for city-specific pages, no people as the main subject",Simulator screenshot plus phone spot-check before DONE,shared or legacy fallback; replace with unique app-owned generated realistic asset,docs/editorial-exports/viet-image-assets/hero-image-production-001/generated_hero_assets.json,Generate a unique realistic menu-quality image for this exact city noun; do not reuse the city masthead or another place image.
P0,NEEDS_UNIQUE_REALISTIC_ASSET,viet-family-city-hue-place-tu-hieu-pagoda,Chùa Từ Hiếu / Tu Hieu Pagoda,landmark,HeroCityHue,HeroCityHuePlaceTuHieuPagoda,native-ios/Resources/Assets.xcassets/HeroCityHue.imageset/hero-city-hue.png,,853 x 1844,,853 x 1844,>= 1600 x 2400 preferred,PhraseListingView HeroMastheadImage,"center 50%, upper 25-35%; landmark silhouette must be recognizable",Recognizable subject must survive the top 276pt masthead crop; keep the key visual in the upper third and center 70% width.,city_place_requires_unique_realistic_hero,"Generate owned/licensed hero, crop to repo target, wire heroImageName through source/resources/SQLite, and capture simulator proof.","Create a super-realistic app-owned hero photo for a Vietnamese travel phrasebook, matching the premium real-life menu-item hero image quality. No readable text, no logos, no watermarks, no faces as the subject. Keep the main landmark/object recognizable inside the upper third because the iOS masthead crops a shallow horizontal band. Show Chùa Từ Hiếu / Tu Hieu Pagoda with the real visual cue a first-time traveler would recognize. Specific subject guidance: Photorealistic shaded monastery gate with moss, trees, and a calm stone path.","no readable text, no watermark, no logos, no fake signs, no unrelated Ha Long Bay/karst imagery for city-specific pages, no people as the main subject",Simulator screenshot plus phone spot-check before DONE,shared or legacy fallback; replace with unique app-owned generated realistic asset,docs/editorial-exports/viet-image-assets/hero-image-production-001/generated_hero_assets.json,Generate a unique realistic menu-quality image for this exact city noun; do not reuse the city masthead or another place image.
P0,NEEDS_UNIQUE_REALISTIC_ASSET,viet-family-city-hcmc-place-42-nguyen-hue-apartment,Chung cư 42 Nguyễn Huệ / 42 Nguyen Hue apartment building,landmark,HeroCityHcmc,HeroCityHcmcPlace42NguyenHueApartment,native-ios/Resources/Assets.xcassets/HeroCityHcmc.imageset/hero-city-hcmc.png,,853 x 1844,,853 x 1844,>= 1600 x 2400 preferred,PhraseListingView HeroMastheadImage,"center 50%, upper 25-35%; landmark silhouette must be recognizable",Recognizable subject must survive the top 276pt masthead crop; keep the key visual in the upper third and center 70% width.,city_place_requires_unique_realistic_hero,"Generate owned/licensed hero, crop to repo target, wire heroImageName through source/resources/SQLite, and capture simulator proof.","Create a super-realistic app-owned hero photo for a Vietnamese travel phrasebook, matching the premium real-life menu-item hero image quality. No readable text, no logos, no watermarks, no faces as the subject. Keep the main landmark/object recognizable inside the upper third because the iOS masthead crops a shallow horizontal band. Show Chung cư 42 Nguyễn Huệ / 42 Nguyen Hue apartment building with the real visual cue a first-time traveler would recognize. Specific subject guidance: Cafe-filled apartment facade on Nguyen Hue at dusk, realistic photo.","no readable text, no watermark, no logos, no fake signs, no unrelated Ha Long Bay/karst imagery for city-specific pages, no people as the main subject",Simulator screenshot plus phone spot-check before DONE,shared or legacy fallback; replace with unique app-owned generated realistic asset,docs/editorial-exports/viet-image-assets/hero-image-production-001/generated_hero_assets.json,Generate a unique realistic menu-quality image for this exact city noun; do not reuse the city masthead or another place image.
P0,NEEDS_UNIQUE_REALISTIC_ASSET,viet-family-city-hue-place-hen-island,Cồn Hến / Hen Island,landmark,HeroCityHue,HeroCityHuePlaceHenIsland,native-ios/Resources/Assets.xcassets/HeroCityHue.imageset/hero-city-hue.png,,853 x 1844,,853 x 1844,>= 1600 x 2400 preferred,PhraseListingView HeroMastheadImage,"center 50%, upper 25-35%; landmark silhouette must be recognizable",Recognizable subject must survive the top 276pt masthead crop; keep the key visual in the upper third and center 70% width.,city_place_requires_unique_realistic_hero,"Generate owned/licensed hero, crop to repo target, wire heroImageName through source/resources/SQLite, and capture simulator proof.","Create a super-realistic app-owned hero photo for a Vietnamese travel phrasebook, matching the premium real-life menu-item hero image quality. No readable text, no logos, no watermarks, no faces as the subject. Keep the main landmark/object recognizable inside the upper third because the iOS masthead crops a shallow horizontal band. Show Cồn Hến / Hen Island with the real visual cue a first-time traveler would recognize. Specific subject guidance: Photorealistic small river island lane with low houses, morning light, and food-stall hints.","no readable text, no watermark, no logos, no fake signs, no unrelated Ha Long Bay/karst imagery for city-specific pages, no people as the main subject",Simulator screenshot plus phone spot-check before DONE,shared or legacy fallback; replace with unique app-owned generated realistic asset,docs/editorial-exports/viet-image-assets/hero-image-production-001/generated_hero_assets.json,Generate a unique realistic menu-quality image for this exact city noun; do not reuse the city masthead or another place image.
P0,NEEDS_UNIQUE_REALISTIC_ASSET,viet-family-city-hcmc-place-municipal-theatre-square,Công trường Lam Sơn / Lam Son Square,landmark,HeroCityHcmc,HeroCityHcmcPlaceMunicipalTheatreSquare,native-ios/Resources/Assets.xcassets/HeroCityHcmc.imageset/hero-city-hcmc.png,,853 x 1844,,853 x 1844,>= 1600 x 2400 preferred,PhraseListingView HeroMastheadImage,"center 50%, upper 25-35%; landmark silhouette must be recognizable",Recognizable subject must survive the top 276pt masthead crop; keep the key visual in the upper third and center 70% width.,city_place_requires_unique_realistic_hero,"Generate owned/licensed hero, crop to repo target, wire heroImageName through source/resources/SQLite, and capture simulator proof.","Create a super-realistic app-owned hero photo for a Vietnamese travel phrasebook, matching the premium real-life menu-item hero image quality. No readable text, no logos, no watermarks, no faces as the subject. Keep the main landmark/object recognizable inside the upper third because the iOS masthead crops a shallow horizontal band. Show Công trường Lam Sơn / Lam Son Square with the real visual cue a first-time traveler would recognize. Specific subject guidance: Lam Son Square with Opera House and city lights, realistic street photo.","no readable text, no watermark, no logos, no fake signs, no unrelated Ha Long Bay/karst imagery for city-specific pages, no people as the main subject",Simulator screenshot plus phone spot-check before DONE,shared or legacy fallback; replace with unique app-owned generated realistic asset,docs/editorial-exports/viet-image-assets/hero-image-production-001/generated_hero_assets.json,Generate a unique realistic menu-quality image for this exact city noun; do not reuse the city masthead or another place image.
P0,NEEDS_UNIQUE_REALISTIC_ASSET,viet-family-city-danang-place-apec-park,Công viên APEC / APEC Park,landmark,HeroCityDanang,HeroCityDanangPlaceApecPark,native-ios/Resources/Assets.xcassets/HeroCityDanang.imageset/hero-city-danang.png,,853 x 1844,,853 x 1844,>= 1600 x 2400 preferred,PhraseListingView HeroMastheadImage,"center 50%, upper 25-35%; landmark silhouette must be recognizable",Recognizable subject must survive the top 276pt masthead crop; keep the key visual in the upper third and center 70% width.,city_place_requires_unique_realistic_hero,"Generate owned/licensed hero, crop to repo target, wire heroImageName through source/resources/SQLite, and capture simulator proof.","Create a super-realistic app-owned hero photo for a Vietnamese travel phrasebook, matching the premium real-life menu-item hero image quality. No readable text, no logos, no watermarks, no faces as the subject. Keep the main landmark/object recognizable inside the upper third because the iOS masthead crops a shallow horizontal band. Show Công viên APEC / APEC Park with the real visual cue a first-time traveler would recognize. Specific subject guidance: Photorealistic owned asset: riverside public park with sculptural canopy and open walkway, afternoon, no brand signs.","no readable text, no watermark, no logos, no fake signs, no unrelated Ha Long Bay/karst imagery for city-specific pages, no people as the main subject",Simulator screenshot plus phone spot-check before DONE,shared or legacy fallback; replace with unique app-owned generated realistic asset,docs/editorial-exports/viet-image-assets/hero-image-production-001/generated_hero_assets.json,Generate a unique realistic menu-quality image for this exact city noun; do not reuse the city masthead or another place image.
P0,NEEDS_UNIQUE_REALISTIC_ASSET,viet-family-city-danang-place-asia-park,Công viên Châu Á / Asia Park,landmark,HeroCityDanang,HeroCityDanangPlaceAsiaPark,native-ios/Resources/Assets.xcassets/HeroCityDanang.imageset/hero-city-danang.png,,853 x 1844,,853 x 1844,>= 1600 x 2400 preferred,PhraseListingView HeroMastheadImage,"center 50%, upper 25-35%; landmark silhouette must be recognizable",Recognizable subject must survive the top 276pt masthead crop; keep the key visual in the upper third and center 70% width.,city_place_requires_unique_realistic_hero,"Generate owned/licensed hero, crop to repo target, wire heroImageName through source/resources/SQLite, and capture simulator proof.","Create a super-realistic app-owned hero photo for a Vietnamese travel phrasebook, matching the premium real-life menu-item hero image quality. No readable text, no logos, no watermarks, no faces as the subject. Keep the main landmark/object recognizable inside the upper third because the iOS masthead crops a shallow horizontal band. Show Công viên Châu Á / Asia Park with the real visual cue a first-time traveler would recognize. Specific subject guidance: Photorealistic owned asset: amusement park skyline with ferris wheel glow at dusk, no logos.","no readable text, no watermark, no logos, no fake signs, no unrelated Ha Long Bay/karst imagery for city-specific pages, no people as the main subject",Simulator screenshot plus phone spot-check before DONE,shared or legacy fallback; replace with unique app-owned generated realistic asset,docs/editorial-exports/viet-image-assets/hero-image-production-001/generated_hero_assets.json,Generate a unique realistic menu-quality image for this exact city noun; do not reuse the city masthead or another place image.
P0,NEEDS_UNIQUE_REALISTIC_ASSET,viet-family-city-hcmc-place-gia-dinh-park,Công viên Gia Định / Gia Dinh Park,landmark,HeroCityHcmc,HeroCityHcmcPlaceGiaDinhPark,native-ios/Resources/Assets.xcassets/HeroCityHcmc.imageset/hero-city-hcmc.png,,853 x 1844,,853 x 1844,>= 1600 x 2400 preferred,PhraseListingView HeroMastheadImage,"center 50%, upper 25-35%; landmark silhouette must be recognizable",Recognizable subject must survive the top 276pt masthead crop; keep the key visual in the upper third and center 70% width.,city_place_requires_unique_realistic_hero,"Generate owned/licensed hero, crop to repo target, wire heroImageName through source/resources/SQLite, and capture simulator proof.","Create a super-realistic app-owned hero photo for a Vietnamese travel phrasebook, matching the premium real-life menu-item hero image quality. No readable text, no logos, no watermarks, no faces as the subject. Keep the main landmark/object recognizable inside the upper third because the iOS masthead crops a shallow horizontal band. Show Công viên Gia Định / Gia Dinh Park with the real visual cue a first-time traveler would recognize. Specific subject guidance: Large Saigon park near airport with trees and walking path, realistic photo.","no readable text, no watermark, no logos, no fake signs, no unrelated Ha Long Bay/karst imagery for city-specific pages, no people as the main subject",Simulator screenshot plus phone spot-check before DONE,shared or legacy fallback; replace with unique app-owned generated realistic asset,docs/editorial-exports/viet-image-assets/hero-image-production-001/generated_hero_assets.json,Generate a unique realistic menu-quality image for this exact city noun; do not reuse the city masthead or another place image.
P0,NEEDS_UNIQUE_REALISTIC_ASSET,viet-family-city-hanoi-place-lenin-park,Công viên Lê Nin / Lenin Park,landmark,HeroCityHanoi,HeroCityHanoiPlaceLeninPark,native-ios/Resources/Assets.xcassets/HeroCityHanoi.imageset/hero-city-hanoi.png,,853 x 1844,,853 x 1844,>= 1600 x 2400 preferred,PhraseListingView HeroMastheadImage,"center 50%, upper 25-35%; landmark silhouette must be recognizable",Recognizable subject must survive the top 276pt masthead crop; keep the key visual in the upper third and center 70% width.,city_place_requires_unique_realistic_hero,"Generate owned/licensed hero, crop to repo target, wire heroImageName through source/resources/SQLite, and capture simulator proof.","Create a super-realistic app-owned hero photo for a Vietnamese travel phrasebook, matching the premium real-life menu-item hero image quality. No readable text, no logos, no watermarks, no faces as the subject. Keep the main landmark/object recognizable inside the upper third because the iOS masthead crops a shallow horizontal band. Show Công viên Lê Nin / Lenin Park with the real visual cue a first-time traveler would recognize. Specific subject guidance: Small Hanoi park with statue plaza and shade trees, realistic photo.","no readable text, no watermark, no logos, no fake signs, no unrelated Ha Long Bay/karst imagery for city-specific pages, no people as the main subject",Simulator screenshot plus phone spot-check before DONE,shared or legacy fallback; replace with unique app-owned generated realistic asset,docs/editorial-exports/viet-image-assets/hero-image-production-001/generated_hero_assets.json,Generate a unique realistic menu-quality image for this exact city noun; do not reuse the city masthead or another place image.
P0,NEEDS_UNIQUE_REALISTIC_ASSET,viet-family-city-hcmc-place-le-van-tam-park,Công viên Lê Văn Tám / Le Van Tam Park,landmark,HeroCityHcmc,HeroCityHcmcPlaceLeVanTamPark,native-ios/Resources/Assets.xcassets/HeroCityHcmc.imageset/hero-city-hcmc.png,,853 x 1844,,853 x 1844,>= 1600 x 2400 preferred,PhraseListingView HeroMastheadImage,"center 50%, upper 25-35%; landmark silhouette must be recognizable",Recognizable subject must survive the top 276pt masthead crop; keep the key visual in the upper third and center 70% width.,city_place_requires_unique_realistic_hero,"Generate owned/licensed hero, crop to repo target, wire heroImageName through source/resources/SQLite, and capture simulator proof.","Create a super-realistic app-owned hero photo for a Vietnamese travel phrasebook, matching the premium real-life menu-item hero image quality. No readable text, no logos, no watermarks, no faces as the subject. Keep the main landmark/object recognizable inside the upper third because the iOS masthead crops a shallow horizontal band. Show Công viên Lê Văn Tám / Le Van Tam Park with the real visual cue a first-time traveler would recognize. Specific subject guidance: Le Van Tam Park shaded paths with scooters outside gate, realistic photo.","no readable text, no watermark, no logos, no fake signs, no unrelated Ha Long Bay/karst imagery for city-specific pages, no people as the main subject",Simulator screenshot plus phone spot-check before DONE,shared or legacy fallback; replace with unique app-owned generated realistic asset,docs/editorial-exports/viet-image-assets/hero-image-production-001/generated_hero_assets.json,Generate a unique realistic menu-quality image for this exact city noun; do not reuse the city masthead or another place image.
P0,NEEDS_UNIQUE_REALISTIC_ASSET,viet-family-city-hcmc-place-tao-dan-park,Công viên Tao Đàn / Tao Dan Park,landmark,HeroCityHcmc,HeroCityHcmcPlaceTaoDanPark,native-ios/Resources/Assets.xcassets/HeroCityHcmc.imageset/hero-city-hcmc.png,,853 x 1844,,853 x 1844,>= 1600 x 2400 preferred,PhraseListingView HeroMastheadImage,"center 50%, upper 25-35%; landmark silhouette must be recognizable",Recognizable subject must survive the top 276pt masthead crop; keep the key visual in the upper third and center 70% width.,city_place_requires_unique_realistic_hero,"Generate owned/licensed hero, crop to repo target, wire heroImageName through source/resources/SQLite, and capture simulator proof.","Create a super-realistic app-owned hero photo for a Vietnamese travel phrasebook, matching the premium real-life menu-item hero image quality. No readable text, no logos, no watermarks, no faces as the subject. Keep the main landmark/object recognizable inside the upper third because the iOS masthead crops a shallow horizontal band. Show Công viên Tao Đàn / Tao Dan Park with the real visual cue a first-time traveler would recognize. Specific subject guidance: Tao Dan Park tree canopy with walkers and benches, realistic morning photo.","no readable text, no watermark, no logos, no fake signs, no unrelated Ha Long Bay/karst imagery for city-specific pages, no people as the main subject",Simulator screenshot plus phone spot-check before DONE,shared or legacy fallback; replace with unique app-owned generated realistic asset,docs/editorial-exports/viet-image-assets/hero-image-production-001/generated_hero_assets.json,Generate a unique realistic menu-quality image for this exact city noun; do not reuse the city masthead or another place image.
P0,NEEDS_UNIQUE_REALISTIC_ASSET,viet-family-city-hanoi-place-thong-nhat-park,Công viên Thống Nhất / Thong Nhat Park,landmark,HeroCityHanoi,HeroCityHanoiPlaceThongNhatPark,native-ios/Resources/Assets.xcassets/HeroCityHanoi.imageset/hero-city-hanoi.png,,853 x 1844,,853 x 1844,>= 1600 x 2400 preferred,PhraseListingView HeroMastheadImage,"center 50%, upper 25-35%; landmark silhouette must be recognizable",Recognizable subject must survive the top 276pt masthead crop; keep the key visual in the upper third and center 70% width.,city_place_requires_unique_realistic_hero,"Generate owned/licensed hero, crop to repo target, wire heroImageName through source/resources/SQLite, and capture simulator proof.","Create a super-realistic app-owned hero photo for a Vietnamese travel phrasebook, matching the premium real-life menu-item hero image quality. No readable text, no logos, no watermarks, no faces as the subject. Keep the main landmark/object recognizable inside the upper third because the iOS masthead crops a shallow horizontal band. Show Công viên Thống Nhất / Thong Nhat Park with the real visual cue a first-time traveler would recognize. Specific subject guidance: Hanoi park path around lake with morning walkers, realistic photo.","no readable text, no watermark, no logos, no fake signs, no unrelated Ha Long Bay/karst imagery for city-specific pages, no people as the main subject",Simulator screenshot plus phone spot-check before DONE,shared or legacy fallback; replace with unique app-owned generated realistic asset,docs/editorial-exports/viet-image-assets/hero-image-production-001/generated_hero_assets.json,Generate a unique realistic menu-quality image for this exact city noun; do not reuse the city masthead or another place image.
P0,NEEDS_UNIQUE_REALISTIC_ASSET,viet-family-city-hcmc-place-vinhomes-central-park,Công viên Vinhomes Central Park / Vinhomes Central Park,landmark,HeroCityHcmc,HeroCityHcmcPlaceVinhomesCentralPark,native-ios/Resources/Assets.xcassets/HeroCityHcmc.imageset/hero-city-hcmc.png,,853 x 1844,,853 x 1844,>= 1600 x 2400 preferred,PhraseListingView HeroMastheadImage,"center 50%, upper 25-35%; landmark silhouette must be recognizable",Recognizable subject must survive the top 276pt masthead crop; keep the key visual in the upper third and center 70% width.,city_place_requires_unique_realistic_hero,"Generate owned/licensed hero, crop to repo target, wire heroImageName through source/resources/SQLite, and capture simulator proof.","Create a super-realistic app-owned hero photo for a Vietnamese travel phrasebook, matching the premium real-life menu-item hero image quality. No readable text, no logos, no watermarks, no faces as the subject. Keep the main landmark/object recognizable inside the upper third because the iOS masthead crops a shallow horizontal band. Show Công viên Vinhomes Central Park / Vinhomes Central Park with the real visual cue a first-time traveler would recognize. Specific subject guidance: Riverside park with Landmark 81 in background, lawns and families, realistic photo.","no readable text, no watermark, no logos, no fake signs, no unrelated Ha Long Bay/karst imagery for city-specific pages, no people as the main subject",Simulator screenshot plus phone spot-check before DONE,shared or legacy fallback; replace with unique app-owned generated realistic asset,docs/editorial-exports/viet-image-assets/hero-image-production-001/generated_hero_assets.json,Generate a unique realistic menu-quality image for this exact city noun; do not reuse the city masthead or another place image.
P0,NEEDS_UNIQUE_REALISTIC_ASSET,viet-family-city-hanoi-place-yen-so-park,Công viên Yên Sở / Yen So Park,landmark,HeroCityHanoi,HeroCityHanoiPlaceYenSoPark,native-ios/Resources/Assets.xcassets/HeroCityHanoi.imageset/hero-city-hanoi.png,,853 x 1844,,853 x 1844,>= 1600 x 2400 preferred,PhraseListingView HeroMastheadImage,"center 50%, upper 25-35%; landmark silhouette must be recognizable",Recognizable subject must survive the top 276pt masthead crop; keep the key visual in the upper third and center 70% width.,city_place_requires_unique_realistic_hero,"Generate owned/licensed hero, crop to repo target, wire heroImageName through source/resources/SQLite, and capture simulator proof.","Create a super-realistic app-owned hero photo for a Vietnamese travel phrasebook, matching the premium real-life menu-item hero image quality. No readable text, no logos, no watermarks, no faces as the subject. Keep the main landmark/object recognizable inside the upper third because the iOS masthead crops a shallow horizontal band. Show Công viên Yên Sở / Yen So Park with the real visual cue a first-time traveler would recognize. Specific subject guidance: Large green Hanoi park with lakeside path and open grass, realistic photo.","no readable text, no watermark, no logos, no fake signs, no unrelated Ha Long Bay/karst imagery for city-specific pages, no people as the main subject",Simulator screenshot plus phone spot-check before DONE,shared or legacy fallback; replace with unique app-owned generated realistic asset,docs/editorial-exports/viet-image-assets/hero-image-production-001/generated_hero_assets.json,Generate a unique realistic menu-quality image for this exact city noun; do not reuse the city masthead or another place image.
P0,NEEDS_UNIQUE_REALISTIC_ASSET,viet-family-city-hanoi-place-hanoi-flag-tower,Cột cờ Hà Nội / Hanoi Flag Tower,landmark,HeroCityHanoi,HeroCityHanoiPlaceHanoiFlagTower,native-ios/Resources/Assets.xcassets/HeroCityHanoi.imageset/hero-city-hanoi.png,,853 x 1844,,853 x 1844,>= 1600 x 2400 preferred,PhraseListingView HeroMastheadImage,"center 50%, upper 25-35%; landmark silhouette must be recognizable",Recognizable subject must survive the top 276pt masthead crop; keep the key visual in the upper third and center 70% width.,city_place_requires_unique_realistic_hero,"Generate owned/licensed hero, crop to repo target, wire heroImageName through source/resources/SQLite, and capture simulator proof.","Create a super-realistic app-owned hero photo for a Vietnamese travel phrasebook, matching the premium real-life menu-item hero image quality. No readable text, no logos, no watermarks, no faces as the subject. Keep the main landmark/object recognizable inside the upper third because the iOS masthead crops a shallow horizontal band. Show Cột cờ Hà Nội / Hanoi Flag Tower with the real visual cue a first-time traveler would recognize. Specific subject guidance: Hanoi Flag Tower with Vietnamese flag against blue sky, realistic documentary photo.","no readable text, no watermark, no logos, no fake signs, no unrelated Ha Long Bay/karst imagery for city-specific pages, no people as the main subject",Simulator screenshot plus phone spot-check before DONE,shared or legacy fallback; replace with unique app-owned generated realistic asset,docs/editorial-exports/viet-image-assets/hero-image-production-001/generated_hero_assets.json,Generate a unique realistic menu-quality image for this exact city noun; do not reuse the city masthead or another place image.
P0,NEEDS_UNIQUE_REALISTIC_ASSET,viet-family-city-hoian-place-cham-islands,Cù Lao Chàm / Cham Islands,landmark,HeroCityHoian,HeroCityHoianPlaceChamIslands,native-ios/Resources/Assets.xcassets/HeroCityHoian.imageset/hero-city-hoian.png,,853 x 1844,,853 x 1844,>= 1600 x 2400 preferred,PhraseListingView HeroMastheadImage,"center 50%, upper 25-35%; landmark silhouette must be recognizable",Recognizable subject must survive the top 276pt masthead crop; keep the key visual in the upper third and center 70% width.,city_place_requires_unique_realistic_hero,"Generate owned/licensed hero, crop to repo target, wire heroImageName through source/resources/SQLite, and capture simulator proof.","Create a super-realistic app-owned hero photo for a Vietnamese travel phrasebook, matching the premium real-life menu-item hero image quality. No readable text, no logos, no watermarks, no faces as the subject. Keep the main landmark/object recognizable inside the upper third because the iOS masthead crops a shallow horizontal band. Show Cù Lao Chàm / Cham Islands with the real visual cue a first-time traveler would recognize. Specific subject guidance: Photorealistic owned asset: turquoise island bay with fishing boats and green hills, clear daylight, no resort logos.","no readable text, no watermark, no logos, no fake signs, no unrelated Ha Long Bay/karst imagery for city-specific pages, no people as the main subject",Simulator screenshot plus phone spot-check before DONE,shared or legacy fallback; replace with unique app-owned generated realistic asset,docs/editorial-exports/viet-image-assets/hero-image-production-001/generated_hero_assets.json,Generate a unique realistic menu-quality image for this exact city noun; do not reuse the city masthead or another place image.
P0,NEEDS_UNIQUE_REALISTIC_ASSET,viet-family-city-hoian-place-cua-dai-estuary,Cửa Đại / Cua Dai Estuary,landmark,HeroCityHoian,HeroCityHoianPlaceCuaDaiEstuary,native-ios/Resources/Assets.xcassets/HeroCityHoian.imageset/hero-city-hoian.png,,853 x 1844,,853 x 1844,>= 1600 x 2400 preferred,PhraseListingView HeroMastheadImage,"center 50%, upper 25-35%; landmark silhouette must be recognizable",Recognizable subject must survive the top 276pt masthead crop; keep the key visual in the upper third and center 70% width.,city_place_requires_unique_realistic_hero,"Generate owned/licensed hero, crop to repo target, wire heroImageName through source/resources/SQLite, and capture simulator proof.","Create a super-realistic app-owned hero photo for a Vietnamese travel phrasebook, matching the premium real-life menu-item hero image quality. No readable text, no logos, no watermarks, no faces as the subject. Keep the main landmark/object recognizable inside the upper third because the iOS masthead crops a shallow horizontal band. Show Cửa Đại / Cua Dai Estuary with the real visual cue a first-time traveler would recognize. Specific subject guidance: Photorealistic owned asset: river meeting the sea with fishing boats and sandbars, hazy morning.","no readable text, no watermark, no logos, no fake signs, no unrelated Ha Long Bay/karst imagery for city-specific pages, no people as the main subject",Simulator screenshot plus phone spot-check before DONE,shared or legacy fallback; replace with unique app-owned generated realistic asset,docs/editorial-exports/viet-image-assets/hero-image-production-001/generated_hero_assets.json,Generate a unique realistic menu-quality image for this exact city noun; do not reuse the city masthead or another place image.
P0,NEEDS_UNIQUE_REALISTIC_ASSET,viet-family-city-hue-place-an-dinh-palace,Cung An Định / An Dinh Palace,landmark,HeroCityHue,HeroCityHuePlaceAnDinhPalace,native-ios/Resources/Assets.xcassets/HeroCityHue.imageset/hero-city-hue.png,,853 x 1844,,853 x 1844,>= 1600 x 2400 preferred,PhraseListingView HeroMastheadImage,"center 50%, upper 25-35%; landmark silhouette must be recognizable",Recognizable subject must survive the top 276pt masthead crop; keep the key visual in the upper third and center 70% width.,city_place_requires_unique_realistic_hero,"Generate owned/licensed hero, crop to repo target, wire heroImageName through source/resources/SQLite, and capture simulator proof.","Create a super-realistic app-owned hero photo for a Vietnamese travel phrasebook, matching the premium real-life menu-item hero image quality. No readable text, no logos, no watermarks, no faces as the subject. Keep the main landmark/object recognizable inside the upper third because the iOS masthead crops a shallow horizontal band. Show Cung An Định / An Dinh Palace with the real visual cue a first-time traveler would recognize. Specific subject guidance: Photorealistic yellow colonial-era palace facade with Hue garden foreground and soft daylight.","no readable text, no watermark, no logos, no fake signs, no unrelated Ha Long Bay/karst imagery for city-specific pages, no people as the main subject",Simulator screenshot plus phone spot-check before DONE,shared or legacy fallback; replace with unique app-owned generated realistic asset,docs/editorial-exports/viet-image-assets/hero-image-production-001/generated_hero_assets.json,Generate a unique realistic menu-quality image for this exact city noun; do not reuse the city masthead or another place image.
P0,NEEDS_UNIQUE_REALISTIC_ASSET,viet-family-city-hue-place-dien-tho-palace,Cung Diên Thọ / Dien Tho Palace,landmark,HeroCityHue,HeroCityHuePlaceDienThoPalace,native-ios/Resources/Assets.xcassets/HeroCityHue.imageset/hero-city-hue.png,,853 x 1844,,853 x 1844,>= 1600 x 2400 preferred,PhraseListingView HeroMastheadImage,"center 50%, upper 25-35%; landmark silhouette must be recognizable",Recognizable subject must survive the top 276pt masthead crop; keep the key visual in the upper third and center 70% width.,city_place_requires_unique_realistic_hero,"Generate owned/licensed hero, crop to repo target, wire heroImageName through source/resources/SQLite, and capture simulator proof.","Create a super-realistic app-owned hero photo for a Vietnamese travel phrasebook, matching the premium real-life menu-item hero image quality. No readable text, no logos, no watermarks, no faces as the subject. Keep the main landmark/object recognizable inside the upper third because the iOS masthead crops a shallow horizontal band. Show Cung Diên Thọ / Dien Tho Palace with the real visual cue a first-time traveler would recognize. Specific subject guidance: Photorealistic quiet palace residence courtyard with yellow walls, old tiles, and garden trees.","no readable text, no watermark, no logos, no fake signs, no unrelated Ha Long Bay/karst imagery for city-specific pages, no people as the main subject",Simulator screenshot plus phone spot-check before DONE,shared or legacy fallback; replace with unique app-owned generated realistic asset,docs/editorial-exports/viet-image-assets/hero-image-production-001/generated_hero_assets.json,Generate a unique realistic menu-quality image for this exact city noun; do not reuse the city masthead or another place image.
P0,NEEDS_UNIQUE_REALISTIC_ASSET,viet-family-city-hue-place-nine-dynastic-urns,Cửu Đỉnh / Nine Dynastic Urns,landmark,HeroCityHue,HeroCityHuePlaceNineDynasticUrns,native-ios/Resources/Assets.xcassets/HeroCityHue.imageset/hero-city-hue.png,,853 x 1844,,853 x 1844,>= 1600 x 2400 preferred,PhraseListingView HeroMastheadImage,"center 50%, upper 25-35%; landmark silhouette must be recognizable",Recognizable subject must survive the top 276pt masthead crop; keep the key visual in the upper third and center 70% width.,city_place_requires_unique_realistic_hero,"Generate owned/licensed hero, crop to repo target, wire heroImageName through source/resources/SQLite, and capture simulator proof.","Create a super-realistic app-owned hero photo for a Vietnamese travel phrasebook, matching the premium real-life menu-item hero image quality. No readable text, no logos, no watermarks, no faces as the subject. Keep the main landmark/object recognizable inside the upper third because the iOS masthead crops a shallow horizontal band. Show Cửu Đỉnh / Nine Dynastic Urns with the real visual cue a first-time traveler would recognize. Specific subject guidance: Photorealistic bronze dynastic urns lined in a royal courtyard with carved relief detail.","no readable text, no watermark, no logos, no fake signs, no unrelated Ha Long Bay/karst imagery for city-specific pages, no people as the main subject",Simulator screenshot plus phone spot-check before DONE,shared or legacy fallback; replace with unique app-owned generated realistic asset,docs/editorial-exports/viet-image-assets/hero-image-production-001/generated_hero_assets.json,Generate a unique realistic menu-quality image for this exact city noun; do not reuse the city masthead or another place image.
P0,NEEDS_UNIQUE_REALISTIC_ASSET,viet-family-city-hue-place-lap-an-lagoon,Đầm Lập An / Lap An Lagoon,landmark,HeroCityHue,HeroCityHuePlaceLapAnLagoon,native-ios/Resources/Assets.xcassets/HeroCityHue.imageset/hero-city-hue.png,,853 x 1844,,853 x 1844,>= 1600 x 2400 preferred,PhraseListingView HeroMastheadImage,"center 50%, upper 25-35%; landmark silhouette must be recognizable",Recognizable subject must survive the top 276pt masthead crop; keep the key visual in the upper third and center 70% width.,city_place_requires_unique_realistic_hero,"Generate owned/licensed hero, crop to repo target, wire heroImageName through source/resources/SQLite, and capture simulator proof.","Create a super-realistic app-owned hero photo for a Vietnamese travel phrasebook, matching the premium real-life menu-item hero image quality. No readable text, no logos, no watermarks, no faces as the subject. Keep the main landmark/object recognizable inside the upper third because the iOS masthead crops a shallow horizontal band. Show Đầm Lập An / Lap An Lagoon with the real visual cue a first-time traveler would recognize. Specific subject guidance: Photorealistic shallow lagoon with mountains and oyster stakes, bright central Vietnam haze.","no readable text, no watermark, no logos, no fake signs, no unrelated Ha Long Bay/karst imagery for city-specific pages, no people as the main subject",Simulator screenshot plus phone spot-check before DONE,shared or legacy fallback; replace with unique app-owned generated realistic asset,docs/editorial-exports/viet-image-assets/hero-image-production-001/generated_hero_assets.json,Generate a unique realistic menu-quality image for this exact city noun; do not reuse the city masthead or another place image.
P0,NEEDS_UNIQUE_REALISTIC_ASSET,viet-family-city-hue-place-nam-giao-esplanade,Đàn Nam Giao / Nam Giao Esplanade,landmark,HeroCityHue,HeroCityHuePlaceNamGiaoEsplanade,native-ios/Resources/Assets.xcassets/HeroCityHue.imageset/hero-city-hue.png,,853 x 1844,,853 x 1844,>= 1600 x 2400 preferred,PhraseListingView HeroMastheadImage,"center 50%, upper 25-35%; landmark silhouette must be recognizable",Recognizable subject must survive the top 276pt masthead crop; keep the key visual in the upper third and center 70% width.,city_place_requires_unique_realistic_hero,"Generate owned/licensed hero, crop to repo target, wire heroImageName through source/resources/SQLite, and capture simulator proof.","Create a super-realistic app-owned hero photo for a Vietnamese travel phrasebook, matching the premium real-life menu-item hero image quality. No readable text, no logos, no watermarks, no faces as the subject. Keep the main landmark/object recognizable inside the upper third because the iOS masthead crops a shallow horizontal band. Show Đàn Nam Giao / Nam Giao Esplanade with the real visual cue a first-time traveler would recognize. Specific subject guidance: Photorealistic open ritual terrace with old brick, trees, and soft ceremonial geometry.","no readable text, no watermark, no logos, no fake signs, no unrelated Ha Long Bay/karst imagery for city-specific pages, no people as the main subject",Simulator screenshot plus phone spot-check before DONE,shared or legacy fallback; replace with unique app-owned generated realistic asset,docs/editorial-exports/viet-image-assets/hero-image-production-001/generated_hero_assets.json,Generate a unique realistic menu-quality image for this exact city noun; do not reuse the city masthead or another place image.
P0,NEEDS_UNIQUE_REALISTIC_ASSET,viet-family-city-hoian-place-an-hoi-island,Đảo An Hội / An Hoi Island,landmark,HeroCityHoian,HeroCityHoianPlaceAnHoiIsland,native-ios/Resources/Assets.xcassets/HeroCityHoian.imageset/hero-city-hoian.png,,853 x 1844,,853 x 1844,>= 1600 x 2400 preferred,PhraseListingView HeroMastheadImage,"center 50%, upper 25-35%; landmark silhouette must be recognizable",Recognizable subject must survive the top 276pt masthead crop; keep the key visual in the upper third and center 70% width.,city_place_requires_unique_realistic_hero,"Generate owned/licensed hero, crop to repo target, wire heroImageName through source/resources/SQLite, and capture simulator proof.","Create a super-realistic app-owned hero photo for a Vietnamese travel phrasebook, matching the premium real-life menu-item hero image quality. No readable text, no logos, no watermarks, no faces as the subject. Keep the main landmark/object recognizable inside the upper third because the iOS masthead crops a shallow horizontal band. Show Đảo An Hội / An Hoi Island with the real visual cue a first-time traveler would recognize. Specific subject guidance: Photorealistic owned asset: lantern-lit riverside island street with low buildings, no readable signs.","no readable text, no watermark, no logos, no fake signs, no unrelated Ha Long Bay/karst imagery for city-specific pages, no people as the main subject",Simulator screenshot plus phone spot-check before DONE,shared or legacy fallback; replace with unique app-owned generated realistic asset,docs/editorial-exports/viet-image-assets/hero-image-production-001/generated_hero_assets.json,Generate a unique realistic menu-quality image for this exact city noun; do not reuse the city masthead or another place image.
P0,NEEDS_UNIQUE_REALISTIC_ASSET,viet-family-city-hoian-place-memories-land,Đảo Ký ức Hội An / Hoi An Memories Land,landmark,HeroCityHoian,HeroCityHoianPlaceMemoriesLand,native-ios/Resources/Assets.xcassets/HeroCityHoian.imageset/hero-city-hoian.png,,853 x 1844,,853 x 1844,>= 1600 x 2400 preferred,PhraseListingView HeroMastheadImage,"center 50%, upper 25-35%; landmark silhouette must be recognizable",Recognizable subject must survive the top 276pt masthead crop; keep the key visual in the upper third and center 70% width.,city_place_requires_unique_realistic_hero,"Generate owned/licensed hero, crop to repo target, wire heroImageName through source/resources/SQLite, and capture simulator proof.","Create a super-realistic app-owned hero photo for a Vietnamese travel phrasebook, matching the premium real-life menu-item hero image quality. No readable text, no logos, no watermarks, no faces as the subject. Keep the main landmark/object recognizable inside the upper third because the iOS masthead crops a shallow horizontal band. Show Đảo Ký ức Hội An / Hoi An Memories Land with the real visual cue a first-time traveler would recognize. Specific subject guidance: Photorealistic owned asset: riverside performance-island entrance at dusk with lantern glow, no logos or show posters.","no readable text, no watermark, no logos, no fake signs, no unrelated Ha Long Bay/karst imagery for city-specific pages, no people as the main subject",Simulator screenshot plus phone spot-check before DONE,shared or legacy fallback; replace with unique app-owned generated realistic asset,docs/editorial-exports/viet-image-assets/hero-image-production-001/generated_hero_assets.json,Generate a unique realistic menu-quality image for this exact city noun; do not reuse the city masthead or another place image.
P0,NEEDS_UNIQUE_REALISTIC_ASSET,viet-family-city-hue-place-huyen-tran-temple,Đền Huyền Trân / Huyen Tran Princess Temple,landmark,HeroCityHue,HeroCityHuePlaceHuyenTranTemple,native-ios/Resources/Assets.xcassets/HeroCityHue.imageset/hero-city-hue.png,,853 x 1844,,853 x 1844,>= 1600 x 2400 preferred,PhraseListingView HeroMastheadImage,"center 50%, upper 25-35%; landmark silhouette must be recognizable",Recognizable subject must survive the top 276pt masthead crop; keep the key visual in the upper third and center 70% width.,city_place_requires_unique_realistic_hero,"Generate owned/licensed hero, crop to repo target, wire heroImageName through source/resources/SQLite, and capture simulator proof.","Create a super-realistic app-owned hero photo for a Vietnamese travel phrasebook, matching the premium real-life menu-item hero image quality. No readable text, no logos, no watermarks, no faces as the subject. Keep the main landmark/object recognizable inside the upper third because the iOS masthead crops a shallow horizontal band. Show Đền Huyền Trân / Huyen Tran Princess Temple with the real visual cue a first-time traveler would recognize. Specific subject guidance: Photorealistic temple courtyard with red pillars, incense smoke, and forested Hue hillside beyond.","no readable text, no watermark, no logos, no fake signs, no unrelated Ha Long Bay/karst imagery for city-specific pages, no people as the main subject",Simulator screenshot plus phone spot-check before DONE,shared or legacy fallback; replace with unique app-owned generated realistic asset,docs/editorial-exports/viet-image-assets/hero-image-production-001/generated_hero_assets.json,Generate a unique realistic menu-quality image for this exact city noun; do not reuse the city masthead or another place image.
P0,NEEDS_UNIQUE_REALISTIC_ASSET,viet-family-city-hcmc-place-mariamman-temple,Đền Mariamman / Mariamman Hindu Temple,landmark,HeroCityHcmc,HeroCityHcmcPlaceMariammanTemple,native-ios/Resources/Assets.xcassets/HeroCityHcmc.imageset/hero-city-hcmc.png,,853 x 1844,,853 x 1844,>= 1600 x 2400 preferred,PhraseListingView HeroMastheadImage,"center 50%, upper 25-35%; landmark silhouette must be recognizable",Recognizable subject must survive the top 276pt masthead crop; keep the key visual in the upper third and center 70% width.,city_place_requires_unique_realistic_hero,"Generate owned/licensed hero, crop to repo target, wire heroImageName through source/resources/SQLite, and capture simulator proof.","Create a super-realistic app-owned hero photo for a Vietnamese travel phrasebook, matching the premium real-life menu-item hero image quality. No readable text, no logos, no watermarks, no faces as the subject. Keep the main landmark/object recognizable inside the upper third because the iOS masthead crops a shallow horizontal band. Show Đền Mariamman / Mariamman Hindu Temple with the real visual cue a first-time traveler would recognize. Specific subject guidance: Colorful Hindu temple facade in central Saigon street, realistic photo.","no readable text, no watermark, no logos, no fake signs, no unrelated Ha Long Bay/karst imagery for city-specific pages, no people as the main subject",Simulator screenshot plus phone spot-check before DONE,shared or legacy fallback; replace with unique app-owned generated realistic asset,docs/editorial-exports/viet-image-assets/hero-image-production-001/generated_hero_assets.json,Generate a unique realistic menu-quality image for this exact city noun; do not reuse the city masthead or another place image.
P0,NEEDS_UNIQUE_REALISTIC_ASSET,viet-family-city-hanoi-place-ngoc-son-temple,Đền Ngọc Sơn / Ngoc Son Temple,landmark,HeroCityHanoi,HeroCityHanoiPlaceNgocSonTemple,native-ios/Resources/Assets.xcassets/HeroCityHanoi.imageset/hero-city-hanoi.png,,853 x 1844,,853 x 1844,>= 1600 x 2400 preferred,PhraseListingView HeroMastheadImage,"center 50%, upper 25-35%; landmark silhouette must be recognizable",Recognizable subject must survive the top 276pt masthead crop; keep the key visual in the upper third and center 70% width.,city_place_requires_unique_realistic_hero,"Generate owned/licensed hero, crop to repo target, wire heroImageName through source/resources/SQLite, and capture simulator proof.","Create a super-realistic app-owned hero photo for a Vietnamese travel phrasebook, matching the premium real-life menu-item hero image quality. No readable text, no logos, no watermarks, no faces as the subject. Keep the main landmark/object recognizable inside the upper third because the iOS masthead crops a shallow horizontal band. Show Đền Ngọc Sơn / Ngoc Son Temple with the real visual cue a first-time traveler would recognize. Specific subject guidance: Red Huc Bridge leading to Ngoc Son Temple, lake trees, realistic morning photo.","no readable text, no watermark, no logos, no fake signs, no unrelated Ha Long Bay/karst imagery for city-specific pages, no people as the main subject",Simulator screenshot plus phone spot-check before DONE,shared or legacy fallback; replace with unique app-owned generated realistic asset,docs/editorial-exports/viet-image-assets/hero-image-production-001/generated_hero_assets.json,Generate a unique realistic menu-quality image for this exact city noun; do not reuse the city masthead or another place image.
P0,NEEDS_UNIQUE_REALISTIC_ASSET,viet-family-city-hanoi-place-quan-thanh-temple,Đền Quán Thánh / Quan Thanh Temple,landmark,HeroCityHanoi,HeroCityHanoiPlaceQuanThanhTemple,native-ios/Resources/Assets.xcassets/HeroCityHanoi.imageset/hero-city-hanoi.png,,853 x 1844,,853 x 1844,>= 1600 x 2400 preferred,PhraseListingView HeroMastheadImage,"center 50%, upper 25-35%; landmark silhouette must be recognizable",Recognizable subject must survive the top 276pt masthead crop; keep the key visual in the upper third and center 70% width.,city_place_requires_unique_realistic_hero,"Generate owned/licensed hero, crop to repo target, wire heroImageName through source/resources/SQLite, and capture simulator proof.","Create a super-realistic app-owned hero photo for a Vietnamese travel phrasebook, matching the premium real-life menu-item hero image quality. No readable text, no logos, no watermarks, no faces as the subject. Keep the main landmark/object recognizable inside the upper third because the iOS masthead crops a shallow horizontal band. Show Đền Quán Thánh / Quan Thanh Temple with the real visual cue a first-time traveler would recognize. Specific subject guidance: Stone gate of Quan Thanh Temple, incense smoke, green trees, realistic Vietnam photo.","no readable text, no watermark, no logos, no fake signs, no unrelated Ha Long Bay/karst imagery for city-specific pages, no people as the main subject",Simulator screenshot plus phone spot-check before DONE,shared or legacy fallback; replace with unique app-owned generated realistic asset,docs/editorial-exports/viet-image-assets/hero-image-production-001/generated_hero_assets.json,Generate a unique realistic menu-quality image for this exact city noun; do not reuse the city masthead or another place image.
P0,NEEDS_UNIQUE_REALISTIC_ASSET,viet-family-city-danang-place-hai-van-pass,Đèo Hải Vân / Hai Van Pass,landmark,HeroCityDanang,HeroCityDanangPlaceHaiVanPass,native-ios/Resources/Assets.xcassets/HeroCityDanang.imageset/hero-city-danang.png,,853 x 1844,,853 x 1844,>= 1600 x 2400 preferred,PhraseListingView HeroMastheadImage,"center 50%, upper 25-35%; landmark silhouette must be recognizable",Recognizable subject must survive the top 276pt masthead crop; keep the key visual in the upper third and center 70% width.,city_place_requires_unique_realistic_hero,"Generate owned/licensed hero, crop to repo target, wire heroImageName through source/resources/SQLite, and capture simulator proof.","Create a super-realistic app-owned hero photo for a Vietnamese travel phrasebook, matching the premium real-life menu-item hero image quality. No readable text, no logos, no watermarks, no faces as the subject. Keep the main landmark/object recognizable inside the upper third because the iOS masthead crops a shallow horizontal band. Show Đèo Hải Vân / Hai Van Pass with the real visual cue a first-time traveler would recognize. Specific subject guidance: Photorealistic owned asset: coastal mountain pass road with sea below and low clouds, rider-free landscape.","no readable text, no watermark, no logos, no fake signs, no unrelated Ha Long Bay/karst imagery for city-specific pages, no people as the main subject",Simulator screenshot plus phone spot-check before DONE,shared or legacy fallback; replace with unique app-owned generated realistic asset,docs/editorial-exports/viet-image-assets/hero-image-production-001/generated_hero_assets.json,Generate a unique realistic menu-quality image for this exact city noun; do not reuse the city masthead or another place image.
P0,NEEDS_UNIQUE_REALISTIC_ASSET,viet-family-city-hcmc-place-cu-chi-tunnels,Địa đạo Củ Chi / Cu Chi Tunnels,landmark,HeroCityHcmc,HeroCityHcmcPlaceCuChiTunnels,native-ios/Resources/Assets.xcassets/HeroCityHcmc.imageset/hero-city-hcmc.png,,853 x 1844,,853 x 1844,>= 1600 x 2400 preferred,PhraseListingView HeroMastheadImage,"center 50%, upper 25-35%; landmark silhouette must be recognizable",Recognizable subject must survive the top 276pt masthead crop; keep the key visual in the upper third and center 70% width.,city_place_requires_unique_realistic_hero,"Generate owned/licensed hero, crop to repo target, wire heroImageName through source/resources/SQLite, and capture simulator proof.","Create a super-realistic app-owned hero photo for a Vietnamese travel phrasebook, matching the premium real-life menu-item hero image quality. No readable text, no logos, no watermarks, no faces as the subject. Keep the main landmark/object recognizable inside the upper third because the iOS masthead crops a shallow horizontal band. Show Địa đạo Củ Chi / Cu Chi Tunnels with the real visual cue a first-time traveler would recognize. Specific subject guidance: Forest entrance and tunnel display at Cu Chi, respectful daylight, realistic photo.","no readable text, no watermark, no logos, no fake signs, no unrelated Ha Long Bay/karst imagery for city-specific pages, no people as the main subject",Simulator screenshot plus phone spot-check before DONE,shared or legacy fallback; replace with unique app-owned generated realistic asset,docs/editorial-exports/viet-image-assets/hero-image-production-001/generated_hero_assets.json,Generate a unique realistic menu-quality image for this exact city noun; do not reuse the city masthead or another place image.
P0,NEEDS_UNIQUE_REALISTIC_ASSET,viet-family-city-hue-place-hon-chen-temple,Điện Hòn Chén / Hon Chen Temple,landmark,HeroCityHue,HeroCityHuePlaceHonChenTemple,native-ios/Resources/Assets.xcassets/HeroCityHue.imageset/hero-city-hue.png,,853 x 1844,,853 x 1844,>= 1600 x 2400 preferred,PhraseListingView HeroMastheadImage,"center 50%, upper 25-35%; landmark silhouette must be recognizable",Recognizable subject must survive the top 276pt masthead crop; keep the key visual in the upper third and center 70% width.,city_place_requires_unique_realistic_hero,"Generate owned/licensed hero, crop to repo target, wire heroImageName through source/resources/SQLite, and capture simulator proof.","Create a super-realistic app-owned hero photo for a Vietnamese travel phrasebook, matching the premium real-life menu-item hero image quality. No readable text, no logos, no watermarks, no faces as the subject. Keep the main landmark/object recognizable inside the upper third because the iOS masthead crops a shallow horizontal band. Show Điện Hòn Chén / Hon Chen Temple with the real visual cue a first-time traveler would recognize. Specific subject guidance: Photorealistic riverside temple on a green slope with dragon boat passing below.","no readable text, no watermark, no logos, no fake signs, no unrelated Ha Long Bay/karst imagery for city-specific pages, no people as the main subject",Simulator screenshot plus phone spot-check before DONE,shared or legacy fallback; replace with unique app-owned generated realistic asset,docs/editorial-exports/viet-image-assets/hero-image-production-001/generated_hero_assets.json,Generate a unique realistic menu-quality image for this exact city noun; do not reuse the city masthead or another place image.
P0,NEEDS_UNIQUE_REALISTIC_ASSET,viet-family-city-hue-place-long-an-palace,Điện Long An / Long An Palace,landmark,HeroCityHue,HeroCityHuePlaceLongAnPalace,native-ios/Resources/Assets.xcassets/HeroCityHue.imageset/hero-city-hue.png,,853 x 1844,,853 x 1844,>= 1600 x 2400 preferred,PhraseListingView HeroMastheadImage,"center 50%, upper 25-35%; landmark silhouette must be recognizable",Recognizable subject must survive the top 276pt masthead crop; keep the key visual in the upper third and center 70% width.,city_place_requires_unique_realistic_hero,"Generate owned/licensed hero, crop to repo target, wire heroImageName through source/resources/SQLite, and capture simulator proof.","Create a super-realistic app-owned hero photo for a Vietnamese travel phrasebook, matching the premium real-life menu-item hero image quality. No readable text, no logos, no watermarks, no faces as the subject. Keep the main landmark/object recognizable inside the upper third because the iOS masthead crops a shallow horizontal band. Show Điện Long An / Long An Palace with the real visual cue a first-time traveler would recognize. Specific subject guidance: Photorealistic carved wooden palace hall with polished floor and display cases, no visible visitors.","no readable text, no watermark, no logos, no fake signs, no unrelated Ha Long Bay/karst imagery for city-specific pages, no people as the main subject",Simulator screenshot plus phone spot-check before DONE,shared or legacy fallback; replace with unique app-owned generated realistic asset,docs/editorial-exports/viet-image-assets/hero-image-production-001/generated_hero_assets.json,Generate a unique realistic menu-quality image for this exact city noun; do not reuse the city masthead or another place image.
P0,NEEDS_UNIQUE_REALISTIC_ASSET,viet-family-city-hue-place-thai-hoa-palace,Điện Thái Hòa / Thai Hoa Palace,landmark,HeroCityHue,HeroCityHuePlaceThaiHoaPalace,native-ios/Resources/Assets.xcassets/HeroCityHue.imageset/hero-city-hue.png,,853 x 1844,,853 x 1844,>= 1600 x 2400 preferred,PhraseListingView HeroMastheadImage,"center 50%, upper 25-35%; landmark silhouette must be recognizable",Recognizable subject must survive the top 276pt masthead crop; keep the key visual in the upper third and center 70% width.,city_place_requires_unique_realistic_hero,"Generate owned/licensed hero, crop to repo target, wire heroImageName through source/resources/SQLite, and capture simulator proof.","Create a super-realistic app-owned hero photo for a Vietnamese travel phrasebook, matching the premium real-life menu-item hero image quality. No readable text, no logos, no watermarks, no faces as the subject. Keep the main landmark/object recognizable inside the upper third because the iOS masthead crops a shallow horizontal band. Show Điện Thái Hòa / Thai Hoa Palace with the real visual cue a first-time traveler would recognize. Specific subject guidance: Photorealistic restored palace hall with gilded interior hints, red columns, controlled museum lighting.","no readable text, no watermark, no logos, no fake signs, no unrelated Ha Long Bay/karst imagery for city-specific pages, no people as the main subject",Simulator screenshot plus phone spot-check before DONE,shared or legacy fallback; replace with unique app-owned generated realistic asset,docs/editorial-exports/viet-image-assets/hero-image-production-001/generated_hero_assets.json,Generate a unique realistic menu-quality image for this exact city noun; do not reuse the city masthead or another place image.
P0,NEEDS_UNIQUE_REALISTIC_ASSET,viet-family-city-danang-place-ban-co-peak,Đỉnh Bàn Cờ / Ban Co Peak,landmark,HeroCityDanang,HeroCityDanangPlaceBanCoPeak,native-ios/Resources/Assets.xcassets/HeroCityDanang.imageset/hero-city-danang.png,,853 x 1844,,853 x 1844,>= 1600 x 2400 preferred,PhraseListingView HeroMastheadImage,"center 50%, upper 25-35%; landmark silhouette must be recognizable",Recognizable subject must survive the top 276pt masthead crop; keep the key visual in the upper third and center 70% width.,city_place_requires_unique_realistic_hero,"Generate owned/licensed hero, crop to repo target, wire heroImageName through source/resources/SQLite, and capture simulator proof.","Create a super-realistic app-owned hero photo for a Vietnamese travel phrasebook, matching the premium real-life menu-item hero image quality. No readable text, no logos, no watermarks, no faces as the subject. Keep the main landmark/object recognizable inside the upper third because the iOS masthead crops a shallow horizontal band. Show Đỉnh Bàn Cờ / Ban Co Peak with the real visual cue a first-time traveler would recognize. Specific subject guidance: Photorealistic owned asset: mountain viewpoint road with Da Nang coastline below, soft haze, no identifiable tourists.","no readable text, no watermark, no logos, no fake signs, no unrelated Ha Long Bay/karst imagery for city-specific pages, no people as the main subject",Simulator screenshot plus phone spot-check before DONE,shared or legacy fallback; replace with unique app-owned generated realistic asset,docs/editorial-exports/viet-image-assets/hero-image-production-001/generated_hero_assets.json,Generate a unique realistic menu-quality image for this exact city noun; do not reuse the city masthead or another place image.
P0,NEEDS_UNIQUE_REALISTIC_ASSET,viet-family-city-hcmc-place-independence-palace,Dinh Độc Lập / Independence Palace,landmark,HeroCityHcmc,HeroCityHcmcPlaceIndependencePalace,native-ios/Resources/Assets.xcassets/HeroCityHcmc.imageset/hero-city-hcmc.png,,853 x 1844,,853 x 1844,>= 1600 x 2400 preferred,PhraseListingView HeroMastheadImage,"center 50%, upper 25-35%; landmark silhouette must be recognizable",Recognizable subject must survive the top 276pt masthead crop; keep the key visual in the upper third and center 70% width.,city_place_requires_unique_realistic_hero,"Generate owned/licensed hero, crop to repo target, wire heroImageName through source/resources/SQLite, and capture simulator proof.","Create a super-realistic app-owned hero photo for a Vietnamese travel phrasebook, matching the premium real-life menu-item hero image quality. No readable text, no logos, no watermarks, no faces as the subject. Keep the main landmark/object recognizable inside the upper third because the iOS masthead crops a shallow horizontal band. Show Dinh Độc Lập / Independence Palace with the real visual cue a first-time traveler would recognize. Specific subject guidance: Independence Palace front lawn and modernist facade, daylight, realistic photo.","no readable text, no watermark, no logos, no fake signs, no unrelated Ha Long Bay/karst imagery for city-specific pages, no people as the main subject",Simulator screenshot plus phone spot-check before DONE,shared or legacy fallback; replace with unique app-owned generated realistic asset,docs/editorial-exports/viet-image-assets/hero-image-production-001/generated_hero_assets.json,Generate a unique realistic menu-quality image for this exact city noun; do not reuse the city masthead or another place image.
P0,NEEDS_UNIQUE_REALISTIC_ASSET,viet-family-city-hue-place-vong-canh-hill,Đồi Vọng Cảnh / Vong Canh Hill,landmark,HeroCityHue,HeroCityHuePlaceVongCanhHill,native-ios/Resources/Assets.xcassets/HeroCityHue.imageset/hero-city-hue.png,,853 x 1844,,853 x 1844,>= 1600 x 2400 preferred,PhraseListingView HeroMastheadImage,"center 50%, upper 25-35%; landmark silhouette must be recognizable",Recognizable subject must survive the top 276pt masthead crop; keep the key visual in the upper third and center 70% width.,city_place_requires_unique_realistic_hero,"Generate owned/licensed hero, crop to repo target, wire heroImageName through source/resources/SQLite, and capture simulator proof.","Create a super-realistic app-owned hero photo for a Vietnamese travel phrasebook, matching the premium real-life menu-item hero image quality. No readable text, no logos, no watermarks, no faces as the subject. Keep the main landmark/object recognizable inside the upper third because the iOS masthead crops a shallow horizontal band. Show Đồi Vọng Cảnh / Vong Canh Hill with the real visual cue a first-time traveler would recognize. Specific subject guidance: Photorealistic pine-covered hill viewpoint over Perfume River bends and distant mountains.","no readable text, no watermark, no logos, no fake signs, no unrelated Ha Long Bay/karst imagery for city-specific pages, no people as the main subject",Simulator screenshot plus phone spot-check before DONE,shared or legacy fallback; replace with unique app-owned generated realistic asset,docs/editorial-exports/viet-image-assets/hero-image-production-001/generated_hero_assets.json,Generate a unique realistic menu-quality image for this exact city noun; do not reuse the city masthead or another place image.
P0,NEEDS_UNIQUE_REALISTIC_ASSET,viet-family-city-hanoi-place-dong-da,Đống Đa / Dong Da,landmark,HeroCityHanoi,HeroCityHanoiPlaceDongDa,native-ios/Resources/Assets.xcassets/HeroCityHanoi.imageset/hero-city-hanoi.png,,853 x 1844,,853 x 1844,>= 1600 x 2400 preferred,PhraseListingView HeroMastheadImage,"center 50%, upper 25-35%; landmark silhouette must be recognizable",Recognizable subject must survive the top 276pt masthead crop; keep the key visual in the upper third and center 70% width.,city_place_requires_unique_realistic_hero,"Generate owned/licensed hero, crop to repo target, wire heroImageName through source/resources/SQLite, and capture simulator proof.","Create a super-realistic app-owned hero photo for a Vietnamese travel phrasebook, matching the premium real-life menu-item hero image quality. No readable text, no logos, no watermarks, no faces as the subject. Keep the main landmark/object recognizable inside the upper third because the iOS masthead crops a shallow horizontal band. Show Đống Đa / Dong Da with the real visual cue a first-time traveler would recognize. Specific subject guidance: Hanoi urban district street in Dong Da with local shops, realistic photo.","no readable text, no watermark, no logos, no fake signs, no unrelated Ha Long Bay/karst imagery for city-specific pages, no people as the main subject",Simulator screenshot plus phone spot-check before DONE,shared or legacy fallback; replace with unique app-owned generated realistic asset,docs/editorial-exports/viet-image-assets/hero-image-production-001/generated_hero_assets.json,Generate a unique realistic menu-quality image for this exact city noun; do not reuse the city masthead or another place image.
P0,NEEDS_UNIQUE_REALISTIC_ASSET,viet-family-city-hue-place-duyet-thi-duong-theater,Duyệt Thị Đường / Duyet Thi Duong Royal Theater,landmark,HeroCityHue,HeroCityHuePlaceDuyetThiDuongTheater,native-ios/Resources/Assets.xcassets/HeroCityHue.imageset/hero-city-hue.png,,853 x 1844,,853 x 1844,>= 1600 x 2400 preferred,PhraseListingView HeroMastheadImage,"center 50%, upper 25-35%; landmark silhouette must be recognizable",Recognizable subject must survive the top 276pt masthead crop; keep the key visual in the upper third and center 70% width.,city_place_requires_unique_realistic_hero,"Generate owned/licensed hero, crop to repo target, wire heroImageName through source/resources/SQLite, and capture simulator proof.","Create a super-realistic app-owned hero photo for a Vietnamese travel phrasebook, matching the premium real-life menu-item hero image quality. No readable text, no logos, no watermarks, no faces as the subject. Keep the main landmark/object recognizable inside the upper third because the iOS masthead crops a shallow horizontal band. Show Duyệt Thị Đường / Duyet Thi Duong Royal Theater with the real visual cue a first-time traveler would recognize. Specific subject guidance: Photorealistic royal theater interior with lacquered beams, stage, and warm low light.","no readable text, no watermark, no logos, no fake signs, no unrelated Ha Long Bay/karst imagery for city-specific pages, no people as the main subject",Simulator screenshot plus phone spot-check before DONE,shared or legacy fallback; replace with unique app-owned generated realistic asset,docs/editorial-exports/viet-image-assets/hero-image-production-001/generated_hero_assets.json,Generate a unique realistic menu-quality image for this exact city noun; do not reuse the city masthead or another place image.
P0,NEEDS_UNIQUE_REALISTIC_ASSET,viet-family-city-hcmc-place-ben-thanh-metro-station,Ga Bến Thành / Ben Thanh Metro Station,landmark,HeroCityHcmc,HeroCityHcmcPlaceBenThanhMetroStation,native-ios/Resources/Assets.xcassets/HeroCityHcmc.imageset/hero-city-hcmc.png,,853 x 1844,,853 x 1844,>= 1600 x 2400 preferred,PhraseListingView HeroMastheadImage,"center 50%, upper 25-35%; landmark silhouette must be recognizable",Recognizable subject must survive the top 276pt masthead crop; keep the key visual in the upper third and center 70% width.,city_place_requires_unique_realistic_hero,"Generate owned/licensed hero, crop to repo target, wire heroImageName through source/resources/SQLite, and capture simulator proof.","Create a super-realistic app-owned hero photo for a Vietnamese travel phrasebook, matching the premium real-life menu-item hero image quality. No readable text, no logos, no watermarks, no faces as the subject. Keep the main landmark/object recognizable inside the upper third because the iOS masthead crops a shallow horizontal band. Show Ga Bến Thành / Ben Thanh Metro Station with the real visual cue a first-time traveler would recognize. Specific subject guidance: Modern metro station entrance near Ben Thanh Market, realistic city photo.","no readable text, no watermark, no logos, no fake signs, no unrelated Ha Long Bay/karst imagery for city-specific pages, no people as the main subject",Simulator screenshot plus phone spot-check before DONE,shared or legacy fallback; replace with unique app-owned generated realistic asset,docs/editorial-exports/viet-image-assets/hero-image-production-001/generated_hero_assets.json,Generate a unique realistic menu-quality image for this exact city noun; do not reuse the city masthead or another place image.
P0,NEEDS_UNIQUE_REALISTIC_ASSET,viet-family-city-danang-place-railway-station,Ga Đà Nẵng / Da Nang Railway Station,landmark,HeroCityDanang,HeroCityDanangPlaceRailwayStation,native-ios/Resources/Assets.xcassets/HeroCityDanang.imageset/hero-city-danang.png,,853 x 1844,,853 x 1844,>= 1600 x 2400 preferred,PhraseListingView HeroMastheadImage,"center 50%, upper 25-35%; landmark silhouette must be recognizable",Recognizable subject must survive the top 276pt masthead crop; keep the key visual in the upper third and center 70% width.,city_place_requires_unique_realistic_hero,"Generate owned/licensed hero, crop to repo target, wire heroImageName through source/resources/SQLite, and capture simulator proof.","Create a super-realistic app-owned hero photo for a Vietnamese travel phrasebook, matching the premium real-life menu-item hero image quality. No readable text, no logos, no watermarks, no faces as the subject. Keep the main landmark/object recognizable inside the upper third because the iOS masthead crops a shallow horizontal band. Show Ga Đà Nẵng / Da Nang Railway Station with the real visual cue a first-time traveler would recognize. Specific subject guidance: Photorealistic owned asset: Vietnamese railway station exterior with tracks implied, daylight, no readable train numbers.","no readable text, no watermark, no logos, no fake signs, no unrelated Ha Long Bay/karst imagery for city-specific pages, no people as the main subject",Simulator screenshot plus phone spot-check before DONE,shared or legacy fallback; replace with unique app-owned generated realistic asset,docs/editorial-exports/viet-image-assets/hero-image-production-001/generated_hero_assets.json,Generate a unique realistic menu-quality image for this exact city noun; do not reuse the city masthead or another place image.
P0,NEEDS_UNIQUE_REALISTIC_ASSET,viet-family-city-hoian-place-from-danang-railway-station,Ga Đà Nẵng đi Hội An / Da Nang Railway Station for Hoi An,landmark,HeroCityHoian,HeroCityHoianPlaceFromDanangRailwayStation,native-ios/Resources/Assets.xcassets/HeroCityHoian.imageset/hero-city-hoian.png,,853 x 1844,,853 x 1844,>= 1600 x 2400 preferred,PhraseListingView HeroMastheadImage,"center 50%, upper 25-35%; landmark silhouette must be recognizable",Recognizable subject must survive the top 276pt masthead crop; keep the key visual in the upper third and center 70% width.,city_place_requires_unique_realistic_hero,"Generate owned/licensed hero, crop to repo target, wire heroImageName through source/resources/SQLite, and capture simulator proof.","Create a super-realistic app-owned hero photo for a Vietnamese travel phrasebook, matching the premium real-life menu-item hero image quality. No readable text, no logos, no watermarks, no faces as the subject. Keep the main landmark/object recognizable inside the upper third because the iOS masthead crops a shallow horizontal band. Show Ga Đà Nẵng đi Hội An / Da Nang Railway Station for Hoi An with the real visual cue a first-time traveler would recognize. Specific subject guidance: Photorealistic owned asset: railway station exterior with luggage and neutral taxi lane, no readable train signage.","no readable text, no watermark, no logos, no fake signs, no unrelated Ha Long Bay/karst imagery for city-specific pages, no people as the main subject",Simulator screenshot plus phone spot-check before DONE,shared or legacy fallback; replace with unique app-owned generated realistic asset,docs/editorial-exports/viet-image-assets/hero-image-production-001/generated_hero_assets.json,Generate a unique realistic menu-quality image for this exact city noun; do not reuse the city masthead or another place image.
P0,NEEDS_UNIQUE_REALISTIC_ASSET,viet-family-city-hanoi-place-gia-lam-station,Ga Gia Lâm / Gia Lam Railway Station,landmark,HeroCityHanoi,HeroCityHanoiPlaceGiaLamStation,native-ios/Resources/Assets.xcassets/HeroCityHanoi.imageset/hero-city-hanoi.png,,853 x 1844,,853 x 1844,>= 1600 x 2400 preferred,PhraseListingView HeroMastheadImage,"center 50%, upper 25-35%; landmark silhouette must be recognizable",Recognizable subject must survive the top 276pt masthead crop; keep the key visual in the upper third and center 70% width.,city_place_requires_unique_realistic_hero,"Generate owned/licensed hero, crop to repo target, wire heroImageName through source/resources/SQLite, and capture simulator proof.","Create a super-realistic app-owned hero photo for a Vietnamese travel phrasebook, matching the premium real-life menu-item hero image quality. No readable text, no logos, no watermarks, no faces as the subject. Keep the main landmark/object recognizable inside the upper third because the iOS masthead crops a shallow horizontal band. Show Ga Gia Lâm / Gia Lam Railway Station with the real visual cue a first-time traveler would recognize. Specific subject guidance: Smaller Hanoi railway station platform with Vietnamese signage, realistic photo.","no readable text, no watermark, no logos, no fake signs, no unrelated Ha Long Bay/karst imagery for city-specific pages, no people as the main subject",Simulator screenshot plus phone spot-check before DONE,shared or legacy fallback; replace with unique app-owned generated realistic asset,docs/editorial-exports/viet-image-assets/hero-image-production-001/generated_hero_assets.json,Generate a unique realistic menu-quality image for this exact city noun; do not reuse the city masthead or another place image.
P0,NEEDS_UNIQUE_REALISTIC_ASSET,viet-family-city-hanoi-place-hanoi-railway-station,Ga Hà Nội / Hanoi Railway Station,landmark,HeroCityHanoi,HeroCityHanoiPlaceHanoiRailwayStation,native-ios/Resources/Assets.xcassets/HeroCityHanoi.imageset/hero-city-hanoi.png,,853 x 1844,,853 x 1844,>= 1600 x 2400 preferred,PhraseListingView HeroMastheadImage,"center 50%, upper 25-35%; landmark silhouette must be recognizable",Recognizable subject must survive the top 276pt masthead crop; keep the key visual in the upper third and center 70% width.,city_place_requires_unique_realistic_hero,"Generate owned/licensed hero, crop to repo target, wire heroImageName through source/resources/SQLite, and capture simulator proof.","Create a super-realistic app-owned hero photo for a Vietnamese travel phrasebook, matching the premium real-life menu-item hero image quality. No readable text, no logos, no watermarks, no faces as the subject. Keep the main landmark/object recognizable inside the upper third because the iOS masthead crops a shallow horizontal band. Show Ga Hà Nội / Hanoi Railway Station with the real visual cue a first-time traveler would recognize. Specific subject guidance: Hanoi Railway Station facade with tracks sign and taxis, realistic photo.","no readable text, no watermark, no logos, no fake signs, no unrelated Ha Long Bay/karst imagery for city-specific pages, no people as the main subject",Simulator screenshot plus phone spot-check before DONE,shared or legacy fallback; replace with unique app-owned generated realistic asset,docs/editorial-exports/viet-image-assets/hero-image-production-001/generated_hero_assets.json,Generate a unique realistic menu-quality image for this exact city noun; do not reuse the city masthead or another place image.
P0,NEEDS_UNIQUE_REALISTIC_ASSET,viet-family-city-hue-place-railway-station,Ga Huế / Hue Railway Station,landmark,HeroCityHue,HeroCityHuePlaceRailwayStation,native-ios/Resources/Assets.xcassets/HeroCityHue.imageset/hero-city-hue.png,,853 x 1844,,853 x 1844,>= 1600 x 2400 preferred,PhraseListingView HeroMastheadImage,"center 50%, upper 25-35%; landmark silhouette must be recognizable",Recognizable subject must survive the top 276pt masthead crop; keep the key visual in the upper third and center 70% width.,city_place_requires_unique_realistic_hero,"Generate owned/licensed hero, crop to repo target, wire heroImageName through source/resources/SQLite, and capture simulator proof.","Create a super-realistic app-owned hero photo for a Vietnamese travel phrasebook, matching the premium real-life menu-item hero image quality. No readable text, no logos, no watermarks, no faces as the subject. Keep the main landmark/object recognizable inside the upper third because the iOS masthead crops a shallow horizontal band. Show Ga Huế / Hue Railway Station with the real visual cue a first-time traveler would recognize. Specific subject guidance: Photorealistic colonial-era Hue railway station facade with train platform hint and luggage.","no readable text, no watermark, no logos, no fake signs, no unrelated Ha Long Bay/karst imagery for city-specific pages, no people as the main subject",Simulator screenshot plus phone spot-check before DONE,shared or legacy fallback; replace with unique app-owned generated realistic asset,docs/editorial-exports/viet-image-assets/hero-image-production-001/generated_hero_assets.json,Generate a unique realistic menu-quality image for this exact city noun; do not reuse the city masthead or another place image.
P0,NEEDS_UNIQUE_REALISTIC_ASSET,viet-family-city-hcmc-place-saigon-railway-station,Ga Sài Gòn / Saigon Railway Station,landmark,HeroCityHcmc,HeroCityHcmcPlaceSaigonRailwayStation,native-ios/Resources/Assets.xcassets/HeroCityHcmc.imageset/hero-city-hcmc.png,,853 x 1844,,853 x 1844,>= 1600 x 2400 preferred,PhraseListingView HeroMastheadImage,"center 50%, upper 25-35%; landmark silhouette must be recognizable",Recognizable subject must survive the top 276pt masthead crop; keep the key visual in the upper third and center 70% width.,city_place_requires_unique_realistic_hero,"Generate owned/licensed hero, crop to repo target, wire heroImageName through source/resources/SQLite, and capture simulator proof.","Create a super-realistic app-owned hero photo for a Vietnamese travel phrasebook, matching the premium real-life menu-item hero image quality. No readable text, no logos, no watermarks, no faces as the subject. Keep the main landmark/object recognizable inside the upper third because the iOS masthead crops a shallow horizontal band. Show Ga Sài Gòn / Saigon Railway Station with the real visual cue a first-time traveler would recognize. Specific subject guidance: Saigon Railway Station facade with taxis and tracks signage, realistic photo.","no readable text, no watermark, no logos, no fake signs, no unrelated Ha Long Bay/karst imagery for city-specific pages, no people as the main subject",Simulator screenshot plus phone spot-check before DONE,shared or legacy fallback; replace with unique app-owned generated realistic asset,docs/editorial-exports/viet-image-assets/hero-image-production-001/generated_hero_assets.json,Generate a unique realistic menu-quality image for this exact city noun; do not reuse the city masthead or another place image.
P0,NEEDS_UNIQUE_REALISTIC_ASSET,viet-family-city-hue-place-gia-hoi,Gia Hội / Gia Hoi,landmark,HeroCityHue,HeroCityHuePlaceGiaHoi,native-ios/Resources/Assets.xcassets/HeroCityHue.imageset/hero-city-hue.png,,853 x 1844,,853 x 1844,>= 1600 x 2400 preferred,PhraseListingView HeroMastheadImage,"center 50%, upper 25-35%; landmark silhouette must be recognizable",Recognizable subject must survive the top 276pt masthead crop; keep the key visual in the upper third and center 70% width.,city_place_requires_unique_realistic_hero,"Generate owned/licensed hero, crop to repo target, wire heroImageName through source/resources/SQLite, and capture simulator proof.","Create a super-realistic app-owned hero photo for a Vietnamese travel phrasebook, matching the premium real-life menu-item hero image quality. No readable text, no logos, no watermarks, no faces as the subject. Keep the main landmark/object recognizable inside the upper third because the iOS masthead crops a shallow horizontal band. Show Gia Hội / Gia Hoi with the real visual cue a first-time traveler would recognize. Specific subject guidance: Photorealistic old Hue neighborhood street with shop signs, tiled roofs, and everyday motorbikes.","no readable text, no watermark, no logos, no fake signs, no unrelated Ha Long Bay/karst imagery for city-specific pages, no people as the main subject",Simulator screenshot plus phone spot-check before DONE,shared or legacy fallback; replace with unique app-owned generated realistic asset,docs/editorial-exports/viet-image-assets/hero-image-production-001/generated_hero_assets.json,Generate a unique realistic menu-quality image for this exact city noun; do not reuse the city masthead or another place image.
P0,NEEDS_UNIQUE_REALISTIC_ASSET,viet-family-city-hanoi-place-bay-mau-lake,Hồ Bảy Mẫu / Bay Mau Lake,landmark,HeroCityHanoi,HeroCityHanoiPlaceBayMauLake,native-ios/Resources/Assets.xcassets/HeroCityHanoi.imageset/hero-city-hanoi.png,,853 x 1844,,853 x 1844,>= 1600 x 2400 preferred,PhraseListingView HeroMastheadImage,"center 50%, upper 25-35%; landmark silhouette must be recognizable",Recognizable subject must survive the top 276pt masthead crop; keep the key visual in the upper third and center 70% width.,city_place_requires_unique_realistic_hero,"Generate owned/licensed hero, crop to repo target, wire heroImageName through source/resources/SQLite, and capture simulator proof.","Create a super-realistic app-owned hero photo for a Vietnamese travel phrasebook, matching the premium real-life menu-item hero image quality. No readable text, no logos, no watermarks, no faces as the subject. Keep the main landmark/object recognizable inside the upper third because the iOS masthead crops a shallow horizontal band. Show Hồ Bảy Mẫu / Bay Mau Lake with the real visual cue a first-time traveler would recognize. Specific subject guidance: Calm lake inside Hanoi park with pedal boats and trees, realistic photo.","no readable text, no watermark, no logos, no fake signs, no unrelated Ha Long Bay/karst imagery for city-specific pages, no people as the main subject",Simulator screenshot plus phone spot-check before DONE,shared or legacy fallback; replace with unique app-owned generated realistic asset,docs/editorial-exports/viet-image-assets/hero-image-production-001/generated_hero_assets.json,Generate a unique realistic menu-quality image for this exact city noun; do not reuse the city masthead or another place image.
P0,NEEDS_UNIQUE_REALISTIC_ASSET,viet-family-city-hcmc-place-turtle-lake,Hồ Con Rùa / Turtle Lake,landmark,HeroCityHcmc,HeroCityHcmcPlaceTurtleLake,native-ios/Resources/Assets.xcassets/HeroCityHcmc.imageset/hero-city-hcmc.png,,853 x 1844,,853 x 1844,>= 1600 x 2400 preferred,PhraseListingView HeroMastheadImage,"center 50%, upper 25-35%; landmark silhouette must be recognizable",Recognizable subject must survive the top 276pt masthead crop; keep the key visual in the upper third and center 70% width.,city_place_requires_unique_realistic_hero,"Generate owned/licensed hero, crop to repo target, wire heroImageName through source/resources/SQLite, and capture simulator proof.","Create a super-realistic app-owned hero photo for a Vietnamese travel phrasebook, matching the premium real-life menu-item hero image quality. No readable text, no logos, no watermarks, no faces as the subject. Keep the main landmark/object recognizable inside the upper third because the iOS masthead crops a shallow horizontal band. Show Hồ Con Rùa / Turtle Lake with the real visual cue a first-time traveler would recognize. Specific subject guidance: Turtle Lake roundabout with evening snack stalls and fountain, realistic photo.","no readable text, no watermark, no logos, no fake signs, no unrelated Ha Long Bay/karst imagery for city-specific pages, no people as the main subject",Simulator screenshot plus phone spot-check before DONE,shared or legacy fallback; replace with unique app-owned generated realistic asset,docs/editorial-exports/viet-image-assets/hero-image-production-001/generated_hero_assets.json,Generate a unique realistic menu-quality image for this exact city noun; do not reuse the city masthead or another place image.
P0,NEEDS_UNIQUE_REALISTIC_ASSET,viet-family-city-danang-place-hoa-trung-lake,Hồ Hòa Trung / Hoa Trung Lake,landmark,HeroCityDanang,HeroCityDanangPlaceHoaTrungLake,native-ios/Resources/Assets.xcassets/HeroCityDanang.imageset/hero-city-danang.png,,853 x 1844,,853 x 1844,>= 1600 x 2400 preferred,PhraseListingView HeroMastheadImage,"center 50%, upper 25-35%; landmark silhouette must be recognizable",Recognizable subject must survive the top 276pt masthead crop; keep the key visual in the upper third and center 70% width.,city_place_requires_unique_realistic_hero,"Generate owned/licensed hero, crop to repo target, wire heroImageName through source/resources/SQLite, and capture simulator proof.","Create a super-realistic app-owned hero photo for a Vietnamese travel phrasebook, matching the premium real-life menu-item hero image quality. No readable text, no logos, no watermarks, no faces as the subject. Keep the main landmark/object recognizable inside the upper third because the iOS masthead crops a shallow horizontal band. Show Hồ Hòa Trung / Hoa Trung Lake with the real visual cue a first-time traveler would recognize. Specific subject guidance: Photorealistic owned asset: broad lake with grassy banks and distant hills, soft sunrise, no tents or people close-up.","no readable text, no watermark, no logos, no fake signs, no unrelated Ha Long Bay/karst imagery for city-specific pages, no people as the main subject",Simulator screenshot plus phone spot-check before DONE,shared or legacy fallback; replace with unique app-owned generated realistic asset,docs/editorial-exports/viet-image-assets/hero-image-production-001/generated_hero_assets.json,Generate a unique realistic menu-quality image for this exact city noun; do not reuse the city masthead or another place image.
P0,NEEDS_UNIQUE_REALISTIC_ASSET,viet-family-city-hanoi-place-hoan-kiem,Hồ Hoàn Kiếm / Hoan Kiem Lake,landmark,HeroCityHanoi,HeroCityHanoiPlaceHoanKiemLake,native-ios/Resources/Assets.xcassets/HeroCityHanoi.imageset/hero-city-hanoi.png,,853 x 1844,,853 x 1844,>= 1600 x 2400 preferred,PhraseListingView HeroMastheadImage,"center 50%, upper 25-35%; landmark silhouette must be recognizable",Recognizable subject must survive the top 276pt masthead crop; keep the key visual in the upper third and center 70% width.,city_place_requires_unique_realistic_hero,"Generate owned/licensed hero, crop to repo target, wire heroImageName through source/resources/SQLite, and capture simulator proof.","Create a super-realistic app-owned hero photo for a Vietnamese travel phrasebook, matching the premium real-life menu-item hero image quality. No readable text, no logos, no watermarks, no faces as the subject. Keep the main landmark/object recognizable inside the upper third because the iOS masthead crops a shallow horizontal band. Show Hồ Hoàn Kiếm / Hoan Kiem Lake with the real visual cue a first-time traveler would recognize. Specific subject guidance: Photorealistic Hoan Kiem Lake with Turtle Tower, red-flower trees, soft late-afternoon light.","no readable text, no watermark, no logos, no fake signs, no unrelated Ha Long Bay/karst imagery for city-specific pages, no people as the main subject",Simulator screenshot plus phone spot-check before DONE,shared or legacy fallback; replace with unique app-owned generated realistic asset,docs/editorial-exports/viet-image-assets/hero-image-production-001/generated_hero_assets.json,Generate a unique realistic menu-quality image for this exact city noun; do not reuse the city masthead or another place image.
P0,NEEDS_UNIQUE_REALISTIC_ASSET,viet-family-city-hanoi-place-west-lake,Hồ Tây / West Lake,landmark,HeroCityHanoi,HeroCityHanoiPlaceWestLake,native-ios/Resources/Assets.xcassets/HeroCityHanoi.imageset/hero-city-hanoi.png,,853 x 1844,,853 x 1844,>= 1600 x 2400 preferred,PhraseListingView HeroMastheadImage,"center 50%, upper 25-35%; landmark silhouette must be recognizable",Recognizable subject must survive the top 276pt masthead crop; keep the key visual in the upper third and center 70% width.,city_place_requires_unique_realistic_hero,"Generate owned/licensed hero, crop to repo target, wire heroImageName through source/resources/SQLite, and capture simulator proof.","Create a super-realistic app-owned hero photo for a Vietnamese travel phrasebook, matching the premium real-life menu-item hero image quality. No readable text, no logos, no watermarks, no faces as the subject. Keep the main landmark/object recognizable inside the upper third because the iOS masthead crops a shallow horizontal band. Show Hồ Tây / West Lake with the real visual cue a first-time traveler would recognize. Specific subject guidance: Wide West Lake view with shoreline cafes and sunset haze, photorealistic.","no readable text, no watermark, no logos, no fake signs, no unrelated Ha Long Bay/karst imagery for city-specific pages, no people as the main subject",Simulator screenshot plus phone spot-check before DONE,shared or legacy fallback; replace with unique app-owned generated realistic asset,docs/editorial-exports/viet-image-assets/hero-image-production-001/generated_hero_assets.json,Generate a unique realistic menu-quality image for this exact city noun; do not reuse the city masthead or another place image.
P0,NEEDS_UNIQUE_REALISTIC_ASSET,viet-family-city-hanoi-place-truc-bach-lake,Hồ Trúc Bạch / Truc Bach Lake,landmark,HeroCityHanoi,HeroCityHanoiPlaceTrucBachLake,native-ios/Resources/Assets.xcassets/HeroCityHanoi.imageset/hero-city-hanoi.png,,853 x 1844,,853 x 1844,>= 1600 x 2400 preferred,PhraseListingView HeroMastheadImage,"center 50%, upper 25-35%; landmark silhouette must be recognizable",Recognizable subject must survive the top 276pt masthead crop; keep the key visual in the upper third and center 70% width.,city_place_requires_unique_realistic_hero,"Generate owned/licensed hero, crop to repo target, wire heroImageName through source/resources/SQLite, and capture simulator proof.","Create a super-realistic app-owned hero photo for a Vietnamese travel phrasebook, matching the premium real-life menu-item hero image quality. No readable text, no logos, no watermarks, no faces as the subject. Keep the main landmark/object recognizable inside the upper third because the iOS masthead crops a shallow horizontal band. Show Hồ Trúc Bạch / Truc Bach Lake with the real visual cue a first-time traveler would recognize. Specific subject guidance: Truc Bach Lake with lakeside cafes and calm water, realistic photo.","no readable text, no watermark, no logos, no fake signs, no unrelated Ha Long Bay/karst imagery for city-specific pages, no people as the main subject",Simulator screenshot plus phone spot-check before DONE,shared or legacy fallback; replace with unique app-owned generated realistic asset,docs/editorial-exports/viet-image-assets/hero-image-production-001/generated_hero_assets.json,Generate a unique realistic menu-quality image for this exact city noun; do not reuse the city masthead or another place image.
P0,NEEDS_UNIQUE_REALISTIC_ASSET,viet-family-city-hanoi-place-imperial-citadel,Hoàng thành Thăng Long / Imperial Citadel of Thang Long,landmark,HeroCityHanoi,HeroCityHanoiPlaceImperialCitadel,native-ios/Resources/Assets.xcassets/HeroCityHanoi.imageset/hero-city-hanoi.png,,853 x 1844,,853 x 1844,>= 1600 x 2400 preferred,PhraseListingView HeroMastheadImage,"center 50%, upper 25-35%; landmark silhouette must be recognizable",Recognizable subject must survive the top 276pt masthead crop; keep the key visual in the upper third and center 70% width.,city_place_requires_unique_realistic_hero,"Generate owned/licensed hero, crop to repo target, wire heroImageName through source/resources/SQLite, and capture simulator proof.","Create a super-realistic app-owned hero photo for a Vietnamese travel phrasebook, matching the premium real-life menu-item hero image quality. No readable text, no logos, no watermarks, no faces as the subject. Keep the main landmark/object recognizable inside the upper third because the iOS masthead crops a shallow horizontal band. Show Hoàng thành Thăng Long / Imperial Citadel of Thang Long with the real visual cue a first-time traveler would recognize. Specific subject guidance: Ancient citadel gate and brick courtyard, warm Hanoi daylight, realistic travel documentary style.","no readable text, no watermark, no logos, no fake signs, no unrelated Ha Long Bay/karst imagery for city-specific pages, no people as the main subject",Simulator screenshot plus phone spot-check before DONE,shared or legacy fallback; replace with unique app-owned generated realistic asset,docs/editorial-exports/viet-image-assets/hero-image-production-001/generated_hero_assets.json,Generate a unique realistic menu-quality image for this exact city noun; do not reuse the city masthead or another place image.
P0,NEEDS_UNIQUE_REALISTIC_ASSET,viet-family-city-hoian-place-lune-center,Hoi An Lune Center / Hoi An Lune Center,landmark,HeroCityHoian,HeroCityHoianPlaceLuneCenter,native-ios/Resources/Assets.xcassets/HeroCityHoian.imageset/hero-city-hoian.png,,853 x 1844,,853 x 1844,>= 1600 x 2400 preferred,PhraseListingView HeroMastheadImage,"center 50%, upper 25-35%; landmark silhouette must be recognizable",Recognizable subject must survive the top 276pt masthead crop; keep the key visual in the upper third and center 70% width.,city_place_requires_unique_realistic_hero,"Generate owned/licensed hero, crop to repo target, wire heroImageName through source/resources/SQLite, and capture simulator proof.","Create a super-realistic app-owned hero photo for a Vietnamese travel phrasebook, matching the premium real-life menu-item hero image quality. No readable text, no logos, no watermarks, no faces as the subject. Keep the main landmark/object recognizable inside the upper third because the iOS masthead crops a shallow horizontal band. Show Hoi An Lune Center / Hoi An Lune Center with the real visual cue a first-time traveler would recognize. Specific subject guidance: Photorealistic owned asset: bamboo-inspired riverside theatre exterior at dusk, neutral signage, lantern glow.","no readable text, no watermark, no logos, no fake signs, no unrelated Ha Long Bay/karst imagery for city-specific pages, no people as the main subject",Simulator screenshot plus phone spot-check before DONE,shared or legacy fallback; replace with unique app-owned generated realistic asset,docs/editorial-exports/viet-image-assets/hero-image-production-001/generated_hero_assets.json,Generate a unique realistic menu-quality image for this exact city noun; do not reuse the city masthead or another place image.
P0,NEEDS_UNIQUE_REALISTIC_ASSET,viet-family-city-hoian-place-hainan-assembly-hall,Hội quán Hải Nam / Hainan Assembly Hall,landmark,HeroCityHoian,HeroCityHoianPlaceHainanAssemblyHall,native-ios/Resources/Assets.xcassets/HeroCityHoian.imageset/hero-city-hoian.png,,853 x 1844,,853 x 1844,>= 1600 x 2400 preferred,PhraseListingView HeroMastheadImage,"center 50%, upper 25-35%; landmark silhouette must be recognizable",Recognizable subject must survive the top 276pt masthead crop; keep the key visual in the upper third and center 70% width.,city_place_requires_unique_realistic_hero,"Generate owned/licensed hero, crop to repo target, wire heroImageName through source/resources/SQLite, and capture simulator proof.","Create a super-realistic app-owned hero photo for a Vietnamese travel phrasebook, matching the premium real-life menu-item hero image quality. No readable text, no logos, no watermarks, no faces as the subject. Keep the main landmark/object recognizable inside the upper third because the iOS masthead crops a shallow horizontal band. Show Hội quán Hải Nam / Hainan Assembly Hall with the real visual cue a first-time traveler would recognize. Specific subject guidance: Photorealistic owned asset: quiet assembly hall courtyard with incense coils and yellow-red facade, no worshipper close-ups.","no readable text, no watermark, no logos, no fake signs, no unrelated Ha Long Bay/karst imagery for city-specific pages, no people as the main subject",Simulator screenshot plus phone spot-check before DONE,shared or legacy fallback; replace with unique app-owned generated realistic asset,docs/editorial-exports/viet-image-assets/hero-image-production-001/generated_hero_assets.json,Generate a unique realistic menu-quality image for this exact city noun; do not reuse the city masthead or another place image.
P0,NEEDS_UNIQUE_REALISTIC_ASSET,viet-family-city-hoian-place-fujian-assembly-hall,Hội quán Phúc Kiến / Fujian Assembly Hall,landmark,HeroCityHoian,HeroCityHoianPlaceFujianAssemblyHall,native-ios/Resources/Assets.xcassets/HeroCityHoian.imageset/hero-city-hoian.png,,853 x 1844,,853 x 1844,>= 1600 x 2400 preferred,PhraseListingView HeroMastheadImage,"center 50%, upper 25-35%; landmark silhouette must be recognizable",Recognizable subject must survive the top 276pt masthead crop; keep the key visual in the upper third and center 70% width.,city_place_requires_unique_realistic_hero,"Generate owned/licensed hero, crop to repo target, wire heroImageName through source/resources/SQLite, and capture simulator proof.","Create a super-realistic app-owned hero photo for a Vietnamese travel phrasebook, matching the premium real-life menu-item hero image quality. No readable text, no logos, no watermarks, no faces as the subject. Keep the main landmark/object recognizable inside the upper third because the iOS masthead crops a shallow horizontal band. Show Hội quán Phúc Kiến / Fujian Assembly Hall with the real visual cue a first-time traveler would recognize. Specific subject guidance: Photorealistic owned asset: ornate red-and-gold assembly hall courtyard, incense smoke, no close-up worshippers.","no readable text, no watermark, no logos, no fake signs, no unrelated Ha Long Bay/karst imagery for city-specific pages, no people as the main subject",Simulator screenshot plus phone spot-check before DONE,shared or legacy fallback; replace with unique app-owned generated realistic asset,docs/editorial-exports/viet-image-assets/hero-image-production-001/generated_hero_assets.json,Generate a unique realistic menu-quality image for this exact city noun; do not reuse the city masthead or another place image.
P0,NEEDS_UNIQUE_REALISTIC_ASSET,viet-family-city-hoian-place-cantonese-assembly-hall,Hội quán Quảng Đông / Cantonese Assembly Hall,landmark,HeroCityHoian,HeroCityHoianPlaceCantoneseAssemblyHall,native-ios/Resources/Assets.xcassets/HeroCityHoian.imageset/hero-city-hoian.png,,853 x 1844,,853 x 1844,>= 1600 x 2400 preferred,PhraseListingView HeroMastheadImage,"center 50%, upper 25-35%; landmark silhouette must be recognizable",Recognizable subject must survive the top 276pt masthead crop; keep the key visual in the upper third and center 70% width.,city_place_requires_unique_realistic_hero,"Generate owned/licensed hero, crop to repo target, wire heroImageName through source/resources/SQLite, and capture simulator proof.","Create a super-realistic app-owned hero photo for a Vietnamese travel phrasebook, matching the premium real-life menu-item hero image quality. No readable text, no logos, no watermarks, no faces as the subject. Keep the main landmark/object recognizable inside the upper third because the iOS masthead crops a shallow horizontal band. Show Hội quán Quảng Đông / Cantonese Assembly Hall with the real visual cue a first-time traveler would recognize. Specific subject guidance: Photorealistic owned asset: colorful Chinese assembly hall gate with lanterns and tiled roof, no readable plaques.","no readable text, no watermark, no logos, no fake signs, no unrelated Ha Long Bay/karst imagery for city-specific pages, no people as the main subject",Simulator screenshot plus phone spot-check before DONE,shared or legacy fallback; replace with unique app-owned generated realistic asset,docs/editorial-exports/viet-image-assets/hero-image-production-001/generated_hero_assets.json,Generate a unique realistic menu-quality image for this exact city noun; do not reuse the city masthead or another place image.
P0,NEEDS_UNIQUE_REALISTIC_ASSET,viet-family-city-hoian-place-trieu-chau-assembly-hall,Hội quán Triều Châu / Trieu Chau Assembly Hall,landmark,HeroCityHoian,HeroCityHoianPlaceTrieuChauAssemblyHall,native-ios/Resources/Assets.xcassets/HeroCityHoian.imageset/hero-city-hoian.png,,853 x 1844,,853 x 1844,>= 1600 x 2400 preferred,PhraseListingView HeroMastheadImage,"center 50%, upper 25-35%; landmark silhouette must be recognizable",Recognizable subject must survive the top 276pt masthead crop; keep the key visual in the upper third and center 70% width.,city_place_requires_unique_realistic_hero,"Generate owned/licensed hero, crop to repo target, wire heroImageName through source/resources/SQLite, and capture simulator proof.","Create a super-realistic app-owned hero photo for a Vietnamese travel phrasebook, matching the premium real-life menu-item hero image quality. No readable text, no logos, no watermarks, no faces as the subject. Keep the main landmark/object recognizable inside the upper third because the iOS masthead crops a shallow horizontal band. Show Hội quán Triều Châu / Trieu Chau Assembly Hall with the real visual cue a first-time traveler would recognize. Specific subject guidance: Photorealistic owned asset: ornate temple hall facade with carved wood and red lanterns, natural daylight.","no readable text, no watermark, no logos, no fake signs, no unrelated Ha Long Bay/karst imagery for city-specific pages, no people as the main subject",Simulator screenshot plus phone spot-check before DONE,shared or legacy fallback; replace with unique app-owned generated realistic asset,docs/editorial-exports/viet-image-assets/hero-image-production-001/generated_hero_assets.json,Generate a unique realistic menu-quality image for this exact city noun; do not reuse the city masthead or another place image.
P0,NEEDS_UNIQUE_REALISTIC_ASSET,viet-family-city-hcmc-place-nhieu-loc-canal,Kênh Nhiêu Lộc - Thị Nghè / Nhieu Loc - Thi Nghe Canal,landmark,HeroCityHcmc,HeroCityHcmcPlaceNhieuLocCanal,native-ios/Resources/Assets.xcassets/HeroCityHcmc.imageset/hero-city-hcmc.png,,853 x 1844,,853 x 1844,>= 1600 x 2400 preferred,PhraseListingView HeroMastheadImage,"center 50%, upper 25-35%; landmark silhouette must be recognizable",Recognizable subject must survive the top 276pt masthead crop; keep the key visual in the upper third and center 70% width.,city_place_requires_unique_realistic_hero,"Generate owned/licensed hero, crop to repo target, wire heroImageName through source/resources/SQLite, and capture simulator proof.","Create a super-realistic app-owned hero photo for a Vietnamese travel phrasebook, matching the premium real-life menu-item hero image quality. No readable text, no logos, no watermarks, no faces as the subject. Keep the main landmark/object recognizable inside the upper third because the iOS masthead crops a shallow horizontal band. Show Kênh Nhiêu Lộc - Thị Nghè / Nhieu Loc - Thi Nghe Canal with the real visual cue a first-time traveler would recognize. Specific subject guidance: Saigon canal with bridges, apartment buildings, evening lights, realistic photo.","no readable text, no watermark, no logos, no fake signs, no unrelated Ha Long Bay/karst imagery for city-specific pages, no people as the main subject",Simulator screenshot plus phone spot-check before DONE,shared or legacy fallback; replace with unique app-owned generated realistic asset,docs/editorial-exports/viet-image-assets/hero-image-production-001/generated_hero_assets.json,Generate a unique realistic menu-quality image for this exact city noun; do not reuse the city masthead or another place image.
P0,NEEDS_UNIQUE_REALISTIC_ASSET,viet-family-city-hue-place-le-ba-dang-memory-space,Không gian lưu niệm Lê Bá Đảng / Le Ba Dang Memory Space,landmark,HeroCityHue,HeroCityHuePlaceLeBaDangMemorySpace,native-ios/Resources/Assets.xcassets/HeroCityHue.imageset/hero-city-hue.png,,853 x 1844,,853 x 1844,>= 1600 x 2400 preferred,PhraseListingView HeroMastheadImage,"center 50%, upper 25-35%; landmark silhouette must be recognizable",Recognizable subject must survive the top 276pt masthead crop; keep the key visual in the upper third and center 70% width.,city_place_requires_unique_realistic_hero,"Generate owned/licensed hero, crop to repo target, wire heroImageName through source/resources/SQLite, and capture simulator proof.","Create a super-realistic app-owned hero photo for a Vietnamese travel phrasebook, matching the premium real-life menu-item hero image quality. No readable text, no logos, no watermarks, no faces as the subject. Keep the main landmark/object recognizable inside the upper third because the iOS masthead crops a shallow horizontal band. Show Không gian lưu niệm Lê Bá Đảng / Le Ba Dang Memory Space with the real visual cue a first-time traveler would recognize. Specific subject guidance: Photorealistic contemporary art gallery set in Hue greenery, clean concrete and glass, soft daylight.","no readable text, no watermark, no logos, no fake signs, no unrelated Ha Long Bay/karst imagery for city-specific pages, no people as the main subject",Simulator screenshot plus phone spot-check before DONE,shared or legacy fallback; replace with unique app-owned generated realistic asset,docs/editorial-exports/viet-image-assets/hero-image-production-001/generated_hero_assets.json,Generate a unique realistic menu-quality image for this exact city noun; do not reuse the city masthead or another place image.
P0,NEEDS_UNIQUE_REALISTIC_ASSET,viet-family-city-danang-place-an-thuong-street-area,Khu An Thượng / An Thuong Area,landmark,HeroCityDanang,HeroCityDanangPlaceAnThuongStreetArea,native-ios/Resources/Assets.xcassets/HeroCityDanang.imageset/hero-city-danang.png,,853 x 1844,,853 x 1844,>= 1600 x 2400 preferred,PhraseListingView HeroMastheadImage,"center 50%, upper 25-35%; landmark silhouette must be recognizable",Recognizable subject must survive the top 276pt masthead crop; keep the key visual in the upper third and center 70% width.,city_place_requires_unique_realistic_hero,"Generate owned/licensed hero, crop to repo target, wire heroImageName through source/resources/SQLite, and capture simulator proof.","Create a super-realistic app-owned hero photo for a Vietnamese travel phrasebook, matching the premium real-life menu-item hero image quality. No readable text, no logos, no watermarks, no faces as the subject. Keep the main landmark/object recognizable inside the upper third because the iOS masthead crops a shallow horizontal band. Show Khu An Thượng / An Thuong Area with the real visual cue a first-time traveler would recognize. Specific subject guidance: Photorealistic owned asset: narrow cafe street near the beach with signs blurred, evening lanterns, no exact storefront copy.","no readable text, no watermark, no logos, no fake signs, no unrelated Ha Long Bay/karst imagery for city-specific pages, no people as the main subject",Simulator screenshot plus phone spot-check before DONE,shared or legacy fallback; replace with unique app-owned generated realistic asset,docs/editorial-exports/viet-image-assets/hero-image-production-001/generated_hero_assets.json,Generate a unique realistic menu-quality image for this exact city noun; do not reuse the city masthead or another place image.
P0,NEEDS_UNIQUE_REALISTIC_ASSET,viet-family-city-danang-place-hoa-phu-thanh,Khu du lịch Hòa Phú Thành / Hoa Phu Thanh,landmark,HeroCityDanang,HeroCityDanangPlaceHoaPhuThanh,native-ios/Resources/Assets.xcassets/HeroCityDanang.imageset/hero-city-danang.png,,853 x 1844,,853 x 1844,>= 1600 x 2400 preferred,PhraseListingView HeroMastheadImage,"center 50%, upper 25-35%; landmark silhouette must be recognizable",Recognizable subject must survive the top 276pt masthead crop; keep the key visual in the upper third and center 70% width.,city_place_requires_unique_realistic_hero,"Generate owned/licensed hero, crop to repo target, wire heroImageName through source/resources/SQLite, and capture simulator proof.","Create a super-realistic app-owned hero photo for a Vietnamese travel phrasebook, matching the premium real-life menu-item hero image quality. No readable text, no logos, no watermarks, no faces as the subject. Keep the main landmark/object recognizable inside the upper third because the iOS masthead crops a shallow horizontal band. Show Khu du lịch Hòa Phú Thành / Hoa Phu Thanh with the real visual cue a first-time traveler would recognize. Specific subject guidance: Photorealistic owned asset: forested stream recreation area with simple rafting gear, realistic daylight, no logos.","no readable text, no watermark, no logos, no fake signs, no unrelated Ha Long Bay/karst imagery for city-specific pages, no people as the main subject",Simulator screenshot plus phone spot-check before DONE,shared or legacy fallback; replace with unique app-owned generated realistic asset,docs/editorial-exports/viet-image-assets/hero-image-production-001/generated_hero_assets.json,Generate a unique realistic menu-quality image for this exact city noun; do not reuse the city masthead or another place image.
P0,NEEDS_UNIQUE_REALISTIC_ASSET,viet-family-city-hcmc-place-japan-town,Khu phố Nhật Lê Thánh Tôn / Japan Town Saigon,landmark,HeroCityHcmc,HeroCityHcmcPlaceJapanTown,native-ios/Resources/Assets.xcassets/HeroCityHcmc.imageset/hero-city-hcmc.png,,853 x 1844,,853 x 1844,>= 1600 x 2400 preferred,PhraseListingView HeroMastheadImage,"center 50%, upper 25-35%; landmark silhouette must be recognizable",Recognizable subject must survive the top 276pt masthead crop; keep the key visual in the upper third and center 70% width.,city_place_requires_unique_realistic_hero,"Generate owned/licensed hero, crop to repo target, wire heroImageName through source/resources/SQLite, and capture simulator proof.","Create a super-realistic app-owned hero photo for a Vietnamese travel phrasebook, matching the premium real-life menu-item hero image quality. No readable text, no logos, no watermarks, no faces as the subject. Keep the main landmark/object recognizable inside the upper third because the iOS masthead crops a shallow horizontal band. Show Khu phố Nhật Lê Thánh Tôn / Japan Town Saigon with the real visual cue a first-time traveler would recognize. Specific subject guidance: Narrow Saigon alley with Japanese restaurant signs and lanterns, realistic photo.","no readable text, no watermark, no logos, no fake signs, no unrelated Ha Long Bay/karst imagery for city-specific pages, no people as the main subject",Simulator screenshot plus phone spot-check before DONE,shared or legacy fallback; replace with unique app-owned generated realistic asset,docs/editorial-exports/viet-image-assets/hero-image-production-001/generated_hero_assets.json,Generate a unique realistic menu-quality image for this exact city noun; do not reuse the city masthead or another place image.
P0,NEEDS_UNIQUE_REALISTIC_ASSET,viet-family-city-hanoi-place-french-quarter,Khu phố Pháp / French Quarter,landmark,HeroCityHanoi,HeroCityHanoiPlaceFrenchQuarter,native-ios/Resources/Assets.xcassets/HeroCityHanoi.imageset/hero-city-hanoi.png,,853 x 1844,,853 x 1844,>= 1600 x 2400 preferred,PhraseListingView HeroMastheadImage,"center 50%, upper 25-35%; landmark silhouette must be recognizable",Recognizable subject must survive the top 276pt masthead crop; keep the key visual in the upper third and center 70% width.,city_place_requires_unique_realistic_hero,"Generate owned/licensed hero, crop to repo target, wire heroImageName through source/resources/SQLite, and capture simulator proof.","Create a super-realistic app-owned hero photo for a Vietnamese travel phrasebook, matching the premium real-life menu-item hero image quality. No readable text, no logos, no watermarks, no faces as the subject. Keep the main landmark/object recognizable inside the upper third because the iOS masthead crops a shallow horizontal band. Show Khu phố Pháp / French Quarter with the real visual cue a first-time traveler would recognize. Specific subject guidance: Wide French Quarter boulevard with colonial facades and scooters, realistic photo.","no readable text, no watermark, no logos, no fake signs, no unrelated Ha Long Bay/karst imagery for city-specific pages, no people as the main subject",Simulator screenshot plus phone spot-check before DONE,shared or legacy fallback; replace with unique app-owned generated realistic asset,docs/editorial-exports/viet-image-assets/hero-image-production-001/generated_hero_assets.json,Generate a unique realistic menu-quality image for this exact city noun; do not reuse the city masthead or another place image.
P0,NEEDS_UNIQUE_REALISTIC_ASSET,viet-family-city-hue-place-kim-long,Kim Long / Kim Long,landmark,HeroCityHue,HeroCityHuePlaceKimLong,native-ios/Resources/Assets.xcassets/HeroCityHue.imageset/hero-city-hue.png,,853 x 1844,,853 x 1844,>= 1600 x 2400 preferred,PhraseListingView HeroMastheadImage,"center 50%, upper 25-35%; landmark silhouette must be recognizable",Recognizable subject must survive the top 276pt masthead crop; keep the key visual in the upper third and center 70% width.,city_place_requires_unique_realistic_hero,"Generate owned/licensed hero, crop to repo target, wire heroImageName through source/resources/SQLite, and capture simulator proof.","Create a super-realistic app-owned hero photo for a Vietnamese travel phrasebook, matching the premium real-life menu-item hero image quality. No readable text, no logos, no watermarks, no faces as the subject. Keep the main landmark/object recognizable inside the upper third because the iOS masthead crops a shallow horizontal band. Show Kim Long / Kim Long with the real visual cue a first-time traveler would recognize. Specific subject guidance: Photorealistic leafy Kim Long lane with garden-house wall, old gate, and calm morning light.","no readable text, no watermark, no logos, no fake signs, no unrelated Ha Long Bay/karst imagery for city-specific pages, no people as the main subject",Simulator screenshot plus phone spot-check before DONE,shared or legacy fallback; replace with unique app-owned generated realistic asset,docs/editorial-exports/viet-image-assets/hero-image-production-001/generated_hero_assets.json,Generate a unique realistic menu-quality image for this exact city noun; do not reuse the city masthead or another place image.
P0,NEEDS_UNIQUE_REALISTIC_ASSET,viet-family-city-hue-place-imperial-city,Kinh thành Huế / Hue Imperial City,landmark,HeroCityHue,HeroCityHuePlaceImperialCity,native-ios/Resources/Assets.xcassets/HeroCityHue.imageset/hero-city-hue.png,,853 x 1844,,853 x 1844,>= 1600 x 2400 preferred,PhraseListingView HeroMastheadImage,"center 50%, upper 25-35%; landmark silhouette must be recognizable",Recognizable subject must survive the top 276pt masthead crop; keep the key visual in the upper third and center 70% width.,city_place_requires_unique_realistic_hero,"Generate owned/licensed hero, crop to repo target, wire heroImageName through source/resources/SQLite, and capture simulator proof.","Create a super-realistic app-owned hero photo for a Vietnamese travel phrasebook, matching the premium real-life menu-item hero image quality. No readable text, no logos, no watermarks, no faces as the subject. Keep the main landmark/object recognizable inside the upper third because the iOS masthead crops a shallow horizontal band. Show Kinh thành Huế / Hue Imperial City with the real visual cue a first-time traveler would recognize. Specific subject guidance: Photorealistic morning view through imperial walls and tiled roofs, warm Hue light, no crowds in foreground.","no readable text, no watermark, no logos, no fake signs, no unrelated Ha Long Bay/karst imagery for city-specific pages, no people as the main subject",Simulator screenshot plus phone spot-check before DONE,shared or legacy fallback; replace with unique app-owned generated realistic asset,docs/editorial-exports/viet-image-assets/hero-image-production-001/generated_hero_assets.json,Generate a unique realistic menu-quality image for this exact city noun; do not reuse the city masthead or another place image.
P0,NEEDS_UNIQUE_REALISTIC_ASSET,viet-family-city-hue-place-flag-tower,Kỳ Đài Huế / Hue Flag Tower,landmark,HeroCityHue,HeroCityHuePlaceFlagTower,native-ios/Resources/Assets.xcassets/HeroCityHue.imageset/hero-city-hue.png,,853 x 1844,,853 x 1844,>= 1600 x 2400 preferred,PhraseListingView HeroMastheadImage,"center 50%, upper 25-35%; landmark silhouette must be recognizable",Recognizable subject must survive the top 276pt masthead crop; keep the key visual in the upper third and center 70% width.,city_place_requires_unique_realistic_hero,"Generate owned/licensed hero, crop to repo target, wire heroImageName through source/resources/SQLite, and capture simulator proof.","Create a super-realistic app-owned hero photo for a Vietnamese travel phrasebook, matching the premium real-life menu-item hero image quality. No readable text, no logos, no watermarks, no faces as the subject. Keep the main landmark/object recognizable inside the upper third because the iOS masthead crops a shallow horizontal band. Show Kỳ Đài Huế / Hue Flag Tower with the real visual cue a first-time traveler would recognize. Specific subject guidance: Photorealistic tall flag tower before Hue Citadel ramparts, broad stone plaza, Vietnam flag visible.","no readable text, no watermark, no logos, no fake signs, no unrelated Ha Long Bay/karst imagery for city-specific pages, no people as the main subject",Simulator screenshot plus phone spot-check before DONE,shared or legacy fallback; replace with unique app-owned generated realistic asset,docs/editorial-exports/viet-image-assets/hero-image-production-001/generated_hero_assets.json,Generate a unique realistic menu-quality image for this exact city noun; do not reuse the city masthead or another place image.
P0,NEEDS_UNIQUE_REALISTIC_ASSET,viet-family-city-hcmc-place-landmark-81,Landmark 81 / Landmark 81,landmark,HeroCityHcmc,HeroCityHcmcPlaceLandmark81,native-ios/Resources/Assets.xcassets/HeroCityHcmc.imageset/hero-city-hcmc.png,,853 x 1844,,853 x 1844,>= 1600 x 2400 preferred,PhraseListingView HeroMastheadImage,"center 50%, upper 25-35%; landmark silhouette must be recognizable",Recognizable subject must survive the top 276pt masthead crop; keep the key visual in the upper third and center 70% width.,city_place_requires_unique_realistic_hero,"Generate owned/licensed hero, crop to repo target, wire heroImageName through source/resources/SQLite, and capture simulator proof.","Create a super-realistic app-owned hero photo for a Vietnamese travel phrasebook, matching the premium real-life menu-item hero image quality. No readable text, no logos, no watermarks, no faces as the subject. Keep the main landmark/object recognizable inside the upper third because the iOS masthead crops a shallow horizontal band. Show Landmark 81 / Landmark 81 with the real visual cue a first-time traveler would recognize. Specific subject guidance: Landmark 81 skyscraper beside Saigon River, evening city light, realistic photo.","no readable text, no watermark, no logos, no fake signs, no unrelated Ha Long Bay/karst imagery for city-specific pages, no people as the main subject",Simulator screenshot plus phone spot-check before DONE,shared or legacy fallback; replace with unique app-owned generated realistic asset,docs/editorial-exports/viet-image-assets/hero-image-production-001/generated_hero_assets.json,Generate a unique realistic menu-quality image for this exact city noun; do not reuse the city masthead or another place image.
P0,NEEDS_UNIQUE_REALISTIC_ASSET,viet-family-city-hanoi-place-ho-chi-minh-mausoleum,Lăng Bác / Ho Chi Minh Mausoleum,landmark,HeroCityHanoi,HeroCityHanoiPlaceHoChiMinhMausoleum,native-ios/Resources/Assets.xcassets/HeroCityHanoi.imageset/hero-city-hanoi.png,,853 x 1844,,853 x 1844,>= 1600 x 2400 preferred,PhraseListingView HeroMastheadImage,"center 50%, upper 25-35%; landmark silhouette must be recognizable",Recognizable subject must survive the top 276pt masthead crop; keep the key visual in the upper third and center 70% width.,city_place_requires_unique_realistic_hero,"Generate owned/licensed hero, crop to repo target, wire heroImageName through source/resources/SQLite, and capture simulator proof.","Create a super-realistic app-owned hero photo for a Vietnamese travel phrasebook, matching the premium real-life menu-item hero image quality. No readable text, no logos, no watermarks, no faces as the subject. Keep the main landmark/object recognizable inside the upper third because the iOS masthead crops a shallow horizontal band. Show Lăng Bác / Ho Chi Minh Mausoleum with the real visual cue a first-time traveler would recognize. Specific subject guidance: Respectful exterior of Ho Chi Minh Mausoleum from the square, clean daylight, no crowds in foreground.","no readable text, no watermark, no logos, no fake signs, no unrelated Ha Long Bay/karst imagery for city-specific pages, no people as the main subject",Simulator screenshot plus phone spot-check before DONE,shared or legacy fallback; replace with unique app-owned generated realistic asset,docs/editorial-exports/viet-image-assets/hero-image-production-001/generated_hero_assets.json,Generate a unique realistic menu-quality image for this exact city noun; do not reuse the city masthead or another place image.
P0,NEEDS_UNIQUE_REALISTIC_ASSET,viet-family-city-danang-place-non-nuoc-stone-village,Làng đá Non Nước / Non Nuoc Stone Carving Village,landmark,HeroCityDanang,HeroCityDanangPlaceNonNuocStoneVillage,native-ios/Resources/Assets.xcassets/HeroCityDanang.imageset/hero-city-danang.png,,853 x 1844,,853 x 1844,>= 1600 x 2400 preferred,PhraseListingView HeroMastheadImage,"center 50%, upper 25-35%; landmark silhouette must be recognizable",Recognizable subject must survive the top 276pt masthead crop; keep the key visual in the upper third and center 70% width.,city_place_requires_unique_realistic_hero,"Generate owned/licensed hero, crop to repo target, wire heroImageName through source/resources/SQLite, and capture simulator proof.","Create a super-realistic app-owned hero photo for a Vietnamese travel phrasebook, matching the premium real-life menu-item hero image quality. No readable text, no logos, no watermarks, no faces as the subject. Keep the main landmark/object recognizable inside the upper third because the iOS masthead crops a shallow horizontal band. Show Làng đá Non Nước / Non Nuoc Stone Carving Village with the real visual cue a first-time traveler would recognize. Specific subject guidance: Photorealistic owned asset: stone-carving workshop lane with marble statues blurred, artisan tools, no copied sculptures.","no readable text, no watermark, no logos, no fake signs, no unrelated Ha Long Bay/karst imagery for city-specific pages, no people as the main subject",Simulator screenshot plus phone spot-check before DONE,shared or legacy fallback; replace with unique app-owned generated realistic asset,docs/editorial-exports/viet-image-assets/hero-image-production-001/generated_hero_assets.json,Generate a unique realistic menu-quality image for this exact city noun; do not reuse the city masthead or another place image.
P0,NEEDS_UNIQUE_REALISTIC_ASSET,viet-family-city-hue-place-dong-khanh-tomb,Lăng Đồng Khánh / Tomb of Dong Khanh,landmark,HeroCityHue,HeroCityHuePlaceDongKhanhTomb,native-ios/Resources/Assets.xcassets/HeroCityHue.imageset/hero-city-hue.png,,853 x 1844,,853 x 1844,>= 1600 x 2400 preferred,PhraseListingView HeroMastheadImage,"center 50%, upper 25-35%; landmark silhouette must be recognizable",Recognizable subject must survive the top 276pt masthead crop; keep the key visual in the upper third and center 70% width.,city_place_requires_unique_realistic_hero,"Generate owned/licensed hero, crop to repo target, wire heroImageName through source/resources/SQLite, and capture simulator proof.","Create a super-realistic app-owned hero photo for a Vietnamese travel phrasebook, matching the premium real-life menu-item hero image quality. No readable text, no logos, no watermarks, no faces as the subject. Keep the main landmark/object recognizable inside the upper third because the iOS masthead crops a shallow horizontal band. Show Lăng Đồng Khánh / Tomb of Dong Khanh with the real visual cue a first-time traveler would recognize. Specific subject guidance: Photorealistic royal tomb gate with lacquer red details, weathered stone, and green Hue foliage.","no readable text, no watermark, no logos, no fake signs, no unrelated Ha Long Bay/karst imagery for city-specific pages, no people as the main subject",Simulator screenshot plus phone spot-check before DONE,shared or legacy fallback; replace with unique app-owned generated realistic asset,docs/editorial-exports/viet-image-assets/hero-image-production-001/generated_hero_assets.json,Generate a unique realistic menu-quality image for this exact city noun; do not reuse the city masthead or another place image.
P0,NEEDS_UNIQUE_REALISTIC_ASSET,viet-family-city-hoian-place-cam-thanh-coconut-village,Làng dừa Cẩm Thanh / Cam Thanh Coconut Village,landmark,HeroCityHoian,HeroCityHoianPlaceCamThanhCoconutVillage,native-ios/Resources/Assets.xcassets/HeroCityHoian.imageset/hero-city-hoian.png,,853 x 1844,,853 x 1844,>= 1600 x 2400 preferred,PhraseListingView HeroMastheadImage,"center 50%, upper 25-35%; landmark silhouette must be recognizable",Recognizable subject must survive the top 276pt masthead crop; keep the key visual in the upper third and center 70% width.,city_place_requires_unique_realistic_hero,"Generate owned/licensed hero, crop to repo target, wire heroImageName through source/resources/SQLite, and capture simulator proof.","Create a super-realistic app-owned hero photo for a Vietnamese travel phrasebook, matching the premium real-life menu-item hero image quality. No readable text, no logos, no watermarks, no faces as the subject. Keep the main landmark/object recognizable inside the upper third because the iOS masthead crops a shallow horizontal band. Show Làng dừa Cẩm Thanh / Cam Thanh Coconut Village with the real visual cue a first-time traveler would recognize. Specific subject guidance: Photorealistic owned asset: coconut village waterway with palms, small dock, and round boats, late afternoon.","no readable text, no watermark, no logos, no fake signs, no unrelated Ha Long Bay/karst imagery for city-specific pages, no people as the main subject",Simulator screenshot plus phone spot-check before DONE,shared or legacy fallback; replace with unique app-owned generated realistic asset,docs/editorial-exports/viet-image-assets/hero-image-production-001/generated_hero_assets.json,Generate a unique realistic menu-quality image for this exact city noun; do not reuse the city masthead or another place image.
P0,NEEDS_UNIQUE_REALISTIC_ASSET,viet-family-city-hue-place-duc-duc-tomb,Lăng Dục Đức / Tomb of Duc Duc,landmark,HeroCityHue,HeroCityHuePlaceDucDucTomb,native-ios/Resources/Assets.xcassets/HeroCityHue.imageset/hero-city-hue.png,,853 x 1844,,853 x 1844,>= 1600 x 2400 preferred,PhraseListingView HeroMastheadImage,"center 50%, upper 25-35%; landmark silhouette must be recognizable",Recognizable subject must survive the top 276pt masthead crop; keep the key visual in the upper third and center 70% width.,city_place_requires_unique_realistic_hero,"Generate owned/licensed hero, crop to repo target, wire heroImageName through source/resources/SQLite, and capture simulator proof.","Create a super-realistic app-owned hero photo for a Vietnamese travel phrasebook, matching the premium real-life menu-item hero image quality. No readable text, no logos, no watermarks, no faces as the subject. Keep the main landmark/object recognizable inside the upper third because the iOS masthead crops a shallow horizontal band. Show Lăng Dục Đức / Tomb of Duc Duc with the real visual cue a first-time traveler would recognize. Specific subject guidance: Photorealistic modest royal tomb entrance with weathered walls and green trees.","no readable text, no watermark, no logos, no fake signs, no unrelated Ha Long Bay/karst imagery for city-specific pages, no people as the main subject",Simulator screenshot plus phone spot-check before DONE,shared or legacy fallback; replace with unique app-owned generated realistic asset,docs/editorial-exports/viet-image-assets/hero-image-production-001/generated_hero_assets.json,Generate a unique realistic menu-quality image for this exact city noun; do not reuse the city masthead or another place image.
P0,NEEDS_UNIQUE_REALISTIC_ASSET,viet-family-city-hue-place-gia-long-tomb,Lăng Gia Long / Tomb of Gia Long,landmark,HeroCityHue,HeroCityHuePlaceGiaLongTomb,native-ios/Resources/Assets.xcassets/HeroCityHue.imageset/hero-city-hue.png,,853 x 1844,,853 x 1844,>= 1600 x 2400 preferred,PhraseListingView HeroMastheadImage,"center 50%, upper 25-35%; landmark silhouette must be recognizable",Recognizable subject must survive the top 276pt masthead crop; keep the key visual in the upper third and center 70% width.,city_place_requires_unique_realistic_hero,"Generate owned/licensed hero, crop to repo target, wire heroImageName through source/resources/SQLite, and capture simulator proof.","Create a super-realistic app-owned hero photo for a Vietnamese travel phrasebook, matching the premium real-life menu-item hero image quality. No readable text, no logos, no watermarks, no faces as the subject. Keep the main landmark/object recognizable inside the upper third because the iOS masthead crops a shallow horizontal band. Show Lăng Gia Long / Tomb of Gia Long with the real visual cue a first-time traveler would recognize. Specific subject guidance: Photorealistic remote royal tomb complex with low hills, calm water, and worn stone guardians.","no readable text, no watermark, no logos, no fake signs, no unrelated Ha Long Bay/karst imagery for city-specific pages, no people as the main subject",Simulator screenshot plus phone spot-check before DONE,shared or legacy fallback; replace with unique app-owned generated realistic asset,docs/editorial-exports/viet-image-assets/hero-image-production-001/generated_hero_assets.json,Generate a unique realistic menu-quality image for this exact city noun; do not reuse the city masthead or another place image.
P0,NEEDS_UNIQUE_REALISTIC_ASSET,viet-family-city-hoian-place-thanh-ha,Làng gốm Thanh Hà / Thanh Ha Pottery Village,landmark,HeroCityHoian,HeroCityHoianPlaceThanhHa,native-ios/Resources/Assets.xcassets/HeroCityHoian.imageset/hero-city-hoian.png,,853 x 1844,,853 x 1844,>= 1600 x 2400 preferred,PhraseListingView HeroMastheadImage,"center 50%, upper 25-35%; landmark silhouette must be recognizable",Recognizable subject must survive the top 276pt masthead crop; keep the key visual in the upper third and center 70% width.,city_place_requires_unique_realistic_hero,"Generate owned/licensed hero, crop to repo target, wire heroImageName through source/resources/SQLite, and capture simulator proof.","Create a super-realistic app-owned hero photo for a Vietnamese travel phrasebook, matching the premium real-life menu-item hero image quality. No readable text, no logos, no watermarks, no faces as the subject. Keep the main landmark/object recognizable inside the upper third because the iOS masthead crops a shallow horizontal band. Show Làng gốm Thanh Hà / Thanh Ha Pottery Village with the real visual cue a first-time traveler would recognize. Specific subject guidance: Photorealistic owned asset: pottery wheels and terracotta vessels in village workshop, warm daylight, no logos.","no readable text, no watermark, no logos, no fake signs, no unrelated Ha Long Bay/karst imagery for city-specific pages, no people as the main subject",Simulator screenshot plus phone spot-check before DONE,shared or legacy fallback; replace with unique app-owned generated realistic asset,docs/editorial-exports/viet-image-assets/hero-image-production-001/generated_hero_assets.json,Generate a unique realistic menu-quality image for this exact city noun; do not reuse the city masthead or another place image.
P0,NEEDS_UNIQUE_REALISTIC_ASSET,viet-family-city-hue-place-thuy-xuan-incense-village,Làng hương Thủy Xuân / Thuy Xuan Incense Village,landmark,HeroCityHue,HeroCityHuePlaceThuyXuanIncenseVillage,native-ios/Resources/Assets.xcassets/HeroCityHue.imageset/hero-city-hue.png,,853 x 1844,,853 x 1844,>= 1600 x 2400 preferred,PhraseListingView HeroMastheadImage,"center 50%, upper 25-35%; landmark silhouette must be recognizable",Recognizable subject must survive the top 276pt masthead crop; keep the key visual in the upper third and center 70% width.,city_place_requires_unique_realistic_hero,"Generate owned/licensed hero, crop to repo target, wire heroImageName through source/resources/SQLite, and capture simulator proof.","Create a super-realistic app-owned hero photo for a Vietnamese travel phrasebook, matching the premium real-life menu-item hero image quality. No readable text, no logos, no watermarks, no faces as the subject. Keep the main landmark/object recognizable inside the upper third because the iOS masthead crops a shallow horizontal band. Show Làng hương Thủy Xuân / Thuy Xuan Incense Village with the real visual cue a first-time traveler would recognize. Specific subject guidance: Photorealistic bundles of colorful incense sticks fanning out along a Hue village street.","no readable text, no watermark, no logos, no fake signs, no unrelated Ha Long Bay/karst imagery for city-specific pages, no people as the main subject",Simulator screenshot plus phone spot-check before DONE,shared or legacy fallback; replace with unique app-owned generated realistic asset,docs/editorial-exports/viet-image-assets/hero-image-production-001/generated_hero_assets.json,Generate a unique realistic menu-quality image for this exact city noun; do not reuse the city masthead or another place image.
P0,NEEDS_UNIQUE_REALISTIC_ASSET,viet-family-city-hue-place-khai-dinh-tomb,Lăng Khải Định / Tomb of Khai Dinh,landmark,HeroCityHue,HeroCityHuePlaceKhaiDinhTomb,native-ios/Resources/Assets.xcassets/HeroCityHue.imageset/hero-city-hue.png,,853 x 1844,,853 x 1844,>= 1600 x 2400 preferred,PhraseListingView HeroMastheadImage,"center 50%, upper 25-35%; landmark silhouette must be recognizable",Recognizable subject must survive the top 276pt masthead crop; keep the key visual in the upper third and center 70% width.,city_place_requires_unique_realistic_hero,"Generate owned/licensed hero, crop to repo target, wire heroImageName through source/resources/SQLite, and capture simulator proof.","Create a super-realistic app-owned hero photo for a Vietnamese travel phrasebook, matching the premium real-life menu-item hero image quality. No readable text, no logos, no watermarks, no faces as the subject. Keep the main landmark/object recognizable inside the upper third because the iOS masthead crops a shallow horizontal band. Show Lăng Khải Định / Tomb of Khai Dinh with the real visual cue a first-time traveler would recognize. Specific subject guidance: Photorealistic stone stairway and dark imperial facade on a cloudy Hue hillside, documentary travel style.","no readable text, no watermark, no logos, no fake signs, no unrelated Ha Long Bay/karst imagery for city-specific pages, no people as the main subject",Simulator screenshot plus phone spot-check before DONE,shared or legacy fallback; replace with unique app-owned generated realistic asset,docs/editorial-exports/viet-image-assets/hero-image-production-001/generated_hero_assets.json,Generate a unique realistic menu-quality image for this exact city noun; do not reuse the city masthead or another place image.
P0,NEEDS_UNIQUE_REALISTIC_ASSET,viet-family-city-hoian-place-silk-village,Làng lụa Hội An / Hoi An Silk Village,landmark,HeroCityHoian,HeroCityHoianPlaceSilkVillage,native-ios/Resources/Assets.xcassets/HeroCityHoian.imageset/hero-city-hoian.png,,853 x 1844,,853 x 1844,>= 1600 x 2400 preferred,PhraseListingView HeroMastheadImage,"center 50%, upper 25-35%; landmark silhouette must be recognizable",Recognizable subject must survive the top 276pt masthead crop; keep the key visual in the upper third and center 70% width.,city_place_requires_unique_realistic_hero,"Generate owned/licensed hero, crop to repo target, wire heroImageName through source/resources/SQLite, and capture simulator proof.","Create a super-realistic app-owned hero photo for a Vietnamese travel phrasebook, matching the premium real-life menu-item hero image quality. No readable text, no logos, no watermarks, no faces as the subject. Keep the main landmark/object recognizable inside the upper third because the iOS masthead crops a shallow horizontal band. Show Làng lụa Hội An / Hoi An Silk Village with the real visual cue a first-time traveler would recognize. Specific subject guidance: Photorealistic owned asset: silk-weaving room with looms and thread spools, warm daylight, no brand marks.","no readable text, no watermark, no logos, no fake signs, no unrelated Ha Long Bay/karst imagery for city-specific pages, no people as the main subject",Simulator screenshot plus phone spot-check before DONE,shared or legacy fallback; replace with unique app-owned generated realistic asset,docs/editorial-exports/viet-image-assets/hero-image-production-001/generated_hero_assets.json,Generate a unique realistic menu-quality image for this exact city noun; do not reuse the city masthead or another place image.
P0,NEEDS_UNIQUE_REALISTIC_ASSET,viet-family-city-hue-place-minh-mang-tomb,Lăng Minh Mạng / Tomb of Minh Mang,landmark,HeroCityHue,HeroCityHuePlaceMinhMangTomb,native-ios/Resources/Assets.xcassets/HeroCityHue.imageset/hero-city-hue.png,,853 x 1844,,853 x 1844,>= 1600 x 2400 preferred,PhraseListingView HeroMastheadImage,"center 50%, upper 25-35%; landmark silhouette must be recognizable",Recognizable subject must survive the top 276pt masthead crop; keep the key visual in the upper third and center 70% width.,city_place_requires_unique_realistic_hero,"Generate owned/licensed hero, crop to repo target, wire heroImageName through source/resources/SQLite, and capture simulator proof.","Create a super-realistic app-owned hero photo for a Vietnamese travel phrasebook, matching the premium real-life menu-item hero image quality. No readable text, no logos, no watermarks, no faces as the subject. Keep the main landmark/object recognizable inside the upper third because the iOS masthead crops a shallow horizontal band. Show Lăng Minh Mạng / Tomb of Minh Mang with the real visual cue a first-time traveler would recognize. Specific subject guidance: Photorealistic axial royal tomb walkway with lake reflections, red gates, and filtered afternoon light.","no readable text, no watermark, no logos, no fake signs, no unrelated Ha Long Bay/karst imagery for city-specific pages, no people as the main subject",Simulator screenshot plus phone spot-check before DONE,shared or legacy fallback; replace with unique app-owned generated realistic asset,docs/editorial-exports/viet-image-assets/hero-image-production-001/generated_hero_assets.json,Generate a unique realistic menu-quality image for this exact city noun; do not reuse the city masthead or another place image.
P0,NEEDS_UNIQUE_REALISTIC_ASSET,viet-family-city-hoian-place-kim-bong-carpentry-village,Làng mộc Kim Bồng / Kim Bong Carpentry Village,landmark,HeroCityHoian,HeroCityHoianPlaceKimBongCarpentryVillage,native-ios/Resources/Assets.xcassets/HeroCityHoian.imageset/hero-city-hoian.png,,853 x 1844,,853 x 1844,>= 1600 x 2400 preferred,PhraseListingView HeroMastheadImage,"center 50%, upper 25-35%; landmark silhouette must be recognizable",Recognizable subject must survive the top 276pt masthead crop; keep the key visual in the upper third and center 70% width.,city_place_requires_unique_realistic_hero,"Generate owned/licensed hero, crop to repo target, wire heroImageName through source/resources/SQLite, and capture simulator proof.","Create a super-realistic app-owned hero photo for a Vietnamese travel phrasebook, matching the premium real-life menu-item hero image quality. No readable text, no logos, no watermarks, no faces as the subject. Keep the main landmark/object recognizable inside the upper third because the iOS masthead crops a shallow horizontal band. Show Làng mộc Kim Bồng / Kim Bong Carpentry Village with the real visual cue a first-time traveler would recognize. Specific subject guidance: Photorealistic owned asset: woodworking village workshop with carved panels and tools, natural light, no copied artworks.","no readable text, no watermark, no logos, no fake signs, no unrelated Ha Long Bay/karst imagery for city-specific pages, no people as the main subject",Simulator screenshot plus phone spot-check before DONE,shared or legacy fallback; replace with unique app-owned generated realistic asset,docs/editorial-exports/viet-image-assets/hero-image-production-001/generated_hero_assets.json,Generate a unique realistic menu-quality image for this exact city noun; do not reuse the city masthead or another place image.
P0,NEEDS_UNIQUE_REALISTIC_ASSET,viet-family-city-hoian-place-tra-que,Làng rau Trà Quế / Tra Que Vegetable Village,landmark,HeroCityHoian,HeroCityHoianPlaceTraQue,native-ios/Resources/Assets.xcassets/HeroCityHoian.imageset/hero-city-hoian.png,,853 x 1844,,853 x 1844,>= 1600 x 2400 preferred,PhraseListingView HeroMastheadImage,"center 50%, upper 25-35%; landmark silhouette must be recognizable",Recognizable subject must survive the top 276pt masthead crop; keep the key visual in the upper third and center 70% width.,city_place_requires_unique_realistic_hero,"Generate owned/licensed hero, crop to repo target, wire heroImageName through source/resources/SQLite, and capture simulator proof.","Create a super-realistic app-owned hero photo for a Vietnamese travel phrasebook, matching the premium real-life menu-item hero image quality. No readable text, no logos, no watermarks, no faces as the subject. Keep the main landmark/object recognizable inside the upper third because the iOS masthead crops a shallow horizontal band. Show Làng rau Trà Quế / Tra Que Vegetable Village with the real visual cue a first-time traveler would recognize. Specific subject guidance: Photorealistic owned asset: vegetable beds with herbs, irrigation channels, and village homes, sunrise, no posed farmers.","no readable text, no watermark, no logos, no fake signs, no unrelated Ha Long Bay/karst imagery for city-specific pages, no people as the main subject",Simulator screenshot plus phone spot-check before DONE,shared or legacy fallback; replace with unique app-owned generated realistic asset,docs/editorial-exports/viet-image-assets/hero-image-production-001/generated_hero_assets.json,Generate a unique realistic menu-quality image for this exact city noun; do not reuse the city masthead or another place image.
P0,NEEDS_UNIQUE_REALISTIC_ASSET,viet-family-city-hue-place-thieu-tri-tomb,Lăng Thiệu Trị / Tomb of Thieu Tri,landmark,HeroCityHue,HeroCityHuePlaceThieuTriTomb,native-ios/Resources/Assets.xcassets/HeroCityHue.imageset/hero-city-hue.png,,853 x 1844,,853 x 1844,>= 1600 x 2400 preferred,PhraseListingView HeroMastheadImage,"center 50%, upper 25-35%; landmark silhouette must be recognizable",Recognizable subject must survive the top 276pt masthead crop; keep the key visual in the upper third and center 70% width.,city_place_requires_unique_realistic_hero,"Generate owned/licensed hero, crop to repo target, wire heroImageName through source/resources/SQLite, and capture simulator proof.","Create a super-realistic app-owned hero photo for a Vietnamese travel phrasebook, matching the premium real-life menu-item hero image quality. No readable text, no logos, no watermarks, no faces as the subject. Keep the main landmark/object recognizable inside the upper third because the iOS masthead crops a shallow horizontal band. Show Lăng Thiệu Trị / Tomb of Thieu Tri with the real visual cue a first-time traveler would recognize. Specific subject guidance: Photorealistic low royal tomb structures in open countryside with mountains faint in background.","no readable text, no watermark, no logos, no fake signs, no unrelated Ha Long Bay/karst imagery for city-specific pages, no people as the main subject",Simulator screenshot plus phone spot-check before DONE,shared or legacy fallback; replace with unique app-owned generated realistic asset,docs/editorial-exports/viet-image-assets/hero-image-production-001/generated_hero_assets.json,Generate a unique realistic menu-quality image for this exact city noun; do not reuse the city masthead or another place image.
P0,NEEDS_UNIQUE_REALISTIC_ASSET,viet-family-city-hue-place-thuy-bieu-village,Làng Thủy Biều / Thuy Bieu Village,landmark,HeroCityHue,HeroCityHuePlaceThuyBieuVillage,native-ios/Resources/Assets.xcassets/HeroCityHue.imageset/hero-city-hue.png,,853 x 1844,,853 x 1844,>= 1600 x 2400 preferred,PhraseListingView HeroMastheadImage,"center 50%, upper 25-35%; landmark silhouette must be recognizable",Recognizable subject must survive the top 276pt masthead crop; keep the key visual in the upper third and center 70% width.,city_place_requires_unique_realistic_hero,"Generate owned/licensed hero, crop to repo target, wire heroImageName through source/resources/SQLite, and capture simulator proof.","Create a super-realistic app-owned hero photo for a Vietnamese travel phrasebook, matching the premium real-life menu-item hero image quality. No readable text, no logos, no watermarks, no faces as the subject. Keep the main landmark/object recognizable inside the upper third because the iOS masthead crops a shallow horizontal band. Show Làng Thủy Biều / Thuy Bieu Village with the real visual cue a first-time traveler would recognize. Specific subject guidance: Photorealistic leafy village lane with pomelo trees, bicycle, and garden walls near Hue.","no readable text, no watermark, no logos, no fake signs, no unrelated Ha Long Bay/karst imagery for city-specific pages, no people as the main subject",Simulator screenshot plus phone spot-check before DONE,shared or legacy fallback; replace with unique app-owned generated realistic asset,docs/editorial-exports/viet-image-assets/hero-image-production-001/generated_hero_assets.json,Generate a unique realistic menu-quality image for this exact city noun; do not reuse the city masthead or another place image.
P0,NEEDS_UNIQUE_REALISTIC_ASSET,viet-family-city-hoian-place-tra-nhieu-village,Làng Trà Nhiêu / Tra Nhieu Village,landmark,HeroCityHoian,HeroCityHoianPlaceTraNhieuVillage,native-ios/Resources/Assets.xcassets/HeroCityHoian.imageset/hero-city-hoian.png,,853 x 1844,,853 x 1844,>= 1600 x 2400 preferred,PhraseListingView HeroMastheadImage,"center 50%, upper 25-35%; landmark silhouette must be recognizable",Recognizable subject must survive the top 276pt masthead crop; keep the key visual in the upper third and center 70% width.,city_place_requires_unique_realistic_hero,"Generate owned/licensed hero, crop to repo target, wire heroImageName through source/resources/SQLite, and capture simulator proof.","Create a super-realistic app-owned hero photo for a Vietnamese travel phrasebook, matching the premium real-life menu-item hero image quality. No readable text, no logos, no watermarks, no faces as the subject. Keep the main landmark/object recognizable inside the upper third because the iOS masthead crops a shallow horizontal band. Show Làng Trà Nhiêu / Tra Nhieu Village with the real visual cue a first-time traveler would recognize. Specific subject guidance: Photorealistic owned asset: riverside village lane with bamboo, fishing nets, and small boats, natural daylight.","no readable text, no watermark, no logos, no fake signs, no unrelated Ha Long Bay/karst imagery for city-specific pages, no people as the main subject",Simulator screenshot plus phone spot-check before DONE,shared or legacy fallback; replace with unique app-owned generated realistic asset,docs/editorial-exports/viet-image-assets/hero-image-production-001/generated_hero_assets.json,Generate a unique realistic menu-quality image for this exact city noun; do not reuse the city masthead or another place image.
P0,NEEDS_UNIQUE_REALISTIC_ASSET,viet-family-city-hue-place-tu-duc-tomb,Lăng Tự Đức / Tomb of Tu Duc,landmark,HeroCityHue,HeroCityHuePlaceTuDucTomb,native-ios/Resources/Assets.xcassets/HeroCityHue.imageset/hero-city-hue.png,,853 x 1844,,853 x 1844,>= 1600 x 2400 preferred,PhraseListingView HeroMastheadImage,"center 50%, upper 25-35%; landmark silhouette must be recognizable",Recognizable subject must survive the top 276pt masthead crop; keep the key visual in the upper third and center 70% width.,city_place_requires_unique_realistic_hero,"Generate owned/licensed hero, crop to repo target, wire heroImageName through source/resources/SQLite, and capture simulator proof.","Create a super-realistic app-owned hero photo for a Vietnamese travel phrasebook, matching the premium real-life menu-item hero image quality. No readable text, no logos, no watermarks, no faces as the subject. Keep the main landmark/object recognizable inside the upper third because the iOS masthead crops a shallow horizontal band. Show Lăng Tự Đức / Tomb of Tu Duc with the real visual cue a first-time traveler would recognize. Specific subject guidance: Photorealistic mossy imperial tomb courtyard with lake edge, stone steps, and quiet pine canopy.","no readable text, no watermark, no logos, no fake signs, no unrelated Ha Long Bay/karst imagery for city-specific pages, no people as the main subject",Simulator screenshot plus phone spot-check before DONE,shared or legacy fallback; replace with unique app-owned generated realistic asset,docs/editorial-exports/viet-image-assets/hero-image-production-001/generated_hero_assets.json,Generate a unique realistic menu-quality image for this exact city noun; do not reuse the city masthead or another place image.
P0,NEEDS_UNIQUE_REALISTIC_ASSET,viet-family-city-danang-place-lotte-mart,Lotte Mart Đà Nẵng / Lotte Mart Da Nang,landmark,HeroCityDanang,HeroCityDanangPlaceLotteMart,native-ios/Resources/Assets.xcassets/HeroCityDanang.imageset/hero-city-danang.png,,853 x 1844,,853 x 1844,>= 1600 x 2400 preferred,PhraseListingView HeroMastheadImage,"center 50%, upper 25-35%; landmark silhouette must be recognizable",Recognizable subject must survive the top 276pt masthead crop; keep the key visual in the upper third and center 70% width.,city_place_requires_unique_realistic_hero,"Generate owned/licensed hero, crop to repo target, wire heroImageName through source/resources/SQLite, and capture simulator proof.","Create a super-realistic app-owned hero photo for a Vietnamese travel phrasebook, matching the premium real-life menu-item hero image quality. No readable text, no logos, no watermarks, no faces as the subject. Keep the main landmark/object recognizable inside the upper third because the iOS masthead crops a shallow horizontal band. Show Lotte Mart Đà Nẵng / Lotte Mart Da Nang with the real visual cue a first-time traveler would recognize. Specific subject guidance: Photorealistic owned asset: large supermarket entrance with carts and neutral signage, no exact logo reproduction.","no readable text, no watermark, no logos, no fake signs, no unrelated Ha Long Bay/karst imagery for city-specific pages, no people as the main subject",Simulator screenshot plus phone spot-check before DONE,shared or legacy fallback; replace with unique app-owned generated realistic asset,docs/editorial-exports/viet-image-assets/hero-image-production-001/generated_hero_assets.json,Generate a unique realistic menu-quality image for this exact city noun; do not reuse the city masthead or another place image.
P0,NEEDS_UNIQUE_REALISTIC_ASSET,viet-family-city-hanoi-place-manzi-art-space,Manzi / Manzi Art Space,landmark,HeroCityHanoi,HeroCityHanoiPlaceManziArtSpace,native-ios/Resources/Assets.xcassets/HeroCityHanoi.imageset/hero-city-hanoi.png,,853 x 1844,,853 x 1844,>= 1600 x 2400 preferred,PhraseListingView HeroMastheadImage,"center 50%, upper 25-35%; landmark silhouette must be recognizable",Recognizable subject must survive the top 276pt masthead crop; keep the key visual in the upper third and center 70% width.,city_place_requires_unique_realistic_hero,"Generate owned/licensed hero, crop to repo target, wire heroImageName through source/resources/SQLite, and capture simulator proof.","Create a super-realistic app-owned hero photo for a Vietnamese travel phrasebook, matching the premium real-life menu-item hero image quality. No readable text, no logos, no watermarks, no faces as the subject. Keep the main landmark/object recognizable inside the upper third because the iOS masthead crops a shallow horizontal band. Show Manzi / Manzi Art Space with the real visual cue a first-time traveler would recognize. Specific subject guidance: Intimate Hanoi art gallery cafe, framed works, warm interior, photorealistic.","no readable text, no watermark, no logos, no fake signs, no unrelated Ha Long Bay/karst imagery for city-specific pages, no people as the main subject",Simulator screenshot plus phone spot-check before DONE,shared or legacy fallback; replace with unique app-owned generated realistic asset,docs/editorial-exports/viet-image-assets/hero-image-production-001/generated_hero_assets.json,Generate a unique realistic menu-quality image for this exact city noun; do not reuse the city masthead or another place image.
P0,NEEDS_UNIQUE_REALISTIC_ASSET,viet-family-city-hoian-place-metiseko,Metiseko / Metiseko,landmark,HeroCityHoian,HeroCityHoianPlaceMetiseko,native-ios/Resources/Assets.xcassets/HeroCityHoian.imageset/hero-city-hoian.png,,853 x 1844,,853 x 1844,>= 1600 x 2400 preferred,PhraseListingView HeroMastheadImage,"center 50%, upper 25-35%; landmark silhouette must be recognizable",Recognizable subject must survive the top 276pt masthead crop; keep the key visual in the upper third and center 70% width.,city_place_requires_unique_realistic_hero,"Generate owned/licensed hero, crop to repo target, wire heroImageName through source/resources/SQLite, and capture simulator proof.","Create a super-realistic app-owned hero photo for a Vietnamese travel phrasebook, matching the premium real-life menu-item hero image quality. No readable text, no logos, no watermarks, no faces as the subject. Keep the main landmark/object recognizable inside the upper third because the iOS masthead crops a shallow horizontal band. Show Metiseko / Metiseko with the real visual cue a first-time traveler would recognize. Specific subject guidance: Photorealistic owned asset: elegant textile boutique with folded prints and yellow-wall interior, no logo.","no readable text, no watermark, no logos, no fake signs, no unrelated Ha Long Bay/karst imagery for city-specific pages, no people as the main subject",Simulator screenshot plus phone spot-check before DONE,shared or legacy fallback; replace with unique app-owned generated realistic asset,docs/editorial-exports/viet-image-assets/hero-image-production-001/generated_hero_assets.json,Generate a unique realistic menu-quality image for this exact city noun; do not reuse the city masthead or another place image.
P0,NEEDS_UNIQUE_REALISTIC_ASSET,viet-family-city-hoian-place-quan-cong-temple,Miếu Quan Công / Quan Cong Temple,landmark,HeroCityHoian,HeroCityHoianPlaceQuanCongTemple,native-ios/Resources/Assets.xcassets/HeroCityHoian.imageset/hero-city-hoian.png,,853 x 1844,,853 x 1844,>= 1600 x 2400 preferred,PhraseListingView HeroMastheadImage,"center 50%, upper 25-35%; landmark silhouette must be recognizable",Recognizable subject must survive the top 276pt masthead crop; keep the key visual in the upper third and center 70% width.,city_place_requires_unique_realistic_hero,"Generate owned/licensed hero, crop to repo target, wire heroImageName through source/resources/SQLite, and capture simulator proof.","Create a super-realistic app-owned hero photo for a Vietnamese travel phrasebook, matching the premium real-life menu-item hero image quality. No readable text, no logos, no watermarks, no faces as the subject. Keep the main landmark/object recognizable inside the upper third because the iOS masthead crops a shallow horizontal band. Show Miếu Quan Công / Quan Cong Temple with the real visual cue a first-time traveler would recognize. Specific subject guidance: Photorealistic owned asset: red temple gate with incense urn and old-town yellow walls, respectful distance.","no readable text, no watermark, no logos, no fake signs, no unrelated Ha Long Bay/karst imagery for city-specific pages, no people as the main subject",Simulator screenshot plus phone spot-check before DONE,shared or legacy fallback; replace with unique app-owned generated realistic asset,docs/editorial-exports/viet-image-assets/hero-image-production-001/generated_hero_assets.json,Generate a unique realistic menu-quality image for this exact city noun; do not reuse the city masthead or another place image.
P0,NEEDS_UNIQUE_REALISTIC_ASSET,viet-family-city-danang-place-my-an,Mỹ An / My An,landmark,HeroCityDanang,HeroCityDanangPlaceMyAn,native-ios/Resources/Assets.xcassets/HeroCityDanang.imageset/hero-city-danang.png,,853 x 1844,,853 x 1844,>= 1600 x 2400 preferred,PhraseListingView HeroMastheadImage,"center 50%, upper 25-35%; landmark silhouette must be recognizable",Recognizable subject must survive the top 276pt masthead crop; keep the key visual in the upper third and center 70% width.,city_place_requires_unique_realistic_hero,"Generate owned/licensed hero, crop to repo target, wire heroImageName through source/resources/SQLite, and capture simulator proof.","Create a super-realistic app-owned hero photo for a Vietnamese travel phrasebook, matching the premium real-life menu-item hero image quality. No readable text, no logos, no watermarks, no faces as the subject. Keep the main landmark/object recognizable inside the upper third because the iOS masthead crops a shallow horizontal band. Show Mỹ An / My An with the real visual cue a first-time traveler would recognize. Specific subject guidance: Photorealistic owned asset: low-rise beach neighborhood street with cafes and motorbikes, relaxed midday, no logos.","no readable text, no watermark, no logos, no fake signs, no unrelated Ha Long Bay/karst imagery for city-specific pages, no people as the main subject",Simulator screenshot plus phone spot-check before DONE,shared or legacy fallback; replace with unique app-owned generated realistic asset,docs/editorial-exports/viet-image-assets/hero-image-production-001/generated_hero_assets.json,Generate a unique realistic menu-quality image for this exact city noun; do not reuse the city masthead or another place image.
P0,NEEDS_UNIQUE_REALISTIC_ASSET,viet-family-city-hue-place-ngo-mon-gate,Ngọ Môn / Ngo Mon Gate,landmark,HeroCityHue,HeroCityHuePlaceNgoMonGate,native-ios/Resources/Assets.xcassets/HeroCityHue.imageset/hero-city-hue.png,,853 x 1844,,853 x 1844,>= 1600 x 2400 preferred,PhraseListingView HeroMastheadImage,"center 50%, upper 25-35%; landmark silhouette must be recognizable",Recognizable subject must survive the top 276pt masthead crop; keep the key visual in the upper third and center 70% width.,city_place_requires_unique_realistic_hero,"Generate owned/licensed hero, crop to repo target, wire heroImageName through source/resources/SQLite, and capture simulator proof.","Create a super-realistic app-owned hero photo for a Vietnamese travel phrasebook, matching the premium real-life menu-item hero image quality. No readable text, no logos, no watermarks, no faces as the subject. Keep the main landmark/object recognizable inside the upper third because the iOS masthead crops a shallow horizontal band. Show Ngọ Môn / Ngo Mon Gate with the real visual cue a first-time traveler would recognize. Specific subject guidance: Photorealistic frontal view of Ngo Mon Gate, stone foreground, flags and tiled roof detail.","no readable text, no watermark, no logos, no fake signs, no unrelated Ha Long Bay/karst imagery for city-specific pages, no people as the main subject",Simulator screenshot plus phone spot-check before DONE,shared or legacy fallback; replace with unique app-owned generated realistic asset,docs/editorial-exports/viet-image-assets/hero-image-production-001/generated_hero_assets.json,Generate a unique realistic menu-quality image for this exact city noun; do not reuse the city masthead or another place image.
P0,NEEDS_UNIQUE_REALISTIC_ASSET,viet-family-city-danang-place-marble-mountains,Ngũ Hành Sơn / Marble Mountains,landmark,HeroCityDanang,HeroCityDanangPlaceMarbleMountains,native-ios/Resources/Assets.xcassets/HeroCityDanang.imageset/hero-city-danang.png,,853 x 1844,,853 x 1844,>= 1600 x 2400 preferred,PhraseListingView HeroMastheadImage,"center 50%, upper 25-35%; landmark silhouette must be recognizable",Recognizable subject must survive the top 276pt masthead crop; keep the key visual in the upper third and center 70% width.,city_place_requires_unique_realistic_hero,"Generate owned/licensed hero, crop to repo target, wire heroImageName through source/resources/SQLite, and capture simulator proof.","Create a super-realistic app-owned hero photo for a Vietnamese travel phrasebook, matching the premium real-life menu-item hero image quality. No readable text, no logos, no watermarks, no faces as the subject. Keep the main landmark/object recognizable inside the upper third because the iOS masthead crops a shallow horizontal band. Show Ngũ Hành Sơn / Marble Mountains with the real visual cue a first-time traveler would recognize. Specific subject guidance: Photorealistic owned asset: limestone mountain steps leading to a pagoda gate, shaded stone textures, no posed tourists.","no readable text, no watermark, no logos, no fake signs, no unrelated Ha Long Bay/karst imagery for city-specific pages, no people as the main subject",Simulator screenshot plus phone spot-check before DONE,shared or legacy fallback; replace with unique app-owned generated realistic asset,docs/editorial-exports/viet-image-assets/hero-image-production-001/generated_hero_assets.json,Generate a unique realistic menu-quality image for this exact city noun; do not reuse the city masthead or another place image.
P0,NEEDS_UNIQUE_REALISTIC_ASSET,viet-family-city-hoian-place-traditional-art-performance-house,Nhà biểu diễn nghệ thuật cổ truyền Hội An / Traditional Art Performance House,landmark,HeroCityHoian,HeroCityHoianPlaceTraditionalArtPerformanceHouse,native-ios/Resources/Assets.xcassets/HeroCityHoian.imageset/hero-city-hoian.png,,853 x 1844,,853 x 1844,>= 1600 x 2400 preferred,PhraseListingView HeroMastheadImage,"center 50%, upper 25-35%; landmark silhouette must be recognizable",Recognizable subject must survive the top 276pt masthead crop; keep the key visual in the upper third and center 70% width.,city_place_requires_unique_realistic_hero,"Generate owned/licensed hero, crop to repo target, wire heroImageName through source/resources/SQLite, and capture simulator proof.","Create a super-realistic app-owned hero photo for a Vietnamese travel phrasebook, matching the premium real-life menu-item hero image quality. No readable text, no logos, no watermarks, no faces as the subject. Keep the main landmark/object recognizable inside the upper third because the iOS masthead crops a shallow horizontal band. Show Nhà biểu diễn nghệ thuật cổ truyền Hội An / Traditional Art Performance House with the real visual cue a first-time traveler would recognize. Specific subject guidance: Photorealistic owned asset: small traditional stage with silk curtains and lanterns, no performers' faces.","no readable text, no watermark, no logos, no fake signs, no unrelated Ha Long Bay/karst imagery for city-specific pages, no people as the main subject",Simulator screenshot plus phone spot-check before DONE,shared or legacy fallback; replace with unique app-owned generated realistic asset,docs/editorial-exports/viet-image-assets/hero-image-production-001/generated_hero_assets.json,Generate a unique realistic menu-quality image for this exact city noun; do not reuse the city masthead or another place image.
P0,NEEDS_UNIQUE_REALISTIC_ASSET,viet-family-city-hoian-place-duc-an-old-house,Nhà cổ Đức An / Duc An Old House,landmark,HeroCityHoian,HeroCityHoianPlaceDucAnOldHouse,native-ios/Resources/Assets.xcassets/HeroCityHoian.imageset/hero-city-hoian.png,,853 x 1844,,853 x 1844,>= 1600 x 2400 preferred,PhraseListingView HeroMastheadImage,"center 50%, upper 25-35%; landmark silhouette must be recognizable",Recognizable subject must survive the top 276pt masthead crop; keep the key visual in the upper third and center 70% width.,city_place_requires_unique_realistic_hero,"Generate owned/licensed hero, crop to repo target, wire heroImageName through source/resources/SQLite, and capture simulator proof.","Create a super-realistic app-owned hero photo for a Vietnamese travel phrasebook, matching the premium real-life menu-item hero image quality. No readable text, no logos, no watermarks, no faces as the subject. Keep the main landmark/object recognizable inside the upper third because the iOS masthead crops a shallow horizontal band. Show Nhà cổ Đức An / Duc An Old House with the real visual cue a first-time traveler would recognize. Specific subject guidance: Photorealistic owned asset: antique wooden house interior with old shelves and warm window light, no copied artifacts.","no readable text, no watermark, no logos, no fake signs, no unrelated Ha Long Bay/karst imagery for city-specific pages, no people as the main subject",Simulator screenshot plus phone spot-check before DONE,shared or legacy fallback; replace with unique app-owned generated realistic asset,docs/editorial-exports/viet-image-assets/hero-image-production-001/generated_hero_assets.json,Generate a unique realistic menu-quality image for this exact city noun; do not reuse the city masthead or another place image.
P0,NEEDS_UNIQUE_REALISTIC_ASSET,viet-family-city-hoian-place-phung-hung-old-house,Nhà cổ Phùng Hưng / Phung Hung Old House,landmark,HeroCityHoian,HeroCityHoianPlacePhungHungOldHouse,native-ios/Resources/Assets.xcassets/HeroCityHoian.imageset/hero-city-hoian.png,,853 x 1844,,853 x 1844,>= 1600 x 2400 preferred,PhraseListingView HeroMastheadImage,"center 50%, upper 25-35%; landmark silhouette must be recognizable",Recognizable subject must survive the top 276pt masthead crop; keep the key visual in the upper third and center 70% width.,city_place_requires_unique_realistic_hero,"Generate owned/licensed hero, crop to repo target, wire heroImageName through source/resources/SQLite, and capture simulator proof.","Create a super-realistic app-owned hero photo for a Vietnamese travel phrasebook, matching the premium real-life menu-item hero image quality. No readable text, no logos, no watermarks, no faces as the subject. Keep the main landmark/object recognizable inside the upper third because the iOS masthead crops a shallow horizontal band. Show Nhà cổ Phùng Hưng / Phung Hung Old House with the real visual cue a first-time traveler would recognize. Specific subject guidance: Photorealistic owned asset: old wooden balcony house on a yellow street corner, lanterns, no shop signs.","no readable text, no watermark, no logos, no fake signs, no unrelated Ha Long Bay/karst imagery for city-specific pages, no people as the main subject",Simulator screenshot plus phone spot-check before DONE,shared or legacy fallback; replace with unique app-owned generated realistic asset,docs/editorial-exports/viet-image-assets/hero-image-production-001/generated_hero_assets.json,Generate a unique realistic menu-quality image for this exact city noun; do not reuse the city masthead or another place image.
P0,NEEDS_UNIQUE_REALISTIC_ASSET,viet-family-city-hoian-place-quan-thang-old-house,Nhà cổ Quân Thắng / Quan Thang Old House,landmark,HeroCityHoian,HeroCityHoianPlaceQuanThangOldHouse,native-ios/Resources/Assets.xcassets/HeroCityHoian.imageset/hero-city-hoian.png,,853 x 1844,,853 x 1844,>= 1600 x 2400 preferred,PhraseListingView HeroMastheadImage,"center 50%, upper 25-35%; landmark silhouette must be recognizable",Recognizable subject must survive the top 276pt masthead crop; keep the key visual in the upper third and center 70% width.,city_place_requires_unique_realistic_hero,"Generate owned/licensed hero, crop to repo target, wire heroImageName through source/resources/SQLite, and capture simulator proof.","Create a super-realistic app-owned hero photo for a Vietnamese travel phrasebook, matching the premium real-life menu-item hero image quality. No readable text, no logos, no watermarks, no faces as the subject. Keep the main landmark/object recognizable inside the upper third because the iOS masthead crops a shallow horizontal band. Show Nhà cổ Quân Thắng / Quan Thang Old House with the real visual cue a first-time traveler would recognize. Specific subject guidance: Photorealistic owned asset: carved wood doorway in an old yellow house, soft side light, no readable signage.","no readable text, no watermark, no logos, no fake signs, no unrelated Ha Long Bay/karst imagery for city-specific pages, no people as the main subject",Simulator screenshot plus phone spot-check before DONE,shared or legacy fallback; replace with unique app-owned generated realistic asset,docs/editorial-exports/viet-image-assets/hero-image-production-001/generated_hero_assets.json,Generate a unique realistic menu-quality image for this exact city noun; do not reuse the city masthead or another place image.
P0,NEEDS_UNIQUE_REALISTIC_ASSET,viet-family-city-hoian-place-tan-ky-old-house,Nhà cổ Tấn Ký / Tan Ky Old House,landmark,HeroCityHoian,HeroCityHoianPlaceTanKyOldHouse,native-ios/Resources/Assets.xcassets/HeroCityHoian.imageset/hero-city-hoian.png,,853 x 1844,,853 x 1844,>= 1600 x 2400 preferred,PhraseListingView HeroMastheadImage,"center 50%, upper 25-35%; landmark silhouette must be recognizable",Recognizable subject must survive the top 276pt masthead crop; keep the key visual in the upper third and center 70% width.,city_place_requires_unique_realistic_hero,"Generate owned/licensed hero, crop to repo target, wire heroImageName through source/resources/SQLite, and capture simulator proof.","Create a super-realistic app-owned hero photo for a Vietnamese travel phrasebook, matching the premium real-life menu-item hero image quality. No readable text, no logos, no watermarks, no faces as the subject. Keep the main landmark/object recognizable inside the upper third because the iOS masthead crops a shallow horizontal band. Show Nhà cổ Tấn Ký / Tan Ky Old House with the real visual cue a first-time traveler would recognize. Specific subject guidance: Photorealistic owned asset: preserved wooden old-house interior with carved beams and lantern light, no copied displays.","no readable text, no watermark, no logos, no fake signs, no unrelated Ha Long Bay/karst imagery for city-specific pages, no people as the main subject",Simulator screenshot plus phone spot-check before DONE,shared or legacy fallback; replace with unique app-owned generated realistic asset,docs/editorial-exports/viet-image-assets/hero-image-production-001/generated_hero_assets.json,Generate a unique realistic menu-quality image for this exact city noun; do not reuse the city masthead or another place image.
P0,NEEDS_UNIQUE_REALISTIC_ASSET,viet-family-city-danang-place-domestic-terminal,Nhà ga quốc nội Đà Nẵng / Da Nang Domestic Terminal,landmark,HeroCityDanang,HeroCityDanangPlaceDomesticTerminal,native-ios/Resources/Assets.xcassets/HeroCityDanang.imageset/hero-city-danang.png,,853 x 1844,,853 x 1844,>= 1600 x 2400 preferred,PhraseListingView HeroMastheadImage,"center 50%, upper 25-35%; landmark silhouette must be recognizable",Recognizable subject must survive the top 276pt masthead crop; keep the key visual in the upper third and center 70% width.,city_place_requires_unique_realistic_hero,"Generate owned/licensed hero, crop to repo target, wire heroImageName through source/resources/SQLite, and capture simulator proof.","Create a super-realistic app-owned hero photo for a Vietnamese travel phrasebook, matching the premium real-life menu-item hero image quality. No readable text, no logos, no watermarks, no faces as the subject. Keep the main landmark/object recognizable inside the upper third because the iOS masthead crops a shallow horizontal band. Show Nhà ga quốc nội Đà Nẵng / Da Nang Domestic Terminal with the real visual cue a first-time traveler would recognize. Specific subject guidance: Photorealistic owned asset: airport domestic curb with taxi lane and neutral signs, daylight, no airline marks.","no readable text, no watermark, no logos, no fake signs, no unrelated Ha Long Bay/karst imagery for city-specific pages, no people as the main subject",Simulator screenshot plus phone spot-check before DONE,shared or legacy fallback; replace with unique app-owned generated realistic asset,docs/editorial-exports/viet-image-assets/hero-image-production-001/generated_hero_assets.json,Generate a unique realistic menu-quality image for this exact city noun; do not reuse the city masthead or another place image.
P0,NEEDS_UNIQUE_REALISTIC_ASSET,viet-family-city-danang-place-international-terminal,Nhà ga quốc tế Đà Nẵng / Da Nang International Terminal,landmark,HeroCityDanang,HeroCityDanangPlaceInternationalTerminal,native-ios/Resources/Assets.xcassets/HeroCityDanang.imageset/hero-city-danang.png,,853 x 1844,,853 x 1844,>= 1600 x 2400 preferred,PhraseListingView HeroMastheadImage,"center 50%, upper 25-35%; landmark silhouette must be recognizable",Recognizable subject must survive the top 276pt masthead crop; keep the key visual in the upper third and center 70% width.,city_place_requires_unique_realistic_hero,"Generate owned/licensed hero, crop to repo target, wire heroImageName through source/resources/SQLite, and capture simulator proof.","Create a super-realistic app-owned hero photo for a Vietnamese travel phrasebook, matching the premium real-life menu-item hero image quality. No readable text, no logos, no watermarks, no faces as the subject. Keep the main landmark/object recognizable inside the upper third because the iOS masthead crops a shallow horizontal band. Show Nhà ga quốc tế Đà Nẵng / Da Nang International Terminal with the real visual cue a first-time traveler would recognize. Specific subject guidance: Photorealistic owned asset: modern airport terminal entrance with glass facade, tropical landscaping, no logos.","no readable text, no watermark, no logos, no fake signs, no unrelated Ha Long Bay/karst imagery for city-specific pages, no people as the main subject",Simulator screenshot plus phone spot-check before DONE,shared or legacy fallback; replace with unique app-owned generated realistic asset,docs/editorial-exports/viet-image-assets/hero-image-production-001/generated_hero_assets.json,Generate a unique realistic menu-quality image for this exact city noun; do not reuse the city masthead or another place image.
P0,NEEDS_UNIQUE_REALISTIC_ASSET,viet-family-city-hanoi-place-opera-house,Nhà hát Lớn Hà Nội / Hanoi Opera House,landmark,HeroCityHanoi,HeroCityHanoiPlaceOperaHouse,native-ios/Resources/Assets.xcassets/HeroCityHanoi.imageset/hero-city-hanoi.png,,853 x 1844,,853 x 1844,>= 1600 x 2400 preferred,PhraseListingView HeroMastheadImage,"center 50%, upper 25-35%; landmark silhouette must be recognizable",Recognizable subject must survive the top 276pt masthead crop; keep the key visual in the upper third and center 70% width.,city_place_requires_unique_realistic_hero,"Generate owned/licensed hero, crop to repo target, wire heroImageName through source/resources/SQLite, and capture simulator proof.","Create a super-realistic app-owned hero photo for a Vietnamese travel phrasebook, matching the premium real-life menu-item hero image quality. No readable text, no logos, no watermarks, no faces as the subject. Keep the main landmark/object recognizable inside the upper third because the iOS masthead crops a shallow horizontal band. Show Nhà hát Lớn Hà Nội / Hanoi Opera House with the real visual cue a first-time traveler would recognize. Specific subject guidance: Hanoi Opera House facade with scooters and evening lamps, photorealistic street scene.","no readable text, no watermark, no logos, no fake signs, no unrelated Ha Long Bay/karst imagery for city-specific pages, no people as the main subject",Simulator screenshot plus phone spot-check before DONE,shared or legacy fallback; replace with unique app-owned generated realistic asset,docs/editorial-exports/viet-image-assets/hero-image-production-001/generated_hero_assets.json,Generate a unique realistic menu-quality image for this exact city noun; do not reuse the city masthead or another place image.
P0,NEEDS_UNIQUE_REALISTIC_ASSET,viet-family-city-hcmc-place-golden-dragon-water-puppet,Nhà hát Múa rối nước Rồng Vàng / Golden Dragon Water Puppet Theater,landmark,HeroCityHcmc,HeroCityHcmcPlaceGoldenDragonWaterPuppet,native-ios/Resources/Assets.xcassets/HeroCityHcmc.imageset/hero-city-hcmc.png,,853 x 1844,,853 x 1844,>= 1600 x 2400 preferred,PhraseListingView HeroMastheadImage,"center 50%, upper 25-35%; landmark silhouette must be recognizable",Recognizable subject must survive the top 276pt masthead crop; keep the key visual in the upper third and center 70% width.,city_place_requires_unique_realistic_hero,"Generate owned/licensed hero, crop to repo target, wire heroImageName through source/resources/SQLite, and capture simulator proof.","Create a super-realistic app-owned hero photo for a Vietnamese travel phrasebook, matching the premium real-life menu-item hero image quality. No readable text, no logos, no watermarks, no faces as the subject. Keep the main landmark/object recognizable inside the upper third because the iOS masthead crops a shallow horizontal band. Show Nhà hát Múa rối nước Rồng Vàng / Golden Dragon Water Puppet Theater with the real visual cue a first-time traveler would recognize. Specific subject guidance: Water puppet stage with musicians and warm lights, realistic no-logo photo.","no readable text, no watermark, no logos, no fake signs, no unrelated Ha Long Bay/karst imagery for city-specific pages, no people as the main subject",Simulator screenshot plus phone spot-check before DONE,shared or legacy fallback; replace with unique app-owned generated realistic asset,docs/editorial-exports/viet-image-assets/hero-image-production-001/generated_hero_assets.json,Generate a unique realistic menu-quality image for this exact city noun; do not reuse the city masthead or another place image.
P0,NEEDS_UNIQUE_REALISTIC_ASSET,viet-family-city-hanoi-place-water-puppet-theatre,Nhà hát Múa rối Thăng Long / Thang Long Water Puppet Theatre,landmark,HeroCityHanoi,HeroCityHanoiPlaceWaterPuppetTheatre,native-ios/Resources/Assets.xcassets/HeroCityHanoi.imageset/hero-city-hanoi.png,,853 x 1844,,853 x 1844,>= 1600 x 2400 preferred,PhraseListingView HeroMastheadImage,"center 50%, upper 25-35%; landmark silhouette must be recognizable",Recognizable subject must survive the top 276pt masthead crop; keep the key visual in the upper third and center 70% width.,city_place_requires_unique_realistic_hero,"Generate owned/licensed hero, crop to repo target, wire heroImageName through source/resources/SQLite, and capture simulator proof.","Create a super-realistic app-owned hero photo for a Vietnamese travel phrasebook, matching the premium real-life menu-item hero image quality. No readable text, no logos, no watermarks, no faces as the subject. Keep the main landmark/object recognizable inside the upper third because the iOS masthead crops a shallow horizontal band. Show Nhà hát Múa rối Thăng Long / Thang Long Water Puppet Theatre with the real visual cue a first-time traveler would recognize. Specific subject guidance: Exterior theatre sign near Hoan Kiem with evening street lights, realistic photo.","no readable text, no watermark, no logos, no fake signs, no unrelated Ha Long Bay/karst imagery for city-specific pages, no people as the main subject",Simulator screenshot plus phone spot-check before DONE,shared or legacy fallback; replace with unique app-owned generated realistic asset,docs/editorial-exports/viet-image-assets/hero-image-production-001/generated_hero_assets.json,Generate a unique realistic menu-quality image for this exact city noun; do not reuse the city masthead or another place image.
P0,NEEDS_UNIQUE_REALISTIC_ASSET,viet-family-city-hcmc-place-opera-house,Nhà hát Thành phố / Saigon Opera House,landmark,HeroCityHcmc,HeroCityHcmcPlaceOperaHouse,native-ios/Resources/Assets.xcassets/HeroCityHcmc.imageset/hero-city-hcmc.png,,853 x 1844,,853 x 1844,>= 1600 x 2400 preferred,PhraseListingView HeroMastheadImage,"center 50%, upper 25-35%; landmark silhouette must be recognizable",Recognizable subject must survive the top 276pt masthead crop; keep the key visual in the upper third and center 70% width.,city_place_requires_unique_realistic_hero,"Generate owned/licensed hero, crop to repo target, wire heroImageName through source/resources/SQLite, and capture simulator proof.","Create a super-realistic app-owned hero photo for a Vietnamese travel phrasebook, matching the premium real-life menu-item hero image quality. No readable text, no logos, no watermarks, no faces as the subject. Keep the main landmark/object recognizable inside the upper third because the iOS masthead crops a shallow horizontal band. Show Nhà hát Thành phố / Saigon Opera House with the real visual cue a first-time traveler would recognize. Specific subject guidance: Saigon Opera House lit at dusk, scooters passing, photorealistic.","no readable text, no watermark, no logos, no fake signs, no unrelated Ha Long Bay/karst imagery for city-specific pages, no people as the main subject",Simulator screenshot plus phone spot-check before DONE,shared or legacy fallback; replace with unique app-owned generated realistic asset,docs/editorial-exports/viet-image-assets/hero-image-production-001/generated_hero_assets.json,Generate a unique realistic menu-quality image for this exact city noun; do not reuse the city masthead or another place image.
P0,NEEDS_UNIQUE_REALISTIC_ASSET,viet-family-city-danang-place-trung-vuong-theatre,Nhà hát Trưng Vương / Trung Vuong Theatre,landmark,HeroCityDanang,HeroCityDanangPlaceTrungVuongTheatre,native-ios/Resources/Assets.xcassets/HeroCityDanang.imageset/hero-city-danang.png,,853 x 1844,,853 x 1844,>= 1600 x 2400 preferred,PhraseListingView HeroMastheadImage,"center 50%, upper 25-35%; landmark silhouette must be recognizable",Recognizable subject must survive the top 276pt masthead crop; keep the key visual in the upper third and center 70% width.,city_place_requires_unique_realistic_hero,"Generate owned/licensed hero, crop to repo target, wire heroImageName through source/resources/SQLite, and capture simulator proof.","Create a super-realistic app-owned hero photo for a Vietnamese travel phrasebook, matching the premium real-life menu-item hero image quality. No readable text, no logos, no watermarks, no faces as the subject. Keep the main landmark/object recognizable inside the upper third because the iOS masthead crops a shallow horizontal band. Show Nhà hát Trưng Vương / Trung Vuong Theatre with the real visual cue a first-time traveler would recognize. Specific subject guidance: Photorealistic owned asset: city theatre entrance at dusk with soft marquee glow, no readable event titles.","no readable text, no watermark, no logos, no fake signs, no unrelated Ha Long Bay/karst imagery for city-specific pages, no people as the main subject",Simulator screenshot plus phone spot-check before DONE,shared or legacy fallback; replace with unique app-owned generated realistic asset,docs/editorial-exports/viet-image-assets/hero-image-production-001/generated_hero_assets.json,Generate a unique realistic menu-quality image for this exact city noun; do not reuse the city masthead or another place image.
P0,NEEDS_UNIQUE_REALISTIC_ASSET,viet-family-city-danang-place-nguyen-hien-dinh-tuong-theatre,Nhà hát Tuồng Nguyễn Hiển Dĩnh / Nguyen Hien Dinh Tuong Theatre,landmark,HeroCityDanang,HeroCityDanangPlaceNguyenHienDinhTuongTheatre,native-ios/Resources/Assets.xcassets/HeroCityDanang.imageset/hero-city-danang.png,,853 x 1844,,853 x 1844,>= 1600 x 2400 preferred,PhraseListingView HeroMastheadImage,"center 50%, upper 25-35%; landmark silhouette must be recognizable",Recognizable subject must survive the top 276pt masthead crop; keep the key visual in the upper third and center 70% width.,city_place_requires_unique_realistic_hero,"Generate owned/licensed hero, crop to repo target, wire heroImageName through source/resources/SQLite, and capture simulator proof.","Create a super-realistic app-owned hero photo for a Vietnamese travel phrasebook, matching the premium real-life menu-item hero image quality. No readable text, no logos, no watermarks, no faces as the subject. Keep the main landmark/object recognizable inside the upper third because the iOS masthead crops a shallow horizontal band. Show Nhà hát Tuồng Nguyễn Hiển Dĩnh / Nguyen Hien Dinh Tuong Theatre with the real visual cue a first-time traveler would recognize. Specific subject guidance: Photorealistic owned asset: traditional theatre facade and stage curtains, warm interior light, no performers' faces.","no readable text, no watermark, no logos, no fake signs, no unrelated Ha Long Bay/karst imagery for city-specific pages, no people as the main subject",Simulator screenshot plus phone spot-check before DONE,shared or legacy fallback; replace with unique app-owned generated realistic asset,docs/editorial-exports/viet-image-assets/hero-image-production-001/generated_hero_assets.json,Generate a unique realistic menu-quality image for this exact city noun; do not reuse the city masthead or another place image.
P0,NEEDS_UNIQUE_REALISTIC_ASSET,viet-family-city-hanoi-place-vietnam-national-tuong-theatre,Nhà hát Tuồng Việt Nam / Vietnam National Tuong Theatre,landmark,HeroCityHanoi,HeroCityHanoiPlaceVietnamNationalTuongTheatre,native-ios/Resources/Assets.xcassets/HeroCityHanoi.imageset/hero-city-hanoi.png,,853 x 1844,,853 x 1844,>= 1600 x 2400 preferred,PhraseListingView HeroMastheadImage,"center 50%, upper 25-35%; landmark silhouette must be recognizable",Recognizable subject must survive the top 276pt masthead crop; keep the key visual in the upper third and center 70% width.,city_place_requires_unique_realistic_hero,"Generate owned/licensed hero, crop to repo target, wire heroImageName through source/resources/SQLite, and capture simulator proof.","Create a super-realistic app-owned hero photo for a Vietnamese travel phrasebook, matching the premium real-life menu-item hero image quality. No readable text, no logos, no watermarks, no faces as the subject. Keep the main landmark/object recognizable inside the upper third because the iOS masthead crops a shallow horizontal band. Show Nhà hát Tuồng Việt Nam / Vietnam National Tuong Theatre with the real visual cue a first-time traveler would recognize. Specific subject guidance: Traditional Vietnamese theatre stage masks and red curtain, realistic low-light photo.","no readable text, no watermark, no logos, no fake signs, no unrelated Ha Long Bay/karst imagery for city-specific pages, no people as the main subject",Simulator screenshot plus phone spot-check before DONE,shared or legacy fallback; replace with unique app-owned generated realistic asset,docs/editorial-exports/viet-image-assets/hero-image-production-001/generated_hero_assets.json,Generate a unique realistic menu-quality image for this exact city noun; do not reuse the city masthead or another place image.
P0,NEEDS_UNIQUE_REALISTIC_ASSET,viet-family-city-hue-place-nha-nhac-royal-court-music,Nhã nhạc cung đình Huế / Hue Royal Court Music,landmark,HeroCityHue,HeroCityHuePlaceNhaNhacRoyalCourtMusic,native-ios/Resources/Assets.xcassets/HeroCityHue.imageset/hero-city-hue.png,,853 x 1844,,853 x 1844,>= 1600 x 2400 preferred,PhraseListingView HeroMastheadImage,"center 50%, upper 25-35%; landmark silhouette must be recognizable",Recognizable subject must survive the top 276pt masthead crop; keep the key visual in the upper third and center 70% width.,city_place_requires_unique_realistic_hero,"Generate owned/licensed hero, crop to repo target, wire heroImageName through source/resources/SQLite, and capture simulator proof.","Create a super-realistic app-owned hero photo for a Vietnamese travel phrasebook, matching the premium real-life menu-item hero image quality. No readable text, no logos, no watermarks, no faces as the subject. Keep the main landmark/object recognizable inside the upper third because the iOS masthead crops a shallow horizontal band. Show Nhã nhạc cung đình Huế / Hue Royal Court Music with the real visual cue a first-time traveler would recognize. Specific subject guidance: Photorealistic royal musicians in traditional costumes on a small lacquered stage, warm indoor light.","no readable text, no watermark, no logos, no fake signs, no unrelated Ha Long Bay/karst imagery for city-specific pages, no people as the main subject",Simulator screenshot plus phone spot-check before DONE,shared or legacy fallback; replace with unique app-owned generated realistic asset,docs/editorial-exports/viet-image-assets/hero-image-production-001/generated_hero_assets.json,Generate a unique realistic menu-quality image for this exact city noun; do not reuse the city masthead or another place image.
P0,NEEDS_UNIQUE_REALISTIC_ASSET,viet-family-city-danang-place-cathedral,Nhà thờ Con Gà Đà Nẵng / Da Nang Cathedral,landmark,HeroCityDanang,HeroCityDanangPlaceCathedral,native-ios/Resources/Assets.xcassets/HeroCityDanang.imageset/hero-city-danang.png,,853 x 1844,,853 x 1844,>= 1600 x 2400 preferred,PhraseListingView HeroMastheadImage,"center 50%, upper 25-35%; landmark silhouette must be recognizable",Recognizable subject must survive the top 276pt masthead crop; keep the key visual in the upper third and center 70% width.,city_place_requires_unique_realistic_hero,"Generate owned/licensed hero, crop to repo target, wire heroImageName through source/resources/SQLite, and capture simulator proof.","Create a super-realistic app-owned hero photo for a Vietnamese travel phrasebook, matching the premium real-life menu-item hero image quality. No readable text, no logos, no watermarks, no faces as the subject. Keep the main landmark/object recognizable inside the upper third because the iOS masthead crops a shallow horizontal band. Show Nhà thờ Con Gà Đà Nẵng / Da Nang Cathedral with the real visual cue a first-time traveler would recognize. Specific subject guidance: Photorealistic owned asset: pink cathedral facade from street level, warm daylight, no readable event signs.","no readable text, no watermark, no logos, no fake signs, no unrelated Ha Long Bay/karst imagery for city-specific pages, no people as the main subject",Simulator screenshot plus phone spot-check before DONE,shared or legacy fallback; replace with unique app-owned generated realistic asset,docs/editorial-exports/viet-image-assets/hero-image-production-001/generated_hero_assets.json,Generate a unique realistic menu-quality image for this exact city noun; do not reuse the city masthead or another place image.
P0,NEEDS_UNIQUE_REALISTIC_ASSET,viet-family-city-hcmc-place-notre-dame,Nhà thờ Đức Bà Sài Gòn / Notre Dame Cathedral Basilica of Saigon,landmark,HeroCityHcmc,HeroCityHcmcPlaceNotreDame,native-ios/Resources/Assets.xcassets/HeroCityHcmc.imageset/hero-city-hcmc.png,,853 x 1844,,853 x 1844,>= 1600 x 2400 preferred,PhraseListingView HeroMastheadImage,"center 50%, upper 25-35%; landmark silhouette must be recognizable",Recognizable subject must survive the top 276pt masthead crop; keep the key visual in the upper third and center 70% width.,city_place_requires_unique_realistic_hero,"Generate owned/licensed hero, crop to repo target, wire heroImageName through source/resources/SQLite, and capture simulator proof.","Create a super-realistic app-owned hero photo for a Vietnamese travel phrasebook, matching the premium real-life menu-item hero image quality. No readable text, no logos, no watermarks, no faces as the subject. Keep the main landmark/object recognizable inside the upper third because the iOS masthead crops a shallow horizontal band. Show Nhà thờ Đức Bà Sài Gòn / Notre Dame Cathedral Basilica of Saigon with the real visual cue a first-time traveler would recognize. Specific subject guidance: Saigon Notre Dame Cathedral exterior with trees and scooters, realistic photo.","no readable text, no watermark, no logos, no fake signs, no unrelated Ha Long Bay/karst imagery for city-specific pages, no people as the main subject",Simulator screenshot plus phone spot-check before DONE,shared or legacy fallback; replace with unique app-owned generated realistic asset,docs/editorial-exports/viet-image-assets/hero-image-production-001/generated_hero_assets.json,Generate a unique realistic menu-quality image for this exact city noun; do not reuse the city masthead or another place image.
P0,NEEDS_UNIQUE_REALISTIC_ASSET,viet-family-city-hanoi-place-st-joseph-cathedral,Nhà thờ Lớn Hà Nội / St. Joseph's Cathedral,landmark,HeroCityHanoi,HeroCityHanoiPlaceStJosephCathedral,native-ios/Resources/Assets.xcassets/HeroCityHanoi.imageset/hero-city-hanoi.png,,853 x 1844,,853 x 1844,>= 1600 x 2400 preferred,PhraseListingView HeroMastheadImage,"center 50%, upper 25-35%; landmark silhouette must be recognizable",Recognizable subject must survive the top 276pt masthead crop; keep the key visual in the upper third and center 70% width.,city_place_requires_unique_realistic_hero,"Generate owned/licensed hero, crop to repo target, wire heroImageName through source/resources/SQLite, and capture simulator proof.","Create a super-realistic app-owned hero photo for a Vietnamese travel phrasebook, matching the premium real-life menu-item hero image quality. No readable text, no logos, no watermarks, no faces as the subject. Keep the main landmark/object recognizable inside the upper third because the iOS masthead crops a shallow horizontal band. Show Nhà thờ Lớn Hà Nội / St. Joseph's Cathedral with the real visual cue a first-time traveler would recognize. Specific subject guidance: Gothic cathedral facade with scooters and cafe umbrellas, overcast Hanoi light, photorealistic.","no readable text, no watermark, no logos, no fake signs, no unrelated Ha Long Bay/karst imagery for city-specific pages, no people as the main subject",Simulator screenshot plus phone spot-check before DONE,shared or legacy fallback; replace with unique app-owned generated realistic asset,docs/editorial-exports/viet-image-assets/hero-image-production-001/generated_hero_assets.json,Generate a unique realistic menu-quality image for this exact city noun; do not reuse the city masthead or another place image.
P0,NEEDS_UNIQUE_REALISTIC_ASSET,viet-family-city-hue-place-phu-cam-church,Nhà thờ Phủ Cam / Phu Cam Church,landmark,HeroCityHue,HeroCityHuePlacePhuCamChurch,native-ios/Resources/Assets.xcassets/HeroCityHue.imageset/hero-city-hue.png,,853 x 1844,,853 x 1844,>= 1600 x 2400 preferred,PhraseListingView HeroMastheadImage,"center 50%, upper 25-35%; landmark silhouette must be recognizable",Recognizable subject must survive the top 276pt masthead crop; keep the key visual in the upper third and center 70% width.,city_place_requires_unique_realistic_hero,"Generate owned/licensed hero, crop to repo target, wire heroImageName through source/resources/SQLite, and capture simulator proof.","Create a super-realistic app-owned hero photo for a Vietnamese travel phrasebook, matching the premium real-life menu-item hero image quality. No readable text, no logos, no watermarks, no faces as the subject. Keep the main landmark/object recognizable inside the upper third because the iOS masthead crops a shallow horizontal band. Show Nhà thờ Phủ Cam / Phu Cam Church with the real visual cue a first-time traveler would recognize. Specific subject guidance: Photorealistic modern cathedral facade on a hill, muted sky, street-level travel perspective.","no readable text, no watermark, no logos, no fake signs, no unrelated Ha Long Bay/karst imagery for city-specific pages, no people as the main subject",Simulator screenshot plus phone spot-check before DONE,shared or legacy fallback; replace with unique app-owned generated realistic asset,docs/editorial-exports/viet-image-assets/hero-image-production-001/generated_hero_assets.json,Generate a unique realistic menu-quality image for this exact city noun; do not reuse the city masthead or another place image.
P0,NEEDS_UNIQUE_REALISTIC_ASSET,viet-family-city-hanoi-place-hoa-lo-prison,Nhà tù Hỏa Lò / Hoa Lo Prison Relic,landmark,HeroCityHanoi,HeroCityHanoiPlaceHoaLoPrison,native-ios/Resources/Assets.xcassets/HeroCityHanoi.imageset/hero-city-hanoi.png,,853 x 1844,,853 x 1844,>= 1600 x 2400 preferred,PhraseListingView HeroMastheadImage,"center 50%, upper 25-35%; landmark silhouette must be recognizable",Recognizable subject must survive the top 276pt masthead crop; keep the key visual in the upper third and center 70% width.,city_place_requires_unique_realistic_hero,"Generate owned/licensed hero, crop to repo target, wire heroImageName through source/resources/SQLite, and capture simulator proof.","Create a super-realistic app-owned hero photo for a Vietnamese travel phrasebook, matching the premium real-life menu-item hero image quality. No readable text, no logos, no watermarks, no faces as the subject. Keep the main landmark/object recognizable inside the upper third because the iOS masthead crops a shallow horizontal band. Show Nhà tù Hỏa Lò / Hoa Lo Prison Relic with the real visual cue a first-time traveler would recognize. Specific subject guidance: Hoa Lo Prison yellow exterior gate, quiet street, realistic photo.","no readable text, no watermark, no logos, no fake signs, no unrelated Ha Long Bay/karst imagery for city-specific pages, no people as the main subject",Simulator screenshot plus phone spot-check before DONE,shared or legacy fallback; replace with unique app-owned generated realistic asset,docs/editorial-exports/viet-image-assets/hero-image-production-001/generated_hero_assets.json,Generate a unique realistic menu-quality image for this exact city noun; do not reuse the city masthead or another place image.
P0,NEEDS_UNIQUE_REALISTIC_ASSET,viet-family-city-hue-place-an-hien-garden-house,Nhà vườn An Hiên / An Hien Garden House,landmark,HeroCityHue,HeroCityHuePlaceAnHienGardenHouse,native-ios/Resources/Assets.xcassets/HeroCityHue.imageset/hero-city-hue.png,,853 x 1844,,853 x 1844,>= 1600 x 2400 preferred,PhraseListingView HeroMastheadImage,"center 50%, upper 25-35%; landmark silhouette must be recognizable",Recognizable subject must survive the top 276pt masthead crop; keep the key visual in the upper third and center 70% width.,city_place_requires_unique_realistic_hero,"Generate owned/licensed hero, crop to repo target, wire heroImageName through source/resources/SQLite, and capture simulator proof.","Create a super-realistic app-owned hero photo for a Vietnamese travel phrasebook, matching the premium real-life menu-item hero image quality. No readable text, no logos, no watermarks, no faces as the subject. Keep the main landmark/object recognizable inside the upper third because the iOS masthead crops a shallow horizontal band. Show Nhà vườn An Hiên / An Hien Garden House with the real visual cue a first-time traveler would recognize. Specific subject guidance: Photorealistic Hue garden-house gate with old trees, tiled roof, and quiet path.","no readable text, no watermark, no logos, no fake signs, no unrelated Ha Long Bay/karst imagery for city-specific pages, no people as the main subject",Simulator screenshot plus phone spot-check before DONE,shared or legacy fallback; replace with unique app-owned generated realistic asset,docs/editorial-exports/viet-image-assets/hero-image-production-001/generated_hero_assets.json,Generate a unique realistic menu-quality image for this exact city noun; do not reuse the city masthead or another place image.
P0,NEEDS_UNIQUE_REALISTIC_ASSET,viet-family-city-hue-place-ngu-binh-mountain,Núi Ngự Bình / Ngu Binh Mountain,landmark,HeroCityHue,HeroCityHuePlaceNguBinhMountain,native-ios/Resources/Assets.xcassets/HeroCityHue.imageset/hero-city-hue.png,,853 x 1844,,853 x 1844,>= 1600 x 2400 preferred,PhraseListingView HeroMastheadImage,"center 50%, upper 25-35%; landmark silhouette must be recognizable",Recognizable subject must survive the top 276pt masthead crop; keep the key visual in the upper third and center 70% width.,city_place_requires_unique_realistic_hero,"Generate owned/licensed hero, crop to repo target, wire heroImageName through source/resources/SQLite, and capture simulator proof.","Create a super-realistic app-owned hero photo for a Vietnamese travel phrasebook, matching the premium real-life menu-item hero image quality. No readable text, no logos, no watermarks, no faces as the subject. Keep the main landmark/object recognizable inside the upper third because the iOS masthead crops a shallow horizontal band. Show Núi Ngự Bình / Ngu Binh Mountain with the real visual cue a first-time traveler would recognize. Specific subject guidance: Photorealistic distant Ngu Binh Mountain behind Hue rooftops and river, soft morning haze.","no readable text, no watermark, no logos, no fake signs, no unrelated Ha Long Bay/karst imagery for city-specific pages, no people as the main subject",Simulator screenshot plus phone spot-check before DONE,shared or legacy fallback; replace with unique app-owned generated realistic asset,docs/editorial-exports/viet-image-assets/hero-image-production-001/generated_hero_assets.json,Generate a unique realistic menu-quality image for this exact city noun; do not reuse the city masthead or another place image.
P0,NEEDS_UNIQUE_REALISTIC_ASSET,viet-family-city-hue-place-tam-giang-lagoon,Phá Tam Giang / Tam Giang Lagoon,landmark,HeroCityHue,HeroCityHuePlaceTamGiangLagoon,native-ios/Resources/Assets.xcassets/HeroCityHue.imageset/hero-city-hue.png,,853 x 1844,,853 x 1844,>= 1600 x 2400 preferred,PhraseListingView HeroMastheadImage,"center 50%, upper 25-35%; landmark silhouette must be recognizable",Recognizable subject must survive the top 276pt masthead crop; keep the key visual in the upper third and center 70% width.,city_place_requires_unique_realistic_hero,"Generate owned/licensed hero, crop to repo target, wire heroImageName through source/resources/SQLite, and capture simulator proof.","Create a super-realistic app-owned hero photo for a Vietnamese travel phrasebook, matching the premium real-life menu-item hero image quality. No readable text, no logos, no watermarks, no faces as the subject. Keep the main landmark/object recognizable inside the upper third because the iOS masthead crops a shallow horizontal band. Show Phá Tam Giang / Tam Giang Lagoon with the real visual cue a first-time traveler would recognize. Specific subject guidance: Photorealistic lagoon sunrise with fish traps, small boat silhouettes, and pastel Hue sky.","no readable text, no watermark, no logos, no fake signs, no unrelated Ha Long Bay/karst imagery for city-specific pages, no people as the main subject",Simulator screenshot plus phone spot-check before DONE,shared or legacy fallback; replace with unique app-owned generated realistic asset,docs/editorial-exports/viet-image-assets/hero-image-production-001/generated_hero_assets.json,Generate a unique realistic menu-quality image for this exact city noun; do not reuse the city masthead or another place image.
P0,NEEDS_UNIQUE_REALISTIC_ASSET,viet-family-city-hue-place-bao-vinh-ancient-town,Phố cổ Bao Vinh / Bao Vinh Ancient Town,landmark,HeroCityHue,HeroCityHuePlaceBaoVinhAncientTown,native-ios/Resources/Assets.xcassets/HeroCityHue.imageset/hero-city-hue.png,,853 x 1844,,853 x 1844,>= 1600 x 2400 preferred,PhraseListingView HeroMastheadImage,"center 50%, upper 25-35%; landmark silhouette must be recognizable",Recognizable subject must survive the top 276pt masthead crop; keep the key visual in the upper third and center 70% width.,city_place_requires_unique_realistic_hero,"Generate owned/licensed hero, crop to repo target, wire heroImageName through source/resources/SQLite, and capture simulator proof.","Create a super-realistic app-owned hero photo for a Vietnamese travel phrasebook, matching the premium real-life menu-item hero image quality. No readable text, no logos, no watermarks, no faces as the subject. Keep the main landmark/object recognizable inside the upper third because the iOS masthead crops a shallow horizontal band. Show Phố cổ Bao Vinh / Bao Vinh Ancient Town with the real visual cue a first-time traveler would recognize. Specific subject guidance: Photorealistic narrow old street with weathered shopfronts, bicycle, and muted Hue colors.","no readable text, no watermark, no logos, no fake signs, no unrelated Ha Long Bay/karst imagery for city-specific pages, no people as the main subject",Simulator screenshot plus phone spot-check before DONE,shared or legacy fallback; replace with unique app-owned generated realistic asset,docs/editorial-exports/viet-image-assets/hero-image-production-001/generated_hero_assets.json,Generate a unique realistic menu-quality image for this exact city noun; do not reuse the city masthead or another place image.
P0,NEEDS_UNIQUE_REALISTIC_ASSET,viet-family-city-hanoi-place-old-quarter,Phố cổ Hà Nội / Old Quarter,landmark,HeroCityHanoi,HeroCityHanoiPlaceOldQuarter,native-ios/Resources/Assets.xcassets/HeroCityHanoi.imageset/hero-city-hanoi.png,,853 x 1844,,853 x 1844,>= 1600 x 2400 preferred,PhraseListingView HeroMastheadImage,"center 50%, upper 25-35%; landmark silhouette must be recognizable",Recognizable subject must survive the top 276pt masthead crop; keep the key visual in the upper third and center 70% width.,city_place_requires_unique_realistic_hero,"Generate owned/licensed hero, crop to repo target, wire heroImageName through source/resources/SQLite, and capture simulator proof.","Create a super-realistic app-owned hero photo for a Vietnamese travel phrasebook, matching the premium real-life menu-item hero image quality. No readable text, no logos, no watermarks, no faces as the subject. Keep the main landmark/object recognizable inside the upper third because the iOS masthead crops a shallow horizontal band. Show Phố cổ Hà Nội / Old Quarter with the real visual cue a first-time traveler would recognize. Specific subject guidance: Narrow Old Quarter street with shop signs, scooters, and hanging lanterns, realistic photo.","no readable text, no watermark, no logos, no fake signs, no unrelated Ha Long Bay/karst imagery for city-specific pages, no people as the main subject",Simulator screenshot plus phone spot-check before DONE,shared or legacy fallback; replace with unique app-owned generated realistic asset,docs/editorial-exports/viet-image-assets/hero-image-production-001/generated_hero_assets.json,Generate a unique realistic menu-quality image for this exact city noun; do not reuse the city masthead or another place image.
P0,NEEDS_UNIQUE_REALISTIC_ASSET,viet-family-city-hoian-place-ancient-town,Phố cổ Hội An / Hoi An Ancient Town,landmark,HeroCityHoian,HeroCityHoianPlaceAncientTown,native-ios/Resources/Assets.xcassets/HeroCityHoian.imageset/hero-city-hoian.png,,853 x 1844,,853 x 1844,>= 1600 x 2400 preferred,PhraseListingView HeroMastheadImage,"center 50%, upper 25-35%; landmark silhouette must be recognizable",Recognizable subject must survive the top 276pt masthead crop; keep the key visual in the upper third and center 70% width.,city_place_requires_unique_realistic_hero,"Generate owned/licensed hero, crop to repo target, wire heroImageName through source/resources/SQLite, and capture simulator proof.","Create a super-realistic app-owned hero photo for a Vietnamese travel phrasebook, matching the premium real-life menu-item hero image quality. No readable text, no logos, no watermarks, no faces as the subject. Keep the main landmark/object recognizable inside the upper third because the iOS masthead crops a shallow horizontal band. Show Phố cổ Hội An / Hoi An Ancient Town with the real visual cue a first-time traveler would recognize. Specific subject guidance: Photorealistic owned asset: yellow old-town street with lanterns and tiled roofs, soft morning light, no readable shop signs.","no readable text, no watermark, no logos, no fake signs, no unrelated Ha Long Bay/karst imagery for city-specific pages, no people as the main subject",Simulator screenshot plus phone spot-check before DONE,shared or legacy fallback; replace with unique app-owned generated realistic asset,docs/editorial-exports/viet-image-assets/hero-image-production-001/generated_hero_assets.json,Generate a unique realistic menu-quality image for this exact city noun; do not reuse the city masthead or another place image.
P0,NEEDS_UNIQUE_REALISTIC_ASSET,viet-family-city-danang-place-phuoc-my,Phước Mỹ / Phuoc My,landmark,HeroCityDanang,HeroCityDanangPlacePhuocMy,native-ios/Resources/Assets.xcassets/HeroCityDanang.imageset/hero-city-danang.png,,853 x 1844,,853 x 1844,>= 1600 x 2400 preferred,PhraseListingView HeroMastheadImage,"center 50%, upper 25-35%; landmark silhouette must be recognizable",Recognizable subject must survive the top 276pt masthead crop; keep the key visual in the upper third and center 70% width.,city_place_requires_unique_realistic_hero,"Generate owned/licensed hero, crop to repo target, wire heroImageName through source/resources/SQLite, and capture simulator proof.","Create a super-realistic app-owned hero photo for a Vietnamese travel phrasebook, matching the premium real-life menu-item hero image quality. No readable text, no logos, no watermarks, no faces as the subject. Keep the main landmark/object recognizable inside the upper third because the iOS masthead crops a shallow horizontal band. Show Phước Mỹ / Phuoc My with the real visual cue a first-time traveler would recognize. Specific subject guidance: Photorealistic owned asset: residential beach ward street with palms and apartment balconies, neutral daylight.","no readable text, no watermark, no logos, no fake signs, no unrelated Ha Long Bay/karst imagery for city-specific pages, no people as the main subject",Simulator screenshot plus phone spot-check before DONE,shared or legacy fallback; replace with unique app-owned generated realistic asset,docs/editorial-exports/viet-image-assets/hero-image-production-001/generated_hero_assets.json,Generate a unique realistic menu-quality image for this exact city noun; do not reuse the city masthead or another place image.
P0,NEEDS_UNIQUE_REALISTIC_ASSET,viet-family-city-hoian-place-minh-an-ward,Phường Minh An / Minh An Ward,landmark,HeroCityHoian,HeroCityHoianPlaceMinhAnWard,native-ios/Resources/Assets.xcassets/HeroCityHoian.imageset/hero-city-hoian.png,,853 x 1844,,853 x 1844,>= 1600 x 2400 preferred,PhraseListingView HeroMastheadImage,"center 50%, upper 25-35%; landmark silhouette must be recognizable",Recognizable subject must survive the top 276pt masthead crop; keep the key visual in the upper third and center 70% width.,city_place_requires_unique_realistic_hero,"Generate owned/licensed hero, crop to repo target, wire heroImageName through source/resources/SQLite, and capture simulator proof.","Create a super-realistic app-owned hero photo for a Vietnamese travel phrasebook, matching the premium real-life menu-item hero image quality. No readable text, no logos, no watermarks, no faces as the subject. Keep the main landmark/object recognizable inside the upper third because the iOS masthead crops a shallow horizontal band. Show Phường Minh An / Minh An Ward with the real visual cue a first-time traveler would recognize. Specific subject guidance: Photorealistic owned asset: old-town alley with yellow walls, bicycles, and paper lanterns, morning calm.","no readable text, no watermark, no logos, no fake signs, no unrelated Ha Long Bay/karst imagery for city-specific pages, no people as the main subject",Simulator screenshot plus phone spot-check before DONE,shared or legacy fallback; replace with unique app-owned generated realistic asset,docs/editorial-exports/viet-image-assets/hero-image-production-001/generated_hero_assets.json,Generate a unique realistic menu-quality image for this exact city noun; do not reuse the city masthead or another place image.
P0,NEEDS_UNIQUE_REALISTIC_ASSET,viet-family-city-hcmc-place-district-1,Quận 1 / District 1,landmark,HeroCityHcmc,HeroCityHcmcPlaceDistrict1,native-ios/Resources/Assets.xcassets/HeroCityHcmc.imageset/hero-city-hcmc.png,,853 x 1844,,853 x 1844,>= 1600 x 2400 preferred,PhraseListingView HeroMastheadImage,"center 50%, upper 25-35%; landmark silhouette must be recognizable",Recognizable subject must survive the top 276pt masthead crop; keep the key visual in the upper third and center 70% width.,city_place_requires_unique_realistic_hero,"Generate owned/licensed hero, crop to repo target, wire heroImageName through source/resources/SQLite, and capture simulator proof.","Create a super-realistic app-owned hero photo for a Vietnamese travel phrasebook, matching the premium real-life menu-item hero image quality. No readable text, no logos, no watermarks, no faces as the subject. Keep the main landmark/object recognizable inside the upper third because the iOS masthead crops a shallow horizontal band. Show Quận 1 / District 1 with the real visual cue a first-time traveler would recognize. Specific subject guidance: District 1 boulevard with scooters, high-rises, and colonial facade, realistic photo.","no readable text, no watermark, no logos, no fake signs, no unrelated Ha Long Bay/karst imagery for city-specific pages, no people as the main subject",Simulator screenshot plus phone spot-check before DONE,shared or legacy fallback; replace with unique app-owned generated realistic asset,docs/editorial-exports/viet-image-assets/hero-image-production-001/generated_hero_assets.json,Generate a unique realistic menu-quality image for this exact city noun; do not reuse the city masthead or another place image.
P0,NEEDS_UNIQUE_REALISTIC_ASSET,viet-family-city-hcmc-place-district-3,Quận 3 / District 3,landmark,HeroCityHcmc,HeroCityHcmcPlaceDistrict3,native-ios/Resources/Assets.xcassets/HeroCityHcmc.imageset/hero-city-hcmc.png,,853 x 1844,,853 x 1844,>= 1600 x 2400 preferred,PhraseListingView HeroMastheadImage,"center 50%, upper 25-35%; landmark silhouette must be recognizable",Recognizable subject must survive the top 276pt masthead crop; keep the key visual in the upper third and center 70% width.,city_place_requires_unique_realistic_hero,"Generate owned/licensed hero, crop to repo target, wire heroImageName through source/resources/SQLite, and capture simulator proof.","Create a super-realistic app-owned hero photo for a Vietnamese travel phrasebook, matching the premium real-life menu-item hero image quality. No readable text, no logos, no watermarks, no faces as the subject. Keep the main landmark/object recognizable inside the upper third because the iOS masthead crops a shallow horizontal band. Show Quận 3 / District 3 with the real visual cue a first-time traveler would recognize. Specific subject guidance: District 3 tree-lined street with old villas and cafes, realistic photo.","no readable text, no watermark, no logos, no fake signs, no unrelated Ha Long Bay/karst imagery for city-specific pages, no people as the main subject",Simulator screenshot plus phone spot-check before DONE,shared or legacy fallback; replace with unique app-owned generated realistic asset,docs/editorial-exports/viet-image-assets/hero-image-production-001/generated_hero_assets.json,Generate a unique realistic menu-quality image for this exact city noun; do not reuse the city masthead or another place image.
P0,NEEDS_UNIQUE_REALISTIC_ASSET,viet-family-city-hanoi-place-ba-dinh-district,Quận Ba Đình / Ba Dinh District,landmark,HeroCityHanoi,HeroCityHanoiPlaceBaDinhDistrict,native-ios/Resources/Assets.xcassets/HeroCityHanoi.imageset/hero-city-hanoi.png,,853 x 1844,,853 x 1844,>= 1600 x 2400 preferred,PhraseListingView HeroMastheadImage,"center 50%, upper 25-35%; landmark silhouette must be recognizable",Recognizable subject must survive the top 276pt masthead crop; keep the key visual in the upper third and center 70% width.,city_place_requires_unique_realistic_hero,"Generate owned/licensed hero, crop to repo target, wire heroImageName through source/resources/SQLite, and capture simulator proof.","Create a super-realistic app-owned hero photo for a Vietnamese travel phrasebook, matching the premium real-life menu-item hero image quality. No readable text, no logos, no watermarks, no faces as the subject. Keep the main landmark/object recognizable inside the upper third because the iOS masthead crops a shallow horizontal band. Show Quận Ba Đình / Ba Dinh District with the real visual cue a first-time traveler would recognize. Specific subject guidance: Broad Ba Dinh avenue with trees and official buildings, realistic photo.","no readable text, no watermark, no logos, no fake signs, no unrelated Ha Long Bay/karst imagery for city-specific pages, no people as the main subject",Simulator screenshot plus phone spot-check before DONE,shared or legacy fallback; replace with unique app-owned generated realistic asset,docs/editorial-exports/viet-image-assets/hero-image-production-001/generated_hero_assets.json,Generate a unique realistic menu-quality image for this exact city noun; do not reuse the city masthead or another place image.
P0,NEEDS_UNIQUE_REALISTIC_ASSET,viet-family-city-danang-place-hai-chau-district,Quận Hải Châu / Hai Chau District,landmark,HeroCityDanang,HeroCityDanangPlaceHaiChauDistrict,native-ios/Resources/Assets.xcassets/HeroCityDanang.imageset/hero-city-danang.png,,853 x 1844,,853 x 1844,>= 1600 x 2400 preferred,PhraseListingView HeroMastheadImage,"center 50%, upper 25-35%; landmark silhouette must be recognizable",Recognizable subject must survive the top 276pt masthead crop; keep the key visual in the upper third and center 70% width.,city_place_requires_unique_realistic_hero,"Generate owned/licensed hero, crop to repo target, wire heroImageName through source/resources/SQLite, and capture simulator proof.","Create a super-realistic app-owned hero photo for a Vietnamese travel phrasebook, matching the premium real-life menu-item hero image quality. No readable text, no logos, no watermarks, no faces as the subject. Keep the main landmark/object recognizable inside the upper third because the iOS masthead crops a shallow horizontal band. Show Quận Hải Châu / Hai Chau District with the real visual cue a first-time traveler would recognize. Specific subject guidance: Photorealistic owned asset: central Da Nang street grid near river with shops and trees, documentary style.","no readable text, no watermark, no logos, no fake signs, no unrelated Ha Long Bay/karst imagery for city-specific pages, no people as the main subject",Simulator screenshot plus phone spot-check before DONE,shared or legacy fallback; replace with unique app-owned generated realistic asset,docs/editorial-exports/viet-image-assets/hero-image-production-001/generated_hero_assets.json,Generate a unique realistic menu-quality image for this exact city noun; do not reuse the city masthead or another place image.
P0,NEEDS_UNIQUE_REALISTIC_ASSET,viet-family-city-danang-place-ngu-hanh-son-district,Quận Ngũ Hành Sơn / Ngu Hanh Son District,landmark,HeroCityDanang,HeroCityDanangPlaceNguHanhSonDistrict,native-ios/Resources/Assets.xcassets/HeroCityDanang.imageset/hero-city-danang.png,,853 x 1844,,853 x 1844,>= 1600 x 2400 preferred,PhraseListingView HeroMastheadImage,"center 50%, upper 25-35%; landmark silhouette must be recognizable",Recognizable subject must survive the top 276pt masthead crop; keep the key visual in the upper third and center 70% width.,city_place_requires_unique_realistic_hero,"Generate owned/licensed hero, crop to repo target, wire heroImageName through source/resources/SQLite, and capture simulator proof.","Create a super-realistic app-owned hero photo for a Vietnamese travel phrasebook, matching the premium real-life menu-item hero image quality. No readable text, no logos, no watermarks, no faces as the subject. Keep the main landmark/object recognizable inside the upper third because the iOS masthead crops a shallow horizontal band. Show Quận Ngũ Hành Sơn / Ngu Hanh Son District with the real visual cue a first-time traveler would recognize. Specific subject guidance: Photorealistic owned asset: road toward limestone hills with beach district buildings in distance, clean daylight.","no readable text, no watermark, no logos, no fake signs, no unrelated Ha Long Bay/karst imagery for city-specific pages, no people as the main subject",Simulator screenshot plus phone spot-check before DONE,shared or legacy fallback; replace with unique app-owned generated realistic asset,docs/editorial-exports/viet-image-assets/hero-image-production-001/generated_hero_assets.json,Generate a unique realistic menu-quality image for this exact city noun; do not reuse the city masthead or another place image.
P0,NEEDS_UNIQUE_REALISTIC_ASSET,viet-family-city-danang-place-son-tra-district,Quận Sơn Trà / Son Tra District,landmark,HeroCityDanang,HeroCityDanangPlaceSonTraDistrict,native-ios/Resources/Assets.xcassets/HeroCityDanang.imageset/hero-city-danang.png,,853 x 1844,,853 x 1844,>= 1600 x 2400 preferred,PhraseListingView HeroMastheadImage,"center 50%, upper 25-35%; landmark silhouette must be recognizable",Recognizable subject must survive the top 276pt masthead crop; keep the key visual in the upper third and center 70% width.,city_place_requires_unique_realistic_hero,"Generate owned/licensed hero, crop to repo target, wire heroImageName through source/resources/SQLite, and capture simulator proof.","Create a super-realistic app-owned hero photo for a Vietnamese travel phrasebook, matching the premium real-life menu-item hero image quality. No readable text, no logos, no watermarks, no faces as the subject. Keep the main landmark/object recognizable inside the upper third because the iOS masthead crops a shallow horizontal band. Show Quận Sơn Trà / Son Tra District with the real visual cue a first-time traveler would recognize. Specific subject guidance: Photorealistic owned asset: city-meets-peninsula panorama with coast road and green hills, morning haze.","no readable text, no watermark, no logos, no fake signs, no unrelated Ha Long Bay/karst imagery for city-specific pages, no people as the main subject",Simulator screenshot plus phone spot-check before DONE,shared or legacy fallback; replace with unique app-owned generated realistic asset,docs/editorial-exports/viet-image-assets/hero-image-production-001/generated_hero_assets.json,Generate a unique realistic menu-quality image for this exact city noun; do not reuse the city masthead or another place image.
P0,NEEDS_UNIQUE_REALISTIC_ASSET,viet-family-city-hanoi-place-ba-dinh-square,Quảng trường Ba Đình / Ba Dinh Square,landmark,HeroCityHanoi,HeroCityHanoiPlaceBaDinhSquare,native-ios/Resources/Assets.xcassets/HeroCityHanoi.imageset/hero-city-hanoi.png,,853 x 1844,,853 x 1844,>= 1600 x 2400 preferred,PhraseListingView HeroMastheadImage,"center 50%, upper 25-35%; landmark silhouette must be recognizable",Recognizable subject must survive the top 276pt masthead crop; keep the key visual in the upper third and center 70% width.,city_place_requires_unique_realistic_hero,"Generate owned/licensed hero, crop to repo target, wire heroImageName through source/resources/SQLite, and capture simulator proof.","Create a super-realistic app-owned hero photo for a Vietnamese travel phrasebook, matching the premium real-life menu-item hero image quality. No readable text, no logos, no watermarks, no faces as the subject. Keep the main landmark/object recognizable inside the upper third because the iOS masthead crops a shallow horizontal band. Show Quảng trường Ba Đình / Ba Dinh Square with the real visual cue a first-time traveler would recognize. Specific subject guidance: Wide morning view of Ba Dinh Square, Vietnamese flags, limestone government facade, realistic street-level travel photo.","no readable text, no watermark, no logos, no fake signs, no unrelated Ha Long Bay/karst imagery for city-specific pages, no people as the main subject",Simulator screenshot plus phone spot-check before DONE,shared or legacy fallback; replace with unique app-owned generated realistic asset,docs/editorial-exports/viet-image-assets/hero-image-production-001/generated_hero_assets.json,Generate a unique realistic menu-quality image for this exact city noun; do not reuse the city masthead or another place image.
P0,NEEDS_UNIQUE_REALISTIC_ASSET,viet-family-city-hoian-place-ancient-town-ticket-booth,Quầy vé phố cổ Hội An / Hoi An Ancient Town ticket booth,landmark,HeroCityHoian,HeroCityHoianPlaceAncientTownTicketBooth,native-ios/Resources/Assets.xcassets/HeroCityHoian.imageset/hero-city-hoian.png,,853 x 1844,,853 x 1844,>= 1600 x 2400 preferred,PhraseListingView HeroMastheadImage,"center 50%, upper 25-35%; landmark silhouette must be recognizable",Recognizable subject must survive the top 276pt masthead crop; keep the key visual in the upper third and center 70% width.,city_place_requires_unique_realistic_hero,"Generate owned/licensed hero, crop to repo target, wire heroImageName through source/resources/SQLite, and capture simulator proof.","Create a super-realistic app-owned hero photo for a Vietnamese travel phrasebook, matching the premium real-life menu-item hero image quality. No readable text, no logos, no watermarks, no faces as the subject. Keep the main landmark/object recognizable inside the upper third because the iOS masthead crops a shallow horizontal band. Show Quầy vé phố cổ Hội An / Hoi An Ancient Town ticket booth with the real visual cue a first-time traveler would recognize. Specific subject guidance: Photorealistic owned asset: small old-town ticket kiosk with yellow walls and neutral signage, no readable fee text.","no readable text, no watermark, no logos, no fake signs, no unrelated Ha Long Bay/karst imagery for city-specific pages, no people as the main subject",Simulator screenshot plus phone spot-check before DONE,shared or legacy fallback; replace with unique app-owned generated realistic asset,docs/editorial-exports/viet-image-assets/hero-image-production-001/generated_hero_assets.json,Generate a unique realistic menu-quality image for this exact city noun; do not reuse the city masthead or another place image.
P0,NEEDS_UNIQUE_REALISTIC_ASSET,viet-family-city-danang-place-nam-o-reef,Rạn Nam Ô / Nam O Reef,landmark,HeroCityDanang,HeroCityDanangPlaceNamOReef,native-ios/Resources/Assets.xcassets/HeroCityDanang.imageset/hero-city-danang.png,,853 x 1844,,853 x 1844,>= 1600 x 2400 preferred,PhraseListingView HeroMastheadImage,"center 50%, upper 25-35%; landmark silhouette must be recognizable",Recognizable subject must survive the top 276pt masthead crop; keep the key visual in the upper third and center 70% width.,city_place_requires_unique_realistic_hero,"Generate owned/licensed hero, crop to repo target, wire heroImageName through source/resources/SQLite, and capture simulator proof.","Create a super-realistic app-owned hero photo for a Vietnamese travel phrasebook, matching the premium real-life menu-item hero image quality. No readable text, no logos, no watermarks, no faces as the subject. Keep the main landmark/object recognizable inside the upper third because the iOS masthead crops a shallow horizontal band. Show Rạn Nam Ô / Nam O Reef with the real visual cue a first-time traveler would recognize. Specific subject guidance: Photorealistic owned asset: rocky reef with tidal pools and fishing village shoreline, golden morning light.","no readable text, no watermark, no logos, no fake signs, no unrelated Ha Long Bay/karst imagery for city-specific pages, no people as the main subject",Simulator screenshot plus phone spot-check before DONE,shared or legacy fallback; replace with unique app-owned generated realistic asset,docs/editorial-exports/viet-image-assets/hero-image-production-001/generated_hero_assets.json,Generate a unique realistic menu-quality image for this exact city noun; do not reuse the city masthead or another place image.
P0,NEEDS_UNIQUE_REALISTIC_ASSET,viet-family-city-hanoi-place-vietnam-circus,Rạp Xiếc Trung ương / Vietnam Central Circus,landmark,HeroCityHanoi,HeroCityHanoiPlaceVietnamCircus,native-ios/Resources/Assets.xcassets/HeroCityHanoi.imageset/hero-city-hanoi.png,,853 x 1844,,853 x 1844,>= 1600 x 2400 preferred,PhraseListingView HeroMastheadImage,"center 50%, upper 25-35%; landmark silhouette must be recognizable",Recognizable subject must survive the top 276pt masthead crop; keep the key visual in the upper third and center 70% width.,city_place_requires_unique_realistic_hero,"Generate owned/licensed hero, crop to repo target, wire heroImageName through source/resources/SQLite, and capture simulator proof.","Create a super-realistic app-owned hero photo for a Vietnamese travel phrasebook, matching the premium real-life menu-item hero image quality. No readable text, no logos, no watermarks, no faces as the subject. Keep the main landmark/object recognizable inside the upper third because the iOS masthead crops a shallow horizontal band. Show Rạp Xiếc Trung ương / Vietnam Central Circus with the real visual cue a first-time traveler would recognize. Specific subject guidance: Circus building exterior at dusk with Hanoi street activity, realistic photo.","no readable text, no watermark, no logos, no fake signs, no unrelated Ha Long Bay/karst imagery for city-specific pages, no people as the main subject",Simulator screenshot plus phone spot-check before DONE,shared or legacy fallback; replace with unique app-owned generated realistic asset,docs/editorial-exports/viet-image-assets/hero-image-production-001/generated_hero_assets.json,Generate a unique realistic menu-quality image for this exact city noun; do not reuse the city masthead or another place image.
P0,NEEDS_UNIQUE_REALISTIC_ASSET,viet-family-city-hoian-place-reaching-out-arts-crafts,Reaching Out Arts & Crafts / Reaching Out Arts & Crafts,landmark,HeroCityHoian,HeroCityHoianPlaceReachingOutArtsCrafts,native-ios/Resources/Assets.xcassets/HeroCityHoian.imageset/hero-city-hoian.png,,853 x 1844,,853 x 1844,>= 1600 x 2400 preferred,PhraseListingView HeroMastheadImage,"center 50%, upper 25-35%; landmark silhouette must be recognizable",Recognizable subject must survive the top 276pt masthead crop; keep the key visual in the upper third and center 70% width.,city_place_requires_unique_realistic_hero,"Generate owned/licensed hero, crop to repo target, wire heroImageName through source/resources/SQLite, and capture simulator proof.","Create a super-realistic app-owned hero photo for a Vietnamese travel phrasebook, matching the premium real-life menu-item hero image quality. No readable text, no logos, no watermarks, no faces as the subject. Keep the main landmark/object recognizable inside the upper third because the iOS masthead crops a shallow horizontal band. Show Reaching Out Arts & Crafts / Reaching Out Arts & Crafts with the real visual cue a first-time traveler would recognize. Specific subject guidance: Photorealistic owned asset: quiet craft shop table with handmade ceramics and textiles, no logo.","no readable text, no watermark, no logos, no fake signs, no unrelated Ha Long Bay/karst imagery for city-specific pages, no people as the main subject",Simulator screenshot plus phone spot-check before DONE,shared or legacy fallback; replace with unique app-owned generated realistic asset,docs/editorial-exports/viet-image-assets/hero-image-production-001/generated_hero_assets.json,Generate a unique realistic menu-quality image for this exact city noun; do not reuse the city masthead or another place image.
P0,NEEDS_UNIQUE_REALISTIC_ASSET,viet-family-city-hue-place-ru-cha-mangrove,Rú Chá / Ru Cha Mangrove Forest,landmark,HeroCityHue,HeroCityHuePlaceRuChaMangrove,native-ios/Resources/Assets.xcassets/HeroCityHue.imageset/hero-city-hue.png,,853 x 1844,,853 x 1844,>= 1600 x 2400 preferred,PhraseListingView HeroMastheadImage,"center 50%, upper 25-35%; landmark silhouette must be recognizable",Recognizable subject must survive the top 276pt masthead crop; keep the key visual in the upper third and center 70% width.,city_place_requires_unique_realistic_hero,"Generate owned/licensed hero, crop to repo target, wire heroImageName through source/resources/SQLite, and capture simulator proof.","Create a super-realistic app-owned hero photo for a Vietnamese travel phrasebook, matching the premium real-life menu-item hero image quality. No readable text, no logos, no watermarks, no faces as the subject. Keep the main landmark/object recognizable inside the upper third because the iOS masthead crops a shallow horizontal band. Show Rú Chá / Ru Cha Mangrove Forest with the real visual cue a first-time traveler would recognize. Specific subject guidance: Photorealistic mangrove walkway and water channels, tangled roots, soft green light.","no readable text, no watermark, no logos, no fake signs, no unrelated Ha Long Bay/karst imagery for city-specific pages, no people as the main subject",Simulator screenshot plus phone spot-check before DONE,shared or legacy fallback; replace with unique app-owned generated realistic asset,docs/editorial-exports/viet-image-assets/hero-image-production-001/generated_hero_assets.json,Generate a unique realistic menu-quality image for this exact city noun; do not reuse the city masthead or another place image.
P0,NEEDS_UNIQUE_REALISTIC_ASSET,viet-family-city-hoian-place-bay-mau-coconut-forest,Rừng dừa Bảy Mẫu / Bay Mau Coconut Forest,landmark,HeroCityHoian,HeroCityHoianPlaceBayMauCoconutForest,native-ios/Resources/Assets.xcassets/HeroCityHoian.imageset/hero-city-hoian.png,,853 x 1844,,853 x 1844,>= 1600 x 2400 preferred,PhraseListingView HeroMastheadImage,"center 50%, upper 25-35%; landmark silhouette must be recognizable",Recognizable subject must survive the top 276pt masthead crop; keep the key visual in the upper third and center 70% width.,city_place_requires_unique_realistic_hero,"Generate owned/licensed hero, crop to repo target, wire heroImageName through source/resources/SQLite, and capture simulator proof.","Create a super-realistic app-owned hero photo for a Vietnamese travel phrasebook, matching the premium real-life menu-item hero image quality. No readable text, no logos, no watermarks, no faces as the subject. Keep the main landmark/object recognizable inside the upper third because the iOS masthead crops a shallow horizontal band. Show Rừng dừa Bảy Mẫu / Bay Mau Coconut Forest with the real visual cue a first-time traveler would recognize. Specific subject guidance: Photorealistic owned asset: water coconut palms over narrow channel with round basket boat, no identifiable tourists.","no readable text, no watermark, no logos, no fake signs, no unrelated Ha Long Bay/karst imagery for city-specific pages, no people as the main subject",Simulator screenshot plus phone spot-check before DONE,shared or legacy fallback; replace with unique app-owned generated realistic asset,docs/editorial-exports/viet-image-assets/hero-image-production-001/generated_hero_assets.json,Generate a unique realistic menu-quality image for this exact city noun; do not reuse the city masthead or another place image.
P0,NEEDS_UNIQUE_REALISTIC_ASSET,viet-family-city-hcmc-place-takashimaya-saigon-centre,Saigon Centre / Takashimaya Saigon Centre,landmark,HeroCityHcmc,HeroCityHcmcPlaceTakashimayaSaigonCentre,native-ios/Resources/Assets.xcassets/HeroCityHcmc.imageset/hero-city-hcmc.png,,853 x 1844,,853 x 1844,>= 1600 x 2400 preferred,PhraseListingView HeroMastheadImage,"center 50%, upper 25-35%; landmark silhouette must be recognizable",Recognizable subject must survive the top 276pt masthead crop; keep the key visual in the upper third and center 70% width.,city_place_requires_unique_realistic_hero,"Generate owned/licensed hero, crop to repo target, wire heroImageName through source/resources/SQLite, and capture simulator proof.","Create a super-realistic app-owned hero photo for a Vietnamese travel phrasebook, matching the premium real-life menu-item hero image quality. No readable text, no logos, no watermarks, no faces as the subject. Keep the main landmark/object recognizable inside the upper third because the iOS masthead crops a shallow horizontal band. Show Saigon Centre / Takashimaya Saigon Centre with the real visual cue a first-time traveler would recognize. Specific subject guidance: Modern central Saigon mall exterior with crosswalks and scooters, realistic photo, no logo emphasis.","no readable text, no watermark, no logos, no fake signs, no unrelated Ha Long Bay/karst imagery for city-specific pages, no people as the main subject",Simulator screenshot plus phone spot-check before DONE,shared or legacy fallback; replace with unique app-owned generated realistic asset,docs/editorial-exports/viet-image-assets/hero-image-production-001/generated_hero_assets.json,Generate a unique realistic menu-quality image for this exact city noun; do not reuse the city masthead or another place image.
P0,NEEDS_UNIQUE_REALISTIC_ASSET,viet-family-city-hcmc-place-saigon-skydeck,Saigon Skydeck / Saigon Skydeck,landmark,HeroCityHcmc,HeroCityHcmcPlaceSaigonSkydeck,native-ios/Resources/Assets.xcassets/HeroCityHcmc.imageset/hero-city-hcmc.png,,853 x 1844,,853 x 1844,>= 1600 x 2400 preferred,PhraseListingView HeroMastheadImage,"center 50%, upper 25-35%; landmark silhouette must be recognizable",Recognizable subject must survive the top 276pt masthead crop; keep the key visual in the upper third and center 70% width.,city_place_requires_unique_realistic_hero,"Generate owned/licensed hero, crop to repo target, wire heroImageName through source/resources/SQLite, and capture simulator proof.","Create a super-realistic app-owned hero photo for a Vietnamese travel phrasebook, matching the premium real-life menu-item hero image quality. No readable text, no logos, no watermarks, no faces as the subject. Keep the main landmark/object recognizable inside the upper third because the iOS masthead crops a shallow horizontal band. Show Saigon Skydeck / Saigon Skydeck with the real visual cue a first-time traveler would recognize. Specific subject guidance: High city view from observation deck over Saigon River, realistic photo, no logos.","no readable text, no watermark, no logos, no fake signs, no unrelated Ha Long Bay/karst imagery for city-specific pages, no people as the main subject",Simulator screenshot plus phone spot-check before DONE,shared or legacy fallback; replace with unique app-owned generated realistic asset,docs/editorial-exports/viet-image-assets/hero-image-production-001/generated_hero_assets.json,Generate a unique realistic menu-quality image for this exact city noun; do not reuse the city masthead or another place image.
P0,NEEDS_UNIQUE_REALISTIC_ASSET,viet-family-city-hcmc-place-saigon-square,Saigon Square / Saigon Square,landmark,HeroCityHcmc,HeroCityHcmcPlaceSaigonSquare,native-ios/Resources/Assets.xcassets/HeroCityHcmc.imageset/hero-city-hcmc.png,,853 x 1844,,853 x 1844,>= 1600 x 2400 preferred,PhraseListingView HeroMastheadImage,"center 50%, upper 25-35%; landmark silhouette must be recognizable",Recognizable subject must survive the top 276pt masthead crop; keep the key visual in the upper third and center 70% width.,city_place_requires_unique_realistic_hero,"Generate owned/licensed hero, crop to repo target, wire heroImageName through source/resources/SQLite, and capture simulator proof.","Create a super-realistic app-owned hero photo for a Vietnamese travel phrasebook, matching the premium real-life menu-item hero image quality. No readable text, no logos, no watermarks, no faces as the subject. Keep the main landmark/object recognizable inside the upper third because the iOS masthead crops a shallow horizontal band. Show Saigon Square / Saigon Square with the real visual cue a first-time traveler would recognize. Specific subject guidance: Indoor Saigon shopping center entrance with clothing stalls, realistic photo, no logos.","no readable text, no watermark, no logos, no fake signs, no unrelated Ha Long Bay/karst imagery for city-specific pages, no people as the main subject",Simulator screenshot plus phone spot-check before DONE,shared or legacy fallback; replace with unique app-owned generated realistic asset,docs/editorial-exports/viet-image-assets/hero-image-production-001/generated_hero_assets.json,Generate a unique realistic menu-quality image for this exact city noun; do not reuse the city masthead or another place image.
P0,NEEDS_UNIQUE_REALISTIC_ASSET,viet-family-city-danang-place-airport,Sân bay Đà Nẵng / Da Nang Airport,landmark,HeroCityDanang,HeroCityDanangPlaceAirport,native-ios/Resources/Assets.xcassets/HeroCityDanang.imageset/hero-city-danang.png,,853 x 1844,,853 x 1844,>= 1600 x 2400 preferred,PhraseListingView HeroMastheadImage,"center 50%, upper 25-35%; landmark silhouette must be recognizable",Recognizable subject must survive the top 276pt masthead crop; keep the key visual in the upper third and center 70% width.,city_place_requires_unique_realistic_hero,"Generate owned/licensed hero, crop to repo target, wire heroImageName through source/resources/SQLite, and capture simulator proof.","Create a super-realistic app-owned hero photo for a Vietnamese travel phrasebook, matching the premium real-life menu-item hero image quality. No readable text, no logos, no watermarks, no faces as the subject. Keep the main landmark/object recognizable inside the upper third because the iOS masthead crops a shallow horizontal band. Show Sân bay Đà Nẵng / Da Nang Airport with the real visual cue a first-time traveler would recognize. Specific subject guidance: Photorealistic owned asset: airport curbside pickup lane with tropical city backdrop, no airline logos, no readable plates.","no readable text, no watermark, no logos, no fake signs, no unrelated Ha Long Bay/karst imagery for city-specific pages, no people as the main subject",Simulator screenshot plus phone spot-check before DONE,shared or legacy fallback; replace with unique app-owned generated realistic asset,docs/editorial-exports/viet-image-assets/hero-image-production-001/generated_hero_assets.json,Generate a unique realistic menu-quality image for this exact city noun; do not reuse the city masthead or another place image.
P0,NEEDS_UNIQUE_REALISTIC_ASSET,viet-family-city-hoian-place-from-danang-airport,Sân bay Đà Nẵng đi Hội An / Da Nang Airport for Hoi An,landmark,HeroCityHoian,HeroCityHoianPlaceFromDanangAirport,native-ios/Resources/Assets.xcassets/HeroCityHoian.imageset/hero-city-hoian.png,,853 x 1844,,853 x 1844,>= 1600 x 2400 preferred,PhraseListingView HeroMastheadImage,"center 50%, upper 25-35%; landmark silhouette must be recognizable",Recognizable subject must survive the top 276pt masthead crop; keep the key visual in the upper third and center 70% width.,city_place_requires_unique_realistic_hero,"Generate owned/licensed hero, crop to repo target, wire heroImageName through source/resources/SQLite, and capture simulator proof.","Create a super-realistic app-owned hero photo for a Vietnamese travel phrasebook, matching the premium real-life menu-item hero image quality. No readable text, no logos, no watermarks, no faces as the subject. Keep the main landmark/object recognizable inside the upper third because the iOS masthead crops a shallow horizontal band. Show Sân bay Đà Nẵng đi Hội An / Da Nang Airport for Hoi An with the real visual cue a first-time traveler would recognize. Specific subject guidance: Photorealistic owned asset: airport pickup curb with signless shuttle van and tropical sky, no airline logos.","no readable text, no watermark, no logos, no fake signs, no unrelated Ha Long Bay/karst imagery for city-specific pages, no people as the main subject",Simulator screenshot plus phone spot-check before DONE,shared or legacy fallback; replace with unique app-owned generated realistic asset,docs/editorial-exports/viet-image-assets/hero-image-production-001/generated_hero_assets.json,Generate a unique realistic menu-quality image for this exact city noun; do not reuse the city masthead or another place image.
P0,NEEDS_UNIQUE_REALISTIC_ASSET,viet-family-city-hanoi-place-noi-bai-airport,Sân bay Nội Bài / Noi Bai International Airport,landmark,HeroCityHanoi,HeroCityHanoiPlaceNoiBaiAirport,native-ios/Resources/Assets.xcassets/HeroCityHanoi.imageset/hero-city-hanoi.png,,853 x 1844,,853 x 1844,>= 1600 x 2400 preferred,PhraseListingView HeroMastheadImage,"center 50%, upper 25-35%; landmark silhouette must be recognizable",Recognizable subject must survive the top 276pt masthead crop; keep the key visual in the upper third and center 70% width.,city_place_requires_unique_realistic_hero,"Generate owned/licensed hero, crop to repo target, wire heroImageName through source/resources/SQLite, and capture simulator proof.","Create a super-realistic app-owned hero photo for a Vietnamese travel phrasebook, matching the premium real-life menu-item hero image quality. No readable text, no logos, no watermarks, no faces as the subject. Keep the main landmark/object recognizable inside the upper third because the iOS masthead crops a shallow horizontal band. Show Sân bay Nội Bài / Noi Bai International Airport with the real visual cue a first-time traveler would recognize. Specific subject guidance: Exterior of Noi Bai airport terminal with taxis and Vietnamese signage, realistic photo.","no readable text, no watermark, no logos, no fake signs, no unrelated Ha Long Bay/karst imagery for city-specific pages, no people as the main subject",Simulator screenshot plus phone spot-check before DONE,shared or legacy fallback; replace with unique app-owned generated realistic asset,docs/editorial-exports/viet-image-assets/hero-image-production-001/generated_hero_assets.json,Generate a unique realistic menu-quality image for this exact city noun; do not reuse the city masthead or another place image.
P0,NEEDS_UNIQUE_REALISTIC_ASSET,viet-family-city-hue-place-phu-bai-airport,Sân bay Phú Bài / Phu Bai Airport,landmark,HeroCityHue,HeroCityHuePlacePhuBaiAirport,native-ios/Resources/Assets.xcassets/HeroCityHue.imageset/hero-city-hue.png,,853 x 1844,,853 x 1844,>= 1600 x 2400 preferred,PhraseListingView HeroMastheadImage,"center 50%, upper 25-35%; landmark silhouette must be recognizable",Recognizable subject must survive the top 276pt masthead crop; keep the key visual in the upper third and center 70% width.,city_place_requires_unique_realistic_hero,"Generate owned/licensed hero, crop to repo target, wire heroImageName through source/resources/SQLite, and capture simulator proof.","Create a super-realistic app-owned hero photo for a Vietnamese travel phrasebook, matching the premium real-life menu-item hero image quality. No readable text, no logos, no watermarks, no faces as the subject. Keep the main landmark/object recognizable inside the upper third because the iOS masthead crops a shallow horizontal band. Show Sân bay Phú Bài / Phu Bai Airport with the real visual cue a first-time traveler would recognize. Specific subject guidance: Photorealistic airport curb at Phu Bai with muted signage, luggage, and central Vietnam daylight.","no readable text, no watermark, no logos, no fake signs, no unrelated Ha Long Bay/karst imagery for city-specific pages, no people as the main subject",Simulator screenshot plus phone spot-check before DONE,shared or legacy fallback; replace with unique app-owned generated realistic asset,docs/editorial-exports/viet-image-assets/hero-image-production-001/generated_hero_assets.json,Generate a unique realistic menu-quality image for this exact city noun; do not reuse the city masthead or another place image.
P0,NEEDS_UNIQUE_REALISTIC_ASSET,viet-family-city-hcmc-place-tan-son-nhat-airport,Sân bay Tân Sơn Nhất / Tan Son Nhat International Airport,landmark,HeroCityHcmc,HeroCityHcmcPlaceTanSonNhatAirport,native-ios/Resources/Assets.xcassets/HeroCityHcmc.imageset/hero-city-hcmc.png,,853 x 1844,,853 x 1844,>= 1600 x 2400 preferred,PhraseListingView HeroMastheadImage,"center 50%, upper 25-35%; landmark silhouette must be recognizable",Recognizable subject must survive the top 276pt masthead crop; keep the key visual in the upper third and center 70% width.,city_place_requires_unique_realistic_hero,"Generate owned/licensed hero, crop to repo target, wire heroImageName through source/resources/SQLite, and capture simulator proof.","Create a super-realistic app-owned hero photo for a Vietnamese travel phrasebook, matching the premium real-life menu-item hero image quality. No readable text, no logos, no watermarks, no faces as the subject. Keep the main landmark/object recognizable inside the upper third because the iOS masthead crops a shallow horizontal band. Show Sân bay Tân Sơn Nhất / Tan Son Nhat International Airport with the real visual cue a first-time traveler would recognize. Specific subject guidance: Tan Son Nhat airport terminal exterior with taxis and Vietnamese signage, realistic photo.","no readable text, no watermark, no logos, no fake signs, no unrelated Ha Long Bay/karst imagery for city-specific pages, no people as the main subject",Simulator screenshot plus phone spot-check before DONE,shared or legacy fallback; replace with unique app-owned generated realistic asset,docs/editorial-exports/viet-image-assets/hero-image-production-001/generated_hero_assets.json,Generate a unique realistic menu-quality image for this exact city noun; do not reuse the city masthead or another place image.
P0,NEEDS_UNIQUE_REALISTIC_ASSET,viet-family-city-hcmc-place-rex-hotel-rooftop,Sân thượng khách sạn Rex / Rex Hotel rooftop,landmark,HeroCityHcmc,HeroCityHcmcPlaceRexHotelRooftop,native-ios/Resources/Assets.xcassets/HeroCityHcmc.imageset/hero-city-hcmc.png,,853 x 1844,,853 x 1844,>= 1600 x 2400 preferred,PhraseListingView HeroMastheadImage,"center 50%, upper 25-35%; landmark silhouette must be recognizable",Recognizable subject must survive the top 276pt masthead crop; keep the key visual in the upper third and center 70% width.,city_place_requires_unique_realistic_hero,"Generate owned/licensed hero, crop to repo target, wire heroImageName through source/resources/SQLite, and capture simulator proof.","Create a super-realistic app-owned hero photo for a Vietnamese travel phrasebook, matching the premium real-life menu-item hero image quality. No readable text, no logos, no watermarks, no faces as the subject. Keep the main landmark/object recognizable inside the upper third because the iOS masthead crops a shallow horizontal band. Show Sân thượng khách sạn Rex / Rex Hotel rooftop with the real visual cue a first-time traveler would recognize. Specific subject guidance: Rooftop terrace view over Nguyen Hue and City Hall, realistic evening photo, no logo.","no readable text, no watermark, no logos, no fake signs, no unrelated Ha Long Bay/karst imagery for city-specific pages, no people as the main subject",Simulator screenshot plus phone spot-check before DONE,shared or legacy fallback; replace with unique app-owned generated realistic asset,docs/editorial-exports/viet-image-assets/hero-image-production-001/generated_hero_assets.json,Generate a unique realistic menu-quality image for this exact city noun; do not reuse the city masthead or another place image.
P0,NEEDS_UNIQUE_REALISTIC_ASSET,viet-family-city-danang-place-han-river,Sông Hàn / Han River,landmark,HeroCityDanang,HeroCityDanangPlaceHanRiver,native-ios/Resources/Assets.xcassets/HeroCityDanang.imageset/hero-city-danang.png,,853 x 1844,,853 x 1844,>= 1600 x 2400 preferred,PhraseListingView HeroMastheadImage,"center 50%, upper 25-35%; landmark silhouette must be recognizable",Recognizable subject must survive the top 276pt masthead crop; keep the key visual in the upper third and center 70% width.,city_place_requires_unique_realistic_hero,"Generate owned/licensed hero, crop to repo target, wire heroImageName through source/resources/SQLite, and capture simulator proof.","Create a super-realistic app-owned hero photo for a Vietnamese travel phrasebook, matching the premium real-life menu-item hero image quality. No readable text, no logos, no watermarks, no faces as the subject. Keep the main landmark/object recognizable inside the upper third because the iOS masthead crops a shallow horizontal band. Show Sông Hàn / Han River with the real visual cue a first-time traveler would recognize. Specific subject guidance: Photorealistic owned asset: calm Han River with bridge silhouettes and promenade, blue hour, no people close-up.","no readable text, no watermark, no logos, no fake signs, no unrelated Ha Long Bay/karst imagery for city-specific pages, no people as the main subject",Simulator screenshot plus phone spot-check before DONE,shared or legacy fallback; replace with unique app-owned generated realistic asset,docs/editorial-exports/viet-image-assets/hero-image-production-001/generated_hero_assets.json,Generate a unique realistic menu-quality image for this exact city noun; do not reuse the city masthead or another place image.
P0,NEEDS_UNIQUE_REALISTIC_ASSET,viet-family-city-hoian-place-hoai-river,Sông Hoài / Hoai River,landmark,HeroCityHoian,HeroCityHoianPlaceHoaiRiver,native-ios/Resources/Assets.xcassets/HeroCityHoian.imageset/hero-city-hoian.png,,853 x 1844,,853 x 1844,>= 1600 x 2400 preferred,PhraseListingView HeroMastheadImage,"center 50%, upper 25-35%; landmark silhouette must be recognizable",Recognizable subject must survive the top 276pt masthead crop; keep the key visual in the upper third and center 70% width.,city_place_requires_unique_realistic_hero,"Generate owned/licensed hero, crop to repo target, wire heroImageName through source/resources/SQLite, and capture simulator proof.","Create a super-realistic app-owned hero photo for a Vietnamese travel phrasebook, matching the premium real-life menu-item hero image quality. No readable text, no logos, no watermarks, no faces as the subject. Keep the main landmark/object recognizable inside the upper third because the iOS masthead crops a shallow horizontal band. Show Sông Hoài / Hoai River with the real visual cue a first-time traveler would recognize. Specific subject guidance: Photorealistic owned asset: lantern boats on calm river by yellow old-town buildings, blue hour, no close-up faces.","no readable text, no watermark, no logos, no fake signs, no unrelated Ha Long Bay/karst imagery for city-specific pages, no people as the main subject",Simulator screenshot plus phone spot-check before DONE,shared or legacy fallback; replace with unique app-owned generated realistic asset,docs/editorial-exports/viet-image-assets/hero-image-production-001/generated_hero_assets.json,Generate a unique realistic menu-quality image for this exact city noun; do not reuse the city masthead or another place image.
P0,NEEDS_UNIQUE_REALISTIC_ASSET,viet-family-city-hanoi-place-red-river,Sông Hồng / Red River,landmark,HeroCityHanoi,HeroCityHanoiPlaceRedRiver,native-ios/Resources/Assets.xcassets/HeroCityHanoi.imageset/hero-city-hanoi.png,,853 x 1844,,853 x 1844,>= 1600 x 2400 preferred,PhraseListingView HeroMastheadImage,"center 50%, upper 25-35%; landmark silhouette must be recognizable",Recognizable subject must survive the top 276pt masthead crop; keep the key visual in the upper third and center 70% width.,city_place_requires_unique_realistic_hero,"Generate owned/licensed hero, crop to repo target, wire heroImageName through source/resources/SQLite, and capture simulator proof.","Create a super-realistic app-owned hero photo for a Vietnamese travel phrasebook, matching the premium real-life menu-item hero image quality. No readable text, no logos, no watermarks, no faces as the subject. Keep the main landmark/object recognizable inside the upper third because the iOS masthead crops a shallow horizontal band. Show Sông Hồng / Red River with the real visual cue a first-time traveler would recognize. Specific subject guidance: Red River under Long Bien Bridge with sandy banks and boats, realistic photo.","no readable text, no watermark, no logos, no fake signs, no unrelated Ha Long Bay/karst imagery for city-specific pages, no people as the main subject",Simulator screenshot plus phone spot-check before DONE,shared or legacy fallback; replace with unique app-owned generated realistic asset,docs/editorial-exports/viet-image-assets/hero-image-production-001/generated_hero_assets.json,Generate a unique realistic menu-quality image for this exact city noun; do not reuse the city masthead or another place image.
P0,NEEDS_UNIQUE_REALISTIC_ASSET,viet-family-city-hue-place-perfume-river,Sông Hương / Perfume River,landmark,HeroCityHue,HeroCityHuePlacePerfumeRiver,native-ios/Resources/Assets.xcassets/HeroCityHue.imageset/hero-city-hue.png,,853 x 1844,,853 x 1844,>= 1600 x 2400 preferred,PhraseListingView HeroMastheadImage,"center 50%, upper 25-35%; landmark silhouette must be recognizable",Recognizable subject must survive the top 276pt masthead crop; keep the key visual in the upper third and center 70% width.,city_place_requires_unique_realistic_hero,"Generate owned/licensed hero, crop to repo target, wire heroImageName through source/resources/SQLite, and capture simulator proof.","Create a super-realistic app-owned hero photo for a Vietnamese travel phrasebook, matching the premium real-life menu-item hero image quality. No readable text, no logos, no watermarks, no faces as the subject. Keep the main landmark/object recognizable inside the upper third because the iOS masthead crops a shallow horizontal band. Show Sông Hương / Perfume River with the real visual cue a first-time traveler would recognize. Specific subject guidance: Photorealistic calm Perfume River with dragon boat, low mountains, and Hue skyline at sunset.","no readable text, no watermark, no logos, no fake signs, no unrelated Ha Long Bay/karst imagery for city-specific pages, no people as the main subject",Simulator screenshot plus phone spot-check before DONE,shared or legacy fallback; replace with unique app-owned generated realistic asset,docs/editorial-exports/viet-image-assets/hero-image-production-001/generated_hero_assets.json,Generate a unique realistic menu-quality image for this exact city noun; do not reuse the city masthead or another place image.
P0,NEEDS_UNIQUE_REALISTIC_ASSET,viet-family-city-hue-place-songlab,Sống Platform - SốngLab / Sống Platform - SốngLab,landmark,HeroCityHue,HeroCityHuePlaceSonglab,native-ios/Resources/Assets.xcassets/HeroCityHue.imageset/hero-city-hue.png,,853 x 1844,,853 x 1844,>= 1600 x 2400 preferred,PhraseListingView HeroMastheadImage,"center 50%, upper 25-35%; landmark silhouette must be recognizable",Recognizable subject must survive the top 276pt masthead crop; keep the key visual in the upper third and center 70% width.,city_place_requires_unique_realistic_hero,"Generate owned/licensed hero, crop to repo target, wire heroImageName through source/resources/SQLite, and capture simulator proof.","Create a super-realistic app-owned hero photo for a Vietnamese travel phrasebook, matching the premium real-life menu-item hero image quality. No readable text, no logos, no watermarks, no faces as the subject. Keep the main landmark/object recognizable inside the upper third because the iOS masthead crops a shallow horizontal band. Show Sống Platform - SốngLab / Sống Platform - SốngLab with the real visual cue a first-time traveler would recognize. Specific subject guidance: Photorealistic immersive digital art room with subtle Hue motifs, dark gallery, no brand logos.","no readable text, no watermark, no logos, no fake signs, no unrelated Ha Long Bay/karst imagery for city-specific pages, no people as the main subject",Simulator screenshot plus phone spot-check before DONE,shared or legacy fallback; replace with unique app-owned generated realistic asset,docs/editorial-exports/viet-image-assets/hero-image-production-001/generated_hero_assets.json,Generate a unique realistic menu-quality image for this exact city noun; do not reuse the city masthead or another place image.
P0,NEEDS_UNIQUE_REALISTIC_ASSET,viet-family-city-hcmc-place-saigon-river,Sông Sài Gòn / Saigon River,landmark,HeroCityHcmc,HeroCityHcmcPlaceSaigonRiver,native-ios/Resources/Assets.xcassets/HeroCityHcmc.imageset/hero-city-hcmc.png,,853 x 1844,,853 x 1844,>= 1600 x 2400 preferred,PhraseListingView HeroMastheadImage,"center 50%, upper 25-35%; landmark silhouette must be recognizable",Recognizable subject must survive the top 276pt masthead crop; keep the key visual in the upper third and center 70% width.,city_place_requires_unique_realistic_hero,"Generate owned/licensed hero, crop to repo target, wire heroImageName through source/resources/SQLite, and capture simulator proof.","Create a super-realistic app-owned hero photo for a Vietnamese travel phrasebook, matching the premium real-life menu-item hero image quality. No readable text, no logos, no watermarks, no faces as the subject. Keep the main landmark/object recognizable inside the upper third because the iOS masthead crops a shallow horizontal band. Show Sông Sài Gòn / Saigon River with the real visual cue a first-time traveler would recognize. Specific subject guidance: Saigon River with skyline, boats, and sunset haze, photorealistic.","no readable text, no watermark, no logos, no fake signs, no unrelated Ha Long Bay/karst imagery for city-specific pages, no people as the main subject",Simulator screenshot plus phone spot-check before DONE,shared or legacy fallback; replace with unique app-owned generated realistic asset,docs/editorial-exports/viet-image-assets/hero-image-production-001/generated_hero_assets.json,Generate a unique realistic menu-quality image for this exact city noun; do not reuse the city masthead or another place image.
P0,NEEDS_UNIQUE_REALISTIC_ASSET,viet-family-city-hoian-place-thu-bon-river,Sông Thu Bồn / Thu Bon River,landmark,HeroCityHoian,HeroCityHoianPlaceThuBonRiver,native-ios/Resources/Assets.xcassets/HeroCityHoian.imageset/hero-city-hoian.png,,853 x 1844,,853 x 1844,>= 1600 x 2400 preferred,PhraseListingView HeroMastheadImage,"center 50%, upper 25-35%; landmark silhouette must be recognizable",Recognizable subject must survive the top 276pt masthead crop; keep the key visual in the upper third and center 70% width.,city_place_requires_unique_realistic_hero,"Generate owned/licensed hero, crop to repo target, wire heroImageName through source/resources/SQLite, and capture simulator proof.","Create a super-realistic app-owned hero photo for a Vietnamese travel phrasebook, matching the premium real-life menu-item hero image quality. No readable text, no logos, no watermarks, no faces as the subject. Keep the main landmark/object recognizable inside the upper third because the iOS masthead crops a shallow horizontal band. Show Sông Thu Bồn / Thu Bon River with the real visual cue a first-time traveler would recognize. Specific subject guidance: Photorealistic owned asset: wide river bend with wooden boats and old-town horizon, golden hour.","no readable text, no watermark, no logos, no fake signs, no unrelated Ha Long Bay/karst imagery for city-specific pages, no people as the main subject",Simulator screenshot plus phone spot-check before DONE,shared or legacy fallback; replace with unique app-owned generated realistic asset,docs/editorial-exports/viet-image-assets/hero-image-production-001/generated_hero_assets.json,Generate a unique realistic menu-quality image for this exact city noun; do not reuse the city masthead or another place image.
P0,NEEDS_UNIQUE_REALISTIC_ASSET,viet-family-city-hanoi-place-tay-ho,Tây Hồ / Tay Ho,landmark,HeroCityHanoi,HeroCityHanoiPlaceTayHo,native-ios/Resources/Assets.xcassets/HeroCityHanoi.imageset/hero-city-hanoi.png,,853 x 1844,,853 x 1844,>= 1600 x 2400 preferred,PhraseListingView HeroMastheadImage,"center 50%, upper 25-35%; landmark silhouette must be recognizable",Recognizable subject must survive the top 276pt masthead crop; keep the key visual in the upper third and center 70% width.,city_place_requires_unique_realistic_hero,"Generate owned/licensed hero, crop to repo target, wire heroImageName through source/resources/SQLite, and capture simulator proof.","Create a super-realistic app-owned hero photo for a Vietnamese travel phrasebook, matching the premium real-life menu-item hero image quality. No readable text, no logos, no watermarks, no faces as the subject. Keep the main landmark/object recognizable inside the upper third because the iOS masthead crops a shallow horizontal band. Show Tây Hồ / Tay Ho with the real visual cue a first-time traveler would recognize. Specific subject guidance: West Lake cafe street in Tay Ho with scooters and lake glimpse, realistic photo.","no readable text, no watermark, no logos, no fake signs, no unrelated Ha Long Bay/karst imagery for city-specific pages, no people as the main subject",Simulator screenshot plus phone spot-check before DONE,shared or legacy fallback; replace with unique app-owned generated realistic asset,docs/editorial-exports/viet-image-assets/hero-image-production-001/generated_hero_assets.json,Generate a unique realistic menu-quality image for this exact city noun; do not reuse the city masthead or another place image.
P0,NEEDS_UNIQUE_REALISTIC_ASSET,viet-family-city-hoian-place-my-son-sanctuary,Thánh địa Mỹ Sơn / My Son Sanctuary,landmark,HeroCityHoian,HeroCityHoianPlaceMySonSanctuary,native-ios/Resources/Assets.xcassets/HeroCityHoian.imageset/hero-city-hoian.png,,853 x 1844,,853 x 1844,>= 1600 x 2400 preferred,PhraseListingView HeroMastheadImage,"center 50%, upper 25-35%; landmark silhouette must be recognizable",Recognizable subject must survive the top 276pt masthead crop; keep the key visual in the upper third and center 70% width.,city_place_requires_unique_realistic_hero,"Generate owned/licensed hero, crop to repo target, wire heroImageName through source/resources/SQLite, and capture simulator proof.","Create a super-realistic app-owned hero photo for a Vietnamese travel phrasebook, matching the premium real-life menu-item hero image quality. No readable text, no logos, no watermarks, no faces as the subject. Keep the main landmark/object recognizable inside the upper third because the iOS masthead crops a shallow horizontal band. Show Thánh địa Mỹ Sơn / My Son Sanctuary with the real visual cue a first-time traveler would recognize. Specific subject guidance: Photorealistic owned asset: Cham brick temple towers in green valley, soft morning haze, no staged people.","no readable text, no watermark, no logos, no fake signs, no unrelated Ha Long Bay/karst imagery for city-specific pages, no people as the main subject",Simulator screenshot plus phone spot-check before DONE,shared or legacy fallback; replace with unique app-owned generated realistic asset,docs/editorial-exports/viet-image-assets/hero-image-production-001/generated_hero_assets.json,Generate a unique realistic menu-quality image for this exact city noun; do not reuse the city masthead or another place image.
P0,NEEDS_UNIQUE_REALISTIC_ASSET,viet-family-city-hcmc-place-zoo-botanical-gardens,Thảo Cầm Viên Sài Gòn / Saigon Zoo and Botanical Gardens,landmark,HeroCityHcmc,HeroCityHcmcPlaceZooBotanicalGardens,native-ios/Resources/Assets.xcassets/HeroCityHcmc.imageset/hero-city-hcmc.png,,853 x 1844,,853 x 1844,>= 1600 x 2400 preferred,PhraseListingView HeroMastheadImage,"center 50%, upper 25-35%; landmark silhouette must be recognizable",Recognizable subject must survive the top 276pt masthead crop; keep the key visual in the upper third and center 70% width.,city_place_requires_unique_realistic_hero,"Generate owned/licensed hero, crop to repo target, wire heroImageName through source/resources/SQLite, and capture simulator proof.","Create a super-realistic app-owned hero photo for a Vietnamese travel phrasebook, matching the premium real-life menu-item hero image quality. No readable text, no logos, no watermarks, no faces as the subject. Keep the main landmark/object recognizable inside the upper third because the iOS masthead crops a shallow horizontal band. Show Thảo Cầm Viên Sài Gòn / Saigon Zoo and Botanical Gardens with the real visual cue a first-time traveler would recognize. Specific subject guidance: Entrance to Saigon Zoo and Botanical Gardens with old trees, realistic photo.","no readable text, no watermark, no logos, no fake signs, no unrelated Ha Long Bay/karst imagery for city-specific pages, no people as the main subject",Simulator screenshot plus phone spot-check before DONE,shared or legacy fallback; replace with unique app-owned generated realistic asset,docs/editorial-exports/viet-image-assets/hero-image-production-001/generated_hero_assets.json,Generate a unique realistic menu-quality image for this exact city noun; do not reuse the city masthead or another place image.
P0,NEEDS_UNIQUE_REALISTIC_ASSET,viet-family-city-hcmc-place-thao-dien,Thảo Điền / Thao Dien,landmark,HeroCityHcmc,HeroCityHcmcPlaceThaoDien,native-ios/Resources/Assets.xcassets/HeroCityHcmc.imageset/hero-city-hcmc.png,,853 x 1844,,853 x 1844,>= 1600 x 2400 preferred,PhraseListingView HeroMastheadImage,"center 50%, upper 25-35%; landmark silhouette must be recognizable",Recognizable subject must survive the top 276pt masthead crop; keep the key visual in the upper third and center 70% width.,city_place_requires_unique_realistic_hero,"Generate owned/licensed hero, crop to repo target, wire heroImageName through source/resources/SQLite, and capture simulator proof.","Create a super-realistic app-owned hero photo for a Vietnamese travel phrasebook, matching the premium real-life menu-item hero image quality. No readable text, no logos, no watermarks, no faces as the subject. Keep the main landmark/object recognizable inside the upper third because the iOS masthead crops a shallow horizontal band. Show Thảo Điền / Thao Dien with the real visual cue a first-time traveler would recognize. Specific subject guidance: Leafy Thao Dien cafe street with villas and scooters, realistic photo.","no readable text, no watermark, no logos, no fake signs, no unrelated Ha Long Bay/karst imagery for city-specific pages, no people as the main subject",Simulator screenshot plus phone spot-check before DONE,shared or legacy fallback; replace with unique app-owned generated realistic asset,docs/editorial-exports/viet-image-assets/hero-image-production-001/generated_hero_assets.json,Generate a unique realistic menu-quality image for this exact city noun; do not reuse the city masthead or another place image.
P0,NEEDS_UNIQUE_REALISTIC_ASSET,viet-family-city-hanoi-place-turtle-tower,Tháp Rùa / Turtle Tower,landmark,HeroCityHanoi,HeroCityHanoiPlaceTurtleTower,native-ios/Resources/Assets.xcassets/HeroCityHanoi.imageset/hero-city-hanoi.png,,853 x 1844,,853 x 1844,>= 1600 x 2400 preferred,PhraseListingView HeroMastheadImage,"center 50%, upper 25-35%; landmark silhouette must be recognizable",Recognizable subject must survive the top 276pt masthead crop; keep the key visual in the upper third and center 70% width.,city_place_requires_unique_realistic_hero,"Generate owned/licensed hero, crop to repo target, wire heroImageName through source/resources/SQLite, and capture simulator proof.","Create a super-realistic app-owned hero photo for a Vietnamese travel phrasebook, matching the premium real-life menu-item hero image quality. No readable text, no logos, no watermarks, no faces as the subject. Keep the main landmark/object recognizable inside the upper third because the iOS masthead crops a shallow horizontal band. Show Tháp Rùa / Turtle Tower with the real visual cue a first-time traveler would recognize. Specific subject guidance: Turtle Tower on Hoan Kiem Lake at sunset, water reflections, photorealistic.","no readable text, no watermark, no logos, no fake signs, no unrelated Ha Long Bay/karst imagery for city-specific pages, no people as the main subject",Simulator screenshot plus phone spot-check before DONE,shared or legacy fallback; replace with unique app-owned generated realistic asset,docs/editorial-exports/viet-image-assets/hero-image-production-001/generated_hero_assets.json,Generate a unique realistic menu-quality image for this exact city noun; do not reuse the city masthead or another place image.
P0,NEEDS_UNIQUE_REALISTIC_ASSET,viet-family-city-hue-place-the-mieu-temple,Thế Miếu / The Mieu Temple,landmark,HeroCityHue,HeroCityHuePlaceTheMieuTemple,native-ios/Resources/Assets.xcassets/HeroCityHue.imageset/hero-city-hue.png,,853 x 1844,,853 x 1844,>= 1600 x 2400 preferred,PhraseListingView HeroMastheadImage,"center 50%, upper 25-35%; landmark silhouette must be recognizable",Recognizable subject must survive the top 276pt masthead crop; keep the key visual in the upper third and center 70% width.,city_place_requires_unique_realistic_hero,"Generate owned/licensed hero, crop to repo target, wire heroImageName through source/resources/SQLite, and capture simulator proof.","Create a super-realistic app-owned hero photo for a Vietnamese travel phrasebook, matching the premium real-life menu-item hero image quality. No readable text, no logos, no watermarks, no faces as the subject. Keep the main landmark/object recognizable inside the upper third because the iOS masthead crops a shallow horizontal band. Show Thế Miếu / The Mieu Temple with the real visual cue a first-time traveler would recognize. Specific subject guidance: Photorealistic temple courtyard with red lacquer, tiled roofs, and bronze urns nearby.","no readable text, no watermark, no logos, no fake signs, no unrelated Ha Long Bay/karst imagery for city-specific pages, no people as the main subject",Simulator screenshot plus phone spot-check before DONE,shared or legacy fallback; replace with unique app-owned generated realistic asset,docs/editorial-exports/viet-image-assets/hero-image-production-001/generated_hero_assets.json,Generate a unique realistic menu-quality image for this exact city noun; do not reuse the city masthead or another place image.
P0,NEEDS_UNIQUE_REALISTIC_ASSET,viet-family-city-hcmc-place-bitexco-tower,Tòa nhà Bitexco / Bitexco Financial Tower,landmark,HeroCityHcmc,HeroCityHcmcPlaceBitexcoTower,native-ios/Resources/Assets.xcassets/HeroCityHcmc.imageset/hero-city-hcmc.png,,853 x 1844,,853 x 1844,>= 1600 x 2400 preferred,PhraseListingView HeroMastheadImage,"center 50%, upper 25-35%; landmark silhouette must be recognizable",Recognizable subject must survive the top 276pt masthead crop; keep the key visual in the upper third and center 70% width.,city_place_requires_unique_realistic_hero,"Generate owned/licensed hero, crop to repo target, wire heroImageName through source/resources/SQLite, and capture simulator proof.","Create a super-realistic app-owned hero photo for a Vietnamese travel phrasebook, matching the premium real-life menu-item hero image quality. No readable text, no logos, no watermarks, no faces as the subject. Keep the main landmark/object recognizable inside the upper third because the iOS masthead crops a shallow horizontal band. Show Tòa nhà Bitexco / Bitexco Financial Tower with the real visual cue a first-time traveler would recognize. Specific subject guidance: Bitexco tower rising over District 1 streets, scooters below, photorealistic.","no readable text, no watermark, no logos, no fake signs, no unrelated Ha Long Bay/karst imagery for city-specific pages, no people as the main subject",Simulator screenshot plus phone spot-check before DONE,shared or legacy fallback; replace with unique app-owned generated realistic asset,docs/editorial-exports/viet-image-assets/hero-image-production-001/generated_hero_assets.json,Generate a unique realistic menu-quality image for this exact city noun; do not reuse the city masthead or another place image.
P0,NEEDS_UNIQUE_REALISTIC_ASSET,viet-family-city-hanoi-place-trang-tien-plaza,Tràng Tiền Plaza / Trang Tien Plaza,landmark,HeroCityHanoi,HeroCityHanoiPlaceTrangTienPlaza,native-ios/Resources/Assets.xcassets/HeroCityHanoi.imageset/hero-city-hanoi.png,,853 x 1844,,853 x 1844,>= 1600 x 2400 preferred,PhraseListingView HeroMastheadImage,"center 50%, upper 25-35%; landmark silhouette must be recognizable",Recognizable subject must survive the top 276pt masthead crop; keep the key visual in the upper third and center 70% width.,city_place_requires_unique_realistic_hero,"Generate owned/licensed hero, crop to repo target, wire heroImageName through source/resources/SQLite, and capture simulator proof.","Create a super-realistic app-owned hero photo for a Vietnamese travel phrasebook, matching the premium real-life menu-item hero image quality. No readable text, no logos, no watermarks, no faces as the subject. Keep the main landmark/object recognizable inside the upper third because the iOS masthead crops a shallow horizontal band. Show Tràng Tiền Plaza / Trang Tien Plaza with the real visual cue a first-time traveler would recognize. Specific subject guidance: Trang Tien Plaza corner facade, scooters, elegant colonial-style building, realistic photo.","no readable text, no watermark, no logos, no fake signs, no unrelated Ha Long Bay/karst imagery for city-specific pages, no people as the main subject",Simulator screenshot plus phone spot-check before DONE,shared or legacy fallback; replace with unique app-owned generated realistic asset,docs/editorial-exports/viet-image-assets/hero-image-production-001/generated_hero_assets.json,Generate a unique realistic menu-quality image for this exact city noun; do not reuse the city masthead or another place image.
P0,NEEDS_UNIQUE_REALISTIC_ASSET,viet-family-city-hcmc-place-city-hall,Trụ sở UBND Thành phố / Ho Chi Minh City Hall,landmark,HeroCityHcmc,HeroCityHcmcPlaceCityHall,native-ios/Resources/Assets.xcassets/HeroCityHcmc.imageset/hero-city-hcmc.png,,853 x 1844,,853 x 1844,>= 1600 x 2400 preferred,PhraseListingView HeroMastheadImage,"center 50%, upper 25-35%; landmark silhouette must be recognizable",Recognizable subject must survive the top 276pt masthead crop; keep the key visual in the upper third and center 70% width.,city_place_requires_unique_realistic_hero,"Generate owned/licensed hero, crop to repo target, wire heroImageName through source/resources/SQLite, and capture simulator proof.","Create a super-realistic app-owned hero photo for a Vietnamese travel phrasebook, matching the premium real-life menu-item hero image quality. No readable text, no logos, no watermarks, no faces as the subject. Keep the main landmark/object recognizable inside the upper third because the iOS masthead crops a shallow horizontal band. Show Trụ sở UBND Thành phố / Ho Chi Minh City Hall with the real visual cue a first-time traveler would recognize. Specific subject guidance: Ho Chi Minh City Hall facade at night from Nguyen Hue, realistic photo.","no readable text, no watermark, no logos, no fake signs, no unrelated Ha Long Bay/karst imagery for city-specific pages, no people as the main subject",Simulator screenshot plus phone spot-check before DONE,shared or legacy fallback; replace with unique app-owned generated realistic asset,docs/editorial-exports/viet-image-assets/hero-image-production-001/generated_hero_assets.json,Generate a unique realistic menu-quality image for this exact city noun; do not reuse the city masthead or another place image.
P0,NEEDS_UNIQUE_REALISTIC_ASSET,viet-family-city-hue-place-diem-phung-thi-art-center,Trung tâm Nghệ thuật Điềm Phùng Thị / Diem Phung Thi Art Center,landmark,HeroCityHue,HeroCityHuePlaceDiemPhungThiArtCenter,native-ios/Resources/Assets.xcassets/HeroCityHue.imageset/hero-city-hue.png,,853 x 1844,,853 x 1844,>= 1600 x 2400 preferred,PhraseListingView HeroMastheadImage,"center 50%, upper 25-35%; landmark silhouette must be recognizable",Recognizable subject must survive the top 276pt masthead crop; keep the key visual in the upper third and center 70% width.,city_place_requires_unique_realistic_hero,"Generate owned/licensed hero, crop to repo target, wire heroImageName through source/resources/SQLite, and capture simulator proof.","Create a super-realistic app-owned hero photo for a Vietnamese travel phrasebook, matching the premium real-life menu-item hero image quality. No readable text, no logos, no watermarks, no faces as the subject. Keep the main landmark/object recognizable inside the upper third because the iOS masthead crops a shallow horizontal band. Show Trung tâm Nghệ thuật Điềm Phùng Thị / Diem Phung Thi Art Center with the real visual cue a first-time traveler would recognize. Specific subject guidance: Photorealistic quiet sculpture/art gallery interior with white walls and warm Hue daylight.","no readable text, no watermark, no logos, no fake signs, no unrelated Ha Long Bay/karst imagery for city-specific pages, no people as the main subject",Simulator screenshot plus phone spot-check before DONE,shared or legacy fallback; replace with unique app-owned generated realistic asset,docs/editorial-exports/viet-image-assets/hero-image-production-001/generated_hero_assets.json,Generate a unique realistic menu-quality image for this exact city noun; do not reuse the city masthead or another place image.
P0,NEEDS_UNIQUE_REALISTIC_ASSET,viet-family-city-hue-place-le-ba-dang-art-center,Trung tâm Nghệ thuật Lê Bá Đảng / Le Ba Dang Art Center,landmark,HeroCityHue,HeroCityHuePlaceLeBaDangArtCenter,native-ios/Resources/Assets.xcassets/HeroCityHue.imageset/hero-city-hue.png,,853 x 1844,,853 x 1844,>= 1600 x 2400 preferred,PhraseListingView HeroMastheadImage,"center 50%, upper 25-35%; landmark silhouette must be recognizable",Recognizable subject must survive the top 276pt masthead crop; keep the key visual in the upper third and center 70% width.,city_place_requires_unique_realistic_hero,"Generate owned/licensed hero, crop to repo target, wire heroImageName through source/resources/SQLite, and capture simulator proof.","Create a super-realistic app-owned hero photo for a Vietnamese travel phrasebook, matching the premium real-life menu-item hero image quality. No readable text, no logos, no watermarks, no faces as the subject. Keep the main landmark/object recognizable inside the upper third because the iOS masthead crops a shallow horizontal band. Show Trung tâm Nghệ thuật Lê Bá Đảng / Le Ba Dang Art Center with the real visual cue a first-time traveler would recognize. Specific subject guidance: Photorealistic small art museum entrance with posters, Hue street trees, and gallery light.","no readable text, no watermark, no logos, no fake signs, no unrelated Ha Long Bay/karst imagery for city-specific pages, no people as the main subject",Simulator screenshot plus phone spot-check before DONE,shared or legacy fallback; replace with unique app-owned generated realistic asset,docs/editorial-exports/viet-image-assets/hero-image-production-001/generated_hero_assets.json,Generate a unique realistic menu-quality image for this exact city noun; do not reuse the city masthead or another place image.
P0,NEEDS_UNIQUE_REALISTIC_ASSET,viet-family-city-hue-place-truong-tien-plaza,Trung tâm thương mại Trường Tiền / Trang Tien Plaza Hue,landmark,HeroCityHue,HeroCityHuePlaceTruongTienPlaza,native-ios/Resources/Assets.xcassets/HeroCityHue.imageset/hero-city-hue.png,,853 x 1844,,853 x 1844,>= 1600 x 2400 preferred,PhraseListingView HeroMastheadImage,"center 50%, upper 25-35%; landmark silhouette must be recognizable",Recognizable subject must survive the top 276pt masthead crop; keep the key visual in the upper third and center 70% width.,city_place_requires_unique_realistic_hero,"Generate owned/licensed hero, crop to repo target, wire heroImageName through source/resources/SQLite, and capture simulator proof.","Create a super-realistic app-owned hero photo for a Vietnamese travel phrasebook, matching the premium real-life menu-item hero image quality. No readable text, no logos, no watermarks, no faces as the subject. Keep the main landmark/object recognizable inside the upper third because the iOS masthead crops a shallow horizontal band. Show Trung tâm thương mại Trường Tiền / Trang Tien Plaza Hue with the real visual cue a first-time traveler would recognize. Specific subject guidance: Photorealistic modern shopping-center facade near a Hue street, subdued signage, scooters outside.","no readable text, no watermark, no logos, no fake signs, no unrelated Ha Long Bay/karst imagery for city-specific pages, no people as the main subject",Simulator screenshot plus phone spot-check before DONE,shared or legacy fallback; replace with unique app-owned generated realistic asset,docs/editorial-exports/viet-image-assets/hero-image-production-001/generated_hero_assets.json,Generate a unique realistic menu-quality image for this exact city noun; do not reuse the city masthead or another place image.
P0,NEEDS_UNIQUE_REALISTIC_ASSET,viet-family-city-hue-place-forbidden-purple-city,Tử Cấm Thành / Forbidden Purple City,landmark,HeroCityHue,HeroCityHuePlaceForbiddenPurpleCity,native-ios/Resources/Assets.xcassets/HeroCityHue.imageset/hero-city-hue.png,,853 x 1844,,853 x 1844,>= 1600 x 2400 preferred,PhraseListingView HeroMastheadImage,"center 50%, upper 25-35%; landmark silhouette must be recognizable",Recognizable subject must survive the top 276pt masthead crop; keep the key visual in the upper third and center 70% width.,city_place_requires_unique_realistic_hero,"Generate owned/licensed hero, crop to repo target, wire heroImageName through source/resources/SQLite, and capture simulator proof.","Create a super-realistic app-owned hero photo for a Vietnamese travel phrasebook, matching the premium real-life menu-item hero image quality. No readable text, no logos, no watermarks, no faces as the subject. Keep the main landmark/object recognizable inside the upper third because the iOS masthead crops a shallow horizontal band. Show Tử Cấm Thành / Forbidden Purple City with the real visual cue a first-time traveler would recognize. Specific subject guidance: Photorealistic palace ruins and restored corridors inside the Citadel, quiet garden atmosphere.","no readable text, no watermark, no logos, no fake signs, no unrelated Ha Long Bay/karst imagery for city-specific pages, no people as the main subject",Simulator screenshot plus phone spot-check before DONE,shared or legacy fallback; replace with unique app-owned generated realistic asset,docs/editorial-exports/viet-image-assets/hero-image-production-001/generated_hero_assets.json,Generate a unique realistic menu-quality image for this exact city noun; do not reuse the city masthead or another place image.
P0,NEEDS_UNIQUE_REALISTIC_ASSET,viet-family-city-danang-place-dragon-carp-statue,Tượng Cá Chép Hóa Rồng / Dragon Carp Statue,landmark,HeroCityDanang,HeroCityDanangPlaceDragonCarpStatue,native-ios/Resources/Assets.xcassets/HeroCityDanang.imageset/hero-city-danang.png,,853 x 1844,,853 x 1844,>= 1600 x 2400 preferred,PhraseListingView HeroMastheadImage,"center 50%, upper 25-35%; landmark silhouette must be recognizable",Recognizable subject must survive the top 276pt masthead crop; keep the key visual in the upper third and center 70% width.,city_place_requires_unique_realistic_hero,"Generate owned/licensed hero, crop to repo target, wire heroImageName through source/resources/SQLite, and capture simulator proof.","Create a super-realistic app-owned hero photo for a Vietnamese travel phrasebook, matching the premium real-life menu-item hero image quality. No readable text, no logos, no watermarks, no faces as the subject. Keep the main landmark/object recognizable inside the upper third because the iOS masthead crops a shallow horizontal band. Show Tượng Cá Chép Hóa Rồng / Dragon Carp Statue with the real visual cue a first-time traveler would recognize. Specific subject guidance: Photorealistic owned asset: dragon-carp statue fountain by Han River with bridge lights behind, evening, no crowds.","no readable text, no watermark, no logos, no fake signs, no unrelated Ha Long Bay/karst imagery for city-specific pages, no people as the main subject",Simulator screenshot plus phone spot-check before DONE,shared or legacy fallback; replace with unique app-owned generated realistic asset,docs/editorial-exports/viet-image-assets/hero-image-production-001/generated_hero_assets.json,Generate a unique realistic menu-quality image for this exact city noun; do not reuse the city masthead or another place image.
P0,NEEDS_UNIQUE_REALISTIC_ASSET,viet-family-city-danang-place-lady-buddha,Tượng Phật Bà / Lady Buddha,landmark,HeroCityDanang,HeroCityDanangPlaceLadyBuddha,native-ios/Resources/Assets.xcassets/HeroCityDanang.imageset/hero-city-danang.png,,853 x 1844,,853 x 1844,>= 1600 x 2400 preferred,PhraseListingView HeroMastheadImage,"center 50%, upper 25-35%; landmark silhouette must be recognizable",Recognizable subject must survive the top 276pt masthead crop; keep the key visual in the upper third and center 70% width.,city_place_requires_unique_realistic_hero,"Generate owned/licensed hero, crop to repo target, wire heroImageName through source/resources/SQLite, and capture simulator proof.","Create a super-realistic app-owned hero photo for a Vietnamese travel phrasebook, matching the premium real-life menu-item hero image quality. No readable text, no logos, no watermarks, no faces as the subject. Keep the main landmark/object recognizable inside the upper third because the iOS masthead crops a shallow horizontal band. Show Tượng Phật Bà / Lady Buddha with the real visual cue a first-time traveler would recognize. Specific subject guidance: Photorealistic owned asset: towering white Buddha statue above coastal trees, wide respectful framing, sunrise haze.","no readable text, no watermark, no logos, no fake signs, no unrelated Ha Long Bay/karst imagery for city-specific pages, no people as the main subject",Simulator screenshot plus phone spot-check before DONE,shared or legacy fallback; replace with unique app-owned generated realistic asset,docs/editorial-exports/viet-image-assets/hero-image-production-001/generated_hero_assets.json,Generate a unique realistic menu-quality image for this exact city noun; do not reuse the city masthead or another place image.
P0,NEEDS_UNIQUE_REALISTIC_ASSET,viet-family-city-hanoi-place-temple-literature,Văn Miếu / Temple of Literature,landmark,HeroCityHanoi,HeroCityHanoiPlaceTempleLiterature,native-ios/Resources/Assets.xcassets/HeroCityHanoi.imageset/hero-city-hanoi.png,,853 x 1844,,853 x 1844,>= 1600 x 2400 preferred,PhraseListingView HeroMastheadImage,"center 50%, upper 25-35%; landmark silhouette must be recognizable",Recognizable subject must survive the top 276pt masthead crop; keep the key visual in the upper third and center 70% width.,city_place_requires_unique_realistic_hero,"Generate owned/licensed hero, crop to repo target, wire heroImageName through source/resources/SQLite, and capture simulator proof.","Create a super-realistic app-owned hero photo for a Vietnamese travel phrasebook, matching the premium real-life menu-item hero image quality. No readable text, no logos, no watermarks, no faces as the subject. Keep the main landmark/object recognizable inside the upper third because the iOS masthead crops a shallow horizontal band. Show Văn Miếu / Temple of Literature with the real visual cue a first-time traveler would recognize. Specific subject guidance: Courtyard of Temple of Literature, stone steles, red wooden architecture, realistic photo.","no readable text, no watermark, no logos, no fake signs, no unrelated Ha Long Bay/karst imagery for city-specific pages, no people as the main subject",Simulator screenshot plus phone spot-check before DONE,shared or legacy fallback; replace with unique app-owned generated realistic asset,docs/editorial-exports/viet-image-assets/hero-image-production-001/generated_hero_assets.json,Generate a unique realistic menu-quality image for this exact city noun; do not reuse the city masthead or another place image.
P0,NEEDS_UNIQUE_REALISTIC_ASSET,viet-family-city-hanoi-place-vietnam-art-gallery,Vietnam Art Gallery / Vietnam Art Gallery,landmark,HeroCityHanoi,HeroCityHanoiPlaceVietnamArtGallery,native-ios/Resources/Assets.xcassets/HeroCityHanoi.imageset/hero-city-hanoi.png,,853 x 1844,,853 x 1844,>= 1600 x 2400 preferred,PhraseListingView HeroMastheadImage,"center 50%, upper 25-35%; landmark silhouette must be recognizable",Recognizable subject must survive the top 276pt masthead crop; keep the key visual in the upper third and center 70% width.,city_place_requires_unique_realistic_hero,"Generate owned/licensed hero, crop to repo target, wire heroImageName through source/resources/SQLite, and capture simulator proof.","Create a super-realistic app-owned hero photo for a Vietnamese travel phrasebook, matching the premium real-life menu-item hero image quality. No readable text, no logos, no watermarks, no faces as the subject. Keep the main landmark/object recognizable inside the upper third because the iOS masthead crops a shallow horizontal band. Show Vietnam Art Gallery / Vietnam Art Gallery with the real visual cue a first-time traveler would recognize. Specific subject guidance: Modern Vietnamese gallery interior, lacquer paintings, soft white walls, realistic photo.","no readable text, no watermark, no logos, no fake signs, no unrelated Ha Long Bay/karst imagery for city-specific pages, no people as the main subject",Simulator screenshot plus phone spot-check before DONE,shared or legacy fallback; replace with unique app-owned generated realistic asset,docs/editorial-exports/viet-image-assets/hero-image-production-001/generated_hero_assets.json,Generate a unique realistic menu-quality image for this exact city noun; do not reuse the city masthead or another place image.
P0,NEEDS_UNIQUE_REALISTIC_ASSET,viet-family-city-hcmc-place-vincom-dong-khoi,Vincom Đồng Khởi / Vincom Center Dong Khoi,landmark,HeroCityHcmc,HeroCityHcmcPlaceVincomDongKhoi,native-ios/Resources/Assets.xcassets/HeroCityHcmc.imageset/hero-city-hcmc.png,,853 x 1844,,853 x 1844,>= 1600 x 2400 preferred,PhraseListingView HeroMastheadImage,"center 50%, upper 25-35%; landmark silhouette must be recognizable",Recognizable subject must survive the top 276pt masthead crop; keep the key visual in the upper third and center 70% width.,city_place_requires_unique_realistic_hero,"Generate owned/licensed hero, crop to repo target, wire heroImageName through source/resources/SQLite, and capture simulator proof.","Create a super-realistic app-owned hero photo for a Vietnamese travel phrasebook, matching the premium real-life menu-item hero image quality. No readable text, no logos, no watermarks, no faces as the subject. Keep the main landmark/object recognizable inside the upper third because the iOS masthead crops a shallow horizontal band. Show Vincom Đồng Khởi / Vincom Center Dong Khoi with the real visual cue a first-time traveler would recognize. Specific subject guidance: Underground mall entrance on Dong Khoi with city traffic, realistic photo.","no readable text, no watermark, no logos, no fake signs, no unrelated Ha Long Bay/karst imagery for city-specific pages, no people as the main subject",Simulator screenshot plus phone spot-check before DONE,shared or legacy fallback; replace with unique app-owned generated realistic asset,docs/editorial-exports/viet-image-assets/hero-image-production-001/generated_hero_assets.json,Generate a unique realistic menu-quality image for this exact city noun; do not reuse the city masthead or another place image.
P0,NEEDS_UNIQUE_REALISTIC_ASSET,viet-family-city-danang-place-vincom-plaza,Vincom Plaza Đà Nẵng / Vincom Plaza Da Nang,landmark,HeroCityDanang,HeroCityDanangPlaceVincomPlaza,native-ios/Resources/Assets.xcassets/HeroCityDanang.imageset/hero-city-danang.png,,853 x 1844,,853 x 1844,>= 1600 x 2400 preferred,PhraseListingView HeroMastheadImage,"center 50%, upper 25-35%; landmark silhouette must be recognizable",Recognizable subject must survive the top 276pt masthead crop; keep the key visual in the upper third and center 70% width.,city_place_requires_unique_realistic_hero,"Generate owned/licensed hero, crop to repo target, wire heroImageName through source/resources/SQLite, and capture simulator proof.","Create a super-realistic app-owned hero photo for a Vietnamese travel phrasebook, matching the premium real-life menu-item hero image quality. No readable text, no logos, no watermarks, no faces as the subject. Keep the main landmark/object recognizable inside the upper third because the iOS masthead crops a shallow horizontal band. Show Vincom Plaza Đà Nẵng / Vincom Plaza Da Nang with the real visual cue a first-time traveler would recognize. Specific subject guidance: Photorealistic owned asset: modern mall exterior from across the street, logos replaced with neutral signage, cloudy daylight.","no readable text, no watermark, no logos, no fake signs, no unrelated Ha Long Bay/karst imagery for city-specific pages, no people as the main subject",Simulator screenshot plus phone spot-check before DONE,shared or legacy fallback; replace with unique app-owned generated realistic asset,docs/editorial-exports/viet-image-assets/hero-image-production-001/generated_hero_assets.json,Generate a unique realistic menu-quality image for this exact city noun; do not reuse the city masthead or another place image.
P0,NEEDS_UNIQUE_REALISTIC_ASSET,viet-family-city-hanoi-place-botanical-garden,Vườn Bách Thảo Hà Nội / Hanoi Botanical Garden,landmark,HeroCityHanoi,HeroCityHanoiPlaceBotanicalGarden,native-ios/Resources/Assets.xcassets/HeroCityHanoi.imageset/hero-city-hanoi.png,,853 x 1844,,853 x 1844,>= 1600 x 2400 preferred,PhraseListingView HeroMastheadImage,"center 50%, upper 25-35%; landmark silhouette must be recognizable",Recognizable subject must survive the top 276pt masthead crop; keep the key visual in the upper third and center 70% width.,city_place_requires_unique_realistic_hero,"Generate owned/licensed hero, crop to repo target, wire heroImageName through source/resources/SQLite, and capture simulator proof.","Create a super-realistic app-owned hero photo for a Vietnamese travel phrasebook, matching the premium real-life menu-item hero image quality. No readable text, no logos, no watermarks, no faces as the subject. Keep the main landmark/object recognizable inside the upper third because the iOS masthead crops a shallow horizontal band. Show Vườn Bách Thảo Hà Nội / Hanoi Botanical Garden with the real visual cue a first-time traveler would recognize. Specific subject guidance: Shaded botanical garden path in Hanoi with palms and benches, realistic photo.","no readable text, no watermark, no logos, no fake signs, no unrelated Ha Long Bay/karst imagery for city-specific pages, no people as the main subject",Simulator screenshot plus phone spot-check before DONE,shared or legacy fallback; replace with unique app-owned generated realistic asset,docs/editorial-exports/viet-image-assets/hero-image-production-001/generated_hero_assets.json,Generate a unique realistic menu-quality image for this exact city noun; do not reuse the city masthead or another place image.
P0,NEEDS_UNIQUE_REALISTIC_ASSET,viet-family-city-hue-place-bach-ma-national-park,Vườn quốc gia Bạch Mã / Bach Ma National Park,landmark,HeroCityHue,HeroCityHuePlaceBachMaNationalPark,native-ios/Resources/Assets.xcassets/HeroCityHue.imageset/hero-city-hue.png,,853 x 1844,,853 x 1844,>= 1600 x 2400 preferred,PhraseListingView HeroMastheadImage,"center 50%, upper 25-35%; landmark silhouette must be recognizable",Recognizable subject must survive the top 276pt masthead crop; keep the key visual in the upper third and center 70% width.,city_place_requires_unique_realistic_hero,"Generate owned/licensed hero, crop to repo target, wire heroImageName through source/resources/SQLite, and capture simulator proof.","Create a super-realistic app-owned hero photo for a Vietnamese travel phrasebook, matching the premium real-life menu-item hero image quality. No readable text, no logos, no watermarks, no faces as the subject. Keep the main landmark/object recognizable inside the upper third because the iOS masthead crops a shallow horizontal band. Show Vườn quốc gia Bạch Mã / Bach Ma National Park with the real visual cue a first-time traveler would recognize. Specific subject guidance: Photorealistic misty mountain forest trail with waterfall spray and lush central Vietnam greenery.","no readable text, no watermark, no logos, no fake signs, no unrelated Ha Long Bay/karst imagery for city-specific pages, no people as the main subject",Simulator screenshot plus phone spot-check before DONE,shared or legacy fallback; replace with unique app-owned generated realistic asset,docs/editorial-exports/viet-image-assets/hero-image-production-001/generated_hero_assets.json,Generate a unique realistic menu-quality image for this exact city noun; do not reuse the city masthead or another place image.
P0,NEEDS_UNIQUE_REALISTIC_ASSET,viet-family-city-hue-place-vy-da,Vỹ Dạ / Vy Da,landmark,HeroCityHue,HeroCityHuePlaceVyDa,native-ios/Resources/Assets.xcassets/HeroCityHue.imageset/hero-city-hue.png,,853 x 1844,,853 x 1844,>= 1600 x 2400 preferred,PhraseListingView HeroMastheadImage,"center 50%, upper 25-35%; landmark silhouette must be recognizable",Recognizable subject must survive the top 276pt masthead crop; keep the key visual in the upper third and center 70% width.,city_place_requires_unique_realistic_hero,"Generate owned/licensed hero, crop to repo target, wire heroImageName through source/resources/SQLite, and capture simulator proof.","Create a super-realistic app-owned hero photo for a Vietnamese travel phrasebook, matching the premium real-life menu-item hero image quality. No readable text, no logos, no watermarks, no faces as the subject. Keep the main landmark/object recognizable inside the upper third because the iOS masthead crops a shallow horizontal band. Show Vỹ Dạ / Vy Da with the real visual cue a first-time traveler would recognize. Specific subject guidance: Photorealistic quiet Hue neighborhood lane with river-adjacent houses and market basket detail.","no readable text, no watermark, no logos, no fake signs, no unrelated Ha Long Bay/karst imagery for city-specific pages, no people as the main subject",Simulator screenshot plus phone spot-check before DONE,shared or legacy fallback; replace with unique app-owned generated realistic asset,docs/editorial-exports/viet-image-assets/hero-image-production-001/generated_hero_assets.json,Generate a unique realistic menu-quality image for this exact city noun; do not reuse the city masthead or another place image.
P0,NEEDS_UNIQUE_REALISTIC_ASSET,viet-family-city-hoian-place-handicraft-workshop,Xưởng thủ công mỹ nghệ Hội An / Hoi An Handicraft Workshop,landmark,HeroCityHoian,HeroCityHoianPlaceHandicraftWorkshop,native-ios/Resources/Assets.xcassets/HeroCityHoian.imageset/hero-city-hoian.png,,853 x 1844,,853 x 1844,>= 1600 x 2400 preferred,PhraseListingView HeroMastheadImage,"center 50%, upper 25-35%; landmark silhouette must be recognizable",Recognizable subject must survive the top 276pt masthead crop; keep the key visual in the upper third and center 70% width.,city_place_requires_unique_realistic_hero,"Generate owned/licensed hero, crop to repo target, wire heroImageName through source/resources/SQLite, and capture simulator proof.","Create a super-realistic app-owned hero photo for a Vietnamese travel phrasebook, matching the premium real-life menu-item hero image quality. No readable text, no logos, no watermarks, no faces as the subject. Keep the main landmark/object recognizable inside the upper third because the iOS masthead crops a shallow horizontal band. Show Xưởng thủ công mỹ nghệ Hội An / Hoi An Handicraft Workshop with the real visual cue a first-time traveler would recognize. Specific subject guidance: Photorealistic owned asset: lantern and textile workshop table with tools and warm light, no brand marks.","no readable text, no watermark, no logos, no fake signs, no unrelated Ha Long Bay/karst imagery for city-specific pages, no people as the main subject",Simulator screenshot plus phone spot-check before DONE,shared or legacy fallback; replace with unique app-owned generated realistic asset,docs/editorial-exports/viet-image-assets/hero-image-production-001/generated_hero_assets.json,Generate a unique realistic menu-quality image for this exact city noun; do not reuse the city masthead or another place image.
P0,NEEDS_UNIQUE_REALISTIC_ASSET,viet-family-city-hoian-place-yaly-couture,Yaly Couture / Yaly Couture,landmark,HeroCityHoian,HeroCityHoianPlaceYalyCouture,native-ios/Resources/Assets.xcassets/HeroCityHoian.imageset/hero-city-hoian.png,,853 x 1844,,853 x 1844,>= 1600 x 2400 preferred,PhraseListingView HeroMastheadImage,"center 50%, upper 25-35%; landmark silhouette must be recognizable",Recognizable subject must survive the top 276pt masthead crop; keep the key visual in the upper third and center 70% width.,city_place_requires_unique_realistic_hero,"Generate owned/licensed hero, crop to repo target, wire heroImageName through source/resources/SQLite, and capture simulator proof.","Create a super-realistic app-owned hero photo for a Vietnamese travel phrasebook, matching the premium real-life menu-item hero image quality. No readable text, no logos, no watermarks, no faces as the subject. Keep the main landmark/object recognizable inside the upper third because the iOS masthead crops a shallow horizontal band. Show Yaly Couture / Yaly Couture with the real visual cue a first-time traveler would recognize. Specific subject guidance: Photorealistic owned asset: tailor atelier with fabrics, measuring tape, and warm old-town interior, no logo.","no readable text, no watermark, no logos, no fake signs, no unrelated Ha Long Bay/karst imagery for city-specific pages, no people as the main subject",Simulator screenshot plus phone spot-check before DONE,shared or legacy fallback; replace with unique app-owned generated realistic asset,docs/editorial-exports/viet-image-assets/hero-image-production-001/generated_hero_assets.json,Generate a unique realistic menu-quality image for this exact city noun; do not reuse the city masthead or another place image.
P0,NEEDS_UNIQUE_REALISTIC_ASSET,viet-family-city-danang-place-yen-retreat,Yên Retreat / Yen Retreat,landmark,HeroCityDanang,HeroCityDanangPlaceYenRetreat,native-ios/Resources/Assets.xcassets/HeroCityDanang.imageset/hero-city-danang.png,,853 x 1844,,853 x 1844,>= 1600 x 2400 preferred,PhraseListingView HeroMastheadImage,"center 50%, upper 25-35%; landmark silhouette must be recognizable",Recognizable subject must survive the top 276pt masthead crop; keep the key visual in the upper third and center 70% width.,city_place_requires_unique_realistic_hero,"Generate owned/licensed hero, crop to repo target, wire heroImageName through source/resources/SQLite, and capture simulator proof.","Create a super-realistic app-owned hero photo for a Vietnamese travel phrasebook, matching the premium real-life menu-item hero image quality. No readable text, no logos, no watermarks, no faces as the subject. Keep the main landmark/object recognizable inside the upper third because the iOS masthead crops a shallow horizontal band. Show Yên Retreat / Yen Retreat with the real visual cue a first-time traveler would recognize. Specific subject guidance: Photorealistic owned asset: quiet riverside lawn and simple tents under mountains, no logos, natural late afternoon.","no readable text, no watermark, no logos, no fake signs, no unrelated Ha Long Bay/karst imagery for city-specific pages, no people as the main subject",Simulator screenshot plus phone spot-check before DONE,shared or legacy fallback; replace with unique app-owned generated realistic asset,docs/editorial-exports/viet-image-assets/hero-image-production-001/generated_hero_assets.json,Generate a unique realistic menu-quality image for this exact city noun; do not reuse the city masthead or another place image.
P0,NEEDS_UNIQUE_REALISTIC_ASSET,viet-family-city-hcmc-place-street-food-evening,Ăn vặt Sài Gòn buổi tối / Saigon street-food evening,macroAttraction,HeroCityHcmc,HeroCityHcmcPlaceStreetFoodEvening,native-ios/Resources/Assets.xcassets/HeroCityHcmc.imageset/hero-city-hcmc.png,,853 x 1844,,853 x 1844,>= 1600 x 2400 preferred,PhraseListingView HeroMastheadImage,"center 50%, upper 25-35%; landmark silhouette must be recognizable",Recognizable subject must survive the top 276pt masthead crop; keep the key visual in the upper third and center 70% width.,city_place_requires_unique_realistic_hero,"Generate owned/licensed hero, crop to repo target, wire heroImageName through source/resources/SQLite, and capture simulator proof.","Create a super-realistic app-owned hero photo for a Vietnamese travel phrasebook, matching the premium real-life menu-item hero image quality. No readable text, no logos, no watermarks, no faces as the subject. Keep the main landmark/object recognizable inside the upper third because the iOS masthead crops a shallow horizontal band. Show Ăn vặt Sài Gòn buổi tối / Saigon street-food evening with the real visual cue a first-time traveler would recognize. Specific subject guidance: Night street-food table in Saigon with multiple dishes and scooters, realistic photo.","no readable text, no watermark, no logos, no fake signs, no unrelated Ha Long Bay/karst imagery for city-specific pages, no people as the main subject",Simulator screenshot plus phone spot-check before DONE,shared or legacy fallback; replace with unique app-owned generated realistic asset,docs/editorial-exports/viet-image-assets/hero-image-production-001/generated_hero_assets.json,Generate a unique realistic menu-quality image for this exact city noun; do not reuse the city masthead or another place image.
P0,NEEDS_UNIQUE_REALISTIC_ASSET,viet-family-city-hue-place-royal-court-music-show,Biểu diễn nhã nhạc cung đình / Royal court music show,macroAttraction,HeroCityHue,HeroCityHuePlaceRoyalCourtMusicShow,native-ios/Resources/Assets.xcassets/HeroCityHue.imageset/hero-city-hue.png,,853 x 1844,,853 x 1844,>= 1600 x 2400 preferred,PhraseListingView HeroMastheadImage,"center 50%, upper 25-35%; landmark silhouette must be recognizable",Recognizable subject must survive the top 276pt masthead crop; keep the key visual in the upper third and center 70% width.,city_place_requires_unique_realistic_hero,"Generate owned/licensed hero, crop to repo target, wire heroImageName through source/resources/SQLite, and capture simulator proof.","Create a super-realistic app-owned hero photo for a Vietnamese travel phrasebook, matching the premium real-life menu-item hero image quality. No readable text, no logos, no watermarks, no faces as the subject. Keep the main landmark/object recognizable inside the upper third because the iOS masthead crops a shallow horizontal band. Show Biểu diễn nhã nhạc cung đình / Royal court music show with the real visual cue a first-time traveler would recognize. Specific subject guidance: Photorealistic small royal court music performance with musicians, lacquer stage, and warm audience glow.","no readable text, no watermark, no logos, no fake signs, no unrelated Ha Long Bay/karst imagery for city-specific pages, no people as the main subject",Simulator screenshot plus phone spot-check before DONE,shared or legacy fallback; replace with unique app-owned generated realistic asset,docs/editorial-exports/viet-image-assets/hero-image-production-001/generated_hero_assets.json,Generate a unique realistic menu-quality image for this exact city noun; do not reuse the city masthead or another place image.
P0,NEEDS_UNIQUE_REALISTIC_ASSET,viet-family-city-danang-place-ba-na-cable-car,Cáp treo Bà Nà / Ba Na cable car,macroAttraction,HeroCityDanang,HeroCityDanangPlaceBaNaCableCar,native-ios/Resources/Assets.xcassets/HeroCityDanang.imageset/hero-city-danang.png,,853 x 1844,,853 x 1844,>= 1600 x 2400 preferred,PhraseListingView HeroMastheadImage,"center 50%, upper 25-35%; landmark silhouette must be recognizable",Recognizable subject must survive the top 276pt masthead crop; keep the key visual in the upper third and center 70% width.,city_place_requires_unique_realistic_hero,"Generate owned/licensed hero, crop to repo target, wire heroImageName through source/resources/SQLite, and capture simulator proof.","Create a super-realistic app-owned hero photo for a Vietnamese travel phrasebook, matching the premium real-life menu-item hero image quality. No readable text, no logos, no watermarks, no faces as the subject. Keep the main landmark/object recognizable inside the upper third because the iOS masthead crops a shallow horizontal band. Show Cáp treo Bà Nà / Ba Na cable car with the real visual cue a first-time traveler would recognize. Specific subject guidance: Photorealistic owned asset: cable car cabin over dense forest and mist, no visible brand marks.","no readable text, no watermark, no logos, no fake signs, no unrelated Ha Long Bay/karst imagery for city-specific pages, no people as the main subject",Simulator screenshot plus phone spot-check before DONE,shared or legacy fallback; replace with unique app-owned generated realistic asset,docs/editorial-exports/viet-image-assets/hero-image-production-001/generated_hero_assets.json,Generate a unique realistic menu-quality image for this exact city noun; do not reuse the city masthead or another place image.
P0,NEEDS_UNIQUE_REALISTIC_ASSET,viet-family-city-danang-place-hai-van-pass-ride,Chuyến đi đèo Hải Vân / Hai Van Pass ride,macroAttraction,HeroCityDanang,HeroCityDanangPlaceHaiVanPassRide,native-ios/Resources/Assets.xcassets/HeroCityDanang.imageset/hero-city-danang.png,,853 x 1844,,853 x 1844,>= 1600 x 2400 preferred,PhraseListingView HeroMastheadImage,"center 50%, upper 25-35%; landmark silhouette must be recognizable",Recognizable subject must survive the top 276pt masthead crop; keep the key visual in the upper third and center 70% width.,city_place_requires_unique_realistic_hero,"Generate owned/licensed hero, crop to repo target, wire heroImageName through source/resources/SQLite, and capture simulator proof.","Create a super-realistic app-owned hero photo for a Vietnamese travel phrasebook, matching the premium real-life menu-item hero image quality. No readable text, no logos, no watermarks, no faces as the subject. Keep the main landmark/object recognizable inside the upper third because the iOS masthead crops a shallow horizontal band. Show Chuyến đi đèo Hải Vân / Hai Van Pass ride with the real visual cue a first-time traveler would recognize. Specific subject guidance: Photorealistic owned asset: motorbike-free scenic pass road with guardrail and coastline, morning clouds.","no readable text, no watermark, no logos, no fake signs, no unrelated Ha Long Bay/karst imagery for city-specific pages, no people as the main subject",Simulator screenshot plus phone spot-check before DONE,shared or legacy fallback; replace with unique app-owned generated realistic asset,docs/editorial-exports/viet-image-assets/hero-image-production-001/generated_hero_assets.json,Generate a unique realistic menu-quality image for this exact city noun; do not reuse the city masthead or another place image.
P0,NEEDS_UNIQUE_REALISTIC_ASSET,viet-family-city-danang-place-son-tra-wildlife-drive,Chuyến đi Sơn Trà / Son Tra wildlife drive,macroAttraction,HeroCityDanang,HeroCityDanangPlaceSonTraWildlifeDrive,native-ios/Resources/Assets.xcassets/HeroCityDanang.imageset/hero-city-danang.png,,853 x 1844,,853 x 1844,>= 1600 x 2400 preferred,PhraseListingView HeroMastheadImage,"center 50%, upper 25-35%; landmark silhouette must be recognizable",Recognizable subject must survive the top 276pt masthead crop; keep the key visual in the upper third and center 70% width.,city_place_requires_unique_realistic_hero,"Generate owned/licensed hero, crop to repo target, wire heroImageName through source/resources/SQLite, and capture simulator proof.","Create a super-realistic app-owned hero photo for a Vietnamese travel phrasebook, matching the premium real-life menu-item hero image quality. No readable text, no logos, no watermarks, no faces as the subject. Keep the main landmark/object recognizable inside the upper third because the iOS masthead crops a shallow horizontal band. Show Chuyến đi Sơn Trà / Son Tra wildlife drive with the real visual cue a first-time traveler would recognize. Specific subject guidance: Photorealistic owned asset: winding forest road on Son Tra with distant sea, no animals, no staged tourists.","no readable text, no watermark, no logos, no fake signs, no unrelated Ha Long Bay/karst imagery for city-specific pages, no people as the main subject",Simulator screenshot plus phone spot-check before DONE,shared or legacy fallback; replace with unique app-owned generated realistic asset,docs/editorial-exports/viet-image-assets/hero-image-production-001/generated_hero_assets.json,Generate a unique realistic menu-quality image for this exact city noun; do not reuse the city masthead or another place image.
P0,NEEDS_UNIQUE_REALISTIC_ASSET,viet-family-city-hoian-place-countryside-bicycle-loop,Đạp xe vùng quê Hội An / Hoi An countryside bicycle loop,macroAttraction,HeroCityHoian,HeroCityHoianPlaceCountrysideBicycleLoop,native-ios/Resources/Assets.xcassets/HeroCityHoian.imageset/hero-city-hoian.png,,853 x 1844,,853 x 1844,>= 1600 x 2400 preferred,PhraseListingView HeroMastheadImage,"center 50%, upper 25-35%; landmark silhouette must be recognizable",Recognizable subject must survive the top 276pt masthead crop; keep the key visual in the upper third and center 70% width.,city_place_requires_unique_realistic_hero,"Generate owned/licensed hero, crop to repo target, wire heroImageName through source/resources/SQLite, and capture simulator proof.","Create a super-realistic app-owned hero photo for a Vietnamese travel phrasebook, matching the premium real-life menu-item hero image quality. No readable text, no logos, no watermarks, no faces as the subject. Keep the main landmark/object recognizable inside the upper third because the iOS masthead crops a shallow horizontal band. Show Đạp xe vùng quê Hội An / Hoi An countryside bicycle loop with the real visual cue a first-time traveler would recognize. Specific subject guidance: Photorealistic owned asset: bicycle path through rice fields and vegetable gardens, morning, no identifiable riders.","no readable text, no watermark, no logos, no fake signs, no unrelated Ha Long Bay/karst imagery for city-specific pages, no people as the main subject",Simulator screenshot plus phone spot-check before DONE,shared or legacy fallback; replace with unique app-owned generated realistic asset,docs/editorial-exports/viet-image-assets/hero-image-production-001/generated_hero_assets.json,Generate a unique realistic menu-quality image for this exact city noun; do not reuse the city masthead or another place image.
P0,NEEDS_UNIQUE_REALISTIC_ASSET,viet-family-city-hanoi-place-street-food-walk,Đi bộ ăn vặt Hà Nội / Hanoi street-food walk,macroAttraction,HeroCityHanoi,HeroCityHanoiPlaceStreetFoodWalk,native-ios/Resources/Assets.xcassets/HeroCityHanoi.imageset/hero-city-hanoi.png,,853 x 1844,,853 x 1844,>= 1600 x 2400 preferred,PhraseListingView HeroMastheadImage,"center 50%, upper 25-35%; landmark silhouette must be recognizable",Recognizable subject must survive the top 276pt masthead crop; keep the key visual in the upper third and center 70% width.,city_place_requires_unique_realistic_hero,"Generate owned/licensed hero, crop to repo target, wire heroImageName through source/resources/SQLite, and capture simulator proof.","Create a super-realistic app-owned hero photo for a Vietnamese travel phrasebook, matching the premium real-life menu-item hero image quality. No readable text, no logos, no watermarks, no faces as the subject. Keep the main landmark/object recognizable inside the upper third because the iOS masthead crops a shallow horizontal band. Show Đi bộ ăn vặt Hà Nội / Hanoi street-food walk with the real visual cue a first-time traveler would recognize. Specific subject guidance: Small Hanoi street-food table with multiple dishes and walking shoes nearby, realistic photo.","no readable text, no watermark, no logos, no fake signs, no unrelated Ha Long Bay/karst imagery for city-specific pages, no people as the main subject",Simulator screenshot plus phone spot-check before DONE,shared or legacy fallback; replace with unique app-owned generated realistic asset,docs/editorial-exports/viet-image-assets/hero-image-production-001/generated_hero_assets.json,Generate a unique realistic menu-quality image for this exact city noun; do not reuse the city masthead or another place image.
P0,NEEDS_UNIQUE_REALISTIC_ASSET,viet-family-city-hcmc-place-cho-lon-walking-route,Đi bộ Chợ Lớn / Cho Lon walking route,macroAttraction,HeroCityHcmc,HeroCityHcmcPlaceChoLonWalkingRoute,native-ios/Resources/Assets.xcassets/HeroCityHcmc.imageset/hero-city-hcmc.png,,853 x 1844,,853 x 1844,>= 1600 x 2400 preferred,PhraseListingView HeroMastheadImage,"center 50%, upper 25-35%; landmark silhouette must be recognizable",Recognizable subject must survive the top 276pt masthead crop; keep the key visual in the upper third and center 70% width.,city_place_requires_unique_realistic_hero,"Generate owned/licensed hero, crop to repo target, wire heroImageName through source/resources/SQLite, and capture simulator proof.","Create a super-realistic app-owned hero photo for a Vietnamese travel phrasebook, matching the premium real-life menu-item hero image quality. No readable text, no logos, no watermarks, no faces as the subject. Keep the main landmark/object recognizable inside the upper third because the iOS masthead crops a shallow horizontal band. Show Đi bộ Chợ Lớn / Cho Lon walking route with the real visual cue a first-time traveler would recognize. Specific subject guidance: Cho Lon walking scene with market bags, temple gate, Chinese-Vietnamese signs, realistic photo.","no readable text, no watermark, no logos, no fake signs, no unrelated Ha Long Bay/karst imagery for city-specific pages, no people as the main subject",Simulator screenshot plus phone spot-check before DONE,shared or legacy fallback; replace with unique app-owned generated realistic asset,docs/editorial-exports/viet-image-assets/hero-image-production-001/generated_hero_assets.json,Generate a unique realistic menu-quality image for this exact city noun; do not reuse the city masthead or another place image.
P0,NEEDS_UNIQUE_REALISTIC_ASSET,viet-family-city-hcmc-place-dong-khoi-landmark-walk,Đi bộ Đồng Khởi / Dong Khoi landmark walk,macroAttraction,HeroCityHcmc,HeroCityHcmcPlaceDongKhoiLandmarkWalk,native-ios/Resources/Assets.xcassets/HeroCityHcmc.imageset/hero-city-hcmc.png,,853 x 1844,,853 x 1844,>= 1600 x 2400 preferred,PhraseListingView HeroMastheadImage,"center 50%, upper 25-35%; landmark silhouette must be recognizable",Recognizable subject must survive the top 276pt masthead crop; keep the key visual in the upper third and center 70% width.,city_place_requires_unique_realistic_hero,"Generate owned/licensed hero, crop to repo target, wire heroImageName through source/resources/SQLite, and capture simulator proof.","Create a super-realistic app-owned hero photo for a Vietnamese travel phrasebook, matching the premium real-life menu-item hero image quality. No readable text, no logos, no watermarks, no faces as the subject. Keep the main landmark/object recognizable inside the upper third because the iOS masthead crops a shallow horizontal band. Show Đi bộ Đồng Khởi / Dong Khoi landmark walk with the real visual cue a first-time traveler would recognize. Specific subject guidance: Traveler walking along Dong Khoi past colonial landmarks, realistic photo.","no readable text, no watermark, no logos, no fake signs, no unrelated Ha Long Bay/karst imagery for city-specific pages, no people as the main subject",Simulator screenshot plus phone spot-check before DONE,shared or legacy fallback; replace with unique app-owned generated realistic asset,docs/editorial-exports/viet-image-assets/hero-image-production-001/generated_hero_assets.json,Generate a unique realistic menu-quality image for this exact city noun; do not reuse the city masthead or another place image.
P0,NEEDS_UNIQUE_REALISTIC_ASSET,viet-family-city-hanoi-place-french-quarter-walk,Đi bộ khu phố Pháp / French Quarter walk,macroAttraction,HeroCityHanoi,HeroCityHanoiPlaceFrenchQuarterWalk,native-ios/Resources/Assets.xcassets/HeroCityHanoi.imageset/hero-city-hanoi.png,,853 x 1844,,853 x 1844,>= 1600 x 2400 preferred,PhraseListingView HeroMastheadImage,"center 50%, upper 25-35%; landmark silhouette must be recognizable",Recognizable subject must survive the top 276pt masthead crop; keep the key visual in the upper third and center 70% width.,city_place_requires_unique_realistic_hero,"Generate owned/licensed hero, crop to repo target, wire heroImageName through source/resources/SQLite, and capture simulator proof.","Create a super-realistic app-owned hero photo for a Vietnamese travel phrasebook, matching the premium real-life menu-item hero image quality. No readable text, no logos, no watermarks, no faces as the subject. Keep the main landmark/object recognizable inside the upper third because the iOS masthead crops a shallow horizontal band. Show Đi bộ khu phố Pháp / French Quarter walk with the real visual cue a first-time traveler would recognize. Specific subject guidance: Wide Hanoi French Quarter sidewalk with colonial buildings and trees, photorealistic.","no readable text, no watermark, no logos, no fake signs, no unrelated Ha Long Bay/karst imagery for city-specific pages, no people as the main subject",Simulator screenshot plus phone spot-check before DONE,shared or legacy fallback; replace with unique app-owned generated realistic asset,docs/editorial-exports/viet-image-assets/hero-image-production-001/generated_hero_assets.json,Generate a unique realistic menu-quality image for this exact city noun; do not reuse the city masthead or another place image.
P0,NEEDS_UNIQUE_REALISTIC_ASSET,viet-family-city-hanoi-place-coffee-hop,Đi cà phê Hà Nội / Hanoi coffee hop,macroAttraction,HeroCityHanoi,HeroCityHanoiPlaceCoffeeHop,native-ios/Resources/Assets.xcassets/HeroCityHanoi.imageset/hero-city-hanoi.png,,853 x 1844,,853 x 1844,>= 1600 x 2400 preferred,PhraseListingView HeroMastheadImage,"center 50%, upper 25-35%; landmark silhouette must be recognizable",Recognizable subject must survive the top 276pt masthead crop; keep the key visual in the upper third and center 70% width.,city_place_requires_unique_realistic_hero,"Generate owned/licensed hero, crop to repo target, wire heroImageName through source/resources/SQLite, and capture simulator proof.","Create a super-realistic app-owned hero photo for a Vietnamese travel phrasebook, matching the premium real-life menu-item hero image quality. No readable text, no logos, no watermarks, no faces as the subject. Keep the main landmark/object recognizable inside the upper third because the iOS masthead crops a shallow horizontal band. Show Đi cà phê Hà Nội / Hanoi coffee hop with the real visual cue a first-time traveler would recognize. Specific subject guidance: Sequence of Hanoi coffee cups on cafe tables, street view, photorealistic.","no readable text, no watermark, no logos, no fake signs, no unrelated Ha Long Bay/karst imagery for city-specific pages, no people as the main subject",Simulator screenshot plus phone spot-check before DONE,shared or legacy fallback; replace with unique app-owned generated realistic asset,docs/editorial-exports/viet-image-assets/hero-image-production-001/generated_hero_assets.json,Generate a unique realistic menu-quality image for this exact city noun; do not reuse the city masthead or another place image.
P0,NEEDS_UNIQUE_REALISTIC_ASSET,viet-family-city-hcmc-place-cafe-hop-nguyen-hue,Đi cà phê Nguyễn Huệ / Nguyen Hue cafe hop,macroAttraction,HeroCityHcmc,HeroCityHcmcPlaceCafeHopNguyenHue,native-ios/Resources/Assets.xcassets/HeroCityHcmc.imageset/hero-city-hcmc.png,,853 x 1844,,853 x 1844,>= 1600 x 2400 preferred,PhraseListingView HeroMastheadImage,"center 50%, upper 25-35%; landmark silhouette must be recognizable",Recognizable subject must survive the top 276pt masthead crop; keep the key visual in the upper third and center 70% width.,city_place_requires_unique_realistic_hero,"Generate owned/licensed hero, crop to repo target, wire heroImageName through source/resources/SQLite, and capture simulator proof.","Create a super-realistic app-owned hero photo for a Vietnamese travel phrasebook, matching the premium real-life menu-item hero image quality. No readable text, no logos, no watermarks, no faces as the subject. Keep the main landmark/object recognizable inside the upper third because the iOS masthead crops a shallow horizontal band. Show Đi cà phê Nguyễn Huệ / Nguyen Hue cafe hop with the real visual cue a first-time traveler would recognize. Specific subject guidance: Cafe-hopping scene inside Nguyen Hue apartment building, balcony city view, realistic photo.","no readable text, no watermark, no logos, no fake signs, no unrelated Ha Long Bay/karst imagery for city-specific pages, no people as the main subject",Simulator screenshot plus phone spot-check before DONE,shared or legacy fallback; replace with unique app-owned generated realistic asset,docs/editorial-exports/viet-image-assets/hero-image-production-001/generated_hero_assets.json,Generate a unique realistic menu-quality image for this exact city noun; do not reuse the city masthead or another place image.
P0,NEEDS_UNIQUE_REALISTIC_ASSET,viet-family-city-hanoi-place-night-market-walk,Đi chợ đêm phố cổ / Old Quarter night market walk,macroAttraction,HeroCityHanoi,HeroCityHanoiPlaceNightMarketWalk,native-ios/Resources/Assets.xcassets/HeroCityHanoi.imageset/hero-city-hanoi.png,,853 x 1844,,853 x 1844,>= 1600 x 2400 preferred,PhraseListingView HeroMastheadImage,"center 50%, upper 25-35%; landmark silhouette must be recognizable",Recognizable subject must survive the top 276pt masthead crop; keep the key visual in the upper third and center 70% width.,city_place_requires_unique_realistic_hero,"Generate owned/licensed hero, crop to repo target, wire heroImageName through source/resources/SQLite, and capture simulator proof.","Create a super-realistic app-owned hero photo for a Vietnamese travel phrasebook, matching the premium real-life menu-item hero image quality. No readable text, no logos, no watermarks, no faces as the subject. Keep the main landmark/object recognizable inside the upper third because the iOS masthead crops a shallow horizontal band. Show Đi chợ đêm phố cổ / Old Quarter night market walk with the real visual cue a first-time traveler would recognize. Specific subject guidance: Hanoi Old Quarter night-market pedestrian street, stalls and warm lights, realistic photo.","no readable text, no watermark, no logos, no fake signs, no unrelated Ha Long Bay/karst imagery for city-specific pages, no people as the main subject",Simulator screenshot plus phone spot-check before DONE,shared or legacy fallback; replace with unique app-owned generated realistic asset,docs/editorial-exports/viet-image-assets/hero-image-production-001/generated_hero_assets.json,Generate a unique realistic menu-quality image for this exact city noun; do not reuse the city masthead or another place image.
P0,NEEDS_UNIQUE_REALISTIC_ASSET,viet-family-city-hcmc-place-cu-chi-day-trip,Đi Củ Chi trong ngày / Cu Chi day trip,macroAttraction,HeroCityHcmc,HeroCityHcmcPlaceCuChiDayTrip,native-ios/Resources/Assets.xcassets/HeroCityHcmc.imageset/hero-city-hcmc.png,,853 x 1844,,853 x 1844,>= 1600 x 2400 preferred,PhraseListingView HeroMastheadImage,"center 50%, upper 25-35%; landmark silhouette must be recognizable",Recognizable subject must survive the top 276pt masthead crop; keep the key visual in the upper third and center 70% width.,city_place_requires_unique_realistic_hero,"Generate owned/licensed hero, crop to repo target, wire heroImageName through source/resources/SQLite, and capture simulator proof.","Create a super-realistic app-owned hero photo for a Vietnamese travel phrasebook, matching the premium real-life menu-item hero image quality. No readable text, no logos, no watermarks, no faces as the subject. Keep the main landmark/object recognizable inside the upper third because the iOS masthead crops a shallow horizontal band. Show Đi Củ Chi trong ngày / Cu Chi day trip with the real visual cue a first-time traveler would recognize. Specific subject guidance: Day-trip van arriving near Cu Chi forest entrance, realistic travel photo.","no readable text, no watermark, no logos, no fake signs, no unrelated Ha Long Bay/karst imagery for city-specific pages, no people as the main subject",Simulator screenshot plus phone spot-check before DONE,shared or legacy fallback; replace with unique app-owned generated realistic asset,docs/editorial-exports/viet-image-assets/hero-image-production-001/generated_hero_assets.json,Generate a unique realistic menu-quality image for this exact city noun; do not reuse the city masthead or another place image.
P0,NEEDS_UNIQUE_REALISTIC_ASSET,viet-family-city-hcmc-place-saigon-river-boat,Đi thuyền sông Sài Gòn / Saigon River boat ride,macroAttraction,HeroCityHcmc,HeroCityHcmcPlaceSaigonRiverBoat,native-ios/Resources/Assets.xcassets/HeroCityHcmc.imageset/hero-city-hcmc.png,,853 x 1844,,853 x 1844,>= 1600 x 2400 preferred,PhraseListingView HeroMastheadImage,"center 50%, upper 25-35%; landmark silhouette must be recognizable",Recognizable subject must survive the top 276pt masthead crop; keep the key visual in the upper third and center 70% width.,city_place_requires_unique_realistic_hero,"Generate owned/licensed hero, crop to repo target, wire heroImageName through source/resources/SQLite, and capture simulator proof.","Create a super-realistic app-owned hero photo for a Vietnamese travel phrasebook, matching the premium real-life menu-item hero image quality. No readable text, no logos, no watermarks, no faces as the subject. Keep the main landmark/object recognizable inside the upper third because the iOS masthead crops a shallow horizontal band. Show Đi thuyền sông Sài Gòn / Saigon River boat ride with the real visual cue a first-time traveler would recognize. Specific subject guidance: Small passenger boat on Saigon River with skyline, realistic photo.","no readable text, no watermark, no logos, no fake signs, no unrelated Ha Long Bay/karst imagery for city-specific pages, no people as the main subject",Simulator screenshot plus phone spot-check before DONE,shared or legacy fallback; replace with unique app-owned generated realistic asset,docs/editorial-exports/viet-image-assets/hero-image-production-001/generated_hero_assets.json,Generate a unique realistic menu-quality image for this exact city noun; do not reuse the city masthead or another place image.
P0,NEEDS_UNIQUE_REALISTIC_ASSET,viet-family-city-danang-place-han-river-cruise,Du thuyền sông Hàn / Han River cruise,macroAttraction,HeroCityDanang,HeroCityDanangPlaceHanRiverCruise,native-ios/Resources/Assets.xcassets/HeroCityDanang.imageset/hero-city-danang.png,,853 x 1844,,853 x 1844,>= 1600 x 2400 preferred,PhraseListingView HeroMastheadImage,"center 50%, upper 25-35%; landmark silhouette must be recognizable",Recognizable subject must survive the top 276pt masthead crop; keep the key visual in the upper third and center 70% width.,city_place_requires_unique_realistic_hero,"Generate owned/licensed hero, crop to repo target, wire heroImageName through source/resources/SQLite, and capture simulator proof.","Create a super-realistic app-owned hero photo for a Vietnamese travel phrasebook, matching the premium real-life menu-item hero image quality. No readable text, no logos, no watermarks, no faces as the subject. Keep the main landmark/object recognizable inside the upper third because the iOS masthead crops a shallow horizontal band. Show Du thuyền sông Hàn / Han River cruise with the real visual cue a first-time traveler would recognize. Specific subject guidance: Photorealistic owned asset: small cruise boat on Han River at night with bridge lights, no company branding.","no readable text, no watermark, no logos, no fake signs, no unrelated Ha Long Bay/karst imagery for city-specific pages, no people as the main subject",Simulator screenshot plus phone spot-check before DONE,shared or legacy fallback; replace with unique app-owned generated realistic asset,docs/editorial-exports/viet-image-assets/hero-image-production-001/generated_hero_assets.json,Generate a unique realistic menu-quality image for this exact city noun; do not reuse the city masthead or another place image.
P0,NEEDS_UNIQUE_REALISTIC_ASSET,viet-family-city-danang-place-marble-mountain-cave-walk,Hang động Ngũ Hành Sơn / Marble Mountain cave walk,macroAttraction,HeroCityDanang,HeroCityDanangPlaceMarbleMountainCaveWalk,native-ios/Resources/Assets.xcassets/HeroCityDanang.imageset/hero-city-danang.png,,853 x 1844,,853 x 1844,>= 1600 x 2400 preferred,PhraseListingView HeroMastheadImage,"center 50%, upper 25-35%; landmark silhouette must be recognizable",Recognizable subject must survive the top 276pt masthead crop; keep the key visual in the upper third and center 70% width.,city_place_requires_unique_realistic_hero,"Generate owned/licensed hero, crop to repo target, wire heroImageName through source/resources/SQLite, and capture simulator proof.","Create a super-realistic app-owned hero photo for a Vietnamese travel phrasebook, matching the premium real-life menu-item hero image quality. No readable text, no logos, no watermarks, no faces as the subject. Keep the main landmark/object recognizable inside the upper third because the iOS masthead crops a shallow horizontal band. Show Hang động Ngũ Hành Sơn / Marble Mountain cave walk with the real visual cue a first-time traveler would recognize. Specific subject guidance: Photorealistic owned asset: limestone cave entrance with shrine light and stone steps, respectful, no copied statues.","no readable text, no watermark, no logos, no fake signs, no unrelated Ha Long Bay/karst imagery for city-specific pages, no people as the main subject",Simulator screenshot plus phone spot-check before DONE,shared or legacy fallback; replace with unique app-owned generated realistic asset,docs/editorial-exports/viet-image-assets/hero-image-production-001/generated_hero_assets.json,Generate a unique realistic menu-quality image for this exact city noun; do not reuse the city masthead or another place image.
P0,NEEDS_UNIQUE_REALISTIC_ASSET,viet-family-city-danang-place-nam-o-fish-sauce-village,Làng nghề nước mắm Nam Ô / Nam O fish sauce village,macroAttraction,HeroCityDanang,HeroCityDanangPlaceNamOFishSauceVillage,native-ios/Resources/Assets.xcassets/HeroCityDanang.imageset/hero-city-danang.png,,853 x 1844,,853 x 1844,>= 1600 x 2400 preferred,PhraseListingView HeroMastheadImage,"center 50%, upper 25-35%; landmark silhouette must be recognizable",Recognizable subject must survive the top 276pt masthead crop; keep the key visual in the upper third and center 70% width.,city_place_requires_unique_realistic_hero,"Generate owned/licensed hero, crop to repo target, wire heroImageName through source/resources/SQLite, and capture simulator proof.","Create a super-realistic app-owned hero photo for a Vietnamese travel phrasebook, matching the premium real-life menu-item hero image quality. No readable text, no logos, no watermarks, no faces as the subject. Keep the main landmark/object recognizable inside the upper third because the iOS masthead crops a shallow horizontal band. Show Làng nghề nước mắm Nam Ô / Nam O fish sauce village with the real visual cue a first-time traveler would recognize. Specific subject guidance: Photorealistic owned asset: traditional fish sauce jars near coastal village courtyard, warm daylight, no brand labels.","no readable text, no watermark, no logos, no fake signs, no unrelated Ha Long Bay/karst imagery for city-specific pages, no people as the main subject",Simulator screenshot plus phone spot-check before DONE,shared or legacy fallback; replace with unique app-owned generated realistic asset,docs/editorial-exports/viet-image-assets/hero-image-production-001/generated_hero_assets.json,Generate a unique realistic menu-quality image for this exact city noun; do not reuse the city masthead or another place image.
P0,NEEDS_UNIQUE_REALISTIC_ASSET,viet-family-city-hoian-place-cooking-class,Lớp học nấu ăn Hội An / Hoi An cooking class,macroAttraction,HeroCityHoian,HeroCityHoianPlaceCookingClass,native-ios/Resources/Assets.xcassets/HeroCityHoian.imageset/hero-city-hoian.png,,853 x 1844,,853 x 1844,>= 1600 x 2400 preferred,PhraseListingView HeroMastheadImage,"center 50%, upper 25-35%; landmark silhouette must be recognizable",Recognizable subject must survive the top 276pt masthead crop; keep the key visual in the upper third and center 70% width.,city_place_requires_unique_realistic_hero,"Generate owned/licensed hero, crop to repo target, wire heroImageName through source/resources/SQLite, and capture simulator proof.","Create a super-realistic app-owned hero photo for a Vietnamese travel phrasebook, matching the premium real-life menu-item hero image quality. No readable text, no logos, no watermarks, no faces as the subject. Keep the main landmark/object recognizable inside the upper third because the iOS masthead crops a shallow horizontal band. Show Lớp học nấu ăn Hội An / Hoi An cooking class with the real visual cue a first-time traveler would recognize. Specific subject guidance: Photorealistic owned asset: open-air cooking table with herbs, rice paper, and bowls, no brand signage.","no readable text, no watermark, no logos, no fake signs, no unrelated Ha Long Bay/karst imagery for city-specific pages, no people as the main subject",Simulator screenshot plus phone spot-check before DONE,shared or legacy fallback; replace with unique app-owned generated realistic asset,docs/editorial-exports/viet-image-assets/hero-image-production-001/generated_hero_assets.json,Generate a unique realistic menu-quality image for this exact city noun; do not reuse the city masthead or another place image.
P0,NEEDS_UNIQUE_REALISTIC_ASSET,viet-family-city-hoian-place-lantern-making-class,Lớp làm lồng đèn Hội An / Lantern-making class,macroAttraction,HeroCityHoian,HeroCityHoianPlaceLanternMakingClass,native-ios/Resources/Assets.xcassets/HeroCityHoian.imageset/hero-city-hoian.png,,853 x 1844,,853 x 1844,>= 1600 x 2400 preferred,PhraseListingView HeroMastheadImage,"center 50%, upper 25-35%; landmark silhouette must be recognizable",Recognizable subject must survive the top 276pt masthead crop; keep the key visual in the upper third and center 70% width.,city_place_requires_unique_realistic_hero,"Generate owned/licensed hero, crop to repo target, wire heroImageName through source/resources/SQLite, and capture simulator proof.","Create a super-realistic app-owned hero photo for a Vietnamese travel phrasebook, matching the premium real-life menu-item hero image quality. No readable text, no logos, no watermarks, no faces as the subject. Keep the main landmark/object recognizable inside the upper third because the iOS masthead crops a shallow horizontal band. Show Lớp làm lồng đèn Hội An / Lantern-making class with the real visual cue a first-time traveler would recognize. Specific subject guidance: Photorealistic owned asset: hands-free setup of colorful lantern frames on craft table, warm yellow-wall room.","no readable text, no watermark, no logos, no fake signs, no unrelated Ha Long Bay/karst imagery for city-specific pages, no people as the main subject",Simulator screenshot plus phone spot-check before DONE,shared or legacy fallback; replace with unique app-owned generated realistic asset,docs/editorial-exports/viet-image-assets/hero-image-production-001/generated_hero_assets.json,Generate a unique realistic menu-quality image for this exact city noun; do not reuse the city masthead or another place image.
P0,NEEDS_UNIQUE_REALISTIC_ASSET,viet-family-city-danang-place-dragon-bridge-fire-show,Màn phun lửa Cầu Rồng / Dragon Bridge fire show,macroAttraction,HeroCityDanang,HeroCityDanangPlaceDragonBridgeFireShow,native-ios/Resources/Assets.xcassets/HeroCityDanang.imageset/hero-city-danang.png,,853 x 1844,,853 x 1844,>= 1600 x 2400 preferred,PhraseListingView HeroMastheadImage,"center 50%, upper 25-35%; landmark silhouette must be recognizable",Recognizable subject must survive the top 276pt masthead crop; keep the key visual in the upper third and center 70% width.,city_place_requires_unique_realistic_hero,"Generate owned/licensed hero, crop to repo target, wire heroImageName through source/resources/SQLite, and capture simulator proof.","Create a super-realistic app-owned hero photo for a Vietnamese travel phrasebook, matching the premium real-life menu-item hero image quality. No readable text, no logos, no watermarks, no faces as the subject. Keep the main landmark/object recognizable inside the upper third because the iOS masthead crops a shallow horizontal band. Show Màn phun lửa Cầu Rồng / Dragon Bridge fire show with the real visual cue a first-time traveler would recognize. Specific subject guidance: Photorealistic owned asset: Dragon Bridge breathing fire from a safe riverfront distance, realistic crowd silhouettes.","no readable text, no watermark, no logos, no fake signs, no unrelated Ha Long Bay/karst imagery for city-specific pages, no people as the main subject",Simulator screenshot plus phone spot-check before DONE,shared or legacy fallback; replace with unique app-owned generated realistic asset,docs/editorial-exports/viet-image-assets/hero-image-production-001/generated_hero_assets.json,Generate a unique realistic menu-quality image for this exact city noun; do not reuse the city masthead or another place image.
P0,NEEDS_UNIQUE_REALISTIC_ASSET,viet-family-city-hoian-place-cham-islands-snorkel-boat,Tàu đi Cù Lao Chàm / Cham Islands snorkel boat,macroAttraction,HeroCityHoian,HeroCityHoianPlaceChamIslandsSnorkelBoat,native-ios/Resources/Assets.xcassets/HeroCityHoian.imageset/hero-city-hoian.png,,853 x 1844,,853 x 1844,>= 1600 x 2400 preferred,PhraseListingView HeroMastheadImage,"center 50%, upper 25-35%; landmark silhouette must be recognizable",Recognizable subject must survive the top 276pt masthead crop; keep the key visual in the upper third and center 70% width.,city_place_requires_unique_realistic_hero,"Generate owned/licensed hero, crop to repo target, wire heroImageName through source/resources/SQLite, and capture simulator proof.","Create a super-realistic app-owned hero photo for a Vietnamese travel phrasebook, matching the premium real-life menu-item hero image quality. No readable text, no logos, no watermarks, no faces as the subject. Keep the main landmark/object recognizable inside the upper third because the iOS masthead crops a shallow horizontal band. Show Tàu đi Cù Lao Chàm / Cham Islands snorkel boat with the real visual cue a first-time traveler would recognize. Specific subject guidance: Photorealistic owned asset: small tour boat heading to green islands over clear water, no company marks.","no readable text, no watermark, no logos, no fake signs, no unrelated Ha Long Bay/karst imagery for city-specific pages, no people as the main subject",Simulator screenshot plus phone spot-check before DONE,shared or legacy fallback; replace with unique app-owned generated realistic asset,docs/editorial-exports/viet-image-assets/hero-image-production-001/generated_hero_assets.json,Generate a unique realistic menu-quality image for this exact city noun; do not reuse the city masthead or another place image.
P0,NEEDS_UNIQUE_REALISTIC_ASSET,viet-family-city-hoian-place-tailor-fitting,Thử đồ may đo Hội An / Hoi An tailor fitting,macroAttraction,HeroCityHoian,HeroCityHoianPlaceTailorFitting,native-ios/Resources/Assets.xcassets/HeroCityHoian.imageset/hero-city-hoian.png,,853 x 1844,,853 x 1844,>= 1600 x 2400 preferred,PhraseListingView HeroMastheadImage,"center 50%, upper 25-35%; landmark silhouette must be recognizable",Recognizable subject must survive the top 276pt masthead crop; keep the key visual in the upper third and center 70% width.,city_place_requires_unique_realistic_hero,"Generate owned/licensed hero, crop to repo target, wire heroImageName through source/resources/SQLite, and capture simulator proof.","Create a super-realistic app-owned hero photo for a Vietnamese travel phrasebook, matching the premium real-life menu-item hero image quality. No readable text, no logos, no watermarks, no faces as the subject. Keep the main landmark/object recognizable inside the upper third because the iOS masthead crops a shallow horizontal band. Show Thử đồ may đo Hội An / Hoi An tailor fitting with the real visual cue a first-time traveler would recognize. Specific subject guidance: Photorealistic owned asset: tailor measuring fabric on wooden table with lantern-lit shop interior, no brand.","no readable text, no watermark, no logos, no fake signs, no unrelated Ha Long Bay/karst imagery for city-specific pages, no people as the main subject",Simulator screenshot plus phone spot-check before DONE,shared or legacy fallback; replace with unique app-owned generated realistic asset,docs/editorial-exports/viet-image-assets/hero-image-production-001/generated_hero_assets.json,Generate a unique realistic menu-quality image for this exact city noun; do not reuse the city masthead or another place image.
P0,NEEDS_UNIQUE_REALISTIC_ASSET,viet-family-city-hue-place-lagoon-seafood-boat,Thuyền hải sản phá Tam Giang / Lagoon seafood boat,macroAttraction,HeroCityHue,HeroCityHuePlaceLagoonSeafoodBoat,native-ios/Resources/Assets.xcassets/HeroCityHue.imageset/hero-city-hue.png,,853 x 1844,,853 x 1844,>= 1600 x 2400 preferred,PhraseListingView HeroMastheadImage,"center 50%, upper 25-35%; landmark silhouette must be recognizable",Recognizable subject must survive the top 276pt masthead crop; keep the key visual in the upper third and center 70% width.,city_place_requires_unique_realistic_hero,"Generate owned/licensed hero, crop to repo target, wire heroImageName through source/resources/SQLite, and capture simulator proof.","Create a super-realistic app-owned hero photo for a Vietnamese travel phrasebook, matching the premium real-life menu-item hero image quality. No readable text, no logos, no watermarks, no faces as the subject. Keep the main landmark/object recognizable inside the upper third because the iOS masthead crops a shallow horizontal band. Show Thuyền hải sản phá Tam Giang / Lagoon seafood boat with the real visual cue a first-time traveler would recognize. Specific subject guidance: Photorealistic small wooden boat beside a lagoon seafood platform, nets, bowls, golden hour.","no readable text, no watermark, no logos, no fake signs, no unrelated Ha Long Bay/karst imagery for city-specific pages, no people as the main subject",Simulator screenshot plus phone spot-check before DONE,shared or legacy fallback; replace with unique app-owned generated realistic asset,docs/editorial-exports/viet-image-assets/hero-image-production-001/generated_hero_assets.json,Generate a unique realistic menu-quality image for this exact city noun; do not reuse the city masthead or another place image.
P0,NEEDS_UNIQUE_REALISTIC_ASSET,viet-family-city-hoian-place-lantern-boat,Thuyền hoa đăng Hội An / Lantern boat ride,macroAttraction,HeroCityHoian,HeroCityHoianPlaceLanternBoat,native-ios/Resources/Assets.xcassets/HeroCityHoian.imageset/hero-city-hoian.png,,853 x 1844,,853 x 1844,>= 1600 x 2400 preferred,PhraseListingView HeroMastheadImage,"center 50%, upper 25-35%; landmark silhouette must be recognizable",Recognizable subject must survive the top 276pt masthead crop; keep the key visual in the upper third and center 70% width.,city_place_requires_unique_realistic_hero,"Generate owned/licensed hero, crop to repo target, wire heroImageName through source/resources/SQLite, and capture simulator proof.","Create a super-realistic app-owned hero photo for a Vietnamese travel phrasebook, matching the premium real-life menu-item hero image quality. No readable text, no logos, no watermarks, no faces as the subject. Keep the main landmark/object recognizable inside the upper third because the iOS masthead crops a shallow horizontal band. Show Thuyền hoa đăng Hội An / Lantern boat ride with the real visual cue a first-time traveler would recognize. Specific subject guidance: Photorealistic owned asset: small wooden boat with paper lanterns on Hoai River at night, faces indistinct.","no readable text, no watermark, no logos, no fake signs, no unrelated Ha Long Bay/karst imagery for city-specific pages, no people as the main subject",Simulator screenshot plus phone spot-check before DONE,shared or legacy fallback; replace with unique app-owned generated realistic asset,docs/editorial-exports/viet-image-assets/hero-image-production-001/generated_hero_assets.json,Generate a unique realistic menu-quality image for this exact city noun; do not reuse the city masthead or another place image.
P0,NEEDS_UNIQUE_REALISTIC_ASSET,viet-family-city-hue-place-perfume-river-dragon-boat,Thuyền rồng sông Hương / Perfume River dragon boat,macroAttraction,HeroCityHue,HeroCityHuePlacePerfumeRiverDragonBoat,native-ios/Resources/Assets.xcassets/HeroCityHue.imageset/hero-city-hue.png,,853 x 1844,,853 x 1844,>= 1600 x 2400 preferred,PhraseListingView HeroMastheadImage,"center 50%, upper 25-35%; landmark silhouette must be recognizable",Recognizable subject must survive the top 276pt masthead crop; keep the key visual in the upper third and center 70% width.,city_place_requires_unique_realistic_hero,"Generate owned/licensed hero, crop to repo target, wire heroImageName through source/resources/SQLite, and capture simulator proof.","Create a super-realistic app-owned hero photo for a Vietnamese travel phrasebook, matching the premium real-life menu-item hero image quality. No readable text, no logos, no watermarks, no faces as the subject. Keep the main landmark/object recognizable inside the upper third because the iOS masthead crops a shallow horizontal band. Show Thuyền rồng sông Hương / Perfume River dragon boat with the real visual cue a first-time traveler would recognize. Specific subject guidance: Photorealistic Hue dragon boat moored on the Perfume River, colorful dragon prow, morning mist.","no readable text, no watermark, no logos, no fake signs, no unrelated Ha Long Bay/karst imagery for city-specific pages, no people as the main subject",Simulator screenshot plus phone spot-check before DONE,shared or legacy fallback; replace with unique app-owned generated realistic asset,docs/editorial-exports/viet-image-assets/hero-image-production-001/generated_hero_assets.json,Generate a unique realistic menu-quality image for this exact city noun; do not reuse the city masthead or another place image.
P0,NEEDS_UNIQUE_REALISTIC_ASSET,viet-family-city-hoian-place-cam-thanh-basket-boat,Thuyền thúng Cẩm Thanh / Cam Thanh basket boat,macroAttraction,HeroCityHoian,HeroCityHoianPlaceCamThanhBasketBoat,native-ios/Resources/Assets.xcassets/HeroCityHoian.imageset/hero-city-hoian.png,,853 x 1844,,853 x 1844,>= 1600 x 2400 preferred,PhraseListingView HeroMastheadImage,"center 50%, upper 25-35%; landmark silhouette must be recognizable",Recognizable subject must survive the top 276pt masthead crop; keep the key visual in the upper third and center 70% width.,city_place_requires_unique_realistic_hero,"Generate owned/licensed hero, crop to repo target, wire heroImageName through source/resources/SQLite, and capture simulator proof.","Create a super-realistic app-owned hero photo for a Vietnamese travel phrasebook, matching the premium real-life menu-item hero image quality. No readable text, no logos, no watermarks, no faces as the subject. Keep the main landmark/object recognizable inside the upper third because the iOS masthead crops a shallow horizontal band. Show Thuyền thúng Cẩm Thanh / Cam Thanh basket boat with the real visual cue a first-time traveler would recognize. Specific subject guidance: Photorealistic owned asset: round basket boat in coconut-palm channel, natural daylight, no staged spinning.","no readable text, no watermark, no logos, no fake signs, no unrelated Ha Long Bay/karst imagery for city-specific pages, no people as the main subject",Simulator screenshot plus phone spot-check before DONE,shared or legacy fallback; replace with unique app-owned generated realistic asset,docs/editorial-exports/viet-image-assets/hero-image-production-001/generated_hero_assets.json,Generate a unique realistic menu-quality image for this exact city noun; do not reuse the city masthead or another place image.
P0,NEEDS_UNIQUE_REALISTIC_ASSET,viet-family-city-hcmc-place-motorbike-food-tour,Tour ăn tối bằng xe máy / Saigon motorbike food tour,macroAttraction,HeroCityHcmc,HeroCityHcmcPlaceMotorbikeFoodTour,native-ios/Resources/Assets.xcassets/HeroCityHcmc.imageset/hero-city-hcmc.png,,853 x 1844,,853 x 1844,>= 1600 x 2400 preferred,PhraseListingView HeroMastheadImage,"center 50%, upper 25-35%; landmark silhouette must be recognizable",Recognizable subject must survive the top 276pt masthead crop; keep the key visual in the upper third and center 70% width.,city_place_requires_unique_realistic_hero,"Generate owned/licensed hero, crop to repo target, wire heroImageName through source/resources/SQLite, and capture simulator proof.","Create a super-realistic app-owned hero photo for a Vietnamese travel phrasebook, matching the premium real-life menu-item hero image quality. No readable text, no logos, no watermarks, no faces as the subject. Keep the main landmark/object recognizable inside the upper third because the iOS masthead crops a shallow horizontal band. Show Tour ăn tối bằng xe máy / Saigon motorbike food tour with the real visual cue a first-time traveler would recognize. Specific subject guidance: Passenger-view motorbike ride through Saigon food streets at night, realistic photo.","no readable text, no watermark, no logos, no fake signs, no unrelated Ha Long Bay/karst imagery for city-specific pages, no people as the main subject",Simulator screenshot plus phone spot-check before DONE,shared or legacy fallback; replace with unique app-owned generated realistic asset,docs/editorial-exports/viet-image-assets/hero-image-production-001/generated_hero_assets.json,Generate a unique realistic menu-quality image for this exact city noun; do not reuse the city masthead or another place image.
P0,NEEDS_UNIQUE_REALISTIC_ASSET,viet-family-city-hue-place-incense-village-workshop,Trải nghiệm làm hương Thủy Xuân / Incense village workshop,macroAttraction,HeroCityHue,HeroCityHuePlaceIncenseVillageWorkshop,native-ios/Resources/Assets.xcassets/HeroCityHue.imageset/hero-city-hue.png,,853 x 1844,,853 x 1844,>= 1600 x 2400 preferred,PhraseListingView HeroMastheadImage,"center 50%, upper 25-35%; landmark silhouette must be recognizable",Recognizable subject must survive the top 276pt masthead crop; keep the key visual in the upper third and center 70% width.,city_place_requires_unique_realistic_hero,"Generate owned/licensed hero, crop to repo target, wire heroImageName through source/resources/SQLite, and capture simulator proof.","Create a super-realistic app-owned hero photo for a Vietnamese travel phrasebook, matching the premium real-life menu-item hero image quality. No readable text, no logos, no watermarks, no faces as the subject. Keep the main landmark/object recognizable inside the upper third because the iOS masthead crops a shallow horizontal band. Show Trải nghiệm làm hương Thủy Xuân / Incense village workshop with the real visual cue a first-time traveler would recognize. Specific subject guidance: Photorealistic close-up of hands arranging incense sticks in Thuy Xuan, bright colors, travel documentary style.","no readable text, no watermark, no logos, no fake signs, no unrelated Ha Long Bay/karst imagery for city-specific pages, no people as the main subject",Simulator screenshot plus phone spot-check before DONE,shared or legacy fallback; replace with unique app-owned generated realistic asset,docs/editorial-exports/viet-image-assets/hero-image-production-001/generated_hero_assets.json,Generate a unique realistic menu-quality image for this exact city noun; do not reuse the city masthead or another place image.
P0,NEEDS_UNIQUE_REALISTIC_ASSET,viet-family-city-hanoi-place-old-quarter-walking-tour,Tuyến đi bộ Phố cổ / Old Quarter walking route,macroAttraction,HeroCityHanoi,HeroCityHanoiPlaceOldQuarterWalkingTour,native-ios/Resources/Assets.xcassets/HeroCityHanoi.imageset/hero-city-hanoi.png,,853 x 1844,,853 x 1844,>= 1600 x 2400 preferred,PhraseListingView HeroMastheadImage,"center 50%, upper 25-35%; landmark silhouette must be recognizable",Recognizable subject must survive the top 276pt masthead crop; keep the key visual in the upper third and center 70% width.,city_place_requires_unique_realistic_hero,"Generate owned/licensed hero, crop to repo target, wire heroImageName through source/resources/SQLite, and capture simulator proof.","Create a super-realistic app-owned hero photo for a Vietnamese travel phrasebook, matching the premium real-life menu-item hero image quality. No readable text, no logos, no watermarks, no faces as the subject. Keep the main landmark/object recognizable inside the upper third because the iOS masthead crops a shallow horizontal band. Show Tuyến đi bộ Phố cổ / Old Quarter walking route with the real visual cue a first-time traveler would recognize. Specific subject guidance: Traveler-level Old Quarter walking scene with map and street signs, realistic photo.","no readable text, no watermark, no logos, no fake signs, no unrelated Ha Long Bay/karst imagery for city-specific pages, no people as the main subject",Simulator screenshot plus phone spot-check before DONE,shared or legacy fallback; replace with unique app-owned generated realistic asset,docs/editorial-exports/viet-image-assets/hero-image-production-001/generated_hero_assets.json,Generate a unique realistic menu-quality image for this exact city noun; do not reuse the city masthead or another place image.
P0,NEEDS_UNIQUE_REALISTIC_ASSET,viet-family-city-hanoi-place-west-lake-loop,Vòng Hồ Tây / West Lake loop,macroAttraction,HeroCityHanoi,HeroCityHanoiPlaceWestLakeLoop,native-ios/Resources/Assets.xcassets/HeroCityHanoi.imageset/hero-city-hanoi.png,,853 x 1844,,853 x 1844,>= 1600 x 2400 preferred,PhraseListingView HeroMastheadImage,"center 50%, upper 25-35%; landmark silhouette must be recognizable",Recognizable subject must survive the top 276pt masthead crop; keep the key visual in the upper third and center 70% width.,city_place_requires_unique_realistic_hero,"Generate owned/licensed hero, crop to repo target, wire heroImageName through source/resources/SQLite, and capture simulator proof.","Create a super-realistic app-owned hero photo for a Vietnamese travel phrasebook, matching the premium real-life menu-item hero image quality. No readable text, no logos, no watermarks, no faces as the subject. Keep the main landmark/object recognizable inside the upper third because the iOS masthead crops a shallow horizontal band. Show Vòng Hồ Tây / West Lake loop with the real visual cue a first-time traveler would recognize. Specific subject guidance: Lakeside path around West Lake with scooters and sunset, realistic photo.","no readable text, no watermark, no logos, no fake signs, no unrelated Ha Long Bay/karst imagery for city-specific pages, no people as the main subject",Simulator screenshot plus phone spot-check before DONE,shared or legacy fallback; replace with unique app-owned generated realistic asset,docs/editorial-exports/viet-image-assets/hero-image-production-001/generated_hero_assets.json,Generate a unique realistic menu-quality image for this exact city noun; do not reuse the city masthead or another place image.
P0,NEEDS_UNIQUE_REALISTIC_ASSET,viet-family-city-hanoi-place-cyclo-old-quarter,Xích lô phố cổ / Old Quarter cyclo ride,macroAttraction,HeroCityHanoi,HeroCityHanoiPlaceCycloOldQuarter,native-ios/Resources/Assets.xcassets/HeroCityHanoi.imageset/hero-city-hanoi.png,,853 x 1844,,853 x 1844,>= 1600 x 2400 preferred,PhraseListingView HeroMastheadImage,"center 50%, upper 25-35%; landmark silhouette must be recognizable",Recognizable subject must survive the top 276pt masthead crop; keep the key visual in the upper third and center 70% width.,city_place_requires_unique_realistic_hero,"Generate owned/licensed hero, crop to repo target, wire heroImageName through source/resources/SQLite, and capture simulator proof.","Create a super-realistic app-owned hero photo for a Vietnamese travel phrasebook, matching the premium real-life menu-item hero image quality. No readable text, no logos, no watermarks, no faces as the subject. Keep the main landmark/object recognizable inside the upper third because the iOS masthead crops a shallow horizontal band. Show Xích lô phố cổ / Old Quarter cyclo ride with the real visual cue a first-time traveler would recognize. Specific subject guidance: Cyclo passing Old Quarter storefronts, passenger view, photorealistic.","no readable text, no watermark, no logos, no fake signs, no unrelated Ha Long Bay/karst imagery for city-specific pages, no people as the main subject",Simulator screenshot plus phone spot-check before DONE,shared or legacy fallback; replace with unique app-owned generated realistic asset,docs/editorial-exports/viet-image-assets/hero-image-production-001/generated_hero_assets.json,Generate a unique realistic menu-quality image for this exact city noun; do not reuse the city masthead or another place image.
P0,NEEDS_UNIQUE_REALISTIC_ASSET,viet-family-city-hue-place-cyclo-citadel-loop,Xích lô quanh Kinh thành / Citadel cyclo loop,macroAttraction,HeroCityHue,HeroCityHuePlaceCycloCitadelLoop,native-ios/Resources/Assets.xcassets/HeroCityHue.imageset/hero-city-hue.png,,853 x 1844,,853 x 1844,>= 1600 x 2400 preferred,PhraseListingView HeroMastheadImage,"center 50%, upper 25-35%; landmark silhouette must be recognizable",Recognizable subject must survive the top 276pt masthead crop; keep the key visual in the upper third and center 70% width.,city_place_requires_unique_realistic_hero,"Generate owned/licensed hero, crop to repo target, wire heroImageName through source/resources/SQLite, and capture simulator proof.","Create a super-realistic app-owned hero photo for a Vietnamese travel phrasebook, matching the premium real-life menu-item hero image quality. No readable text, no logos, no watermarks, no faces as the subject. Keep the main landmark/object recognizable inside the upper third because the iOS masthead crops a shallow horizontal band. Show Xích lô quanh Kinh thành / Citadel cyclo loop with the real visual cue a first-time traveler would recognize. Specific subject guidance: Photorealistic cyclo passing Hue Citadel wall, driver in conical hat, late afternoon light.","no readable text, no watermark, no logos, no fake signs, no unrelated Ha Long Bay/karst imagery for city-specific pages, no people as the main subject",Simulator screenshot plus phone spot-check before DONE,shared or legacy fallback; replace with unique app-owned generated realistic asset,docs/editorial-exports/viet-image-assets/hero-image-production-001/generated_hero_assets.json,Generate a unique realistic menu-quality image for this exact city noun; do not reuse the city masthead or another place image.
P0,NEEDS_UNIQUE_REALISTIC_ASSET,viet-family-city-hoian-place-pottery-workshop,Xưởng gốm Thanh Hà / Thanh Ha pottery workshop,macroAttraction,HeroCityHoian,HeroCityHoianPlacePotteryWorkshop,native-ios/Resources/Assets.xcassets/HeroCityHoian.imageset/hero-city-hoian.png,,853 x 1844,,853 x 1844,>= 1600 x 2400 preferred,PhraseListingView HeroMastheadImage,"center 50%, upper 25-35%; landmark silhouette must be recognizable",Recognizable subject must survive the top 276pt masthead crop; keep the key visual in the upper third and center 70% width.,city_place_requires_unique_realistic_hero,"Generate owned/licensed hero, crop to repo target, wire heroImageName through source/resources/SQLite, and capture simulator proof.","Create a super-realistic app-owned hero photo for a Vietnamese travel phrasebook, matching the premium real-life menu-item hero image quality. No readable text, no logos, no watermarks, no faces as the subject. Keep the main landmark/object recognizable inside the upper third because the iOS masthead crops a shallow horizontal band. Show Xưởng gốm Thanh Hà / Thanh Ha pottery workshop with the real visual cue a first-time traveler would recognize. Specific subject guidance: Photorealistic owned asset: pottery wheel and wet clay in village workshop, terracotta shelves behind, no logo.","no readable text, no watermark, no logos, no fake signs, no unrelated Ha Long Bay/karst imagery for city-specific pages, no people as the main subject",Simulator screenshot plus phone spot-check before DONE,shared or legacy fallback; replace with unique app-owned generated realistic asset,docs/editorial-exports/viet-image-assets/hero-image-production-001/generated_hero_assets.json,Generate a unique realistic menu-quality image for this exact city noun; do not reuse the city masthead or another place image.
P0,NEEDS_UNIQUE_REALISTIC_ASSET,viet-family-city-danang-place-43-factory,43 Factory Coffee Roaster / 43 Factory Coffee Roaster,restaurant,HeroCityDanang,HeroCityDanangPlace43Factory,native-ios/Resources/Assets.xcassets/HeroCityDanang.imageset/hero-city-danang.png,,853 x 1844,,853 x 1844,>= 1600 x 2400 preferred,PhraseListingView HeroMastheadImage,"center 50%, upper 32%; food or entrance must remain visible after fade",Recognizable subject must survive the top 276pt masthead crop; keep the key visual in the upper third and center 70% width.,city_place_requires_unique_realistic_hero,"Generate owned/licensed hero, crop to repo target, wire heroImageName through source/resources/SQLite, and capture simulator proof.","Create a super-realistic app-owned hero photo for a Vietnamese travel phrasebook, matching the premium real-life menu-item hero image quality. No readable text, no logos, no watermarks, no faces as the subject. Keep the main landmark/object recognizable inside the upper third because the iOS masthead crops a shallow horizontal band. Show 43 Factory Coffee Roaster / 43 Factory Coffee Roaster through a tasteful restaurant/street-food table or entrance mood without copying a real storefront sign or brand logo. Specific subject guidance: Photorealistic owned asset: modern specialty coffee bar with roaster equipment and tropical plants, no branding.","no readable text, no watermark, no logos, no fake signs, no unrelated Ha Long Bay/karst imagery for city-specific pages, no people as the main subject",Simulator screenshot plus phone spot-check before DONE,shared or legacy fallback; replace with unique app-owned generated realistic asset,docs/editorial-exports/viet-image-assets/hero-image-production-001/generated_hero_assets.json,Generate a unique realistic menu-quality image for this exact city noun; do not reuse the city masthead or another place image.
P0,NEEDS_UNIQUE_REALISTIC_ASSET,viet-family-city-hcmc-place-akuna,Akuna / Akuna,restaurant,HeroCityHcmc,HeroCityHcmcPlaceAkuna,native-ios/Resources/Assets.xcassets/HeroCityHcmc.imageset/hero-city-hcmc.png,,853 x 1844,,853 x 1844,>= 1600 x 2400 preferred,PhraseListingView HeroMastheadImage,"center 50%, upper 32%; food or entrance must remain visible after fade",Recognizable subject must survive the top 276pt masthead crop; keep the key visual in the upper third and center 70% width.,city_place_requires_unique_realistic_hero,"Generate owned/licensed hero, crop to repo target, wire heroImageName through source/resources/SQLite, and capture simulator proof.","Create a super-realistic app-owned hero photo for a Vietnamese travel phrasebook, matching the premium real-life menu-item hero image quality. No readable text, no logos, no watermarks, no faces as the subject. Keep the main landmark/object recognizable inside the upper third because the iOS masthead crops a shallow horizontal band. Show Akuna / Akuna through a tasteful restaurant/street-food table or entrance mood without copying a real storefront sign or brand logo. Specific subject guidance: Fine-dining counter with Vietnamese ingredients, polished Saigon interior, realistic photo.","no readable text, no watermark, no logos, no fake signs, no unrelated Ha Long Bay/karst imagery for city-specific pages, no people as the main subject",Simulator screenshot plus phone spot-check before DONE,shared or legacy fallback; replace with unique app-owned generated realistic asset,docs/editorial-exports/viet-image-assets/hero-image-production-001/generated_hero_assets.json,Generate a unique realistic menu-quality image for this exact city noun; do not reuse the city masthead or another place image.
P0,NEEDS_UNIQUE_REALISTIC_ASSET,viet-family-city-hcmc-place-anan-saigon,Anăn Sài Gòn / Anan Saigon,restaurant,HeroCityHcmc,HeroCityHcmcPlaceAnanSaigon,native-ios/Resources/Assets.xcassets/HeroCityHcmc.imageset/hero-city-hcmc.png,,853 x 1844,,853 x 1844,>= 1600 x 2400 preferred,PhraseListingView HeroMastheadImage,"center 50%, upper 32%; food or entrance must remain visible after fade",Recognizable subject must survive the top 276pt masthead crop; keep the key visual in the upper third and center 70% width.,city_place_requires_unique_realistic_hero,"Generate owned/licensed hero, crop to repo target, wire heroImageName through source/resources/SQLite, and capture simulator proof.","Create a super-realistic app-owned hero photo for a Vietnamese travel phrasebook, matching the premium real-life menu-item hero image quality. No readable text, no logos, no watermarks, no faces as the subject. Keep the main landmark/object recognizable inside the upper third because the iOS masthead crops a shallow horizontal band. Show Anăn Sài Gòn / Anan Saigon through a tasteful restaurant/street-food table or entrance mood without copying a real storefront sign or brand logo. Specific subject guidance: Contemporary Vietnamese restaurant table with herbs and small plates, no logo, realistic photo.","no readable text, no watermark, no logos, no fake signs, no unrelated Ha Long Bay/karst imagery for city-specific pages, no people as the main subject",Simulator screenshot plus phone spot-check before DONE,shared or legacy fallback; replace with unique app-owned generated realistic asset,docs/editorial-exports/viet-image-assets/hero-image-production-001/generated_hero_assets.json,Generate a unique realistic menu-quality image for this exact city noun; do not reuse the city masthead or another place image.
P0,NEEDS_UNIQUE_REALISTIC_ASSET,viet-family-city-hue-place-ancient-hue-gallery-cuisine,Ancient Hue Gallery Cuisine / Ancient Hue Gallery Cuisine,restaurant,HeroCityHue,HeroCityHuePlaceAncientHueGalleryCuisine,native-ios/Resources/Assets.xcassets/HeroCityHue.imageset/hero-city-hue.png,,853 x 1844,,853 x 1844,>= 1600 x 2400 preferred,PhraseListingView HeroMastheadImage,"center 50%, upper 32%; food or entrance must remain visible after fade",Recognizable subject must survive the top 276pt masthead crop; keep the key visual in the upper third and center 70% width.,city_place_requires_unique_realistic_hero,"Generate owned/licensed hero, crop to repo target, wire heroImageName through source/resources/SQLite, and capture simulator proof.","Create a super-realistic app-owned hero photo for a Vietnamese travel phrasebook, matching the premium real-life menu-item hero image quality. No readable text, no logos, no watermarks, no faces as the subject. Keep the main landmark/object recognizable inside the upper third because the iOS masthead crops a shallow horizontal band. Show Ancient Hue Gallery Cuisine / Ancient Hue Gallery Cuisine through a tasteful restaurant/street-food table or entrance mood without copying a real storefront sign or brand logo. Specific subject guidance: Photorealistic refined Hue dining room with court-style plating, dark timber, and subtle royal motifs.","no readable text, no watermark, no logos, no fake signs, no unrelated Ha Long Bay/karst imagery for city-specific pages, no people as the main subject",Simulator screenshot plus phone spot-check before DONE,shared or legacy fallback; replace with unique app-owned generated realistic asset,docs/editorial-exports/viet-image-assets/hero-image-production-001/generated_hero_assets.json,Generate a unique realistic menu-quality image for this exact city noun; do not reuse the city masthead or another place image.
P0,NEEDS_UNIQUE_REALISTIC_ASSET,viet-family-city-hue-place-ancient-hue-restaurant,Ancient Hue Restaurant / Ancient Hue Restaurant,restaurant,HeroCityHue,HeroCityHuePlaceAncientHueRestaurant,native-ios/Resources/Assets.xcassets/HeroCityHue.imageset/hero-city-hue.png,,853 x 1844,,853 x 1844,>= 1600 x 2400 preferred,PhraseListingView HeroMastheadImage,"center 50%, upper 32%; food or entrance must remain visible after fade",Recognizable subject must survive the top 276pt masthead crop; keep the key visual in the upper third and center 70% width.,city_place_requires_unique_realistic_hero,"Generate owned/licensed hero, crop to repo target, wire heroImageName through source/resources/SQLite, and capture simulator proof.","Create a super-realistic app-owned hero photo for a Vietnamese travel phrasebook, matching the premium real-life menu-item hero image quality. No readable text, no logos, no watermarks, no faces as the subject. Keep the main landmark/object recognizable inside the upper third because the iOS masthead crops a shallow horizontal band. Show Ancient Hue Restaurant / Ancient Hue Restaurant through a tasteful restaurant/street-food table or entrance mood without copying a real storefront sign or brand logo. Specific subject guidance: Photorealistic Hue garden restaurant with ruong-house timber, lanterns, and set table, no diners facing camera.","no readable text, no watermark, no logos, no fake signs, no unrelated Ha Long Bay/karst imagery for city-specific pages, no people as the main subject",Simulator screenshot plus phone spot-check before DONE,shared or legacy fallback; replace with unique app-owned generated realistic asset,docs/editorial-exports/viet-image-assets/hero-image-production-001/generated_hero_assets.json,Generate a unique realistic menu-quality image for this exact city noun; do not reuse the city masthead or another place image.
P0,NEEDS_UNIQUE_REALISTIC_ASSET,viet-family-city-hue-place-ba-van-banh-loc,Bánh lọc Bà Vân / Ba Van Banh Loc,restaurant,HeroCityHue,HeroCityHuePlaceBaVanBanhLoc,native-ios/Resources/Assets.xcassets/HeroCityHue.imageset/hero-city-hue.png,,853 x 1844,,853 x 1844,>= 1600 x 2400 preferred,PhraseListingView HeroMastheadImage,"center 50%, upper 32%; food or entrance must remain visible after fade",Recognizable subject must survive the top 276pt masthead crop; keep the key visual in the upper third and center 70% width.,city_place_requires_unique_realistic_hero,"Generate owned/licensed hero, crop to repo target, wire heroImageName through source/resources/SQLite, and capture simulator proof.","Create a super-realistic app-owned hero photo for a Vietnamese travel phrasebook, matching the premium real-life menu-item hero image quality. No readable text, no logos, no watermarks, no faces as the subject. Keep the main landmark/object recognizable inside the upper third because the iOS masthead crops a shallow horizontal band. Show Bánh lọc Bà Vân / Ba Van Banh Loc through a tasteful restaurant/street-food table or entrance mood without copying a real storefront sign or brand logo. Specific subject guidance: Photorealistic small Hue dumpling shop counter with banana-leaf parcels and clear storefront context.","no readable text, no watermark, no logos, no fake signs, no unrelated Ha Long Bay/karst imagery for city-specific pages, no people as the main subject",Simulator screenshot plus phone spot-check before DONE,shared or legacy fallback; replace with unique app-owned generated realistic asset,docs/editorial-exports/viet-image-assets/hero-image-production-001/generated_hero_assets.json,Generate a unique realistic menu-quality image for this exact city noun; do not reuse the city masthead or another place image.
P0,NEEDS_UNIQUE_REALISTIC_ASSET,viet-family-city-hcmc-place-banh-mi-huynh-hoa,Bánh mì Huỳnh Hoa / Banh Mi Huynh Hoa,restaurant,HeroCityHcmc,HeroCityHcmcPlaceBanhMiHuynhHoa,native-ios/Resources/Assets.xcassets/HeroCityHcmc.imageset/hero-city-hcmc.png,,853 x 1844,,853 x 1844,>= 1600 x 2400 preferred,PhraseListingView HeroMastheadImage,"center 50%, upper 32%; food or entrance must remain visible after fade",Recognizable subject must survive the top 276pt masthead crop; keep the key visual in the upper third and center 70% width.,city_place_requires_unique_realistic_hero,"Generate owned/licensed hero, crop to repo target, wire heroImageName through source/resources/SQLite, and capture simulator proof.","Create a super-realistic app-owned hero photo for a Vietnamese travel phrasebook, matching the premium real-life menu-item hero image quality. No readable text, no logos, no watermarks, no faces as the subject. Keep the main landmark/object recognizable inside the upper third because the iOS masthead crops a shallow horizontal band. Show Bánh mì Huỳnh Hoa / Banh Mi Huynh Hoa through a tasteful restaurant/street-food table or entrance mood without copying a real storefront sign or brand logo. Specific subject guidance: Banh mi counter with crusty baguettes and fillings, Saigon street shop, realistic photo.","no readable text, no watermark, no logos, no fake signs, no unrelated Ha Long Bay/karst imagery for city-specific pages, no people as the main subject",Simulator screenshot plus phone spot-check before DONE,shared or legacy fallback; replace with unique app-owned generated realistic asset,docs/editorial-exports/viet-image-assets/hero-image-production-001/generated_hero_assets.json,Generate a unique realistic menu-quality image for this exact city noun; do not reuse the city masthead or another place image.
P0,NEEDS_UNIQUE_REALISTIC_ASSET,viet-family-city-hoian-place-banh-mi-phuong,Bánh mì Phượng / Banh Mi Phuong,restaurant,HeroCityHoian,HeroCityHoianPlaceBanhMiPhuong,native-ios/Resources/Assets.xcassets/HeroCityHoian.imageset/hero-city-hoian.png,,853 x 1844,,853 x 1844,>= 1600 x 2400 preferred,PhraseListingView HeroMastheadImage,"center 50%, upper 32%; food or entrance must remain visible after fade",Recognizable subject must survive the top 276pt masthead crop; keep the key visual in the upper third and center 70% width.,city_place_requires_unique_realistic_hero,"Generate owned/licensed hero, crop to repo target, wire heroImageName through source/resources/SQLite, and capture simulator proof.","Create a super-realistic app-owned hero photo for a Vietnamese travel phrasebook, matching the premium real-life menu-item hero image quality. No readable text, no logos, no watermarks, no faces as the subject. Keep the main landmark/object recognizable inside the upper third because the iOS masthead crops a shallow horizontal band. Show Bánh mì Phượng / Banh Mi Phuong through a tasteful restaurant/street-food table or entrance mood without copying a real storefront sign or brand logo. Specific subject guidance: Photorealistic owned asset: banh mi counter with baguettes and herbs, no logo, documentary street-food light.","no readable text, no watermark, no logos, no fake signs, no unrelated Ha Long Bay/karst imagery for city-specific pages, no people as the main subject",Simulator screenshot plus phone spot-check before DONE,shared or legacy fallback; replace with unique app-owned generated realistic asset,docs/editorial-exports/viet-image-assets/hero-image-production-001/generated_hero_assets.json,Generate a unique realistic menu-quality image for this exact city noun; do not reuse the city masthead or another place image.
P0,NEEDS_UNIQUE_REALISTIC_ASSET,viet-family-city-hcmc-place-banh-xeo-46a,Bánh xèo 46A / Banh Xeo 46A,restaurant,HeroCityHcmc,HeroCityHcmcPlaceBanhXeo46a,native-ios/Resources/Assets.xcassets/HeroCityHcmc.imageset/hero-city-hcmc.png,,853 x 1844,,853 x 1844,>= 1600 x 2400 preferred,PhraseListingView HeroMastheadImage,"center 50%, upper 32%; food or entrance must remain visible after fade",Recognizable subject must survive the top 276pt masthead crop; keep the key visual in the upper third and center 70% width.,city_place_requires_unique_realistic_hero,"Generate owned/licensed hero, crop to repo target, wire heroImageName through source/resources/SQLite, and capture simulator proof.","Create a super-realistic app-owned hero photo for a Vietnamese travel phrasebook, matching the premium real-life menu-item hero image quality. No readable text, no logos, no watermarks, no faces as the subject. Keep the main landmark/object recognizable inside the upper third because the iOS masthead crops a shallow horizontal band. Show Bánh xèo 46A / Banh Xeo 46A through a tasteful restaurant/street-food table or entrance mood without copying a real storefront sign or brand logo. Specific subject guidance: Large crispy bánh xèo on metal tray with herbs, Saigon restaurant table, realistic photo.","no readable text, no watermark, no logos, no fake signs, no unrelated Ha Long Bay/karst imagery for city-specific pages, no people as the main subject",Simulator screenshot plus phone spot-check before DONE,shared or legacy fallback; replace with unique app-owned generated realistic asset,docs/editorial-exports/viet-image-assets/hero-image-production-001/generated_hero_assets.json,Generate a unique realistic menu-quality image for this exact city noun; do not reuse the city masthead or another place image.
P0,NEEDS_UNIQUE_REALISTIC_ASSET,viet-family-city-danang-place-banh-xeo-ba-duong,Bánh xèo Bà Dưỡng / Banh Xeo Ba Duong,restaurant,HeroCityDanang,HeroCityDanangPlaceBanhXeoBaDuong,native-ios/Resources/Assets.xcassets/HeroCityDanang.imageset/hero-city-danang.png,,853 x 1844,,853 x 1844,>= 1600 x 2400 preferred,PhraseListingView HeroMastheadImage,"center 50%, upper 32%; food or entrance must remain visible after fade",Recognizable subject must survive the top 276pt masthead crop; keep the key visual in the upper third and center 70% width.,city_place_requires_unique_realistic_hero,"Generate owned/licensed hero, crop to repo target, wire heroImageName through source/resources/SQLite, and capture simulator proof.","Create a super-realistic app-owned hero photo for a Vietnamese travel phrasebook, matching the premium real-life menu-item hero image quality. No readable text, no logos, no watermarks, no faces as the subject. Keep the main landmark/object recognizable inside the upper third because the iOS masthead crops a shallow horizontal band. Show Bánh xèo Bà Dưỡng / Banh Xeo Ba Duong through a tasteful restaurant/street-food table or entrance mood without copying a real storefront sign or brand logo. Specific subject guidance: Photorealistic owned asset: crispy bánh xèo with herbs and dipping sauce in a simple dining room, no logo.","no readable text, no watermark, no logos, no fake signs, no unrelated Ha Long Bay/karst imagery for city-specific pages, no people as the main subject",Simulator screenshot plus phone spot-check before DONE,shared or legacy fallback; replace with unique app-owned generated realistic asset,docs/editorial-exports/viet-image-assets/hero-image-production-001/generated_hero_assets.json,Generate a unique realistic menu-quality image for this exact city noun; do not reuse the city masthead or another place image.
P0,NEEDS_UNIQUE_REALISTIC_ASSET,viet-family-city-hue-place-ben-trang-cafe-bistro,Bến Trắng Cafe & Bistro / Ben Trang Cafe & Bistro,restaurant,HeroCityHue,HeroCityHuePlaceBenTrangCafeBistro,native-ios/Resources/Assets.xcassets/HeroCityHue.imageset/hero-city-hue.png,,853 x 1844,,853 x 1844,>= 1600 x 2400 preferred,PhraseListingView HeroMastheadImage,"center 50%, upper 32%; food or entrance must remain visible after fade",Recognizable subject must survive the top 276pt masthead crop; keep the key visual in the upper third and center 70% width.,city_place_requires_unique_realistic_hero,"Generate owned/licensed hero, crop to repo target, wire heroImageName through source/resources/SQLite, and capture simulator proof.","Create a super-realistic app-owned hero photo for a Vietnamese travel phrasebook, matching the premium real-life menu-item hero image quality. No readable text, no logos, no watermarks, no faces as the subject. Keep the main landmark/object recognizable inside the upper third because the iOS masthead crops a shallow horizontal band. Show Bến Trắng Cafe & Bistro / Ben Trang Cafe & Bistro through a tasteful restaurant/street-food table or entrance mood without copying a real storefront sign or brand logo. Specific subject guidance: Photorealistic riverside cafe terrace by a Hue boat station, coffee cups, soft river light.","no readable text, no watermark, no logos, no fake signs, no unrelated Ha Long Bay/karst imagery for city-specific pages, no people as the main subject",Simulator screenshot plus phone spot-check before DONE,shared or legacy fallback; replace with unique app-owned generated realistic asset,docs/editorial-exports/viet-image-assets/hero-image-production-001/generated_hero_assets.json,Generate a unique realistic menu-quality image for this exact city noun; do not reuse the city masthead or another place image.
P0,NEEDS_UNIQUE_REALISTIC_ASSET,viet-family-city-danang-place-bep-cuon,Bếp Cuốn Đà Nẵng / Bep Cuon Da Nang,restaurant,HeroCityDanang,HeroCityDanangPlaceBepCuon,native-ios/Resources/Assets.xcassets/HeroCityDanang.imageset/hero-city-danang.png,,853 x 1844,,853 x 1844,>= 1600 x 2400 preferred,PhraseListingView HeroMastheadImage,"center 50%, upper 32%; food or entrance must remain visible after fade",Recognizable subject must survive the top 276pt masthead crop; keep the key visual in the upper third and center 70% width.,city_place_requires_unique_realistic_hero,"Generate owned/licensed hero, crop to repo target, wire heroImageName through source/resources/SQLite, and capture simulator proof.","Create a super-realistic app-owned hero photo for a Vietnamese travel phrasebook, matching the premium real-life menu-item hero image quality. No readable text, no logos, no watermarks, no faces as the subject. Keep the main landmark/object recognizable inside the upper third because the iOS masthead crops a shallow horizontal band. Show Bếp Cuốn Đà Nẵng / Bep Cuon Da Nang through a tasteful restaurant/street-food table or entrance mood without copying a real storefront sign or brand logo. Specific subject guidance: Photorealistic owned asset: Vietnamese roll platter with herbs and dipping bowls on wooden table, no branding.","no readable text, no watermark, no logos, no fake signs, no unrelated Ha Long Bay/karst imagery for city-specific pages, no people as the main subject",Simulator screenshot plus phone spot-check before DONE,shared or legacy fallback; replace with unique app-owned generated realistic asset,docs/editorial-exports/viet-image-assets/hero-image-production-001/generated_hero_assets.json,Generate a unique realistic menu-quality image for this exact city noun; do not reuse the city masthead or another place image.
P0,NEEDS_UNIQUE_REALISTIC_ASSET,viet-family-city-hcmc-place-bep-me-in,Bếp Mẹ Ỉn / Bep Me In,restaurant,HeroCityHcmc,HeroCityHcmcPlaceBepMeIn,native-ios/Resources/Assets.xcassets/HeroCityHcmc.imageset/hero-city-hcmc.png,,853 x 1844,,853 x 1844,>= 1600 x 2400 preferred,PhraseListingView HeroMastheadImage,"center 50%, upper 32%; food or entrance must remain visible after fade",Recognizable subject must survive the top 276pt masthead crop; keep the key visual in the upper third and center 70% width.,city_place_requires_unique_realistic_hero,"Generate owned/licensed hero, crop to repo target, wire heroImageName through source/resources/SQLite, and capture simulator proof.","Create a super-realistic app-owned hero photo for a Vietnamese travel phrasebook, matching the premium real-life menu-item hero image quality. No readable text, no logos, no watermarks, no faces as the subject. Keep the main landmark/object recognizable inside the upper third because the iOS masthead crops a shallow horizontal band. Show Bếp Mẹ Ỉn / Bep Me In through a tasteful restaurant/street-food table or entrance mood without copying a real storefront sign or brand logo. Specific subject guidance: Cozy Saigon restaurant table with clay pots and herbs, realistic no-logo photo.","no readable text, no watermark, no logos, no fake signs, no unrelated Ha Long Bay/karst imagery for city-specific pages, no people as the main subject",Simulator screenshot plus phone spot-check before DONE,shared or legacy fallback; replace with unique app-owned generated realistic asset,docs/editorial-exports/viet-image-assets/hero-image-production-001/generated_hero_assets.json,Generate a unique realistic menu-quality image for this exact city noun; do not reuse the city masthead or another place image.
P0,NEEDS_UNIQUE_REALISTIC_ASSET,viet-family-city-danang-place-boulevard-gelato-coffee,Boulevard Gelato & Coffee / Boulevard Gelato & Coffee,restaurant,HeroCityDanang,HeroCityDanangPlaceBoulevardGelatoCoffee,native-ios/Resources/Assets.xcassets/HeroCityDanang.imageset/hero-city-danang.png,,853 x 1844,,853 x 1844,>= 1600 x 2400 preferred,PhraseListingView HeroMastheadImage,"center 50%, upper 32%; food or entrance must remain visible after fade",Recognizable subject must survive the top 276pt masthead crop; keep the key visual in the upper third and center 70% width.,city_place_requires_unique_realistic_hero,"Generate owned/licensed hero, crop to repo target, wire heroImageName through source/resources/SQLite, and capture simulator proof.","Create a super-realistic app-owned hero photo for a Vietnamese travel phrasebook, matching the premium real-life menu-item hero image quality. No readable text, no logos, no watermarks, no faces as the subject. Keep the main landmark/object recognizable inside the upper third because the iOS masthead crops a shallow horizontal band. Show Boulevard Gelato & Coffee / Boulevard Gelato & Coffee through a tasteful restaurant/street-food table or entrance mood without copying a real storefront sign or brand logo. Specific subject guidance: Photorealistic owned asset: gelato-and-coffee counter with pastel cups, bright daylight, no logos.","no readable text, no watermark, no logos, no fake signs, no unrelated Ha Long Bay/karst imagery for city-specific pages, no people as the main subject",Simulator screenshot plus phone spot-check before DONE,shared or legacy fallback; replace with unique app-owned generated realistic asset,docs/editorial-exports/viet-image-assets/hero-image-production-001/generated_hero_assets.json,Generate a unique realistic menu-quality image for this exact city noun; do not reuse the city masthead or another place image.
P0,NEEDS_UNIQUE_REALISTIC_ASSET,viet-family-city-danang-place-bun-cha-ca-hon,Bún Chả Cá Hờn / Bun Cha Ca Hon,restaurant,HeroCityDanang,HeroCityDanangPlaceBunChaCaHon,native-ios/Resources/Assets.xcassets/HeroCityDanang.imageset/hero-city-danang.png,,853 x 1844,,853 x 1844,>= 1600 x 2400 preferred,PhraseListingView HeroMastheadImage,"center 50%, upper 32%; food or entrance must remain visible after fade",Recognizable subject must survive the top 276pt masthead crop; keep the key visual in the upper third and center 70% width.,city_place_requires_unique_realistic_hero,"Generate owned/licensed hero, crop to repo target, wire heroImageName through source/resources/SQLite, and capture simulator proof.","Create a super-realistic app-owned hero photo for a Vietnamese travel phrasebook, matching the premium real-life menu-item hero image quality. No readable text, no logos, no watermarks, no faces as the subject. Keep the main landmark/object recognizable inside the upper third because the iOS masthead crops a shallow horizontal band. Show Bún Chả Cá Hờn / Bun Cha Ca Hon through a tasteful restaurant/street-food table or entrance mood without copying a real storefront sign or brand logo. Specific subject guidance: Photorealistic owned asset: steaming fish-cake noodle bowl on metal table, neighborhood shop background, no signage.","no readable text, no watermark, no logos, no fake signs, no unrelated Ha Long Bay/karst imagery for city-specific pages, no people as the main subject",Simulator screenshot plus phone spot-check before DONE,shared or legacy fallback; replace with unique app-owned generated realistic asset,docs/editorial-exports/viet-image-assets/hero-image-production-001/generated_hero_assets.json,Generate a unique realistic menu-quality image for this exact city noun; do not reuse the city masthead or another place image.
P0,NEEDS_UNIQUE_REALISTIC_ASSET,viet-family-city-hanoi-place-bun-cha-huong-lien,Bún chả Hương Liên / Bun Cha Huong Lien,restaurant,HeroCityHanoi,HeroCityHanoiPlaceBunChaHuongLien,native-ios/Resources/Assets.xcassets/HeroCityHanoi.imageset/hero-city-hanoi.png,,853 x 1844,,853 x 1844,>= 1600 x 2400 preferred,PhraseListingView HeroMastheadImage,"center 50%, upper 32%; food or entrance must remain visible after fade",Recognizable subject must survive the top 276pt masthead crop; keep the key visual in the upper third and center 70% width.,city_place_requires_unique_realistic_hero,"Generate owned/licensed hero, crop to repo target, wire heroImageName through source/resources/SQLite, and capture simulator proof.","Create a super-realistic app-owned hero photo for a Vietnamese travel phrasebook, matching the premium real-life menu-item hero image quality. No readable text, no logos, no watermarks, no faces as the subject. Keep the main landmark/object recognizable inside the upper third because the iOS masthead crops a shallow horizontal band. Show Bún chả Hương Liên / Bun Cha Huong Lien through a tasteful restaurant/street-food table or entrance mood without copying a real storefront sign or brand logo. Specific subject guidance: Hanoi bun cha shop table with grilled pork, noodles, herbs, no brand logos, realistic food photo.","no readable text, no watermark, no logos, no fake signs, no unrelated Ha Long Bay/karst imagery for city-specific pages, no people as the main subject",Simulator screenshot plus phone spot-check before DONE,shared or legacy fallback; replace with unique app-owned generated realistic asset,docs/editorial-exports/viet-image-assets/hero-image-production-001/generated_hero_assets.json,Generate a unique realistic menu-quality image for this exact city noun; do not reuse the city masthead or another place image.
P0,NEEDS_UNIQUE_REALISTIC_ASSET,viet-family-city-hanoi-place-bun-cha-ta,Bún Chả Ta / Bun Cha Ta,restaurant,HeroCityHanoi,HeroCityHanoiPlaceBunChaTa,native-ios/Resources/Assets.xcassets/HeroCityHanoi.imageset/hero-city-hanoi.png,,853 x 1844,,853 x 1844,>= 1600 x 2400 preferred,PhraseListingView HeroMastheadImage,"center 50%, upper 32%; food or entrance must remain visible after fade",Recognizable subject must survive the top 276pt masthead crop; keep the key visual in the upper third and center 70% width.,city_place_requires_unique_realistic_hero,"Generate owned/licensed hero, crop to repo target, wire heroImageName through source/resources/SQLite, and capture simulator proof.","Create a super-realistic app-owned hero photo for a Vietnamese travel phrasebook, matching the premium real-life menu-item hero image quality. No readable text, no logos, no watermarks, no faces as the subject. Keep the main landmark/object recognizable inside the upper third because the iOS masthead crops a shallow horizontal band. Show Bún Chả Ta / Bun Cha Ta through a tasteful restaurant/street-food table or entrance mood without copying a real storefront sign or brand logo. Specific subject guidance: Casual Hanoi bún chả table with dipping bowl and fresh herbs, realistic photo.","no readable text, no watermark, no logos, no fake signs, no unrelated Ha Long Bay/karst imagery for city-specific pages, no people as the main subject",Simulator screenshot plus phone spot-check before DONE,shared or legacy fallback; replace with unique app-owned generated realistic asset,docs/editorial-exports/viet-image-assets/hero-image-production-001/generated_hero_assets.json,Generate a unique realistic menu-quality image for this exact city noun; do not reuse the city masthead or another place image.
P0,NEEDS_UNIQUE_REALISTIC_ASSET,viet-family-city-hcmc-place-cheo-leo-cafe,Cà phê Cheo Leo / Cheo Leo Cafe,restaurant,HeroCityHcmc,HeroCityHcmcPlaceCheoLeoCafe,native-ios/Resources/Assets.xcassets/HeroCityHcmc.imageset/hero-city-hcmc.png,,853 x 1844,,853 x 1844,>= 1600 x 2400 preferred,PhraseListingView HeroMastheadImage,"center 50%, upper 32%; food or entrance must remain visible after fade",Recognizable subject must survive the top 276pt masthead crop; keep the key visual in the upper third and center 70% width.,city_place_requires_unique_realistic_hero,"Generate owned/licensed hero, crop to repo target, wire heroImageName through source/resources/SQLite, and capture simulator proof.","Create a super-realistic app-owned hero photo for a Vietnamese travel phrasebook, matching the premium real-life menu-item hero image quality. No readable text, no logos, no watermarks, no faces as the subject. Keep the main landmark/object recognizable inside the upper third because the iOS masthead crops a shallow horizontal band. Show Cà phê Cheo Leo / Cheo Leo Cafe through a tasteful restaurant/street-food table or entrance mood without copying a real storefront sign or brand logo. Specific subject guidance: Old Saigon coffee shop with metal filters and small stools, realistic photo.","no readable text, no watermark, no logos, no fake signs, no unrelated Ha Long Bay/karst imagery for city-specific pages, no people as the main subject",Simulator screenshot plus phone spot-check before DONE,shared or legacy fallback; replace with unique app-owned generated realistic asset,docs/editorial-exports/viet-image-assets/hero-image-production-001/generated_hero_assets.json,Generate a unique realistic menu-quality image for this exact city noun; do not reuse the city masthead or another place image.
P0,NEEDS_UNIQUE_REALISTIC_ASSET,viet-family-city-hanoi-place-dinh-cafe,Cà phê Đinh / Dinh Cafe,restaurant,HeroCityHanoi,HeroCityHanoiPlaceDinhCafe,native-ios/Resources/Assets.xcassets/HeroCityHanoi.imageset/hero-city-hanoi.png,,853 x 1844,,853 x 1844,>= 1600 x 2400 preferred,PhraseListingView HeroMastheadImage,"center 50%, upper 32%; food or entrance must remain visible after fade",Recognizable subject must survive the top 276pt masthead crop; keep the key visual in the upper third and center 70% width.,city_place_requires_unique_realistic_hero,"Generate owned/licensed hero, crop to repo target, wire heroImageName through source/resources/SQLite, and capture simulator proof.","Create a super-realistic app-owned hero photo for a Vietnamese travel phrasebook, matching the premium real-life menu-item hero image quality. No readable text, no logos, no watermarks, no faces as the subject. Keep the main landmark/object recognizable inside the upper third because the iOS masthead crops a shallow horizontal band. Show Cà phê Đinh / Dinh Cafe through a tasteful restaurant/street-food table or entrance mood without copying a real storefront sign or brand logo. Specific subject guidance: Upstairs Hanoi cafe balcony with small coffee cups and lake glimpse, realistic photo.","no readable text, no watermark, no logos, no fake signs, no unrelated Ha Long Bay/karst imagery for city-specific pages, no people as the main subject",Simulator screenshot plus phone spot-check before DONE,shared or legacy fallback; replace with unique app-owned generated realistic asset,docs/editorial-exports/viet-image-assets/hero-image-production-001/generated_hero_assets.json,Generate a unique realistic menu-quality image for this exact city noun; do not reuse the city masthead or another place image.
P0,NEEDS_UNIQUE_REALISTIC_ASSET,viet-family-city-hanoi-place-giang-cafe,Cà phê Giảng / Cafe Giang,restaurant,HeroCityHanoi,HeroCityHanoiPlaceGiangCafe,native-ios/Resources/Assets.xcassets/HeroCityHanoi.imageset/hero-city-hanoi.png,,853 x 1844,,853 x 1844,>= 1600 x 2400 preferred,PhraseListingView HeroMastheadImage,"center 50%, upper 32%; food or entrance must remain visible after fade",Recognizable subject must survive the top 276pt masthead crop; keep the key visual in the upper third and center 70% width.,city_place_requires_unique_realistic_hero,"Generate owned/licensed hero, crop to repo target, wire heroImageName through source/resources/SQLite, and capture simulator proof.","Create a super-realistic app-owned hero photo for a Vietnamese travel phrasebook, matching the premium real-life menu-item hero image quality. No readable text, no logos, no watermarks, no faces as the subject. Keep the main landmark/object recognizable inside the upper third because the iOS masthead crops a shallow horizontal band. Show Cà phê Giảng / Cafe Giang through a tasteful restaurant/street-food table or entrance mood without copying a real storefront sign or brand logo. Specific subject guidance: Egg coffee cup in a compact Hanoi cafe, warm yellow light, realistic no-logo photo.","no readable text, no watermark, no logos, no fake signs, no unrelated Ha Long Bay/karst imagery for city-specific pages, no people as the main subject",Simulator screenshot plus phone spot-check before DONE,shared or legacy fallback; replace with unique app-owned generated realistic asset,docs/editorial-exports/viet-image-assets/hero-image-production-001/generated_hero_assets.json,Generate a unique realistic menu-quality image for this exact city noun; do not reuse the city masthead or another place image.
P0,NEEDS_UNIQUE_REALISTIC_ASSET,viet-family-city-hanoi-place-lam-cafe,Cà phê Lâm / Lam Cafe,restaurant,HeroCityHanoi,HeroCityHanoiPlaceLamCafe,native-ios/Resources/Assets.xcassets/HeroCityHanoi.imageset/hero-city-hanoi.png,,853 x 1844,,853 x 1844,>= 1600 x 2400 preferred,PhraseListingView HeroMastheadImage,"center 50%, upper 32%; food or entrance must remain visible after fade",Recognizable subject must survive the top 276pt masthead crop; keep the key visual in the upper third and center 70% width.,city_place_requires_unique_realistic_hero,"Generate owned/licensed hero, crop to repo target, wire heroImageName through source/resources/SQLite, and capture simulator proof.","Create a super-realistic app-owned hero photo for a Vietnamese travel phrasebook, matching the premium real-life menu-item hero image quality. No readable text, no logos, no watermarks, no faces as the subject. Keep the main landmark/object recognizable inside the upper third because the iOS masthead crops a shallow horizontal band. Show Cà phê Lâm / Lam Cafe through a tasteful restaurant/street-food table or entrance mood without copying a real storefront sign or brand logo. Specific subject guidance: Old Hanoi cafe interior with framed paintings and black coffee, realistic photo.","no readable text, no watermark, no logos, no fake signs, no unrelated Ha Long Bay/karst imagery for city-specific pages, no people as the main subject",Simulator screenshot plus phone spot-check before DONE,shared or legacy fallback; replace with unique app-owned generated realistic asset,docs/editorial-exports/viet-image-assets/hero-image-production-001/generated_hero_assets.json,Generate a unique realistic menu-quality image for this exact city noun; do not reuse the city masthead or another place image.
P0,NEEDS_UNIQUE_REALISTIC_ASSET,viet-family-city-danang-place-long-coffee,Cà phê Long / Long Coffee,restaurant,HeroCityDanang,HeroCityDanangPlaceLongCoffee,native-ios/Resources/Assets.xcassets/HeroCityDanang.imageset/hero-city-danang.png,,853 x 1844,,853 x 1844,>= 1600 x 2400 preferred,PhraseListingView HeroMastheadImage,"center 50%, upper 32%; food or entrance must remain visible after fade",Recognizable subject must survive the top 276pt masthead crop; keep the key visual in the upper third and center 70% width.,city_place_requires_unique_realistic_hero,"Generate owned/licensed hero, crop to repo target, wire heroImageName through source/resources/SQLite, and capture simulator proof.","Create a super-realistic app-owned hero photo for a Vietnamese travel phrasebook, matching the premium real-life menu-item hero image quality. No readable text, no logos, no watermarks, no faces as the subject. Keep the main landmark/object recognizable inside the upper third because the iOS masthead crops a shallow horizontal band. Show Cà phê Long / Long Coffee through a tasteful restaurant/street-food table or entrance mood without copying a real storefront sign or brand logo. Specific subject guidance: Photorealistic owned asset: old-school Vietnamese coffee table with metal phin and low stools, no logo.","no readable text, no watermark, no logos, no fake signs, no unrelated Ha Long Bay/karst imagery for city-specific pages, no people as the main subject",Simulator screenshot plus phone spot-check before DONE,shared or legacy fallback; replace with unique app-owned generated realistic asset,docs/editorial-exports/viet-image-assets/hero-image-production-001/generated_hero_assets.json,Generate a unique realistic menu-quality image for this exact city noun; do not reuse the city masthead or another place image.
P0,NEEDS_UNIQUE_REALISTIC_ASSET,viet-family-city-hanoi-place-nang-cafe,Cà phê Năng / Nang Cafe,restaurant,HeroCityHanoi,HeroCityHanoiPlaceNangCafe,native-ios/Resources/Assets.xcassets/HeroCityHanoi.imageset/hero-city-hanoi.png,,853 x 1844,,853 x 1844,>= 1600 x 2400 preferred,PhraseListingView HeroMastheadImage,"center 50%, upper 32%; food or entrance must remain visible after fade",Recognizable subject must survive the top 276pt masthead crop; keep the key visual in the upper third and center 70% width.,city_place_requires_unique_realistic_hero,"Generate owned/licensed hero, crop to repo target, wire heroImageName through source/resources/SQLite, and capture simulator proof.","Create a super-realistic app-owned hero photo for a Vietnamese travel phrasebook, matching the premium real-life menu-item hero image quality. No readable text, no logos, no watermarks, no faces as the subject. Keep the main landmark/object recognizable inside the upper third because the iOS masthead crops a shallow horizontal band. Show Cà phê Năng / Nang Cafe through a tasteful restaurant/street-food table or entrance mood without copying a real storefront sign or brand logo. Specific subject guidance: Small Hanoi phin coffee on wooden table, narrow cafe interior, realistic photo.","no readable text, no watermark, no logos, no fake signs, no unrelated Ha Long Bay/karst imagery for city-specific pages, no people as the main subject",Simulator screenshot plus phone spot-check before DONE,shared or legacy fallback; replace with unique app-owned generated realistic asset,docs/editorial-exports/viet-image-assets/hero-image-production-001/generated_hero_assets.json,Generate a unique realistic menu-quality image for this exact city noun; do not reuse the city masthead or another place image.
P0,NEEDS_UNIQUE_REALISTIC_ASSET,viet-family-city-hcmc-place-cafe-vot-pham-ngoc-thach,Cà phê vợt Phạm Ngọc Thạch / Pham Ngoc Thach cloth-filter coffee,restaurant,HeroCityHcmc,HeroCityHcmcPlaceCafeVotPhamNgocThach,native-ios/Resources/Assets.xcassets/HeroCityHcmc.imageset/hero-city-hcmc.png,,853 x 1844,,853 x 1844,>= 1600 x 2400 preferred,PhraseListingView HeroMastheadImage,"center 50%, upper 32%; food or entrance must remain visible after fade",Recognizable subject must survive the top 276pt masthead crop; keep the key visual in the upper third and center 70% width.,city_place_requires_unique_realistic_hero,"Generate owned/licensed hero, crop to repo target, wire heroImageName through source/resources/SQLite, and capture simulator proof.","Create a super-realistic app-owned hero photo for a Vietnamese travel phrasebook, matching the premium real-life menu-item hero image quality. No readable text, no logos, no watermarks, no faces as the subject. Keep the main landmark/object recognizable inside the upper third because the iOS masthead crops a shallow horizontal band. Show Cà phê vợt Phạm Ngọc Thạch / Pham Ngoc Thach cloth-filter coffee through a tasteful restaurant/street-food table or entrance mood without copying a real storefront sign or brand logo. Specific subject guidance: Cloth-filter coffee being poured in old Saigon cafe, realistic close-up.","no readable text, no watermark, no logos, no fake signs, no unrelated Ha Long Bay/karst imagery for city-specific pages, no people as the main subject",Simulator screenshot plus phone spot-check before DONE,shared or legacy fallback; replace with unique app-owned generated realistic asset,docs/editorial-exports/viet-image-assets/hero-image-production-001/generated_hero_assets.json,Generate a unique realistic menu-quality image for this exact city noun; do not reuse the city masthead or another place image.
P0,NEEDS_UNIQUE_REALISTIC_ASSET,viet-family-city-hoian-place-cargo-club,Cargo Club / Cargo Club,restaurant,HeroCityHoian,HeroCityHoianPlaceCargoClub,native-ios/Resources/Assets.xcassets/HeroCityHoian.imageset/hero-city-hoian.png,,853 x 1844,,853 x 1844,>= 1600 x 2400 preferred,PhraseListingView HeroMastheadImage,"center 50%, upper 32%; food or entrance must remain visible after fade",Recognizable subject must survive the top 276pt masthead crop; keep the key visual in the upper third and center 70% width.,city_place_requires_unique_realistic_hero,"Generate owned/licensed hero, crop to repo target, wire heroImageName through source/resources/SQLite, and capture simulator proof.","Create a super-realistic app-owned hero photo for a Vietnamese travel phrasebook, matching the premium real-life menu-item hero image quality. No readable text, no logos, no watermarks, no faces as the subject. Keep the main landmark/object recognizable inside the upper third because the iOS masthead crops a shallow horizontal band. Show Cargo Club / Cargo Club through a tasteful restaurant/street-food table or entrance mood without copying a real storefront sign or brand logo. Specific subject guidance: Photorealistic owned asset: old-town riverside dining terrace with yellow walls and lanterns, no brand marks.","no readable text, no watermark, no logos, no fake signs, no unrelated Ha Long Bay/karst imagery for city-specific pages, no people as the main subject",Simulator screenshot plus phone spot-check before DONE,shared or legacy fallback; replace with unique app-owned generated realistic asset,docs/editorial-exports/viet-image-assets/hero-image-production-001/generated_hero_assets.json,Generate a unique realistic menu-quality image for this exact city noun; do not reuse the city masthead or another place image.
P0,NEEDS_UNIQUE_REALISTIC_ASSET,viet-family-city-hanoi-place-cha-ca-thang-long,Chả cá Thăng Long / Cha Ca Thang Long,restaurant,HeroCityHanoi,HeroCityHanoiPlaceChaCaThangLong,native-ios/Resources/Assets.xcassets/HeroCityHanoi.imageset/hero-city-hanoi.png,,853 x 1844,,853 x 1844,>= 1600 x 2400 preferred,PhraseListingView HeroMastheadImage,"center 50%, upper 32%; food or entrance must remain visible after fade",Recognizable subject must survive the top 276pt masthead crop; keep the key visual in the upper third and center 70% width.,city_place_requires_unique_realistic_hero,"Generate owned/licensed hero, crop to repo target, wire heroImageName through source/resources/SQLite, and capture simulator proof.","Create a super-realistic app-owned hero photo for a Vietnamese travel phrasebook, matching the premium real-life menu-item hero image quality. No readable text, no logos, no watermarks, no faces as the subject. Keep the main landmark/object recognizable inside the upper third because the iOS masthead crops a shallow horizontal band. Show Chả cá Thăng Long / Cha Ca Thang Long through a tasteful restaurant/street-food table or entrance mood without copying a real storefront sign or brand logo. Specific subject guidance: Sizzling cha ca pan with dill and noodles on Hanoi table, photorealistic.","no readable text, no watermark, no logos, no fake signs, no unrelated Ha Long Bay/karst imagery for city-specific pages, no people as the main subject",Simulator screenshot plus phone spot-check before DONE,shared or legacy fallback; replace with unique app-owned generated realistic asset,docs/editorial-exports/viet-image-assets/hero-image-production-001/generated_hero_assets.json,Generate a unique realistic menu-quality image for this exact city noun; do not reuse the city masthead or another place image.
P0,NEEDS_UNIQUE_REALISTIC_ASSET,viet-family-city-hcmc-place-cafe-apartment-nguyen-hue,Chung cư cà phê Nguyễn Huệ / Cafe Apartment on Nguyen Hue,restaurant,HeroCityHcmc,HeroCityHcmcPlaceCafeApartmentNguyenHue,native-ios/Resources/Assets.xcassets/HeroCityHcmc.imageset/hero-city-hcmc.png,,853 x 1844,,853 x 1844,>= 1600 x 2400 preferred,PhraseListingView HeroMastheadImage,"center 50%, upper 32%; food or entrance must remain visible after fade",Recognizable subject must survive the top 276pt masthead crop; keep the key visual in the upper third and center 70% width.,city_place_requires_unique_realistic_hero,"Generate owned/licensed hero, crop to repo target, wire heroImageName through source/resources/SQLite, and capture simulator proof.","Create a super-realistic app-owned hero photo for a Vietnamese travel phrasebook, matching the premium real-life menu-item hero image quality. No readable text, no logos, no watermarks, no faces as the subject. Keep the main landmark/object recognizable inside the upper third because the iOS masthead crops a shallow horizontal band. Show Chung cư cà phê Nguyễn Huệ / Cafe Apartment on Nguyen Hue through a tasteful restaurant/street-food table or entrance mood without copying a real storefront sign or brand logo. Specific subject guidance: Nguyen Hue cafe apartment facade with balconies and warm cafe lights, photorealistic.","no readable text, no watermark, no logos, no fake signs, no unrelated Ha Long Bay/karst imagery for city-specific pages, no people as the main subject",Simulator screenshot plus phone spot-check before DONE,shared or legacy fallback; replace with unique app-owned generated realistic asset,docs/editorial-exports/viet-image-assets/hero-image-production-001/generated_hero_assets.json,Generate a unique realistic menu-quality image for this exact city noun; do not reuse the city masthead or another place image.
P0,NEEDS_UNIQUE_REALISTIC_ASSET,viet-family-city-hcmc-place-ciel,CieL / CieL,restaurant,HeroCityHcmc,HeroCityHcmcPlaceCiel,native-ios/Resources/Assets.xcassets/HeroCityHcmc.imageset/hero-city-hcmc.png,,853 x 1844,,853 x 1844,>= 1600 x 2400 preferred,PhraseListingView HeroMastheadImage,"center 50%, upper 32%; food or entrance must remain visible after fade",Recognizable subject must survive the top 276pt masthead crop; keep the key visual in the upper third and center 70% width.,city_place_requires_unique_realistic_hero,"Generate owned/licensed hero, crop to repo target, wire heroImageName through source/resources/SQLite, and capture simulator proof.","Create a super-realistic app-owned hero photo for a Vietnamese travel phrasebook, matching the premium real-life menu-item hero image quality. No readable text, no logos, no watermarks, no faces as the subject. Keep the main landmark/object recognizable inside the upper third because the iOS masthead crops a shallow horizontal band. Show CieL / CieL through a tasteful restaurant/street-food table or entrance mood without copying a real storefront sign or brand logo. Specific subject guidance: Intimate modern dining room with open kitchen and Vietnamese ingredients, realistic photo.","no readable text, no watermark, no logos, no fake signs, no unrelated Ha Long Bay/karst imagery for city-specific pages, no people as the main subject",Simulator screenshot plus phone spot-check before DONE,shared or legacy fallback; replace with unique app-owned generated realistic asset,docs/editorial-exports/viet-image-assets/hero-image-production-001/generated_hero_assets.json,Generate a unique realistic menu-quality image for this exact city noun; do not reuse the city masthead or another place image.
P0,NEEDS_UNIQUE_REALISTIC_ASSET,viet-family-city-danang-place-co-chu-nho,Cô Chủ Nhỏ / Co Chu Nho,restaurant,HeroCityDanang,HeroCityDanangPlaceCoChuNho,native-ios/Resources/Assets.xcassets/HeroCityDanang.imageset/hero-city-danang.png,,853 x 1844,,853 x 1844,>= 1600 x 2400 preferred,PhraseListingView HeroMastheadImage,"center 50%, upper 32%; food or entrance must remain visible after fade",Recognizable subject must survive the top 276pt masthead crop; keep the key visual in the upper third and center 70% width.,city_place_requires_unique_realistic_hero,"Generate owned/licensed hero, crop to repo target, wire heroImageName through source/resources/SQLite, and capture simulator proof.","Create a super-realistic app-owned hero photo for a Vietnamese travel phrasebook, matching the premium real-life menu-item hero image quality. No readable text, no logos, no watermarks, no faces as the subject. Keep the main landmark/object recognizable inside the upper third because the iOS masthead crops a shallow horizontal band. Show Cô Chủ Nhỏ / Co Chu Nho through a tasteful restaurant/street-food table or entrance mood without copying a real storefront sign or brand logo. Specific subject guidance: Photorealistic owned asset: casual Vietnamese eatery table with duck or noodle dishes, warm daylight, no storefront logo.","no readable text, no watermark, no logos, no fake signs, no unrelated Ha Long Bay/karst imagery for city-specific pages, no people as the main subject",Simulator screenshot plus phone spot-check before DONE,shared or legacy fallback; replace with unique app-owned generated realistic asset,docs/editorial-exports/viet-image-assets/hero-image-production-001/generated_hero_assets.json,Generate a unique realistic menu-quality image for this exact city noun; do not reuse the city masthead or another place image.
P0,NEEDS_UNIQUE_REALISTIC_ASSET,viet-family-city-hcmc-place-coco-dining,Coco Dining / Coco Dining,restaurant,HeroCityHcmc,HeroCityHcmcPlaceCocoDining,native-ios/Resources/Assets.xcassets/HeroCityHcmc.imageset/hero-city-hcmc.png,,853 x 1844,,853 x 1844,>= 1600 x 2400 preferred,PhraseListingView HeroMastheadImage,"center 50%, upper 32%; food or entrance must remain visible after fade",Recognizable subject must survive the top 276pt masthead crop; keep the key visual in the upper third and center 70% width.,city_place_requires_unique_realistic_hero,"Generate owned/licensed hero, crop to repo target, wire heroImageName through source/resources/SQLite, and capture simulator proof.","Create a super-realistic app-owned hero photo for a Vietnamese travel phrasebook, matching the premium real-life menu-item hero image quality. No readable text, no logos, no watermarks, no faces as the subject. Keep the main landmark/object recognizable inside the upper third because the iOS masthead crops a shallow horizontal band. Show Coco Dining / Coco Dining through a tasteful restaurant/street-food table or entrance mood without copying a real storefront sign or brand logo. Specific subject guidance: Stylish contemporary Vietnamese dining room, fermentation jars, warm light, realistic photo.","no readable text, no watermark, no logos, no fake signs, no unrelated Ha Long Bay/karst imagery for city-specific pages, no people as the main subject",Simulator screenshot plus phone spot-check before DONE,shared or legacy fallback; replace with unique app-owned generated realistic asset,docs/editorial-exports/viet-image-assets/hero-image-production-001/generated_hero_assets.json,Generate a unique realistic menu-quality image for this exact city noun; do not reuse the city masthead or another place image.
P0,NEEDS_UNIQUE_REALISTIC_ASSET,viet-family-city-hoian-place-cocobox,Cocobox / Cocobox,restaurant,HeroCityHoian,HeroCityHoianPlaceCocobox,native-ios/Resources/Assets.xcassets/HeroCityHoian.imageset/hero-city-hoian.png,,853 x 1844,,853 x 1844,>= 1600 x 2400 preferred,PhraseListingView HeroMastheadImage,"center 50%, upper 32%; food or entrance must remain visible after fade",Recognizable subject must survive the top 276pt masthead crop; keep the key visual in the upper third and center 70% width.,city_place_requires_unique_realistic_hero,"Generate owned/licensed hero, crop to repo target, wire heroImageName through source/resources/SQLite, and capture simulator proof.","Create a super-realistic app-owned hero photo for a Vietnamese travel phrasebook, matching the premium real-life menu-item hero image quality. No readable text, no logos, no watermarks, no faces as the subject. Keep the main landmark/object recognizable inside the upper third because the iOS masthead crops a shallow horizontal band. Show Cocobox / Cocobox through a tasteful restaurant/street-food table or entrance mood without copying a real storefront sign or brand logo. Specific subject guidance: Photorealistic owned asset: tropical juice and coffee counter with fruit, yellow wall, no logo.","no readable text, no watermark, no logos, no fake signs, no unrelated Ha Long Bay/karst imagery for city-specific pages, no people as the main subject",Simulator screenshot plus phone spot-check before DONE,shared or legacy fallback; replace with unique app-owned generated realistic asset,docs/editorial-exports/viet-image-assets/hero-image-production-001/generated_hero_assets.json,Generate a unique realistic menu-quality image for this exact city noun; do not reuse the city masthead or another place image.
P0,NEEDS_UNIQUE_REALISTIC_ASSET,viet-family-city-hcmc-place-com-tam-ba-ghien,Cơm tấm Ba Ghiền / Com Tam Ba Ghien,restaurant,HeroCityHcmc,HeroCityHcmcPlaceComTamBaGhien,native-ios/Resources/Assets.xcassets/HeroCityHcmc.imageset/hero-city-hcmc.png,,853 x 1844,,853 x 1844,>= 1600 x 2400 preferred,PhraseListingView HeroMastheadImage,"center 50%, upper 32%; food or entrance must remain visible after fade",Recognizable subject must survive the top 276pt masthead crop; keep the key visual in the upper third and center 70% width.,city_place_requires_unique_realistic_hero,"Generate owned/licensed hero, crop to repo target, wire heroImageName through source/resources/SQLite, and capture simulator proof.","Create a super-realistic app-owned hero photo for a Vietnamese travel phrasebook, matching the premium real-life menu-item hero image quality. No readable text, no logos, no watermarks, no faces as the subject. Keep the main landmark/object recognizable inside the upper third because the iOS masthead crops a shallow horizontal band. Show Cơm tấm Ba Ghiền / Com Tam Ba Ghien through a tasteful restaurant/street-food table or entrance mood without copying a real storefront sign or brand logo. Specific subject guidance: Plate of cơm tấm with grilled pork chop, egg, pickles, realistic Saigon food photo.","no readable text, no watermark, no logos, no fake signs, no unrelated Ha Long Bay/karst imagery for city-specific pages, no people as the main subject",Simulator screenshot plus phone spot-check before DONE,shared or legacy fallback; replace with unique app-owned generated realistic asset,docs/editorial-exports/viet-image-assets/hero-image-production-001/generated_hero_assets.json,Generate a unique realistic menu-quality image for this exact city noun; do not reuse the city masthead or another place image.
P0,NEEDS_UNIQUE_REALISTIC_ASSET,viet-family-city-hanoi-place-cong-ca-phe-trieu-viet-vuong,Cộng Cà Phê / Cong Ca Phe,restaurant,HeroCityHanoi,HeroCityHanoiPlaceCongCaPheTrieuVietVuong,native-ios/Resources/Assets.xcassets/HeroCityHanoi.imageset/hero-city-hanoi.png,,853 x 1844,,853 x 1844,>= 1600 x 2400 preferred,PhraseListingView HeroMastheadImage,"center 50%, upper 32%; food or entrance must remain visible after fade",Recognizable subject must survive the top 276pt masthead crop; keep the key visual in the upper third and center 70% width.,city_place_requires_unique_realistic_hero,"Generate owned/licensed hero, crop to repo target, wire heroImageName through source/resources/SQLite, and capture simulator proof.","Create a super-realistic app-owned hero photo for a Vietnamese travel phrasebook, matching the premium real-life menu-item hero image quality. No readable text, no logos, no watermarks, no faces as the subject. Keep the main landmark/object recognizable inside the upper third because the iOS masthead crops a shallow horizontal band. Show Cộng Cà Phê / Cong Ca Phe through a tasteful restaurant/street-food table or entrance mood without copying a real storefront sign or brand logo. Specific subject guidance: Retro-style Vietnamese cafe with green chairs and phin coffee, no logo, realistic photo.","no readable text, no watermark, no logos, no fake signs, no unrelated Ha Long Bay/karst imagery for city-specific pages, no people as the main subject",Simulator screenshot plus phone spot-check before DONE,shared or legacy fallback; replace with unique app-owned generated realistic asset,docs/editorial-exports/viet-image-assets/hero-image-production-001/generated_hero_assets.json,Generate a unique realistic menu-quality image for this exact city noun; do not reuse the city masthead or another place image.
P0,NEEDS_UNIQUE_REALISTIC_ASSET,viet-family-city-danang-place-cong-caphe-bach-dang,Cộng Cà Phê Bạch Đằng / Cong Caphe Bach Dang,restaurant,HeroCityDanang,HeroCityDanangPlaceCongCapheBachDang,native-ios/Resources/Assets.xcassets/HeroCityDanang.imageset/hero-city-danang.png,,853 x 1844,,853 x 1844,>= 1600 x 2400 preferred,PhraseListingView HeroMastheadImage,"center 50%, upper 32%; food or entrance must remain visible after fade",Recognizable subject must survive the top 276pt masthead crop; keep the key visual in the upper third and center 70% width.,city_place_requires_unique_realistic_hero,"Generate owned/licensed hero, crop to repo target, wire heroImageName through source/resources/SQLite, and capture simulator proof.","Create a super-realistic app-owned hero photo for a Vietnamese travel phrasebook, matching the premium real-life menu-item hero image quality. No readable text, no logos, no watermarks, no faces as the subject. Keep the main landmark/object recognizable inside the upper third because the iOS masthead crops a shallow horizontal band. Show Cộng Cà Phê Bạch Đằng / Cong Caphe Bach Dang through a tasteful restaurant/street-food table or entrance mood without copying a real storefront sign or brand logo. Specific subject guidance: Photorealistic owned asset: green-toned Vietnamese cafe balcony near river, invented signage, no exact logo.","no readable text, no watermark, no logos, no fake signs, no unrelated Ha Long Bay/karst imagery for city-specific pages, no people as the main subject",Simulator screenshot plus phone spot-check before DONE,shared or legacy fallback; replace with unique app-owned generated realistic asset,docs/editorial-exports/viet-image-assets/hero-image-production-001/generated_hero_assets.json,Generate a unique realistic menu-quality image for this exact city noun; do not reuse the city masthead or another place image.
P0,NEEDS_UNIQUE_REALISTIC_ASSET,viet-family-city-hcmc-place-cong-ca-phe-dong-khoi,Cộng Cà Phê Đồng Khởi / Cong Ca Phe Dong Khoi,restaurant,HeroCityHcmc,HeroCityHcmcPlaceCongCaPheDongKhoi,native-ios/Resources/Assets.xcassets/HeroCityHcmc.imageset/hero-city-hcmc.png,,853 x 1844,,853 x 1844,>= 1600 x 2400 preferred,PhraseListingView HeroMastheadImage,"center 50%, upper 32%; food or entrance must remain visible after fade",Recognizable subject must survive the top 276pt masthead crop; keep the key visual in the upper third and center 70% width.,city_place_requires_unique_realistic_hero,"Generate owned/licensed hero, crop to repo target, wire heroImageName through source/resources/SQLite, and capture simulator proof.","Create a super-realistic app-owned hero photo for a Vietnamese travel phrasebook, matching the premium real-life menu-item hero image quality. No readable text, no logos, no watermarks, no faces as the subject. Keep the main landmark/object recognizable inside the upper third because the iOS masthead crops a shallow horizontal band. Show Cộng Cà Phê Đồng Khởi / Cong Ca Phe Dong Khoi through a tasteful restaurant/street-food table or entrance mood without copying a real storefront sign or brand logo. Specific subject guidance: Retro Vietnamese cafe corner on Dong Khoi, coconut coffee, realistic no-logo photo.","no readable text, no watermark, no logos, no fake signs, no unrelated Ha Long Bay/karst imagery for city-specific pages, no people as the main subject",Simulator screenshot plus phone spot-check before DONE,shared or legacy fallback; replace with unique app-owned generated realistic asset,docs/editorial-exports/viet-image-assets/hero-image-production-001/generated_hero_assets.json,Generate a unique realistic menu-quality image for this exact city noun; do not reuse the city masthead or another place image.
P0,NEEDS_UNIQUE_REALISTIC_ASSET,viet-family-city-hcmc-place-cuc-gach-quan,Cục Gạch Quán / Cuc Gach Quan,restaurant,HeroCityHcmc,HeroCityHcmcPlaceCucGachQuan,native-ios/Resources/Assets.xcassets/HeroCityHcmc.imageset/hero-city-hcmc.png,,853 x 1844,,853 x 1844,>= 1600 x 2400 preferred,PhraseListingView HeroMastheadImage,"center 50%, upper 32%; food or entrance must remain visible after fade",Recognizable subject must survive the top 276pt masthead crop; keep the key visual in the upper third and center 70% width.,city_place_requires_unique_realistic_hero,"Generate owned/licensed hero, crop to repo target, wire heroImageName through source/resources/SQLite, and capture simulator proof.","Create a super-realistic app-owned hero photo for a Vietnamese travel phrasebook, matching the premium real-life menu-item hero image quality. No readable text, no logos, no watermarks, no faces as the subject. Keep the main landmark/object recognizable inside the upper third because the iOS masthead crops a shallow horizontal band. Show Cục Gạch Quán / Cuc Gach Quan through a tasteful restaurant/street-food table or entrance mood without copying a real storefront sign or brand logo. Specific subject guidance: Old Saigon house restaurant interior with tiled floor and family-style dishes, realistic photo.","no readable text, no watermark, no logos, no fake signs, no unrelated Ha Long Bay/karst imagery for city-specific pages, no people as the main subject",Simulator screenshot plus phone spot-check before DONE,shared or legacy fallback; replace with unique app-owned generated realistic asset,docs/editorial-exports/viet-image-assets/hero-image-production-001/generated_hero_assets.json,Generate a unique realistic menu-quality image for this exact city noun; do not reuse the city masthead or another place image.
P0,NEEDS_UNIQUE_REALISTIC_ASSET,viet-family-city-hue-place-de-po-cafe,De Po Cafe / De Po Cafe,restaurant,HeroCityHue,HeroCityHuePlaceDePoCafe,native-ios/Resources/Assets.xcassets/HeroCityHue.imageset/hero-city-hue.png,,853 x 1844,,853 x 1844,>= 1600 x 2400 preferred,PhraseListingView HeroMastheadImage,"center 50%, upper 32%; food or entrance must remain visible after fade",Recognizable subject must survive the top 276pt masthead crop; keep the key visual in the upper third and center 70% width.,city_place_requires_unique_realistic_hero,"Generate owned/licensed hero, crop to repo target, wire heroImageName through source/resources/SQLite, and capture simulator proof.","Create a super-realistic app-owned hero photo for a Vietnamese travel phrasebook, matching the premium real-life menu-item hero image quality. No readable text, no logos, no watermarks, no faces as the subject. Keep the main landmark/object recognizable inside the upper third because the iOS masthead crops a shallow horizontal band. Show De Po Cafe / De Po Cafe through a tasteful restaurant/street-food table or entrance mood without copying a real storefront sign or brand logo. Specific subject guidance: Photorealistic upstairs market cafe with balcony view over market aisles, coffee glass, Hue bustle below.","no readable text, no watermark, no logos, no fake signs, no unrelated Ha Long Bay/karst imagery for city-specific pages, no people as the main subject",Simulator screenshot plus phone spot-check before DONE,shared or legacy fallback; replace with unique app-owned generated realistic asset,docs/editorial-exports/viet-image-assets/hero-image-production-001/generated_hero_assets.json,Generate a unique realistic menu-quality image for this exact city noun; do not reuse the city masthead or another place image.
P0,NEEDS_UNIQUE_REALISTIC_ASSET,viet-family-city-hoian-place-faifo-coffee,Faifo Coffee / Faifo Coffee,restaurant,HeroCityHoian,HeroCityHoianPlaceFaifoCoffee,native-ios/Resources/Assets.xcassets/HeroCityHoian.imageset/hero-city-hoian.png,,853 x 1844,,853 x 1844,>= 1600 x 2400 preferred,PhraseListingView HeroMastheadImage,"center 50%, upper 32%; food or entrance must remain visible after fade",Recognizable subject must survive the top 276pt masthead crop; keep the key visual in the upper third and center 70% width.,city_place_requires_unique_realistic_hero,"Generate owned/licensed hero, crop to repo target, wire heroImageName through source/resources/SQLite, and capture simulator proof.","Create a super-realistic app-owned hero photo for a Vietnamese travel phrasebook, matching the premium real-life menu-item hero image quality. No readable text, no logos, no watermarks, no faces as the subject. Keep the main landmark/object recognizable inside the upper third because the iOS masthead crops a shallow horizontal band. Show Faifo Coffee / Faifo Coffee through a tasteful restaurant/street-food table or entrance mood without copying a real storefront sign or brand logo. Specific subject guidance: Photorealistic owned asset: old-town rooftop coffee table overlooking yellow roofs, no logo, golden light.","no readable text, no watermark, no logos, no fake signs, no unrelated Ha Long Bay/karst imagery for city-specific pages, no people as the main subject",Simulator screenshot plus phone spot-check before DONE,shared or legacy fallback; replace with unique app-owned generated realistic asset,docs/editorial-exports/viet-image-assets/hero-image-production-001/generated_hero_assets.json,Generate a unique realistic menu-quality image for this exact city noun; do not reuse the city masthead or another place image.
P0,NEEDS_UNIQUE_REALISTIC_ASSET,viet-family-city-danang-place-fatfish,Fatfish / Fatfish Restaurant & Lounge Bar,restaurant,HeroCityDanang,HeroCityDanangPlaceFatfish,native-ios/Resources/Assets.xcassets/HeroCityDanang.imageset/hero-city-danang.png,,853 x 1844,,853 x 1844,>= 1600 x 2400 preferred,PhraseListingView HeroMastheadImage,"center 50%, upper 32%; food or entrance must remain visible after fade",Recognizable subject must survive the top 276pt masthead crop; keep the key visual in the upper third and center 70% width.,city_place_requires_unique_realistic_hero,"Generate owned/licensed hero, crop to repo target, wire heroImageName through source/resources/SQLite, and capture simulator proof.","Create a super-realistic app-owned hero photo for a Vietnamese travel phrasebook, matching the premium real-life menu-item hero image quality. No readable text, no logos, no watermarks, no faces as the subject. Keep the main landmark/object recognizable inside the upper third because the iOS masthead crops a shallow horizontal band. Show Fatfish / Fatfish Restaurant & Lounge Bar through a tasteful restaurant/street-food table or entrance mood without copying a real storefront sign or brand logo. Specific subject guidance: Photorealistic owned asset: riverside restaurant terrace with warm lights and Han River blur, neutral signage.","no readable text, no watermark, no logos, no fake signs, no unrelated Ha Long Bay/karst imagery for city-specific pages, no people as the main subject",Simulator screenshot plus phone spot-check before DONE,shared or legacy fallback; replace with unique app-owned generated realistic asset,docs/editorial-exports/viet-image-assets/hero-image-production-001/generated_hero_assets.json,Generate a unique realistic menu-quality image for this exact city noun; do not reuse the city masthead or another place image.
P0,NEEDS_UNIQUE_REALISTIC_ASSET,viet-family-city-hanoi-place-gia,Gia / Gia,restaurant,HeroCityHanoi,HeroCityHanoiPlaceGia,native-ios/Resources/Assets.xcassets/HeroCityHanoi.imageset/hero-city-hanoi.png,,853 x 1844,,853 x 1844,>= 1600 x 2400 preferred,PhraseListingView HeroMastheadImage,"center 50%, upper 32%; food or entrance must remain visible after fade",Recognizable subject must survive the top 276pt masthead crop; keep the key visual in the upper third and center 70% width.,city_place_requires_unique_realistic_hero,"Generate owned/licensed hero, crop to repo target, wire heroImageName through source/resources/SQLite, and capture simulator proof.","Create a super-realistic app-owned hero photo for a Vietnamese travel phrasebook, matching the premium real-life menu-item hero image quality. No readable text, no logos, no watermarks, no faces as the subject. Keep the main landmark/object recognizable inside the upper third because the iOS masthead crops a shallow horizontal band. Show Gia / Gia through a tasteful restaurant/street-food table or entrance mood without copying a real storefront sign or brand logo. Specific subject guidance: Elegant contemporary Vietnamese dining counter, muted Hanoi interior, realistic photo.","no readable text, no watermark, no logos, no fake signs, no unrelated Ha Long Bay/karst imagery for city-specific pages, no people as the main subject",Simulator screenshot plus phone spot-check before DONE,shared or legacy fallback; replace with unique app-owned generated realistic asset,docs/editorial-exports/viet-image-assets/hero-image-production-001/generated_hero_assets.json,Generate a unique realistic menu-quality image for this exact city noun; do not reuse the city masthead or another place image.
P0,NEEDS_UNIQUE_REALISTIC_ASSET,viet-family-city-hoian-place-bale-well,Giếng Bà Lễ / Bale Well,restaurant,HeroCityHoian,HeroCityHoianPlaceBaleWell,native-ios/Resources/Assets.xcassets/HeroCityHoian.imageset/hero-city-hoian.png,,853 x 1844,,853 x 1844,>= 1600 x 2400 preferred,PhraseListingView HeroMastheadImage,"center 50%, upper 32%; food or entrance must remain visible after fade",Recognizable subject must survive the top 276pt masthead crop; keep the key visual in the upper third and center 70% width.,city_place_requires_unique_realistic_hero,"Generate owned/licensed hero, crop to repo target, wire heroImageName through source/resources/SQLite, and capture simulator proof.","Create a super-realistic app-owned hero photo for a Vietnamese travel phrasebook, matching the premium real-life menu-item hero image quality. No readable text, no logos, no watermarks, no faces as the subject. Keep the main landmark/object recognizable inside the upper third because the iOS masthead crops a shallow horizontal band. Show Giếng Bà Lễ / Bale Well through a tasteful restaurant/street-food table or entrance mood without copying a real storefront sign or brand logo. Specific subject guidance: Photorealistic owned asset: casual Hoi An table with grilled skewers, herbs, and rice paper, no signage.","no readable text, no watermark, no logos, no fake signs, no unrelated Ha Long Bay/karst imagery for city-specific pages, no people as the main subject",Simulator screenshot plus phone spot-check before DONE,shared or legacy fallback; replace with unique app-owned generated realistic asset,docs/editorial-exports/viet-image-assets/hero-image-production-001/generated_hero_assets.json,Generate a unique realistic menu-quality image for this exact city noun; do not reuse the city masthead or another place image.
P0,NEEDS_UNIQUE_REALISTIC_ASSET,viet-family-city-danang-place-be-man,Hải sản Bé Mặn / Be Man Seafood,restaurant,HeroCityDanang,HeroCityDanangPlaceBeMan,native-ios/Resources/Assets.xcassets/HeroCityDanang.imageset/hero-city-danang.png,,853 x 1844,,853 x 1844,>= 1600 x 2400 preferred,PhraseListingView HeroMastheadImage,"center 50%, upper 32%; food or entrance must remain visible after fade",Recognizable subject must survive the top 276pt masthead crop; keep the key visual in the upper third and center 70% width.,city_place_requires_unique_realistic_hero,"Generate owned/licensed hero, crop to repo target, wire heroImageName through source/resources/SQLite, and capture simulator proof.","Create a super-realistic app-owned hero photo for a Vietnamese travel phrasebook, matching the premium real-life menu-item hero image quality. No readable text, no logos, no watermarks, no faces as the subject. Keep the main landmark/object recognizable inside the upper third because the iOS masthead crops a shallow horizontal band. Show Hải sản Bé Mặn / Be Man Seafood through a tasteful restaurant/street-food table or entrance mood without copying a real storefront sign or brand logo. Specific subject guidance: Photorealistic owned asset: open-air seafood restaurant tables with ice trays and sea breeze, no identifiable staff.","no readable text, no watermark, no logos, no fake signs, no unrelated Ha Long Bay/karst imagery for city-specific pages, no people as the main subject",Simulator screenshot plus phone spot-check before DONE,shared or legacy fallback; replace with unique app-owned generated realistic asset,docs/editorial-exports/viet-image-assets/hero-image-production-001/generated_hero_assets.json,Generate a unique realistic menu-quality image for this exact city noun; do not reuse the city masthead or another place image.
P0,NEEDS_UNIQUE_REALISTIC_ASSET,viet-family-city-danang-place-nam-danh-seafood,Hải sản Năm Đảnh / Nam Danh Seafood,restaurant,HeroCityDanang,HeroCityDanangPlaceNamDanhSeafood,native-ios/Resources/Assets.xcassets/HeroCityDanang.imageset/hero-city-danang.png,,853 x 1844,,853 x 1844,>= 1600 x 2400 preferred,PhraseListingView HeroMastheadImage,"center 50%, upper 32%; food or entrance must remain visible after fade",Recognizable subject must survive the top 276pt masthead crop; keep the key visual in the upper third and center 70% width.,city_place_requires_unique_realistic_hero,"Generate owned/licensed hero, crop to repo target, wire heroImageName through source/resources/SQLite, and capture simulator proof.","Create a super-realistic app-owned hero photo for a Vietnamese travel phrasebook, matching the premium real-life menu-item hero image quality. No readable text, no logos, no watermarks, no faces as the subject. Keep the main landmark/object recognizable inside the upper third because the iOS masthead crops a shallow horizontal band. Show Hải sản Năm Đảnh / Nam Danh Seafood through a tasteful restaurant/street-food table or entrance mood without copying a real storefront sign or brand logo. Specific subject guidance: Photorealistic owned asset: seafood table with clams, grilled fish, and plastic stools, realistic neighborhood setting, no signage.","no readable text, no watermark, no logos, no fake signs, no unrelated Ha Long Bay/karst imagery for city-specific pages, no people as the main subject",Simulator screenshot plus phone spot-check before DONE,shared or legacy fallback; replace with unique app-owned generated realistic asset,docs/editorial-exports/viet-image-assets/hero-image-production-001/generated_hero_assets.json,Generate a unique realistic menu-quality image for this exact city noun; do not reuse the city masthead or another place image.
P0,NEEDS_UNIQUE_REALISTIC_ASSET,viet-family-city-hanoi-place-hibana-by-koki,Hibana by Koki / Hibana by Koki,restaurant,HeroCityHanoi,HeroCityHanoiPlaceHibanaByKoki,native-ios/Resources/Assets.xcassets/HeroCityHanoi.imageset/hero-city-hanoi.png,,853 x 1844,,853 x 1844,>= 1600 x 2400 preferred,PhraseListingView HeroMastheadImage,"center 50%, upper 32%; food or entrance must remain visible after fade",Recognizable subject must survive the top 276pt masthead crop; keep the key visual in the upper third and center 70% width.,city_place_requires_unique_realistic_hero,"Generate owned/licensed hero, crop to repo target, wire heroImageName through source/resources/SQLite, and capture simulator proof.","Create a super-realistic app-owned hero photo for a Vietnamese travel phrasebook, matching the premium real-life menu-item hero image quality. No readable text, no logos, no watermarks, no faces as the subject. Keep the main landmark/object recognizable inside the upper third because the iOS masthead crops a shallow horizontal band. Show Hibana by Koki / Hibana by Koki through a tasteful restaurant/street-food table or entrance mood without copying a real storefront sign or brand logo. Specific subject guidance: Refined teppanyaki counter with chef hands and grill, no logo, photorealistic.","no readable text, no watermark, no logos, no fake signs, no unrelated Ha Long Bay/karst imagery for city-specific pages, no people as the main subject",Simulator screenshot plus phone spot-check before DONE,shared or legacy fallback; replace with unique app-owned generated realistic asset,docs/editorial-exports/viet-image-assets/hero-image-production-001/generated_hero_assets.json,Generate a unique realistic menu-quality image for this exact city noun; do not reuse the city masthead or another place image.
P0,NEEDS_UNIQUE_REALISTIC_ASSET,viet-family-city-hoian-place-roastery,Hoi An Roastery / Hoi An Roastery,restaurant,HeroCityHoian,HeroCityHoianPlaceRoastery,native-ios/Resources/Assets.xcassets/HeroCityHoian.imageset/hero-city-hoian.png,,853 x 1844,,853 x 1844,>= 1600 x 2400 preferred,PhraseListingView HeroMastheadImage,"center 50%, upper 32%; food or entrance must remain visible after fade",Recognizable subject must survive the top 276pt masthead crop; keep the key visual in the upper third and center 70% width.,city_place_requires_unique_realistic_hero,"Generate owned/licensed hero, crop to repo target, wire heroImageName through source/resources/SQLite, and capture simulator proof.","Create a super-realistic app-owned hero photo for a Vietnamese travel phrasebook, matching the premium real-life menu-item hero image quality. No readable text, no logos, no watermarks, no faces as the subject. Keep the main landmark/object recognizable inside the upper third because the iOS masthead crops a shallow horizontal band. Show Hoi An Roastery / Hoi An Roastery through a tasteful restaurant/street-food table or entrance mood without copying a real storefront sign or brand logo. Specific subject guidance: Photorealistic owned asset: roastery counter with coffee cups and yellow old-town wall, neutral signage.","no readable text, no watermark, no logos, no fake signs, no unrelated Ha Long Bay/karst imagery for city-specific pages, no people as the main subject",Simulator screenshot plus phone spot-check before DONE,shared or legacy fallback; replace with unique app-owned generated realistic asset,docs/editorial-exports/viet-image-assets/hero-image-production-001/generated_hero_assets.json,Generate a unique realistic menu-quality image for this exact city noun; do not reuse the city masthead or another place image.
P0,NEEDS_UNIQUE_REALISTIC_ASSET,viet-family-city-hue-place-khong-gian-hoai-co-coffee,Không Gian Hoài Cổ Coffee / Khong Gian Hoai Co Coffee,restaurant,HeroCityHue,HeroCityHuePlaceKhongGianHoaiCoCoffee,native-ios/Resources/Assets.xcassets/HeroCityHue.imageset/hero-city-hue.png,,853 x 1844,,853 x 1844,>= 1600 x 2400 preferred,PhraseListingView HeroMastheadImage,"center 50%, upper 32%; food or entrance must remain visible after fade",Recognizable subject must survive the top 276pt masthead crop; keep the key visual in the upper third and center 70% width.,city_place_requires_unique_realistic_hero,"Generate owned/licensed hero, crop to repo target, wire heroImageName through source/resources/SQLite, and capture simulator proof.","Create a super-realistic app-owned hero photo for a Vietnamese travel phrasebook, matching the premium real-life menu-item hero image quality. No readable text, no logos, no watermarks, no faces as the subject. Keep the main landmark/object recognizable inside the upper third because the iOS masthead crops a shallow horizontal band. Show Không Gian Hoài Cổ Coffee / Khong Gian Hoai Co Coffee through a tasteful restaurant/street-food table or entrance mood without copying a real storefront sign or brand logo. Specific subject guidance: Photorealistic antique Hue coffee room with wooden furniture, old photos, and iced coffee on table.","no readable text, no watermark, no logos, no fake signs, no unrelated Ha Long Bay/karst imagery for city-specific pages, no people as the main subject",Simulator screenshot plus phone spot-check before DONE,shared or legacy fallback; replace with unique app-owned generated realistic asset,docs/editorial-exports/viet-image-assets/hero-image-production-001/generated_hero_assets.json,Generate a unique realistic menu-quality image for this exact city noun; do not reuse the city masthead or another place image.
P0,NEEDS_UNIQUE_REALISTIC_ASSET,viet-family-city-hue-place-ancient-space-restaurant,Không gian xưa / Ancient Space Restaurant,restaurant,HeroCityHue,HeroCityHuePlaceAncientSpaceRestaurant,native-ios/Resources/Assets.xcassets/HeroCityHue.imageset/hero-city-hue.png,,853 x 1844,,853 x 1844,>= 1600 x 2400 preferred,PhraseListingView HeroMastheadImage,"center 50%, upper 32%; food or entrance must remain visible after fade",Recognizable subject must survive the top 276pt masthead crop; keep the key visual in the upper third and center 70% width.,city_place_requires_unique_realistic_hero,"Generate owned/licensed hero, crop to repo target, wire heroImageName through source/resources/SQLite, and capture simulator proof.","Create a super-realistic app-owned hero photo for a Vietnamese travel phrasebook, matching the premium real-life menu-item hero image quality. No readable text, no logos, no watermarks, no faces as the subject. Keep the main landmark/object recognizable inside the upper third because the iOS masthead crops a shallow horizontal band. Show Không gian xưa / Ancient Space Restaurant through a tasteful restaurant/street-food table or entrance mood without copying a real storefront sign or brand logo. Specific subject guidance: Photorealistic ruong-house restaurant compound with tiled roof, garden path, and Hue meal setting.","no readable text, no watermark, no logos, no fake signs, no unrelated Ha Long Bay/karst imagery for city-specific pages, no people as the main subject",Simulator screenshot plus phone spot-check before DONE,shared or legacy fallback; replace with unique app-owned generated realistic asset,docs/editorial-exports/viet-image-assets/hero-image-production-001/generated_hero_assets.json,Generate a unique realistic menu-quality image for this exact city noun; do not reuse the city masthead or another place image.
P0,NEEDS_UNIQUE_REALISTIC_ASSET,viet-family-city-hue-place-kodo-cafe,KODO Cafe / KODO Cafe,restaurant,HeroCityHue,HeroCityHuePlaceKodoCafe,native-ios/Resources/Assets.xcassets/HeroCityHue.imageset/hero-city-hue.png,,853 x 1844,,853 x 1844,>= 1600 x 2400 preferred,PhraseListingView HeroMastheadImage,"center 50%, upper 32%; food or entrance must remain visible after fade",Recognizable subject must survive the top 276pt masthead crop; keep the key visual in the upper third and center 70% width.,city_place_requires_unique_realistic_hero,"Generate owned/licensed hero, crop to repo target, wire heroImageName through source/resources/SQLite, and capture simulator proof.","Create a super-realistic app-owned hero photo for a Vietnamese travel phrasebook, matching the premium real-life menu-item hero image quality. No readable text, no logos, no watermarks, no faces as the subject. Keep the main landmark/object recognizable inside the upper third because the iOS masthead crops a shallow horizontal band. Show KODO Cafe / KODO Cafe through a tasteful restaurant/street-food table or entrance mood without copying a real storefront sign or brand logo. Specific subject guidance: Photorealistic contemporary garden cafe with greenery, light wood, and Hue-style calm atmosphere.","no readable text, no watermark, no logos, no fake signs, no unrelated Ha Long Bay/karst imagery for city-specific pages, no people as the main subject",Simulator screenshot plus phone spot-check before DONE,shared or legacy fallback; replace with unique app-owned generated realistic asset,docs/editorial-exports/viet-image-assets/hero-image-production-001/generated_hero_assets.json,Generate a unique realistic menu-quality image for this exact city noun; do not reuse the city masthead or another place image.
P0,NEEDS_UNIQUE_REALISTIC_ASSET,viet-family-city-hcmc-place-lusine-thao-dien,L'Usine Thảo Điền / L'Usine Thao Dien,restaurant,HeroCityHcmc,HeroCityHcmcPlaceLusineThaoDien,native-ios/Resources/Assets.xcassets/HeroCityHcmc.imageset/hero-city-hcmc.png,,853 x 1844,,853 x 1844,>= 1600 x 2400 preferred,PhraseListingView HeroMastheadImage,"center 50%, upper 32%; food or entrance must remain visible after fade",Recognizable subject must survive the top 276pt masthead crop; keep the key visual in the upper third and center 70% width.,city_place_requires_unique_realistic_hero,"Generate owned/licensed hero, crop to repo target, wire heroImageName through source/resources/SQLite, and capture simulator proof.","Create a super-realistic app-owned hero photo for a Vietnamese travel phrasebook, matching the premium real-life menu-item hero image quality. No readable text, no logos, no watermarks, no faces as the subject. Keep the main landmark/object recognizable inside the upper third because the iOS masthead crops a shallow horizontal band. Show L'Usine Thảo Điền / L'Usine Thao Dien through a tasteful restaurant/street-food table or entrance mood without copying a real storefront sign or brand logo. Specific subject guidance: Leafy Thao Dien cafe terrace with iced coffee and villa setting, realistic photo, no logo.","no readable text, no watermark, no logos, no fake signs, no unrelated Ha Long Bay/karst imagery for city-specific pages, no people as the main subject",Simulator screenshot plus phone spot-check before DONE,shared or legacy fallback; replace with unique app-owned generated realistic asset,docs/editorial-exports/viet-image-assets/hero-image-production-001/generated_hero_assets.json,Generate a unique realistic menu-quality image for this exact city noun; do not reuse the city masthead or another place image.
P0,NEEDS_UNIQUE_REALISTIC_ASSET,viet-family-city-danang-place-la-maison-1888,La Maison 1888 / La Maison 1888,restaurant,HeroCityDanang,HeroCityDanangPlaceLaMaison1888,native-ios/Resources/Assets.xcassets/HeroCityDanang.imageset/hero-city-danang.png,,853 x 1844,,853 x 1844,>= 1600 x 2400 preferred,PhraseListingView HeroMastheadImage,"center 50%, upper 32%; food or entrance must remain visible after fade",Recognizable subject must survive the top 276pt masthead crop; keep the key visual in the upper third and center 70% width.,city_place_requires_unique_realistic_hero,"Generate owned/licensed hero, crop to repo target, wire heroImageName through source/resources/SQLite, and capture simulator proof.","Create a super-realistic app-owned hero photo for a Vietnamese travel phrasebook, matching the premium real-life menu-item hero image quality. No readable text, no logos, no watermarks, no faces as the subject. Keep the main landmark/object recognizable inside the upper third because the iOS masthead crops a shallow horizontal band. Show La Maison 1888 / La Maison 1888 through a tasteful restaurant/street-food table or entrance mood without copying a real storefront sign or brand logo. Specific subject guidance: Photorealistic owned asset: elegant colonial-style dining room mood with white tablecloths, no brand marks.","no readable text, no watermark, no logos, no fake signs, no unrelated Ha Long Bay/karst imagery for city-specific pages, no people as the main subject",Simulator screenshot plus phone spot-check before DONE,shared or legacy fallback; replace with unique app-owned generated realistic asset,docs/editorial-exports/viet-image-assets/hero-image-production-001/generated_hero_assets.json,Generate a unique realistic menu-quality image for this exact city noun; do not reuse the city masthead or another place image.
P0,NEEDS_UNIQUE_REALISTIC_ASSET,viet-family-city-hanoi-place-lamai-garden,Lamai Garden / Lamai Garden,restaurant,HeroCityHanoi,HeroCityHanoiPlaceLamaiGarden,native-ios/Resources/Assets.xcassets/HeroCityHanoi.imageset/hero-city-hanoi.png,,853 x 1844,,853 x 1844,>= 1600 x 2400 preferred,PhraseListingView HeroMastheadImage,"center 50%, upper 32%; food or entrance must remain visible after fade",Recognizable subject must survive the top 276pt masthead crop; keep the key visual in the upper third and center 70% width.,city_place_requires_unique_realistic_hero,"Generate owned/licensed hero, crop to repo target, wire heroImageName through source/resources/SQLite, and capture simulator proof.","Create a super-realistic app-owned hero photo for a Vietnamese travel phrasebook, matching the premium real-life menu-item hero image quality. No readable text, no logos, no watermarks, no faces as the subject. Keep the main landmark/object recognizable inside the upper third because the iOS masthead crops a shallow horizontal band. Show Lamai Garden / Lamai Garden through a tasteful restaurant/street-food table or entrance mood without copying a real storefront sign or brand logo. Specific subject guidance: Garden path leading to contemporary Vietnamese restaurant, herbs and warm interior, realistic photo.","no readable text, no watermark, no logos, no fake signs, no unrelated Ha Long Bay/karst imagery for city-specific pages, no people as the main subject",Simulator screenshot plus phone spot-check before DONE,shared or legacy fallback; replace with unique app-owned generated realistic asset,docs/editorial-exports/viet-image-assets/hero-image-production-001/generated_hero_assets.json,Generate a unique realistic menu-quality image for this exact city noun; do not reuse the city masthead or another place image.
P0,NEEDS_UNIQUE_REALISTIC_ASSET,viet-family-city-hue-place-lang-thang-coffee,Lang Thang Coffee / Lang Thang Coffee,restaurant,HeroCityHue,HeroCityHuePlaceLangThangCoffee,native-ios/Resources/Assets.xcassets/HeroCityHue.imageset/hero-city-hue.png,,853 x 1844,,853 x 1844,>= 1600 x 2400 preferred,PhraseListingView HeroMastheadImage,"center 50%, upper 32%; food or entrance must remain visible after fade",Recognizable subject must survive the top 276pt masthead crop; keep the key visual in the upper third and center 70% width.,city_place_requires_unique_realistic_hero,"Generate owned/licensed hero, crop to repo target, wire heroImageName through source/resources/SQLite, and capture simulator proof.","Create a super-realistic app-owned hero photo for a Vietnamese travel phrasebook, matching the premium real-life menu-item hero image quality. No readable text, no logos, no watermarks, no faces as the subject. Keep the main landmark/object recognizable inside the upper third because the iOS masthead crops a shallow horizontal band. Show Lang Thang Coffee / Lang Thang Coffee through a tasteful restaurant/street-food table or entrance mood without copying a real storefront sign or brand logo. Specific subject guidance: Photorealistic open garden cafe in Kim Long with trees, low tables, and a quiet lane outside.","no readable text, no watermark, no logos, no fake signs, no unrelated Ha Long Bay/karst imagery for city-specific pages, no people as the main subject",Simulator screenshot plus phone spot-check before DONE,shared or legacy fallback; replace with unique app-owned generated realistic asset,docs/editorial-exports/viet-image-assets/hero-image-production-001/generated_hero_assets.json,Generate a unique realistic menu-quality image for this exact city noun; do not reuse the city masthead or another place image.
P0,NEEDS_UNIQUE_REALISTIC_ASSET,viet-family-city-hue-place-les-jardins,Les Jardins de la Carambole / Les Jardins de la Carambole,restaurant,HeroCityHue,HeroCityHuePlaceLesJardins,native-ios/Resources/Assets.xcassets/HeroCityHue.imageset/hero-city-hue.png,,853 x 1844,,853 x 1844,>= 1600 x 2400 preferred,PhraseListingView HeroMastheadImage,"center 50%, upper 32%; food or entrance must remain visible after fade",Recognizable subject must survive the top 276pt masthead crop; keep the key visual in the upper third and center 70% width.,city_place_requires_unique_realistic_hero,"Generate owned/licensed hero, crop to repo target, wire heroImageName through source/resources/SQLite, and capture simulator proof.","Create a super-realistic app-owned hero photo for a Vietnamese travel phrasebook, matching the premium real-life menu-item hero image quality. No readable text, no logos, no watermarks, no faces as the subject. Keep the main landmark/object recognizable inside the upper third because the iOS masthead crops a shallow horizontal band. Show Les Jardins de la Carambole / Les Jardins de la Carambole through a tasteful restaurant/street-food table or entrance mood without copying a real storefront sign or brand logo. Specific subject guidance: Photorealistic colonial-style restaurant exterior in Hue with garden tables and warm evening light.","no readable text, no watermark, no logos, no fake signs, no unrelated Ha Long Bay/karst imagery for city-specific pages, no people as the main subject",Simulator screenshot plus phone spot-check before DONE,shared or legacy fallback; replace with unique app-owned generated realistic asset,docs/editorial-exports/viet-image-assets/hero-image-production-001/generated_hero_assets.json,Generate a unique realistic menu-quality image for this exact city noun; do not reuse the city masthead or another place image.
P0,NEEDS_UNIQUE_REALISTIC_ASSET,viet-family-city-hcmc-place-little-hanoi-egg-coffee,Little HaNoi Egg Coffee / Little HaNoi Egg Coffee Saigon,restaurant,HeroCityHcmc,HeroCityHcmcPlaceLittleHanoiEggCoffee,native-ios/Resources/Assets.xcassets/HeroCityHcmc.imageset/hero-city-hcmc.png,,853 x 1844,,853 x 1844,>= 1600 x 2400 preferred,PhraseListingView HeroMastheadImage,"center 50%, upper 32%; food or entrance must remain visible after fade",Recognizable subject must survive the top 276pt masthead crop; keep the key visual in the upper third and center 70% width.,city_place_requires_unique_realistic_hero,"Generate owned/licensed hero, crop to repo target, wire heroImageName through source/resources/SQLite, and capture simulator proof.","Create a super-realistic app-owned hero photo for a Vietnamese travel phrasebook, matching the premium real-life menu-item hero image quality. No readable text, no logos, no watermarks, no faces as the subject. Keep the main landmark/object recognizable inside the upper third because the iOS masthead crops a shallow horizontal band. Show Little HaNoi Egg Coffee / Little HaNoi Egg Coffee Saigon through a tasteful restaurant/street-food table or entrance mood without copying a real storefront sign or brand logo. Specific subject guidance: Egg coffee cup in compact Saigon cafe, realistic warm photo.","no readable text, no watermark, no logos, no fake signs, no unrelated Ha Long Bay/karst imagery for city-specific pages, no people as the main subject",Simulator screenshot plus phone spot-check before DONE,shared or legacy fallback; replace with unique app-owned generated realistic asset,docs/editorial-exports/viet-image-assets/hero-image-production-001/generated_hero_assets.json,Generate a unique realistic menu-quality image for this exact city noun; do not reuse the city masthead or another place image.
P0,NEEDS_UNIQUE_REALISTIC_ASSET,viet-family-city-hanoi-place-loading-t-cafe,Loading T Cafe / Loading T Cafe,restaurant,HeroCityHanoi,HeroCityHanoiPlaceLoadingTCafe,native-ios/Resources/Assets.xcassets/HeroCityHanoi.imageset/hero-city-hanoi.png,,853 x 1844,,853 x 1844,>= 1600 x 2400 preferred,PhraseListingView HeroMastheadImage,"center 50%, upper 32%; food or entrance must remain visible after fade",Recognizable subject must survive the top 276pt masthead crop; keep the key visual in the upper third and center 70% width.,city_place_requires_unique_realistic_hero,"Generate owned/licensed hero, crop to repo target, wire heroImageName through source/resources/SQLite, and capture simulator proof.","Create a super-realistic app-owned hero photo for a Vietnamese travel phrasebook, matching the premium real-life menu-item hero image quality. No readable text, no logos, no watermarks, no faces as the subject. Keep the main landmark/object recognizable inside the upper third because the iOS masthead crops a shallow horizontal band. Show Loading T Cafe / Loading T Cafe through a tasteful restaurant/street-food table or entrance mood without copying a real storefront sign or brand logo. Specific subject guidance: Old French-era Hanoi apartment cafe with patterned tiles and coffee, realistic photo.","no readable text, no watermark, no logos, no fake signs, no unrelated Ha Long Bay/karst imagery for city-specific pages, no people as the main subject",Simulator screenshot plus phone spot-check before DONE,shared or legacy fallback; replace with unique app-owned generated realistic asset,docs/editorial-exports/viet-image-assets/hero-image-production-001/generated_hero_assets.json,Generate a unique realistic menu-quality image for this exact city noun; do not reuse the city masthead or another place image.
P0,NEEDS_UNIQUE_REALISTIC_ASSET,viet-family-city-hcmc-place-long-trieu,Long Triều / Long Trieu,restaurant,HeroCityHcmc,HeroCityHcmcPlaceLongTrieu,native-ios/Resources/Assets.xcassets/HeroCityHcmc.imageset/hero-city-hcmc.png,,853 x 1844,,853 x 1844,>= 1600 x 2400 preferred,PhraseListingView HeroMastheadImage,"center 50%, upper 32%; food or entrance must remain visible after fade",Recognizable subject must survive the top 276pt masthead crop; keep the key visual in the upper third and center 70% width.,city_place_requires_unique_realistic_hero,"Generate owned/licensed hero, crop to repo target, wire heroImageName through source/resources/SQLite, and capture simulator proof.","Create a super-realistic app-owned hero photo for a Vietnamese travel phrasebook, matching the premium real-life menu-item hero image quality. No readable text, no logos, no watermarks, no faces as the subject. Keep the main landmark/object recognizable inside the upper third because the iOS masthead crops a shallow horizontal band. Show Long Triều / Long Trieu through a tasteful restaurant/street-food table or entrance mood without copying a real storefront sign or brand logo. Specific subject guidance: Refined Chinese dining room with dim sum table setting, realistic no-logo photo.","no readable text, no watermark, no logos, no fake signs, no unrelated Ha Long Bay/karst imagery for city-specific pages, no people as the main subject",Simulator screenshot plus phone spot-check before DONE,shared or legacy fallback; replace with unique app-owned generated realistic asset,docs/editorial-exports/viet-image-assets/hero-image-production-001/generated_hero_assets.json,Generate a unique realistic menu-quality image for this exact city noun; do not reuse the city masthead or another place image.
P0,NEEDS_UNIQUE_REALISTIC_ASSET,viet-family-city-hoian-place-madam-khanh,Madam Khánh / Madam Khanh,restaurant,HeroCityHoian,HeroCityHoianPlaceMadamKhanh,native-ios/Resources/Assets.xcassets/HeroCityHoian.imageset/hero-city-hoian.png,,853 x 1844,,853 x 1844,>= 1600 x 2400 preferred,PhraseListingView HeroMastheadImage,"center 50%, upper 32%; food or entrance must remain visible after fade",Recognizable subject must survive the top 276pt masthead crop; keep the key visual in the upper third and center 70% width.,city_place_requires_unique_realistic_hero,"Generate owned/licensed hero, crop to repo target, wire heroImageName through source/resources/SQLite, and capture simulator proof.","Create a super-realistic app-owned hero photo for a Vietnamese travel phrasebook, matching the premium real-life menu-item hero image quality. No readable text, no logos, no watermarks, no faces as the subject. Keep the main landmark/object recognizable inside the upper third because the iOS masthead crops a shallow horizontal band. Show Madam Khánh / Madam Khanh through a tasteful restaurant/street-food table or entrance mood without copying a real storefront sign or brand logo. Specific subject guidance: Photorealistic owned asset: sandwich shop counter with baguettes and fresh herbs, neutral signage, daylight.","no readable text, no watermark, no logos, no fake signs, no unrelated Ha Long Bay/karst imagery for city-specific pages, no people as the main subject",Simulator screenshot plus phone spot-check before DONE,shared or legacy fallback; replace with unique app-owned generated realistic asset,docs/editorial-exports/viet-image-assets/hero-image-production-001/generated_hero_assets.json,Generate a unique realistic menu-quality image for this exact city noun; do not reuse the city masthead or another place image.
P0,NEEDS_UNIQUE_REALISTIC_ASSET,viet-family-city-danang-place-madame-lan,Madame Lân / Madame Lan,restaurant,HeroCityDanang,HeroCityDanangPlaceMadameLan,native-ios/Resources/Assets.xcassets/HeroCityDanang.imageset/hero-city-danang.png,,853 x 1844,,853 x 1844,>= 1600 x 2400 preferred,PhraseListingView HeroMastheadImage,"center 50%, upper 32%; food or entrance must remain visible after fade",Recognizable subject must survive the top 276pt masthead crop; keep the key visual in the upper third and center 70% width.,city_place_requires_unique_realistic_hero,"Generate owned/licensed hero, crop to repo target, wire heroImageName through source/resources/SQLite, and capture simulator proof.","Create a super-realistic app-owned hero photo for a Vietnamese travel phrasebook, matching the premium real-life menu-item hero image quality. No readable text, no logos, no watermarks, no faces as the subject. Keep the main landmark/object recognizable inside the upper third because the iOS masthead crops a shallow horizontal band. Show Madame Lân / Madame Lan through a tasteful restaurant/street-food table or entrance mood without copying a real storefront sign or brand logo. Specific subject guidance: Photorealistic owned asset: Vietnamese restaurant courtyard with lanterns and family-style dishes, no brand signage.","no readable text, no watermark, no logos, no fake signs, no unrelated Ha Long Bay/karst imagery for city-specific pages, no people as the main subject",Simulator screenshot plus phone spot-check before DONE,shared or legacy fallback; replace with unique app-owned generated realistic asset,docs/editorial-exports/viet-image-assets/hero-image-production-001/generated_hero_assets.json,Generate a unique realistic menu-quality image for this exact city noun; do not reuse the city masthead or another place image.
P0,NEEDS_UNIQUE_REALISTIC_ASSET,viet-family-city-hoian-place-mai-fish,Mai Fish / Mai Fish,restaurant,HeroCityHoian,HeroCityHoianPlaceMaiFish,native-ios/Resources/Assets.xcassets/HeroCityHoian.imageset/hero-city-hoian.png,,853 x 1844,,853 x 1844,>= 1600 x 2400 preferred,PhraseListingView HeroMastheadImage,"center 50%, upper 32%; food or entrance must remain visible after fade",Recognizable subject must survive the top 276pt masthead crop; keep the key visual in the upper third and center 70% width.,city_place_requires_unique_realistic_hero,"Generate owned/licensed hero, crop to repo target, wire heroImageName through source/resources/SQLite, and capture simulator proof.","Create a super-realistic app-owned hero photo for a Vietnamese travel phrasebook, matching the premium real-life menu-item hero image quality. No readable text, no logos, no watermarks, no faces as the subject. Keep the main landmark/object recognizable inside the upper third because the iOS masthead crops a shallow horizontal band. Show Mai Fish / Mai Fish through a tasteful restaurant/street-food table or entrance mood without copying a real storefront sign or brand logo. Specific subject guidance: Photorealistic owned asset: cozy Vietnamese dining room with fish dish and herbs, warm light, no signage.","no readable text, no watermark, no logos, no fake signs, no unrelated Ha Long Bay/karst imagery for city-specific pages, no people as the main subject",Simulator screenshot plus phone spot-check before DONE,shared or legacy fallback; replace with unique app-owned generated realistic asset,docs/editorial-exports/viet-image-assets/hero-image-production-001/generated_hero_assets.json,Generate a unique realistic menu-quality image for this exact city noun; do not reuse the city masthead or another place image.
P0,NEEDS_UNIQUE_REALISTIC_ASSET,viet-family-city-hue-place-mandarin-coffee-restaurant,Mandarin Coffee & Restaurant / Mandarin Coffee & Restaurant,restaurant,HeroCityHue,HeroCityHuePlaceMandarinCoffeeRestaurant,native-ios/Resources/Assets.xcassets/HeroCityHue.imageset/hero-city-hue.png,,853 x 1844,,853 x 1844,>= 1600 x 2400 preferred,PhraseListingView HeroMastheadImage,"center 50%, upper 32%; food or entrance must remain visible after fade",Recognizable subject must survive the top 276pt masthead crop; keep the key visual in the upper third and center 70% width.,city_place_requires_unique_realistic_hero,"Generate owned/licensed hero, crop to repo target, wire heroImageName through source/resources/SQLite, and capture simulator proof.","Create a super-realistic app-owned hero photo for a Vietnamese travel phrasebook, matching the premium real-life menu-item hero image quality. No readable text, no logos, no watermarks, no faces as the subject. Keep the main landmark/object recognizable inside the upper third because the iOS masthead crops a shallow horizontal band. Show Mandarin Coffee & Restaurant / Mandarin Coffee & Restaurant through a tasteful restaurant/street-food table or entrance mood without copying a real storefront sign or brand logo. Specific subject guidance: Photorealistic green garden cafe near Hue, shaded outdoor tables, scooters at entrance.","no readable text, no watermark, no logos, no fake signs, no unrelated Ha Long Bay/karst imagery for city-specific pages, no people as the main subject",Simulator screenshot plus phone spot-check before DONE,shared or legacy fallback; replace with unique app-owned generated realistic asset,docs/editorial-exports/viet-image-assets/hero-image-production-001/generated_hero_assets.json,Generate a unique realistic menu-quality image for this exact city noun; do not reuse the city masthead or another place image.
P0,NEEDS_UNIQUE_REALISTIC_ASSET,viet-family-city-hoian-place-mango-mango,Mango Mango / Mango Mango,restaurant,HeroCityHoian,HeroCityHoianPlaceMangoMango,native-ios/Resources/Assets.xcassets/HeroCityHoian.imageset/hero-city-hoian.png,,853 x 1844,,853 x 1844,>= 1600 x 2400 preferred,PhraseListingView HeroMastheadImage,"center 50%, upper 32%; food or entrance must remain visible after fade",Recognizable subject must survive the top 276pt masthead crop; keep the key visual in the upper third and center 70% width.,city_place_requires_unique_realistic_hero,"Generate owned/licensed hero, crop to repo target, wire heroImageName through source/resources/SQLite, and capture simulator proof.","Create a super-realistic app-owned hero photo for a Vietnamese travel phrasebook, matching the premium real-life menu-item hero image quality. No readable text, no logos, no watermarks, no faces as the subject. Keep the main landmark/object recognizable inside the upper third because the iOS masthead crops a shallow horizontal band. Show Mango Mango / Mango Mango through a tasteful restaurant/street-food table or entrance mood without copying a real storefront sign or brand logo. Specific subject guidance: Photorealistic owned asset: colorful riverside restaurant interior with lantern glow and plates, no logo.","no readable text, no watermark, no logos, no fake signs, no unrelated Ha Long Bay/karst imagery for city-specific pages, no people as the main subject",Simulator screenshot plus phone spot-check before DONE,shared or legacy fallback; replace with unique app-owned generated realistic asset,docs/editorial-exports/viet-image-assets/hero-image-production-001/generated_hero_assets.json,Generate a unique realistic menu-quality image for this exact city noun; do not reuse the city masthead or another place image.
P0,NEEDS_UNIQUE_REALISTIC_ASSET,viet-family-city-danang-place-mi-quang-1a,Mì Quảng 1A / Mi Quang 1A,restaurant,HeroCityDanang,HeroCityDanangPlaceMiQuang1a,native-ios/Resources/Assets.xcassets/HeroCityDanang.imageset/hero-city-danang.png,,853 x 1844,,853 x 1844,>= 1600 x 2400 preferred,PhraseListingView HeroMastheadImage,"center 50%, upper 32%; food or entrance must remain visible after fade",Recognizable subject must survive the top 276pt masthead crop; keep the key visual in the upper third and center 70% width.,city_place_requires_unique_realistic_hero,"Generate owned/licensed hero, crop to repo target, wire heroImageName through source/resources/SQLite, and capture simulator proof.","Create a super-realistic app-owned hero photo for a Vietnamese travel phrasebook, matching the premium real-life menu-item hero image quality. No readable text, no logos, no watermarks, no faces as the subject. Keep the main landmark/object recognizable inside the upper third because the iOS masthead crops a shallow horizontal band. Show Mì Quảng 1A / Mi Quang 1A through a tasteful restaurant/street-food table or entrance mood without copying a real storefront sign or brand logo. Specific subject guidance: Photorealistic owned asset: small noodle shop table with turmeric noodles and herbs, no logo, natural daylight.","no readable text, no watermark, no logos, no fake signs, no unrelated Ha Long Bay/karst imagery for city-specific pages, no people as the main subject",Simulator screenshot plus phone spot-check before DONE,shared or legacy fallback; replace with unique app-owned generated realistic asset,docs/editorial-exports/viet-image-assets/hero-image-production-001/generated_hero_assets.json,Generate a unique realistic menu-quality image for this exact city noun; do not reuse the city masthead or another place image.
P0,NEEDS_UNIQUE_REALISTIC_ASSET,viet-family-city-hanoi-place-mien-luon-chan-cam,Miến lươn Chân Cầm / Mien Luon Chan Cam,restaurant,HeroCityHanoi,HeroCityHanoiPlaceMienLuonChanCam,native-ios/Resources/Assets.xcassets/HeroCityHanoi.imageset/hero-city-hanoi.png,,853 x 1844,,853 x 1844,>= 1600 x 2400 preferred,PhraseListingView HeroMastheadImage,"center 50%, upper 32%; food or entrance must remain visible after fade",Recognizable subject must survive the top 276pt masthead crop; keep the key visual in the upper third and center 70% width.,city_place_requires_unique_realistic_hero,"Generate owned/licensed hero, crop to repo target, wire heroImageName through source/resources/SQLite, and capture simulator proof.","Create a super-realistic app-owned hero photo for a Vietnamese travel phrasebook, matching the premium real-life menu-item hero image quality. No readable text, no logos, no watermarks, no faces as the subject. Keep the main landmark/object recognizable inside the upper third because the iOS masthead crops a shallow horizontal band. Show Miến lươn Chân Cầm / Mien Luon Chan Cam through a tasteful restaurant/street-food table or entrance mood without copying a real storefront sign or brand logo. Specific subject guidance: Bowl of eel vermicelli soup with herbs in Hanoi noodle shop, realistic photo.","no readable text, no watermark, no logos, no fake signs, no unrelated Ha Long Bay/karst imagery for city-specific pages, no people as the main subject",Simulator screenshot plus phone spot-check before DONE,shared or legacy fallback; replace with unique app-owned generated realistic asset,docs/editorial-exports/viet-image-assets/hero-image-production-001/generated_hero_assets.json,Generate a unique realistic menu-quality image for this exact city noun; do not reuse the city masthead or another place image.
P0,NEEDS_UNIQUE_REALISTIC_ASSET,viet-family-city-hoian-place-morning-glory,Morning Glory Hội An / Morning Glory Hoi An,restaurant,HeroCityHoian,HeroCityHoianPlaceMorningGlory,native-ios/Resources/Assets.xcassets/HeroCityHoian.imageset/hero-city-hoian.png,,853 x 1844,,853 x 1844,>= 1600 x 2400 preferred,PhraseListingView HeroMastheadImage,"center 50%, upper 32%; food or entrance must remain visible after fade",Recognizable subject must survive the top 276pt masthead crop; keep the key visual in the upper third and center 70% width.,city_place_requires_unique_realistic_hero,"Generate owned/licensed hero, crop to repo target, wire heroImageName through source/resources/SQLite, and capture simulator proof.","Create a super-realistic app-owned hero photo for a Vietnamese travel phrasebook, matching the premium real-life menu-item hero image quality. No readable text, no logos, no watermarks, no faces as the subject. Keep the main landmark/object recognizable inside the upper third because the iOS masthead crops a shallow horizontal band. Show Morning Glory Hội An / Morning Glory Hoi An through a tasteful restaurant/street-food table or entrance mood without copying a real storefront sign or brand logo. Specific subject guidance: Photorealistic owned asset: Vietnamese restaurant table with shared dishes and lantern-lit yellow walls, no branding.","no readable text, no watermark, no logos, no fake signs, no unrelated Ha Long Bay/karst imagery for city-specific pages, no people as the main subject",Simulator screenshot plus phone spot-check before DONE,shared or legacy fallback; replace with unique app-owned generated realistic asset,docs/editorial-exports/viet-image-assets/hero-image-production-001/generated_hero_assets.json,Generate a unique realistic menu-quality image for this exact city noun; do not reuse the city masthead or another place image.
P0,NEEDS_UNIQUE_REALISTIC_ASSET,viet-family-city-danang-place-my-quang-ba-mua,Mỳ Quảng Bà Mua / My Quang Ba Mua,restaurant,HeroCityDanang,HeroCityDanangPlaceMyQuangBaMua,native-ios/Resources/Assets.xcassets/HeroCityDanang.imageset/hero-city-danang.png,,853 x 1844,,853 x 1844,>= 1600 x 2400 preferred,PhraseListingView HeroMastheadImage,"center 50%, upper 32%; food or entrance must remain visible after fade",Recognizable subject must survive the top 276pt masthead crop; keep the key visual in the upper third and center 70% width.,city_place_requires_unique_realistic_hero,"Generate owned/licensed hero, crop to repo target, wire heroImageName through source/resources/SQLite, and capture simulator proof.","Create a super-realistic app-owned hero photo for a Vietnamese travel phrasebook, matching the premium real-life menu-item hero image quality. No readable text, no logos, no watermarks, no faces as the subject. Keep the main landmark/object recognizable inside the upper third because the iOS masthead crops a shallow horizontal band. Show Mỳ Quảng Bà Mua / My Quang Ba Mua through a tasteful restaurant/street-food table or entrance mood without copying a real storefront sign or brand logo. Specific subject guidance: Photorealistic owned asset: casual noodle restaurant table with yellow noodles and rice crackers, no logo.","no readable text, no watermark, no logos, no fake signs, no unrelated Ha Long Bay/karst imagery for city-specific pages, no people as the main subject",Simulator screenshot plus phone spot-check before DONE,shared or legacy fallback; replace with unique app-owned generated realistic asset,docs/editorial-exports/viet-image-assets/hero-image-production-001/generated_hero_assets.json,Generate a unique realistic menu-quality image for this exact city noun; do not reuse the city masthead or another place image.
P0,NEEDS_UNIQUE_REALISTIC_ASSET,viet-family-city-danang-place-my-quang-dung,Mỳ Quảng Dung / My Quang Dung,restaurant,HeroCityDanang,HeroCityDanangPlaceMyQuangDung,native-ios/Resources/Assets.xcassets/HeroCityDanang.imageset/hero-city-danang.png,,853 x 1844,,853 x 1844,>= 1600 x 2400 preferred,PhraseListingView HeroMastheadImage,"center 50%, upper 32%; food or entrance must remain visible after fade",Recognizable subject must survive the top 276pt masthead crop; keep the key visual in the upper third and center 70% width.,city_place_requires_unique_realistic_hero,"Generate owned/licensed hero, crop to repo target, wire heroImageName through source/resources/SQLite, and capture simulator proof.","Create a super-realistic app-owned hero photo for a Vietnamese travel phrasebook, matching the premium real-life menu-item hero image quality. No readable text, no logos, no watermarks, no faces as the subject. Keep the main landmark/object recognizable inside the upper third because the iOS masthead crops a shallow horizontal band. Show Mỳ Quảng Dung / My Quang Dung through a tasteful restaurant/street-food table or entrance mood without copying a real storefront sign or brand logo. Specific subject guidance: Photorealistic owned asset: noodle counter with bowls, herbs, lime, and chili, documentary food style.","no readable text, no watermark, no logos, no fake signs, no unrelated Ha Long Bay/karst imagery for city-specific pages, no people as the main subject",Simulator screenshot plus phone spot-check before DONE,shared or legacy fallback; replace with unique app-owned generated realistic asset,docs/editorial-exports/viet-image-assets/hero-image-production-001/generated_hero_assets.json,Generate a unique realistic menu-quality image for this exact city noun; do not reuse the city masthead or another place image.
P0,NEEDS_UNIQUE_REALISTIC_ASSET,viet-family-city-danang-place-nam-house,Nam House Cafe / Nam House Cafe,restaurant,HeroCityDanang,HeroCityDanangPlaceNamHouse,native-ios/Resources/Assets.xcassets/HeroCityDanang.imageset/hero-city-danang.png,,853 x 1844,,853 x 1844,>= 1600 x 2400 preferred,PhraseListingView HeroMastheadImage,"center 50%, upper 32%; food or entrance must remain visible after fade",Recognizable subject must survive the top 276pt masthead crop; keep the key visual in the upper third and center 70% width.,city_place_requires_unique_realistic_hero,"Generate owned/licensed hero, crop to repo target, wire heroImageName through source/resources/SQLite, and capture simulator proof.","Create a super-realistic app-owned hero photo for a Vietnamese travel phrasebook, matching the premium real-life menu-item hero image quality. No readable text, no logos, no watermarks, no faces as the subject. Keep the main landmark/object recognizable inside the upper third because the iOS masthead crops a shallow horizontal band. Show Nam House Cafe / Nam House Cafe through a tasteful restaurant/street-food table or entrance mood without copying a real storefront sign or brand logo. Specific subject guidance: Photorealistic owned asset: vintage Vietnamese cafe interior with plants and patterned tiles, no brand signage.","no readable text, no watermark, no logos, no fake signs, no unrelated Ha Long Bay/karst imagery for city-specific pages, no people as the main subject",Simulator screenshot plus phone spot-check before DONE,shared or legacy fallback; replace with unique app-owned generated realistic asset,docs/editorial-exports/viet-image-assets/hero-image-production-001/generated_hero_assets.json,Generate a unique realistic menu-quality image for this exact city noun; do not reuse the city masthead or another place image.
P0,NEEDS_UNIQUE_REALISTIC_ASSET,viet-family-city-danang-place-nen,Nén Đà Nẵng / Nen Da Nang,restaurant,HeroCityDanang,HeroCityDanangPlaceNen,native-ios/Resources/Assets.xcassets/HeroCityDanang.imageset/hero-city-danang.png,,853 x 1844,,853 x 1844,>= 1600 x 2400 preferred,PhraseListingView HeroMastheadImage,"center 50%, upper 32%; food or entrance must remain visible after fade",Recognizable subject must survive the top 276pt masthead crop; keep the key visual in the upper third and center 70% width.,city_place_requires_unique_realistic_hero,"Generate owned/licensed hero, crop to repo target, wire heroImageName through source/resources/SQLite, and capture simulator proof.","Create a super-realistic app-owned hero photo for a Vietnamese travel phrasebook, matching the premium real-life menu-item hero image quality. No readable text, no logos, no watermarks, no faces as the subject. Keep the main landmark/object recognizable inside the upper third because the iOS masthead crops a shallow horizontal band. Show Nén Đà Nẵng / Nen Da Nang through a tasteful restaurant/street-food table or entrance mood without copying a real storefront sign or brand logo. Specific subject guidance: Photorealistic owned asset: contemporary Vietnamese tasting-table setting with herbs and ceramics, no logo, no exact dish copy.","no readable text, no watermark, no logos, no fake signs, no unrelated Ha Long Bay/karst imagery for city-specific pages, no people as the main subject",Simulator screenshot plus phone spot-check before DONE,shared or legacy fallback; replace with unique app-owned generated realistic asset,docs/editorial-exports/viet-image-assets/hero-image-production-001/generated_hero_assets.json,Generate a unique realistic menu-quality image for this exact city noun; do not reuse the city masthead or another place image.
P0,NEEDS_UNIQUE_REALISTIC_ASSET,viet-family-city-hcmc-place-nephele,Nephele / Nephele,restaurant,HeroCityHcmc,HeroCityHcmcPlaceNephele,native-ios/Resources/Assets.xcassets/HeroCityHcmc.imageset/hero-city-hcmc.png,,853 x 1844,,853 x 1844,>= 1600 x 2400 preferred,PhraseListingView HeroMastheadImage,"center 50%, upper 32%; food or entrance must remain visible after fade",Recognizable subject must survive the top 276pt masthead crop; keep the key visual in the upper third and center 70% width.,city_place_requires_unique_realistic_hero,"Generate owned/licensed hero, crop to repo target, wire heroImageName through source/resources/SQLite, and capture simulator proof.","Create a super-realistic app-owned hero photo for a Vietnamese travel phrasebook, matching the premium real-life menu-item hero image quality. No readable text, no logos, no watermarks, no faces as the subject. Keep the main landmark/object recognizable inside the upper third because the iOS masthead crops a shallow horizontal band. Show Nephele / Nephele through a tasteful restaurant/street-food table or entrance mood without copying a real storefront sign or brand logo. Specific subject guidance: Small modern Saigon restaurant table with wine glasses and warm lighting, realistic photo.","no readable text, no watermark, no logos, no fake signs, no unrelated Ha Long Bay/karst imagery for city-specific pages, no people as the main subject",Simulator screenshot plus phone spot-check before DONE,shared or legacy fallback; replace with unique app-owned generated realistic asset,docs/editorial-exports/viet-image-assets/hero-image-production-001/generated_hero_assets.json,Generate a unique realistic menu-quality image for this exact city noun; do not reuse the city masthead or another place image.
P0,NEEDS_UNIQUE_REALISTIC_ASSET,viet-family-city-hue-place-lien-hoa-vegetarian,Nhà hàng chay Liên Hoa / Lien Hoa Vegetarian Restaurant,restaurant,HeroCityHue,HeroCityHuePlaceLienHoaVegetarian,native-ios/Resources/Assets.xcassets/HeroCityHue.imageset/hero-city-hue.png,,853 x 1844,,853 x 1844,>= 1600 x 2400 preferred,PhraseListingView HeroMastheadImage,"center 50%, upper 32%; food or entrance must remain visible after fade",Recognizable subject must survive the top 276pt masthead crop; keep the key visual in the upper third and center 70% width.,city_place_requires_unique_realistic_hero,"Generate owned/licensed hero, crop to repo target, wire heroImageName through source/resources/SQLite, and capture simulator proof.","Create a super-realistic app-owned hero photo for a Vietnamese travel phrasebook, matching the premium real-life menu-item hero image quality. No readable text, no logos, no watermarks, no faces as the subject. Keep the main landmark/object recognizable inside the upper third because the iOS masthead crops a shallow horizontal band. Show Nhà hàng chay Liên Hoa / Lien Hoa Vegetarian Restaurant through a tasteful restaurant/street-food table or entrance mood without copying a real storefront sign or brand logo. Specific subject guidance: Photorealistic simple Vietnamese vegetarian restaurant with Buddhist-style decor and fresh dishes.","no readable text, no watermark, no logos, no fake signs, no unrelated Ha Long Bay/karst imagery for city-specific pages, no people as the main subject",Simulator screenshot plus phone spot-check before DONE,shared or legacy fallback; replace with unique app-owned generated realistic asset,docs/editorial-exports/viet-image-assets/hero-image-production-001/generated_hero_assets.json,Generate a unique realistic menu-quality image for this exact city noun; do not reuse the city masthead or another place image.
P0,NEEDS_UNIQUE_REALISTIC_ASSET,viet-family-city-hue-place-dai-nam-restaurant,Nhà hàng Đại Nam / Dai Nam Restaurant,restaurant,HeroCityHue,HeroCityHuePlaceDaiNamRestaurant,native-ios/Resources/Assets.xcassets/HeroCityHue.imageset/hero-city-hue.png,,853 x 1844,,853 x 1844,>= 1600 x 2400 preferred,PhraseListingView HeroMastheadImage,"center 50%, upper 32%; food or entrance must remain visible after fade",Recognizable subject must survive the top 276pt masthead crop; keep the key visual in the upper third and center 70% width.,city_place_requires_unique_realistic_hero,"Generate owned/licensed hero, crop to repo target, wire heroImageName through source/resources/SQLite, and capture simulator proof.","Create a super-realistic app-owned hero photo for a Vietnamese travel phrasebook, matching the premium real-life menu-item hero image quality. No readable text, no logos, no watermarks, no faces as the subject. Keep the main landmark/object recognizable inside the upper third because the iOS masthead crops a shallow horizontal band. Show Nhà hàng Đại Nam / Dai Nam Restaurant through a tasteful restaurant/street-food table or entrance mood without copying a real storefront sign or brand logo. Specific subject guidance: Photorealistic classic Hue restaurant entrance near citadel walls, wooden interior glimpsed through doors.","no readable text, no watermark, no logos, no fake signs, no unrelated Ha Long Bay/karst imagery for city-specific pages, no people as the main subject",Simulator screenshot plus phone spot-check before DONE,shared or legacy fallback; replace with unique app-owned generated realistic asset,docs/editorial-exports/viet-image-assets/hero-image-production-001/generated_hero_assets.json,Generate a unique realistic menu-quality image for this exact city noun; do not reuse the city masthead or another place image.
P0,NEEDS_UNIQUE_REALISTIC_ASSET,viet-family-city-hue-place-song-huong-floating-restaurant,Nhà hàng nổi Sông Hương / Song Huong Floating Restaurant,restaurant,HeroCityHue,HeroCityHuePlaceSongHuongFloatingRestaurant,native-ios/Resources/Assets.xcassets/HeroCityHue.imageset/hero-city-hue.png,,853 x 1844,,853 x 1844,>= 1600 x 2400 preferred,PhraseListingView HeroMastheadImage,"center 50%, upper 32%; food or entrance must remain visible after fade",Recognizable subject must survive the top 276pt masthead crop; keep the key visual in the upper third and center 70% width.,city_place_requires_unique_realistic_hero,"Generate owned/licensed hero, crop to repo target, wire heroImageName through source/resources/SQLite, and capture simulator proof.","Create a super-realistic app-owned hero photo for a Vietnamese travel phrasebook, matching the premium real-life menu-item hero image quality. No readable text, no logos, no watermarks, no faces as the subject. Keep the main landmark/object recognizable inside the upper third because the iOS masthead crops a shallow horizontal band. Show Nhà hàng nổi Sông Hương / Song Huong Floating Restaurant through a tasteful restaurant/street-food table or entrance mood without copying a real storefront sign or brand logo. Specific subject guidance: Photorealistic floating restaurant on the Perfume River at dusk, reflections, bridge lights in distance.","no readable text, no watermark, no logos, no fake signs, no unrelated Ha Long Bay/karst imagery for city-specific pages, no people as the main subject",Simulator screenshot plus phone spot-check before DONE,shared or legacy fallback; replace with unique app-owned generated realistic asset,docs/editorial-exports/viet-image-assets/hero-image-production-001/generated_hero_assets.json,Generate a unique realistic menu-quality image for this exact city noun; do not reuse the city masthead or another place image.
P0,NEEDS_UNIQUE_REALISTIC_ASSET,viet-family-city-hoian-place-white-rose-restaurant,Nhà hàng White Rose / White Rose Restaurant,restaurant,HeroCityHoian,HeroCityHoianPlaceWhiteRoseRestaurant,native-ios/Resources/Assets.xcassets/HeroCityHoian.imageset/hero-city-hoian.png,,853 x 1844,,853 x 1844,>= 1600 x 2400 preferred,PhraseListingView HeroMastheadImage,"center 50%, upper 32%; food or entrance must remain visible after fade",Recognizable subject must survive the top 276pt masthead crop; keep the key visual in the upper third and center 70% width.,city_place_requires_unique_realistic_hero,"Generate owned/licensed hero, crop to repo target, wire heroImageName through source/resources/SQLite, and capture simulator proof.","Create a super-realistic app-owned hero photo for a Vietnamese travel phrasebook, matching the premium real-life menu-item hero image quality. No readable text, no logos, no watermarks, no faces as the subject. Keep the main landmark/object recognizable inside the upper third because the iOS masthead crops a shallow horizontal band. Show Nhà hàng White Rose / White Rose Restaurant through a tasteful restaurant/street-food table or entrance mood without copying a real storefront sign or brand logo. Specific subject guidance: Photorealistic owned asset: plate of white rose dumplings on ceramic table, soft window light, no logo.","no readable text, no watermark, no logos, no fake signs, no unrelated Ha Long Bay/karst imagery for city-specific pages, no people as the main subject",Simulator screenshot plus phone spot-check before DONE,shared or legacy fallback; replace with unique app-owned generated realistic asset,docs/editorial-exports/viet-image-assets/hero-image-production-001/generated_hero_assets.json,Generate a unique realistic menu-quality image for this exact city noun; do not reuse the city masthead or another place image.
P0,NEEDS_UNIQUE_REALISTIC_ASSET,viet-family-city-hoian-place-nu-eatery,Nu Eatery / Nu Eatery,restaurant,HeroCityHoian,HeroCityHoianPlaceNuEatery,native-ios/Resources/Assets.xcassets/HeroCityHoian.imageset/hero-city-hoian.png,,853 x 1844,,853 x 1844,>= 1600 x 2400 preferred,PhraseListingView HeroMastheadImage,"center 50%, upper 32%; food or entrance must remain visible after fade",Recognizable subject must survive the top 276pt masthead crop; keep the key visual in the upper third and center 70% width.,city_place_requires_unique_realistic_hero,"Generate owned/licensed hero, crop to repo target, wire heroImageName through source/resources/SQLite, and capture simulator proof.","Create a super-realistic app-owned hero photo for a Vietnamese travel phrasebook, matching the premium real-life menu-item hero image quality. No readable text, no logos, no watermarks, no faces as the subject. Keep the main landmark/object recognizable inside the upper third because the iOS masthead crops a shallow horizontal band. Show Nu Eatery / Nu Eatery through a tasteful restaurant/street-food table or entrance mood without copying a real storefront sign or brand logo. Specific subject guidance: Photorealistic owned asset: intimate courtyard restaurant table with Vietnamese small plates, no logo.","no readable text, no watermark, no logos, no fake signs, no unrelated Ha Long Bay/karst imagery for city-specific pages, no people as the main subject",Simulator screenshot plus phone spot-check before DONE,shared or legacy fallback; replace with unique app-owned generated realistic asset,docs/editorial-exports/viet-image-assets/hero-image-production-001/generated_hero_assets.json,Generate a unique realistic menu-quality image for this exact city noun; do not reuse the city masthead or another place image.
P0,NEEDS_UNIQUE_REALISTIC_ASSET,viet-family-city-hoian-place-phin-coffee,Phin Coffee / Phin Coffee,restaurant,HeroCityHoian,HeroCityHoianPlacePhinCoffee,native-ios/Resources/Assets.xcassets/HeroCityHoian.imageset/hero-city-hoian.png,,853 x 1844,,853 x 1844,>= 1600 x 2400 preferred,PhraseListingView HeroMastheadImage,"center 50%, upper 32%; food or entrance must remain visible after fade",Recognizable subject must survive the top 276pt masthead crop; keep the key visual in the upper third and center 70% width.,city_place_requires_unique_realistic_hero,"Generate owned/licensed hero, crop to repo target, wire heroImageName through source/resources/SQLite, and capture simulator proof.","Create a super-realistic app-owned hero photo for a Vietnamese travel phrasebook, matching the premium real-life menu-item hero image quality. No readable text, no logos, no watermarks, no faces as the subject. Keep the main landmark/object recognizable inside the upper third because the iOS masthead crops a shallow horizontal band. Show Phin Coffee / Phin Coffee through a tasteful restaurant/street-food table or entrance mood without copying a real storefront sign or brand logo. Specific subject guidance: Photorealistic owned asset: Vietnamese phin dripping over glass at a leafy cafe table, no signage.","no readable text, no watermark, no logos, no fake signs, no unrelated Ha Long Bay/karst imagery for city-specific pages, no people as the main subject",Simulator screenshot plus phone spot-check before DONE,shared or legacy fallback; replace with unique app-owned generated realistic asset,docs/editorial-exports/viet-image-assets/hero-image-production-001/generated_hero_assets.json,Generate a unique realistic menu-quality image for this exact city noun; do not reuse the city masthead or another place image.
P0,NEEDS_UNIQUE_REALISTIC_ASSET,viet-family-city-hanoi-place-pho-bat-dan,Phở Bát Đàn / Pho Bat Dan,restaurant,HeroCityHanoi,HeroCityHanoiPlacePhoBatDan,native-ios/Resources/Assets.xcassets/HeroCityHanoi.imageset/hero-city-hanoi.png,,853 x 1844,,853 x 1844,>= 1600 x 2400 preferred,PhraseListingView HeroMastheadImage,"center 50%, upper 32%; food or entrance must remain visible after fade",Recognizable subject must survive the top 276pt masthead crop; keep the key visual in the upper third and center 70% width.,city_place_requires_unique_realistic_hero,"Generate owned/licensed hero, crop to repo target, wire heroImageName through source/resources/SQLite, and capture simulator proof.","Create a super-realistic app-owned hero photo for a Vietnamese travel phrasebook, matching the premium real-life menu-item hero image quality. No readable text, no logos, no watermarks, no faces as the subject. Keep the main landmark/object recognizable inside the upper third because the iOS masthead crops a shallow horizontal band. Show Phở Bát Đàn / Pho Bat Dan through a tasteful restaurant/street-food table or entrance mood without copying a real storefront sign or brand logo. Specific subject guidance: Steaming bowl of Hanoi beef pho on simple metal table, Old Quarter shop backdrop, realistic.","no readable text, no watermark, no logos, no fake signs, no unrelated Ha Long Bay/karst imagery for city-specific pages, no people as the main subject",Simulator screenshot plus phone spot-check before DONE,shared or legacy fallback; replace with unique app-owned generated realistic asset,docs/editorial-exports/viet-image-assets/hero-image-production-001/generated_hero_assets.json,Generate a unique realistic menu-quality image for this exact city noun; do not reuse the city masthead or another place image.
P0,NEEDS_UNIQUE_REALISTIC_ASSET,viet-family-city-hanoi-place-pho-bo-lam,Phở Bò Lâm / Pho Bo Lam,restaurant,HeroCityHanoi,HeroCityHanoiPlacePhoBoLam,native-ios/Resources/Assets.xcassets/HeroCityHanoi.imageset/hero-city-hanoi.png,,853 x 1844,,853 x 1844,>= 1600 x 2400 preferred,PhraseListingView HeroMastheadImage,"center 50%, upper 32%; food or entrance must remain visible after fade",Recognizable subject must survive the top 276pt masthead crop; keep the key visual in the upper third and center 70% width.,city_place_requires_unique_realistic_hero,"Generate owned/licensed hero, crop to repo target, wire heroImageName through source/resources/SQLite, and capture simulator proof.","Create a super-realistic app-owned hero photo for a Vietnamese travel phrasebook, matching the premium real-life menu-item hero image quality. No readable text, no logos, no watermarks, no faces as the subject. Keep the main landmark/object recognizable inside the upper third because the iOS masthead crops a shallow horizontal band. Show Phở Bò Lâm / Pho Bo Lam through a tasteful restaurant/street-food table or entrance mood without copying a real storefront sign or brand logo. Specific subject guidance: Beef pho bowl with tendon and herbs, simple Hanoi shop table, realistic photo.","no readable text, no watermark, no logos, no fake signs, no unrelated Ha Long Bay/karst imagery for city-specific pages, no people as the main subject",Simulator screenshot plus phone spot-check before DONE,shared or legacy fallback; replace with unique app-owned generated realistic asset,docs/editorial-exports/viet-image-assets/hero-image-production-001/generated_hero_assets.json,Generate a unique realistic menu-quality image for this exact city noun; do not reuse the city masthead or another place image.
P0,NEEDS_UNIQUE_REALISTIC_ASSET,viet-family-city-hanoi-place-pho-gia-truyen,Phở Gia Truyền / Pho Gia Truyen,restaurant,HeroCityHanoi,HeroCityHanoiPlacePhoGiaTruyen,native-ios/Resources/Assets.xcassets/HeroCityHanoi.imageset/hero-city-hanoi.png,,853 x 1844,,853 x 1844,>= 1600 x 2400 preferred,PhraseListingView HeroMastheadImage,"center 50%, upper 32%; food or entrance must remain visible after fade",Recognizable subject must survive the top 276pt masthead crop; keep the key visual in the upper third and center 70% width.,city_place_requires_unique_realistic_hero,"Generate owned/licensed hero, crop to repo target, wire heroImageName through source/resources/SQLite, and capture simulator proof.","Create a super-realistic app-owned hero photo for a Vietnamese travel phrasebook, matching the premium real-life menu-item hero image quality. No readable text, no logos, no watermarks, no faces as the subject. Keep the main landmark/object recognizable inside the upper third because the iOS masthead crops a shallow horizontal band. Show Phở Gia Truyền / Pho Gia Truyen through a tasteful restaurant/street-food table or entrance mood without copying a real storefront sign or brand logo. Specific subject guidance: Hanoi pho counter with sliced beef and herbs, steam, realistic no-brand photo.","no readable text, no watermark, no logos, no fake signs, no unrelated Ha Long Bay/karst imagery for city-specific pages, no people as the main subject",Simulator screenshot plus phone spot-check before DONE,shared or legacy fallback; replace with unique app-owned generated realistic asset,docs/editorial-exports/viet-image-assets/hero-image-production-001/generated_hero_assets.json,Generate a unique realistic menu-quality image for this exact city noun; do not reuse the city masthead or another place image.
P0,NEEDS_UNIQUE_REALISTIC_ASSET,viet-family-city-hcmc-place-pho-hoa-pasteur,Phở Hòa Pasteur / Pho Hoa Pasteur,restaurant,HeroCityHcmc,HeroCityHcmcPlacePhoHoaPasteur,native-ios/Resources/Assets.xcassets/HeroCityHcmc.imageset/hero-city-hcmc.png,,853 x 1844,,853 x 1844,>= 1600 x 2400 preferred,PhraseListingView HeroMastheadImage,"center 50%, upper 32%; food or entrance must remain visible after fade",Recognizable subject must survive the top 276pt masthead crop; keep the key visual in the upper third and center 70% width.,city_place_requires_unique_realistic_hero,"Generate owned/licensed hero, crop to repo target, wire heroImageName through source/resources/SQLite, and capture simulator proof.","Create a super-realistic app-owned hero photo for a Vietnamese travel phrasebook, matching the premium real-life menu-item hero image quality. No readable text, no logos, no watermarks, no faces as the subject. Keep the main landmark/object recognizable inside the upper third because the iOS masthead crops a shallow horizontal band. Show Phở Hòa Pasteur / Pho Hoa Pasteur through a tasteful restaurant/street-food table or entrance mood without copying a real storefront sign or brand logo. Specific subject guidance: Large bowl of southern-style pho in a busy Saigon shop, realistic no-logo photo.","no readable text, no watermark, no logos, no fake signs, no unrelated Ha Long Bay/karst imagery for city-specific pages, no people as the main subject",Simulator screenshot plus phone spot-check before DONE,shared or legacy fallback; replace with unique app-owned generated realistic asset,docs/editorial-exports/viet-image-assets/hero-image-production-001/generated_hero_assets.json,Generate a unique realistic menu-quality image for this exact city noun; do not reuse the city masthead or another place image.
P0,NEEDS_UNIQUE_REALISTIC_ASSET,viet-family-city-hoian-place-reach-out-tea-house,Reaching Out Tea House / Reaching Out Tea House,restaurant,HeroCityHoian,HeroCityHoianPlaceReachOutTeaHouse,native-ios/Resources/Assets.xcassets/HeroCityHoian.imageset/hero-city-hoian.png,,853 x 1844,,853 x 1844,>= 1600 x 2400 preferred,PhraseListingView HeroMastheadImage,"center 50%, upper 32%; food or entrance must remain visible after fade",Recognizable subject must survive the top 276pt masthead crop; keep the key visual in the upper third and center 70% width.,city_place_requires_unique_realistic_hero,"Generate owned/licensed hero, crop to repo target, wire heroImageName through source/resources/SQLite, and capture simulator proof.","Create a super-realistic app-owned hero photo for a Vietnamese travel phrasebook, matching the premium real-life menu-item hero image quality. No readable text, no logos, no watermarks, no faces as the subject. Keep the main landmark/object recognizable inside the upper third because the iOS masthead crops a shallow horizontal band. Show Reaching Out Tea House / Reaching Out Tea House through a tasteful restaurant/street-food table or entrance mood without copying a real storefront sign or brand logo. Specific subject guidance: Photorealistic owned asset: serene tea house table with ceramic cups and old wooden shutters, no branding.","no readable text, no watermark, no logos, no fake signs, no unrelated Ha Long Bay/karst imagery for city-specific pages, no people as the main subject",Simulator screenshot plus phone spot-check before DONE,shared or legacy fallback; replace with unique app-owned generated realistic asset,docs/editorial-exports/viet-image-assets/hero-image-production-001/generated_hero_assets.json,Generate a unique realistic menu-quality image for this exact city noun; do not reuse the city masthead or another place image.
P0,NEEDS_UNIQUE_REALISTIC_ASSET,viet-family-city-danang-place-reply-1988,Reply 1988 Cafe / Reply 1988 Cafe,restaurant,HeroCityDanang,HeroCityDanangPlaceReply1988,native-ios/Resources/Assets.xcassets/HeroCityDanang.imageset/hero-city-danang.png,,853 x 1844,,853 x 1844,>= 1600 x 2400 preferred,PhraseListingView HeroMastheadImage,"center 50%, upper 32%; food or entrance must remain visible after fade",Recognizable subject must survive the top 276pt masthead crop; keep the key visual in the upper third and center 70% width.,city_place_requires_unique_realistic_hero,"Generate owned/licensed hero, crop to repo target, wire heroImageName through source/resources/SQLite, and capture simulator proof.","Create a super-realistic app-owned hero photo for a Vietnamese travel phrasebook, matching the premium real-life menu-item hero image quality. No readable text, no logos, no watermarks, no faces as the subject. Keep the main landmark/object recognizable inside the upper third because the iOS masthead crops a shallow horizontal band. Show Reply 1988 Cafe / Reply 1988 Cafe through a tasteful restaurant/street-food table or entrance mood without copying a real storefront sign or brand logo. Specific subject guidance: Photorealistic owned asset: retro-style cafe corner with iced coffee and warm wood, no exact brand reproduction.","no readable text, no watermark, no logos, no fake signs, no unrelated Ha Long Bay/karst imagery for city-specific pages, no people as the main subject",Simulator screenshot plus phone spot-check before DONE,shared or legacy fallback; replace with unique app-owned generated realistic asset,docs/editorial-exports/viet-image-assets/hero-image-production-001/generated_hero_assets.json,Generate a unique realistic menu-quality image for this exact city noun; do not reuse the city masthead or another place image.
P0,NEEDS_UNIQUE_REALISTIC_ASSET,viet-family-city-hoian-place-rosies-cafe,Rosie's Cafe / Rosie's Cafe,restaurant,HeroCityHoian,HeroCityHoianPlaceRosiesCafe,native-ios/Resources/Assets.xcassets/HeroCityHoian.imageset/hero-city-hoian.png,,853 x 1844,,853 x 1844,>= 1600 x 2400 preferred,PhraseListingView HeroMastheadImage,"center 50%, upper 32%; food or entrance must remain visible after fade",Recognizable subject must survive the top 276pt masthead crop; keep the key visual in the upper third and center 70% width.,city_place_requires_unique_realistic_hero,"Generate owned/licensed hero, crop to repo target, wire heroImageName through source/resources/SQLite, and capture simulator proof.","Create a super-realistic app-owned hero photo for a Vietnamese travel phrasebook, matching the premium real-life menu-item hero image quality. No readable text, no logos, no watermarks, no faces as the subject. Keep the main landmark/object recognizable inside the upper third because the iOS masthead crops a shallow horizontal band. Show Rosie's Cafe / Rosie's Cafe through a tasteful restaurant/street-food table or entrance mood without copying a real storefront sign or brand logo. Specific subject guidance: Photorealistic owned asset: leafy courtyard cafe breakfast table with iced coffee, no brand marks.","no readable text, no watermark, no logos, no fake signs, no unrelated Ha Long Bay/karst imagery for city-specific pages, no people as the main subject",Simulator screenshot plus phone spot-check before DONE,shared or legacy fallback; replace with unique app-owned generated realistic asset,docs/editorial-exports/viet-image-assets/hero-image-production-001/generated_hero_assets.json,Generate a unique realistic menu-quality image for this exact city noun; do not reuse the city masthead or another place image.
P0,NEEDS_UNIQUE_REALISTIC_ASSET,viet-family-city-danang-place-six-on-six,Six On Six Cafe / Six On Six Cafe,restaurant,HeroCityDanang,HeroCityDanangPlaceSixOnSix,native-ios/Resources/Assets.xcassets/HeroCityDanang.imageset/hero-city-danang.png,,853 x 1844,,853 x 1844,>= 1600 x 2400 preferred,PhraseListingView HeroMastheadImage,"center 50%, upper 32%; food or entrance must remain visible after fade",Recognizable subject must survive the top 276pt masthead crop; keep the key visual in the upper third and center 70% width.,city_place_requires_unique_realistic_hero,"Generate owned/licensed hero, crop to repo target, wire heroImageName through source/resources/SQLite, and capture simulator proof.","Create a super-realistic app-owned hero photo for a Vietnamese travel phrasebook, matching the premium real-life menu-item hero image quality. No readable text, no logos, no watermarks, no faces as the subject. Keep the main landmark/object recognizable inside the upper third because the iOS masthead crops a shallow horizontal band. Show Six On Six Cafe / Six On Six Cafe through a tasteful restaurant/street-food table or entrance mood without copying a real storefront sign or brand logo. Specific subject guidance: Photorealistic owned asset: leafy courtyard cafe with iced coffee and tile floor, natural light, no brand marks.","no readable text, no watermark, no logos, no fake signs, no unrelated Ha Long Bay/karst imagery for city-specific pages, no people as the main subject",Simulator screenshot plus phone spot-check before DONE,shared or legacy fallback; replace with unique app-owned generated realistic asset,docs/editorial-exports/viet-image-assets/hero-image-production-001/generated_hero_assets.json,Generate a unique realistic menu-quality image for this exact city noun; do not reuse the city masthead or another place image.
P0,NEEDS_UNIQUE_REALISTIC_ASSET,viet-family-city-hoian-place-streets-restaurant-cafe,STREETS Restaurant Cafe / STREETS Restaurant Cafe,restaurant,HeroCityHoian,HeroCityHoianPlaceStreetsRestaurantCafe,native-ios/Resources/Assets.xcassets/HeroCityHoian.imageset/hero-city-hoian.png,,853 x 1844,,853 x 1844,>= 1600 x 2400 preferred,PhraseListingView HeroMastheadImage,"center 50%, upper 32%; food or entrance must remain visible after fade",Recognizable subject must survive the top 276pt masthead crop; keep the key visual in the upper third and center 70% width.,city_place_requires_unique_realistic_hero,"Generate owned/licensed hero, crop to repo target, wire heroImageName through source/resources/SQLite, and capture simulator proof.","Create a super-realistic app-owned hero photo for a Vietnamese travel phrasebook, matching the premium real-life menu-item hero image quality. No readable text, no logos, no watermarks, no faces as the subject. Keep the main landmark/object recognizable inside the upper third because the iOS masthead crops a shallow horizontal band. Show STREETS Restaurant Cafe / STREETS Restaurant Cafe through a tasteful restaurant/street-food table or entrance mood without copying a real storefront sign or brand logo. Specific subject guidance: Photorealistic owned asset: training-cafe style dining room with simple table settings, no logo.","no readable text, no watermark, no logos, no fake signs, no unrelated Ha Long Bay/karst imagery for city-specific pages, no people as the main subject",Simulator screenshot plus phone spot-check before DONE,shared or legacy fallback; replace with unique app-owned generated realistic asset,docs/editorial-exports/viet-image-assets/hero-image-production-001/generated_hero_assets.json,Generate a unique realistic menu-quality image for this exact city noun; do not reuse the city masthead or another place image.
P0,NEEDS_UNIQUE_REALISTIC_ASSET,viet-family-city-hanoi-place-tam-vi,Tầm Vị / Tam Vi,restaurant,HeroCityHanoi,HeroCityHanoiPlaceTamVi,native-ios/Resources/Assets.xcassets/HeroCityHanoi.imageset/hero-city-hanoi.png,,853 x 1844,,853 x 1844,>= 1600 x 2400 preferred,PhraseListingView HeroMastheadImage,"center 50%, upper 32%; food or entrance must remain visible after fade",Recognizable subject must survive the top 276pt masthead crop; keep the key visual in the upper third and center 70% width.,city_place_requires_unique_realistic_hero,"Generate owned/licensed hero, crop to repo target, wire heroImageName through source/resources/SQLite, and capture simulator proof.","Create a super-realistic app-owned hero photo for a Vietnamese travel phrasebook, matching the premium real-life menu-item hero image quality. No readable text, no logos, no watermarks, no faces as the subject. Keep the main landmark/object recognizable inside the upper third because the iOS masthead crops a shallow horizontal band. Show Tầm Vị / Tam Vi through a tasteful restaurant/street-food table or entrance mood without copying a real storefront sign or brand logo. Specific subject guidance: Traditional Hanoi dining room with northern Vietnamese dishes, warm wood, realistic photo.","no readable text, no watermark, no logos, no fake signs, no unrelated Ha Long Bay/karst imagery for city-specific pages, no people as the main subject",Simulator screenshot plus phone spot-check before DONE,shared or legacy fallback; replace with unique app-owned generated realistic asset,docs/editorial-exports/viet-image-assets/hero-image-production-001/generated_hero_assets.json,Generate a unique realistic menu-quality image for this exact city noun; do not reuse the city masthead or another place image.
P0,NEEDS_UNIQUE_REALISTIC_ASSET,viet-family-city-hue-place-thanh-cafe,Thành Cafe / Thanh Cafe,restaurant,HeroCityHue,HeroCityHuePlaceThanhCafe,native-ios/Resources/Assets.xcassets/HeroCityHue.imageset/hero-city-hue.png,,853 x 1844,,853 x 1844,>= 1600 x 2400 preferred,PhraseListingView HeroMastheadImage,"center 50%, upper 32%; food or entrance must remain visible after fade",Recognizable subject must survive the top 276pt masthead crop; keep the key visual in the upper third and center 70% width.,city_place_requires_unique_realistic_hero,"Generate owned/licensed hero, crop to repo target, wire heroImageName through source/resources/SQLite, and capture simulator proof.","Create a super-realistic app-owned hero photo for a Vietnamese travel phrasebook, matching the premium real-life menu-item hero image quality. No readable text, no logos, no watermarks, no faces as the subject. Keep the main landmark/object recognizable inside the upper third because the iOS masthead crops a shallow horizontal band. Show Thành Cafe / Thanh Cafe through a tasteful restaurant/street-food table or entrance mood without copying a real storefront sign or brand logo. Specific subject guidance: Photorealistic tiled Hue cafe interior with porcelain-inlay details, iced coffee, soft daylight.","no readable text, no watermark, no logos, no fake signs, no unrelated Ha Long Bay/karst imagery for city-specific pages, no people as the main subject",Simulator screenshot plus phone spot-check before DONE,shared or legacy fallback; replace with unique app-owned generated realistic asset,docs/editorial-exports/viet-image-assets/hero-image-production-001/generated_hero_assets.json,Generate a unique realistic menu-quality image for this exact city noun; do not reuse the city masthead or another place image.
P0,NEEDS_UNIQUE_REALISTIC_ASSET,viet-family-city-hoian-place-espresso-station,The Espresso Station / The Espresso Station,restaurant,HeroCityHoian,HeroCityHoianPlaceEspressoStation,native-ios/Resources/Assets.xcassets/HeroCityHoian.imageset/hero-city-hoian.png,,853 x 1844,,853 x 1844,>= 1600 x 2400 preferred,PhraseListingView HeroMastheadImage,"center 50%, upper 32%; food or entrance must remain visible after fade",Recognizable subject must survive the top 276pt masthead crop; keep the key visual in the upper third and center 70% width.,city_place_requires_unique_realistic_hero,"Generate owned/licensed hero, crop to repo target, wire heroImageName through source/resources/SQLite, and capture simulator proof.","Create a super-realistic app-owned hero photo for a Vietnamese travel phrasebook, matching the premium real-life menu-item hero image quality. No readable text, no logos, no watermarks, no faces as the subject. Keep the main landmark/object recognizable inside the upper third because the iOS masthead crops a shallow horizontal band. Show The Espresso Station / The Espresso Station through a tasteful restaurant/street-food table or entrance mood without copying a real storefront sign or brand logo. Specific subject guidance: Photorealistic owned asset: small espresso bar in a narrow Hoi An lane, coffee machine, no logo.","no readable text, no watermark, no logos, no fake signs, no unrelated Ha Long Bay/karst imagery for city-specific pages, no people as the main subject",Simulator screenshot plus phone spot-check before DONE,shared or legacy fallback; replace with unique app-owned generated realistic asset,docs/editorial-exports/viet-image-assets/hero-image-production-001/generated_hero_assets.json,Generate a unique realistic menu-quality image for this exact city noun; do not reuse the city masthead or another place image.
P0,NEEDS_UNIQUE_REALISTIC_ASSET,viet-family-city-hoian-place-the-field,The Field Hội An / The Field Hoi An,restaurant,HeroCityHoian,HeroCityHoianPlaceTheField,native-ios/Resources/Assets.xcassets/HeroCityHoian.imageset/hero-city-hoian.png,,853 x 1844,,853 x 1844,>= 1600 x 2400 preferred,PhraseListingView HeroMastheadImage,"center 50%, upper 32%; food or entrance must remain visible after fade",Recognizable subject must survive the top 276pt masthead crop; keep the key visual in the upper third and center 70% width.,city_place_requires_unique_realistic_hero,"Generate owned/licensed hero, crop to repo target, wire heroImageName through source/resources/SQLite, and capture simulator proof.","Create a super-realistic app-owned hero photo for a Vietnamese travel phrasebook, matching the premium real-life menu-item hero image quality. No readable text, no logos, no watermarks, no faces as the subject. Keep the main landmark/object recognizable inside the upper third because the iOS masthead crops a shallow horizontal band. Show The Field Hội An / The Field Hoi An through a tasteful restaurant/street-food table or entrance mood without copying a real storefront sign or brand logo. Specific subject guidance: Photorealistic owned asset: open-air restaurant by rice fields at sunset, no brand signage.","no readable text, no watermark, no logos, no fake signs, no unrelated Ha Long Bay/karst imagery for city-specific pages, no people as the main subject",Simulator screenshot plus phone spot-check before DONE,shared or legacy fallback; replace with unique app-owned generated realistic asset,docs/editorial-exports/viet-image-assets/hero-image-production-001/generated_hero_assets.json,Generate a unique realistic menu-quality image for this exact city noun; do not reuse the city masthead or another place image.
P0,NEEDS_UNIQUE_REALISTIC_ASSET,viet-family-city-hanoi-place-the-note-coffee,The Note Coffee / The Note Coffee,restaurant,HeroCityHanoi,HeroCityHanoiPlaceTheNoteCoffee,native-ios/Resources/Assets.xcassets/HeroCityHanoi.imageset/hero-city-hanoi.png,,853 x 1844,,853 x 1844,>= 1600 x 2400 preferred,PhraseListingView HeroMastheadImage,"center 50%, upper 32%; food or entrance must remain visible after fade",Recognizable subject must survive the top 276pt masthead crop; keep the key visual in the upper third and center 70% width.,city_place_requires_unique_realistic_hero,"Generate owned/licensed hero, crop to repo target, wire heroImageName through source/resources/SQLite, and capture simulator proof.","Create a super-realistic app-owned hero photo for a Vietnamese travel phrasebook, matching the premium real-life menu-item hero image quality. No readable text, no logos, no watermarks, no faces as the subject. Keep the main landmark/object recognizable inside the upper third because the iOS masthead crops a shallow horizontal band. Show The Note Coffee / The Note Coffee through a tasteful restaurant/street-food table or entrance mood without copying a real storefront sign or brand logo. Specific subject guidance: Colorful sticky-note cafe interior with coffee cups, realistic travel photo, no readable private notes.","no readable text, no watermark, no logos, no fake signs, no unrelated Ha Long Bay/karst imagery for city-specific pages, no people as the main subject",Simulator screenshot plus phone spot-check before DONE,shared or legacy fallback; replace with unique app-owned generated realistic asset,docs/editorial-exports/viet-image-assets/hero-image-production-001/generated_hero_assets.json,Generate a unique realistic menu-quality image for this exact city noun; do not reuse the city masthead or another place image.
P0,NEEDS_UNIQUE_REALISTIC_ASSET,viet-family-city-danang-place-the-temptation,The Temptation / The Temptation,restaurant,HeroCityDanang,HeroCityDanangPlaceTheTemptation,native-ios/Resources/Assets.xcassets/HeroCityDanang.imageset/hero-city-danang.png,,853 x 1844,,853 x 1844,>= 1600 x 2400 preferred,PhraseListingView HeroMastheadImage,"center 50%, upper 32%; food or entrance must remain visible after fade",Recognizable subject must survive the top 276pt masthead crop; keep the key visual in the upper third and center 70% width.,city_place_requires_unique_realistic_hero,"Generate owned/licensed hero, crop to repo target, wire heroImageName through source/resources/SQLite, and capture simulator proof.","Create a super-realistic app-owned hero photo for a Vietnamese travel phrasebook, matching the premium real-life menu-item hero image quality. No readable text, no logos, no watermarks, no faces as the subject. Keep the main landmark/object recognizable inside the upper third because the iOS masthead crops a shallow horizontal band. Show The Temptation / The Temptation through a tasteful restaurant/street-food table or entrance mood without copying a real storefront sign or brand logo. Specific subject guidance: Photorealistic owned asset: refined small restaurant exterior at dusk, neutral signage, no exact logo.","no readable text, no watermark, no logos, no fake signs, no unrelated Ha Long Bay/karst imagery for city-specific pages, no people as the main subject",Simulator screenshot plus phone spot-check before DONE,shared or legacy fallback; replace with unique app-owned generated realistic asset,docs/editorial-exports/viet-image-assets/hero-image-production-001/generated_hero_assets.json,Generate a unique realistic menu-quality image for this exact city noun; do not reuse the city masthead or another place image.
P0,NEEDS_UNIQUE_REALISTIC_ASSET,viet-family-city-hcmc-place-workshop-coffee,The Workshop Coffee / The Workshop Coffee,restaurant,HeroCityHcmc,HeroCityHcmcPlaceWorkshopCoffee,native-ios/Resources/Assets.xcassets/HeroCityHcmc.imageset/hero-city-hcmc.png,,853 x 1844,,853 x 1844,>= 1600 x 2400 preferred,PhraseListingView HeroMastheadImage,"center 50%, upper 32%; food or entrance must remain visible after fade",Recognizable subject must survive the top 276pt masthead crop; keep the key visual in the upper third and center 70% width.,city_place_requires_unique_realistic_hero,"Generate owned/licensed hero, crop to repo target, wire heroImageName through source/resources/SQLite, and capture simulator proof.","Create a super-realistic app-owned hero photo for a Vietnamese travel phrasebook, matching the premium real-life menu-item hero image quality. No readable text, no logos, no watermarks, no faces as the subject. Keep the main landmark/object recognizable inside the upper third because the iOS masthead crops a shallow horizontal band. Show The Workshop Coffee / The Workshop Coffee through a tasteful restaurant/street-food table or entrance mood without copying a real storefront sign or brand logo. Specific subject guidance: Bright specialty coffee bar in old Saigon building, espresso equipment, realistic photo.","no readable text, no watermark, no logos, no fake signs, no unrelated Ha Long Bay/karst imagery for city-specific pages, no people as the main subject",Simulator screenshot plus phone spot-check before DONE,shared or legacy fallback; replace with unique app-owned generated realistic asset,docs/editorial-exports/viet-image-assets/hero-image-production-001/generated_hero_assets.json,Generate a unique realistic menu-quality image for this exact city noun; do not reuse the city masthead or another place image.
P0,NEEDS_UNIQUE_REALISTIC_ASSET,viet-family-city-hue-place-tinh-gia-vien,Tịnh Gia Viên / Tinh Gia Vien Restaurant,restaurant,HeroCityHue,HeroCityHuePlaceTinhGiaVien,native-ios/Resources/Assets.xcassets/HeroCityHue.imageset/hero-city-hue.png,,853 x 1844,,853 x 1844,>= 1600 x 2400 preferred,PhraseListingView HeroMastheadImage,"center 50%, upper 32%; food or entrance must remain visible after fade",Recognizable subject must survive the top 276pt masthead crop; keep the key visual in the upper third and center 70% width.,city_place_requires_unique_realistic_hero,"Generate owned/licensed hero, crop to repo target, wire heroImageName through source/resources/SQLite, and capture simulator proof.","Create a super-realistic app-owned hero photo for a Vietnamese travel phrasebook, matching the premium real-life menu-item hero image quality. No readable text, no logos, no watermarks, no faces as the subject. Keep the main landmark/object recognizable inside the upper third because the iOS masthead crops a shallow horizontal band. Show Tịnh Gia Viên / Tinh Gia Vien Restaurant through a tasteful restaurant/street-food table or entrance mood without copying a real storefront sign or brand logo. Specific subject guidance: Photorealistic Hue garden-house restaurant courtyard with carved wood, foliage, and small plated dishes.","no readable text, no watermark, no logos, no fake signs, no unrelated Ha Long Bay/karst imagery for city-specific pages, no people as the main subject",Simulator screenshot plus phone spot-check before DONE,shared or legacy fallback; replace with unique app-owned generated realistic asset,docs/editorial-exports/viet-image-assets/hero-image-production-001/generated_hero_assets.json,Generate a unique realistic menu-quality image for this exact city noun; do not reuse the city masthead or another place image.
P0,NEEDS_UNIQUE_REALISTIC_ASSET,viet-family-city-hoian-place-u-cafe,U Cafe Hội An / U Cafe Hoi An,restaurant,HeroCityHoian,HeroCityHoianPlaceUCafe,native-ios/Resources/Assets.xcassets/HeroCityHoian.imageset/hero-city-hoian.png,,853 x 1844,,853 x 1844,>= 1600 x 2400 preferred,PhraseListingView HeroMastheadImage,"center 50%, upper 32%; food or entrance must remain visible after fade",Recognizable subject must survive the top 276pt masthead crop; keep the key visual in the upper third and center 70% width.,city_place_requires_unique_realistic_hero,"Generate owned/licensed hero, crop to repo target, wire heroImageName through source/resources/SQLite, and capture simulator proof.","Create a super-realistic app-owned hero photo for a Vietnamese travel phrasebook, matching the premium real-life menu-item hero image quality. No readable text, no logos, no watermarks, no faces as the subject. Keep the main landmark/object recognizable inside the upper third because the iOS masthead crops a shallow horizontal band. Show U Cafe Hội An / U Cafe Hoi An through a tasteful restaurant/street-food table or entrance mood without copying a real storefront sign or brand logo. Specific subject guidance: Photorealistic owned asset: riverside cafe deck with plants and iced tea, no brand signage.","no readable text, no watermark, no logos, no fake signs, no unrelated Ha Long Bay/karst imagery for city-specific pages, no people as the main subject",Simulator screenshot plus phone spot-check before DONE,shared or legacy fallback; replace with unique app-owned generated realistic asset,docs/editorial-exports/viet-image-assets/hero-image-production-001/generated_hero_assets.json,Generate a unique realistic menu-quality image for this exact city noun; do not reuse the city masthead or another place image.
P0,NEEDS_UNIQUE_REALISTIC_ASSET,viet-family-city-hanoi-place-udam,Ưu Đàm / Uu Dam,restaurant,HeroCityHanoi,HeroCityHanoiPlaceUdam,native-ios/Resources/Assets.xcassets/HeroCityHanoi.imageset/hero-city-hanoi.png,,853 x 1844,,853 x 1844,>= 1600 x 2400 preferred,PhraseListingView HeroMastheadImage,"center 50%, upper 32%; food or entrance must remain visible after fade",Recognizable subject must survive the top 276pt masthead crop; keep the key visual in the upper third and center 70% width.,city_place_requires_unique_realistic_hero,"Generate owned/licensed hero, crop to repo target, wire heroImageName through source/resources/SQLite, and capture simulator proof.","Create a super-realistic app-owned hero photo for a Vietnamese travel phrasebook, matching the premium real-life menu-item hero image quality. No readable text, no logos, no watermarks, no faces as the subject. Keep the main landmark/object recognizable inside the upper third because the iOS masthead crops a shallow horizontal band. Show Ưu Đàm / Uu Dam through a tasteful restaurant/street-food table or entrance mood without copying a real storefront sign or brand logo. Specific subject guidance: Serene vegetarian Vietnamese restaurant table with herbs and clay bowls, realistic photo.","no readable text, no watermark, no logos, no fake signs, no unrelated Ha Long Bay/karst imagery for city-specific pages, no people as the main subject",Simulator screenshot plus phone spot-check before DONE,shared or legacy fallback; replace with unique app-owned generated realistic asset,docs/editorial-exports/viet-image-assets/hero-image-production-001/generated_hero_assets.json,Generate a unique realistic menu-quality image for this exact city noun; do not reuse the city masthead or another place image.
P0,NEEDS_UNIQUE_REALISTIC_ASSET,viet-family-city-hoian-place-vys-market,Vy's Market Restaurant / Vy's Market Restaurant,restaurant,HeroCityHoian,HeroCityHoianPlaceVysMarket,native-ios/Resources/Assets.xcassets/HeroCityHoian.imageset/hero-city-hoian.png,,853 x 1844,,853 x 1844,>= 1600 x 2400 preferred,PhraseListingView HeroMastheadImage,"center 50%, upper 32%; food or entrance must remain visible after fade",Recognizable subject must survive the top 276pt masthead crop; keep the key visual in the upper third and center 70% width.,city_place_requires_unique_realistic_hero,"Generate owned/licensed hero, crop to repo target, wire heroImageName through source/resources/SQLite, and capture simulator proof.","Create a super-realistic app-owned hero photo for a Vietnamese travel phrasebook, matching the premium real-life menu-item hero image quality. No readable text, no logos, no watermarks, no faces as the subject. Keep the main landmark/object recognizable inside the upper third because the iOS masthead crops a shallow horizontal band. Show Vy's Market Restaurant / Vy's Market Restaurant through a tasteful restaurant/street-food table or entrance mood without copying a real storefront sign or brand logo. Specific subject guidance: Photorealistic owned asset: indoor Vietnamese food-hall counters with bowls and herbs, no exact branding.","no readable text, no watermark, no logos, no fake signs, no unrelated Ha Long Bay/karst imagery for city-specific pages, no people as the main subject",Simulator screenshot plus phone spot-check before DONE,shared or legacy fallback; replace with unique app-owned generated realistic asset,docs/editorial-exports/viet-image-assets/hero-image-production-001/generated_hero_assets.json,Generate a unique realistic menu-quality image for this exact city noun; do not reuse the city masthead or another place image.
P0,NEEDS_UNIQUE_REALISTIC_ASSET,viet-family-city-danang-place-wonderlust,Wonderlust / Wonderlust,restaurant,HeroCityDanang,HeroCityDanangPlaceWonderlust,native-ios/Resources/Assets.xcassets/HeroCityDanang.imageset/hero-city-danang.png,,853 x 1844,,853 x 1844,>= 1600 x 2400 preferred,PhraseListingView HeroMastheadImage,"center 50%, upper 32%; food or entrance must remain visible after fade",Recognizable subject must survive the top 276pt masthead crop; keep the key visual in the upper third and center 70% width.,city_place_requires_unique_realistic_hero,"Generate owned/licensed hero, crop to repo target, wire heroImageName through source/resources/SQLite, and capture simulator proof.","Create a super-realistic app-owned hero photo for a Vietnamese travel phrasebook, matching the premium real-life menu-item hero image quality. No readable text, no logos, no watermarks, no faces as the subject. Keep the main landmark/object recognizable inside the upper third because the iOS masthead crops a shallow horizontal band. Show Wonderlust / Wonderlust through a tasteful restaurant/street-food table or entrance mood without copying a real storefront sign or brand logo. Specific subject guidance: Photorealistic owned asset: bright minimalist cafe table with iced coffee and laptop-free counter, no logo.","no readable text, no watermark, no logos, no fake signs, no unrelated Ha Long Bay/karst imagery for city-specific pages, no people as the main subject",Simulator screenshot plus phone spot-check before DONE,shared or legacy fallback; replace with unique app-owned generated realistic asset,docs/editorial-exports/viet-image-assets/hero-image-production-001/generated_hero_assets.json,Generate a unique realistic menu-quality image for this exact city noun; do not reuse the city masthead or another place image.
P0,NEEDS_UNIQUE_REALISTIC_ASSET,viet-family-city-hue-place-y-thao-garden,Ý Thảo Garden / Y Thao Garden,restaurant,HeroCityHue,HeroCityHuePlaceYThaoGarden,native-ios/Resources/Assets.xcassets/HeroCityHue.imageset/hero-city-hue.png,,853 x 1844,,853 x 1844,>= 1600 x 2400 preferred,PhraseListingView HeroMastheadImage,"center 50%, upper 32%; food or entrance must remain visible after fade",Recognizable subject must survive the top 276pt masthead crop; keep the key visual in the upper third and center 70% width.,city_place_requires_unique_realistic_hero,"Generate owned/licensed hero, crop to repo target, wire heroImageName through source/resources/SQLite, and capture simulator proof.","Create a super-realistic app-owned hero photo for a Vietnamese travel phrasebook, matching the premium real-life menu-item hero image quality. No readable text, no logos, no watermarks, no faces as the subject. Keep the main landmark/object recognizable inside the upper third because the iOS masthead crops a shallow horizontal band. Show Ý Thảo Garden / Y Thao Garden through a tasteful restaurant/street-food table or entrance mood without copying a real storefront sign or brand logo. Specific subject guidance: Photorealistic small garden restaurant in an old Hue house, woven mats, lanterns, and leafy courtyard.","no readable text, no watermark, no logos, no fake signs, no unrelated Ha Long Bay/karst imagery for city-specific pages, no people as the main subject",Simulator screenshot plus phone spot-check before DONE,shared or legacy fallback; replace with unique app-owned generated realistic asset,docs/editorial-exports/viet-image-assets/hero-image-production-001/generated_hero_assets.json,Generate a unique realistic menu-quality image for this exact city noun; do not reuse the city masthead or another place image.
P0,NEEDS_UNIQUE_REALISTIC_ASSET,viet-family-city-danang-place-bach-dang-street,Đường Bạch Đằng / Bach Dang Street,streetDriver,HeroCityDanang,HeroCityDanangPlaceBachDangStreet,native-ios/Resources/Assets.xcassets/HeroCityDanang.imageset/hero-city-danang.png,,853 x 1844,,853 x 1844,>= 1600 x 2400 preferred,PhraseListingView HeroMastheadImage,"center 50%, upper 28%; road/address context, not fake signage",Recognizable subject must survive the top 276pt masthead crop; keep the key visual in the upper third and center 70% width.,city_place_requires_unique_realistic_hero,"Generate owned/licensed hero, crop to repo target, wire heroImageName through source/resources/SQLite, and capture simulator proof.","Create a super-realistic app-owned hero photo for a Vietnamese travel phrasebook, matching the premium real-life menu-item hero image quality. No readable text, no logos, no watermarks, no faces as the subject. Keep the main landmark/object recognizable inside the upper third because the iOS masthead crops a shallow horizontal band. Show Đường Bạch Đằng / Bach Dang Street as a driver/street context with road, curb, or address cues. Avoid fake readable street-sign text. Specific subject guidance: Photorealistic owned asset: riverside promenade with street trees and city buildings, late afternoon, no readable business signs.","no readable text, no watermark, no logos, no fake signs, no unrelated Ha Long Bay/karst imagery for city-specific pages, no people as the main subject",Simulator screenshot plus phone spot-check before DONE,shared or legacy fallback; replace with unique app-owned generated realistic asset,docs/editorial-exports/viet-image-assets/hero-image-production-001/generated_hero_assets.json,Generate a unique realistic menu-quality image for this exact city noun; do not reuse the city masthead or another place image.
P0,NEEDS_UNIQUE_REALISTIC_ASSET,viet-family-city-hoian-place-bach-dang-street,Đường Bạch Đằng ở Hội An / Bach Dang Street,streetDriver,HeroCityHoian,HeroCityHoianPlaceBachDangStreet,native-ios/Resources/Assets.xcassets/HeroCityHoian.imageset/hero-city-hoian.png,,853 x 1844,,853 x 1844,>= 1600 x 2400 preferred,PhraseListingView HeroMastheadImage,"center 50%, upper 28%; road/address context, not fake signage",Recognizable subject must survive the top 276pt masthead crop; keep the key visual in the upper third and center 70% width.,city_place_requires_unique_realistic_hero,"Generate owned/licensed hero, crop to repo target, wire heroImageName through source/resources/SQLite, and capture simulator proof.","Create a super-realistic app-owned hero photo for a Vietnamese travel phrasebook, matching the premium real-life menu-item hero image quality. No readable text, no logos, no watermarks, no faces as the subject. Keep the main landmark/object recognizable inside the upper third because the iOS masthead crops a shallow horizontal band. Show Đường Bạch Đằng ở Hội An / Bach Dang Street as a driver/street context with road, curb, or address cues. Avoid fake readable street-sign text. Specific subject guidance: Photorealistic owned asset: riverside street with boats and yellow buildings, blue-hour lantern reflections.","no readable text, no watermark, no logos, no fake signs, no unrelated Ha Long Bay/karst imagery for city-specific pages, no people as the main subject",Simulator screenshot plus phone spot-check before DONE,shared or legacy fallback; replace with unique app-owned generated realistic asset,docs/editorial-exports/viet-image-assets/hero-image-production-001/generated_hero_assets.json,Generate a unique realistic menu-quality image for this exact city noun; do not reuse the city masthead or another place image.
P0,NEEDS_UNIQUE_REALISTIC_ASSET,viet-family-city-hue-place-chu-van-an-street,Đường Chu Văn An / Chu Van An Street,streetDriver,HeroCityHue,HeroCityHuePlaceChuVanAnStreet,native-ios/Resources/Assets.xcassets/HeroCityHue.imageset/hero-city-hue.png,,853 x 1844,,853 x 1844,>= 1600 x 2400 preferred,PhraseListingView HeroMastheadImage,"center 50%, upper 28%; road/address context, not fake signage",Recognizable subject must survive the top 276pt masthead crop; keep the key visual in the upper third and center 70% width.,city_place_requires_unique_realistic_hero,"Generate owned/licensed hero, crop to repo target, wire heroImageName through source/resources/SQLite, and capture simulator proof.","Create a super-realistic app-owned hero photo for a Vietnamese travel phrasebook, matching the premium real-life menu-item hero image quality. No readable text, no logos, no watermarks, no faces as the subject. Keep the main landmark/object recognizable inside the upper third because the iOS masthead crops a shallow horizontal band. Show Đường Chu Văn An / Chu Van An Street as a driver/street context with road, curb, or address cues. Avoid fake readable street-sign text. Specific subject guidance: Photorealistic central Hue street with small restaurants, signboards, and parked scooters after rain.","no readable text, no watermark, no logos, no fake signs, no unrelated Ha Long Bay/karst imagery for city-specific pages, no people as the main subject",Simulator screenshot plus phone spot-check before DONE,shared or legacy fallback; replace with unique app-owned generated realistic asset,docs/editorial-exports/viet-image-assets/hero-image-production-001/generated_hero_assets.json,Generate a unique realistic menu-quality image for this exact city noun; do not reuse the city masthead or another place image.
P0,NEEDS_UNIQUE_REALISTIC_ASSET,viet-family-city-hcmc-place-dong-khoi-street,Đường Đồng Khởi / Dong Khoi Street,streetDriver,HeroCityHcmc,HeroCityHcmcPlaceDongKhoiStreet,native-ios/Resources/Assets.xcassets/HeroCityHcmc.imageset/hero-city-hcmc.png,,853 x 1844,,853 x 1844,>= 1600 x 2400 preferred,PhraseListingView HeroMastheadImage,"center 50%, upper 28%; road/address context, not fake signage",Recognizable subject must survive the top 276pt masthead crop; keep the key visual in the upper third and center 70% width.,city_place_requires_unique_realistic_hero,"Generate owned/licensed hero, crop to repo target, wire heroImageName through source/resources/SQLite, and capture simulator proof.","Create a super-realistic app-owned hero photo for a Vietnamese travel phrasebook, matching the premium real-life menu-item hero image quality. No readable text, no logos, no watermarks, no faces as the subject. Keep the main landmark/object recognizable inside the upper third because the iOS masthead crops a shallow horizontal band. Show Đường Đồng Khởi / Dong Khoi Street as a driver/street context with road, curb, or address cues. Avoid fake readable street-sign text. Specific subject guidance: Dong Khoi Street with boutiques, trees, and scooters, photorealistic.","no readable text, no watermark, no logos, no fake signs, no unrelated Ha Long Bay/karst imagery for city-specific pages, no people as the main subject",Simulator screenshot plus phone spot-check before DONE,shared or legacy fallback; replace with unique app-owned generated realistic asset,docs/editorial-exports/viet-image-assets/hero-image-production-001/generated_hero_assets.json,Generate a unique realistic menu-quality image for this exact city noun; do not reuse the city masthead or another place image.
P0,NEEDS_UNIQUE_REALISTIC_ASSET,viet-family-city-hue-place-le-loi-street,Đường Lê Lợi / Le Loi Street,streetDriver,HeroCityHue,HeroCityHuePlaceLeLoiStreet,native-ios/Resources/Assets.xcassets/HeroCityHue.imageset/hero-city-hue.png,,853 x 1844,,853 x 1844,>= 1600 x 2400 preferred,PhraseListingView HeroMastheadImage,"center 50%, upper 28%; road/address context, not fake signage",Recognizable subject must survive the top 276pt masthead crop; keep the key visual in the upper third and center 70% width.,city_place_requires_unique_realistic_hero,"Generate owned/licensed hero, crop to repo target, wire heroImageName through source/resources/SQLite, and capture simulator proof.","Create a super-realistic app-owned hero photo for a Vietnamese travel phrasebook, matching the premium real-life menu-item hero image quality. No readable text, no logos, no watermarks, no faces as the subject. Keep the main landmark/object recognizable inside the upper third because the iOS masthead crops a shallow horizontal band. Show Đường Lê Lợi / Le Loi Street as a driver/street context with road, curb, or address cues. Avoid fake readable street-sign text. Specific subject guidance: Photorealistic tree-lined Hue street near the Perfume River, scooters, colonial facades, soft shade.","no readable text, no watermark, no logos, no fake signs, no unrelated Ha Long Bay/karst imagery for city-specific pages, no people as the main subject",Simulator screenshot plus phone spot-check before DONE,shared or legacy fallback; replace with unique app-owned generated realistic asset,docs/editorial-exports/viet-image-assets/hero-image-production-001/generated_hero_assets.json,Generate a unique realistic menu-quality image for this exact city noun; do not reuse the city masthead or another place image.
P0,NEEDS_UNIQUE_REALISTIC_ASSET,viet-family-city-hcmc-place-le-thanh-ton-street,Đường Lê Thánh Tôn / Le Thanh Ton Street,streetDriver,HeroCityHcmc,HeroCityHcmcPlaceLeThanhTonStreet,native-ios/Resources/Assets.xcassets/HeroCityHcmc.imageset/hero-city-hcmc.png,,853 x 1844,,853 x 1844,>= 1600 x 2400 preferred,PhraseListingView HeroMastheadImage,"center 50%, upper 28%; road/address context, not fake signage",Recognizable subject must survive the top 276pt masthead crop; keep the key visual in the upper third and center 70% width.,city_place_requires_unique_realistic_hero,"Generate owned/licensed hero, crop to repo target, wire heroImageName through source/resources/SQLite, and capture simulator proof.","Create a super-realistic app-owned hero photo for a Vietnamese travel phrasebook, matching the premium real-life menu-item hero image quality. No readable text, no logos, no watermarks, no faces as the subject. Keep the main landmark/object recognizable inside the upper third because the iOS masthead crops a shallow horizontal band. Show Đường Lê Thánh Tôn / Le Thanh Ton Street as a driver/street context with road, curb, or address cues. Avoid fake readable street-sign text. Specific subject guidance: Le Thanh Ton Street restaurant frontage at night, realistic photo.","no readable text, no watermark, no logos, no fake signs, no unrelated Ha Long Bay/karst imagery for city-specific pages, no people as the main subject",Simulator screenshot plus phone spot-check before DONE,shared or legacy fallback; replace with unique app-owned generated realistic asset,docs/editorial-exports/viet-image-assets/hero-image-production-001/generated_hero_assets.json,Generate a unique realistic menu-quality image for this exact city noun; do not reuse the city masthead or another place image.
P0,NEEDS_UNIQUE_REALISTIC_ASSET,viet-family-city-hcmc-place-nguyen-trai-street,Đường Nguyễn Trãi / Nguyen Trai Street,streetDriver,HeroCityHcmc,HeroCityHcmcPlaceNguyenTraiStreet,native-ios/Resources/Assets.xcassets/HeroCityHcmc.imageset/hero-city-hcmc.png,,853 x 1844,,853 x 1844,>= 1600 x 2400 preferred,PhraseListingView HeroMastheadImage,"center 50%, upper 28%; road/address context, not fake signage",Recognizable subject must survive the top 276pt masthead crop; keep the key visual in the upper third and center 70% width.,city_place_requires_unique_realistic_hero,"Generate owned/licensed hero, crop to repo target, wire heroImageName through source/resources/SQLite, and capture simulator proof.","Create a super-realistic app-owned hero photo for a Vietnamese travel phrasebook, matching the premium real-life menu-item hero image quality. No readable text, no logos, no watermarks, no faces as the subject. Keep the main landmark/object recognizable inside the upper third because the iOS masthead crops a shallow horizontal band. Show Đường Nguyễn Trãi / Nguyen Trai Street as a driver/street context with road, curb, or address cues. Avoid fake readable street-sign text. Specific subject guidance: Busy Nguyen Trai shopping street with clothing stores and scooters, realistic photo.","no readable text, no watermark, no logos, no fake signs, no unrelated Ha Long Bay/karst imagery for city-specific pages, no people as the main subject",Simulator screenshot plus phone spot-check before DONE,shared or legacy fallback; replace with unique app-owned generated realistic asset,docs/editorial-exports/viet-image-assets/hero-image-production-001/generated_hero_assets.json,Generate a unique realistic menu-quality image for this exact city noun; do not reuse the city masthead or another place image.
P0,NEEDS_UNIQUE_REALISTIC_ASSET,viet-family-city-danang-place-nguyen-van-linh-street,Đường Nguyễn Văn Linh / Nguyen Van Linh Street,streetDriver,HeroCityDanang,HeroCityDanangPlaceNguyenVanLinhStreet,native-ios/Resources/Assets.xcassets/HeroCityDanang.imageset/hero-city-danang.png,,853 x 1844,,853 x 1844,>= 1600 x 2400 preferred,PhraseListingView HeroMastheadImage,"center 50%, upper 28%; road/address context, not fake signage",Recognizable subject must survive the top 276pt masthead crop; keep the key visual in the upper third and center 70% width.,city_place_requires_unique_realistic_hero,"Generate owned/licensed hero, crop to repo target, wire heroImageName through source/resources/SQLite, and capture simulator proof.","Create a super-realistic app-owned hero photo for a Vietnamese travel phrasebook, matching the premium real-life menu-item hero image quality. No readable text, no logos, no watermarks, no faces as the subject. Keep the main landmark/object recognizable inside the upper third because the iOS masthead crops a shallow horizontal band. Show Đường Nguyễn Văn Linh / Nguyen Van Linh Street as a driver/street context with road, curb, or address cues. Avoid fake readable street-sign text. Specific subject guidance: Photorealistic owned asset: broad city avenue with motorbikes and planted median, realistic motion blur, no license plates.","no readable text, no watermark, no logos, no fake signs, no unrelated Ha Long Bay/karst imagery for city-specific pages, no people as the main subject",Simulator screenshot plus phone spot-check before DONE,shared or legacy fallback; replace with unique app-owned generated realistic asset,docs/editorial-exports/viet-image-assets/hero-image-production-001/generated_hero_assets.json,Generate a unique realistic menu-quality image for this exact city noun; do not reuse the city masthead or another place image.
P0,NEEDS_UNIQUE_REALISTIC_ASSET,viet-family-city-hcmc-place-pasteur-street,Đường Pasteur / Pasteur Street,streetDriver,HeroCityHcmc,HeroCityHcmcPlacePasteurStreet,native-ios/Resources/Assets.xcassets/HeroCityHcmc.imageset/hero-city-hcmc.png,,853 x 1844,,853 x 1844,>= 1600 x 2400 preferred,PhraseListingView HeroMastheadImage,"center 50%, upper 28%; road/address context, not fake signage",Recognizable subject must survive the top 276pt masthead crop; keep the key visual in the upper third and center 70% width.,city_place_requires_unique_realistic_hero,"Generate owned/licensed hero, crop to repo target, wire heroImageName through source/resources/SQLite, and capture simulator proof.","Create a super-realistic app-owned hero photo for a Vietnamese travel phrasebook, matching the premium real-life menu-item hero image quality. No readable text, no logos, no watermarks, no faces as the subject. Keep the main landmark/object recognizable inside the upper third because the iOS masthead crops a shallow horizontal band. Show Đường Pasteur / Pasteur Street as a driver/street context with road, curb, or address cues. Avoid fake readable street-sign text. Specific subject guidance: Pasteur Street with trees, cafe signs, and motorbikes, realistic photo.","no readable text, no watermark, no logos, no fake signs, no unrelated Ha Long Bay/karst imagery for city-specific pages, no people as the main subject",Simulator screenshot plus phone spot-check before DONE,shared or legacy fallback; replace with unique app-owned generated realistic asset,docs/editorial-exports/viet-image-assets/hero-image-production-001/generated_hero_assets.json,Generate a unique realistic menu-quality image for this exact city noun; do not reuse the city masthead or another place image.
P0,NEEDS_UNIQUE_REALISTIC_ASSET,viet-family-city-hue-place-pham-ngu-lao-street,Đường Phạm Ngũ Lão / Pham Ngu Lao Street,streetDriver,HeroCityHue,HeroCityHuePlacePhamNguLaoStreet,native-ios/Resources/Assets.xcassets/HeroCityHue.imageset/hero-city-hue.png,,853 x 1844,,853 x 1844,>= 1600 x 2400 preferred,PhraseListingView HeroMastheadImage,"center 50%, upper 28%; road/address context, not fake signage",Recognizable subject must survive the top 276pt masthead crop; keep the key visual in the upper third and center 70% width.,city_place_requires_unique_realistic_hero,"Generate owned/licensed hero, crop to repo target, wire heroImageName through source/resources/SQLite, and capture simulator proof.","Create a super-realistic app-owned hero photo for a Vietnamese travel phrasebook, matching the premium real-life menu-item hero image quality. No readable text, no logos, no watermarks, no faces as the subject. Keep the main landmark/object recognizable inside the upper third because the iOS masthead crops a shallow horizontal band. Show Đường Phạm Ngũ Lão / Pham Ngu Lao Street as a driver/street context with road, curb, or address cues. Avoid fake readable street-sign text. Specific subject guidance: Photorealistic compact traveler street with cafes, guesthouse signs, scooters, and warm evening light.","no readable text, no watermark, no logos, no fake signs, no unrelated Ha Long Bay/karst imagery for city-specific pages, no people as the main subject",Simulator screenshot plus phone spot-check before DONE,shared or legacy fallback; replace with unique app-owned generated realistic asset,docs/editorial-exports/viet-image-assets/hero-image-production-001/generated_hero_assets.json,Generate a unique realistic menu-quality image for this exact city noun; do not reuse the city masthead or another place image.
P0,NEEDS_UNIQUE_REALISTIC_ASSET,viet-family-city-danang-place-tran-hung-dao-street,Đường Trần Hưng Đạo / Tran Hung Dao Street,streetDriver,HeroCityDanang,HeroCityDanangPlaceTranHungDaoStreet,native-ios/Resources/Assets.xcassets/HeroCityDanang.imageset/hero-city-danang.png,,853 x 1844,,853 x 1844,>= 1600 x 2400 preferred,PhraseListingView HeroMastheadImage,"center 50%, upper 28%; road/address context, not fake signage",Recognizable subject must survive the top 276pt masthead crop; keep the key visual in the upper third and center 70% width.,city_place_requires_unique_realistic_hero,"Generate owned/licensed hero, crop to repo target, wire heroImageName through source/resources/SQLite, and capture simulator proof.","Create a super-realistic app-owned hero photo for a Vietnamese travel phrasebook, matching the premium real-life menu-item hero image quality. No readable text, no logos, no watermarks, no faces as the subject. Keep the main landmark/object recognizable inside the upper third because the iOS masthead crops a shallow horizontal band. Show Đường Trần Hưng Đạo / Tran Hung Dao Street as a driver/street context with road, curb, or address cues. Avoid fake readable street-sign text. Specific subject guidance: Photorealistic owned asset: east-bank riverside street with bridge view and scooters, blue-hour lights, no readable shop names.","no readable text, no watermark, no logos, no fake signs, no unrelated Ha Long Bay/karst imagery for city-specific pages, no people as the main subject",Simulator screenshot plus phone spot-check before DONE,shared or legacy fallback; replace with unique app-owned generated realistic asset,docs/editorial-exports/viet-image-assets/hero-image-production-001/generated_hero_assets.json,Generate a unique realistic menu-quality image for this exact city noun; do not reuse the city masthead or another place image.
P0,NEEDS_UNIQUE_REALISTIC_ASSET,viet-family-city-danang-place-vo-nguyen-giap-street,Đường Võ Nguyên Giáp / Vo Nguyen Giap Street,streetDriver,HeroCityDanang,HeroCityDanangPlaceVoNguyenGiapStreet,native-ios/Resources/Assets.xcassets/HeroCityDanang.imageset/hero-city-danang.png,,853 x 1844,,853 x 1844,>= 1600 x 2400 preferred,PhraseListingView HeroMastheadImage,"center 50%, upper 28%; road/address context, not fake signage",Recognizable subject must survive the top 276pt masthead crop; keep the key visual in the upper third and center 70% width.,city_place_requires_unique_realistic_hero,"Generate owned/licensed hero, crop to repo target, wire heroImageName through source/resources/SQLite, and capture simulator proof.","Create a super-realistic app-owned hero photo for a Vietnamese travel phrasebook, matching the premium real-life menu-item hero image quality. No readable text, no logos, no watermarks, no faces as the subject. Keep the main landmark/object recognizable inside the upper third because the iOS masthead crops a shallow horizontal band. Show Đường Võ Nguyên Giáp / Vo Nguyen Giap Street as a driver/street context with road, curb, or address cues. Avoid fake readable street-sign text. Specific subject guidance: Photorealistic owned asset: coastal boulevard beside beach hotels and palm trees, bright morning, no brand signs.","no readable text, no watermark, no logos, no fake signs, no unrelated Ha Long Bay/karst imagery for city-specific pages, no people as the main subject",Simulator screenshot plus phone spot-check before DONE,shared or legacy fallback; replace with unique app-owned generated realistic asset,docs/editorial-exports/viet-image-assets/hero-image-production-001/generated_hero_assets.json,Generate a unique realistic menu-quality image for this exact city noun; do not reuse the city masthead or another place image.
P0,NEEDS_UNIQUE_REALISTIC_ASSET,viet-family-city-hcmc-place-bui-vien-street,Phố Bùi Viện / Bui Vien Street,streetDriver,HeroCityHcmc,HeroCityHcmcPlaceBuiVienStreet,native-ios/Resources/Assets.xcassets/HeroCityHcmc.imageset/hero-city-hcmc.png,,853 x 1844,,853 x 1844,>= 1600 x 2400 preferred,PhraseListingView HeroMastheadImage,"center 50%, upper 28%; road/address context, not fake signage",Recognizable subject must survive the top 276pt masthead crop; keep the key visual in the upper third and center 70% width.,city_place_requires_unique_realistic_hero,"Generate owned/licensed hero, crop to repo target, wire heroImageName through source/resources/SQLite, and capture simulator proof.","Create a super-realistic app-owned hero photo for a Vietnamese travel phrasebook, matching the premium real-life menu-item hero image quality. No readable text, no logos, no watermarks, no faces as the subject. Keep the main landmark/object recognizable inside the upper third because the iOS masthead crops a shallow horizontal band. Show Phố Bùi Viện / Bui Vien Street as a driver/street context with road, curb, or address cues. Avoid fake readable street-sign text. Specific subject guidance: Bui Vien evening street with signs and small tables, realistic no-logo photo.","no readable text, no watermark, no logos, no fake signs, no unrelated Ha Long Bay/karst imagery for city-specific pages, no people as the main subject",Simulator screenshot plus phone spot-check before DONE,shared or legacy fallback; replace with unique app-owned generated realistic asset,docs/editorial-exports/viet-image-assets/hero-image-production-001/generated_hero_assets.json,Generate a unique realistic menu-quality image for this exact city noun; do not reuse the city masthead or another place image.
P0,NEEDS_UNIQUE_REALISTIC_ASSET,viet-family-city-hanoi-place-trieu-viet-vuong-coffee-street,Phố cà phê Triệu Việt Vương / Trieu Viet Vuong Coffee Street,streetDriver,HeroCityHanoi,HeroCityHanoiPlaceTrieuVietVuongCoffeeStreet,native-ios/Resources/Assets.xcassets/HeroCityHanoi.imageset/hero-city-hanoi.png,,853 x 1844,,853 x 1844,>= 1600 x 2400 preferred,PhraseListingView HeroMastheadImage,"center 50%, upper 28%; road/address context, not fake signage",Recognizable subject must survive the top 276pt masthead crop; keep the key visual in the upper third and center 70% width.,city_place_requires_unique_realistic_hero,"Generate owned/licensed hero, crop to repo target, wire heroImageName through source/resources/SQLite, and capture simulator proof.","Create a super-realistic app-owned hero photo for a Vietnamese travel phrasebook, matching the premium real-life menu-item hero image quality. No readable text, no logos, no watermarks, no faces as the subject. Keep the main landmark/object recognizable inside the upper third because the iOS masthead crops a shallow horizontal band. Show Phố cà phê Triệu Việt Vương / Trieu Viet Vuong Coffee Street as a driver/street context with road, curb, or address cues. Avoid fake readable street-sign text. Specific subject guidance: Hanoi coffee street with many cafe signs and scooters under trees, realistic photo.","no readable text, no watermark, no logos, no fake signs, no unrelated Ha Long Bay/karst imagery for city-specific pages, no people as the main subject",Simulator screenshot plus phone spot-check before DONE,shared or legacy fallback; replace with unique app-owned generated realistic asset,docs/editorial-exports/viet-image-assets/hero-image-production-001/generated_hero_assets.json,Generate a unique realistic menu-quality image for this exact city noun; do not reuse the city masthead or another place image.
P0,NEEDS_UNIQUE_REALISTIC_ASSET,viet-family-city-hue-place-walking-street,Phố đi bộ Huế / Hue Walking Street,streetDriver,HeroCityHue,HeroCityHuePlaceWalkingStreet,native-ios/Resources/Assets.xcassets/HeroCityHue.imageset/hero-city-hue.png,,853 x 1844,,853 x 1844,>= 1600 x 2400 preferred,PhraseListingView HeroMastheadImage,"center 50%, upper 28%; road/address context, not fake signage",Recognizable subject must survive the top 276pt masthead crop; keep the key visual in the upper third and center 70% width.,city_place_requires_unique_realistic_hero,"Generate owned/licensed hero, crop to repo target, wire heroImageName through source/resources/SQLite, and capture simulator proof.","Create a super-realistic app-owned hero photo for a Vietnamese travel phrasebook, matching the premium real-life menu-item hero image quality. No readable text, no logos, no watermarks, no faces as the subject. Keep the main landmark/object recognizable inside the upper third because the iOS masthead crops a shallow horizontal band. Show Phố đi bộ Huế / Hue Walking Street as a driver/street context with road, curb, or address cues. Avoid fake readable street-sign text. Specific subject guidance: Photorealistic lively evening pedestrian street in Hue, small vendors, warm signage, river nearby.","no readable text, no watermark, no logos, no fake signs, no unrelated Ha Long Bay/karst imagery for city-specific pages, no people as the main subject",Simulator screenshot plus phone spot-check before DONE,shared or legacy fallback; replace with unique app-owned generated realistic asset,docs/editorial-exports/viet-image-assets/hero-image-production-001/generated_hero_assets.json,Generate a unique realistic menu-quality image for this exact city noun; do not reuse the city masthead or another place image.
P0,NEEDS_UNIQUE_REALISTIC_ASSET,viet-family-city-hue-place-nguyen-dinh-chieu-street,Phố đi bộ Nguyễn Đình Chiểu / Nguyen Dinh Chieu Walking Street,streetDriver,HeroCityHue,HeroCityHuePlaceNguyenDinhChieuStreet,native-ios/Resources/Assets.xcassets/HeroCityHue.imageset/hero-city-hue.png,,853 x 1844,,853 x 1844,>= 1600 x 2400 preferred,PhraseListingView HeroMastheadImage,"center 50%, upper 28%; road/address context, not fake signage",Recognizable subject must survive the top 276pt masthead crop; keep the key visual in the upper third and center 70% width.,city_place_requires_unique_realistic_hero,"Generate owned/licensed hero, crop to repo target, wire heroImageName through source/resources/SQLite, and capture simulator proof.","Create a super-realistic app-owned hero photo for a Vietnamese travel phrasebook, matching the premium real-life menu-item hero image quality. No readable text, no logos, no watermarks, no faces as the subject. Keep the main landmark/object recognizable inside the upper third because the iOS masthead crops a shallow horizontal band. Show Phố đi bộ Nguyễn Đình Chiểu / Nguyen Dinh Chieu Walking Street as a driver/street context with road, curb, or address cues. Avoid fake readable street-sign text. Specific subject guidance: Photorealistic riverside pedestrian street at dusk with lanterns, food stalls, and bridge lights.","no readable text, no watermark, no logos, no fake signs, no unrelated Ha Long Bay/karst imagery for city-specific pages, no people as the main subject",Simulator screenshot plus phone spot-check before DONE,shared or legacy fallback; replace with unique app-owned generated realistic asset,docs/editorial-exports/viet-image-assets/hero-image-production-001/generated_hero_assets.json,Generate a unique realistic menu-quality image for this exact city noun; do not reuse the city masthead or another place image.
P0,NEEDS_UNIQUE_REALISTIC_ASSET,viet-family-city-hcmc-place-nguyen-hue,Phố đi bộ Nguyễn Huệ / Nguyen Hue Walking Street,streetDriver,HeroCityHcmc,HeroCityHcmcPlaceNguyenHueWalkingStreet,native-ios/Resources/Assets.xcassets/HeroCityHcmc.imageset/hero-city-hcmc.png,,853 x 1844,,853 x 1844,>= 1600 x 2400 preferred,PhraseListingView HeroMastheadImage,"center 50%, upper 28%; road/address context, not fake signage",Recognizable subject must survive the top 276pt masthead crop; keep the key visual in the upper third and center 70% width.,city_place_requires_unique_realistic_hero,"Generate owned/licensed hero, crop to repo target, wire heroImageName through source/resources/SQLite, and capture simulator proof.","Create a super-realistic app-owned hero photo for a Vietnamese travel phrasebook, matching the premium real-life menu-item hero image quality. No readable text, no logos, no watermarks, no faces as the subject. Keep the main landmark/object recognizable inside the upper third because the iOS masthead crops a shallow horizontal band. Show Phố đi bộ Nguyễn Huệ / Nguyen Hue Walking Street as a driver/street context with road, curb, or address cues. Avoid fake readable street-sign text. Specific subject guidance: Nguyen Hue walking street at dusk with City Hall and families, realistic photo.","no readable text, no watermark, no logos, no fake signs, no unrelated Ha Long Bay/karst imagery for city-specific pages, no people as the main subject",Simulator screenshot plus phone spot-check before DONE,shared or legacy fallback; replace with unique app-owned generated realistic asset,docs/editorial-exports/viet-image-assets/hero-image-production-001/generated_hero_assets.json,Generate a unique realistic menu-quality image for this exact city noun; do not reuse the city masthead or another place image.
P0,NEEDS_UNIQUE_REALISTIC_ASSET,viet-family-city-hanoi-place-train-street,Phố đường tàu Hà Nội / Hanoi Train Street,streetDriver,HeroCityHanoi,HeroCityHanoiPlaceTrainStreet,native-ios/Resources/Assets.xcassets/HeroCityHanoi.imageset/hero-city-hanoi.png,,853 x 1844,,853 x 1844,>= 1600 x 2400 preferred,PhraseListingView HeroMastheadImage,"center 50%, upper 28%; road/address context, not fake signage",Recognizable subject must survive the top 276pt masthead crop; keep the key visual in the upper third and center 70% width.,city_place_requires_unique_realistic_hero,"Generate owned/licensed hero, crop to repo target, wire heroImageName through source/resources/SQLite, and capture simulator proof.","Create a super-realistic app-owned hero photo for a Vietnamese travel phrasebook, matching the premium real-life menu-item hero image quality. No readable text, no logos, no watermarks, no faces as the subject. Keep the main landmark/object recognizable inside the upper third because the iOS masthead crops a shallow horizontal band. Show Phố đường tàu Hà Nội / Hanoi Train Street as a driver/street context with road, curb, or address cues. Avoid fake readable street-sign text. Specific subject guidance: Narrow Hanoi railway street with cafes set back safely, realistic no-train photo.","no readable text, no watermark, no logos, no fake signs, no unrelated Ha Long Bay/karst imagery for city-specific pages, no people as the main subject",Simulator screenshot plus phone spot-check before DONE,shared or legacy fallback; replace with unique app-owned generated realistic asset,docs/editorial-exports/viet-image-assets/hero-image-production-001/generated_hero_assets.json,Generate a unique realistic menu-quality image for this exact city noun; do not reuse the city masthead or another place image.
P0,NEEDS_UNIQUE_REALISTIC_ASSET,viet-family-city-hanoi-place-hang-bac-street,Phố Hàng Bạc / Hang Bac Street,streetDriver,HeroCityHanoi,HeroCityHanoiPlaceHangBacStreet,native-ios/Resources/Assets.xcassets/HeroCityHanoi.imageset/hero-city-hanoi.png,,853 x 1844,,853 x 1844,>= 1600 x 2400 preferred,PhraseListingView HeroMastheadImage,"center 50%, upper 28%; road/address context, not fake signage",Recognizable subject must survive the top 276pt masthead crop; keep the key visual in the upper third and center 70% width.,city_place_requires_unique_realistic_hero,"Generate owned/licensed hero, crop to repo target, wire heroImageName through source/resources/SQLite, and capture simulator proof.","Create a super-realistic app-owned hero photo for a Vietnamese travel phrasebook, matching the premium real-life menu-item hero image quality. No readable text, no logos, no watermarks, no faces as the subject. Keep the main landmark/object recognizable inside the upper third because the iOS masthead crops a shallow horizontal band. Show Phố Hàng Bạc / Hang Bac Street as a driver/street context with road, curb, or address cues. Avoid fake readable street-sign text. Specific subject guidance: Old Quarter street storefronts on Hang Bac, silver shop signs, realistic photo.","no readable text, no watermark, no logos, no fake signs, no unrelated Ha Long Bay/karst imagery for city-specific pages, no people as the main subject",Simulator screenshot plus phone spot-check before DONE,shared or legacy fallback; replace with unique app-owned generated realistic asset,docs/editorial-exports/viet-image-assets/hero-image-production-001/generated_hero_assets.json,Generate a unique realistic menu-quality image for this exact city noun; do not reuse the city masthead or another place image.
P0,NEEDS_UNIQUE_REALISTIC_ASSET,viet-family-city-hanoi-place-hang-gai-street,Phố Hàng Gai / Hang Gai Street,streetDriver,HeroCityHanoi,HeroCityHanoiPlaceHangGaiStreet,native-ios/Resources/Assets.xcassets/HeroCityHanoi.imageset/hero-city-hanoi.png,,853 x 1844,,853 x 1844,>= 1600 x 2400 preferred,PhraseListingView HeroMastheadImage,"center 50%, upper 28%; road/address context, not fake signage",Recognizable subject must survive the top 276pt masthead crop; keep the key visual in the upper third and center 70% width.,city_place_requires_unique_realistic_hero,"Generate owned/licensed hero, crop to repo target, wire heroImageName through source/resources/SQLite, and capture simulator proof.","Create a super-realistic app-owned hero photo for a Vietnamese travel phrasebook, matching the premium real-life menu-item hero image quality. No readable text, no logos, no watermarks, no faces as the subject. Keep the main landmark/object recognizable inside the upper third because the iOS masthead crops a shallow horizontal band. Show Phố Hàng Gai / Hang Gai Street as a driver/street context with road, curb, or address cues. Avoid fake readable street-sign text. Specific subject guidance: Silk shop windows on Hang Gai Street, scooters, warm afternoon, realistic photo.","no readable text, no watermark, no logos, no fake signs, no unrelated Ha Long Bay/karst imagery for city-specific pages, no people as the main subject",Simulator screenshot plus phone spot-check before DONE,shared or legacy fallback; replace with unique app-owned generated realistic asset,docs/editorial-exports/viet-image-assets/hero-image-production-001/generated_hero_assets.json,Generate a unique realistic menu-quality image for this exact city noun; do not reuse the city masthead or another place image.
P0,NEEDS_UNIQUE_REALISTIC_ASSET,viet-family-city-hanoi-place-nguyen-huu-huan-street,Phố Nguyễn Hữu Huân / Nguyen Huu Huan Street,streetDriver,HeroCityHanoi,HeroCityHanoiPlaceNguyenHuuHuanStreet,native-ios/Resources/Assets.xcassets/HeroCityHanoi.imageset/hero-city-hanoi.png,,853 x 1844,,853 x 1844,>= 1600 x 2400 preferred,PhraseListingView HeroMastheadImage,"center 50%, upper 28%; road/address context, not fake signage",Recognizable subject must survive the top 276pt masthead crop; keep the key visual in the upper third and center 70% width.,city_place_requires_unique_realistic_hero,"Generate owned/licensed hero, crop to repo target, wire heroImageName through source/resources/SQLite, and capture simulator proof.","Create a super-realistic app-owned hero photo for a Vietnamese travel phrasebook, matching the premium real-life menu-item hero image quality. No readable text, no logos, no watermarks, no faces as the subject. Keep the main landmark/object recognizable inside the upper third because the iOS masthead crops a shallow horizontal band. Show Phố Nguyễn Hữu Huân / Nguyen Huu Huan Street as a driver/street context with road, curb, or address cues. Avoid fake readable street-sign text. Specific subject guidance: Narrow Nguyen Huu Huan Street cafe storefronts and motorbikes, photorealistic.","no readable text, no watermark, no logos, no fake signs, no unrelated Ha Long Bay/karst imagery for city-specific pages, no people as the main subject",Simulator screenshot plus phone spot-check before DONE,shared or legacy fallback; replace with unique app-owned generated realistic asset,docs/editorial-exports/viet-image-assets/hero-image-production-001/generated_hero_assets.json,Generate a unique realistic menu-quality image for this exact city noun; do not reuse the city masthead or another place image.
P0,NEEDS_UNIQUE_REALISTIC_ASSET,viet-family-city-hoian-place-nguyen-phuc-chu-street,Phố Nguyễn Phúc Chu / Nguyen Phuc Chu Street,streetDriver,HeroCityHoian,HeroCityHoianPlaceNguyenPhucChuStreet,native-ios/Resources/Assets.xcassets/HeroCityHoian.imageset/hero-city-hoian.png,,853 x 1844,,853 x 1844,>= 1600 x 2400 preferred,PhraseListingView HeroMastheadImage,"center 50%, upper 28%; road/address context, not fake signage",Recognizable subject must survive the top 276pt masthead crop; keep the key visual in the upper third and center 70% width.,city_place_requires_unique_realistic_hero,"Generate owned/licensed hero, crop to repo target, wire heroImageName through source/resources/SQLite, and capture simulator proof.","Create a super-realistic app-owned hero photo for a Vietnamese travel phrasebook, matching the premium real-life menu-item hero image quality. No readable text, no logos, no watermarks, no faces as the subject. Keep the main landmark/object recognizable inside the upper third because the iOS masthead crops a shallow horizontal band. Show Phố Nguyễn Phúc Chu / Nguyen Phuc Chu Street as a driver/street context with road, curb, or address cues. Avoid fake readable street-sign text. Specific subject guidance: Photorealistic owned asset: lantern market street on An Hoi island, warm night light, no readable store signs.","no readable text, no watermark, no logos, no fake signs, no unrelated Ha Long Bay/karst imagery for city-specific pages, no people as the main subject",Simulator screenshot plus phone spot-check before DONE,shared or legacy fallback; replace with unique app-owned generated realistic asset,docs/editorial-exports/viet-image-assets/hero-image-production-001/generated_hero_assets.json,Generate a unique realistic menu-quality image for this exact city noun; do not reuse the city masthead or another place image.
P0,NEEDS_UNIQUE_REALISTIC_ASSET,viet-family-city-hoian-place-nguyen-thai-hoc-street,Phố Nguyễn Thái Học / Nguyen Thai Hoc Street,streetDriver,HeroCityHoian,HeroCityHoianPlaceNguyenThaiHocStreet,native-ios/Resources/Assets.xcassets/HeroCityHoian.imageset/hero-city-hoian.png,,853 x 1844,,853 x 1844,>= 1600 x 2400 preferred,PhraseListingView HeroMastheadImage,"center 50%, upper 28%; road/address context, not fake signage",Recognizable subject must survive the top 276pt masthead crop; keep the key visual in the upper third and center 70% width.,city_place_requires_unique_realistic_hero,"Generate owned/licensed hero, crop to repo target, wire heroImageName through source/resources/SQLite, and capture simulator proof.","Create a super-realistic app-owned hero photo for a Vietnamese travel phrasebook, matching the premium real-life menu-item hero image quality. No readable text, no logos, no watermarks, no faces as the subject. Keep the main landmark/object recognizable inside the upper third because the iOS masthead crops a shallow horizontal band. Show Phố Nguyễn Thái Học / Nguyen Thai Hoc Street as a driver/street context with road, curb, or address cues. Avoid fake readable street-sign text. Specific subject guidance: Photorealistic owned asset: pedestrian old-town street with wooden balconies and lantern shade, late afternoon.","no readable text, no watermark, no logos, no fake signs, no unrelated Ha Long Bay/karst imagery for city-specific pages, no people as the main subject",Simulator screenshot plus phone spot-check before DONE,shared or legacy fallback; replace with unique app-owned generated realistic asset,docs/editorial-exports/viet-image-assets/hero-image-production-001/generated_hero_assets.json,Generate a unique realistic menu-quality image for this exact city noun; do not reuse the city masthead or another place image.
P0,NEEDS_UNIQUE_REALISTIC_ASSET,viet-family-city-hcmc-place-pham-ngu-lao-street,Phố Phạm Ngũ Lão / Pham Ngu Lao Street,streetDriver,HeroCityHcmc,HeroCityHcmcPlacePhamNguLaoStreet,native-ios/Resources/Assets.xcassets/HeroCityHcmc.imageset/hero-city-hcmc.png,,853 x 1844,,853 x 1844,>= 1600 x 2400 preferred,PhraseListingView HeroMastheadImage,"center 50%, upper 28%; road/address context, not fake signage",Recognizable subject must survive the top 276pt masthead crop; keep the key visual in the upper third and center 70% width.,city_place_requires_unique_realistic_hero,"Generate owned/licensed hero, crop to repo target, wire heroImageName through source/resources/SQLite, and capture simulator proof.","Create a super-realistic app-owned hero photo for a Vietnamese travel phrasebook, matching the premium real-life menu-item hero image quality. No readable text, no logos, no watermarks, no faces as the subject. Keep the main landmark/object recognizable inside the upper third because the iOS masthead crops a shallow horizontal band. Show Phố Phạm Ngũ Lão / Pham Ngu Lao Street as a driver/street context with road, curb, or address cues. Avoid fake readable street-sign text. Specific subject guidance: Pham Ngu Lao street with travel offices and buses, realistic daylight photo.","no readable text, no watermark, no logos, no fake signs, no unrelated Ha Long Bay/karst imagery for city-specific pages, no people as the main subject",Simulator screenshot plus phone spot-check before DONE,shared or legacy fallback; replace with unique app-owned generated realistic asset,docs/editorial-exports/viet-image-assets/hero-image-production-001/generated_hero_assets.json,Generate a unique realistic menu-quality image for this exact city noun; do not reuse the city masthead or another place image.
P0,NEEDS_UNIQUE_REALISTIC_ASSET,viet-family-city-hanoi-place-phan-dinh-phung-street,Phố Phan Đình Phùng / Phan Dinh Phung Street,streetDriver,HeroCityHanoi,HeroCityHanoiPlacePhanDinhPhungStreet,native-ios/Resources/Assets.xcassets/HeroCityHanoi.imageset/hero-city-hanoi.png,,853 x 1844,,853 x 1844,>= 1600 x 2400 preferred,PhraseListingView HeroMastheadImage,"center 50%, upper 28%; road/address context, not fake signage",Recognizable subject must survive the top 276pt masthead crop; keep the key visual in the upper third and center 70% width.,city_place_requires_unique_realistic_hero,"Generate owned/licensed hero, crop to repo target, wire heroImageName through source/resources/SQLite, and capture simulator proof.","Create a super-realistic app-owned hero photo for a Vietnamese travel phrasebook, matching the premium real-life menu-item hero image quality. No readable text, no logos, no watermarks, no faces as the subject. Keep the main landmark/object recognizable inside the upper third because the iOS masthead crops a shallow horizontal band. Show Phố Phan Đình Phùng / Phan Dinh Phung Street as a driver/street context with road, curb, or address cues. Avoid fake readable street-sign text. Specific subject guidance: Tree-lined Phan Dinh Phung Street with yellow villas and bicycles, photorealistic.","no readable text, no watermark, no logos, no fake signs, no unrelated Ha Long Bay/karst imagery for city-specific pages, no people as the main subject",Simulator screenshot plus phone spot-check before DONE,shared or legacy fallback; replace with unique app-owned generated realistic asset,docs/editorial-exports/viet-image-assets/hero-image-production-001/generated_hero_assets.json,Generate a unique realistic menu-quality image for this exact city noun; do not reuse the city masthead or another place image.
P0,NEEDS_UNIQUE_REALISTIC_ASSET,viet-family-city-hanoi-place-ta-hien,Phố Tạ Hiện / Ta Hien Street,streetDriver,HeroCityHanoi,HeroCityHanoiPlaceTaHienStreet,native-ios/Resources/Assets.xcassets/HeroCityHanoi.imageset/hero-city-hanoi.png,,853 x 1844,,853 x 1844,>= 1600 x 2400 preferred,PhraseListingView HeroMastheadImage,"center 50%, upper 28%; road/address context, not fake signage",Recognizable subject must survive the top 276pt masthead crop; keep the key visual in the upper third and center 70% width.,city_place_requires_unique_realistic_hero,"Generate owned/licensed hero, crop to repo target, wire heroImageName through source/resources/SQLite, and capture simulator proof.","Create a super-realistic app-owned hero photo for a Vietnamese travel phrasebook, matching the premium real-life menu-item hero image quality. No readable text, no logos, no watermarks, no faces as the subject. Keep the main landmark/object recognizable inside the upper third because the iOS masthead crops a shallow horizontal band. Show Phố Tạ Hiện / Ta Hien Street as a driver/street context with road, curb, or address cues. Avoid fake readable street-sign text. Specific subject guidance: Busy Ta Hien evening street with small stools and warm signs, realistic travel photo.","no readable text, no watermark, no logos, no fake signs, no unrelated Ha Long Bay/karst imagery for city-specific pages, no people as the main subject",Simulator screenshot plus phone spot-check before DONE,shared or legacy fallback; replace with unique app-owned generated realistic asset,docs/editorial-exports/viet-image-assets/hero-image-production-001/generated_hero_assets.json,Generate a unique realistic menu-quality image for this exact city noun; do not reuse the city masthead or another place image.
P0,NEEDS_UNIQUE_REALISTIC_ASSET,viet-family-city-hoian-place-tran-phu-street,Phố Trần Phú / Tran Phu Street,streetDriver,HeroCityHoian,HeroCityHoianPlaceTranPhuStreet,native-ios/Resources/Assets.xcassets/HeroCityHoian.imageset/hero-city-hoian.png,,853 x 1844,,853 x 1844,>= 1600 x 2400 preferred,PhraseListingView HeroMastheadImage,"center 50%, upper 28%; road/address context, not fake signage",Recognizable subject must survive the top 276pt masthead crop; keep the key visual in the upper third and center 70% width.,city_place_requires_unique_realistic_hero,"Generate owned/licensed hero, crop to repo target, wire heroImageName through source/resources/SQLite, and capture simulator proof.","Create a super-realistic app-owned hero photo for a Vietnamese travel phrasebook, matching the premium real-life menu-item hero image quality. No readable text, no logos, no watermarks, no faces as the subject. Keep the main landmark/object recognizable inside the upper third because the iOS masthead crops a shallow horizontal band. Show Phố Trần Phú / Tran Phu Street as a driver/street context with road, curb, or address cues. Avoid fake readable street-sign text. Specific subject guidance: Photorealistic owned asset: yellow heritage street with lanterns and shopfronts blurred, no readable signs.","no readable text, no watermark, no logos, no fake signs, no unrelated Ha Long Bay/karst imagery for city-specific pages, no people as the main subject",Simulator screenshot plus phone spot-check before DONE,shared or legacy fallback; replace with unique app-owned generated realistic asset,docs/editorial-exports/viet-image-assets/hero-image-production-001/generated_hero_assets.json,Generate a unique realistic menu-quality image for this exact city noun; do not reuse the city masthead or another place image.
P0,NEEDS_UNIQUE_REALISTIC_ASSET,viet-family-city-hanoi-place-trang-tien-street,Phố Tràng Tiền / Trang Tien Street,streetDriver,HeroCityHanoi,HeroCityHanoiPlaceTrangTienStreet,native-ios/Resources/Assets.xcassets/HeroCityHanoi.imageset/hero-city-hanoi.png,,853 x 1844,,853 x 1844,>= 1600 x 2400 preferred,PhraseListingView HeroMastheadImage,"center 50%, upper 28%; road/address context, not fake signage",Recognizable subject must survive the top 276pt masthead crop; keep the key visual in the upper third and center 70% width.,city_place_requires_unique_realistic_hero,"Generate owned/licensed hero, crop to repo target, wire heroImageName through source/resources/SQLite, and capture simulator proof.","Create a super-realistic app-owned hero photo for a Vietnamese travel phrasebook, matching the premium real-life menu-item hero image quality. No readable text, no logos, no watermarks, no faces as the subject. Keep the main landmark/object recognizable inside the upper third because the iOS masthead crops a shallow horizontal band. Show Phố Tràng Tiền / Trang Tien Street as a driver/street context with road, curb, or address cues. Avoid fake readable street-sign text. Specific subject guidance: Trang Tien Street with bookshops, trees, and scooters, realistic daylight photo.","no readable text, no watermark, no logos, no fake signs, no unrelated Ha Long Bay/karst imagery for city-specific pages, no people as the main subject",Simulator screenshot plus phone spot-check before DONE,shared or legacy fallback; replace with unique app-owned generated realistic asset,docs/editorial-exports/viet-image-assets/hero-image-production-001/generated_hero_assets.json,Generate a unique realistic menu-quality image for this exact city noun; do not reuse the city masthead or another place image.
