severity,score,pageID,tierRole,title,englishTitle,phraseCards,breakdownCards,visibleWords,issueCodes,sourcePath,worstSnippet
PASS,4,viet-acknowledge-co,catalog-promoted,Có,Yes / there is,7,1,208,body_repeated_8_plus,content-draft/viet/canonical-pages/catalog-promoted/polite-basics/acknowledge-co.json,when-to-use: repeated 11 times
PASS,4,viet-acknowledge-da,catalog-promoted,Dạ,Yes / polite acknowledgment,8,1,215,body_repeated_8_plus,content-draft/viet/canonical-pages/catalog-promoted/polite-basics/acknowledge-da.json,good-to-know: repeated 8 times
PASS,4,viet-acknowledge-dung,catalog-promoted,Đúng,Yes / correct,7,1,191,body_repeated_8_plus,content-draft/viet/canonical-pages/catalog-promoted/polite-basics/acknowledge-dung.json,good-to-know: repeated 8 times
PASS,4,viet-acknowledge-duoc,catalog-promoted,Được,Okay / that works,7,1,199,body_repeated_8_plus,content-draft/viet/canonical-pages/catalog-promoted/polite-basics/acknowledge-duoc.json,good-to-know: repeated 8 times
PASS,4,viet-acknowledge-khong,catalog-promoted,Không,No,6,1,182,body_repeated_8_plus,content-draft/viet/canonical-pages/catalog-promoted/polite-basics/acknowledge-khong.json,when-to-use: repeated 8 times
PASS,4,viet-da-chao-ba,catalog-promoted,"Dạ, chào bà",Respectful hello to an elderly woman,6,4,240,body_repeated_8_plus,content-draft/viet/canonical-pages/catalog-promoted/polite-basics/acknowledge-da-chao-ba.json,when-to-use: repeated 11 times
PASS,4,viet-da-chao-chi,catalog-promoted,"Dạ, chào chị",Respectful hello to an older woman,7,4,233,body_repeated_8_plus,content-draft/viet/canonical-pages/catalog-promoted/polite-basics/acknowledge-da-chao-chi.json,when-to-use: repeated 8 times
PASS,4,viet-da-chao-chu,catalog-promoted,"Dạ, chào chú",Respectful hello to an uncle-age man,7,4,243,body_repeated_8_plus,content-draft/viet/canonical-pages/catalog-promoted/polite-basics/acknowledge-da-chao-chu.json,when-to-use: repeated 8 times
PASS,4,viet-da-chao-ong,catalog-promoted,"Dạ, chào ông",Respectful hello to an elderly man,6,4,222,body_repeated_8_plus,content-draft/viet/canonical-pages/catalog-promoted/polite-basics/acknowledge-da-chao-ong.json,when-to-use: repeated 8 times
PASS,4,viet-family-airport-baggage,tier1,Lấy hành lý ở đâu?,Where is baggage claim?,8,4,296,body_repeated_8_plus,content-draft/viet/canonical-pages/tier-one/airport-border-arrival/airport-baggage.json,breakdown: repeated 16 times
PASS,4,viet-family-airport-immigration,tier1,Nhập cảnh ở đâu?,Where is immigration?,8,3,280,body_repeated_8_plus,content-draft/viet/canonical-pages/tier-one/airport-border-arrival/airport-immigration.json,breakdown: repeated 16 times
PASS,4,viet-family-airport-pickup,tier1,Khu đón ở đâu?,Where is the pickup area?,9,3,333,body_repeated_8_plus,content-draft/viet/canonical-pages/tier-one/airport-border-arrival/airport-pickup.json,breakdown: repeated 16 times
PASS,4,viet-family-airport-sim,tier1,Mua SIM ở đâu?,Where can I buy a SIM card?,8,4,314,body_repeated_8_plus,content-draft/viet/canonical-pages/tier-one/airport-border-arrival/airport-sim.json,breakdown: repeated 16 times
PASS,4,viet-family-bathroom-where,tier1,Nhà vệ sinh ở đâu?,Where is the bathroom?,6,3,282,body_repeated_8_plus,content-draft/viet/canonical-pages/tier-one/bathroom-personal-needs/bathroom-where.json,breakdown: repeated 16 times
PASS,4,viet-family-directions-turn-left,tier1,Rẽ trái ở đâu?,Where do I turn left?,8,3,314,body_repeated_8_plus,content-draft/viet/canonical-pages/tier-one/directions-navigation/directions-turn-left.json,breakdown: repeated 16 times
PASS,4,viet-family-food-coffee-bac-xiu,tier1,Cho tôi bạc xỉu đá,I’d like an iced bạc xỉu,11,5,378,body_repeated_8_plus,content-draft/viet/canonical-pages/tier-one/food-drink/food-coffee-bac-xiu.json,traveler-insight: repeated 8 times
PASS,4,viet-family-food-coffee-black,tier1,Cho tôi cà phê đen đá,I’d like an iced black coffee,11,5,378,body_repeated_8_plus,content-draft/viet/canonical-pages/tier-one/food-drink/food-coffee-black.json,traveler-insight: repeated 8 times
PASS,4,viet-family-food-coffee-milk,tier1,Cho tôi một cà phê sữa đá,One iced milk coffee please,11,5,393,body_repeated_8_plus,content-draft/viet/canonical-pages/tier-one/food-drink/food-coffee-milk.json,traveler-insight: repeated 8 times
PASS,4,viet-family-food-more-herbs,tier1,Cho thêm rau,More herbs please,13,4,375,body_repeated_8_plus,content-draft/viet/canonical-pages/tier-one/food-drink/food-more-herbs.json,traveler-insight: repeated 8 times
PASS,4,viet-family-food-need-table,tier1,Cho tôi bàn cho hai người nhé,"A table for two, please",14,5,459,body_repeated_8_plus,content-draft/viet/canonical-pages/tier-one/food-drink/food-need-table.json,traveler-insight: repeated 8 times
PASS,4,viet-family-money-find-atm,tier1,ATM gần nhất ở đâu?,Where is the nearest ATM?,9,4,308,body_repeated_8_plus,content-draft/viet/canonical-pages/tier-one/money-numbers-prices/money-find-atm.json,breakdown: repeated 16 times
PASS,4,viet-family-polite-its-okay,tier1,Không sao đâu,It’s okay,22,3,410,body_repeated_8_plus,content-draft/viet/canonical-pages/tier-one/polite-basics/polite-its-okay.json,when-to-use: repeated 8 times
PASS,4,viet-family-service-open-this,tier1,Mở cái này giúp tôi,Please open this for me,8,6,295,body_repeated_8_plus,content-draft/viet/canonical-pages/tier-one/local-services-everyday-tasks/service-open-this.json,traveler-insight: repeated 8 times
PASS,4,viet-family-service-receipt,tier1,Cho tôi hóa đơn,Please give me the receipt,8,4,297,body_repeated_8_plus,content-draft/viet/canonical-pages/tier-one/local-services-everyday-tasks/service-receipt.json,traveler-insight: repeated 8 times
PASS,4,viet-family-shopping-pay-where,tier1,Trả ở đâu?,Where do I pay?,7,3,291,body_repeated_8_plus,content-draft/viet/canonical-pages/tier-one/shopping/shopping-pay-where.json,breakdown: repeated 16 times
PASS,4,viet-family-shopping-size,tier1,Tôi muốn cỡ này,I want this size,7,5,281,body_repeated_8_plus,content-draft/viet/canonical-pages/tier-one/shopping/shopping-size.json,traveler-insight: repeated 8 times
PASS,4,viet-family-sight-meeting-point,tier1,Điểm gặp ở đâu?,Where is the meeting point?,6,4,259,body_repeated_8_plus,content-draft/viet/canonical-pages/tier-one/sightseeing-activities/sight-meeting-point.json,breakdown: repeated 16 times
PASS,4,viet-family-sight-start,tier1,Bắt đầu ở đâu?,Where do we start?,6,3,258,body_repeated_8_plus,content-draft/viet/canonical-pages/tier-one/sightseeing-activities/sight-start.json,breakdown: repeated 16 times
PASS,4,viet-family-v500-airp-bord-arri-where-is-the-atm,tier1,ATM ở đâu?,Where is the ATM?,8,3,310,body_repeated_8_plus,content-draft/viet/canonical-pages/tier-one/airport-border-arrival/v500-airp-bord-arri-where-is-the-atm.json,breakdown: repeated 16 times
PASS,4,viet-family-v500-dire-navi-where-is-the-nearest-restroom,tier1,Nhà vệ sinh gần nhất ở đâu?,Where is the nearest restroom?,8,4,345,body_repeated_8_plus,content-draft/viet/canonical-pages/tier-one/directions-navigation/v500-dire-navi-where-is-the-nearest-restroom.json,breakdown: repeated 16 times
PASS,4,viet-family-v500-loca-serv-ever-task-where-can-i-buy-water,tier1,Tôi có thể mua nước ở đâu?,Where can I buy water?,8,6,339,body_repeated_8_plus,content-draft/viet/canonical-pages/tier-one/local-services-everyday-tasks/v500-loca-serv-ever-task-where-can-i-buy-water.json,breakdown: repeated 16 times
PASS,4,viet-family-v500-phon-inte-powe-where-can-i-get-a-local-sim-card,tier1,Tôi có thể mua SIM ở đâu?,Where can I get a local SIM card?,8,6,364,body_repeated_8_plus,content-draft/viet/canonical-pages/tier-one/phone-internet-power/v500-phon-inte-powe-where-can-i-get-a-local-sim-card.json,breakdown: repeated 16 times
PASS,4,viet-hello-alo,catalog-promoted,Alô,Hello on the phone,7,1,232,body_repeated_8_plus,content-draft/viet/canonical-pages/catalog-promoted/polite-basics/hello-alo.json,good-to-know: repeated 8 times
PASS,4,viet-hello-chao,catalog-promoted,Chào,Hi / hello,7,1,190,body_repeated_8_plus,content-draft/viet/canonical-pages/catalog-promoted/polite-basics/hello-chao.json,good-to-know: repeated 8 times
PASS,4,viet-hello-chao-anh,catalog-promoted,Chào anh,Hello to an older man,7,3,234,body_repeated_8_plus,content-draft/viet/canonical-pages/catalog-promoted/polite-basics/hello-chao-anh.json,when-to-use: repeated 8 times
PASS,4,viet-hello-chao-ba,catalog-promoted,Chào bà,Hello to an elderly woman,5,3,209,body_repeated_8_plus,content-draft/viet/canonical-pages/catalog-promoted/polite-basics/hello-chao-ba.json,when-to-use: repeated 8 times
PASS,4,viet-hello-chao-ban,catalog-promoted,Chào bạn,Hi there / hello friend,7,3,207,body_repeated_8_plus,content-draft/viet/canonical-pages/catalog-promoted/polite-basics/hello-chao-ban.json,when-to-use: repeated 8 times
PASS,4,viet-hello-chao-chi,catalog-promoted,Chào chị,Hello to an older woman,7,3,243,body_repeated_8_plus,content-draft/viet/canonical-pages/catalog-promoted/polite-basics/hello-chao-chi.json,when-to-use: repeated 11 times
PASS,4,viet-hello-chao-chu,catalog-promoted,Chào chú,Hello to an uncle-age man,5,3,204,body_repeated_8_plus,content-draft/viet/canonical-pages/catalog-promoted/polite-basics/hello-chao-chu.json,when-to-use: repeated 11 times
PASS,4,viet-hello-chao-co,catalog-promoted,Chào cô,Hello to an aunt-age woman,5,3,237,body_repeated_8_plus,content-draft/viet/canonical-pages/catalog-promoted/polite-basics/hello-chao-co.json,when-to-use: repeated 11 times
PASS,4,viet-hello-chao-em,catalog-promoted,Chào em,Hello to a younger person,7,3,212,body_repeated_8_plus,content-draft/viet/canonical-pages/catalog-promoted/polite-basics/hello-chao-em.json,when-to-use: repeated 11 times
PASS,4,viet-hello-chao-ong,catalog-promoted,Chào ông,Hello to an elderly man,6,3,207,body_repeated_8_plus,content-draft/viet/canonical-pages/catalog-promoted/polite-basics/hello-chao-ong.json,when-to-use: repeated 11 times
PASS,4,viet-hello-da-chao-anh-chi,catalog-promoted,"Dạ, chào anh/chị","Hello, sir or ma'am",7,4,224,body_repeated_8_plus,content-draft/viet/canonical-pages/catalog-promoted/polite-basics/hello-da-chao-anh-chi.json,good-to-know: repeated 8 times
PASS,4,viet-hello-good-morning,catalog-promoted,Chào buổi sáng,Good morning,7,3,203,body_repeated_8_plus,content-draft/viet/canonical-pages/catalog-promoted/polite-basics/hello-good-morning.json,good-to-know: repeated 8 times
PASS,4,viet-phrase-airport-pickup-clearer,child,Tôi gặp tài xế ở đâu?,Where do I meet the driver?,7,5,287,body_repeated_8_plus,content-draft/viet/canonical-pages/tier-one/airport-border-arrival/airport-pickup--airport-pickup-clearer.json,breakdown: repeated 16 times
PASS,4,viet-phrase-emergency-premium-passport-report,catalog-promoted,Tôi cần một báo cáo về hộ chiếu bị mất của tôi.,I need a report for my lost passport.,9,9,359,body_repeated_8_plus,content-draft/viet/canonical-pages/catalog-promoted/emergency-safety/emergency-premium-passport-report.json,good-to-know: repeated 9 times
PASS,4,viet-phrase-emergency-premium-police-station,catalog-promoted,Làm ơn đưa tôi đến đồn cảnh sát.,Please take me to the police station.,9,6,331,body_repeated_8_plus,content-draft/viet/canonical-pages/catalog-promoted/emergency-safety/emergency-premium-police-station.json,good-to-know: repeated 9 times
PASS,4,viet-phrase-emergency-premium-take-me-safe,catalog-promoted,Làm ơn đưa tôi đến nơi nào đó an toàn.,Please take me somewhere safe.,9,9,341,body_repeated_8_plus,content-draft/viet/canonical-pages/catalog-promoted/emergency-safety/emergency-premium-take-me-safe.json,good-to-know: repeated 9 times
PASS,4,viet-phrase-health-1,child,Nhà thuốc ở đâu?,Where is the pharmacy?,7,3,271,body_repeated_8_plus,content-draft/viet/canonical-pages/tier-one/health-pharmacy/health-pharmacy--health-1.json,breakdown: repeated 16 times
PASS,4,viet-phrase-help-premium-print-document,catalog-promoted,Tôi cần một bản in của tài liệu này.,I need a printed copy of this document.,8,9,341,body_repeated_8_plus,content-draft/viet/canonical-pages/catalog-promoted/problems-help/help-premium-print-document.json,good-to-know: repeated 10 times
PASS,4,viet-phrase-hotel-premium-booking-wrong,catalog-promoted,Tôi nghĩ có vấn đề với việc đặt phòng của tôi.,I think there is a problem with my booking.,9,10,352,body_repeated_8_plus,content-draft/viet/canonical-pages/catalog-promoted/hotel-accommodation/hotel-premium-booking-wrong.json,good-to-know: repeated 8 times
PASS,4,viet-phrase-hotel-premium-no-hot-water,catalog-promoted,Ở đây không có nước nóng.,There is no hot water.,9,6,301,body_repeated_8_plus,content-draft/viet/canonical-pages/catalog-promoted/hotel-accommodation/hotel-premium-no-hot-water.json,good-to-know: repeated 8 times
PASS,4,viet-phrase-hotel-premium-too-noisy,catalog-promoted,Căn phòng quá ồn ào.,The room is too noisy.,9,4,305,body_repeated_8_plus,content-draft/viet/canonical-pages/catalog-promoted/hotel-accommodation/hotel-premium-too-noisy.json,good-to-know: repeated 8 times
PASS,4,viet-phrase-money-premium-total-wrong,catalog-promoted,Tổng số này là sai.,This total is wrong.,9,6,276,body_repeated_8_plus,content-draft/viet/canonical-pages/catalog-promoted/money-numbers-prices/money-premium-total-wrong.json,good-to-know: repeated 11 times
PASS,4,viet-phrase-repair-premium-time-exact,catalog-promoted,Chính xác là mấy giờ?,What time exactly?,9,4,304,body_repeated_8_plus,content-draft/viet/canonical-pages/catalog-promoted/understanding-repair/repair-premium-time-exact.json,good-to-know: repeated 8 times
PASS,4,viet-phrase-transport-premium-wrong-car,catalog-promoted,Đây không phải là xe của tôi.,This is not my car.,9,7,287,body_repeated_8_plus,content-draft/viet/canonical-pages/catalog-promoted/transport/transport-premium-wrong-car.json,good-to-know: repeated 12 times
PASS,4,viet-phrase-v500-airp-bord-arri-my-suitcase-is-missing,catalog-promoted,Vali của tôi bị mất,My suitcase is missing,9,4,328,body_repeated_8_plus,content-draft/viet/canonical-pages/catalog-promoted/airport-border-arrival/v500-airp-bord-arri-my-suitcase-is-missing.json,good-to-know: repeated 14 times
PASS,4,viet-phrase-v500-airp-bord-arri-when-will-it-arrive,catalog-promoted,Khi nào nó sẽ đến?,When will it arrive?,9,5,321,body_repeated_8_plus,content-draft/viet/canonical-pages/catalog-promoted/airport-border-arrival/v500-airp-bord-arri-when-will-it-arrive.json,good-to-know: repeated 8 times
PASS,4,viet-phrase-v500-emer-safe-i-do-not-have-my-passport,catalog-promoted,Tôi không có hộ chiếu,I do not have my passport,9,5,337,body_repeated_8_plus,content-draft/viet/canonical-pages/catalog-promoted/emergency-safety/v500-emer-safe-i-do-not-have-my-passport.json,good-to-know: repeated 14 times
PASS,4,viet-phrase-v500-emer-safe-my-friend-needs-help,catalog-promoted,Bạn tôi cần giúp đỡ,My friend needs help,9,5,339,body_repeated_8_plus,content-draft/viet/canonical-pages/catalog-promoted/emergency-safety/v500-emer-safe-my-friend-needs-help.json,good-to-know: repeated 14 times
PASS,4,viet-phrase-v500-emer-safe-my-passport-is-missing,catalog-promoted,Hộ chiếu của tôi bị mất,My passport is missing,9,4,332,body_repeated_8_plus,content-draft/viet/canonical-pages/catalog-promoted/emergency-safety/v500-emer-safe-my-passport-is-missing.json,good-to-know: repeated 14 times
PASS,4,viet-phrase-v500-emer-safe-there-is-a-fire,catalog-promoted,Có cháy!,There is a fire,9,3,265,body_repeated_8_plus,content-draft/viet/canonical-pages/catalog-promoted/emergency-safety/v500-emer-safe-there-is-a-fire.json,good-to-know: repeated 9 times
PASS,4,viet-phrase-v500-food-drin-i-cannot-eat-this-because-of-an-allergy,catalog-promoted,Tôi không thể ăn món này vì bị dị ứng,I cannot eat this because of an allergy,11,9,448,body_repeated_8_plus,content-draft/viet/canonical-pages/catalog-promoted/food-drink/v500-food-drin-i-cannot-eat-this-because-of-an-allergy.json,good-to-know: repeated 14 times
PASS,4,viet-phrase-v500-food-drin-id-like-a-b-nh-m-please,catalog-promoted,Làm ơn cho tôi một cái bánh mì,"I’d like a bánh mì, please",11,6,380,body_repeated_8_plus,content-draft/viet/canonical-pages/catalog-promoted/food-drink/v500-food-drin-id-like-a-b-nh-m-please.json,good-to-know: repeated 17 times
PASS,4,viet-phrase-v500-food-drin-id-like-a-bowl-of-ph-please,catalog-promoted,Làm ơn cho tôi một tô phở,"I’d like a bowl of phở, please",11,6,365,body_repeated_8_plus,content-draft/viet/canonical-pages/catalog-promoted/food-drink/v500-food-drin-id-like-a-bowl-of-ph-please.json,good-to-know: repeated 17 times
PASS,4,viet-phrase-v500-food-drin-no-ice-please,catalog-promoted,Làm ơn đừng có đá,"No ice, please",11,5,304,body_repeated_8_plus,content-draft/viet/canonical-pages/catalog-promoted/food-drink/v500-food-drin-no-ice-please.json,good-to-know: repeated 17 times
PASS,4,viet-phrase-v500-heal-phar-i-feel-nauseous,catalog-promoted,tôi cảm thấy buồn nôn,I feel nauseous,9,4,275,body_repeated_8_plus,content-draft/viet/canonical-pages/catalog-promoted/health-pharmacy/v500-heal-phar-i-feel-nauseous.json,good-to-know: repeated 10 times
PASS,4,viet-phrase-v500-heal-phar-i-have-diabetes,catalog-promoted,Tôi bị tiểu đường,I have diabetes,9,4,277,body_repeated_8_plus,content-draft/viet/canonical-pages/catalog-promoted/health-pharmacy/v500-heal-phar-i-have-diabetes.json,good-to-know: repeated 10 times
PASS,4,viet-phrase-v500-heal-phar-i-need-a-clinic,catalog-promoted,Tôi cần một phòng khám,I need a clinic,9,5,303,body_repeated_8_plus,content-draft/viet/canonical-pages/catalog-promoted/health-pharmacy/v500-heal-phar-i-need-a-clinic.json,good-to-know: repeated 10 times
PASS,4,viet-phrase-v500-heal-phar-i-need-a-dentist,catalog-promoted,Tôi cần một nha sĩ,I need a dentist,9,5,306,body_repeated_8_plus,content-draft/viet/canonical-pages/catalog-promoted/health-pharmacy/v500-heal-phar-i-need-a-dentist.json,good-to-know: repeated 10 times
PASS,4,viet-phrase-v500-hote-acco-please-remove-the-trash,catalog-promoted,Vui lòng loại bỏ thùng rác,Please remove the trash,9,6,311,body_repeated_8_plus,content-draft/viet/canonical-pages/catalog-promoted/hotel-accommodation/v500-hote-acco-please-remove-the-trash.json,good-to-know: repeated 8 times
PASS,4,viet-phrase-v500-hote-acco-the-room-is-not-clean,catalog-promoted,Phòng không sạch sẽ,The room is not clean,9,4,292,body_repeated_8_plus,content-draft/viet/canonical-pages/catalog-promoted/hotel-accommodation/v500-hote-acco-the-room-is-not-clean.json,good-to-know: repeated 8 times
PASS,4,viet-phrase-v500-mone-numb-pric-is-this-enough,catalog-promoted,Thế này đã đủ chưa?,Is this enough?,9,6,266,body_repeated_8_plus,content-draft/viet/canonical-pages/catalog-promoted/money-numbers-prices/v500-mone-numb-pric-is-this-enough.json,good-to-know: repeated 11 times
PASS,4,viet-phrase-v500-mone-numb-pric-is-this-per-person,catalog-promoted,Đây có phải là mỗi người?,Is this per person?,9,7,266,body_repeated_8_plus,content-draft/viet/canonical-pages/catalog-promoted/money-numbers-prices/v500-mone-numb-pric-is-this-per-person.json,good-to-know: repeated 11 times
PASS,4,viet-phrase-v500-mone-numb-pric-no-thanks-maybe-later,catalog-promoted,"Không, cảm ơn, có thể để sau","No thanks, maybe later",9,6,300,body_repeated_8_plus,content-draft/viet/canonical-pages/catalog-promoted/money-numbers-prices/v500-mone-numb-pric-no-thanks-maybe-later.json,good-to-know: repeated 11 times
PASS,4,viet-phrase-v500-mone-numb-pric-please-count-it-again,catalog-promoted,Hãy đếm lại nhé,Please count it again,9,4,274,body_repeated_8_plus,content-draft/viet/canonical-pages/catalog-promoted/money-numbers-prices/v500-mone-numb-pric-please-count-it-again.json,good-to-know: repeated 11 times
PASS,4,viet-phrase-v500-phon-inte-powe-my-phone-got-wet,catalog-promoted,Điện thoại của tôi bị ướt,My phone got wet,9,5,344,body_repeated_8_plus,content-draft/viet/canonical-pages/catalog-promoted/phone-internet-power/v500-phon-inte-powe-my-phone-got-wet.json,good-to-know: repeated 14 times
PASS,4,viet-phrase-v500-phon-inte-powe-my-screen-is-broken,catalog-promoted,Màn hình của tôi bị hỏng,My screen is broken,9,4,345,body_repeated_8_plus,content-draft/viet/canonical-pages/catalog-promoted/phone-internet-power/v500-phon-inte-powe-my-screen-is-broken.json,good-to-know: repeated 14 times
PASS,4,viet-phrase-v500-prob-help-i-have-contacted-my-embassy,catalog-promoted,Tôi đã liên lạc với đại sứ quán của tôi,I have contacted my embassy,8,8,333,body_repeated_8_plus,content-draft/viet/canonical-pages/catalog-promoted/problems-help/v500-prob-help-i-have-contacted-my-embassy.json,good-to-know: repeated 10 times
PASS,4,viet-phrase-v500-prob-help-my-wallet-is-missing,catalog-promoted,Ví của tôi bị mất,My wallet is missing,8,4,312,body_repeated_8_plus,content-draft/viet/canonical-pages/catalog-promoted/problems-help/v500-prob-help-my-wallet-is-missing.json,good-to-know: repeated 14 times
PASS,4,viet-phrase-v500-prob-help-please-call-my-hotel,catalog-promoted,Vui lòng gọi cho khách sạn của tôi,Please call my hotel,8,6,318,body_repeated_8_plus,content-draft/viet/canonical-pages/catalog-promoted/problems-help/v500-prob-help-please-call-my-hotel.json,good-to-know: repeated 10 times
PASS,4,viet-phrase-v500-prob-help-please-call-this-number,catalog-promoted,Vui lòng gọi số này,Please call this number,8,5,291,body_repeated_8_plus,content-draft/viet/canonical-pages/catalog-promoted/problems-help/v500-prob-help-please-call-this-number.json,good-to-know: repeated 10 times
PASS,4,viet-phrase-v500-prob-help-please-speak-to-them-for-me,catalog-promoted,Hãy nói chuyện với họ giúp tôi,Please speak to them for me,8,8,313,body_repeated_8_plus,content-draft/viet/canonical-pages/catalog-promoted/problems-help/v500-prob-help-please-speak-to-them-for-me.json,good-to-know: repeated 10 times
PASS,4,viet-phrase-v500-prob-help-someone-took-my-phone,catalog-promoted,Ai đó đã lấy điện thoại của tôi,Someone took my phone,8,6,322,body_repeated_8_plus,content-draft/viet/canonical-pages/catalog-promoted/problems-help/v500-prob-help-someone-took-my-phone.json,good-to-know: repeated 10 times
PASS,4,viet-phrase-v500-prob-help-this-is-what-happened,catalog-promoted,Đây là những gì đã xảy ra,This is what happened,8,7,327,body_repeated_8_plus,content-draft/viet/canonical-pages/catalog-promoted/problems-help/v500-prob-help-this-is-what-happened.json,good-to-know: repeated 10 times
PASS,4,viet-phrase-v500-soci-smal-talk-i-want-to-be-alone-thank-you,catalog-promoted,"Tôi muốn ở một mình, cảm ơn bạn","I want to be alone, thank you",9,7,304,body_repeated_8_plus,content-draft/viet/canonical-pages/catalog-promoted/social-small-talk/v500-soci-smal-talk-i-want-to-be-alone-thank-you.json,when-to-use: repeated 11 times
PASS,4,viet-phrase-v500-time-date-book-when-is-the-next-one,catalog-promoted,Lần tiếp theo là khi nào?,When is the next one?,9,6,306,body_repeated_8_plus,content-draft/viet/canonical-pages/catalog-promoted/time-dates-booking/v500-time-date-book-when-is-the-next-one.json,good-to-know: repeated 8 times
PASS,4,viet-phrase-v500-tran-i-feel-unsafe-please-stop,catalog-promoted,"Tôi cảm thấy không an toàn, xin hãy dừng lại","I feel unsafe, please stop",9,7,319,body_repeated_8_plus,content-draft/viet/canonical-pages/catalog-promoted/transport/v500-tran-i-feel-unsafe-please-stop.json,good-to-know: repeated 12 times
PASS,4,viet-phrase-v500-tran-i-got-on-the-wrong-bus,catalog-promoted,Tôi lên nhầm xe buýt,I got on the wrong bus,9,5,291,body_repeated_8_plus,content-draft/viet/canonical-pages/catalog-promoted/transport/v500-tran-i-got-on-the-wrong-bus.json,good-to-know: repeated 12 times
PASS,4,viet-phrase-v500-tran-please-let-me-out-here,catalog-promoted,Xin vui lòng cho tôi ra khỏi đây,Please let me out here,9,7,301,body_repeated_8_plus,content-draft/viet/canonical-pages/catalog-promoted/transport/v500-tran-please-let-me-out-here.json,good-to-know: repeated 12 times
PASS,4,viet-phrase-v500-tran-when-is-the-next-bus,catalog-promoted,Khi nào có chuyến xe buýt tiếp theo?,When is the next bus?,9,7,311,body_repeated_8_plus,content-draft/viet/canonical-pages/catalog-promoted/transport/v500-tran-when-is-the-next-bus.json,good-to-know: repeated 8 times
PASS,4,viet-phrase-v500-unde-repa-i-dont-understand-this-word,catalog-promoted,Tôi không hiểu từ này,I don’t understand this word,9,6,339,body_repeated_8_plus,content-draft/viet/canonical-pages/catalog-promoted/understanding-repair/v500-unde-repa-i-dont-understand-this-word.json,good-to-know: repeated 14 times
PASS,4,viet-phrase-v900-airp-bord-arri-how-long-does-it-take-to-get-downtown,catalog-promoted,Đi vào trung tâm thành phố mất bao lâu?,How long does it take to get downtown?,9,6,327,body_repeated_8_plus,content-draft/viet/canonical-pages/catalog-promoted/airport-border-arrival/v900-airp-bord-arri-how-long-does-it-take-to-get-downtown.json,good-to-know: repeated 8 times
PASS,4,viet-phrase-v900-dire-navi-how-long-does-it-take-by-taxi,catalog-promoted,Đi taxi mất bao lâu?,How long does it take by taxi?,9,4,300,body_repeated_8_plus,content-draft/viet/canonical-pages/catalog-promoted/directions-navigation/v900-dire-navi-how-long-does-it-take-by-taxi.json,good-to-know: repeated 8 times
PASS,4,viet-phrase-v900-emer-safe-i-do-not-want-any-trouble,catalog-promoted,Tôi không muốn bất kỳ rắc rối nào,I do not want any trouble,9,7,369,body_repeated_8_plus,content-draft/viet/canonical-pages/catalog-promoted/emergency-safety/v900-emer-safe-i-do-not-want-any-trouble.json,good-to-know: repeated 14 times
PASS,4,viet-phrase-v900-emer-safe-i-need-a-temporary-travel-document,catalog-promoted,Tôi cần giấy thông hành tạm thời,I need a temporary travel document,9,5,332,body_repeated_8_plus,content-draft/viet/canonical-pages/catalog-promoted/emergency-safety/v900-emer-safe-i-need-a-temporary-travel-document.json,good-to-know: repeated 9 times
PASS,4,viet-phrase-v900-emer-safe-please-call-emergency-services,catalog-promoted,Vui lòng gọi dịch vụ khẩn cấp,Please call emergency services,9,6,312,body_repeated_8_plus,content-draft/viet/canonical-pages/catalog-promoted/emergency-safety/v900-emer-safe-please-call-emergency-services.json,good-to-know: repeated 9 times
PASS,4,viet-phrase-v900-emer-safe-please-call-the-manager-now,catalog-promoted,Hãy gọi ngay cho người quản lý,Please call the manager now,9,7,310,body_repeated_8_plus,content-draft/viet/canonical-pages/catalog-promoted/emergency-safety/v900-emer-safe-please-call-the-manager-now.json,good-to-know: repeated 9 times
PASS,4,viet-phrase-v900-emer-safe-please-take-me-to-the-hospital,catalog-promoted,Làm ơn đưa tôi đến bệnh viện,Please take me to the hospital,9,6,332,body_repeated_8_plus,content-draft/viet/canonical-pages/catalog-promoted/emergency-safety/v900-emer-safe-please-take-me-to-the-hospital.json,good-to-know: repeated 9 times
PASS,4,viet-phrase-v900-emer-safe-please-write-down-what-happened,catalog-promoted,Hãy viết ra điều gì đã xảy ra,Please write down what happened,9,8,321,body_repeated_8_plus,content-draft/viet/canonical-pages/catalog-promoted/emergency-safety/v900-emer-safe-please-write-down-what-happened.json,good-to-know: repeated 9 times
PASS,4,viet-phrase-v900-food-drin-a-table-for-four-please,catalog-promoted,Vui lòng cho một bàn cho bốn người,"A table for four, please",11,8,378,body_repeated_8_plus,content-draft/viet/canonical-pages/catalog-promoted/food-drink/v900-food-drin-a-table-for-four-please.json,good-to-know: repeated 17 times
PASS,4,viet-phrase-v900-food-drin-a-table-for-one-please,catalog-promoted,Vui lòng cho một bàn,"A table for one, please",11,5,366,body_repeated_8_plus,content-draft/viet/canonical-pages/catalog-promoted/food-drink/v900-food-drin-a-table-for-one-please.json,good-to-know: repeated 17 times
PASS,4,viet-phrase-v900-food-drin-i-cannot-eat-dairy,catalog-promoted,Tôi không thể ăn sữa,I cannot eat dairy,11,6,411,body_repeated_8_plus,content-draft/viet/canonical-pages/catalog-promoted/food-drink/v900-food-drin-i-cannot-eat-dairy.json,good-to-know: repeated 14 times
PASS,4,viet-phrase-v900-food-drin-i-cannot-eat-gluten,catalog-promoted,Tôi không thể ăn gluten,I cannot eat gluten,11,6,409,body_repeated_8_plus,content-draft/viet/canonical-pages/catalog-promoted/food-drink/v900-food-drin-i-cannot-eat-gluten.json,good-to-know: repeated 14 times
PASS,4,viet-phrase-v900-food-drin-i-do-not-eat-seafood,catalog-promoted,Tôi không ăn hải sản,I do not eat seafood,11,5,424,body_repeated_8_plus,content-draft/viet/canonical-pages/catalog-promoted/food-drink/v900-food-drin-i-do-not-eat-seafood.json,good-to-know: repeated 14 times
PASS,4,viet-phrase-v900-food-drin-is-this-cooked,catalog-promoted,Cái này đã được nấu chín chưa?,Is this cooked?,8,7,308,body_repeated_8_plus,content-draft/viet/canonical-pages/catalog-promoted/food-drink/v900-food-drin-is-this-cooked.json,good-to-know: repeated 17 times
PASS,4,viet-phrase-v900-food-drin-is-this-pork-beef-or-chicken,catalog-promoted,"Đây là thịt lợn, thịt bò hay thịt gà?","Is this pork, beef, or chicken?",11,7,412,body_repeated_8_plus,content-draft/viet/canonical-pages/catalog-promoted/food-drink/v900-food-drin-is-this-pork-beef-or-chicken.json,good-to-know: repeated 17 times
PASS,4,viet-phrase-v900-food-drin-it-is-okay-now-thank-you,catalog-promoted,"Bây giờ thì ổn rồi, cảm ơn bạn","It is okay now, thank you",6,7,295,body_repeated_8_plus,content-draft/viet/canonical-pages/catalog-promoted/food-drink/v900-food-drin-it-is-okay-now-thank-you.json,good-to-know: repeated 17 times
PASS,4,viet-phrase-v900-food-drin-no-msg-please,catalog-promoted,"Không có bột ngọt, làm ơn","No MSG, please",11,5,372,body_repeated_8_plus,content-draft/viet/canonical-pages/catalog-promoted/food-drink/v900-food-drin-no-msg-please.json,good-to-know: repeated 17 times
PASS,4,viet-phrase-v900-food-drin-no-straw-please,catalog-promoted,Không cần ống hút nhé,"No straw, please",11,3,310,body_repeated_8_plus,content-draft/viet/canonical-pages/catalog-promoted/food-drink/v900-food-drin-no-straw-please.json,good-to-know: repeated 17 times
PASS,4,viet-phrase-v900-food-drin-one-fresh-coconut-please,catalog-promoted,Làm ơn cho một quả dừa tươi,"One fresh coconut, please",11,6,323,body_repeated_8_plus,content-draft/viet/canonical-pages/catalog-promoted/food-drink/v900-food-drin-one-fresh-coconut-please.json,good-to-know: repeated 17 times
PASS,4,viet-phrase-v900-food-drin-one-iced-tea-please,catalog-promoted,Làm ơn cho một ly trà đá,"One iced tea, please",11,5,330,body_repeated_8_plus,content-draft/viet/canonical-pages/catalog-promoted/food-drink/v900-food-drin-one-iced-tea-please.json,good-to-know: repeated 17 times
PASS,4,viet-phrase-v900-food-drin-one-more-please,catalog-promoted,Xin thêm một cái nữa,"One more, please",11,5,327,body_repeated_8_plus,content-draft/viet/canonical-pages/catalog-promoted/food-drink/v900-food-drin-one-more-please.json,good-to-know: repeated 17 times
PASS,4,viet-phrase-v900-food-drin-one-sugarcane-juice-please,catalog-promoted,Xin cho một ly nước mía,"One sugarcane juice, please",11,5,325,body_repeated_8_plus,content-draft/viet/canonical-pages/catalog-promoted/food-drink/v900-food-drin-one-sugarcane-juice-please.json,good-to-know: repeated 17 times
PASS,4,viet-phrase-v900-food-drin-please-make-it-less-spicy,catalog-promoted,Làm ơn làm cho nó bớt cay đi,Please make it less spicy,11,8,365,body_repeated_8_plus,content-draft/viet/canonical-pages/catalog-promoted/food-drink/v900-food-drin-please-make-it-less-spicy.json,good-to-know: repeated 17 times
PASS,4,viet-phrase-v900-food-drin-sauce-on-the-side-please,catalog-promoted,Xin vui lòng cho nước sốt vào bên cạnh,"Sauce on the side, please",11,7,365,body_repeated_8_plus,content-draft/viet/canonical-pages/catalog-promoted/food-drink/v900-food-drin-sauce-on-the-side-please.json,good-to-know: repeated 17 times
PASS,4,viet-phrase-v900-food-drin-two-of-these-please,catalog-promoted,Xin vui lòng cho hai trong số này,"Two of these, please",11,7,363,body_repeated_8_plus,content-draft/viet/canonical-pages/catalog-promoted/food-drink/v900-food-drin-two-of-these-please.json,good-to-know: repeated 17 times
PASS,4,viet-phrase-v900-heal-phar-how-long-is-the-clinic-wait,catalog-promoted,Phòng khám phải đợi bao lâu?,How long is the clinic wait?,9,5,287,body_repeated_8_plus,content-draft/viet/canonical-pages/catalog-promoted/health-pharmacy/v900-heal-phar-how-long-is-the-clinic-wait.json,good-to-know: repeated 8 times
PASS,4,viet-phrase-v900-heal-phar-how-many-days-should-i-take-it,catalog-promoted,Tôi nên dùng nó trong bao nhiêu ngày?,How many days should I take it?,9,7,305,body_repeated_8_plus,content-draft/viet/canonical-pages/catalog-promoted/health-pharmacy/v900-heal-phar-how-many-days-should-i-take-it.json,good-to-know: repeated 10 times
PASS,4,viet-phrase-v900-heal-phar-i-have-a-rash,catalog-promoted,tôi bị phát ban,I have a rash,9,4,276,body_repeated_8_plus,content-draft/viet/canonical-pages/catalog-promoted/health-pharmacy/v900-heal-phar-i-have-a-rash.json,good-to-know: repeated 10 times
PASS,4,viet-phrase-v900-heal-phar-i-need-bandages,catalog-promoted,Tôi cần băng bó,I need bandages,9,4,296,body_repeated_8_plus,content-draft/viet/canonical-pages/catalog-promoted/health-pharmacy/v900-heal-phar-i-need-bandages.json,good-to-know: repeated 10 times
PASS,4,viet-phrase-v900-heal-phar-i-need-cold-medicine,catalog-promoted,Tôi cần thuốc cảm,I need cold medicine,9,4,301,body_repeated_8_plus,content-draft/viet/canonical-pages/catalog-promoted/health-pharmacy/v900-heal-phar-i-need-cold-medicine.json,good-to-know: repeated 10 times
PASS,4,viet-phrase-v900-heal-phar-i-need-sunscreen,catalog-promoted,Tôi cần kem chống nắng,I need sunscreen,9,4,305,body_repeated_8_plus,content-draft/viet/canonical-pages/catalog-promoted/health-pharmacy/v900-heal-phar-i-need-sunscreen.json,good-to-know: repeated 10 times
PASS,4,viet-phrase-v900-heal-phar-thank-you-i-understand-the-instructions,catalog-promoted,"Cảm ơn bạn, tôi hiểu hướng dẫn","Thank you, I understand the instructions",9,6,305,body_repeated_8_plus,content-draft/viet/canonical-pages/catalog-promoted/health-pharmacy/v900-heal-phar-thank-you-i-understand-the-instructions.json,good-to-know: repeated 10 times
PASS,4,viet-phrase-v900-hote-acco-everything-was-good-thank-you,catalog-promoted,"Mọi thứ đều tốt, cảm ơn bạn","Everything was good, thank you",9,6,305,body_repeated_8_plus,content-draft/viet/canonical-pages/catalog-promoted/hotel-accommodation/v900-hote-acco-everything-was-good-thank-you.json,good-to-know: repeated 8 times
PASS,4,viet-phrase-v900-hote-acco-the-shower-is-not-working,catalog-promoted,Vòi hoa sen không hoạt động,The shower is not working,9,5,309,body_repeated_8_plus,content-draft/viet/canonical-pages/catalog-promoted/hotel-accommodation/v900-hote-acco-the-shower-is-not-working.json,good-to-know: repeated 8 times
PASS,4,viet-phrase-v900-hote-acco-the-wi-fi-is-not-working-in-my-room,catalog-promoted,Wi-Fi không hoạt động trong phòng tôi,The Wi-Fi is not working in my room,9,6,347,body_repeated_8_plus,content-draft/viet/canonical-pages/catalog-promoted/hotel-accommodation/v900-hote-acco-the-wi-fi-is-not-working-in-my-room.json,good-to-know: repeated 8 times
PASS,4,viet-phrase-v900-loca-serv-ever-task-my-child-needs-a-bathroom,catalog-promoted,Con tôi cần một phòng tắm,My child needs a bathroom,9,6,330,body_repeated_8_plus,content-draft/viet/canonical-pages/catalog-promoted/local-services-everyday-tasks/v900-loca-serv-ever-task-my-child-needs-a-bathroom.json,good-to-know: repeated 14 times
PASS,4,viet-phrase-v900-mone-numb-pric-i-think-the-change-is-wrong,catalog-promoted,Tôi nghĩ sự thay đổi là sai,I think the change is wrong,9,8,321,body_repeated_8_plus,content-draft/viet/canonical-pages/catalog-promoted/money-numbers-prices/v900-mone-numb-pric-i-think-the-change-is-wrong.json,good-to-know: repeated 11 times
PASS,4,viet-phrase-v900-mone-numb-pric-i-was-charged-the-wrong-amount,catalog-promoted,Tôi đã bị tính sai số tiền,I was charged the wrong amount,9,7,311,body_repeated_8_plus,content-draft/viet/canonical-pages/catalog-promoted/money-numbers-prices/v900-mone-numb-pric-i-was-charged-the-wrong-amount.json,good-to-know: repeated 11 times
PASS,4,viet-phrase-v900-mone-numb-pric-please-give-me-the-change,catalog-promoted,Xin vui lòng đưa cho tôi tiền lẻ.,Please give me the change.,9,6,318,body_repeated_8_plus,content-draft/viet/canonical-pages/catalog-promoted/money-numbers-prices/v900-mone-numb-pric-please-give-me-the-change.json,good-to-know: repeated 11 times
PASS,4,viet-phrase-v900-mone-numb-pric-the-card-machine-is-not-working,catalog-promoted,Máy thẻ không hoạt động,The card machine is not working,9,4,287,body_repeated_8_plus,content-draft/viet/canonical-pages/catalog-promoted/money-numbers-prices/v900-mone-numb-pric-the-card-machine-is-not-working.json,good-to-know: repeated 11 times
PASS,4,viet-phrase-v900-mone-numb-pric-the-payment-went-through,catalog-promoted,Việc thanh toán đã được thông qua,The payment went through,9,7,293,body_repeated_8_plus,content-draft/viet/canonical-pages/catalog-promoted/money-numbers-prices/v900-mone-numb-pric-the-payment-went-through.json,good-to-know: repeated 11 times
PASS,4,viet-phrase-v900-mone-numb-pric-this-receipt-is-not-mine,catalog-promoted,Biên lai này không phải của tôi,This receipt is not mine,9,6,315,body_repeated_8_plus,content-draft/viet/canonical-pages/catalog-promoted/money-numbers-prices/v900-mone-numb-pric-this-receipt-is-not-mine.json,good-to-know: repeated 11 times
PASS,4,viet-phrase-v900-prob-help-i-need-a-police-report-for-insurance,catalog-promoted,Tôi cần báo cáo của cảnh sát về bảo hiểm,I need a police report for insurance,8,8,326,body_repeated_8_plus,content-draft/viet/canonical-pages/catalog-promoted/problems-help/v900-prob-help-i-need-a-police-report-for-insurance.json,good-to-know: repeated 10 times
PASS,4,viet-phrase-v900-prob-help-please-give-me-a-copy-of-the-report,catalog-promoted,Xin vui lòng cho tôi một bản sao của báo cáo,Please give me a copy of the report,8,8,342,body_repeated_8_plus,content-draft/viet/canonical-pages/catalog-promoted/problems-help/v900-prob-help-please-give-me-a-copy-of-the-report.json,good-to-know: repeated 10 times
PASS,4,viet-phrase-v900-prob-help-thank-you-for-helping-me-report-this,catalog-promoted,Cảm ơn bạn đã giúp tôi báo cáo điều này,Thank you for helping me report this,8,9,355,body_repeated_8_plus,content-draft/viet/canonical-pages/catalog-promoted/problems-help/v900-prob-help-thank-you-for-helping-me-report-this.json,good-to-know: repeated 10 times
PASS,4,viet-phrase-v900-tran-how-many-stops-from-here,catalog-promoted,Có bao nhiêu điểm dừng từ đây?,How many stops from here?,9,7,275,body_repeated_8_plus,content-draft/viet/canonical-pages/catalog-promoted/transport/v900-tran-how-many-stops-from-here.json,good-to-know: repeated 12 times
PASS,4,viet-phrase-v900-tran-id-like-to-rent-a-motorbike,catalog-promoted,Tôi muốn thuê một chiếc xe máy,I’d like to rent a motorbike,9,7,302,body_repeated_8_plus,content-draft/viet/canonical-pages/catalog-promoted/transport/v900-tran-id-like-to-rent-a-motorbike.json,good-to-know: repeated 12 times
PASS,4,viet-phrase-v900-tran-one-ticket-to-da-nang-please,catalog-promoted,Cho xin 1 vé đi Đà Nẵng,"One ticket to Da Nang, please",9,7,300,body_repeated_8_plus,content-draft/viet/canonical-pages/catalog-promoted/transport/v900-tran-one-ticket-to-da-nang-please.json,good-to-know: repeated 12 times
PASS,4,viet-phrase-v900-tran-pick-me-up-at-this-entrance,catalog-promoted,Hãy đón tôi ở lối vào này,Please pick me up at this entrance,9,7,326,body_repeated_8_plus,content-draft/viet/canonical-pages/catalog-promoted/transport/v900-tran-pick-me-up-at-this-entrance.json,good-to-know: repeated 12 times
PASS,4,viet-phrase-v900-tran-please-fill-up-the-tank,catalog-promoted,Hãy đổ đầy bình.,Please fill up the tank.,9,4,264,body_repeated_8_plus,content-draft/viet/canonical-pages/catalog-promoted/transport/v900-tran-please-fill-up-the-tank.json,good-to-know: repeated 12 times
PASS,4,viet-phrase-v900-tran-thank-you-keep-the-change,catalog-promoted,"Cảm ơn bạn, hãy giữ sự thay đổi","Thank you, keep the change",9,8,319,body_repeated_8_plus,content-draft/viet/canonical-pages/catalog-promoted/transport/v900-tran-thank-you-keep-the-change.json,good-to-know: repeated 12 times
PASS,4,viet-phrase-v900-tran-the-driver-asked-for-more-money,catalog-promoted,Tài xế đòi thêm tiền,The driver asked for more money,9,5,285,body_repeated_8_plus,content-draft/viet/canonical-pages/catalog-promoted/transport/v900-tran-the-driver-asked-for-more-money.json,good-to-know: repeated 12 times
PASS,4,viet-phrase-v900-tran-what-time-is-the-last-boat-back,catalog-promoted,Chuyến tàu cuối cùng về lúc mấy giờ?,What time is the last boat back?,9,8,319,body_repeated_8_plus,content-draft/viet/canonical-pages/catalog-promoted/transport/v900-tran-what-time-is-the-last-boat-back.json,good-to-know: repeated 8 times
PASS,4,viet-phrase-v900-tran-which-stop-should-i-get-off-at,catalog-promoted,Tôi nên xuống ở điểm dừng nào?,Which stop should I get off at?,9,7,298,body_repeated_8_plus,content-draft/viet/canonical-pages/catalog-promoted/transport/v900-tran-which-stop-should-i-get-off-at.json,good-to-know: repeated 12 times
PASS,4,viet-smalltalk-di-dau-day,catalog-promoted,Đi đâu đấy?,Where are you going?,7,4,234,body_repeated_8_plus,content-draft/viet/canonical-pages/catalog-promoted/social-small-talk/smalltalk-di-dau-day.json,when-to-use: repeated 11 times
PASS,4,viet-smalltalk-nice-to-meet-you,catalog-promoted,Rất vui được gặp bạn,Nice to meet you,6,6,223,body_repeated_8_plus,content-draft/viet/canonical-pages/catalog-promoted/social-small-talk/smalltalk-nice-to-meet-you.json,when-to-use: repeated 11 times
PASS,4,viet-thanks-cam-on-ban-da-hieu,catalog-promoted,Cảm ơn bạn đã hiểu,Thank you for understanding,7,5,240,body_repeated_8_plus,content-draft/viet/canonical-pages/catalog-promoted/understanding-repair/thank-you-cam-on-ban-da-hieu.json,good-to-know: repeated 8 times
PASS,4,viet-thanks-khong-cam-on,catalog-promoted,"Không, cảm ơn","No, thank you",7,3,235,body_repeated_8_plus,content-draft/viet/canonical-pages/catalog-promoted/polite-basics/thank-you-khong-cam-on.json,when-to-use: repeated 11 times
PASS,3,viet-phrase-repair-4,catalog-promoted,Ý anh/chị là cái nào?,Which one do you mean?,9,6,309,let_question_land,content-draft/viet/canonical-pages/catalog-promoted/understanding-repair/repair-4.json,"quick-say: Keep the word, screen, address, or written note close, but let the question land first."
PASS,3,viet-phrase-v500-airp-bord-arri-how-much-to-district-1,catalog-promoted,Đến Quận 1 bao nhiêu?,How much to District 1?,9,4,326,lead_with_question,content-draft/viet/canonical-pages/catalog-promoted/airport-border-arrival/v500-airp-bord-arri-how-much-to-district-1.json,"quick-say: Lead with the question; show the passport, baggage tag, flight detail, or pickup screen only if they need detail."
PASS,3,viet-phrase-v500-dire-navi-how-far-is-it,catalog-promoted,Nó cách đây bao xa?,How far is it?,9,5,280,lead_with_question,content-draft/viet/canonical-pages/catalog-promoted/directions-navigation/v500-dire-navi-how-far-is-it.json,quick-say: Lead with the question; add details only if they ask.
PASS,3,viet-phrase-v500-heal-phar-i-have-a-fever,catalog-promoted,Tôi bị sốt,I have a fever,9,3,257,next_detail_generic,content-draft/viet/canonical-pages/catalog-promoted/health-pharmacy/v500-heal-phar-i-have-a-fever.json,"explore-next: Use doctor, pharmacy, headache, stomach, diarrhea, or dosage cards if staff need the next detail."
PASS,3,viet-phrase-v500-heal-phar-i-have-diarrhea,catalog-promoted,Tôi bị tiêu chảy,I have diarrhea,9,3,245,next_detail_generic,content-draft/viet/canonical-pages/catalog-promoted/health-pharmacy/v500-heal-phar-i-have-diarrhea.json,"explore-next: Use stomach, doctor, pharmacy, dosage, or allergy follow-ups if the staff needs the next detail."
PASS,3,viet-phrase-v500-loca-serv-ever-task-how-much-per-page,catalog-promoted,Bao nhiêu một trang?,How much per page?,9,4,279,let_question_land,content-draft/viet/canonical-pages/catalog-promoted/local-services-everyday-tasks/v500-loca-serv-ever-task-how-much-per-page.json,"quick-say: Keep the item, document, bag, receipt, photo, or address close, but let the question land first."
PASS,3,viet-phrase-v500-mone-numb-pric-how-much-for-one,catalog-promoted,Bao nhiêu một cái?,How much for one?,9,3,261,lead_with_question,content-draft/viet/canonical-pages/catalog-promoted/money-numbers-prices/v500-mone-numb-pric-how-much-for-one.json,"quick-say: Lead with the question; show the item, price tag, calculator, receipt, or ATM screen only if they need detail."
PASS,3,viet-phrase-v500-prob-help-can-i-have-an-interpreter,catalog-promoted,Tôi có thể có một thông dịch viên?,Can I have an interpreter?,8,8,316,let_question_land,content-draft/viet/canonical-pages/catalog-promoted/problems-help/v500-prob-help-can-i-have-an-interpreter.json,"quick-say: Keep the receipt, room number, ride detail, photo, or last location close, but let the question land first."
PASS,3,viet-phrase-v900-hote-acco-how-much-is-one-extra-night,catalog-promoted,Thêm một đêm là bao nhiêu?,How much is one extra night?,9,6,318,let_question_land,content-draft/viet/canonical-pages/catalog-promoted/hotel-accommodation/v900-hote-acco-how-much-is-one-extra-night.json,"quick-say: Keep the booking, room number, address, or key card close, but let the question land first."
PASS,3,viet-phrase-v900-mone-numb-pric-how-much-for-two-of-them,catalog-promoted,Hai cái đó bao nhiêu?,How much for two of them?,9,5,271,let_question_land,content-draft/viet/canonical-pages/catalog-promoted/money-numbers-prices/v900-mone-numb-pric-how-much-for-two-of-them.json,"quick-say: Keep the item, price tag, calculator, receipt, or ATM screen close, but let the question land first."
PASS,3,viet-phrase-v900-shop-i-will-buy-two-if-the-price-is-good,catalog-promoted,Mình sẽ mua 2 cái nếu giá tốt,I will buy two if the price is good,9,8,316,another_request,content-draft/viet/canonical-pages/catalog-promoted/shopping/v900-shop-i-will-buy-two-if-the-price-is-good.json,"quick-say: Say Mình sẽ mua 2 cái nếu giá tốt, then show both items. Wait for the counteroffer before adding another request."
PASS,3,viet-phrase-v900-shop-what-is-your-best-price,catalog-promoted,Giá tốt nhất của bạn là gì?,What is your best price?,9,6,307,lead_with_question,content-draft/viet/canonical-pages/catalog-promoted/shopping/v900-shop-what-is-your-best-price.json,"quick-say: Lead with the question; show the item, size, receipt, price tag, or photo only if they need detail."
PASS,3,viet-phrase-v900-sigh-acti-what-should-i-bring,catalog-promoted,Tôi nên mang theo những gì?,What should I bring?,9,7,290,lead_with_question,content-draft/viet/canonical-pages/catalog-promoted/sightseeing-activities/v900-sigh-acti-what-should-i-bring.json,quick-say: Lead with the question; add details only if they ask.
PASS,3,viet-phrase-v900-time-date-book-can-i-have-seats-together,catalog-promoted,Chúng tôi có thể ngồi cùng nhau được không?,Can we sit together?,9,5,259,next_detail_generic,content-draft/viet/canonical-pages/catalog-promoted/time-dates-booking/v900-time-date-book-can-i-have-seats-together.json,"explore-next: Use seat choice, confirmation, booking, date-change, or waitlist follow-ups for the next detail."
PASS,3,viet-phrase-v900-tran-i-paid-in-the-app-already,catalog-promoted,Tôi đã thanh toán trong ứng dụng rồi,I paid in the app already,9,7,272,next_detail_generic,content-draft/viet/canonical-pages/catalog-promoted/transport/v900-tran-i-paid-in-the-app-already.json,"explore-next: If the ride continues, stop, route, air-con, wait, and cash cards cover the next detail."
PASS,2,viet-family-ves-drop-near-dragon-bridge,editorial-model-support,Cho tôi xuống gần Cầu Rồng.,Drop me off near Dragon Bridge.,10,4,325,use_it_when,,"when-to-use: Use it when the exact entrance, viewing spot, or curb is flexible but the landmark is clear."
PASS,2,viet-family-ves-im-on-vo-nguyen-giap-street,editorial-model-support,Tôi đang ở đường Võ Nguyên Giáp.,I'm on Vo Nguyen Giap Street.,11,4,337,use_it_when,,use-it-with: Use it when someone asks where you are or where to meet you.
PASS,2,viet-family-ves-is-this-address-correct,editorial-model-support,Địa chỉ này đúng không?,Is this address correct?,10,4,291,use_it_when,,when-to-use: Use it when the address is visible and a yes/no answer will prevent a wrong stop.
PASS,2,viet-family-ves-is-this-bach-dang-street,editorial-model-support,Đây có phải đường Bạch Đằng không?,Is this Bach Dang Street?,11,6,323,use_it_when,,when-to-use: Use it when the street name matters more than a full address.
PASS,2,viet-family-ves-is-this-nguyen-van-linh-street,editorial-model-support,Đây có phải đường Nguyễn Văn Linh không?,Is this Nguyen Van Linh Street?,11,6,338,use_it_when,,when-to-use: Use it when the street name is visible but you are not fully sure it is the right one.
PASS,2,viet-family-ves-is-this-vo-nguyen-giap-street,editorial-model-support,Đây có phải đường Võ Nguyên Giáp không?,Is this Vo Nguyen Giap Street?,11,6,330,use_it_when,,"when-to-use: Use it when the sign, map, and spoken direction need to line up."
PASS,2,viet-family-ves-one-ticket-marble-mountains-polite,editorial-model-support,"Dạ, cho tôi một vé vào Ngũ Hành Sơn.","One ticket to Marble Mountains, please.",11,4,318,use_it_when,,when-to-use: Use it when a polite full sentence fits better than a short ticket request.
PASS,2,viet-family-ves-show-me-anh-chi,editorial-model-support,Anh/chị chỉ giúp tôi được không?,Can you show me?,6,4,268,use_it_when,,"use-it-with: Use it when street directions, entrance locations, or nearby landmarks are easier to show than describe."
PASS,2,viet-family-ves-take-me-to-ba-na-hills,editorial-model-support,Cho tôi đi Bà Nà Hills.,Please take me to Ba Na Hills.,11,3,311,use_it_when,,use-it-with: Use it when the destination is set and the next step is arranging the ride.
PASS,2,viet-family-ves-take-me-to-dragon-bridge,editorial-model-support,Cho tôi đi Cầu Rồng.,Please take me to Dragon Bridge.,11,3,300,use_it_when,,use-it-with: Use it when the route page keeps the title short but the driver needs a full sentence.
PASS,2,viet-family-ves-take-photo-for-me,editorial-model-support,Bạn chụp giúp tôi được không?,Can you take a photo for me?,11,6,301,use_it_when,,when-to-use: Use it when the person is nearby and the ask is small. Keep your phone unlocked and camera ready.
PASS,2,viet-family-ves-two-tickets-ba-na-hills,editorial-model-support,"Dạ, cho tôi hai vé lên Bà Nà Hills.","Two tickets to Ba Na Hills, please.",11,4,344,use_it_when,,when-to-use: Use it when the number of tickets is the useful first detail and the destination is already decided.
PASS,2,viet-family-ves-whats-in-this-dish,editorial-model-support,Món này có gì?,What is in this dish?,15,5,349,use_it_when,,"when-to-use: Use it when the dish looks good but you need to know meat, seafood, peanuts, spice, or herbs before committing."
PASS,2,viet-family-ves-where-cable-car,editorial-model-support,Cáp treo ở đâu?,Where is the cable car?,6,3,253,use_it_when,,when-to-use: Use it when you are already in the attraction flow and need the next place to stand or walk toward.
PASS,2,viet-family-ves-where-driver-waits,editorial-model-support,Tài xế chờ ở đâu?,Where does the driver wait?,11,4,301,use_it_when,,"use-it-with: Use it when the driver, guide, or hotel desk is coordinating the pickup point."
PASS,2,viet-family-ves-where-has-good-cao-lau,editorial-model-support,Ở đâu có cao lầu ngon?,Where has good cao lau?,15,5,356,use_it_when,,when-to-use: Use it when the dish is the goal and you are still choosing where to eat.
PASS,2,viet-family-ves-where-linh-ung-pagoda,editorial-model-support,Chùa Linh Ứng ở đâu?,Where is Linh Ung Pagoda?,6,3,276,use_it_when,,"when-to-use: Use it when a driver, guard, or helper can point you toward the pagoda entrance or next turn."
PASS,2,viet-phrase-help-premium-contact-embassy,catalog-promoted,Bạn có thể giúp tôi liên hệ với đại sứ quán được không?,Can you help me contact the embassy?,8,5,312,use_it_when,content-draft/viet/canonical-pages/catalog-promoted/problems-help/help-premium-contact-embassy.json,"at-glance: Use it when the next step needs an official contact, not just a local suggestion."
PASS,2,viet-phrase-service-9,catalog-promoted,Châm thêm nước vào chai này được không?,Can you refill this water bottle?,9,5,289,use_it_when,content-draft/viet/canonical-pages/catalog-promoted/local-services-everyday-tasks/service-9.json,"at-glance: Use it when a refill station, cooler, or water jug is nearby but not clearly self-serve."
PASS,2,viet-phrase-shop-6,catalog-promoted,Tôi muốn đổi cái này,I want to exchange this,9,6,347,use_it_when,content-draft/viet/canonical-pages/catalog-promoted/shopping/shop-6.json,at-glance: Tôi muốn đổi cái này is a direct but natural way to say what you want next. Use it when exchange this is the practical goal and you want the reply to stay short and useful.
PASS,2,viet-phrase-transport-premium-route-wrong,catalog-promoted,Tuyến đường này sai.,This route is wrong.,9,3,251,use_it_when,content-draft/viet/canonical-pages/catalog-promoted/transport/transport-premium-route-wrong.json,"at-glance: Use it when the car, motorbike, or walking route is clearly drifting from the map or agreed destination."
PASS,2,viet-phrase-transport-premium-turn-around,catalog-promoted,Xin hãy quay lại.,Please turn around.,9,3,242,use_it_when,content-draft/viet/canonical-pages/catalog-promoted/transport/transport-premium-turn-around.json,"at-glance: Use it when the car or bike needs to go back, not just change lanes."
PASS,2,viet-phrase-v500-airp-bord-arri-i-cannot-find-my-driver,catalog-promoted,Tôi không tìm thấy tài xế của mình,I cannot find my driver,9,4,353,use_it_when,content-draft/viet/canonical-pages/catalog-promoted/airport-border-arrival/v500-airp-bord-arri-i-cannot-find-my-driver.json,"when-to-use: Use it when the driver should already be nearby but you cannot identify the car or person. It fits airport arrivals, hotel pickups, tour transfers, and ride-app confusion."
PASS,2,viet-phrase-v500-airp-bord-arri-my-driver-canceled,catalog-promoted,Tài xế của tôi đã hủy,My driver canceled,9,3,293,use_it_when,content-draft/viet/canonical-pages/catalog-promoted/airport-border-arrival/v500-airp-bord-arri-my-driver-canceled.json,"at-glance: Use it when you are stuck at arrivals, a lobby, or a pickup point and need a new transport plan."
PASS,2,viet-phrase-v500-dire-navi-do-i-go-upstairs,catalog-promoted,Tôi lên lầu phải không?,Do I go upstairs?,9,4,266,use_it_when,content-draft/viet/canonical-pages/catalog-promoted/directions-navigation/v500-dire-navi-do-i-go-upstairs.json,"at-glance: Use it when a sign, guard, shop, or counter points upward but you are not sure."
PASS,2,viet-phrase-v500-dire-navi-is-it-open-now,catalog-promoted,Bây giờ có mở cửa không?,Is it open now?,9,4,270,use_it_when,content-draft/viet/canonical-pages/catalog-promoted/directions-navigation/v500-dire-navi-is-it-open-now.json,"at-glance: Use it when a door, counter, restaurant, clinic, or ticket window looks uncertain."
PASS,2,viet-phrase-v500-emer-safe-please-call-the-police,catalog-promoted,Hãy gọi cảnh sát,Please call the police,9,4,250,use_it_when,content-draft/viet/canonical-pages/catalog-promoted/emergency-safety/v500-emer-safe-please-call-the-police.json,at-glance: Use it when the situation needs police help now. Keep the location or photo visible if you can.
PASS,2,viet-phrase-v500-emer-safe-someone-is-injured,catalog-promoted,Có người bị thương,Someone is injured,9,3,238,use_it_when,content-draft/viet/canonical-pages/catalog-promoted/emergency-safety/v500-emer-safe-someone-is-injured.json,at-glance: Use it when the injury is the first fact people need to understand.
PASS,2,viet-phrase-v500-emer-safe-there-has-been-an-accident,catalog-promoted,Đã có một tai nạn,There has been an accident,9,3,242,use_it_when,content-draft/viet/canonical-pages/catalog-promoted/emergency-safety/v500-emer-safe-there-has-been-an-accident.json,at-glance: Use it when you need attention fast before giving details.
PASS,2,viet-phrase-v500-hote-acco-can-someone-come-fix-it,catalog-promoted,Ai đó có thể đến sửa nó được không?,Can someone come fix it?,9,6,295,use_it_when,content-draft/viet/canonical-pages/catalog-promoted/hotel-accommodation/v500-hote-acco-can-someone-come-fix-it.json,"at-glance: Use it when the room issue needs a person, not just an explanation at the desk."
PASS,2,viet-phrase-v500-poli-basi-sorry,catalog-promoted,Tôi xin lỗi,Sorry,9,3,197,use_it_when,content-draft/viet/canonical-pages/catalog-promoted/polite-basics/v500-poli-basi-sorry.json,"at-glance: Use it when you actually need to apologize, not just get attention. Keep the next words small."
PASS,2,viet-phrase-v500-prob-help-can-you-call-my-emergency-contact,catalog-promoted,Bạn có thể gọi cho người liên lạc khẩn cấp của tôi được không?,Can you call my emergency contact?,8,4,315,use_it_when,content-draft/viet/canonical-pages/catalog-promoted/problems-help/v500-prob-help-can-you-call-my-emergency-contact.json,"at-glance: Use it when you need another person reached, not just local help at the counter."
PASS,2,viet-phrase-v500-time-date-book-i-booked-the-wrong-time,catalog-promoted,Tôi đã đặt sai thời gian,I booked the wrong time,9,4,244,use_it_when,content-draft/viet/canonical-pages/catalog-promoted/time-dates-booking/v500-time-date-book-i-booked-the-wrong-time.json,at-glance: Use it when the booking exists but the time on it is not the time you meant.
PASS,2,viet-phrase-v500-unde-repa-can-you-write-the-price,catalog-promoted,Bạn có thể viết giá được không?,Can you write the price?,9,4,264,use_it_when,content-draft/viet/canonical-pages/catalog-promoted/understanding-repair/v500-unde-repa-can-you-write-the-price.json,"at-glance: Use it when a spoken price is too fast, too noisy, or has too many zeros."
PASS,2,viet-phrase-v500-unde-repa-i-missed-what-you-said,catalog-promoted,Tôi đã bỏ lỡ những gì bạn nói,I missed what you said,9,3,283,use_it_when,content-draft/viet/canonical-pages/catalog-promoted/understanding-repair/v500-unde-repa-i-missed-what-you-said.json,at-glance: Use it when the person already answered but the words moved too fast to catch.
PASS,2,viet-phrase-v500-unde-repa-let-me-show-you-instead,catalog-promoted,Thay vào đó hãy để tôi chỉ cho bạn,Let me show you instead,9,4,273,use_it_when,content-draft/viet/canonical-pages/catalog-promoted/understanding-repair/v500-unde-repa-let-me-show-you-instead.json,"at-glance: Use it when speech is stuck and the phone, photo, address, or object will be clearer."
PASS,2,viet-phrase-v500-unde-repa-please-point-to-it,catalog-promoted,Hãy chỉ vào nó,Please point to it,9,3,248,use_it_when,content-draft/viet/canonical-pages/catalog-promoted/understanding-repair/v500-unde-repa-please-point-to-it.json,at-glance: Use it when pointing would solve the confusion faster than another spoken explanation.
PASS,2,viet-phrase-v500-unde-repa-please-show-me-where-to-tap,catalog-promoted,Vui lòng chỉ cho tôi nơi để nhấn,Please show me where to tap,9,3,293,use_it_when,content-draft/viet/canonical-pages/catalog-promoted/understanding-repair/v500-unde-repa-please-show-me-where-to-tap.json,"at-glance: Use it when an app, ATM, QR screen, ticket machine, or card reader is asking for the next tap."
PASS,2,viet-phrase-v900-airp-bord-arri-please-call-this-driver-for-me,catalog-promoted,Hãy gọi tài xế này cho tôi,Please call this driver for me,9,4,291,use_it_when,content-draft/viet/canonical-pages/catalog-promoted/airport-border-arrival/v900-airp-bord-arri-please-call-this-driver-for-me.json,"at-glance: Use it when the driver is hard to find, messages are not working, or the pickup point is confusing."
PASS,2,viet-phrase-v900-dire-navi-can-you-point-out-a-nearby-landmark,catalog-promoted,Bạn có thể chỉ ra một điểm mốc gần đó không?,Can you point out a nearby landmark?,9,5,298,use_it_when,content-draft/viet/canonical-pages/catalog-promoted/directions-navigation/v900-dire-navi-can-you-point-out-a-nearby-landmark.json,at-glance: Use it when street names are hard to catch and a landmark would make the route easier.
PASS,2,viet-phrase-v900-emer-safe-can-you-help-me-cancel-my-card,catalog-promoted,Bạn có thể giúp tôi hủy thẻ được không?,Can you help me cancel my card?,9,5,293,use_it_when,content-draft/viet/canonical-pages/catalog-promoted/emergency-safety/v900-emer-safe-can-you-help-me-cancel-my-card.json,"at-glance: Use it when the card problem needs action now, not a long story first."
PASS,2,viet-phrase-v900-food-drin-can-i-have-napkins,catalog-promoted,Cho tôi xin khăn giấy được không?,Can I have napkins?,11,4,323,use_it_when,content-draft/viet/canonical-pages/catalog-promoted/food-drink/v900-food-drin-can-i-have-napkins.json,at-glance: Use it when the food is already on the table and you need napkins without turning it into a bigger request.
PASS,2,viet-phrase-v900-heal-phar-is-there-an-english-speaking-doctor-or-pharmacis,catalog-promoted,Có bác sĩ hoặc dược sĩ nói tiếng Anh không?,Is there an English-speaking doctor or pharmacist?,9,5,292,use_it_when,content-draft/viet/canonical-pages/catalog-promoted/health-pharmacy/v900-heal-phar-is-there-an-english-speaking-doctor-or-pharmacis.json,"at-glance: Use it when dosage, symptoms, allergies, or paperwork need to be exact."
PASS,2,viet-phrase-v900-loca-serv-ever-task-can-you-print-this-for-me,catalog-promoted,Anh/chị in cái này giúp tôi được không?,Can you print this for me?,9,5,303,use_it_when,content-draft/viet/canonical-pages/catalog-promoted/local-services-everyday-tasks/v900-loca-serv-ever-task-can-you-print-this-for-me.json,"at-glance: Use it when the document is visible and the next step is a printed copy, not a long explanation."
PASS,2,viet-phrase-v900-mone-numb-pric-i-gave-you-the-wrong-bill,catalog-promoted,Tôi đưa nhầm hóa đơn cho bạn,I gave you the wrong bill,9,3,302,use_it_when,content-draft/viet/canonical-pages/catalog-promoted/money-numbers-prices/v900-mone-numb-pric-i-gave-you-the-wrong-bill.json,"at-glance: Use it when the wrong paper, receipt, room bill, or payment slip is already in someone's hand."
PASS,2,viet-phrase-v900-phon-inte-powe-the-app-says-my-driver-is-here-but-i-cant-find-t,catalog-promoted,"Ứng dụng báo tài xế đã đến, nhưng tôi chưa thấy tài xế.","The app says my driver is here, but I can't find them.",9,4,404,use_it_when,content-draft/viet/canonical-pages/catalog-promoted/phone-internet-power/v900-phon-inte-powe-the-app-says-my-driver-is-here-but-i-cant-find-t.json,"when-to-use: Use it when the app status and the real pickup spot disagree. It fits hotel lobbies, airport pickup zones, mall entrances, and confusing curbside pins."
PASS,2,viet-phrase-v900-phon-inte-powe-the-wi-fi-keeps-disconnecting,catalog-promoted,Wi-Fi cứ bị ngắt kết nối,The Wi-Fi keeps disconnecting,9,4,290,use_it_when,content-draft/viet/canonical-pages/catalog-promoted/phone-internet-power/v900-phon-inte-powe-the-wi-fi-keeps-disconnecting.json,at-glance: Use it when the password worked but the connection keeps falling out.
PASS,2,viet-phrase-v900-prob-help-can-you-help-me-contact-my-airline,catalog-promoted,Bạn có thể giúp tôi liên hệ với hãng hàng không của tôi không?,Can you help me contact my airline?,9,5,350,use_it_when,content-draft/viet/canonical-pages/catalog-promoted/problems-help/v900-prob-help-can-you-help-me-contact-my-airline.json,"at-glance: Use it when a flight, bag, check-in, cancellation, or connection problem needs the airline, not just local staff."
PASS,2,viet-phrase-v900-time-date-book-please-send-it-by-text-message,catalog-promoted,Anh/chị gửi qua tin nhắn giúp tôi được không?,Can you send it by text message?,9,5,300,use_it_when,content-draft/viet/canonical-pages/catalog-promoted/time-dates-booking/v900-time-date-book-please-send-it-by-text-message.json,at-glance: Use it when spoken details are too easy to miss and a message would be safer.
PASS,2,viet-phrase-v900-time-date-book-please-write-down-the-time,catalog-promoted,Anh/chị ghi giờ giúp tôi được không?,Can you write down the time?,9,5,262,use_it_when,content-draft/viet/canonical-pages/catalog-promoted/time-dates-booking/v900-time-date-book-please-write-down-the-time.json,"at-glance: Use it when a departure, pickup, appointment, or return time needs to be exact."
PASS,2,viet-phrase-v900-tran-can-you-break-this-bill,catalog-promoted,Bạn có thể đổi tờ này thành tiền lẻ không?,Can you break this bill?,9,4,292,use_it_when,content-draft/viet/canonical-pages/catalog-promoted/transport/v900-tran-can-you-break-this-bill.json,at-glance: Use it when the amount is clear but the bill in your hand is too large for the next payment.
PASS,2,viet-phrase-v900-tran-can-you-pick-me-up-here,catalog-promoted,Anh/chị đón tôi ở đây được không?,Can you pick me up here?,9,5,277,use_it_when,content-draft/viet/canonical-pages/catalog-promoted/transport/v900-tran-can-you-pick-me-up-here.json,"at-glance: Use it when the entrance, curb, lobby, or side street matters."
PASS,2,viet-phrase-v900-tran-the-app-shows-a-different-route,catalog-promoted,Ứng dụng đang chỉ đường khác,The app shows a different route,9,4,280,use_it_when,content-draft/viet/canonical-pages/catalog-promoted/transport/v900-tran-the-app-shows-a-different-route.json,at-glance: Use it when you need the driver to compare routes before the ride drifts too far.
PASS,2,viet-phrase-v900-tran-the-entrance-is-on-the-other-side,catalog-promoted,Lối vào nằm ở phía bên kia,The entrance is on the other side,9,4,282,use_it_when,content-draft/viet/canonical-pages/catalog-promoted/transport/v900-tran-the-entrance-is-on-the-other-side.json,"at-glance: Use it when the car, walking route, or meeting point is on the wrong side."
PASS,2,viet-phrase-v900-unde-repa-can-you-explain-it-in-english,catalog-promoted,Bạn có thể giải thích nó bằng tiếng Anh không?,Can you explain it in English?,9,7,285,use_it_when,content-draft/viet/canonical-pages/catalog-promoted/understanding-repair/v900-unde-repa-can-you-explain-it-in-english.json,"at-glance: Use it when a price, address, rule, medicine note, or booking answer is important and gestures are not enough."
PASS,2,viet-phrase-v900-unde-repa-can-you-read-this-translation,catalog-promoted,Bạn có đọc được bản dịch này không?,Can you read this translation?,9,5,279,use_it_when,content-draft/viet/canonical-pages/catalog-promoted/understanding-repair/v900-unde-repa-can-you-read-this-translation.json,"at-glance: Use it when the translation app might be close, but you need a human check."
PASS,2,viet-thanks-cam-on-nhieu,catalog-promoted,Cảm ơn nhiều,Thank you very much,6,1,207,use_it_when,content-draft/viet/canonical-pages/catalog-promoted/polite-basics/thank-you-cam-on-nhieu.json,good-to-know: Nhiều adds extra warmth. Use it when someone did more than a tiny routine favor.
PASS,0,viet-da-chao-anh,catalog-promoted,"Dạ, chào anh",Respectful hello to an older man,3,4,226,,content-draft/viet/canonical-pages/catalog-promoted/polite-basics/acknowledge-da-chao-anh.json,
PASS,0,viet-da-chao-co,catalog-promoted,"Dạ, chào cô",Respectful hello to an aunt-age woman,7,4,283,,content-draft/viet/canonical-pages/catalog-promoted/polite-basics/acknowledge-da-chao-co.json,
PASS,0,viet-excuse-sorry,tier1,Xin lỗi,Excuse me / sorry,22,1,387,,content-draft/viet/canonical-pages/tier-one/polite-basics/polite-excuse-me.json,
PASS,0,viet-family-airport-bag-missing,tier1,Hành lý của tôi chưa tới,My bag did not arrive,8,5,439,,content-draft/viet/canonical-pages/tier-one/airport-border-arrival/airport-bag-missing.json,
PASS,0,viet-family-bathroom-paper,tier1,Có giấy vệ sinh không?,Do you have toilet paper?,6,4,398,,content-draft/viet/canonical-pages/tier-one/bathroom-personal-needs/bathroom-paper.json,
PASS,0,viet-family-bathroom-soap,tier1,Có xà phòng không?,Do you have soap?,6,4,258,,content-draft/viet/canonical-pages/tier-one/bathroom-personal-needs/bathroom-soap.json,
PASS,0,viet-family-bathroom-use,tier1,Tôi dùng nhà vệ sinh được không?,Can I use the bathroom?,6,5,283,,content-draft/viet/canonical-pages/tier-one/bathroom-personal-needs/bathroom-use.json,
PASS,0,viet-family-bathroom-wash-hands,tier1,Tôi rửa tay ở đây được không?,Can I wash my hands here?,6,7,288,,content-draft/viet/canonical-pages/tier-one/bathroom-personal-needs/bathroom-wash-hands.json,
PASS,0,viet-family-bathroom-water,tier1,Tôi cần nước,I need water,6,4,257,,content-draft/viet/canonical-pages/tier-one/bathroom-personal-needs/bathroom-water.json,
PASS,0,viet-family-city-danang-atm-airport,city-v1,Có ATM gần Sân bay Đà Nẵng không?,Is there an ATM near Da Nang Airport?,5,6,135,,,
PASS,0,viet-family-city-danang-atm-bach-dang-street,city-v1,Có ATM gần Đường Bạch Đằng không?,Is there an ATM near Bach Dang Street?,5,6,126,,,
PASS,0,viet-family-city-danang-atm-con-market,city-v1,Có ATM gần Chợ Cồn không?,Is there an ATM near Con Market?,5,6,108,,,
PASS,0,viet-family-city-danang-atm-han-market,city-v1,Có ATM gần Chợ Hàn không?,Is there an ATM near Han Market?,5,6,108,,,
PASS,0,viet-family-city-danang-atm-helio-night-market,city-v1,Có ATM gần Chợ đêm Helio không?,Is there an ATM near Helio Night Market?,5,6,126,,,
PASS,0,viet-family-city-danang-bach-dang-route,city-v1,Đi đường Bạch Đằng,Go by Bach Dang Street,5,3,101,,,
PASS,0,viet-family-city-danang-eat-near-bach-dang-street,city-v1,Ăn gần Đường Bạch Đằng,Eat near Bach Dang Street,5,4,111,,,
PASS,0,viet-family-city-danang-eat-near-con-market,city-v1,Ăn gần Chợ Cồn,Eat near Con Market,5,4,88,,,
PASS,0,viet-family-city-danang-eat-near-han-market,city-v1,Ăn gần Chợ Hàn,Eat near Han Market,5,4,88,,,
PASS,0,viet-family-city-danang-go-airport,city-v1,Đi Sân bay Đà Nẵng,Go to Da Nang Airport,5,3,124,,,
PASS,0,viet-family-city-danang-go-ba-na-hills,editorial-model-support,Đi Bà Nà Hills,Go to Ba Na Hills,6,3,254,,,
PASS,0,viet-family-city-danang-go-con-market,city-v1,Đi Chợ Cồn,Go to Con Market,5,3,97,,,
PASS,0,viet-family-city-danang-go-han-market,city-v1,Đi Chợ Hàn,Go to Han Market,5,3,98,,,
PASS,0,viet-family-city-danang-go-helio-night-market,city-v1,Đi Chợ đêm Helio,Go to Helio Night Market,5,3,115,,,
PASS,0,viet-family-city-danang-go-nen,city-v1,Cho tôi đến nhà hàng Nén Đà Nẵng.,Please take me to Nén Đà Nẵng restaurant.,5,6,137,,,
PASS,0,viet-family-city-danang-go-nguyen-van-linh-street,city-v1,Đi Đường Nguyễn Văn Linh,Go to Nguyen Van Linh Street,4,3,116,,,
PASS,0,viet-family-city-danang-go-railway-station,city-v1,Đi Ga Đà Nẵng,Go to Da Nang Railway Station,2,3,85,,,
PASS,0,viet-family-city-danang-go-son-tra-night-market,city-v1,Đi Chợ đêm Sơn Trà,Go to Son Tra Night Market,3,3,104,,,
PASS,0,viet-family-city-danang-go-tien-sa-port,city-v1,Đi Cảng Tiên Sa,Go to Tien Sa Port,4,3,102,,,
PASS,0,viet-family-city-danang-go-vo-nguyen-giap-street,city-v1,Đi Đường Võ Nguyên Giáp,Go to Vo Nguyen Giap Street,3,3,104,,,
PASS,0,viet-family-city-danang-near-bach-dang-street,city-v1,Đường Bạch Đằng gần đây không?,Is Bach Dang Street near here?,5,4,123,,,
PASS,0,viet-family-city-danang-near-con-market,city-v1,Chợ Cồn gần đây không?,Is Con Market near here?,5,4,105,,,
PASS,0,viet-family-city-danang-near-han-market,city-v1,Chợ Hàn gần đây không?,Is Han Market near here?,5,4,106,,,
PASS,0,viet-family-city-danang-near-helio-night-market,city-v1,Chợ đêm Helio gần đây không?,Is Helio Night Market near here?,5,4,123,,,
PASS,0,viet-family-city-danang-near-nguyen-van-linh-street,city-v1,Đường Nguyễn Văn Linh gần đây không?,Is Nguyen Van Linh Street near here?,4,4,124,,,
PASS,0,viet-family-city-danang-near-son-tra-night-market,city-v1,Chợ đêm Sơn Trà gần đây không?,Is Son Tra Night Market near here?,3,4,112,,,
PASS,0,viet-family-city-danang-near-vo-nguyen-giap-street,city-v1,Đường Võ Nguyên Giáp gần đây không?,Is Vo Nguyen Giap Street near here?,3,4,112,,,
PASS,0,viet-family-city-danang-pharmacy-han-market,city-v1,Có nhà thuốc gần chợ Hàn không?,Is there a pharmacy near Han Market?,5,6,110,,,
PASS,0,viet-family-city-danang-place-3d-art-in-paradise,city-v1,Bảo tàng 3D Art in Paradise Đà Nẵng,3D Art in Paradise Da Nang,3,0,181,,,
PASS,0,viet-family-city-danang-place-43-factory,city-v1,43 Factory Coffee Roaster,43 Factory Coffee Roaster,3,0,219,,,
PASS,0,viet-family-city-danang-place-airport,city-v1,Sân bay Đà Nẵng,Da Nang Airport,3,0,183,,,
PASS,0,viet-family-city-danang-place-an-thuong-street-area,city-v1,Khu An Thượng,An Thuong Area,3,0,235,,,
PASS,0,viet-family-city-danang-place-apec-park,city-v1,Công viên APEC,APEC Park,3,0,217,,,
PASS,0,viet-family-city-danang-place-asia-park,city-v1,Công viên Châu Á,Asia Park,3,0,231,,,
PASS,0,viet-family-city-danang-place-ba-na-cable-car,city-v1,Cáp treo Bà Nà,Ba Na cable car,3,0,221,,,
PASS,0,viet-family-city-danang-place-ba-na-hills,city-v1,Bà Nà Hills,Ba Na Hills,15,0,331,,,
PASS,0,viet-family-city-danang-place-bac-my-an-market,city-v1,Chợ Bắc Mỹ An,Bac My An Market,3,0,193,,,
PASS,0,viet-family-city-danang-place-bach-dang-street,city-v1,Đường Bạch Đằng,Bach Dang Street,3,0,233,,,
PASS,0,viet-family-city-danang-place-ban-co-peak,city-v1,Đỉnh Bàn Cờ,Ban Co Peak,3,0,227,,,
PASS,0,viet-family-city-danang-place-banh-canh-yen,city-v1,Bánh Canh Yến,Banh Canh Yen,3,0,215,,,
PASS,0,viet-family-city-danang-place-banh-mi,city-v1,Bánh mì ở Đà Nẵng,Banh mi,3,0,209,,,
PASS,0,viet-family-city-danang-place-banh-trang-cuon-thit-heo,city-v1,Bánh tráng cuốn thịt heo ở Đà Nẵng,Pork rice-paper rolls,3,0,218,,,
PASS,0,viet-family-city-danang-place-banh-xeo,city-v1,Bánh xèo ở Đà Nẵng,Banh xeo,3,0,205,,,
PASS,0,viet-family-city-danang-place-banh-xeo-ba-duong,city-v1,Bánh xèo Bà Dưỡng,Banh Xeo Ba Duong,3,0,208,,,
PASS,0,viet-family-city-danang-place-be-man,city-v1,Hải sản Bé Mặn,Be Man Seafood,3,0,201,,,
PASS,0,viet-family-city-danang-place-bep-cuon,city-v1,Bếp Cuốn Đà Nẵng,Bep Cuon Da Nang,3,0,213,,,
PASS,0,viet-family-city-danang-place-bep-hen,city-v1,Bếp Hên,Bep Hen,3,0,215,,,
PASS,0,viet-family-city-danang-place-boulevard-gelato-coffee,city-v1,Boulevard Gelato & Coffee,Boulevard Gelato & Coffee,3,0,182,,,
PASS,0,viet-family-city-danang-place-bun-cha-ca,city-v1,Bún chả cá ở Đà Nẵng,Fish-cake noodle soup,4,0,213,,,
PASS,0,viet-family-city-danang-place-bun-cha-ca-109,city-v1,Bún Chả Cá 109,Bun Cha Ca 109,3,0,204,,,
PASS,0,viet-family-city-danang-place-bun-cha-ca-hon,city-v1,Bún Chả Cá Hờn,Bun Cha Ca Hon,3,0,232,,,
PASS,0,viet-family-city-danang-place-bun-rieu-cua-39,city-v1,Bún Riêu Cua 39,Bun Rieu Cua 39,3,0,205,,,
PASS,0,viet-family-city-danang-place-cathedral,city-v1,Nhà thờ Con Gà Đà Nẵng,Da Nang Cathedral,3,0,223,,,
PASS,0,viet-family-city-danang-place-central-bus-station,city-v1,Bến xe Trung tâm Đà Nẵng,Da Nang Central Bus Station,3,0,218,,,
PASS,0,viet-family-city-danang-place-cham-museum,city-v1,Bảo tàng Điêu khắc Chăm,Museum of Cham Sculpture,3,0,192,,,
PASS,0,viet-family-city-danang-place-che-xoa-xoa-hat-luu,city-v1,Chè xoa xoa hạt lựu ở Đà Nẵng,Da Nang sweet soup,3,0,218,,,
PASS,0,viet-family-city-danang-place-co-chu-nho,city-v1,Cô Chủ Nhỏ,Co Chu Nho,3,0,211,,,
PASS,0,viet-family-city-danang-place-con-market,city-v1,Chợ Cồn,Con Market,3,0,175,,,
PASS,0,viet-family-city-danang-place-cong-caphe-bach-dang,city-v1,Cộng Cà Phê Bạch Đằng,Cong Caphe Bach Dang,3,0,235,,,
PASS,0,viet-family-city-danang-place-domestic-terminal,city-v1,Nhà ga quốc nội Đà Nẵng,Da Nang Domestic Terminal,3,0,242,,,
PASS,0,viet-family-city-danang-place-dong-dinh-museum,city-v1,Bảo tàng Đồng Đình,Dong Dinh Museum,3,0,207,,,
PASS,0,viet-family-city-danang-place-dragon-bridge,city-v1,Cầu Rồng,Dragon Bridge,3,0,199,,,
PASS,0,viet-family-city-danang-place-dragon-bridge-fire-show,city-v1,Màn phun lửa Cầu Rồng,Dragon Bridge fire show,3,0,234,,,
PASS,0,viet-family-city-danang-place-dragon-carp-statue,city-v1,Tượng Cá Chép Hóa Rồng,Dragon Carp Statue,3,0,234,,,
PASS,0,viet-family-city-danang-place-fatfish,city-v1,Fatfish,Fatfish Restaurant & Lounge Bar,3,0,237,,,
PASS,0,viet-family-city-danang-place-fine-arts-museum,city-v1,Bảo tàng Mỹ thuật Đà Nẵng,Da Nang Fine Arts Museum,3,0,201,,,
PASS,0,viet-family-city-danang-place-golden-bridge,city-v1,Cầu Vàng,Golden Bridge,3,0,216,,,
PASS,0,viet-family-city-danang-place-hai-chau-district,city-v1,Quận Hải Châu,Hai Chau District,3,0,227,,,
PASS,0,viet-family-city-danang-place-hai-san,city-v1,Hải sản ở Đà Nẵng,Seafood,4,0,224,,,
PASS,0,viet-family-city-danang-place-hai-van-pass,city-v1,Đèo Hải Vân,Hai Van Pass,3,0,227,,,
PASS,0,viet-family-city-danang-place-hai-van-pass-ride,city-v1,Chuyến đi đèo Hải Vân,Hai Van Pass ride,3,0,233,,,
PASS,0,viet-family-city-danang-place-han-market,city-v1,Chợ Hàn,Han Market,3,0,226,,,
PASS,0,viet-family-city-danang-place-han-river,city-v1,Sông Hàn,Han River,3,0,222,,,
PASS,0,viet-family-city-danang-place-han-river-cruise,city-v1,Du thuyền sông Hàn,Han River cruise,3,0,226,,,
PASS,0,viet-family-city-danang-place-helio-night-market,city-v1,Chợ đêm Helio,Helio Night Market,3,0,191,,,
PASS,0,viet-family-city-danang-place-hoa-phu-thanh,city-v1,Khu du lịch Hòa Phú Thành,Hoa Phu Thanh,3,0,206,,,
PASS,0,viet-family-city-danang-place-hoa-trung-lake,city-v1,Hồ Hòa Trung,Hoa Trung Lake,3,0,227,,,
PASS,0,viet-family-city-danang-place-international-terminal,city-v1,Nhà ga quốc tế Đà Nẵng,Da Nang International Terminal,3,0,194,,,
PASS,0,viet-family-city-danang-place-kem-bo,city-v1,Kem bơ ở Đà Nẵng,Avocado ice cream,3,0,207,,,
PASS,0,viet-family-city-danang-place-la-maison-1888,city-v1,La Maison 1888,La Maison 1888,3,0,228,,,
PASS,0,viet-family-city-danang-place-lady-buddha,city-v1,Tượng Phật Bà,Lady Buddha,3,0,220,,,
PASS,0,viet-family-city-danang-place-le-duan-night-market,city-v1,Chợ đêm Lê Duẩn,Le Duan Night Market,3,0,209,,,
PASS,0,viet-family-city-danang-place-linh-ung-pagoda,city-v1,Chùa Linh Ứng,Linh Ung Pagoda,3,0,226,,,
PASS,0,viet-family-city-danang-place-long-coffee,city-v1,Cà phê Long,Long Coffee,3,0,212,,,
PASS,0,viet-family-city-danang-place-lotte-mart,city-v1,Lotte Mart Đà Nẵng,Lotte Mart Da Nang,3,0,177,,,
PASS,0,viet-family-city-danang-place-love-bridge,city-v1,Cầu Tình Yêu,Love Bridge,3,0,203,,,
PASS,0,viet-family-city-danang-place-madame-lan,city-v1,Madame Lân,Madame Lan,3,0,215,,,
PASS,0,viet-family-city-danang-place-man-thai-beach,city-v1,Biển Mân Thái,Man Thai Beach,3,0,242,,,
PASS,0,viet-family-city-danang-place-marble-mountain-cave-walk,city-v1,Hang động Ngũ Hành Sơn,Marble Mountain cave walk,3,0,229,,,
PASS,0,viet-family-city-danang-place-marble-mountains,city-v1,Ngũ Hành Sơn,Marble Mountains,3,0,247,,,
PASS,0,viet-family-city-danang-place-mi-quang,city-v1,Mì Quảng ở Đà Nẵng,Mi Quang,3,0,227,,,
PASS,0,viet-family-city-danang-place-mi-quang-1a,city-v1,Mì Quảng 1A,Mi Quang 1A,3,0,247,,,
PASS,0,viet-family-city-danang-place-moc-quan-seafood,city-v1,MỘC Quán Seafood,MOC Seafood,3,0,205,,,
PASS,0,viet-family-city-danang-place-museum,city-v1,Bảo tàng Đà Nẵng,Da Nang Museum,3,0,192,,,
PASS,0,viet-family-city-danang-place-museum-branch-2,city-v1,Bảo tàng Đà Nẵng - Cơ sở 2,Da Nang Museum Branch 2,3,0,224,,,
PASS,0,viet-family-city-danang-place-my-an,city-v1,Mỹ An,My An,3,0,247,,,
PASS,0,viet-family-city-danang-place-my-an-beach,city-v1,Biển Mỹ An,My An Beach,3,0,231,,,
PASS,0,viet-family-city-danang-place-my-khe,city-v1,Biển Mỹ Khê,My Khe Beach,3,0,225,,,
PASS,0,viet-family-city-danang-place-my-quang-ba-mua,city-v1,Mỳ Quảng Bà Mua,My Quang Ba Mua,3,0,211,,,
PASS,0,viet-family-city-danang-place-my-quang-dung,city-v1,Mỳ Quảng Dung,My Quang Dung,3,0,192,,,
PASS,0,viet-family-city-danang-place-my-quang-sua-hong-van,city-v1,Mỳ Quảng Sứa Hồng Vân,My Quang Sua Hong Van,3,0,212,,,
PASS,0,viet-family-city-danang-place-nam-danh-seafood,city-v1,Hải sản Năm Đảnh,Nam Danh Seafood,3,0,207,,,
PASS,0,viet-family-city-danang-place-nam-house,city-v1,Nam House Cafe,Nam House Cafe,3,0,224,,,
PASS,0,viet-family-city-danang-place-nam-o-fish-sauce-village,city-v1,Làng nghề nước mắm Nam Ô,Nam O fish sauce village,3,0,240,,,
PASS,0,viet-family-city-danang-place-nam-o-reef,city-v1,Rạn Nam Ô,Nam O Reef,3,0,236,,,
PASS,0,viet-family-city-danang-place-nem-lui,city-v1,Nem lụi ở Đà Nẵng,Lemongrass pork skewers,3,0,215,,,
PASS,0,viet-family-city-danang-place-nen,city-v1,Nén Đà Nẵng,Nen Da Nang,3,0,216,,,
PASS,0,viet-family-city-danang-place-ngu-hanh-son-district,city-v1,Quận Ngũ Hành Sơn,Ngu Hanh Son District,3,0,233,,,
PASS,0,viet-family-city-danang-place-nguyen-hien-dinh-tuong-theatre,city-v1,Nhà hát Tuồng Nguyễn Hiển Dĩnh,Nguyen Hien Dinh Tuong Theatre,3,0,220,,,
PASS,0,viet-family-city-danang-place-nguyen-van-linh-street,city-v1,Đường Nguyễn Văn Linh,Nguyen Van Linh Street,3,0,253,,,
PASS,0,viet-family-city-danang-place-non-nuoc-beach,city-v1,Biển Non Nước,Non Nuoc Beach,3,0,219,,,
PASS,0,viet-family-city-danang-place-non-nuoc-stone-village,city-v1,Làng đá Non Nước,Non Nuoc Stone Carving Village,3,0,234,,,
PASS,0,viet-family-city-danang-place-oc-hut,city-v1,Ốc hút ở Đà Nẵng,Stirred snails,3,0,225,,,
PASS,0,viet-family-city-danang-place-pham-van-dong-beach,city-v1,Biển Phạm Văn Đồng,Pham Van Dong Beach,3,0,230,,,
PASS,0,viet-family-city-danang-place-phap-lam-pagoda,city-v1,Chùa Pháp Lâm,Phap Lam Pagoda,3,0,210,,,
PASS,0,viet-family-city-danang-place-phuoc-my,city-v1,Phước Mỹ,Phuoc My,3,0,229,,,
PASS,0,viet-family-city-danang-place-railway-station,city-v1,Ga Đà Nẵng,Da Nang Railway Station,3,0,222,,,
PASS,0,viet-family-city-danang-place-reply-1988,city-v1,Reply 1988 Cafe,Reply 1988 Cafe,3,0,192,,,
PASS,0,viet-family-city-danang-place-six-on-six,city-v1,Six On Six Cafe,Six On Six Cafe,3,0,219,,,
PASS,0,viet-family-city-danang-place-son-tra,city-v1,Bán đảo Sơn Trà,Son Tra Peninsula,3,0,216,,,
PASS,0,viet-family-city-danang-place-son-tra-district,city-v1,Quận Sơn Trà,Son Tra District,3,0,240,,,
PASS,0,viet-family-city-danang-place-son-tra-night-market,city-v1,Chợ đêm Sơn Trà,Son Tra Night Market,3,0,196,,,
PASS,0,viet-family-city-danang-place-son-tra-wildlife-drive,city-v1,Chuyến đi Sơn Trà,Son Tra wildlife drive,3,0,238,,,
PASS,0,viet-family-city-danang-place-thanh-binh-beach,city-v1,Biển Thanh Bình,Thanh Binh Beach,3,0,224,,,
PASS,0,viet-family-city-danang-place-the-temptation,city-v1,The Temptation,The Temptation,3,0,220,,,
PASS,0,viet-family-city-danang-place-thuan-phuoc-bridge,city-v1,Cầu Thuận Phước,Thuan Phuoc Bridge,3,0,230,,,
PASS,0,viet-family-city-danang-place-tien-sa-port,city-v1,Cảng Tiên Sa,Tien Sa Port,3,0,228,,,
PASS,0,viet-family-city-danang-place-tran-hung-dao-street,city-v1,Đường Trần Hưng Đạo,Tran Hung Dao Street,3,0,232,,,
PASS,0,viet-family-city-danang-place-tran-thi-ly-bridge,city-v1,Cầu Trần Thị Lý,Tran Thi Ly Bridge,3,0,231,,,
PASS,0,viet-family-city-danang-place-trung-vuong-theatre,city-v1,Nhà hát Trưng Vương,Trung Vuong Theatre,3,0,224,,,
PASS,0,viet-family-city-danang-place-vincom-plaza,city-v1,Vincom Plaza Đà Nẵng,Vincom Plaza Da Nang,3,0,216,,,
PASS,0,viet-family-city-danang-place-vo-nguyen-giap-street,city-v1,Đường Võ Nguyên Giáp,Vo Nguyen Giap Street,3,0,245,,,
PASS,0,viet-family-city-danang-place-wonderlust,city-v1,Wonderlust,Wonderlust,3,0,177,,,
PASS,0,viet-family-city-danang-place-yen-retreat,city-v1,Yên Retreat,Yen Retreat,3,0,199,,,
PASS,0,viet-family-city-danang-reservation-nen,city-v1,Tôi có đặt bàn ở Nén Đà Nẵng,I have a reservation at Nén Đà Nẵng,5,6,139,,,
PASS,0,viet-family-city-danang-stop-airport,city-v1,Dừng ở Sân bay Đà Nẵng,Stop at Da Nang Airport,5,3,122,,,
PASS,0,viet-family-city-danang-stop-bach-dang-street,city-v1,Dừng ở Đường Bạch Đằng,Stop at Bach Dang Street,5,3,113,,,
PASS,0,viet-family-city-danang-stop-con-market,city-v1,Dừng ở Chợ Cồn,Stop at Con Market,5,3,95,,,
PASS,0,viet-family-city-danang-stop-han-market,city-v1,Dừng ở chợ Hàn,Stop at Han Market,5,3,92,,,
PASS,0,viet-family-city-danang-stop-helio-night-market,city-v1,Dừng ở Chợ đêm Helio,Stop at Helio Night Market,5,3,113,,,
PASS,0,viet-family-city-danang-stop-nen,city-v1,Cho tôi xuống gần nhà hàng Nén Đà Nẵng.,Let me off near Nén Đà Nẵng restaurant.,5,7,142,,,
PASS,0,viet-family-city-danang-stop-nguyen-van-linh-street,city-v1,Dừng ở Đường Nguyễn Văn Linh,Stop at Nguyen Van Linh Street,4,3,114,,,
PASS,0,viet-family-city-danang-stop-railway-station,city-v1,Dừng ở Ga Đà Nẵng,Stop at Da Nang Railway Station,2,3,83,,,
PASS,0,viet-family-city-danang-to-airport,city-v1,Cho tôi đến sân bay Đà Nẵng,Please take me to Da Nang Airport,5,5,123,,,
PASS,0,viet-family-city-danang-where-airport,city-v1,Sân bay Đà Nẵng ở đâu?,Where is Da Nang Airport?,5,3,111,,,
PASS,0,viet-family-city-danang-where-ba-na-hills,editorial-model-support,Bà Nà Hills ở đâu?,Where is Ba Na Hills?,6,3,259,,,
PASS,0,viet-family-city-danang-where-bach-dang-street,city-v1,Đường Bạch Đằng ở đâu?,Where is Bach Dang Street?,5,3,113,,,
PASS,0,viet-family-city-danang-where-con-market,city-v1,Chợ Cồn ở đâu?,Where is Con Market?,5,3,95,,,
PASS,0,viet-family-city-danang-where-han-market,city-v1,Chợ Hàn ở đâu?,Where is Han Market?,5,3,89,,,
PASS,0,viet-family-city-danang-where-helio-night-market,city-v1,Chợ đêm Helio ở đâu?,Where is Helio Night Market?,5,3,113,,,
PASS,0,viet-family-city-danang-where-nen,city-v1,Nhà hàng Nén Đà Nẵng ở đâu?,Where is Nén Đà Nẵng?,5,4,117,,,
PASS,0,viet-family-city-danang-where-nguyen-van-linh-street,city-v1,Đường Nguyễn Văn Linh ở đâu?,Where is Nguyen Van Linh Street?,4,3,114,,,
PASS,0,viet-family-city-danang-where-son-tra-night-market,city-v1,Chợ đêm Sơn Trà ở đâu?,Where is Son Tra Night Market?,3,3,102,,,
PASS,0,viet-family-city-danang-where-vo-nguyen-giap-street,city-v1,Đường Võ Nguyên Giáp ở đâu?,Where is Vo Nguyen Giap Street?,3,3,102,,,
PASS,0,viet-family-city-hanoi-atm-bun-cha-huong-lien,city-v1,Có ATM gần Bún chả Hương Liên không?,Is there an ATM near Bun Cha Huong Lien?,5,6,149,,,
PASS,0,viet-family-city-hanoi-atm-cha-ca-thang-long,city-v1,Có ATM gần Chả cá Thăng Long không?,Is there an ATM near Cha Ca Thang Long?,5,6,149,,,
PASS,0,viet-family-city-hanoi-atm-dong-xuan-market,city-v1,Có ATM gần Chợ Đồng Xuân không?,Is there an ATM near Dong Xuan Market?,5,6,129,,,
PASS,0,viet-family-city-hanoi-atm-giang-cafe,city-v1,Có ATM gần Cà phê Giảng không?,Is there an ATM near Giang Cafe?,5,6,121,,,
PASS,0,viet-family-city-hanoi-atm-hang-bac-street,city-v1,Có ATM gần Phố Hàng Bạc không?,Is there an ATM near Hang Bac Street?,5,6,126,,,
PASS,0,viet-family-city-hanoi-atm-hang-gai-street,city-v1,Có ATM gần Phố Hàng Gai không?,Is there an ATM near Hang Gai Street?,5,6,131,,,
PASS,0,viet-family-city-hanoi-atm-long-bien-market,city-v1,Có ATM gần Chợ Long Biên không?,Is there an ATM near Long Bien Market?,5,6,129,,,
PASS,0,viet-family-city-hanoi-atm-old-quarter,city-v1,Có ATM gần phố cổ Hà Nội không?,Is there an ATM near Hanoi Old Quarter?,5,6,132,,,
PASS,0,viet-family-city-hanoi-buy-gift-hang-gai,city-v1,Tôi muốn mua quà ở Hàng Gai,I want to buy gifts on Hang Gai,5,8,129,,,
PASS,0,viet-family-city-hanoi-eat-near-bun-cha-huong-lien,city-v1,Ăn gần Bún chả Hương Liên,Eat near Bun Cha Huong Lien,5,4,134,,,
PASS,0,viet-family-city-hanoi-eat-near-cha-ca-thang-long,city-v1,Ăn gần Chả cá Thăng Long,Eat near Cha Ca Thang Long,5,4,134,,,
PASS,0,viet-family-city-hanoi-eat-near-dong-xuan-market,city-v1,Ăn gần Chợ Đồng Xuân,Eat near Dong Xuan Market,5,4,109,,,
PASS,0,viet-family-city-hanoi-entrance-dong-xuan-market,city-v1,Lối vào Chợ Đồng Xuân ở đâu?,Where is the entrance to Dong Xuan Market?,5,4,126,,,
PASS,0,viet-family-city-hanoi-entrance-long-bien-market,city-v1,Lối vào Chợ Long Biên ở đâu?,Where is the entrance to Long Bien Market?,5,4,126,,,
PASS,0,viet-family-city-hanoi-go-bun-cha-huong-lien,city-v1,Cho tôi đến nhà hàng Bún chả Hương Liên.,Please take me to Bún chả Hương Liên restaurant.,5,6,148,,,
PASS,0,viet-family-city-hanoi-go-cha-ca-thang-long,city-v1,Cho tôi đến nhà hàng Chả cá Thăng Long.,Please take me to Chả cá Thăng Long restaurant.,5,6,148,,,
PASS,0,viet-family-city-hanoi-go-dong-xuan-market,city-v1,Đi Chợ Đồng Xuân,Go to Dong Xuan Market,5,3,115,,,
PASS,0,viet-family-city-hanoi-go-giang-cafe,city-v1,Đi Cà phê Giảng,Go to Giang Cafe,5,3,110,,,
PASS,0,viet-family-city-hanoi-go-hang-bac-street,city-v1,Đi Phố Hàng Bạc,Go to Hang Bac Street,5,3,115,,,
PASS,0,viet-family-city-hanoi-go-hang-gai-street,city-v1,Đi Phố Hàng Gai,Go to Hang Gai Street,5,3,120,,,
PASS,0,viet-family-city-hanoi-go-long-bien-market,city-v1,Đi Chợ Long Biên,Go to Long Bien Market,5,3,115,,,
PASS,0,viet-family-city-hanoi-go-noi-bai-airport,city-v1,Đi Sân bay Nội Bài,Go to Noi Bai Airport,3,3,95,,,
PASS,0,viet-family-city-hanoi-go-old-quarter,city-v1,Đi Phố cổ Hà Nội,Go to Hanoi Old Quarter,5,3,122,,,
PASS,0,viet-family-city-hanoi-go-phan-dinh-phung-street,city-v1,Đi Phố Phan Đình Phùng,Go to Phan Dinh Phung Street,3,3,102,,,
PASS,0,viet-family-city-hanoi-go-pho-bat-dan,city-v1,Cho tôi đến nhà hàng Phở Bát Đàn.,Please take me to Phở Bát Đàn restaurant.,5,6,127,,,
PASS,0,viet-family-city-hanoi-go-ta-hien,city-v1,Đi phố Tạ Hiện,Go to Ta Hien Street,3,3,76,,,
PASS,0,viet-family-city-hanoi-go-tam-vi,city-v1,Cho tôi đến nhà hàng Tầm Vị.,Please take me to Tầm Vị restaurant.,5,6,121,,,
PASS,0,viet-family-city-hanoi-go-tay-ho,city-v1,Đi Tây Hồ,Go to Tay Ho,3,3,74,,,
PASS,0,viet-family-city-hanoi-go-train-street,city-v1,Đi Phố đường tàu Hà Nội,Go to Hanoi Train Street,3,3,100,,,
PASS,0,viet-family-city-hanoi-near-dong-xuan-market,city-v1,Chợ Đồng Xuân gần đây không?,Is Dong Xuan Market near here?,5,4,123,,,
PASS,0,viet-family-city-hanoi-near-hang-bac-street,city-v1,Phố Hàng Bạc gần đây không?,Is Hang Bac Street near here?,5,4,123,,,
PASS,0,viet-family-city-hanoi-near-hang-gai-street,city-v1,Phố Hàng Gai gần đây không?,Is Hang Gai Street near here?,5,4,128,,,
PASS,0,viet-family-city-hanoi-near-long-bien-market,city-v1,Chợ Long Biên gần đây không?,Is Long Bien Market near here?,5,4,123,,,
PASS,0,viet-family-city-hanoi-near-old-quarter,city-v1,Phố cổ Hà Nội gần đây không?,Is Hanoi Old Quarter near here?,5,4,123,,,
PASS,0,viet-family-city-hanoi-pharmacy-dong-xuan,city-v1,Có nhà thuốc gần chợ Đồng Xuân không?,Is there a pharmacy near Dong Xuan Market?,5,6,127,,,
PASS,0,viet-family-city-hanoi-place-ba-dinh-district,city-v1,Quận Ba Đình,Ba Dinh District,3,0,221,,,
PASS,0,viet-family-city-hanoi-place-ba-dinh-square,city-v1,Quảng trường Ba Đình,Ba Dinh Square,3,0,227,,,
PASS,0,viet-family-city-hanoi-place-banh-cuon,city-v1,Bánh cuốn ở Hà Nội,Steamed rice rolls,3,0,209,,,
PASS,0,viet-family-city-hanoi-place-banh-cuon-ba-hoanh,city-v1,Bánh Cuốn Bà Hoành,Banh Cuon Ba Hoanh,3,0,207,,,
PASS,0,viet-family-city-hanoi-place-banh-cuon-ba-xuan,city-v1,Bánh Cuốn Bà Xuân,Banh Cuon Ba Xuan,3,0,220,,,
PASS,0,viet-family-city-hanoi-place-bay-mau-lake,city-v1,Hồ Bảy Mẫu,Bay Mau Lake,3,0,202,,,
PASS,0,viet-family-city-hanoi-place-bia-hoi,city-v1,Bia hơi Hà Nội,Fresh beer,3,0,198,,,
PASS,0,viet-family-city-hanoi-place-botanical-garden,city-v1,Vườn Bách Thảo Hà Nội,Hanoi Botanical Garden,3,0,174,,,
PASS,0,viet-family-city-hanoi-place-bun-cha,city-v1,Bún chả ở Hà Nội,Bun cha,4,0,176,,,
PASS,0,viet-family-city-hanoi-place-bun-cha-dac-kim,city-v1,Bún Chả Đắc Kim,Bun Cha Dac Kim,3,0,219,,,
PASS,0,viet-family-city-hanoi-place-bun-cha-huong-lien,city-v1,Bún chả Hương Liên,Bun Cha Huong Lien,3,0,236,,,
PASS,0,viet-family-city-hanoi-place-bun-cha-ta,city-v1,Bún Chả Ta,Bun Cha Ta,3,0,228,,,
PASS,0,viet-family-city-hanoi-place-bun-thang,city-v1,Bún thang ở Hà Nội,Bun thang,3,0,179,,,
PASS,0,viet-family-city-hanoi-place-ca-phe-sua-da,city-v1,Cà phê sữa đá ở Hà Nội,Iced milk coffee,4,0,217,,,
PASS,0,viet-family-city-hanoi-place-cha-ca,city-v1,Chả cá ở Hà Nội,Turmeric dill fish,3,0,200,,,
PASS,0,viet-family-city-hanoi-place-cha-ca-thang-long,city-v1,Chả cá Thăng Long,Cha Ca Thang Long,3,0,200,,,
PASS,0,viet-family-city-hanoi-place-cho-buoi-market,city-v1,Chợ Bưởi,Buoi Market,3,0,196,,,
PASS,0,viet-family-city-hanoi-place-coffee-hop,city-v1,Đi cà phê Hà Nội,Hanoi coffee hop,3,0,203,,,
PASS,0,viet-family-city-hanoi-place-cong-ca-phe-trieu-viet-vuong,city-v1,Cộng Cà Phê,Cong Ca Phe,3,0,208,,,
PASS,0,viet-family-city-hanoi-place-cyclo-old-quarter,city-v1,Xích lô phố cổ,Old Quarter cyclo ride,3,0,214,,,
PASS,0,viet-family-city-hanoi-place-dinh-cafe,city-v1,Cà phê Đinh,Dinh Cafe,3,0,191,,,
PASS,0,viet-family-city-hanoi-place-dong-da,city-v1,Đống Đa,Dong Da,3,0,209,,,
PASS,0,viet-family-city-hanoi-place-dong-xuan,city-v1,Chợ Đồng Xuân,Dong Xuan Market,3,0,177,,,
PASS,0,viet-family-city-hanoi-place-egg-coffee,city-v1,Cà phê trứng ở Hà Nội,Egg coffee,4,0,219,,,
PASS,0,viet-family-city-hanoi-place-ethnology-museum,city-v1,Bảo tàng Dân tộc học,Vietnam Museum of Ethnology,3,0,198,,,
PASS,0,viet-family-city-hanoi-place-french-quarter,city-v1,Khu phố Pháp,French Quarter,3,0,211,,,
PASS,0,viet-family-city-hanoi-place-french-quarter-walk,city-v1,Đi bộ khu phố Pháp,French Quarter walk,3,0,172,,,
PASS,0,viet-family-city-hanoi-place-gia,city-v1,Gia,Gia,3,0,201,,,
PASS,0,viet-family-city-hanoi-place-gia-lam-station,city-v1,Ga Gia Lâm,Gia Lam Railway Station,3,0,190,,,
PASS,0,viet-family-city-hanoi-place-giang-cafe,city-v1,Cà phê Giảng,Cafe Giang,3,0,221,,,
PASS,0,viet-family-city-hanoi-place-giap-bat-bus-station,city-v1,Bến xe Giáp Bát,Giap Bat Bus Station,3,0,199,,,
PASS,0,viet-family-city-hanoi-place-hang-bac-street,city-v1,Phố Hàng Bạc,Hang Bac Street,3,0,182,,,
PASS,0,viet-family-city-hanoi-place-hang-da-market,city-v1,Chợ Hàng Da,Hang Da Market,3,0,204,,,
PASS,0,viet-family-city-hanoi-place-hang-gai-street,city-v1,Phố Hàng Gai,Hang Gai Street,3,0,191,,,
PASS,0,viet-family-city-hanoi-place-hanoi-flag-tower,city-v1,Cột cờ Hà Nội,Hanoi Flag Tower,3,0,192,,,
PASS,0,viet-family-city-hanoi-place-hanoi-railway-station,city-v1,Ga Hà Nội,Hanoi Railway Station,3,0,177,,,
PASS,0,viet-family-city-hanoi-place-hibana-by-koki,city-v1,Hibana by Koki,Hibana by Koki,3,0,223,,,
PASS,0,viet-family-city-hanoi-place-ho-chi-minh-mausoleum,city-v1,Lăng Bác,Ho Chi Minh Mausoleum,3,0,198,,,
PASS,0,viet-family-city-hanoi-place-ho-chi-minh-museum,city-v1,Bảo tàng Hồ Chí Minh,Ho Chi Minh Museum,3,0,186,,,
PASS,0,viet-family-city-hanoi-place-hoa-lo-prison,city-v1,Nhà tù Hỏa Lò,Hoa Lo Prison Relic,3,0,197,,,
PASS,0,viet-family-city-hanoi-place-hoan-kiem,city-v1,Hồ Hoàn Kiếm,Hoan Kiem Lake,3,0,193,,,
PASS,0,viet-family-city-hanoi-place-hom-market,city-v1,Chợ Hôm,Hom Market,3,0,199,,,
PASS,0,viet-family-city-hanoi-place-imperial-citadel,city-v1,Hoàng thành Thăng Long,Imperial Citadel of Thang Long,3,0,191,,,
PASS,0,viet-family-city-hanoi-place-lam-cafe,city-v1,Cà phê Lâm,Lam Cafe,3,0,226,,,
PASS,0,viet-family-city-hanoi-place-lamai-garden,city-v1,Lamai Garden,Lamai Garden,3,0,184,,,
PASS,0,viet-family-city-hanoi-place-lenin-park,city-v1,Công viên Lê Nin,Lenin Park,3,0,194,,,
PASS,0,viet-family-city-hanoi-place-literature-museum,city-v1,Bảo tàng Văn học Việt Nam,Vietnam Literature Museum,3,0,177,,,
PASS,0,viet-family-city-hanoi-place-loading-t-cafe,city-v1,Loading T Cafe,Loading T Cafe,3,0,198,,,
PASS,0,viet-family-city-hanoi-place-long-bien-bridge,city-v1,Cầu Long Biên,Long Bien Bridge,3,0,186,,,
PASS,0,viet-family-city-hanoi-place-long-bien-market,city-v1,Chợ Long Biên,Long Bien Market,3,0,168,,,
PASS,0,viet-family-city-hanoi-place-manzi-art-space,city-v1,Manzi,Manzi Art Space,3,0,196,,,
PASS,0,viet-family-city-hanoi-place-mien-luon,city-v1,Miến lươn ở Hà Nội,Eel glass noodles,3,0,200,,,
PASS,0,viet-family-city-hanoi-place-mien-luon-chan-cam,city-v1,Miến lươn Chân Cầm,Mien Luon Chan Cam,3,0,228,,,
PASS,0,viet-family-city-hanoi-place-my-dinh-bus-station,city-v1,Bến xe Mỹ Đình,My Dinh Bus Station,3,0,193,,,
PASS,0,viet-family-city-hanoi-place-nang-cafe,city-v1,Cà phê Năng,Nang Cafe,3,0,221,,,
PASS,0,viet-family-city-hanoi-place-national-museum-history,city-v1,Bảo tàng Lịch sử Quốc gia,Vietnam National Museum of History,3,0,198,,,
PASS,0,viet-family-city-hanoi-place-nem-cua-be,city-v1,Nem cua bể ở Hà Nội,Crab spring rolls,3,0,183,,,
PASS,0,viet-family-city-hanoi-place-ngoc-son-temple,city-v1,Đền Ngọc Sơn,Ngoc Son Temple,3,0,202,,,
PASS,0,viet-family-city-hanoi-place-nguyen-huu-huan-street,city-v1,Phố Nguyễn Hữu Huân,Nguyen Huu Huan Street,3,0,199,,,
PASS,0,viet-family-city-hanoi-place-night-market-walk,city-v1,Đi chợ đêm phố cổ,Old Quarter night market walk,3,0,172,,,
PASS,0,viet-family-city-hanoi-place-noi-bai-airport,city-v1,Sân bay Nội Bài,Noi Bai International Airport,3,0,185,,,
PASS,0,viet-family-city-hanoi-place-nuoc-ngam-bus-station,city-v1,Bến xe Nước Ngầm,Nuoc Ngam Bus Station,3,0,182,,,
PASS,0,viet-family-city-hanoi-place-old-quarter,city-v1,Phố cổ Hà Nội,Old Quarter,3,0,192,,,
PASS,0,viet-family-city-hanoi-place-old-quarter-walking-tour,city-v1,Tuyến đi bộ Phố cổ,Old Quarter walking route,3,0,183,,,
PASS,0,viet-family-city-hanoi-place-one-pillar-pagoda,city-v1,Chùa Một Cột,One Pillar Pagoda,3,0,199,,,
PASS,0,viet-family-city-hanoi-place-opera-house,city-v1,Nhà hát Lớn Hà Nội,Hanoi Opera House,3,0,164,,,
PASS,0,viet-family-city-hanoi-place-phan-dinh-phung-street,city-v1,Phố Phan Đình Phùng,Phan Dinh Phung Street,3,0,186,,,
PASS,0,viet-family-city-hanoi-place-pho-10-ly-quoc-su,city-v1,Phở 10 Lý Quốc Sư,Pho 10 Ly Quoc Su,3,0,230,,,
PASS,0,viet-family-city-hanoi-place-pho-bat-dan,city-v1,Phở Bát Đàn,Pho Bat Dan,3,0,210,,,
PASS,0,viet-family-city-hanoi-place-pho-bo,city-v1,Phở bò ở Hà Nội,Beef pho,4,0,192,,,
PASS,0,viet-family-city-hanoi-place-pho-bo-lam,city-v1,Phở Bò Lâm,Pho Bo Lam,3,0,209,,,
PASS,0,viet-family-city-hanoi-place-pho-ga,city-v1,Phở gà ở Hà Nội,Chicken pho,4,0,183,,,
PASS,0,viet-family-city-hanoi-place-pho-ga-nguyet,city-v1,Phở Gà Nguyệt,Pho Ga Nguyet,3,0,197,,,
PASS,0,viet-family-city-hanoi-place-pho-gia-truyen,city-v1,Phở Gia Truyền,Pho Gia Truyen,3,0,218,,,
PASS,0,viet-family-city-hanoi-place-quan-thanh-temple,city-v1,Đền Quán Thánh,Quan Thanh Temple,3,0,179,,,
PASS,0,viet-family-city-hanoi-place-quang-ba-flower-market,city-v1,Chợ hoa Quảng Bá,Quang Ba Flower Market,3,0,191,,,
PASS,0,viet-family-city-hanoi-place-red-river,city-v1,Sông Hồng,Red River,3,0,183,,,
PASS,0,viet-family-city-hanoi-place-st-joseph-cathedral,city-v1,Nhà thờ Lớn Hà Nội,St. Joseph's Cathedral,3,0,180,,,
PASS,0,viet-family-city-hanoi-place-street-food-walk,city-v1,Đi bộ ăn vặt Hà Nội,Hanoi street-food walk,3,0,197,,,
PASS,0,viet-family-city-hanoi-place-ta-hien,city-v1,Phố Tạ Hiện,Ta Hien Street,3,0,194,,,
PASS,0,viet-family-city-hanoi-place-tam-vi,city-v1,Tầm Vị,Tam Vi,3,0,197,,,
PASS,0,viet-family-city-hanoi-place-tay-ho,city-v1,Tây Hồ,Tay Ho,3,0,229,,,
PASS,0,viet-family-city-hanoi-place-temple-literature,city-v1,Văn Miếu,Temple of Literature,3,0,181,,,
PASS,0,viet-family-city-hanoi-place-the-note-coffee,city-v1,The Note Coffee,The Note Coffee,3,0,185,,,
PASS,0,viet-family-city-hanoi-place-thong-nhat-park,city-v1,Công viên Thống Nhất,Thong Nhat Park,3,0,208,,,
PASS,0,viet-family-city-hanoi-place-train-street,city-v1,Phố đường tàu Hà Nội,Hanoi Train Street,3,0,183,,,
PASS,0,viet-family-city-hanoi-place-tran-quoc-pagoda,city-v1,Chùa Trấn Quốc,Tran Quoc Pagoda,3,0,188,,,
PASS,0,viet-family-city-hanoi-place-trang-tien-plaza,city-v1,Tràng Tiền Plaza,Trang Tien Plaza,3,0,192,,,
PASS,0,viet-family-city-hanoi-place-trang-tien-street,city-v1,Phố Tràng Tiền,Trang Tien Street,3,0,186,,,
PASS,0,viet-family-city-hanoi-place-trieu-viet-vuong-coffee-street,city-v1,Phố cà phê Triệu Việt Vương,Trieu Viet Vuong Coffee Street,3,0,195,,,
PASS,0,viet-family-city-hanoi-place-truc-bach-lake,city-v1,Hồ Trúc Bạch,Truc Bach Lake,3,0,203,,,
PASS,0,viet-family-city-hanoi-place-turtle-tower,city-v1,Tháp Rùa,Turtle Tower,3,0,193,,,
PASS,0,viet-family-city-hanoi-place-tuyet-bun-cha-34,city-v1,Tuyết Bún Chả 34,Tuyet Bun Cha 34,3,0,215,,,
PASS,0,viet-family-city-hanoi-place-udam,city-v1,Ưu Đàm,Uu Dam,3,0,193,,,
PASS,0,viet-family-city-hanoi-place-vietnam-art-gallery,city-v1,Vietnam Art Gallery,Vietnam Art Gallery,3,0,224,,,
PASS,0,viet-family-city-hanoi-place-vietnam-circus,city-v1,Rạp Xiếc Trung ương,Vietnam Central Circus,3,0,159,,,
PASS,0,viet-family-city-hanoi-place-vietnam-fine-arts-museum,city-v1,Bảo tàng Mỹ thuật Việt Nam,Vietnam Fine Arts Museum,3,0,189,,,
PASS,0,viet-family-city-hanoi-place-vietnam-military-history-museum,city-v1,Bảo tàng Lịch sử Quân sự Việt Nam,Vietnam Military History Museum,3,0,204,,,
PASS,0,viet-family-city-hanoi-place-vietnam-national-tuong-theatre,city-v1,Nhà hát Tuồng Việt Nam,Vietnam National Tuong Theatre,3,0,188,,,
PASS,0,viet-family-city-hanoi-place-water-puppet-theatre,city-v1,Nhà hát Múa rối Thăng Long,Thang Long Water Puppet Theatre,3,0,186,,,
PASS,0,viet-family-city-hanoi-place-weekend-night-market,city-v1,Chợ đêm phố cổ Hà Nội,Hanoi Weekend Night Market,3,0,178,,,
PASS,0,viet-family-city-hanoi-place-west-lake,city-v1,Hồ Tây,West Lake,3,0,192,,,
PASS,0,viet-family-city-hanoi-place-west-lake-loop,city-v1,Vòng Hồ Tây,West Lake loop,3,0,197,,,
PASS,0,viet-family-city-hanoi-place-womens-museum,city-v1,Bảo tàng Phụ nữ Việt Nam,Vietnamese Women's Museum,3,0,169,,,
PASS,0,viet-family-city-hanoi-place-xoi-xeo,city-v1,Xôi xéo ở Hà Nội,Sticky rice with mung bean,3,0,182,,,
PASS,0,viet-family-city-hanoi-place-yen-so-park,city-v1,Công viên Yên Sở,Yen So Park,3,0,195,,,
PASS,0,viet-family-city-hanoi-reservation-tam-vi,city-v1,Tôi có đặt bàn ở Tầm Vị,I have a reservation at Tam Vi,5,6,124,,,
PASS,0,viet-family-city-hanoi-stop-bun-cha-huong-lien,city-v1,Cho tôi xuống gần nhà hàng Bún chả Hương Liên.,Let me off near Bún chả Hương Liên restaurant.,5,7,155,,,
PASS,0,viet-family-city-hanoi-stop-cha-ca-thang-long,city-v1,Cho tôi xuống gần nhà hàng Chả cá Thăng Long.,Let me off near Chả cá Thăng Long restaurant.,5,7,155,,,
PASS,0,viet-family-city-hanoi-stop-dong-xuan-market,city-v1,Dừng ở Chợ Đồng Xuân,Stop at Dong Xuan Market,5,3,113,,,
PASS,0,viet-family-city-hanoi-stop-giang-cafe,city-v1,Dừng ở Cà phê Giảng,Stop at Giang Cafe,5,3,105,,,
PASS,0,viet-family-city-hanoi-stop-hang-bac-street,city-v1,Dừng ở Phố Hàng Bạc,Stop at Hang Bac Street,5,3,113,,,
PASS,0,viet-family-city-hanoi-stop-hang-gai-street,city-v1,Dừng ở Phố Hàng Gai,Stop at Hang Gai Street,5,3,118,,,
PASS,0,viet-family-city-hanoi-stop-long-bien-market,city-v1,Dừng ở Chợ Long Biên,Stop at Long Bien Market,5,3,113,,,
PASS,0,viet-family-city-hanoi-stop-noi-bai-airport,city-v1,Dừng ở Sân bay Nội Bài,Stop at Noi Bai Airport,3,3,93,,,
PASS,0,viet-family-city-hanoi-stop-old-quarter,city-v1,Dừng ở phố cổ Hà Nội,Stop in Hanoi Old Quarter,5,3,114,,,
PASS,0,viet-family-city-hanoi-stop-phan-dinh-phung-street,city-v1,Dừng ở Phố Phan Đình Phùng,Stop at Phan Dinh Phung Street,3,3,100,,,
PASS,0,viet-family-city-hanoi-stop-pho-bat-dan,city-v1,Cho tôi xuống gần nhà hàng Phở Bát Đàn.,Let me off near Phở Bát Đàn restaurant.,5,7,136,,,
PASS,0,viet-family-city-hanoi-stop-ta-hien-street,city-v1,Dừng ở Phố Tạ Hiện,Stop at Ta Hien Street,3,3,86,,,
PASS,0,viet-family-city-hanoi-stop-tam-vi,city-v1,Cho tôi xuống gần nhà hàng Tầm Vị.,Let me off near Tầm Vị restaurant.,5,7,124,,,
PASS,0,viet-family-city-hanoi-stop-tay-ho,city-v1,Dừng ở Tây Hồ,Stop at Tay Ho,3,3,72,,,
PASS,0,viet-family-city-hanoi-stop-train-street,city-v1,Dừng ở Phố đường tàu Hà Nội,Stop at Hanoi Train Street,3,3,98,,,
PASS,0,viet-family-city-hanoi-where-bun-cha-huong-lien,city-v1,Bún chả Hương Liên ở đâu?,Where is Bun Cha Huong Lien?,5,3,136,,,
PASS,0,viet-family-city-hanoi-where-cha-ca-thang-long,city-v1,Chả cá Thăng Long ở đâu?,Where is Cha Ca Thang Long?,5,3,136,,,
PASS,0,viet-family-city-hanoi-where-dong-xuan,city-v1,Chợ Đồng Xuân ở đâu?,Where is Dong Xuan Market?,5,3,105,,,
PASS,0,viet-family-city-hanoi-where-giang-cafe,city-v1,Quán cà phê Giảng ở đâu?,Where is Giang Cafe?,5,4,104,,,
PASS,0,viet-family-city-hanoi-where-hang-bac,city-v1,Phố Hàng Bạc ở đâu?,Where is Hang Bac Street?,5,3,109,,,
PASS,0,viet-family-city-hanoi-where-hang-gai-street,city-v1,Phố Hàng Gai ở đâu?,Where is Hang Gai Street?,5,3,119,,,
PASS,0,viet-family-city-hanoi-where-long-bien-market,city-v1,Chợ Long Biên ở đâu?,Where is Long Bien Market?,5,3,113,,,
PASS,0,viet-family-city-hanoi-where-noi-bai-airport,city-v1,Sân bay Nội Bài ở đâu?,Where is Noi Bai Airport?,3,3,93,,,
PASS,0,viet-family-city-hanoi-where-old-quarter,city-v1,Phố cổ Hà Nội ở đâu?,Where is Hanoi Old Quarter?,5,3,120,,,
PASS,0,viet-family-city-hanoi-where-phan-dinh-phung-street,city-v1,Phố Phan Đình Phùng ở đâu?,Where is Phan Dinh Phung Street?,3,3,100,,,
PASS,0,viet-family-city-hanoi-where-pho-bat-dan,city-v1,Phở Bát Đàn ở đâu?,Where is Pho Bat Dan?,5,3,115,,,
PASS,0,viet-family-city-hanoi-where-ta-hien-street,city-v1,Phố Tạ Hiện ở đâu?,Where is Ta Hien Street?,3,3,86,,,
PASS,0,viet-family-city-hanoi-where-tam-vi,city-v1,Tầm Vị ở đâu?,Where is Tam Vi?,5,3,109,,,
PASS,0,viet-family-city-hanoi-where-tay-ho,city-v1,Tây Hồ ở đâu?,Where is Tay Ho?,3,3,72,,,
PASS,0,viet-family-city-hanoi-where-train-street,city-v1,Phố đường tàu Hà Nội ở đâu?,Where is Hanoi Train Street?,3,3,98,,,
PASS,0,viet-family-city-hcmc-atm-anan-saigon,city-v1,Có ATM gần Anăn Sài Gòn không?,Is there an ATM near Anan Saigon?,5,6,131,,,
PASS,0,viet-family-city-hcmc-atm-ben-thanh-market,city-v1,Có ATM gần Chợ Bến Thành không?,Is there an ATM near Ben Thanh Market?,5,6,129,,,
PASS,0,viet-family-city-hcmc-atm-binh-tay-market,city-v1,Có ATM gần Chợ Bình Tây không?,Is there an ATM near Binh Tay Market?,5,6,129,,,
PASS,0,viet-family-city-hcmc-atm-bui-vien-street,city-v1,Có ATM gần Phố Bùi Viện không?,Is there an ATM near Bui Vien Street?,5,6,124,,,
PASS,0,viet-family-city-hcmc-atm-cho-lon,city-v1,Có ATM gần Chợ Lớn không?,Is there an ATM near Cho Lon?,5,6,106,,,
PASS,0,viet-family-city-hcmc-atm-district-1,city-v1,Có ATM gần Quận 1 không?,Is there an ATM near District 1?,5,6,111,,,
PASS,0,viet-family-city-hcmc-atm-dong-khoi-street,city-v1,Có ATM gần Đường Đồng Khởi không?,Is there an ATM near Dong Khoi Street?,5,6,127,,,
PASS,0,viet-family-city-hcmc-atm-ho-thi-ky-flower-market,city-v1,Có ATM gần Chợ hoa Hồ Thị Kỷ không?,Is there an ATM near Ho Thi Ky Flower Market?,5,6,165,,,
PASS,0,viet-family-city-hcmc-atm-nguyen-hue,city-v1,Có ATM gần phố đi bộ Nguyễn Huệ không?,Is there an ATM near Nguyen Hue Walking Street?,4,6,133,,,
PASS,0,viet-family-city-hcmc-binh-tay-far,city-v1,Chợ Bình Tây xa không?,Is Binh Tay Market far?,5,4,105,,,
PASS,0,viet-family-city-hcmc-dong-khoi-route,city-v1,Đi đường Đồng Khởi được không?,Can we go by Dong Khoi Street?,5,4,119,,,
PASS,0,viet-family-city-hcmc-eat-near-anan-saigon,city-v1,Ăn gần Anăn Sài Gòn,Eat near Anan Saigon,5,4,111,,,
PASS,0,viet-family-city-hcmc-eat-near-ben-thanh-market,city-v1,Ăn gần Chợ Bến Thành,Eat near Ben Thanh Market,5,4,109,,,
PASS,0,viet-family-city-hcmc-eat-near-binh-tay-market,city-v1,Ăn gần Chợ Bình Tây,Eat near Binh Tay Market,5,4,109,,,
PASS,0,viet-family-city-hcmc-eat-near-bui-vien-street,city-v1,Ăn gần Phố Bùi Viện,Eat near Bui Vien Street,5,4,109,,,
PASS,0,viet-family-city-hcmc-eat-near-cho-lon,city-v1,Ăn gần Chợ Lớn,Eat near Cho Lon,5,4,91,,,
PASS,0,viet-family-city-hcmc-eat-near-district-1,city-v1,Ăn gần Quận 1,Eat near District 1,5,4,91,,,
PASS,0,viet-family-city-hcmc-eat-near-dong-khoi-street,city-v1,Ăn gần Đường Đồng Khởi,Eat near Dong Khoi Street,5,4,112,,,
PASS,0,viet-family-city-hcmc-entrance-ben-thanh-market,city-v1,Lối vào Chợ Bến Thành ở đâu?,Where is the entrance to Ben Thanh Market?,5,4,126,,,
PASS,0,viet-family-city-hcmc-entrance-binh-tay-market,city-v1,Lối vào Chợ Bình Tây ở đâu?,Where is the entrance to Binh Tay Market?,5,4,124,,,
PASS,0,viet-family-city-hcmc-entrance-ho-thi-ky-flower-market,city-v1,Lối vào Chợ hoa Hồ Thị Kỷ ở đâu?,Where is the entrance to Ho Thi Ky Flower Market?,5,4,162,,,
PASS,0,viet-family-city-hcmc-get-off-district-1,city-v1,Cho tôi xuống ở Quận 1,Let me get off in District 1,5,5,107,,,
PASS,0,viet-family-city-hcmc-go-anan-saigon,city-v1,Cho tôi đến nhà hàng Anăn Sài Gòn.,Please take me to Anăn Sài Gòn restaurant.,5,6,130,,,
PASS,0,viet-family-city-hcmc-go-ben-thanh,city-v1,Đi chợ Bến Thành,Go to Ben Thanh Market,5,3,105,,,
PASS,0,viet-family-city-hcmc-go-binh-tay-market,city-v1,Đi Chợ Bình Tây,Go to Binh Tay Market,5,3,113,,,
PASS,0,viet-family-city-hcmc-go-bui-vien,city-v1,Đi phố Bùi Viện,Go to Bui Vien Street,5,3,100,,,
PASS,0,viet-family-city-hcmc-go-cho-lon,city-v1,Đi Chợ Lớn,Go to Cho Lon,5,3,95,,,
PASS,0,viet-family-city-hcmc-go-district-1,city-v1,Đến Quận 1,Head to District 1,5,3,99,,,
PASS,0,viet-family-city-hcmc-go-dong-khoi-street,city-v1,Đi Đường Đồng Khởi,Go to Dong Khoi Street,5,3,116,,,
PASS,0,viet-family-city-hcmc-go-ho-thi-ky-flower-market,city-v1,Đi Chợ hoa Hồ Thị Kỷ,Go to Ho Thi Ky Flower Market,5,3,151,,,
PASS,0,viet-family-city-hcmc-go-le-thanh-ton-street,city-v1,Đi Đường Lê Thánh Tôn,Go to Le Thanh Ton Street,2,3,90,,,
PASS,0,viet-family-city-hcmc-go-nguyen-hue-walking-street,city-v1,Đi Phố đi bộ Nguyễn Huệ,Go to Nguyen Hue Walking Street,4,3,128,,,
PASS,0,viet-family-city-hcmc-go-nguyen-trai-street,city-v1,Đi Đường Nguyễn Trãi,Go to Nguyen Trai Street,2,3,78,,,
PASS,0,viet-family-city-hcmc-go-pasteur-street,city-v1,Đi Đường Pasteur,Go to Pasteur Street,2,3,66,,,
PASS,0,viet-family-city-hcmc-go-pham-ngu-lao-street,city-v1,Đi Phố Phạm Ngũ Lão,Go to Pham Ngu Lao Street,2,3,90,,,
PASS,0,viet-family-city-hcmc-go-pho-hoa-pasteur,city-v1,Cho tôi đến nhà hàng Phở Hòa Pasteur.,Please take me to Phở Hòa Pasteur restaurant.,5,6,127,,,
PASS,0,viet-family-city-hcmc-go-tan-son-nhat-airport,city-v1,Đi Sân bay Tân Sơn Nhất,Go to Tan Son Nhat Airport,2,3,96,,,
PASS,0,viet-family-city-hcmc-go-thao-dien,city-v1,Đi Thảo Điền,Go to Thao Dien,4,3,92,,,
PASS,0,viet-family-city-hcmc-hotel-district-1,city-v1,Khách sạn ở Quận 1,Hotel in District 1,5,4,93,,,
PASS,0,viet-family-city-hcmc-near-anan-saigon,city-v1,Anăn Sài Gòn gần đây không?,Is Anan Saigon near here?,5,4,125,,,
PASS,0,viet-family-city-hcmc-near-ben-thanh-market,city-v1,Chợ Bến Thành gần đây không?,Is Ben Thanh Market near here?,5,4,123,,,
PASS,0,viet-family-city-hcmc-near-binh-tay-market,city-v1,Chợ Bình Tây gần đây không?,Is Binh Tay Market near here?,5,4,123,,,
PASS,0,viet-family-city-hcmc-near-district-1,city-v1,Quận 1 gần đây không?,Is District 1 near here?,5,4,97,,,
PASS,0,viet-family-city-hcmc-near-ho-thi-ky-flower-market,city-v1,Chợ hoa Hồ Thị Kỷ gần đây không?,Is Ho Thi Ky Flower Market near here?,5,4,159,,,
PASS,0,viet-family-city-hcmc-near-nguyen-hue,city-v1,Phố đi bộ Nguyễn Huệ gần đây không?,Is Nguyen Hue Walking Street near here?,4,4,125,,,
PASS,0,viet-family-city-hcmc-pharmacy-ben-thanh,city-v1,Có nhà thuốc gần chợ Bến Thành không?,Is there a pharmacy near Ben Thanh Market?,5,6,129,,,
PASS,0,viet-family-city-hcmc-place-42-nguyen-hue-apartment,city-v1,Chung cư 42 Nguyễn Huệ,42 Nguyen Hue apartment building,3,0,226,,,
PASS,0,viet-family-city-hcmc-place-akuna,city-v1,Akuna,Akuna,3,0,232,,,
PASS,0,viet-family-city-hcmc-place-an-dong-market,city-v1,Chợ An Đông,An Dong Market,3,0,234,,,
PASS,0,viet-family-city-hcmc-place-anan-saigon,city-v1,Anăn Sài Gòn,Anan Saigon,3,0,233,,,
PASS,0,viet-family-city-hcmc-place-ao-dai-museum,city-v1,Bảo tàng Áo Dài,Ao Dai Museum,3,0,251,,,
PASS,0,viet-family-city-hcmc-place-bach-dang-waterbus-station,city-v1,Bến tàu thủy Bạch Đằng,Bach Dang Waterbus Station,3,0,223,,,
PASS,0,viet-family-city-hcmc-place-bach-dang-wharf,city-v1,Bến Bạch Đằng,Bach Dang Wharf,3,0,217,,,
PASS,0,viet-family-city-hcmc-place-banh-mi,city-v1,Bánh mì ở Thành phố Hồ Chí Minh,Banh mi,3,0,230,,,
PASS,0,viet-family-city-hcmc-place-banh-mi-huynh-hoa,city-v1,Bánh mì Huỳnh Hoa,Banh Mi Huynh Hoa,3,0,232,,,
PASS,0,viet-family-city-hcmc-place-banh-xeo,city-v1,Bánh xèo ở Thành phố Hồ Chí Minh,Southern sizzling pancake,3,0,218,,,
PASS,0,viet-family-city-hcmc-place-banh-xeo-46a,city-v1,Bánh xèo 46A,Banh Xeo 46A,3,0,224,,,
PASS,0,viet-family-city-hcmc-place-ben-thanh-market,city-v1,Chợ Bến Thành,Ben Thanh Market,3,0,218,,,
PASS,0,viet-family-city-hcmc-place-ben-thanh-metro-station,city-v1,Ga Bến Thành,Ben Thanh Metro Station,3,0,243,,,
PASS,0,viet-family-city-hcmc-place-bep-me-in,city-v1,Bếp Mẹ Ỉn,Bep Me In,3,0,239,,,
PASS,0,viet-family-city-hcmc-place-binh-tay-market,city-v1,Chợ Bình Tây,Binh Tay Market,3,0,229,,,
PASS,0,viet-family-city-hcmc-place-bitexco-tower,city-v1,Tòa nhà Bitexco,Bitexco Financial Tower,3,0,213,,,
PASS,0,viet-family-city-hcmc-place-bo-kho-ganh,city-v1,Bò Kho Gánh,Bo Kho Ganh,3,0,202,,,
PASS,0,viet-family-city-hcmc-place-bo-la-lot,city-v1,Bò lá lốt ở Thành phố Hồ Chí Minh,Beef in betel leaves,3,0,202,,,
PASS,0,viet-family-city-hcmc-place-bot-chien,city-v1,Bột chiên ở Thành phố Hồ Chí Minh,Fried rice-flour cakes,3,0,218,,,
PASS,0,viet-family-city-hcmc-place-bui-vien-street,city-v1,Phố Bùi Viện,Bui Vien Street,3,0,212,,,
PASS,0,viet-family-city-hcmc-place-bun-bo-hue-14b,city-v1,Bún Bò Huế 14B,Bun Bo Hue 14B,3,0,251,,,
PASS,0,viet-family-city-hcmc-place-bun-thit-nuong,city-v1,Bún thịt nướng ở Thành phố Hồ Chí Minh,Grilled pork vermicelli,3,0,217,,,
PASS,0,viet-family-city-hcmc-place-ca-phe-sua-da,city-v1,Cà phê sữa đá Sài Gòn ở Thành phố Hồ Chí Minh,Saigon iced milk coffee,4,0,240,,,
PASS,0,viet-family-city-hcmc-place-cafe-apartment-nguyen-hue,city-v1,Chung cư cà phê Nguyễn Huệ,Cafe Apartment on Nguyen Hue,3,0,233,,,
PASS,0,viet-family-city-hcmc-place-cafe-hop-nguyen-hue,city-v1,Đi cà phê Nguyễn Huệ,Nguyen Hue cafe hop,3,0,242,,,
PASS,0,viet-family-city-hcmc-place-cafe-vot-pham-ngoc-thach,city-v1,Cà phê vợt Phạm Ngọc Thạch,Pham Ngoc Thach cloth-filter coffee,3,0,214,,,
PASS,0,viet-family-city-hcmc-place-che,city-v1,Chè Sài Gòn ở Thành phố Hồ Chí Minh,Sweet soup dessert,3,0,215,,,
PASS,0,viet-family-city-hcmc-place-cheo-leo-cafe,city-v1,Cà phê Cheo Leo,Cheo Leo Cafe,3,0,231,,,
PASS,0,viet-family-city-hcmc-place-cho-lon,city-v1,Chợ Lớn,Cho Lon,3,0,199,,,
PASS,0,viet-family-city-hcmc-place-cho-lon-walking-route,city-v1,Đi bộ Chợ Lớn,Cho Lon walking route,3,0,263,,,
PASS,0,viet-family-city-hcmc-place-ciel,city-v1,CieL,CieL,3,0,226,,,
PASS,0,viet-family-city-hcmc-place-city-hall,city-v1,Trụ sở UBND Thành phố,Ho Chi Minh City Hall,3,0,227,,,
PASS,0,viet-family-city-hcmc-place-coco-dining,city-v1,Coco Dining,Coco Dining,3,0,249,,,
PASS,0,viet-family-city-hcmc-place-com-tam,city-v1,Cơm tấm ở Thành phố Hồ Chí Minh,Broken rice,3,0,208,,,
PASS,0,viet-family-city-hcmc-place-com-tam-ba-ghien,city-v1,Cơm tấm Ba Ghiền,Com Tam Ba Ghien,3,0,227,,,
PASS,0,viet-family-city-hcmc-place-cong-ca-phe-dong-khoi,city-v1,Cộng Cà Phê Đồng Khởi,Cong Ca Phe Dong Khoi,3,0,251,,,
PASS,0,viet-family-city-hcmc-place-cu-chi-day-trip,city-v1,Đi Củ Chi trong ngày,Cu Chi day trip,3,0,234,,,
PASS,0,viet-family-city-hcmc-place-cu-chi-tunnels,city-v1,Địa đạo Củ Chi,Cu Chi Tunnels,3,0,222,,,
PASS,0,viet-family-city-hcmc-place-cuc-gach-quan,city-v1,Cục Gạch Quán,Cuc Gach Quan,3,0,223,,,
PASS,0,viet-family-city-hcmc-place-district-1,city-v1,Quận 1,District 1,3,0,239,,,
PASS,0,viet-family-city-hcmc-place-district-3,city-v1,Quận 3,District 3,3,0,226,,,
PASS,0,viet-family-city-hcmc-place-dong-khoi-landmark-walk,city-v1,Đi bộ Đồng Khởi,Dong Khoi landmark walk,3,0,232,,,
PASS,0,viet-family-city-hcmc-place-dong-khoi-street,city-v1,Đường Đồng Khởi,Dong Khoi Street,3,0,193,,,
PASS,0,viet-family-city-hcmc-place-fine-arts-museum,city-v1,Bảo tàng Mỹ thuật,Ho Chi Minh City Museum of Fine Arts,3,0,234,,,
PASS,0,viet-family-city-hcmc-place-fito-museum,city-v1,Bảo tàng Y học Cổ truyền Việt Nam,FITO Museum,3,0,228,,,
PASS,0,viet-family-city-hcmc-place-gia-dinh-park,city-v1,Công viên Gia Định,Gia Dinh Park,3,0,209,,,
PASS,0,viet-family-city-hcmc-place-goi-cuon,city-v1,Gỏi cuốn ở Thành phố Hồ Chí Minh,Fresh spring rolls,3,0,210,,,
PASS,0,viet-family-city-hcmc-place-golden-dragon-water-puppet,city-v1,Nhà hát Múa rối nước Rồng Vàng,Golden Dragon Water Puppet Theater,3,0,244,,,
PASS,0,viet-family-city-hcmc-place-history-museum,city-v1,Bảo tàng Lịch sử Thành phố Hồ Chí Minh,Museum of Vietnamese History,3,0,248,,,
PASS,0,viet-family-city-hcmc-place-ho-chi-minh-city-museum,city-v1,Bảo tàng Thành phố Hồ Chí Minh,Ho Chi Minh City Museum,3,0,240,,,
PASS,0,viet-family-city-hcmc-place-ho-thi-ky-flower-market,city-v1,Chợ hoa Hồ Thị Kỷ,Ho Thi Ky Flower Market,3,0,217,,,
PASS,0,viet-family-city-hcmc-place-hu-tieu,city-v1,Hủ tiếu ở Thành phố Hồ Chí Minh,Hu tieu,3,0,244,,,
PASS,0,viet-family-city-hcmc-place-independence-palace,city-v1,Dinh Độc Lập,Independence Palace,3,0,228,,,
PASS,0,viet-family-city-hcmc-place-jade-emperor-pagoda,city-v1,Chùa Ngọc Hoàng,Jade Emperor Pagoda,3,0,205,,,
PASS,0,viet-family-city-hcmc-place-japan-town,city-v1,Khu phố Nhật Lê Thánh Tôn,Japan Town Saigon,3,0,211,,,
PASS,0,viet-family-city-hcmc-place-landmark-81,city-v1,Landmark 81,Landmark 81,3,0,214,,,
PASS,0,viet-family-city-hcmc-place-le-thanh-ton-street,city-v1,Đường Lê Thánh Tôn,Le Thanh Ton Street,3,0,245,,,
PASS,0,viet-family-city-hcmc-place-le-van-tam-park,city-v1,Công viên Lê Văn Tám,Le Van Tam Park,3,0,239,,,
PASS,0,viet-family-city-hcmc-place-little-hanoi-egg-coffee,city-v1,Little HaNoi Egg Coffee,Little HaNoi Egg Coffee Saigon,3,0,240,,,
PASS,0,viet-family-city-hcmc-place-long-trieu,city-v1,Long Triều,Long Trieu,3,0,236,,,
PASS,0,viet-family-city-hcmc-place-lusine-thao-dien,city-v1,L'Usine Thảo Điền,L'Usine Thao Dien,3,0,230,,,
PASS,0,viet-family-city-hcmc-place-man-moi,city-v1,Mặn Mòi,Man Moi,3,0,235,,,
PASS,0,viet-family-city-hcmc-place-mariamman-temple,city-v1,Đền Mariamman,Mariamman Hindu Temple,3,0,208,,,
PASS,0,viet-family-city-hcmc-place-mien-dong-bus-station,city-v1,Bến xe Miền Đông,Mien Dong Bus Station,3,0,213,,,
PASS,0,viet-family-city-hcmc-place-mien-tay-bus-station,city-v1,Bến xe Miền Tây,Mien Tay Bus Station,3,0,238,,,
PASS,0,viet-family-city-hcmc-place-motorbike-food-tour,city-v1,Tour ăn tối bằng xe máy,Saigon motorbike food tour,3,0,196,,,
PASS,0,viet-family-city-hcmc-place-municipal-theatre-square,city-v1,Công trường Lam Sơn,Lam Son Square,3,0,238,,,
PASS,0,viet-family-city-hcmc-place-nephele,city-v1,Nephele,Nephele,3,0,242,,,
PASS,0,viet-family-city-hcmc-place-nguyen-hue,city-v1,Phố đi bộ Nguyễn Huệ,Nguyen Hue Walking Street,3,0,224,,,
PASS,0,viet-family-city-hcmc-place-nguyen-trai-street,city-v1,Đường Nguyễn Trãi,Nguyen Trai Street,3,0,235,,,
PASS,0,viet-family-city-hcmc-place-nhieu-loc-canal,city-v1,Kênh Nhiêu Lộc - Thị Nghè,Nhieu Loc - Thi Nghe Canal,3,0,193,,,
PASS,0,viet-family-city-hcmc-place-notre-dame,city-v1,Nhà thờ Đức Bà Sài Gòn,Notre Dame Cathedral Basilica of Saigon,3,0,201,,,
PASS,0,viet-family-city-hcmc-place-oc,city-v1,Ốc Sài Gòn ở Thành phố Hồ Chí Minh,Saigon snails and seafood,3,0,214,,,
PASS,0,viet-family-city-hcmc-place-opera-a-o-show,city-v1,À Ố Show,A O Show at Saigon Opera House,3,0,227,,,
PASS,0,viet-family-city-hcmc-place-opera-house,city-v1,Nhà hát Thành phố,Saigon Opera House,3,0,236,,,
PASS,0,viet-family-city-hcmc-place-pasteur-street,city-v1,Đường Pasteur,Pasteur Street,3,0,241,,,
PASS,0,viet-family-city-hcmc-place-pha-lau,city-v1,Phá lấu ở Thành phố Hồ Chí Minh,Pha lau,3,0,243,,,
PASS,0,viet-family-city-hcmc-place-pham-ngu-lao-street,city-v1,Phố Phạm Ngũ Lão,Pham Ngu Lao Street,3,0,242,,,
PASS,0,viet-family-city-hcmc-place-pho-hoa-pasteur,city-v1,Phở Hòa Pasteur,Pho Hoa Pasteur,3,0,256,,,
PASS,0,viet-family-city-hcmc-place-pho-huong-binh,city-v1,Phở Hương Bình,Pho Huong Binh,3,0,231,,,
PASS,0,viet-family-city-hcmc-place-pho-le-district-5,city-v1,Phở Lệ,Pho Le District 5,3,0,225,,,
PASS,0,viet-family-city-hcmc-place-pho-minh,city-v1,Phở Minh,Pho Minh,3,0,216,,,
PASS,0,viet-family-city-hcmc-place-pho-nam,city-v1,Phở Sài Gòn ở Thành phố Hồ Chí Minh,Southern pho,4,0,238,,,
PASS,0,viet-family-city-hcmc-place-post-office,city-v1,Bưu điện Thành phố,Saigon Central Post Office,3,0,212,,,
PASS,0,viet-family-city-hcmc-place-rex-hotel-rooftop,city-v1,Sân thượng khách sạn Rex,Rex Hotel rooftop,3,0,252,,,
PASS,0,viet-family-city-hcmc-place-russian-market,city-v1,Chợ Nga,Russian Market,3,0,186,,,
PASS,0,viet-family-city-hcmc-place-saigon-railway-station,city-v1,Ga Sài Gòn,Saigon Railway Station,3,0,207,,,
PASS,0,viet-family-city-hcmc-place-saigon-river,city-v1,Sông Sài Gòn,Saigon River,3,0,210,,,
PASS,0,viet-family-city-hcmc-place-saigon-river-boat,city-v1,Đi thuyền sông Sài Gòn,Saigon River boat ride,3,0,234,,,
PASS,0,viet-family-city-hcmc-place-saigon-skydeck,city-v1,Saigon Skydeck,Saigon Skydeck,3,0,188,,,
PASS,0,viet-family-city-hcmc-place-saigon-square,city-v1,Saigon Square,Saigon Square,3,0,176,,,
PASS,0,viet-family-city-hcmc-place-southern-women-museum,city-v1,Bảo tàng Phụ nữ Nam Bộ,Southern Women's Museum,3,0,202,,,
PASS,0,viet-family-city-hcmc-place-street-food-evening,city-v1,Ăn vặt Sài Gòn buổi tối,Saigon street-food evening,3,0,208,,,
PASS,0,viet-family-city-hcmc-place-takashimaya-saigon-centre,city-v1,Saigon Centre,Takashimaya Saigon Centre,3,0,173,,,
PASS,0,viet-family-city-hcmc-place-tan-son-nhat-airport,city-v1,Sân bay Tân Sơn Nhất,Tan Son Nhat International Airport,3,0,199,,,
PASS,0,viet-family-city-hcmc-place-tao-dan-park,city-v1,Công viên Tao Đàn,Tao Dan Park,3,0,192,,,
PASS,0,viet-family-city-hcmc-place-thao-dien,city-v1,Thảo Điền,Thao Dien,3,0,188,,,
PASS,0,viet-family-city-hcmc-place-thien-hau-pagoda,city-v1,Chùa Bà Thiên Hậu,Thien Hau Pagoda,3,0,228,,,
PASS,0,viet-family-city-hcmc-place-thu-thiem-riverfront,city-v1,Bờ sông Thủ Thiêm,Thu Thiem riverfront,3,0,204,,,
PASS,0,viet-family-city-hcmc-place-ton-duc-thang-museum,city-v1,Bảo tàng Tôn Đức Thắng,Ton Duc Thang Museum,3,0,235,,,
PASS,0,viet-family-city-hcmc-place-turtle-lake,city-v1,Hồ Con Rùa,Turtle Lake,3,0,235,,,
PASS,0,viet-family-city-hcmc-place-vincom-dong-khoi,city-v1,Vincom Đồng Khởi,Vincom Center Dong Khoi,3,0,235,,,
PASS,0,viet-family-city-hcmc-place-vinhomes-central-park,city-v1,Công viên Vinhomes Central Park,Vinhomes Central Park,3,0,247,,,
PASS,0,viet-family-city-hcmc-place-war-remnants-museum,city-v1,Bảo tàng Chứng tích Chiến tranh,War Remnants Museum,3,0,249,,,
PASS,0,viet-family-city-hcmc-place-workshop-coffee,city-v1,The Workshop Coffee,The Workshop Coffee,3,0,245,,,
PASS,0,viet-family-city-hcmc-place-zoo-botanical-gardens,city-v1,Thảo Cầm Viên Sài Gòn,Saigon Zoo and Botanical Gardens,3,0,230,,,
PASS,0,viet-family-city-hcmc-reservation-anan,city-v1,Tôi có đặt bàn ở Anăn Sài Gòn,I have a reservation at Anan Saigon,5,6,130,,,
PASS,0,viet-family-city-hcmc-sim-ben-thanh,city-v1,Tôi muốn mua SIM gần chợ Bến Thành,I want to buy a SIM near Ben Thanh Market,5,7,136,,,
PASS,0,viet-family-city-hcmc-stop-anan-saigon,city-v1,Cho tôi xuống gần nhà hàng Anăn Sài Gòn.,Let me off near Anăn Sài Gòn restaurant.,5,7,136,,,
PASS,0,viet-family-city-hcmc-stop-ben-thanh-market,city-v1,Dừng ở Chợ Bến Thành,Stop at Ben Thanh Market,5,3,113,,,
PASS,0,viet-family-city-hcmc-stop-binh-tay-market,city-v1,Dừng ở Chợ Bình Tây,Stop at Binh Tay Market,5,3,111,,,
PASS,0,viet-family-city-hcmc-stop-bui-vien-street,city-v1,Dừng ở Phố Bùi Viện,Stop at Bui Vien Street,5,3,111,,,
PASS,0,viet-family-city-hcmc-stop-cho-lon,city-v1,Dừng ở Chợ Lớn,Stop at Cho Lon,5,3,93,,,
PASS,0,viet-family-city-hcmc-stop-district-1,city-v1,Dừng ở Quận 1,Stop at District 1,5,3,94,,,
PASS,0,viet-family-city-hcmc-stop-dong-khoi-street,city-v1,Dừng ở Đường Đồng Khởi,Stop at Dong Khoi Street,5,3,114,,,
PASS,0,viet-family-city-hcmc-stop-ho-thi-ky-flower-market,city-v1,Dừng ở Chợ hoa Hồ Thị Kỷ,Stop at Ho Thi Ky Flower Market,5,3,149,,,
PASS,0,viet-family-city-hcmc-stop-le-thanh-ton-street,city-v1,Dừng ở Đường Lê Thánh Tôn,Stop at Le Thanh Ton Street,2,3,88,,,
PASS,0,viet-family-city-hcmc-stop-nguyen-hue,city-v1,Dừng ở phố đi bộ Nguyễn Huệ,Stop at Nguyen Hue Walking Street,4,3,123,,,
PASS,0,viet-family-city-hcmc-stop-nguyen-trai-street,city-v1,Dừng ở Đường Nguyễn Trãi,Stop at Nguyen Trai Street,2,3,76,,,
PASS,0,viet-family-city-hcmc-stop-pasteur-street,city-v1,Dừng ở Đường Pasteur,Stop at Pasteur Street,2,3,64,,,
PASS,0,viet-family-city-hcmc-stop-pham-ngu-lao-street,city-v1,Dừng ở Phố Phạm Ngũ Lão,Stop at Pham Ngu Lao Street,2,3,88,,,
PASS,0,viet-family-city-hcmc-where-anan,city-v1,Nhà hàng Anăn Sài Gòn ở đâu?,Where is Anan Saigon restaurant?,5,4,118,,,
PASS,0,viet-family-city-hcmc-where-anan-saigon,city-v1,Anăn Sài Gòn ở đâu?,Where is Anan Saigon?,5,3,115,,,
PASS,0,viet-family-city-hcmc-where-ben-thanh,city-v1,Chợ Bến Thành ở đâu?,Where is Ben Thanh Market?,5,3,110,,,
PASS,0,viet-family-city-hcmc-where-binh-tay-market,city-v1,Chợ Bình Tây ở đâu?,Where is Binh Tay Market?,5,3,111,,,
PASS,0,viet-family-city-hcmc-where-bui-vien-street,city-v1,Phố Bùi Viện ở đâu?,Where is Bui Vien Street?,5,3,111,,,
PASS,0,viet-family-city-hcmc-where-cho-lon,city-v1,Chợ Lớn ở đâu?,Where is Cho Lon?,5,3,93,,,
PASS,0,viet-family-city-hcmc-where-district-1,city-v1,Quận 1 ở đâu?,Where is District 1?,5,3,94,,,
PASS,0,viet-family-city-hcmc-where-dong-khoi-street,city-v1,Đường Đồng Khởi ở đâu?,Where is Dong Khoi Street?,5,3,114,,,
PASS,0,viet-family-city-hcmc-where-ho-thi-ky-flower-market,city-v1,Chợ hoa Hồ Thị Kỷ ở đâu?,Where is Ho Thi Ky Flower Market?,5,3,149,,,
PASS,0,viet-family-city-hcmc-where-pho-hoa-pasteur,city-v1,Phở Hòa Pasteur ở đâu?,Where is Pho Hoa Pasteur?,5,3,115,,,
PASS,0,viet-family-city-hcmc-where-tan-son-nhat-airport,city-v1,Sân bay Tân Sơn Nhất ở đâu?,Where is Tan Son Nhat Airport?,2,3,94,,,
PASS,0,viet-family-city-hoian-atm-an-hoi-island,city-v1,Có ATM gần Đảo An Hội không?,Is there an ATM near An Hoi Island?,5,6,126,,,
PASS,0,viet-family-city-hoian-atm-ancient-town,city-v1,Có ATM gần Phố cổ Hội An không?,Is there an ATM near Hoi An Ancient Town?,5,6,144,,,
PASS,0,viet-family-city-hoian-atm-banh-mi-phuong,city-v1,Có ATM gần Bánh mì Phượng không?,Is there an ATM near Banh Mi Phuong?,5,6,135,,,
PASS,0,viet-family-city-hoian-atm-cam-chau,city-v1,Có ATM gần Cẩm Châu không?,Is there an ATM near Cam Chau?,4,6,98,,,
PASS,0,viet-family-city-hoian-atm-cam-nam,city-v1,Có ATM gần Cẩm Nam không?,Is there an ATM near Cam Nam?,4,6,98,,,
PASS,0,viet-family-city-hoian-atm-cao-lau-city,city-v1,Ở đây có cao lầu không?,Do you have cao lau here?,5,6,128,,,
PASS,0,viet-family-city-hoian-atm-faifo-coffee,city-v1,Có ATM gần Faifo Coffee không?,Is there an ATM near Faifo Coffee?,5,6,114,,,
PASS,0,viet-family-city-hoian-atm-market,city-v1,Có ATM gần chợ Hội An không?,Is there an ATM near Hoi An Market?,5,6,123,,,
PASS,0,viet-family-city-hoian-cao-lau,city-v1,Tôi muốn ăn cao lầu ở Hội An,I want to eat cao lau in Hoi An,5,5,133,,,
PASS,0,viet-family-city-hoian-eat-near-an-hoi-island,city-v1,Ăn gần Đảo An Hội,Eat near An Hoi Island,5,4,106,,,
PASS,0,viet-family-city-hoian-eat-near-ancient-town,city-v1,Ăn gần Phố cổ Hội An,Eat near Hoi An Ancient Town,5,4,124,,,
PASS,0,viet-family-city-hoian-entrance-market,city-v1,Lối vào Chợ Hội An ở đâu?,Where is the entrance to Hoi An Market?,5,4,126,,,
PASS,0,viet-family-city-hoian-entrance-nguyen-hoang-night-market,city-v1,Lối vào Chợ đêm Nguyễn Hoàng ở đâu?,Where is the entrance to Nguyen Hoang Night Market?,5,4,144,,,
PASS,0,viet-family-city-hoian-go-an-hoi-island,city-v1,Đi Đảo An Hội,Go to An Hoi Island,5,3,115,,,
PASS,0,viet-family-city-hoian-go-ancient-town,city-v1,Đi phố cổ Hội An,Go to Hoi An Ancient Town,5,3,119,,,
PASS,0,viet-family-city-hoian-go-banh-mi-phuong,city-v1,Cho tôi đến nhà hàng Bánh mì Phượng.,Please take me to Bánh mì Phượng restaurant.,5,6,134,,,
PASS,0,viet-family-city-hoian-go-cam-chau,city-v1,Đi Cẩm Châu,Go to Cam Chau,4,3,87,,,
PASS,0,viet-family-city-hoian-go-cam-nam,city-v1,Đi Cẩm Nam,Go to Cam Nam,4,3,87,,,
PASS,0,viet-family-city-hoian-go-cao-lau-city,city-v1,Ăn cao lầu ở đâu?,Where can I eat cao lau?,5,4,111,,,
PASS,0,viet-family-city-hoian-go-faifo-coffee,city-v1,Đi Faifo Coffee,Go to Faifo Coffee,5,3,103,,,
PASS,0,viet-family-city-hoian-go-market,city-v1,Đi Chợ Hội An,Go to Hoi An Market,5,3,115,,,
PASS,0,viet-family-city-hoian-go-morning-glory,city-v1,Cho tôi đến nhà hàng Morning Glory Hội An.,Please take me to Morning Glory Hội An restaurant.,5,6,149,,,
PASS,0,viet-family-city-hoian-go-nguyen-hoang-night-market,city-v1,Đi Chợ đêm Nguyễn Hoàng,Go to Nguyen Hoang Night Market,5,3,133,,,
PASS,0,viet-family-city-hoian-go-reach-out-tea-house,city-v1,Đi Reaching Out Tea House,Go to Reaching Out Tea House,5,3,122,,,
PASS,0,viet-family-city-hoian-go-tran-phu-street,city-v1,Đi Phố Trần Phú,Go to Tran Phu Street,2,3,78,,,
PASS,0,viet-family-city-hoian-near-an-hoi-island,city-v1,Đảo An Hội gần đây không?,Is An Hoi Island near here?,5,4,123,,,
PASS,0,viet-family-city-hoian-near-ancient-town,city-v1,Phố cổ Hội An gần đây không?,Is Hoi An Ancient Town near here?,5,4,138,,,
PASS,0,viet-family-city-hoian-near-market,city-v1,Chợ Hội An gần đây không?,Is Hoi An Market near here?,5,4,123,,,
PASS,0,viet-family-city-hoian-near-nguyen-hoang-night-market,city-v1,Chợ đêm Nguyễn Hoàng gần đây không?,Is Nguyen Hoang Night Market near here?,5,4,141,,,
PASS,0,viet-family-city-hoian-near-night-market,city-v1,Chợ đêm Hội An gần đây không?,Is Hoi An Night Market near here?,4,4,124,,,
PASS,0,viet-family-city-hoian-night-market,city-v1,Đi chợ đêm Hội An,Go to Hoi An Night Market,4,3,101,,,
PASS,0,viet-family-city-hoian-pharmacy-ancient-town,city-v1,Có nhà thuốc gần phố cổ Hội An không?,Is there a pharmacy near Hoi An Ancient Town?,5,6,140,,,
PASS,0,viet-family-city-hoian-place-an-bang,city-v1,Biển An Bàng,An Bang Beach,3,0,218,,,
PASS,0,viet-family-city-hoian-place-an-hoi-bridge,city-v1,Cầu An Hội,An Hoi Bridge,3,0,212,,,
PASS,0,viet-family-city-hoian-place-an-hoi-island,city-v1,Đảo An Hội,An Hoi Island,3,0,215,,,
PASS,0,viet-family-city-hoian-place-ancient-town,city-v1,Phố cổ Hội An,Hoi An Ancient Town,3,0,216,,,
PASS,0,viet-family-city-hoian-place-ancient-town-ticket-booth,city-v1,Quầy vé phố cổ Hội An,Hoi An Ancient Town ticket booth,3,0,210,,,
PASS,0,viet-family-city-hoian-place-bach-dang-boat-pier,city-v1,Bến thuyền Bạch Đằng,Bach Dang boat pier,3,0,203,,,
PASS,0,viet-family-city-hoian-place-bach-dang-street,city-v1,Đường Bạch Đằng ở Hội An,Bach Dang Street,3,0,205,,,
PASS,0,viet-family-city-hoian-place-bale-well,city-v1,Giếng Bà Lễ,Bale Well,3,0,176,,,
PASS,0,viet-family-city-hoian-place-banh-dap-hen-xao,city-v1,Bánh đập hến xào ở Hội An,Cracked rice paper and clams,3,0,232,,,
PASS,0,viet-family-city-hoian-place-banh-mi,city-v1,Bánh mì Hội An,Banh mi in Hoi An,3,0,216,,,
PASS,0,viet-family-city-hoian-place-banh-mi-phuong,city-v1,Bánh mì Phượng,Banh Mi Phuong,3,0,223,,,
PASS,0,viet-family-city-hoian-place-banh-xeo,city-v1,Bánh xèo Hội An,Hoi An banh xeo,3,0,206,,,
PASS,0,viet-family-city-hoian-place-bay-mau-coconut-forest,city-v1,Rừng dừa Bảy Mẫu,Bay Mau Coconut Forest,3,0,223,,,
PASS,0,viet-family-city-hoian-place-bebe-tailor,city-v1,BeBe Tailor,BeBe Tailor,3,0,195,,,
PASS,0,viet-family-city-hoian-place-bus-station,city-v1,Bến xe Hội An,Hoi An Bus Station,3,0,208,,,
PASS,0,viet-family-city-hoian-place-cam-chau,city-v1,Cẩm Châu,Cam Chau,3,0,211,,,
PASS,0,viet-family-city-hoian-place-cam-kim-island,city-v1,Cẩm Kim,Cam Kim Island,3,0,224,,,
PASS,0,viet-family-city-hoian-place-cam-nam,city-v1,Cẩm Nam,Cam Nam,3,0,203,,,
PASS,0,viet-family-city-hoian-place-cam-pho,city-v1,Cẩm Phô,Cam Pho,3,0,202,,,
PASS,0,viet-family-city-hoian-place-cam-thanh,city-v1,Cẩm Thanh,Cam Thanh,3,0,205,,,
PASS,0,viet-family-city-hoian-place-cam-thanh-basket-boat,city-v1,Thuyền thúng Cẩm Thanh,Cam Thanh basket boat,3,0,220,,,
PASS,0,viet-family-city-hoian-place-cam-thanh-coconut-village,city-v1,Làng dừa Cẩm Thanh,Cam Thanh Coconut Village,3,0,206,,,
PASS,0,viet-family-city-hoian-place-cantonese-assembly-hall,city-v1,Hội quán Quảng Đông,Cantonese Assembly Hall,3,0,199,,,
PASS,0,viet-family-city-hoian-place-cao-lau-city,city-v1,Cao lầu ở Hội An,Cao lau in Hoi An,5,0,228,,,
PASS,0,viet-family-city-hoian-place-cao-lau-thanh,city-v1,Cao Lầu Thanh,Cao Lau Thanh,3,0,220,,,
PASS,0,viet-family-city-hoian-place-cargo-club,city-v1,Cargo Club,Cargo Club,3,0,203,,,
PASS,0,viet-family-city-hoian-place-cham-islands,city-v1,Cù Lao Chàm,Cham Islands,3,0,206,,,
PASS,0,viet-family-city-hoian-place-cham-islands-snorkel-boat,city-v1,Tàu đi Cù Lao Chàm,Cham Islands snorkel boat,3,0,212,,,
PASS,0,viet-family-city-hoian-place-che-bap-cam-nam,city-v1,Chè bắp Cẩm Nam ở Hội An,Cam Nam corn sweet soup,3,0,226,,,
PASS,0,viet-family-city-hoian-place-chuc-thanh-pagoda,city-v1,Chùa Chúc Thánh,Chuc Thanh Pagoda,3,0,188,,,
PASS,0,viet-family-city-hoian-place-cocobox,city-v1,Cocobox,Cocobox,3,0,180,,,
PASS,0,viet-family-city-hoian-place-com-ga,city-v1,Cơm gà Hội An,Hoi An chicken rice,3,0,192,,,
PASS,0,viet-family-city-hoian-place-com-ga-ba-buoi,city-v1,Cơm Gà Bà Buội,Com Ga Ba Buoi,3,0,217,,,
PASS,0,viet-family-city-hoian-place-cooking-class,city-v1,Lớp học nấu ăn Hội An,Hoi An cooking class,3,0,232,,,
PASS,0,viet-family-city-hoian-place-countryside-bicycle-loop,city-v1,Đạp xe vùng quê Hội An,Hoi An countryside bicycle loop,3,0,213,,,
PASS,0,viet-family-city-hoian-place-cua-dai-beach,city-v1,Biển Cửa Đại,Cua Dai Beach,3,0,218,,,
PASS,0,viet-family-city-hoian-place-cua-dai-estuary,city-v1,Cửa Đại,Cua Dai Estuary,3,0,198,,,
PASS,0,viet-family-city-hoian-place-cua-dai-pier,city-v1,Bến tàu Cửa Đại,Cua Dai Pier,3,0,215,,,
PASS,0,viet-family-city-hoian-place-duc-an-old-house,city-v1,Nhà cổ Đức An,Duc An Old House,3,0,203,,,
PASS,0,viet-family-city-hoian-place-espresso-station,city-v1,The Espresso Station,The Espresso Station,3,0,193,,,
PASS,0,viet-family-city-hoian-place-faifo-coffee,city-v1,Faifo Coffee,Faifo Coffee,3,0,188,,,
PASS,0,viet-family-city-hoian-place-folk-culture-museum,city-v1,Bảo tàng Văn hóa Dân gian,Museum of Folk Culture,3,0,231,,,
PASS,0,viet-family-city-hoian-place-from-danang-airport,city-v1,Sân bay Đà Nẵng đi Hội An,Da Nang Airport for Hoi An,3,0,242,,,
PASS,0,viet-family-city-hoian-place-from-danang-railway-station,city-v1,Ga Đà Nẵng đi Hội An,Da Nang Railway Station for Hoi An,3,0,243,,,
PASS,0,viet-family-city-hoian-place-fujian-assembly-hall,city-v1,Hội quán Phúc Kiến,Fujian Assembly Hall,3,0,207,,,
PASS,0,viet-family-city-hoian-place-hainan-assembly-hall,city-v1,Hội quán Hải Nam,Hainan Assembly Hall,3,0,212,,,
PASS,0,viet-family-city-hoian-place-handicraft-workshop,city-v1,Xưởng thủ công mỹ nghệ Hội An,Hoi An Handicraft Workshop,3,0,254,,,
PASS,0,viet-family-city-hoian-place-history-culture-museum,city-v1,Bảo tàng Lịch sử - Văn hóa Hội An,Museum of History and Culture,3,0,224,,,
PASS,0,viet-family-city-hoian-place-hoai-river,city-v1,Sông Hoài,Hoai River,3,0,204,,,
PASS,0,viet-family-city-hoian-place-japanese-bridge,city-v1,Chùa Cầu,Japanese Covered Bridge,3,0,212,,,
PASS,0,viet-family-city-hoian-place-kim-bong-carpentry-village,city-v1,Làng mộc Kim Bồng,Kim Bong Carpentry Village,3,0,201,,,
PASS,0,viet-family-city-hoian-place-lantern-boat,city-v1,Thuyền hoa đăng Hội An,Lantern boat ride,3,0,205,,,
PASS,0,viet-family-city-hoian-place-lantern-making-class,city-v1,Lớp làm lồng đèn Hội An,Lantern-making class,3,0,200,,,
PASS,0,viet-family-city-hoian-place-lune-center,city-v1,Hoi An Lune Center,Hoi An Lune Center,3,0,206,,,
PASS,0,viet-family-city-hoian-place-madam-khanh,city-v1,Madam Khánh,Madam Khanh,3,0,191,,,
PASS,0,viet-family-city-hoian-place-mai-fish,city-v1,Mai Fish,Mai Fish,3,0,197,,,
PASS,0,viet-family-city-hoian-place-mango-mango,city-v1,Mango Mango,Mango Mango,3,0,194,,,
PASS,0,viet-family-city-hoian-place-market,city-v1,Chợ Hội An,Hoi An Market,3,0,175,,,
PASS,0,viet-family-city-hoian-place-memories-land,city-v1,Đảo Ký ức Hội An,Hoi An Memories Land,3,0,190,,,
PASS,0,viet-family-city-hoian-place-metiseko,city-v1,Metiseko,Metiseko,3,0,168,,,
PASS,0,viet-family-city-hoian-place-mi-quang,city-v1,Mì Quảng ở Hội An,Mi Quang in Hoi An,3,0,202,,,
PASS,0,viet-family-city-hoian-place-minh-an-ward,city-v1,Phường Minh An,Minh An Ward,3,0,203,,,
PASS,0,viet-family-city-hoian-place-morning-glory,city-v1,Morning Glory Hội An,Morning Glory Hoi An,3,0,240,,,
PASS,0,viet-family-city-hoian-place-mot-herbal-drink,city-v1,Nước Mót ở Hội An,Mot herbal drink,4,0,199,,,
PASS,0,viet-family-city-hoian-place-museum,city-v1,Bảo tàng Hội An,Hoi An Museum,3,0,194,,,
PASS,0,viet-family-city-hoian-place-my-son-sanctuary,city-v1,Thánh địa Mỹ Sơn,My Son Sanctuary,3,0,193,,,
PASS,0,viet-family-city-hoian-place-nguyen-hoang-night-market,city-v1,Chợ đêm Nguyễn Hoàng,Nguyen Hoang Night Market,3,0,182,,,
PASS,0,viet-family-city-hoian-place-nguyen-phuc-chu-street,city-v1,Phố Nguyễn Phúc Chu,Nguyen Phuc Chu Street,3,0,207,,,
PASS,0,viet-family-city-hoian-place-nguyen-thai-hoc-street,city-v1,Phố Nguyễn Thái Học,Nguyen Thai Hoc Street,3,0,220,,,
PASS,0,viet-family-city-hoian-place-night-market,city-v1,Chợ đêm Hội An,Hoi An Night Market,3,0,187,,,
PASS,0,viet-family-city-hoian-place-nu-eatery,city-v1,Nu Eatery,Nu Eatery,3,0,186,,,
PASS,0,viet-family-city-hoian-place-phin-coffee,city-v1,Phin Coffee,Phin Coffee,3,0,175,,,
PASS,0,viet-family-city-hoian-place-phung-hung-old-house,city-v1,Nhà cổ Phùng Hưng,Phung Hung Old House,3,0,193,,,
PASS,0,viet-family-city-hoian-place-pottery-workshop,city-v1,Xưởng gốm Thanh Hà,Thanh Ha pottery workshop,3,0,185,,,
PASS,0,viet-family-city-hoian-place-precious-heritage-museum,city-v1,Bảo tàng Di sản Vô giá,Precious Heritage Museum,3,0,186,,,
PASS,0,viet-family-city-hoian-place-quan-cong-temple,city-v1,Miếu Quan Công,Quan Cong Temple,3,0,167,,,
PASS,0,viet-family-city-hoian-place-quan-thang-old-house,city-v1,Nhà cổ Quân Thắng,Quan Thang Old House,3,0,195,,,
PASS,0,viet-family-city-hoian-place-reach-out-tea-house,city-v1,Reaching Out Tea House,Reaching Out Tea House,3,0,184,,,
PASS,0,viet-family-city-hoian-place-reaching-out-arts-crafts,city-v1,Reaching Out Arts & Crafts,Reaching Out Arts & Crafts,3,0,182,,,
PASS,0,viet-family-city-hoian-place-rice-fields,city-v1,Cánh đồng Hội An,Hoi An rice fields,3,0,196,,,
PASS,0,viet-family-city-hoian-place-roastery,city-v1,Hoi An Roastery,Hoi An Roastery,3,0,177,,,
PASS,0,viet-family-city-hoian-place-rosies-cafe,city-v1,Rosie's Cafe,Rosie's Cafe,3,0,174,,,
PASS,0,viet-family-city-hoian-place-sa-huynh-culture-museum,city-v1,Bảo tàng Văn hóa Sa Huỳnh,Museum of Sa Huynh Culture,3,0,194,,,
PASS,0,viet-family-city-hoian-place-silk-village,city-v1,Làng lụa Hội An,Hoi An Silk Village,3,0,165,,,
PASS,0,viet-family-city-hoian-place-streets-restaurant-cafe,city-v1,STREETS Restaurant Cafe,STREETS Restaurant Cafe,3,0,198,,,
PASS,0,viet-family-city-hoian-place-tailor-fitting,city-v1,Thử đồ may đo Hội An,Hoi An tailor fitting,3,0,183,,,
PASS,0,viet-family-city-hoian-place-tan-ky-old-house,city-v1,Nhà cổ Tấn Ký,Tan Ky Old House,3,0,183,,,
PASS,0,viet-family-city-hoian-place-thanh-ha,city-v1,Làng gốm Thanh Hà,Thanh Ha Pottery Village,3,0,161,,,
PASS,0,viet-family-city-hoian-place-the-field,city-v1,The Field Hội An,The Field Hoi An,3,0,204,,,
PASS,0,viet-family-city-hoian-place-thu-bon-river,city-v1,Sông Thu Bồn,Thu Bon River,3,0,170,,,
PASS,0,viet-family-city-hoian-place-tra-nhieu-village,city-v1,Làng Trà Nhiêu,Tra Nhieu Village,3,0,173,,,
PASS,0,viet-family-city-hoian-place-tra-que,city-v1,Làng rau Trà Quế,Tra Que Vegetable Village,3,0,180,,,
PASS,0,viet-family-city-hoian-place-trade-ceramics-museum,city-v1,Bảo tàng Gốm sứ Mậu dịch,Museum of Trade Ceramics,3,0,196,,,
PASS,0,viet-family-city-hoian-place-traditional-art-performance-house,city-v1,Nhà biểu diễn nghệ thuật cổ truyền Hội An,Traditional Art Performance House,3,0,191,,,
PASS,0,viet-family-city-hoian-place-tran-phu-street,city-v1,Phố Trần Phú,Tran Phu Street,3,0,203,,,
PASS,0,viet-family-city-hoian-place-trieu-chau-assembly-hall,city-v1,Hội quán Triều Châu,Trieu Chau Assembly Hall,3,0,187,,,
PASS,0,viet-family-city-hoian-place-u-cafe,city-v1,U Cafe Hội An,U Cafe Hoi An,3,0,195,,,
PASS,0,viet-family-city-hoian-place-vys-market,city-v1,Vy's Market Restaurant,Vy's Market Restaurant,3,0,190,,,
PASS,0,viet-family-city-hoian-place-white-rose-dumplings,city-v1,Bánh bao bánh vạc ở Hội An,White rose dumplings,3,0,184,,,
PASS,0,viet-family-city-hoian-place-white-rose-restaurant,city-v1,Nhà hàng White Rose,White Rose Restaurant,3,0,187,,,
PASS,0,viet-family-city-hoian-place-wonton,city-v1,Hoành thánh Hội An,Hoi An wonton,3,0,185,,,
PASS,0,viet-family-city-hoian-place-yaly-couture,city-v1,Yaly Couture,Yaly Couture,3,0,161,,,
PASS,0,viet-family-city-hoian-reservation-morning-glory,city-v1,Tôi có đặt bàn ở Morning Glory Hội An,I have a reservation at Morning Glory Hoi An,5,6,149,,,
PASS,0,viet-family-city-hoian-stop-an-hoi-island,city-v1,Dừng ở Đảo An Hội,Stop at An Hoi Island,5,3,113,,,
PASS,0,viet-family-city-hoian-stop-ancient-town,city-v1,Dừng ở Phố cổ Hội An,Stop at Hoi An Ancient Town,5,3,128,,,
PASS,0,viet-family-city-hoian-stop-banh-mi-phuong,city-v1,Cho tôi xuống gần nhà hàng Bánh mì Phượng.,Let me off near Bánh mì Phượng restaurant.,5,7,139,,,
PASS,0,viet-family-city-hoian-stop-cam-chau,city-v1,Dừng ở Cẩm Châu,Stop at Cam Chau,4,3,85,,,
PASS,0,viet-family-city-hoian-stop-cam-nam,city-v1,Dừng ở Cẩm Nam,Stop at Cam Nam,4,3,85,,,
PASS,0,viet-family-city-hoian-stop-cao-lau-city,city-v1,Cho tôi cao lầu,"Cao lau, please",5,4,106,,,
PASS,0,viet-family-city-hoian-stop-faifo-coffee,city-v1,Dừng ở Faifo Coffee,Stop at Faifo Coffee,5,3,97,,,
PASS,0,viet-family-city-hoian-stop-market,city-v1,Dừng ở Chợ Hội An,Stop at Hoi An Market,5,3,113,,,
PASS,0,viet-family-city-hoian-stop-morning-glory,city-v1,Cho tôi xuống gần nhà hàng Morning Glory Hội An.,Let me off near Morning Glory Hội An restaurant.,5,7,156,,,
PASS,0,viet-family-city-hoian-stop-nguyen-hoang-night-market,city-v1,Dừng ở Chợ đêm Nguyễn Hoàng,Stop at Nguyen Hoang Night Market,5,3,131,,,
PASS,0,viet-family-city-hoian-stop-night-market,city-v1,Dừng ở Chợ đêm Hội An,Stop at Hoi An Night Market,4,3,114,,,
PASS,0,viet-family-city-hoian-stop-reach-out-tea-house,city-v1,Dừng ở Reaching Out Tea House,Stop at Reaching Out Tea House,5,3,124,,,
PASS,0,viet-family-city-hoian-ticket-ancient-town,city-v1,Một vé vào phố cổ Hội An,One ticket to Hoi An Ancient Town,5,5,127,,,
PASS,0,viet-family-city-hoian-where-an-hoi-island,city-v1,Đảo An Hội ở đâu?,Where is An Hoi Island?,5,3,113,,,
PASS,0,viet-family-city-hoian-where-ancient-town,city-v1,Phố cổ Hội An ở đâu?,Where is Hoi An Ancient Town?,5,3,120,,,
PASS,0,viet-family-city-hoian-where-banh-mi-phuong,city-v1,Bánh mì Phượng ở đâu?,Where is Banh Mi Phuong?,5,3,120,,,
PASS,0,viet-family-city-hoian-where-cam-chau,city-v1,Cẩm Châu ở đâu?,Where is Cam Chau?,4,3,85,,,
PASS,0,viet-family-city-hoian-where-cam-nam,city-v1,Cẩm Nam ở đâu?,Where is Cam Nam?,4,3,85,,,
PASS,0,viet-family-city-hoian-where-cao-lau-city,city-v1,Ở đâu có cao lầu?,Where can I get cao lau?,5,4,112,,,
PASS,0,viet-family-city-hoian-where-faifo-coffee,city-v1,Faifo Coffee ở đâu?,Where is Faifo Coffee?,5,3,101,,,
PASS,0,viet-family-city-hoian-where-market,city-v1,Chợ Hội An ở đâu?,Where is Hoi An Market?,5,3,105,,,
PASS,0,viet-family-city-hoian-where-morning-glory,city-v1,Morning Glory Hội An ở đâu?,Where is Morning Glory Hoi An?,5,3,137,,,
PASS,0,viet-family-city-hoian-where-nguyen-hoang-night-market,city-v1,Chợ đêm Nguyễn Hoàng ở đâu?,Where is Nguyen Hoang Night Market?,5,3,131,,,
PASS,0,viet-family-city-hoian-where-night-market,city-v1,Chợ đêm Hội An ở đâu?,Where is Hoi An Night Market?,4,3,114,,,
PASS,0,viet-family-city-hoian-where-reach-out-tea-house,city-v1,Reaching Out Tea House ở đâu?,Where is Reaching Out Tea House?,5,3,120,,,
PASS,0,viet-family-city-hoian-where-tran-phu,city-v1,Phố Trần Phú ở đâu?,Where is Tran Phu Street?,2,3,68,,,
PASS,0,viet-family-city-hue-atm-an-cuu-market,city-v1,Có ATM gần Chợ An Cựu không?,Is there an ATM near An Cuu Market?,5,6,129,,,
PASS,0,viet-family-city-hue-atm-bao-vinh-ancient-town,city-v1,Có ATM gần Phố cổ Bao Vinh không?,Is there an ATM near Bao Vinh Ancient Town?,5,6,144,,,
PASS,0,viet-family-city-hue-atm-bun-bo-city,city-v1,Ở đây có bún bò Huế không?,Do you have bun bo Hue here?,5,6,133,,,
PASS,0,viet-family-city-hue-atm-dong-ba-bun-bo,city-v1,Gần hàng bún bò ở chợ Đông Ba có ATM không?,Is there an ATM near the bun bo stall at Dong Ba Market?,5,7,162,,,
PASS,0,viet-family-city-hue-atm-dong-ba-market,city-v1,Có ATM gần Chợ Đông Ba không?,Is there an ATM near Dong Ba Market?,5,6,133,,,
PASS,0,viet-family-city-hue-atm-hen-island,city-v1,Có ATM gần Cồn Hến không?,Is there an ATM near Hen Island?,5,6,108,,,
PASS,0,viet-family-city-hue-atm-le-loi-street,city-v1,Có ATM gần Đường Lê Lợi không?,Is there an ATM near Le Loi Street?,5,6,126,,,
PASS,0,viet-family-city-hue-atm-les-jardins,city-v1,Có ATM gần Les Jardins de la Carambole không?,Is there an ATM near Les Jardins de la Carambole?,5,6,171,,,
PASS,0,viet-family-city-hue-bun-bo,city-v1,Tôi muốn ăn bún bò Huế,I want to eat bun bo Hue,5,5,117,,,
PASS,0,viet-family-city-hue-eat-near-an-cuu-market,city-v1,Ăn gần Chợ An Cựu,Eat near An Cuu Market,5,4,109,,,
PASS,0,viet-family-city-hue-eat-near-bao-vinh-ancient-town,city-v1,Ăn gần Phố cổ Bao Vinh,Eat near Bao Vinh Ancient Town,5,4,124,,,
PASS,0,viet-family-city-hue-eat-near-bun-bo-city,city-v1,Ăn bún bò Huế ở đâu?,Where can I eat bun bo Hue?,5,4,115,,,
PASS,0,viet-family-city-hue-eat-near-dong-ba-bun-bo,city-v1,Ăn gần Bún bò ở chợ Đông Ba,Eat near Bun bo at Dong Ba Market,3,4,132,,,
PASS,0,viet-family-city-hue-eat-near-dong-ba-market,city-v1,Ăn gần Chợ Đông Ba,Eat near Dong Ba Market,5,4,113,,,
PASS,0,viet-family-city-hue-entrance-an-cuu-market,city-v1,Lối vào Chợ An Cựu ở đâu?,Where is the entrance to An Cuu Market?,5,4,126,,,
PASS,0,viet-family-city-hue-entrance-dong-ba-market,city-v1,Lối vào Chợ Đông Ba ở đâu?,Where is the entrance to Dong Ba Market?,5,4,128,,,
PASS,0,viet-family-city-hue-go-an-cuu-market,city-v1,Đi Chợ An Cựu,Go to An Cuu Market,5,3,115,,,
PASS,0,viet-family-city-hue-go-bao-vinh-ancient-town,city-v1,Đi Phố cổ Bao Vinh,Go to Bao Vinh Ancient Town,5,3,133,,,
PASS,0,viet-family-city-hue-go-bun-bo-city,city-v1,Tìm bún bò Huế ở đâu?,Where can I find bun bo Hue?,5,4,114,,,
PASS,0,viet-family-city-hue-go-dong-ba,city-v1,Đi chợ Đông Ba,Go to Dong Ba Market,5,3,101,,,
PASS,0,viet-family-city-hue-go-dong-ba-bun-bo,city-v1,Tôi muốn tìm bún bò ở chợ Đông Ba,I want to find bun bo at Dong Ba Market,3,5,134,,,
PASS,0,viet-family-city-hue-go-hen-island,city-v1,Đi Cồn Hến,Go to Hen Island,5,3,97,,,
PASS,0,viet-family-city-hue-go-les-jardins,city-v1,Cho tôi đến nhà hàng Les Jardins de la Carambole.,Please take me to Les Jardins de la Carambole restaurant.,5,6,170,,,
PASS,0,viet-family-city-hue-go-nguyen-dinh-chieu-street,city-v1,Đi Phố đi bộ Nguyễn Đình Chiểu,Go to Nguyen Dinh Chieu Walking Street,4,3,139,,,
PASS,0,viet-family-city-hue-go-night-market,city-v1,Đi Chợ đêm Huế,Go to Hue Night Market,4,3,100,,,
PASS,0,viet-family-city-hue-go-phu-bai-airport,city-v1,Đi Sân bay Phú Bài,Go to Phu Bai Airport,3,3,94,,,
PASS,0,viet-family-city-hue-go-railway-station,city-v1,Đi Ga Huế,Go to Hue Railway Station,3,3,82,,,
PASS,0,viet-family-city-hue-le-loi-route,city-v1,Đi đường Lê Lợi,Go by Le Loi Street,5,3,101,,,
PASS,0,viet-family-city-hue-near-an-cuu-market,city-v1,Chợ An Cựu gần đây không?,Is An Cuu Market near here?,5,4,123,,,
PASS,0,viet-family-city-hue-near-bao-vinh-ancient-town,city-v1,Phố cổ Bao Vinh gần đây không?,Is Bao Vinh Ancient Town near here?,5,4,141,,,
PASS,0,viet-family-city-hue-near-dong-ba,city-v1,Chợ Đông Ba gần đây không?,Is Dong Ba Market near here?,5,4,113,,,
PASS,0,viet-family-city-hue-near-hen-island,city-v1,Cồn Hến gần đây không?,Is Hen Island near here?,5,4,105,,,
PASS,0,viet-family-city-hue-near-le-loi-street,city-v1,Đường Lê Lợi gần đây không?,Is Le Loi Street near here?,5,4,123,,,
PASS,0,viet-family-city-hue-near-nguyen-dinh-chieu-street,city-v1,Phố đi bộ Nguyễn Đình Chiểu gần đây không?,Is Nguyen Dinh Chieu Walking Street near here?,4,4,147,,,
PASS,0,viet-family-city-hue-near-night-market,city-v1,Chợ đêm Huế gần đây không?,Is Hue Night Market near here?,4,4,108,,,
PASS,0,viet-family-city-hue-pharmacy-dong-ba,city-v1,Có nhà thuốc gần chợ Đông Ba không?,Is there a pharmacy near Dong Ba Market?,5,6,131,,,
PASS,0,viet-family-city-hue-place-an-cuu-market,city-v1,Chợ An Cựu,An Cuu Market,3,0,189,,,
PASS,0,viet-family-city-hue-place-an-dinh-palace,city-v1,Cung An Định,An Dinh Palace,3,0,194,,,
PASS,0,viet-family-city-hue-place-an-hien-garden-house,city-v1,Nhà vườn An Hiên,An Hien Garden House,3,0,188,,,
PASS,0,viet-family-city-hue-place-ancient-hue-gallery-cuisine,city-v1,Ancient Hue Gallery Cuisine,Ancient Hue Gallery Cuisine,3,0,211,,,
PASS,0,viet-family-city-hue-place-ancient-hue-restaurant,city-v1,Ancient Hue Restaurant,Ancient Hue Restaurant,3,0,186,,,
PASS,0,viet-family-city-hue-place-ancient-space-restaurant,city-v1,Không gian xưa,Ancient Space Restaurant,3,0,181,,,
PASS,0,viet-family-city-hue-place-ba-van-banh-loc,city-v1,Bánh lọc Bà Vân,Ba Van Banh Loc,3,0,178,,,
PASS,0,viet-family-city-hue-place-bach-ma-national-park,city-v1,Vườn quốc gia Bạch Mã,Bach Ma National Park,3,0,211,,,
PASS,0,viet-family-city-hue-place-banh-beo,city-v1,Bánh bèo ở Huế,Banh beo,3,0,189,,,
PASS,0,viet-family-city-hue-place-banh-bot-loc,city-v1,Bánh bột lọc ở Huế,Banh bot loc,3,0,185,,,
PASS,0,viet-family-city-hue-place-banh-khoai,city-v1,Bánh khoái ở Huế,Banh khoai,3,0,189,,,
PASS,0,viet-family-city-hue-place-banh-nam,city-v1,Bánh nậm ở Huế,Banh nam,3,0,214,,,
PASS,0,viet-family-city-hue-place-bao-quoc-pagoda,city-v1,Chùa Báo Quốc,Bao Quoc Pagoda,3,0,185,,,
PASS,0,viet-family-city-hue-place-bao-vinh-ancient-town,city-v1,Phố cổ Bao Vinh,Bao Vinh Ancient Town,3,0,220,,,
PASS,0,viet-family-city-hue-place-ben-ngu-market,city-v1,Chợ Bến Ngự,Ben Ngu Market,3,0,188,,,
PASS,0,viet-family-city-hue-place-ben-trang-cafe-bistro,city-v1,Bến Trắng Cafe & Bistro,Ben Trang Cafe & Bistro,3,0,195,,,
PASS,0,viet-family-city-hue-place-bun-bo-city,city-v1,Bún bò Huế,Bun bo Hue,4,0,205,,,
PASS,0,viet-family-city-hue-place-bun-hen,city-v1,Bún hến ở Huế,Bun hen,3,0,184,,,
PASS,0,viet-family-city-hue-place-bun-thit-nuong,city-v1,Bún thịt nướng ở Huế,Bun thit nuong,3,0,191,,,
PASS,0,viet-family-city-hue-place-che-hue,city-v1,Chè Huế,Hue sweet soup,3,0,179,,,
PASS,0,viet-family-city-hue-place-chu-van-an-street,city-v1,Đường Chu Văn An,Chu Van An Street,3,0,191,,,
PASS,0,viet-family-city-hue-place-com-am-phu,city-v1,Cơm âm phủ ở Huế,Com am phu,3,0,219,,,
PASS,0,viet-family-city-hue-place-com-hen,city-v1,Cơm hến ở Huế,Com hen,3,0,190,,,
PASS,0,viet-family-city-hue-place-cyclo-citadel-loop,city-v1,Xích lô quanh Kinh thành,Citadel cyclo loop,3,0,192,,,
PASS,0,viet-family-city-hue-place-dai-nam-restaurant,city-v1,Nhà hàng Đại Nam,Dai Nam Restaurant,3,0,197,,,
PASS,0,viet-family-city-hue-place-de-po-cafe,city-v1,De Po Cafe,De Po Cafe,3,0,195,,,
PASS,0,viet-family-city-hue-place-diem-phung-thi-art-center,city-v1,Trung tâm Nghệ thuật Điềm Phùng Thị,Diem Phung Thi Art Center,3,0,206,,,
PASS,0,viet-family-city-hue-place-dien-tho-palace,city-v1,Cung Diên Thọ,Dien Tho Palace,3,0,195,,,
PASS,0,viet-family-city-hue-place-dong-ba,city-v1,Chợ Đông Ba,Dong Ba Market,3,0,201,,,
PASS,0,viet-family-city-hue-place-dong-ba-bun-bo,city-v1,Bún bò chợ Đông Ba ở Huế,Bun bo at Dong Ba Market,4,0,226,,,
PASS,0,viet-family-city-hue-place-dong-khanh-tomb,city-v1,Lăng Đồng Khánh,Tomb of Dong Khanh,3,0,203,,,
PASS,0,viet-family-city-hue-place-duc-duc-tomb,city-v1,Lăng Dục Đức,Tomb of Duc Duc,3,0,222,,,
PASS,0,viet-family-city-hue-place-duyet-thi-duong-theater,city-v1,Duyệt Thị Đường,Duyet Thi Duong Royal Theater,3,0,213,,,
PASS,0,viet-family-city-hue-place-flag-tower,city-v1,Kỳ Đài Huế,Hue Flag Tower,3,0,202,,,
PASS,0,viet-family-city-hue-place-forbidden-purple-city,city-v1,Tử Cấm Thành,Forbidden Purple City,3,0,199,,,
PASS,0,viet-family-city-hue-place-gia-hoi,city-v1,Gia Hội,Gia Hoi,3,0,223,,,
PASS,0,viet-family-city-hue-place-gia-long-tomb,city-v1,Lăng Gia Long,Tomb of Gia Long,3,0,252,,,
PASS,0,viet-family-city-hue-place-hen-island,city-v1,Cồn Hến,Hen Island,3,0,260,,,
PASS,0,viet-family-city-hue-place-hon-chen-temple,city-v1,Điện Hòn Chén,Hon Chen Temple,3,0,216,,,
PASS,0,viet-family-city-hue-place-huyen-tran-temple,city-v1,Đền Huyền Trân,Huyen Tran Princess Temple,3,0,232,,,
PASS,0,viet-family-city-hue-place-imperial-city,city-v1,Kinh thành Huế,Hue Imperial City,3,0,244,,,
PASS,0,viet-family-city-hue-place-incense-village-workshop,city-v1,Trải nghiệm làm hương Thủy Xuân,Incense village workshop,3,0,243,,,
PASS,0,viet-family-city-hue-place-khai-dinh-tomb,city-v1,Lăng Khải Định,Tomb of Khai Dinh,3,0,237,,,
PASS,0,viet-family-city-hue-place-khong-gian-hoai-co-coffee,city-v1,Không Gian Hoài Cổ Coffee,Khong Gian Hoai Co Coffee,3,0,213,,,
PASS,0,viet-family-city-hue-place-kim-long,city-v1,Kim Long,Kim Long,3,0,238,,,
PASS,0,viet-family-city-hue-place-kodo-cafe,city-v1,KODO Cafe,KODO Cafe,3,0,206,,,
PASS,0,viet-family-city-hue-place-lagoon-seafood-boat,city-v1,Thuyền hải sản phá Tam Giang,Lagoon seafood boat,3,0,231,,,
PASS,0,viet-family-city-hue-place-lang-thang-coffee,city-v1,Lang Thang Coffee,Lang Thang Coffee,3,0,240,,,
PASS,0,viet-family-city-hue-place-lap-an-lagoon,city-v1,Đầm Lập An,Lap An Lagoon,3,0,195,,,
PASS,0,viet-family-city-hue-place-le-ba-dang-art-center,city-v1,Trung tâm Nghệ thuật Lê Bá Đảng,Le Ba Dang Art Center,3,0,256,,,
PASS,0,viet-family-city-hue-place-le-ba-dang-memory-space,city-v1,Không gian lưu niệm Lê Bá Đảng,Le Ba Dang Memory Space,3,0,303,,,
PASS,0,viet-family-city-hue-place-le-loi-street,city-v1,Đường Lê Lợi,Le Loi Street,3,0,237,,,
PASS,0,viet-family-city-hue-place-les-jardins,city-v1,Les Jardins de la Carambole,Les Jardins de la Carambole,3,0,223,,,
PASS,0,viet-family-city-hue-place-lien-hoa-vegetarian,city-v1,Nhà hàng chay Liên Hoa,Lien Hoa Vegetarian Restaurant,3,0,209,,,
PASS,0,viet-family-city-hue-place-long-an-palace,city-v1,Điện Long An,Long An Palace,3,0,218,,,
PASS,0,viet-family-city-hue-place-mandarin-coffee-restaurant,city-v1,Mandarin Coffee & Restaurant,Mandarin Coffee & Restaurant,3,0,224,,,
PASS,0,viet-family-city-hue-place-me-xung,city-v1,Mè xửng ở Huế,Me xung sesame candy,4,0,220,,,
PASS,0,viet-family-city-hue-place-minh-mang-tomb,city-v1,Lăng Minh Mạng,Tomb of Minh Mang,3,0,204,,,
PASS,0,viet-family-city-hue-place-museum-commissioned-porcelains,city-v1,Bảo tàng Đồ sứ ký kiểu thời Nguyễn,Museum of Nguyen Dynasty Commissioned Porcelains,3,0,234,,,
PASS,0,viet-family-city-hue-place-nam-giao-esplanade,city-v1,Đàn Nam Giao,Nam Giao Esplanade,3,0,221,,,
PASS,0,viet-family-city-hue-place-ngo-mon-gate,city-v1,Ngọ Môn,Ngo Mon Gate,3,0,249,,,
PASS,0,viet-family-city-hue-place-ngu-binh-mountain,city-v1,Núi Ngự Bình,Ngu Binh Mountain,3,0,264,,,
PASS,0,viet-family-city-hue-place-nguyen-dinh-chieu-street,city-v1,Phố đi bộ Nguyễn Đình Chiểu,Nguyen Dinh Chieu Walking Street,3,0,255,,,
PASS,0,viet-family-city-hue-place-nha-nhac-royal-court-music,city-v1,Nhã nhạc cung đình Huế,Hue Royal Court Music,3,0,218,,,
PASS,0,viet-family-city-hue-place-night-market,city-v1,Chợ đêm Huế,Hue Night Market,3,0,233,,,
PASS,0,viet-family-city-hue-place-nine-dynastic-urns,city-v1,Cửu Đỉnh,Nine Dynastic Urns,3,0,264,,,
PASS,0,viet-family-city-hue-place-northern-bus-station,city-v1,Bến xe phía Bắc Huế,Hue Northern Bus Station,3,0,236,,,
PASS,0,viet-family-city-hue-place-perfume-river,city-v1,Sông Hương,Perfume River,3,0,203,,,
PASS,0,viet-family-city-hue-place-perfume-river-dragon-boat,city-v1,Thuyền rồng sông Hương,Perfume River dragon boat,3,0,224,,,
PASS,0,viet-family-city-hue-place-pham-ngu-lao-street,city-v1,Đường Phạm Ngũ Lão,Pham Ngu Lao Street,3,0,212,,,
PASS,0,viet-family-city-hue-place-phu-bai-airport,city-v1,Sân bay Phú Bài,Phu Bai Airport,3,0,244,,,
PASS,0,viet-family-city-hue-place-phu-cam-church,city-v1,Nhà thờ Phủ Cam,Phu Cam Church,3,0,229,,,
PASS,0,viet-family-city-hue-place-phu-hau-market,city-v1,Chợ Phú Hậu,Phu Hau Market,3,0,243,,,
PASS,0,viet-family-city-hue-place-railway-station,city-v1,Ga Huế,Hue Railway Station,3,0,215,,,
PASS,0,viet-family-city-hue-place-royal-antiquities-museum,city-v1,Bảo tàng Cổ vật Cung đình Huế,Hue Museum of Royal Antiquities,3,0,242,,,
PASS,0,viet-family-city-hue-place-royal-court-music-show,city-v1,Biểu diễn nhã nhạc cung đình,Royal court music show,3,0,243,,,
PASS,0,viet-family-city-hue-place-ru-cha-mangrove,city-v1,Rú Chá,Ru Cha Mangrove Forest,3,0,239,,,
PASS,0,viet-family-city-hue-place-song-huong-floating-restaurant,city-v1,Nhà hàng nổi Sông Hương,Song Huong Floating Restaurant,3,0,230,,,
PASS,0,viet-family-city-hue-place-songlab,city-v1,Sống Platform - SốngLab,Sống Platform - SốngLab,3,0,231,,,
PASS,0,viet-family-city-hue-place-southern-bus-station,city-v1,Bến xe phía Nam Huế,Hue Southern Bus Station,3,0,239,,,
PASS,0,viet-family-city-hue-place-tam-giang-lagoon,city-v1,Phá Tam Giang,Tam Giang Lagoon,3,0,198,,,
PASS,0,viet-family-city-hue-place-tay-loc-market,city-v1,Chợ Tây Lộc,Tay Loc Market,3,0,231,,,
PASS,0,viet-family-city-hue-place-thai-hoa-palace,city-v1,Điện Thái Hòa,Thai Hoa Palace,3,0,216,,,
PASS,0,viet-family-city-hue-place-thanh-cafe,city-v1,Thành Cafe,Thanh Cafe,3,0,215,,,
PASS,0,viet-family-city-hue-place-thanh-toan-bridge,city-v1,Cầu ngói Thanh Toàn,Thanh Toan Bridge,3,0,232,,,
PASS,0,viet-family-city-hue-place-the-mieu-temple,city-v1,Thế Miếu,The Mieu Temple,3,0,215,,,
PASS,0,viet-family-city-hue-place-thien-mu,city-v1,Chùa Thiên Mụ,Thien Mu Pagoda,3,0,218,,,
PASS,0,viet-family-city-hue-place-thieu-tri-tomb,city-v1,Lăng Thiệu Trị,Tomb of Thieu Tri,3,0,212,,,
PASS,0,viet-family-city-hue-place-thuy-bieu-village,city-v1,Làng Thủy Biều,Thuy Bieu Village,3,0,208,,,
PASS,0,viet-family-city-hue-place-thuy-xuan-incense-village,city-v1,Làng hương Thủy Xuân,Thuy Xuan Incense Village,3,0,199,,,
PASS,0,viet-family-city-hue-place-tinh-gia-vien,city-v1,Tịnh Gia Viên,Tinh Gia Vien Restaurant,3,0,266,,,
PASS,0,viet-family-city-hue-place-toa-kham-boat-station,city-v1,Bến thuyền Tòa Khâm,Toa Kham Boat Station,3,0,239,,,
PASS,0,viet-family-city-hue-place-truong-tien,city-v1,Cầu Trường Tiền,Truong Tien Bridge,3,0,265,,,
PASS,0,viet-family-city-hue-place-truong-tien-plaza,city-v1,Trung tâm thương mại Trường Tiền,Trang Tien Plaza Hue,3,0,250,,,
PASS,0,viet-family-city-hue-place-tu-duc-tomb,city-v1,Lăng Tự Đức,Tomb of Tu Duc,3,0,244,,,
PASS,0,viet-family-city-hue-place-tu-hieu-pagoda,city-v1,Chùa Từ Hiếu,Tu Hieu Pagoda,3,0,231,,,
PASS,0,viet-family-city-hue-place-vong-canh-hill,city-v1,Đồi Vọng Cảnh,Vong Canh Hill,3,0,193,,,
PASS,0,viet-family-city-hue-place-vy-da,city-v1,Vỹ Dạ,Vy Da,3,0,261,,,
PASS,0,viet-family-city-hue-place-walking-street,city-v1,Phố đi bộ Huế,Hue Walking Street,3,0,254,,,
PASS,0,viet-family-city-hue-place-y-thao-garden,city-v1,Ý Thảo Garden,Y Thao Garden,3,0,245,,,
PASS,0,viet-family-city-hue-reservation-les-jardins,city-v1,Tôi có đặt bàn ở Les Jardins de la Carambole,I have a reservation at Les Jardins de la Carambole,5,6,169,,,
PASS,0,viet-family-city-hue-stop-an-cuu-market,city-v1,Dừng ở Chợ An Cựu,Stop at An Cuu Market,5,3,113,,,
PASS,0,viet-family-city-hue-stop-bao-vinh-ancient-town,city-v1,Dừng ở Phố cổ Bao Vinh,Stop at Bao Vinh Ancient Town,5,3,131,,,
PASS,0,viet-family-city-hue-stop-bun-bo-city,city-v1,Cho tôi bún bò Huế,"Bun bo Hue, please",5,4,109,,,
PASS,0,viet-family-city-hue-stop-dong-ba-bun-bo,city-v1,Cho tôi xuống ở chợ Đông Ba,Let me off at Dong Ba Market,5,5,122,,,
PASS,0,viet-family-city-hue-stop-dong-ba-market,city-v1,Dừng ở Chợ Đông Ba,Stop at Dong Ba Market,5,3,115,,,
PASS,0,viet-family-city-hue-stop-hen-island,city-v1,Dừng ở Cồn Hến,Stop at Hen Island,5,3,95,,,
PASS,0,viet-family-city-hue-stop-le-loi-street,city-v1,Dừng ở Đường Lê Lợi,Stop at Le Loi Street,5,3,113,,,
PASS,0,viet-family-city-hue-stop-les-jardins,city-v1,Cho tôi xuống gần nhà hàng Les Jardins de la Carambole.,Let me off near Les Jardins de la Carambole restaurant.,5,7,179,,,
PASS,0,viet-family-city-hue-stop-nguyen-dinh-chieu-street,city-v1,Dừng ở Phố đi bộ Nguyễn Đình Chiểu,Stop at Nguyen Dinh Chieu Walking Street,4,3,137,,,
PASS,0,viet-family-city-hue-stop-night-market,city-v1,Dừng ở Chợ đêm Huế,Stop at Hue Night Market,4,3,98,,,
PASS,0,viet-family-city-hue-stop-phu-bai-airport,city-v1,Dừng ở Sân bay Phú Bài,Stop at Phu Bai Airport,3,3,92,,,
PASS,0,viet-family-city-hue-stop-railway-station,city-v1,Dừng ở Ga Huế,Stop at Hue Railway Station,3,3,80,,,
PASS,0,viet-family-city-hue-walking-street,city-v1,Đi phố đi bộ Huế,Go to Hue Walking Street,2,3,72,,,
PASS,0,viet-family-city-hue-where-airport,city-v1,Sân bay Phú Bài ở đâu?,Where is Phu Bai Airport?,3,3,79,,,
PASS,0,viet-family-city-hue-where-an-cuu-market,city-v1,Chợ An Cựu ở đâu?,Where is An Cuu Market?,5,3,113,,,
PASS,0,viet-family-city-hue-where-bao-vinh-ancient-town,city-v1,Phố cổ Bao Vinh ở đâu?,Where is Bao Vinh Ancient Town?,5,3,131,,,
PASS,0,viet-family-city-hue-where-bun-bo-city,city-v1,Ở đâu có bún bò Huế?,Where can I get bun bo Hue?,5,4,116,,,
PASS,0,viet-family-city-hue-where-dong-ba-bun-bo,city-v1,Bún bò ở chợ Đông Ba ở chỗ nào?,Where is bun bo at Dong Ba Market?,3,5,135,,,
PASS,0,viet-family-city-hue-where-dong-ba-market,city-v1,Chợ Đông Ba ở đâu?,Where is Dong Ba Market?,5,3,115,,,
PASS,0,viet-family-city-hue-where-hen-island,city-v1,Cồn Hến ở đâu?,Where is Hen Island?,5,3,95,,,
PASS,0,viet-family-city-hue-where-le-loi-street,city-v1,Đường Lê Lợi ở đâu?,Where is Le Loi Street?,5,3,113,,,
PASS,0,viet-family-city-hue-where-les-jardins,city-v1,Les Jardins de la Carambole ở đâu?,Where is Les Jardins de la Carambole?,5,3,158,,,
PASS,0,viet-family-city-hue-where-nguyen-dinh-chieu-street,city-v1,Phố đi bộ Nguyễn Đình Chiểu ở đâu?,Where is Nguyen Dinh Chieu Walking Street?,4,3,137,,,
PASS,0,viet-family-city-hue-where-night-market,city-v1,Chợ đêm Huế ở đâu?,Where is Hue Night Market?,4,3,98,,,
PASS,0,viet-family-city-hue-where-railway-station,city-v1,Ga Huế ở đâu?,Where is Hue Railway Station?,3,3,80,,,
PASS,0,viet-family-city-hue-where-walking-street,city-v1,Phố đi bộ Huế ở đâu?,Where is Hue Walking Street?,2,3,81,,,
PASS,0,viet-family-directions-go-straight,tier1,Tôi đi thẳng phải không?,Should I go straight?,8,4,299,,content-draft/viet/canonical-pages/tier-one/directions-navigation/directions-go-straight.json,
PASS,0,viet-family-directions-how-long,tier1,Đi bộ mất bao lâu?,How long does it take on foot?,8,4,327,,content-draft/viet/canonical-pages/tier-one/directions-navigation/directions-how-long.json,
PASS,0,viet-family-directions-how-to-get,tier1,"Cho hỏi, đi tới đó thế nào?","Excuse me, how do I get there?",8,6,325,,content-draft/viet/canonical-pages/tier-one/directions-navigation/directions-how-to-get.json,
PASS,0,viet-family-directions-near,tier1,Ở gần đây không?,Is it near here?,8,4,308,,content-draft/viet/canonical-pages/tier-one/directions-navigation/directions-near.json,
PASS,0,viet-family-directions-turn-right,tier1,Tôi rẽ phải đúng không?,Should I turn right?,8,4,324,,content-draft/viet/canonical-pages/tier-one/directions-navigation/directions-turn-right.json,
PASS,0,viet-family-emergency-ambulance,tier1,Gọi xe cứu thương,Call an ambulance,9,3,276,,content-draft/viet/canonical-pages/tier-one/emergency-safety/emergency-ambulance.json,
PASS,0,viet-family-emergency-emergency,tier1,Đây là trường hợp khẩn cấp,This is an emergency,10,4,290,,content-draft/viet/canonical-pages/tier-one/emergency-safety/emergency-emergency.json,
PASS,0,viet-family-emergency-hospital,tier1,Bệnh viện gần nhất ở đâu?,Where is the nearest hospital?,9,4,315,,content-draft/viet/canonical-pages/tier-one/emergency-safety/emergency-hospital.json,
PASS,0,viet-family-emergency-not-safe,tier1,Tôi cảm thấy không an toàn,I feel unsafe,9,4,287,,content-draft/viet/canonical-pages/tier-one/emergency-safety/emergency-not-safe.json,
PASS,0,viet-family-emergency-passport,tier1,Tôi mất hộ chiếu,I lost my passport,9,4,252,,content-draft/viet/canonical-pages/tier-one/emergency-safety/emergency-passport.json,
PASS,0,viet-family-emergency-police,tier1,Gọi công an,Call the police,9,4,270,,content-draft/viet/canonical-pages/tier-one/emergency-safety/emergency-police.json,
PASS,0,viet-family-food-bottled-water,tier1,Có nước suối không?,Do you have bottled water?,14,4,332,,content-draft/viet/canonical-pages/tier-one/food-drink/food-bottled-water.json,
PASS,0,viet-family-food-less-ice,tier1,Ít đá thôi,Just a little ice,11,3,374,,content-draft/viet/canonical-pages/tier-one/food-drink/food-less-ice.json,
PASS,0,viet-family-food-menu,tier1,Cho tôi xem thực đơn được không?,Can I see the menu?,13,4,387,,content-draft/viet/canonical-pages/tier-one/food-drink/food-menu.json,
PASS,0,viet-family-food-no-sugar,tier1,Không đường nhé,No sugar please,11,3,355,,content-draft/viet/canonical-pages/tier-one/food-drink/food-no-sugar.json,
PASS,0,viet-family-food-not-spicy,tier1,Không cay nhé,Not spicy please,14,3,400,,content-draft/viet/canonical-pages/tier-one/food-drink/food-not-spicy.json,
PASS,0,viet-family-food-one-portion,tier1,Cho tôi một phần,One portion please,13,4,343,,content-draft/viet/canonical-pages/tier-one/food-drink/food-one-portion.json,
PASS,0,viet-family-food-pack-to-go,tier1,Gói mang về,Pack it to go,13,3,388,,content-draft/viet/canonical-pages/tier-one/food-drink/food-pack-to-go.json,
PASS,0,viet-family-food-pay-now,tier1,Tính tiền giúp tôi,Please let me pay,12,5,373,,content-draft/viet/canonical-pages/tier-one/food-drink/food-pay-now.json,
PASS,0,viet-family-food-peanut-allergy,tier1,Tôi bị dị ứng đậu phộng,I am allergic to peanuts,18,4,527,,content-draft/viet/canonical-pages/tier-one/food-drink/food-peanut-allergy.json,
PASS,0,viet-family-food-this-bowl,tier1,Cho tôi tô này,I’ll take this bowl,13,5,396,,content-draft/viet/canonical-pages/tier-one/food-drink/food-this-bowl.json,
PASS,0,viet-family-food-to-go,tier1,Mang đi,To go,13,2,376,,content-draft/viet/canonical-pages/tier-one/food-drink/food-to-go.json,
PASS,0,viet-family-food-utensils,tier1,Cho tôi muỗng với đũa,A spoon and chopsticks please,13,6,401,,content-draft/viet/canonical-pages/tier-one/food-drink/food-utensils.json,
PASS,0,viet-family-food-vegetarian,tier1,Tôi ăn chay,I am vegetarian,14,3,472,,content-draft/viet/canonical-pages/tier-one/food-drink/food-vegetarian.json,
PASS,0,viet-family-health-allergy,tier1,Tôi bị dị ứng cái này,I am allergic to this,8,5,329,,content-draft/viet/canonical-pages/tier-one/health-pharmacy/health-allergy.json,
PASS,0,viet-family-health-diarrhea,tier1,Tôi cần thuốc tiêu chảy,I need something for diarrhea,8,5,323,,content-draft/viet/canonical-pages/tier-one/health-pharmacy/health-diarrhea.json,
PASS,0,viet-family-health-doctor,tier1,Tôi cần bác sĩ,I need a doctor,8,4,310,,content-draft/viet/canonical-pages/tier-one/health-pharmacy/health-doctor.json,
PASS,0,viet-family-health-headache,tier1,Tôi bị đau đầu,I have a headache,8,4,304,,content-draft/viet/canonical-pages/tier-one/health-pharmacy/health-headache.json,
PASS,0,viet-family-health-motion-sickness,tier1,Có thuốc say xe không?,Do you have motion sickness medicine?,8,4,290,,content-draft/viet/canonical-pages/tier-one/health-pharmacy/health-motion-sickness.json,
PASS,0,viet-family-health-pharmacy,tier1,Nhà thuốc gần nhất ở đâu?,Where is the nearest pharmacy?,9,4,306,,content-draft/viet/canonical-pages/tier-one/health-pharmacy/health-pharmacy.json,
PASS,0,viet-family-health-stomach,tier1,Tôi đau bụng,My stomach hurts,8,3,251,,content-draft/viet/canonical-pages/tier-one/health-pharmacy/health-stomach.json,
PASS,0,viet-family-help-call-hotel,tier1,Gọi khách sạn giúp tôi,Please call the hotel for me,6,5,287,,content-draft/viet/canonical-pages/tier-one/problems-help/help-call-hotel.json,
PASS,0,viet-family-help-left-something,tier1,Tôi quên đồ rồi,I left something behind,6,5,285,,content-draft/viet/canonical-pages/tier-one/problems-help/help-left-something.json,
PASS,0,viet-family-help-lost,tier1,Tôi bị lạc đường,I’m lost,6,4,278,,content-draft/viet/canonical-pages/tier-one/problems-help/help-lost.json,
PASS,0,viet-family-help-manager,tier1,Tôi cần quản lý,I need the manager,6,4,277,,content-draft/viet/canonical-pages/tier-one/problems-help/help-manager.json,
PASS,0,viet-family-help-need-help,tier1,Giúp tôi với,I need help,6,4,277,,content-draft/viet/canonical-pages/tier-one/problems-help/help-need-help.json,
PASS,0,viet-family-hotel-aircon-broken,tier1,Máy lạnh không chạy,The air conditioner isn’t working,9,4,273,,content-draft/viet/canonical-pages/tier-one/hotel-accommodation/hotel-aircon-broken.json,
PASS,0,viet-family-hotel-check-in,tier1,Cho tôi nhận phòng,I’d like to check in,10,4,308,,content-draft/viet/canonical-pages/tier-one/hotel-accommodation/hotel-check-in.json,
PASS,0,viet-family-hotel-checkout,tier1,Cho tôi trả phòng,I’d like to check out,9,4,283,,content-draft/viet/canonical-pages/tier-one/hotel-accommodation/hotel-checkout.json,
PASS,0,viet-family-hotel-checkout-time,tier1,Mấy giờ trả phòng?,What time is check-out?,9,3,272,,content-draft/viet/canonical-pages/tier-one/hotel-accommodation/hotel-checkout-time.json,
PASS,0,viet-family-hotel-luggage,tier1,Giữ hành lý giúp tôi,Please hold my luggage,9,5,278,,content-draft/viet/canonical-pages/tier-one/hotel-accommodation/hotel-luggage.json,
PASS,0,viet-family-hotel-more-supplies,tier1,Cho tôi thêm khăn,More towels please,10,5,314,,content-draft/viet/canonical-pages/tier-one/hotel-accommodation/hotel-more-supplies.json,
PASS,0,viet-family-hotel-reservation,tier1,Tôi có đặt phòng,I have a reservation,9,4,308,,content-draft/viet/canonical-pages/tier-one/hotel-accommodation/hotel-reservation.json,
PASS,0,viet-family-hotel-room-hot,tier1,Phòng này nóng quá,This room is too hot,9,5,263,,content-draft/viet/canonical-pages/tier-one/hotel-accommodation/hotel-room-hot.json,
PASS,0,viet-family-money-another-one,tier1,Cho tôi xem cái khác,Show me another one,9,6,298,,content-draft/viet/canonical-pages/tier-one/money-numbers-prices/money-another-one.json,
PASS,0,viet-family-money-final-price,tier1,Giá cuối bao nhiêu?,What’s your final price?,9,4,288,,content-draft/viet/canonical-pages/tier-one/money-numbers-prices/money-final-price.json,
PASS,0,viet-family-money-how-much,tier1,Cái này bao nhiêu?,How much is this?,10,4,424,,content-draft/viet/canonical-pages/tier-one/money-numbers-prices/money-how-much.json,
PASS,0,viet-family-money-lower-price,tier1,Bớt chút được không?,Can you lower it a little?,9,4,349,,content-draft/viet/canonical-pages/tier-one/money-numbers-prices/money-lower-price.json,
PASS,0,viet-family-money-per-kilo,tier1,Bao nhiêu một ký?,How much per kilo?,9,4,299,,content-draft/viet/canonical-pages/tier-one/money-numbers-prices/money-per-kilo.json,
PASS,0,viet-family-money-take-this,tier1,Tôi lấy cái này,I’ll take this one,9,5,290,,content-draft/viet/canonical-pages/tier-one/money-numbers-prices/money-take-this.json,
PASS,0,viet-family-money-too-expensive,tier1,Mắc quá,Too expensive,9,3,270,,content-draft/viet/canonical-pages/tier-one/money-numbers-prices/money-too-expensive.json,
PASS,0,viet-family-phone-battery-dead,tier1,Điện thoại tôi hết pin rồi,My phone battery is dead,8,6,329,,content-draft/viet/canonical-pages/tier-one/phone-internet-power/phone-battery-dead.json,
PASS,0,viet-family-phone-charge-here,tier1,Tôi sạc điện thoại ở đây được không?,Can I charge my phone here?,8,6,322,,content-draft/viet/canonical-pages/tier-one/phone-internet-power/phone-charge-here.json,
PASS,0,viet-family-phone-charger,tier1,Có sạc không?,Do you have a charger?,8,4,300,,content-draft/viet/canonical-pages/tier-one/phone-internet-power/phone-charger.json,
PASS,0,viet-family-phone-sim,tier1,Có bán SIM không?,Do you sell SIM cards?,8,4,313,,content-draft/viet/canonical-pages/tier-one/phone-internet-power/phone-sim.json,
PASS,0,viet-family-phone-wifi-password,tier1,Mật khẩu Wi-Fi là gì?,What is the Wi-Fi password?,9,4,361,,content-draft/viet/canonical-pages/tier-one/phone-internet-power/phone-wifi-password.json,
PASS,0,viet-family-repair-english-help,tier1,Anh/chị nói tiếng Anh không?,Do you speak English?,9,5,334,,content-draft/viet/canonical-pages/tier-one/understanding-repair/repair-english-help.json,
PASS,0,viet-family-repair-meaning,tier1,Cái đó nghĩa là gì?,What does that mean?,8,6,315,,content-draft/viet/canonical-pages/tier-one/understanding-repair/repair-meaning.json,
PASS,0,viet-family-repair-number,tier1,Làm ơn nói lại số đó,Please say the number again,9,5,339,,content-draft/viet/canonical-pages/tier-one/understanding-repair/repair-number.json,
PASS,0,viet-family-repair-repeat,tier1,Làm ơn nói lại,Please say that again,8,3,313,,content-draft/viet/canonical-pages/tier-one/understanding-repair/repair-repeat.json,
PASS,0,viet-family-repair-slower,tier1,Nói chậm chút được không?,Can you speak a little slower?,9,4,371,,content-draft/viet/canonical-pages/tier-one/understanding-repair/repair-slower.json,
PASS,0,viet-family-repair-understand,tier1,Tôi không hiểu,I don’t understand,8,4,300,,content-draft/viet/canonical-pages/tier-one/understanding-repair/repair-understand.json,
PASS,0,viet-family-repair-write-down,tier1,Viết xuống giúp tôi,Please write it down,8,4,327,,content-draft/viet/canonical-pages/tier-one/understanding-repair/repair-write-down.json,
PASS,0,viet-family-service-bag,tier1,Có túi không?,Do you have a bag?,8,4,308,,content-draft/viet/canonical-pages/tier-one/local-services-everyday-tasks/service-bag.json,
PASS,0,viet-family-service-card,tier1,Tôi quẹt thẻ được không?,Can I pay by card?,8,5,306,,content-draft/viet/canonical-pages/tier-one/local-services-everyday-tasks/service-card.json,
PASS,0,viet-family-service-sunscreen,tier1,Ở đâu có kem chống nắng?,Where is the sunscreen?,8,4,323,,content-draft/viet/canonical-pages/tier-one/local-services-everyday-tasks/service-sunscreen.json,
PASS,0,viet-family-service-tissues,tier1,Cho tôi khăn giấy,Tissues please,8,4,300,,content-draft/viet/canonical-pages/tier-one/local-services-everyday-tasks/service-tissues.json,
PASS,0,viet-family-service-water,tier1,Cho tôi chai nước,A bottle of water please,8,5,305,,content-draft/viet/canonical-pages/tier-one/local-services-everyday-tasks/service-water.json,
PASS,0,viet-family-shopping-color,tier1,Có màu khác không?,Do you have another color?,7,5,282,,content-draft/viet/canonical-pages/tier-one/shopping/shopping-color.json,
PASS,0,viet-family-shopping-just-looking,tier1,Tôi chỉ xem thôi,I’m just looking,7,5,296,,content-draft/viet/canonical-pages/tier-one/shopping/shopping-just-looking.json,
PASS,0,viet-family-shopping-try-on,tier1,Tôi thử cái này được không?,Can I try this on?,7,6,290,,content-draft/viet/canonical-pages/tier-one/shopping/shopping-try-on.json,
PASS,0,viet-family-sight-close,tier1,Mấy giờ đóng cửa?,What time does it close?,6,3,269,,content-draft/viet/canonical-pages/tier-one/sightseeing-activities/sight-close.json,
PASS,0,viet-family-sight-photos,tier1,Tôi chụp hình ở đây được không?,Can I take photos here?,6,7,279,,content-draft/viet/canonical-pages/tier-one/sightseeing-activities/sight-photos.json,
PASS,0,viet-family-sight-ticket,tier1,Vé bao nhiêu?,How much is the ticket?,6,3,262,,content-draft/viet/canonical-pages/tier-one/sightseeing-activities/sight-ticket.json,
PASS,0,viet-family-social-first-time,tier1,Đây là lần đầu của tôi,This is my first time,12,6,372,,content-draft/viet/canonical-pages/tier-one/social-small-talk/social-first-time.json,
PASS,0,viet-family-social-food-good,tier1,Đồ ăn ngon quá,The food is so good,12,5,354,,content-draft/viet/canonical-pages/tier-one/social-small-talk/social-food-good.json,
PASS,0,viet-family-social-from-uk,tier1,Tôi từ Anh,I’m from England,12,4,351,,content-draft/viet/canonical-pages/tier-one/social-small-talk/social-from-uk.json,
PASS,0,viet-family-social-from-us,tier1,Tôi đến từ Mỹ,I’m from the United States,12,5,362,,content-draft/viet/canonical-pages/tier-one/social-small-talk/social-from-us.json,
PASS,0,viet-family-social-like-vietnam,tier1,Tôi thích Việt Nam,I like Vietnam,12,4,349,,content-draft/viet/canonical-pages/tier-one/social-small-talk/social-like-vietnam.json,
PASS,0,viet-family-social-weather-hot,tier1,Thời tiết nóng quá,The weather is so hot,12,4,353,,content-draft/viet/canonical-pages/tier-one/social-small-talk/social-weather-hot.json,
PASS,0,viet-family-time-have-booking,tier1,Tôi có đặt chỗ,I have a booking,7,4,269,,content-draft/viet/canonical-pages/tier-one/time-dates-booking/time-have-booking.json,
PASS,0,viet-family-time-open,tier1,Mấy giờ mở cửa?,What time does it open?,7,3,266,,content-draft/viet/canonical-pages/tier-one/time-dates-booking/time-open.json,
PASS,0,viet-family-time-today,tier1,Hôm nay,Today,7,1,245,,content-draft/viet/canonical-pages/tier-one/time-dates-booking/time-today.json,
PASS,0,viet-family-time-tomorrow-morning,tier1,Sáng mai,Tomorrow morning,7,3,233,,content-draft/viet/canonical-pages/tier-one/time-dates-booking/time-tomorrow-morning.json,
PASS,0,viet-family-time-what-time,tier1,Mấy giờ?,What time?,7,1,265,,content-draft/viet/canonical-pages/tier-one/time-dates-booking/time-what-time.json,
PASS,0,viet-family-transport-aircon,tier1,Mở máy lạnh giúp tôi,Please turn on the air conditioning,10,5,292,,content-draft/viet/canonical-pages/tier-one/transport/transport-aircon.json,
PASS,0,viet-family-transport-cash,tier1,Tôi trả bằng tiền mặt,I’ll pay cash,10,5,300,,content-draft/viet/canonical-pages/tier-one/transport/transport-cash.json,
PASS,0,viet-family-transport-destination,tier1,Cho tôi tới đây,Take me here,10,5,293,,content-draft/viet/canonical-pages/tier-one/transport/transport-destination.json,
PASS,0,viet-family-transport-fare,tier1,Tiền xe bao nhiêu?,How much is the fare?,10,4,296,,content-draft/viet/canonical-pages/tier-one/transport/transport-fare.json,
PASS,0,viet-family-transport-lost,tier1,Tôi nghĩ chúng ta bị lạc rồi,I think we are lost,10,7,322,,content-draft/viet/canonical-pages/tier-one/transport/transport-lost.json,
PASS,0,viet-family-transport-main-destination,tier1,Đi quận 1,Go to District 1,10,3,279,,content-draft/viet/canonical-pages/tier-one/transport/transport-main-destination.json,
PASS,0,viet-family-transport-meter,tier1,Làm ơn bật đồng hồ giúp tôi,Please use the meter,10,7,284,,content-draft/viet/canonical-pages/tier-one/transport/transport-meter.json,
PASS,0,viet-family-transport-route,tier1,Đi đường này đi,Go this way,10,5,295,,content-draft/viet/canonical-pages/tier-one/transport/transport-route.json,
PASS,0,viet-family-transport-stop-here,tier1,Dừng ở đây được rồi,You can stop here,11,5,313,,content-draft/viet/canonical-pages/tier-one/transport/transport-stop-here.json,
PASS,0,viet-family-transport-wait,tier1,Chờ tôi năm phút,Wait for me five minutes,10,5,275,,content-draft/viet/canonical-pages/tier-one/transport/transport-wait.json,
PASS,0,viet-family-v500-airp-bord-arri-here-is-my-passport,tier1,Đây là hộ chiếu của tôi,Here is my passport,8,5,341,,content-draft/viet/canonical-pages/tier-one/airport-border-arrival/v500-airp-bord-arri-here-is-my-passport.json,
PASS,0,viet-family-v500-airp-bord-arri-here-is-my-visa,tier1,Đây là thị thực của tôi,Here is my visa,8,5,347,,content-draft/viet/canonical-pages/tier-one/airport-border-arrival/v500-airp-bord-arri-here-is-my-visa.json,
PASS,0,viet-family-v500-emer-safe-do-not-touch-me,tier1,Đừng chạm vào tôi,Do not touch me,9,5,299,,content-draft/viet/canonical-pages/tier-one/emergency-safety/v500-emer-safe-do-not-touch-me.json,
PASS,0,viet-family-v500-emer-safe-i-am-injured,tier1,tôi bị thương,I am injured,9,4,283,,content-draft/viet/canonical-pages/tier-one/emergency-safety/v500-emer-safe-i-am-injured.json,
PASS,0,viet-family-v500-emer-safe-i-cannot-move,tier1,Tôi không thể di chuyển,I cannot move,9,5,289,,content-draft/viet/canonical-pages/tier-one/emergency-safety/v500-emer-safe-i-cannot-move.json,
PASS,0,viet-family-v500-heal-phar-i-feel-dizzy,tier1,Tôi cảm thấy chóng mặt,I feel dizzy,8,4,338,,content-draft/viet/canonical-pages/tier-one/health-pharmacy/v500-heal-phar-i-feel-dizzy.json,
PASS,0,viet-family-v500-hote-acco-the-door-does-not-lock,tier1,Cửa không khóa,The door does not lock,9,4,284,,content-draft/viet/canonical-pages/tier-one/hotel-accommodation/v500-hote-acco-the-door-does-not-lock.json,
PASS,0,viet-family-v500-mone-numb-pric-the-atm-kept-my-card,tier1,ATM đã giữ thẻ của tôi,The ATM kept my card,9,6,340,,content-draft/viet/canonical-pages/tier-one/money-numbers-prices/v500-mone-numb-pric-the-atm-kept-my-card.json,
PASS,0,viet-family-v500-phon-inte-powe-i-need-an-esim,tier1,Tôi cần một eSIM,I need an eSIM,8,5,334,,content-draft/viet/canonical-pages/tier-one/phone-internet-power/v500-phon-inte-powe-i-need-an-esim.json,
PASS,0,viet-family-v500-phon-inte-powe-my-map-is-not-working,tier1,Bản đồ của tôi không hoạt động,My map is not working,8,4,392,,content-draft/viet/canonical-pages/tier-one/phone-internet-power/v500-phon-inte-powe-my-map-is-not-working.json,
PASS,0,viet-family-v500-prob-help-i-need-help-now,tier1,Tôi cần giúp đỡ bây giờ,I need help now,6,5,317,,content-draft/viet/canonical-pages/tier-one/problems-help/v500-prob-help-i-need-help-now.json,
PASS,0,viet-family-v500-shop-can-you-lower-the-price,tier1,Giảm giá chút được không?,Can you lower the price?,7,4,358,,content-draft/viet/canonical-pages/tier-one/shopping/v500-shop-can-you-lower-the-price.json,
PASS,0,viet-family-v500-shop-how-much-is-this-item,tier1,Mặt hàng này giá bao nhiêu?,How much is this item?,7,6,330,,content-draft/viet/canonical-pages/tier-one/shopping/v500-shop-how-much-is-this-item.json,
PASS,0,viet-family-v500-sigh-acti-i-have-a-tour-booking,tier1,Tôi có đặt tour,I have a tour booking,6,4,370,,content-draft/viet/canonical-pages/tier-one/sightseeing-activities/v500-sigh-acti-i-have-a-tour-booking.json,
PASS,0,viet-family-v500-time-date-book-is-there-a-wait,tier1,Có chờ đợi không?,Is there a wait?,7,4,253,,content-draft/viet/canonical-pages/tier-one/time-dates-booking/v500-time-date-book-is-there-a-wait.json,
PASS,0,viet-family-v500-time-date-book-one-ticket-please,tier1,Xin một vé,"One ticket, please",7,4,269,,content-draft/viet/canonical-pages/tier-one/time-dates-booking/v500-time-date-book-one-ticket-please.json,
PASS,0,viet-family-v500-unde-repa-please-say-it-slowly,tier1,Hãy nói từ từ nhé,Please say it slowly,8,5,326,,content-draft/viet/canonical-pages/tier-one/understanding-repair/v500-unde-repa-please-say-it-slowly.json,
PASS,0,viet-family-ves-call-taxi-for-me,editorial-model-support,Gọi giúp tôi taxi được không?,Can you call me a taxi?,6,6,302,,,
PASS,0,viet-family-ves-can-you-wait-here,editorial-model-support,Anh chờ tôi ở đây được không?,Can you wait for me here?,10,7,331,,,
PASS,0,viet-family-ves-do-you-speak-english-anh,editorial-model-support,Anh nói tiếng Anh không?,Do you speak English?,6,4,240,,,
PASS,0,viet-family-ves-drop-me-off-here,editorial-model-support,Cho tôi xuống ở đây được không?,Can you drop me off here?,11,6,356,,,
PASS,0,viet-family-ves-go-son-tra-peninsula,editorial-model-support,Đi bán đảo Sơn Trà.,Go to Son Tra Peninsula.,6,3,252,,,
PASS,0,viet-family-ves-iced-tea-please,editorial-model-support,Cho tôi trà đá.,"Iced tea, please.",13,3,332,,,
PASS,0,viet-family-ves-not-right-place,editorial-model-support,Hình như không đúng chỗ.,I think this is not the right place.,11,6,327,,,
PASS,0,viet-family-ves-not-too-spicy,editorial-model-support,Không cay quá nhé.,"Not too spicy, please.",15,4,335,,,
PASS,0,viet-family-ves-one-ticket-marble-mountains,editorial-model-support,Một vé vào Ngũ Hành Sơn.,One ticket to Marble Mountains.,6,3,272,,,
PASS,0,viet-family-ves-order-bun-bo-hue-bowl,editorial-model-support,"Dạ, cho tôi một tô bún bò Huế.","One bowl of bun bo Hue, please.",15,4,372,,,
PASS,0,viet-family-ves-order-bun-cha-portion,editorial-model-support,"Dạ, cho tôi một phần bún chả.","One portion of bun cha, please.",14,4,393,,,
PASS,0,viet-family-ves-order-cao-lau-portion,editorial-model-support,"Dạ, cho tôi một phần cao lầu.","One portion of cao lau, please.",15,4,398,,,
PASS,0,viet-family-ves-order-pho-bowl,editorial-model-support,"Dạ, cho tôi một tô phở.","One bowl of pho, please.",14,4,374,,,
PASS,0,viet-family-ves-popular-dish-here,editorial-model-support,Có món nào nổi tiếng không?,What is popular here?,13,6,337,,,
PASS,0,viet-family-ves-to-bach-dang-street,editorial-model-support,Cho tôi đến đường Bạch Đằng.,Please take me to Bach Dang Street.,11,5,310,,,
PASS,0,viet-family-ves-to-nguyen-van-linh-street,editorial-model-support,Cho tôi đến đường Nguyễn Văn Linh.,Please take me to Nguyen Van Linh Street.,11,5,322,,,
PASS,0,viet-family-ves-to-vo-nguyen-giap-street,editorial-model-support,Cho tôi đến đường Võ Nguyên Giáp.,Please take me to Vo Nguyen Giap Street.,11,5,326,,,
PASS,0,viet-family-ves-two-tickets-marble-mountains,editorial-model-support,Hai vé vào Ngũ Hành Sơn.,Two tickets to Marble Mountains.,11,3,304,,,
PASS,0,viet-family-ves-what-time-come-back,editorial-model-support,Mấy giờ quay lại?,What time do we come back?,11,3,272,,,
PASS,0,viet-family-ves-where-dragon-bridge,editorial-model-support,Cầu Rồng ở đâu?,Where is Dragon Bridge?,6,3,272,,,
PASS,0,viet-goodbye,tier1,Tạm biệt,Goodbye,22,3,391,,content-draft/viet/canonical-pages/tier-one/polite-basics/polite-goodbye.json,
PASS,0,viet-hello-good-afternoon,catalog-promoted,Chào buổi chiều,Good afternoon,7,3,199,,content-draft/viet/canonical-pages/catalog-promoted/polite-basics/hello-good-afternoon.json,
PASS,0,viet-how-are-you,catalog-promoted,Bạn khỏe không?,How are you?,7,4,229,,content-draft/viet/canonical-pages/catalog-promoted/social-small-talk/how-are-you-ban.json,
PASS,0,viet-how-are-you-anh,catalog-promoted,Anh khỏe không?,"How are you, older man?",7,4,242,,content-draft/viet/canonical-pages/catalog-promoted/social-small-talk/how-are-you-anh.json,
PASS,0,viet-how-are-you-chi,catalog-promoted,Chị khỏe không?,"How are you, older woman?",7,4,233,,content-draft/viet/canonical-pages/catalog-promoted/social-small-talk/how-are-you-chi.json,
PASS,0,viet-how-are-you-em,catalog-promoted,Em khỏe không?,"How are you, younger person?",7,4,243,,content-draft/viet/canonical-pages/catalog-promoted/social-small-talk/how-are-you-em.json,
PASS,0,viet-phrase-airport-7,catalog-promoted,Nhà ga nội địa ở đâu?,Where is the domestic terminal?,9,3,271,,content-draft/viet/canonical-pages/catalog-promoted/airport-border-arrival/airport-7.json,
PASS,0,viet-phrase-bath-6,catalog-promoted,Ở đây có chỗ tắm không?,Is there a shower here?,9,4,283,,content-draft/viet/canonical-pages/catalog-promoted/bathroom-personal-needs/bath-6.json,
PASS,0,viet-phrase-directions-8,catalog-promoted,Điểm đón ở đâu?,Where is the pickup point?,10,3,301,,content-draft/viet/canonical-pages/catalog-promoted/directions-navigation/directions-8.json,
PASS,0,viet-phrase-directions-9,catalog-promoted,Lối ra nào?,Which exit?,9,3,235,,content-draft/viet/canonical-pages/catalog-promoted/directions-navigation/directions-9.json,
PASS,0,viet-phrase-emergency-5,child,Cứu tôi với!,Help!,7,4,224,,content-draft/viet/canonical-pages/tier-one/emergency-safety/emergency-emergency--emergency-5.json,
PASS,0,viet-phrase-emergency-6,catalog-promoted,Túi của tôi bị lấy mất,My bag was stolen,9,3,247,,content-draft/viet/canonical-pages/catalog-promoted/emergency-safety/emergency-6.json,
PASS,0,viet-phrase-emergency-7,catalog-promoted,Tôi cần đại sứ quán,I need the embassy,9,3,269,,content-draft/viet/canonical-pages/catalog-promoted/emergency-safety/emergency-7.json,
PASS,0,viet-phrase-emergency-premium-phone-stolen,catalog-promoted,Điện thoại của tôi đã bị đánh cắp.,My phone was stolen.,9,3,254,,content-draft/viet/canonical-pages/catalog-promoted/emergency-safety/emergency-premium-phone-stolen.json,
PASS,0,viet-phrase-emergency-premium-tourist-police,catalog-promoted,Tôi cần cảnh sát du lịch.,I need the tourist police.,9,3,265,,content-draft/viet/canonical-pages/catalog-promoted/emergency-safety/emergency-premium-tourist-police.json,
PASS,0,viet-phrase-emergency-premium-wallet-stolen,catalog-promoted,Ví của tôi đã bị đánh cắp.,My wallet was stolen.,9,3,309,,content-draft/viet/canonical-pages/catalog-promoted/emergency-safety/emergency-premium-wallet-stolen.json,
PASS,0,viet-phrase-food-15,child,Món này có trứng hay đậu phộng không?,Does this have egg or peanuts?,10,8,312,,content-draft/viet/canonical-pages/tier-one/food-drink/food-peanut-allergy--food-15.json,
PASS,0,viet-phrase-food-16,catalog-promoted,Đây không phải món tôi gọi,This isn’t what I ordered,11,3,312,,content-draft/viet/canonical-pages/catalog-promoted/food-drink/food-16.json,
PASS,0,viet-phrase-food-17,catalog-promoted,Trả riêng được không?,Can we pay separately?,11,3,320,,content-draft/viet/canonical-pages/catalog-promoted/food-drink/food-17.json,
PASS,0,viet-phrase-food-not-spicy-clearer,child,Ít cay thôi,"Less spicy, please",13,3,287,,content-draft/viet/canonical-pages/tier-one/food-drink/food-not-spicy--food-not-spicy-clearer.json,
PASS,0,viet-phrase-food-premium-has-meat-in-it,catalog-promoted,Cái này có thịt trong đó.,This has meat in it.,11,7,359,,content-draft/viet/canonical-pages/catalog-promoted/food-drink/food-premium-has-meat-in-it.json,
PASS,0,viet-phrase-food-premium-has-peanuts,catalog-promoted,Cái này có đậu phộng không?,Does this have peanuts?,10,5,308,,content-draft/viet/canonical-pages/catalog-promoted/food-drink/food-premium-has-peanuts.json,
PASS,0,viet-phrase-food-premium-no-meat,catalog-promoted,Làm ơn đừng có thịt.,"No meat, please.",11,3,329,,content-draft/viet/canonical-pages/catalog-promoted/food-drink/food-premium-no-meat.json,
PASS,0,viet-phrase-food-premium-too-spicy-now,catalog-promoted,Món này quá cay đối với tôi.,This is too spicy for me.,7,4,267,,content-draft/viet/canonical-pages/catalog-promoted/food-drink/food-premium-too-spicy-now.json,
PASS,0,viet-phrase-food-premium-which-dish-safe,catalog-promoted,Món ăn nào an toàn nhất cho người bị dị ứng này?,Which dish is safest for this allergy?,11,9,373,,content-draft/viet/canonical-pages/catalog-promoted/food-drink/food-premium-which-dish-safe.json,
PASS,0,viet-phrase-food-premium-without-this-ingredient,catalog-promoted,Bạn có thể làm món này không có nguyên liệu này được không?,Can you make it without this ingredient?,11,5,387,,content-draft/viet/canonical-pages/catalog-promoted/food-drink/food-premium-without-this-ingredient.json,
PASS,0,viet-phrase-help-4,catalog-promoted,Tôi bị tính tiền hai lần,I was charged twice,9,4,269,,content-draft/viet/canonical-pages/catalog-promoted/problems-help/help-4.json,
PASS,0,viet-phrase-help-5,catalog-promoted,Tôi cần làm biên bản,I need to file a report,8,3,265,,content-draft/viet/canonical-pages/catalog-promoted/problems-help/help-5.json,
PASS,0,viet-phrase-help-premium-call-this-number,catalog-promoted,Bạn có thể gọi số này hộ tôi được không?,Can you call this number for me?,8,5,291,,content-draft/viet/canonical-pages/catalog-promoted/problems-help/help-premium-call-this-number.json,
PASS,0,viet-phrase-help-premium-come-with-me,catalog-promoted,Bạn có thể đi cùng tôi được không?,Can you come with me?,8,4,275,,content-draft/viet/canonical-pages/catalog-promoted/problems-help/help-premium-come-with-me.json,
PASS,0,viet-phrase-help-premium-translate-for-me,catalog-promoted,Bạn có thể dịch giúp tôi được không?,Can you help translate for me?,8,7,290,,content-draft/viet/canonical-pages/catalog-promoted/problems-help/help-premium-translate-for-me.json,
PASS,0,viet-phrase-hotel-8,catalog-promoted,Thẻ phòng không mở được,The key card doesn’t work,9,3,278,,content-draft/viet/canonical-pages/catalog-promoted/hotel-accommodation/hotel-8.json,
PASS,0,viet-phrase-hotel-9,catalog-promoted,Gọi taxi giúp tôi được không?,Can you call a taxi for me?,10,6,305,,content-draft/viet/canonical-pages/catalog-promoted/hotel-accommodation/hotel-9.json,
PASS,0,viet-phrase-hotel-check-in-polite,child,Cho tôi nhận phòng nhé,"I’d like to check in, please",7,5,253,,content-draft/viet/canonical-pages/tier-one/hotel-accommodation/hotel-check-in--hotel-check-in-polite.json,
PASS,0,viet-phrase-hotel-more-supplies-paper,child,Cho tôi thêm giấy vệ sinh được không?,Can I have more toilet paper?,7,6,270,,content-draft/viet/canonical-pages/tier-one/hotel-accommodation/hotel-more-supplies--hotel-more-supplies-paper.json,
PASS,0,viet-phrase-hotel-premium-different-room,catalog-promoted,Tôi đã đặt một phòng khác.,I booked a different room.,9,3,314,,content-draft/viet/canonical-pages/catalog-promoted/hotel-accommodation/hotel-premium-different-room.json,
PASS,0,viet-phrase-hotel-premium-late-checkout,catalog-promoted,Tôi có thể trả phòng sau được không?,Can I check out later?,9,5,280,,content-draft/viet/canonical-pages/catalog-promoted/hotel-accommodation/hotel-premium-late-checkout.json,
PASS,0,viet-phrase-hotel-premium-room-not-ready,catalog-promoted,Căn phòng vẫn chưa sẵn sàng.,The room is not ready yet.,9,4,297,,content-draft/viet/canonical-pages/catalog-promoted/hotel-accommodation/hotel-premium-room-not-ready.json,
PASS,0,viet-phrase-hotel-quiet-room,catalog-promoted,Cho tôi phòng yên tĩnh được không?,Can I have a quiet room?,9,5,278,,content-draft/viet/canonical-pages/catalog-promoted/hotel-accommodation/hotel-quiet-room.json,
PASS,0,viet-phrase-money-how-much-common,child,Cái này nhiêu tiền?,How much is this?,7,5,233,,content-draft/viet/canonical-pages/tier-one/money-numbers-prices/money-how-much--money-how-much-common.json,
PASS,0,viet-phrase-money-premium-price-changed,catalog-promoted,Sao bây giờ giá lại khác thế?,Why is the price different now?,9,7,290,,content-draft/viet/canonical-pages/catalog-promoted/money-numbers-prices/money-premium-price-changed.json,
PASS,0,viet-phrase-money-premium-service-included,catalog-promoted,Dịch vụ đã được bao gồm chưa?,Is service already included?,9,4,273,,content-draft/viet/canonical-pages/catalog-promoted/money-numbers-prices/money-premium-service-included.json,
PASS,0,viet-phrase-money-premium-split-payment,catalog-promoted,Chúng ta có thể chia tiền thanh toán được không?,Can we split the payment?,9,5,279,,content-draft/viet/canonical-pages/catalog-promoted/money-numbers-prices/money-premium-split-payment.json,
PASS,0,viet-phrase-money-premium-what-fee,catalog-promoted,Khoản phí này dùng để làm gì?,What is this fee for?,9,3,276,,content-draft/viet/canonical-pages/catalog-promoted/money-numbers-prices/money-premium-what-fee.json,
PASS,0,viet-phrase-money-premium-write-total,catalog-promoted,Hãy viết tổng số ra.,Please write the total down.,9,4,262,,content-draft/viet/canonical-pages/catalog-promoted/money-numbers-prices/money-premium-write-total.json,
PASS,0,viet-phrase-phone-6,catalog-promoted,Tôi cần nạp thêm dữ liệu,I need a data top-up,9,3,281,,content-draft/viet/canonical-pages/catalog-promoted/phone-internet-power/phone-6.json,
PASS,0,viet-phrase-phone-7,catalog-promoted,eSIM của tôi không hoạt động,My eSIM is not working,9,3,285,,content-draft/viet/canonical-pages/catalog-promoted/phone-internet-power/phone-7.json,
PASS,0,viet-phrase-phone-premium-activate-sim,catalog-promoted,Bạn có thể giúp tôi kích hoạt SIM được không?,Can you help me activate the SIM?,9,5,318,,content-draft/viet/canonical-pages/catalog-promoted/phone-internet-power/phone-premium-activate-sim.json,
PASS,0,viet-phrase-phone-premium-data-not-working,catalog-promoted,Dữ liệu của tôi không hoạt động.,My data is not working.,9,3,296,,content-draft/viet/canonical-pages/catalog-promoted/phone-internet-power/phone-premium-data-not-working.json,
PASS,0,viet-phrase-phone-premium-login-page-not-loading,catalog-promoted,Trang đăng nhập Wi-Fi không tải.,The Wi-Fi login page is not loading.,9,3,302,,content-draft/viet/canonical-pages/catalog-promoted/phone-internet-power/phone-premium-login-page-not-loading.json,
PASS,0,viet-phrase-phone-premium-no-signal,catalog-promoted,Không có tín hiệu ở đây.,There is no signal here.,9,4,268,,content-draft/viet/canonical-pages/catalog-promoted/phone-internet-power/phone-premium-no-signal.json,
PASS,0,viet-phrase-phone-premium-otp-not-arriving,catalog-promoted,Mã xác minh không đến.,The verification code is not arriving.,9,3,262,,content-draft/viet/canonical-pages/catalog-promoted/phone-internet-power/phone-premium-otp-not-arriving.json,
PASS,0,viet-phrase-phone-premium-password-not-working,catalog-promoted,Mật khẩu Wi-Fi không hoạt động.,The Wi-Fi password is not working.,9,3,327,,content-draft/viet/canonical-pages/catalog-promoted/phone-internet-power/phone-premium-password-not-working.json,
PASS,0,viet-phrase-phone-wifi-common,child,Pass Wi-Fi là gì?,What is the Wi-Fi password?,7,5,259,,content-draft/viet/canonical-pages/tier-one/phone-internet-power/phone-wifi-password--phone-wifi-common.json,
PASS,0,viet-phrase-price-8,catalog-promoted,Tổng cộng bao nhiêu?,How much altogether?,9,3,259,,content-draft/viet/canonical-pages/catalog-promoted/money-numbers-prices/price-8.json,
PASS,0,viet-phrase-price-9,catalog-promoted,Có tiền lẻ không?,Do you have smaller bills?,9,4,247,,content-draft/viet/canonical-pages/catalog-promoted/money-numbers-prices/price-9.json,
PASS,0,viet-phrase-repair-5,catalog-promoted,Chỉ trên bản đồ giúp tôi được không?,Can you show me on the map?,9,5,305,,content-draft/viet/canonical-pages/catalog-promoted/understanding-repair/repair-5.json,
PASS,0,viet-phrase-repair-english-help-self-limit,child,"Xin lỗi, tôi không nói tiếng Việt","Sorry, I don’t speak Vietnamese",7,6,249,,content-draft/viet/canonical-pages/tier-one/understanding-repair/repair-english-help--repair-english-help-self-limit.json,
PASS,0,viet-phrase-repair-number-amount,child,Anh/chị vừa nói bao nhiêu?,How much did you say?,7,5,259,,content-draft/viet/canonical-pages/tier-one/understanding-repair/repair-number--repair-number-amount.json,
PASS,0,viet-phrase-repair-premium-simpler-words,catalog-promoted,Bạn có thể sử dụng những từ đơn giản hơn?,Can you use simpler words?,9,4,301,,content-draft/viet/canonical-pages/catalog-promoted/understanding-repair/repair-premium-simpler-words.json,
PASS,0,viet-phrase-repair-premium-spell-name,catalog-promoted,Bạn có thể đánh vần tên cho tôi được không?,Can you spell the name for me?,9,5,327,,content-draft/viet/canonical-pages/catalog-promoted/understanding-repair/repair-premium-spell-name.json,
PASS,0,viet-phrase-repair-premium-text-me,catalog-promoted,Bạn có thể nhắn tin cho tôi được không?,Can you text it to me?,9,8,281,,content-draft/viet/canonical-pages/catalog-promoted/understanding-repair/repair-premium-text-me.json,
PASS,0,viet-phrase-repair-premium-type-phone,catalog-promoted,Bạn có thể gõ nó trên điện thoại của bạn?,Can you type it on your phone?,9,8,323,,content-draft/viet/canonical-pages/catalog-promoted/understanding-repair/repair-premium-type-phone.json,
PASS,0,viet-phrase-repair-premium-which-exit,catalog-promoted,Đó là lối ra nào?,Which exit is it?,9,3,256,,content-draft/viet/canonical-pages/catalog-promoted/understanding-repair/repair-premium-which-exit.json,
PASS,0,viet-phrase-repair-show-me,catalog-promoted,Chỉ cho tôi được không?,Can you show me?,9,3,272,,content-draft/viet/canonical-pages/catalog-promoted/understanding-repair/repair-show-me.json,
PASS,0,viet-phrase-repair-slower-polite,child,Nói chậm giúp tôi được không?,"Could you speak a little slower, please?",7,5,273,,content-draft/viet/canonical-pages/tier-one/understanding-repair/repair-slower--repair-slower-polite.json,
PASS,0,viet-phrase-repair-translate-this,catalog-promoted,Dịch giúp tôi cái này được không?,Can you translate this for me?,9,7,265,,content-draft/viet/canonical-pages/catalog-promoted/understanding-repair/repair-translate-this.json,
PASS,0,viet-phrase-service-8,catalog-promoted,In cái này được không?,Can I print this?,9,5,277,,content-draft/viet/canonical-pages/catalog-promoted/local-services-everyday-tasks/service-8.json,
PASS,0,viet-phrase-sight-6,catalog-promoted,Tôi cần đặt trước không?,Do I need to book in advance?,9,4,270,,content-draft/viet/canonical-pages/catalog-promoted/sightseeing-activities/sight-6.json,
PASS,0,viet-phrase-social-8,catalog-promoted,Bạn ở đây bao lâu?,How long are you staying?,9,5,291,,content-draft/viet/canonical-pages/catalog-promoted/social-small-talk/social-8.json,
PASS,0,viet-phrase-social-9,catalog-promoted,Bạn gợi ý gì ở đây?,What do you recommend here?,9,4,258,,content-draft/viet/canonical-pages/catalog-promoted/social-small-talk/social-9.json,
PASS,0,viet-phrase-time-6,catalog-promoted,Dời lại muộn hơn được không?,Can we move it later?,9,4,246,,content-draft/viet/canonical-pages/catalog-promoted/time-dates-booking/time-6.json,
PASS,0,viet-phrase-time-7,catalog-promoted,Mấy giờ bắt đầu lên máy bay?,What time does boarding start?,9,4,255,,content-draft/viet/canonical-pages/catalog-promoted/time-dates-booking/time-7.json,
PASS,0,viet-phrase-transport-1,catalog-promoted,Đây có đúng bến không?,Is this the right platform?,9,6,253,,content-draft/viet/canonical-pages/catalog-promoted/transport/transport-1.json,
PASS,0,viet-phrase-transport-2,catalog-promoted,Xe này có đi tới… không?,Does this bus go to…?,9,7,265,,content-draft/viet/canonical-pages/catalog-promoted/transport/transport-2.json,
PASS,0,viet-phrase-transport-premium-luggage-trunk,catalog-promoted,Hành lý của tôi ở trong cốp xe.,My luggage is in the trunk.,9,3,317,,content-draft/viet/canonical-pages/catalog-promoted/transport/transport-premium-luggage-trunk.json,
PASS,0,viet-phrase-transport-premium-wait-here,catalog-promoted,"Xin hãy đợi ở đây, tôi đang tới.","Please wait here, I am coming.",9,4,296,,content-draft/viet/canonical-pages/catalog-promoted/transport/transport-premium-wait-here.json,
PASS,0,viet-phrase-transport-premium-wrong-pickup-point,catalog-promoted,Đây có phải là điểm đón phù hợp không?,Is this the right pickup point?,10,5,307,,content-draft/viet/canonical-pages/catalog-promoted/transport/transport-premium-wrong-pickup-point.json,
PASS,0,viet-phrase-transport-stop-here-clearer,child,Cho tôi xuống ngay đây,Please stop right here,7,6,244,,content-draft/viet/canonical-pages/tier-one/transport/transport-stop-here--transport-stop-here-clearer.json,
PASS,0,viet-phrase-v500-airp-bord-arri-can-i-get-a-written-report,catalog-promoted,Tôi có thể nhận được một báo cáo bằng văn bản không?,Can I get a written report?,9,6,303,,content-draft/viet/canonical-pages/catalog-promoted/airport-border-arrival/v500-airp-bord-arri-can-i-get-a-written-report.json,
PASS,0,viet-phrase-v500-airp-bord-arri-can-i-show-it-on-my-phone,catalog-promoted,Tôi cho anh/chị xem trên điện thoại được không?,Can I show it on my phone?,9,4,316,,content-draft/viet/canonical-pages/catalog-promoted/airport-border-arrival/v500-airp-bord-arri-can-i-show-it-on-my-phone.json,
PASS,0,viet-phrase-v500-airp-bord-arri-i-am-here-for-tourism,catalog-promoted,Tôi đến đây để du lịch,I am here for tourism,9,3,273,,content-draft/viet/canonical-pages/catalog-promoted/airport-border-arrival/v500-airp-bord-arri-i-am-here-for-tourism.json,
PASS,0,viet-phrase-v500-airp-bord-arri-i-am-staying-at-this-hotel,catalog-promoted,Tôi đang ở khách sạn này,I am staying at this hotel,9,5,338,,content-draft/viet/canonical-pages/catalog-promoted/airport-border-arrival/v500-airp-bord-arri-i-am-staying-at-this-hotel.json,
PASS,0,viet-phrase-v500-airp-bord-arri-i-dont-have-a-printed-copy,catalog-promoted,Tôi không có bản in,I don’t have a printed copy,9,4,262,,content-draft/viet/canonical-pages/catalog-promoted/airport-border-arrival/v500-airp-bord-arri-i-dont-have-a-printed-copy.json,
PASS,0,viet-phrase-v500-airp-bord-arri-i-need-to-report-lost-luggage,catalog-promoted,Tôi cần báo cáo hành lý thất lạc,I need to report lost luggage,9,4,269,,content-draft/viet/canonical-pages/catalog-promoted/airport-border-arrival/v500-airp-bord-arri-i-need-to-report-lost-luggage.json,
PASS,0,viet-phrase-v500-airp-bord-arri-i-will-stay-for-five-days,catalog-promoted,Tôi sẽ ở lại năm ngày,I will stay for five days,9,6,335,,content-draft/viet/canonical-pages/catalog-promoted/airport-border-arrival/v500-airp-bord-arri-i-will-stay-for-five-days.json,
PASS,0,viet-phrase-v500-airp-bord-arri-my-bag-is-damaged,catalog-promoted,Túi của tôi bị hỏng,My bag is damaged,9,3,267,,content-draft/viet/canonical-pages/catalog-promoted/airport-border-arrival/v500-airp-bord-arri-my-bag-is-damaged.json,
PASS,0,viet-phrase-v500-airp-bord-arri-please-take-me-to-the-hotel-listed-on-this-booki,catalog-promoted,Vui lòng đưa tôi đến khách sạn được liệt kê trong đặt phòng này.,Please take me to the hotel listed on this booking.,9,11,372,,content-draft/viet/canonical-pages/catalog-promoted/airport-border-arrival/v500-airp-bord-arri-please-take-me-to-the-hotel-listed-on-this-booki.json,
PASS,0,viet-phrase-v500-airp-bord-arri-someone-took-the-wrong-bag,catalog-promoted,Có người lấy nhầm túi,Someone took the wrong bag,9,6,310,,content-draft/viet/canonical-pages/catalog-promoted/airport-border-arrival/v500-airp-bord-arri-someone-took-the-wrong-bag.json,
PASS,0,viet-phrase-v500-airp-bord-arri-this-is-my-baggage-tag,catalog-promoted,Đây là thẻ hành lý của tôi,This is my baggage tag,9,4,273,,content-draft/viet/canonical-pages/catalog-promoted/airport-border-arrival/v500-airp-bord-arri-this-is-my-baggage-tag.json,
PASS,0,viet-phrase-v500-airp-bord-arri-where-do-i-sign,catalog-promoted,Tôi ký ở đâu?,Where do I sign?,9,4,301,,content-draft/viet/canonical-pages/catalog-promoted/airport-border-arrival/v500-airp-bord-arri-where-do-i-sign.json,
PASS,0,viet-phrase-v500-airp-bord-arri-where-is-gate-10,catalog-promoted,Cổng 10 ở đâu?,Where is gate 10?,9,3,250,,content-draft/viet/canonical-pages/catalog-promoted/airport-border-arrival/v500-airp-bord-arri-where-is-gate-10.json,
PASS,0,viet-phrase-v500-airp-bord-arri-where-is-the-taxi-counter,catalog-promoted,Quầy taxi ở đâu?,Where is the taxi counter?,9,3,270,,content-draft/viet/canonical-pages/catalog-promoted/airport-border-arrival/v500-airp-bord-arri-where-is-the-taxi-counter.json,
PASS,0,viet-phrase-v500-bath-pers-need-do-you-have-hand-sanitizer,catalog-promoted,Bạn có nước rửa tay khô không?,Do you have hand sanitizer?,9,4,263,,content-draft/viet/canonical-pages/catalog-promoted/bathroom-personal-needs/v500-bath-pers-need-do-you-have-hand-sanitizer.json,
PASS,0,viet-phrase-v500-bath-pers-need-is-there-a-public-bathroom-nearby,catalog-promoted,Gần đây có nhà vệ sinh công cộng không?,Is there a public bathroom nearby?,9,4,305,,content-draft/viet/canonical-pages/catalog-promoted/bathroom-personal-needs/v500-bath-pers-need-is-there-a-public-bathroom-nearby.json,
PASS,0,viet-phrase-v500-bath-pers-need-where-can-i-buy-shampoo,catalog-promoted,Tôi có thể mua dầu gội ở đâu?,Where can I buy shampoo?,9,5,291,,content-draft/viet/canonical-pages/catalog-promoted/bathroom-personal-needs/v500-bath-pers-need-where-can-i-buy-shampoo.json,
PASS,0,viet-phrase-v500-bath-pers-need-where-can-i-buy-toothpaste,catalog-promoted,Tôi có thể mua kem đánh răng ở đâu?,Where can I buy toothpaste?,9,5,271,,content-draft/viet/canonical-pages/catalog-promoted/bathroom-personal-needs/v500-bath-pers-need-where-can-i-buy-toothpaste.json,
PASS,0,viet-phrase-v500-bath-pers-need-where-can-i-wash-my-hands,catalog-promoted,Tôi có thể rửa tay ở đâu?,Where can I wash my hands?,9,4,296,,content-draft/viet/canonical-pages/catalog-promoted/bathroom-personal-needs/v500-bath-pers-need-where-can-i-wash-my-hands.json,
PASS,0,viet-phrase-v500-dire-navi-can-i-walk-there,catalog-promoted,Tôi có thể đi bộ tới đó được không?,Can I walk there?,9,5,299,,content-draft/viet/canonical-pages/catalog-promoted/directions-navigation/v500-dire-navi-can-i-walk-there.json,
PASS,0,viet-phrase-v500-dire-navi-can-you-help-me-get-back-to-my-hotel,catalog-promoted,Bạn có thể giúp tôi quay lại khách sạn được không?,Can you help me get back to my hotel?,9,6,312,,content-draft/viet/canonical-pages/catalog-promoted/directions-navigation/v500-dire-navi-can-you-help-me-get-back-to-my-hotel.json,
PASS,0,viet-phrase-v500-dire-navi-do-i-go-downstairs,catalog-promoted,Tôi có đi xuống tầng dưới không?,Do I go downstairs?,9,5,284,,content-draft/viet/canonical-pages/catalog-promoted/directions-navigation/v500-dire-navi-do-i-go-downstairs.json,
PASS,0,viet-phrase-v500-dire-navi-do-i-go-over-the-bridge,catalog-promoted,Tôi có đi qua cầu không?,Do I go over the bridge?,9,4,283,,content-draft/viet/canonical-pages/catalog-promoted/directions-navigation/v500-dire-navi-do-i-go-over-the-bridge.json,
PASS,0,viet-phrase-v500-dire-navi-i-found-it-thank-you,catalog-promoted,"Tôi đã tìm thấy nó, cảm ơn bạn","I found it, thank you",9,7,330,,content-draft/viet/canonical-pages/catalog-promoted/directions-navigation/v500-dire-navi-i-found-it-thank-you.json,
PASS,0,viet-phrase-v500-dire-navi-is-it-inside-the-mall,catalog-promoted,Nó có ở trong trung tâm mua sắm không?,Is it inside the mall?,9,7,289,,content-draft/viet/canonical-pages/catalog-promoted/directions-navigation/v500-dire-navi-is-it-inside-the-mall.json,
PASS,0,viet-phrase-v500-dire-navi-is-it-near-the-market,catalog-promoted,Có gần chợ không?,Is it near the market?,9,4,283,,content-draft/viet/canonical-pages/catalog-promoted/directions-navigation/v500-dire-navi-is-it-near-the-market.json,
PASS,0,viet-phrase-v500-dire-navi-is-it-next-to-the-hotel,catalog-promoted,Nó có ở cạnh khách sạn không?,Is it next to the hotel?,9,5,279,,content-draft/viet/canonical-pages/catalog-promoted/directions-navigation/v500-dire-navi-is-it-next-to-the-hotel.json,
PASS,0,viet-phrase-v500-dire-navi-is-it-on-the-corner,catalog-promoted,Nó có ở góc không?,Is it on the corner?,9,4,278,,content-draft/viet/canonical-pages/catalog-promoted/directions-navigation/v500-dire-navi-is-it-on-the-corner.json,
PASS,0,viet-phrase-v500-dire-navi-is-it-too-far-to-walk,catalog-promoted,Đi bộ có xa quá không?,Is it too far to walk?,9,6,325,,content-draft/viet/canonical-pages/catalog-promoted/directions-navigation/v500-dire-navi-is-it-too-far-to-walk.json,
PASS,0,viet-phrase-v500-dire-navi-my-map-app-is-not-working,catalog-promoted,Ứng dụng bản đồ của tôi không hoạt động,My map app is not working,9,3,297,,content-draft/viet/canonical-pages/catalog-promoted/directions-navigation/v500-dire-navi-my-map-app-is-not-working.json,
PASS,0,viet-phrase-v500-dire-navi-where-is-the-bus-stop,catalog-promoted,Trạm xe buýt ở đâu?,Where is the bus stop?,9,3,250,,content-draft/viet/canonical-pages/catalog-promoted/directions-navigation/v500-dire-navi-where-is-the-bus-stop.json,
PASS,0,viet-phrase-v500-dire-navi-where-is-the-elevator,catalog-promoted,Thang máy ở đâu?,Where is the elevator?,9,3,239,,content-draft/viet/canonical-pages/catalog-promoted/directions-navigation/v500-dire-navi-where-is-the-elevator.json,
PASS,0,viet-phrase-v500-emer-safe-i-lost-my-credit-card,catalog-promoted,Tôi bị mất thẻ tín dụng,I lost my credit card,9,3,247,,content-draft/viet/canonical-pages/catalog-promoted/emergency-safety/v500-emer-safe-i-lost-my-credit-card.json,
PASS,0,viet-phrase-v500-emer-safe-i-need-first-aid,catalog-promoted,Tôi cần sơ cứu,I need first aid,9,3,240,,content-draft/viet/canonical-pages/catalog-promoted/emergency-safety/v500-emer-safe-i-need-first-aid.json,
PASS,0,viet-phrase-v500-emer-safe-please-call-an-ambulance,catalog-promoted,Hãy gọi xe cấp cứu,Please call an ambulance,9,3,242,,content-draft/viet/canonical-pages/catalog-promoted/emergency-safety/v500-emer-safe-please-call-an-ambulance.json,
PASS,0,viet-phrase-v500-emer-safe-please-leave-me-alone,catalog-promoted,Xin hãy để tôi yên,Please leave me alone,9,3,249,,content-draft/viet/canonical-pages/catalog-promoted/emergency-safety/v500-emer-safe-please-leave-me-alone.json,
PASS,0,viet-phrase-v500-emer-safe-please-stay-near-me,catalog-promoted,Xin hãy ở gần tôi,Please stay near me,9,3,248,,content-draft/viet/canonical-pages/catalog-promoted/emergency-safety/v500-emer-safe-please-stay-near-me.json,
PASS,0,viet-phrase-v500-emer-safe-stop-following-me,catalog-promoted,Đừng đi theo tôi nữa,Stop following me,9,3,248,,content-draft/viet/canonical-pages/catalog-promoted/emergency-safety/v500-emer-safe-stop-following-me.json,
PASS,0,viet-phrase-v500-food-drin-does-this-contain-peanuts,catalog-promoted,Cái này có chứa đậu phộng không?,Does this contain peanuts?,11,5,323,,content-draft/viet/canonical-pages/catalog-promoted/food-drink/v500-food-drin-does-this-contain-peanuts.json,
PASS,0,viet-phrase-v500-food-drin-does-this-contain-shrimp,catalog-promoted,Cái này có chứa tôm không?,Does this contain shrimp?,10,5,316,,content-draft/viet/canonical-pages/catalog-promoted/food-drink/v500-food-drin-does-this-contain-shrimp.json,
PASS,0,viet-phrase-v500-food-drin-i-am-allergic-to-fish-sauce,catalog-promoted,Tôi bị dị ứng với nước mắm,I am allergic to fish sauce,11,4,354,,content-draft/viet/canonical-pages/catalog-promoted/food-drink/v500-food-drin-i-am-allergic-to-fish-sauce.json,
PASS,0,viet-phrase-v500-food-drin-i-am-allergic-to-shellfish,catalog-promoted,Tôi bị dị ứng với động vật có vỏ,I am allergic to shellfish,11,4,360,,content-draft/viet/canonical-pages/catalog-promoted/food-drink/v500-food-drin-i-am-allergic-to-shellfish.json,
PASS,0,viet-phrase-v500-food-drin-i-ordered-this-without-peanuts,catalog-promoted,Tôi đã gọi món này mà không có đậu phộng,I ordered this without peanuts,11,5,379,,content-draft/viet/canonical-pages/catalog-promoted/food-drink/v500-food-drin-i-ordered-this-without-peanuts.json,
PASS,0,viet-phrase-v500-food-drin-please-make-it-without-peanuts,catalog-promoted,Hãy làm món này mà không cần đậu phộng,Please make it without peanuts,11,4,367,,content-draft/viet/canonical-pages/catalog-promoted/food-drink/v500-food-drin-please-make-it-without-peanuts.json,
PASS,0,viet-phrase-v500-food-drin-there-is-something-in-my-food,catalog-promoted,Có thứ gì đó trong thức ăn của tôi,There is something in my food,7,4,282,,content-draft/viet/canonical-pages/catalog-promoted/food-drink/v500-food-drin-there-is-something-in-my-food.json,
PASS,0,viet-phrase-v500-food-drin-this-is-cold,catalog-promoted,Món này nguội rồi,This is cold,7,3,288,,content-draft/viet/canonical-pages/catalog-promoted/food-drink/v500-food-drin-this-is-cold.json,
PASS,0,viet-phrase-v500-food-drin-this-tastes-spoiled,catalog-promoted,Cái này có vị hư hỏng,This tastes spoiled,7,4,242,,content-draft/viet/canonical-pages/catalog-promoted/food-drink/v500-food-drin-this-tastes-spoiled.json,
PASS,0,viet-phrase-v500-heal-phar-can-you-call-a-doctor,catalog-promoted,Bạn có thể gọi bác sĩ được không?,Can you call a doctor?,9,6,262,,content-draft/viet/canonical-pages/catalog-promoted/health-pharmacy/v500-heal-phar-can-you-call-a-doctor.json,
PASS,0,viet-phrase-v500-heal-phar-how-do-i-take-this,catalog-promoted,Tôi uống thuốc này như thế nào?,How do I take this?,9,4,264,,content-draft/viet/canonical-pages/catalog-promoted/health-pharmacy/v500-heal-phar-how-do-i-take-this.json,
PASS,0,viet-phrase-v500-heal-phar-how-many-times-per-day,catalog-promoted,Bao nhiêu lần mỗi ngày?,How many times per day?,9,3,248,,content-draft/viet/canonical-pages/catalog-promoted/health-pharmacy/v500-heal-phar-how-many-times-per-day.json,
PASS,0,viet-phrase-v500-heal-phar-i-am-pregnant,catalog-promoted,Tôi đang mang thai,I am pregnant,9,3,235,,content-draft/viet/canonical-pages/catalog-promoted/health-pharmacy/v500-heal-phar-i-am-pregnant.json,
PASS,0,viet-phrase-v500-heal-phar-i-have-asthma,catalog-promoted,Tôi bị hen suyễn,I have asthma,9,3,245,,content-draft/viet/canonical-pages/catalog-promoted/health-pharmacy/v500-heal-phar-i-have-asthma.json,
PASS,0,viet-phrase-v500-heal-phar-i-have-chest-pain,catalog-promoted,Tôi bị đau ngực,I have chest pain,9,3,261,,content-draft/viet/canonical-pages/catalog-promoted/health-pharmacy/v500-heal-phar-i-have-chest-pain.json,
PASS,0,viet-phrase-v500-heal-phar-i-have-food-poisoning,catalog-promoted,Tôi bị ngộ độc thực phẩm,I have food poisoning,9,3,257,,content-draft/viet/canonical-pages/catalog-promoted/health-pharmacy/v500-heal-phar-i-have-food-poisoning.json,
PASS,0,viet-phrase-v500-heal-phar-i-need-a-hospital,catalog-promoted,Tôi cần một bệnh viện,I need a hospital,9,3,268,,content-draft/viet/canonical-pages/catalog-promoted/health-pharmacy/v500-heal-phar-i-need-a-hospital.json,
PASS,0,viet-phrase-v500-hote-acco-can-i-change-rooms,catalog-promoted,Tôi có thể đổi phòng được không?,Can I change rooms?,9,6,309,,content-draft/viet/canonical-pages/catalog-promoted/hotel-accommodation/v500-hote-acco-can-i-change-rooms.json,
PASS,0,viet-phrase-v500-hote-acco-can-i-check-in-early,catalog-promoted,Tôi có thể nhận phòng sớm được không?,Can I check in early?,9,5,299,,content-draft/viet/canonical-pages/catalog-promoted/hotel-accommodation/v500-hote-acco-can-i-check-in-early.json,
PASS,0,viet-phrase-v500-hote-acco-can-i-check-out-late,catalog-promoted,Tôi có thể trả phòng muộn được không?,Can I check out late?,9,6,287,,content-draft/viet/canonical-pages/catalog-promoted/hotel-accommodation/v500-hote-acco-can-i-check-out-late.json,
PASS,0,viet-phrase-v500-hote-acco-can-i-have-an-iron,catalog-promoted,Tôi có thể có một cái bàn ủi được không?,Can I have an iron?,9,8,285,,content-draft/viet/canonical-pages/catalog-promoted/hotel-accommodation/v500-hote-acco-can-i-have-an-iron.json,
PASS,0,viet-phrase-v500-hote-acco-can-i-have-more-soap,catalog-promoted,Tôi có thể lấy thêm xà phòng được không?,Can I have more soap?,9,7,278,,content-draft/viet/canonical-pages/catalog-promoted/hotel-accommodation/v500-hote-acco-can-i-have-more-soap.json,
PASS,0,viet-phrase-v500-hote-acco-can-i-pay-now,catalog-promoted,Tôi có thể thanh toán bây giờ được không?,Can I pay now?,9,6,275,,content-draft/viet/canonical-pages/catalog-promoted/hotel-accommodation/v500-hote-acco-can-i-pay-now.json,
PASS,0,viet-phrase-v500-hote-acco-do-you-need-a-deposit,catalog-promoted,Bạn có cần đặt cọc không?,Do you need a deposit?,9,7,266,,content-draft/viet/canonical-pages/catalog-promoted/hotel-accommodation/v500-hote-acco-do-you-need-a-deposit.json,
PASS,0,viet-phrase-v500-hote-acco-here-is-my-passport-for-check-in,catalog-promoted,Đây là hộ chiếu của tôi để nhận phòng,Here is my passport for check-in,9,4,293,,content-draft/viet/canonical-pages/catalog-promoted/hotel-accommodation/v500-hote-acco-here-is-my-passport-for-check-in.json,
PASS,0,viet-phrase-v500-hote-acco-i-booked-online,catalog-promoted,Tôi đã đặt trực tuyến,I booked online,9,5,250,,content-draft/viet/canonical-pages/catalog-promoted/hotel-accommodation/v500-hote-acco-i-booked-online.json,
PASS,0,viet-phrase-v500-hote-acco-is-breakfast-included,catalog-promoted,Có bao gồm bữa sáng không?,Is breakfast included?,9,7,256,,content-draft/viet/canonical-pages/catalog-promoted/hotel-accommodation/v500-hote-acco-is-breakfast-included.json,
PASS,0,viet-phrase-v500-hote-acco-the-electricity-is-out,catalog-promoted,Điện đã hết,The electricity is out,9,4,256,,content-draft/viet/canonical-pages/catalog-promoted/hotel-accommodation/v500-hote-acco-the-electricity-is-out.json,
PASS,0,viet-phrase-v500-hote-acco-the-room-is-too-noisy,catalog-promoted,Tôi không thể ngủ được vì quá ồn ào,I cannot sleep because it is too noisy,9,3,312,,content-draft/viet/canonical-pages/catalog-promoted/hotel-accommodation/v500-hote-acco-the-room-is-too-noisy.json,
PASS,0,viet-phrase-v500-hote-acco-the-safe-is-not-opening,catalog-promoted,két sắt không mở được,The safe is not opening,9,3,271,,content-draft/viet/canonical-pages/catalog-promoted/hotel-accommodation/v500-hote-acco-the-safe-is-not-opening.json,
PASS,0,viet-phrase-v500-hote-acco-the-toilet-is-not-working,catalog-promoted,Bồn cầu không sử dụng được,The toilet is not working,9,3,268,,content-draft/viet/canonical-pages/catalog-promoted/hotel-accommodation/v500-hote-acco-the-toilet-is-not-working.json,
PASS,0,viet-phrase-v500-hote-acco-there-is-no-hot-water,catalog-promoted,Vòi sen chỉ có nước lạnh,The shower only has cold water,9,4,265,,content-draft/viet/canonical-pages/catalog-promoted/hotel-accommodation/v500-hote-acco-there-is-no-hot-water.json,
PASS,0,viet-phrase-v500-hote-acco-what-time-is-breakfast,catalog-promoted,Bữa sáng lúc mấy giờ?,What time is breakfast?,9,3,269,,content-draft/viet/canonical-pages/catalog-promoted/hotel-accommodation/v500-hote-acco-what-time-is-breakfast.json,
PASS,0,viet-phrase-v500-loca-serv-ever-task-can-you-fix-this,catalog-promoted,Bạn có thể sửa cái này được không?,Can you fix this?,9,7,264,,content-draft/viet/canonical-pages/catalog-promoted/local-services-everyday-tasks/v500-loca-serv-ever-task-can-you-fix-this.json,
PASS,0,viet-phrase-v500-loca-serv-ever-task-how-long-will-it-take,catalog-promoted,Sẽ mất bao lâu?,How long will it take?,9,3,233,,content-draft/viet/canonical-pages/catalog-promoted/local-services-everyday-tasks/v500-loca-serv-ever-task-how-long-will-it-take.json,
PASS,0,viet-phrase-v500-loca-serv-ever-task-i-need-a-rain-poncho,catalog-promoted,Tôi cần một chiếc áo mưa,I need a rain poncho,9,6,317,,content-draft/viet/canonical-pages/catalog-promoted/local-services-everyday-tasks/v500-loca-serv-ever-task-i-need-a-rain-poncho.json,
PASS,0,viet-phrase-v500-loca-serv-ever-task-i-need-an-umbrella,catalog-promoted,Tôi cần một chiếc ô,I need an umbrella,9,3,249,,content-draft/viet/canonical-pages/catalog-promoted/local-services-everyday-tasks/v500-loca-serv-ever-task-i-need-an-umbrella.json,
PASS,0,viet-phrase-v500-loca-serv-ever-task-i-need-bottled-water,catalog-promoted,Tôi cần nước đóng chai,I need bottled water,9,3,260,,content-draft/viet/canonical-pages/catalog-promoted/local-services-everyday-tasks/v500-loca-serv-ever-task-i-need-bottled-water.json,
PASS,0,viet-phrase-v500-loca-serv-ever-task-i-need-tissues,catalog-promoted,Tôi cần khăn giấy,I need tissues,9,4,284,,content-draft/viet/canonical-pages/catalog-promoted/local-services-everyday-tasks/v500-loca-serv-ever-task-i-need-tissues.json,
PASS,0,viet-phrase-v500-loca-serv-ever-task-is-there-a-ramp,catalog-promoted,Có đoạn đường nối không?,Is there a ramp?,9,4,249,,content-draft/viet/canonical-pages/catalog-promoted/local-services-everyday-tasks/v500-loca-serv-ever-task-is-there-a-ramp.json,
PASS,0,viet-phrase-v500-loca-serv-ever-task-is-there-an-elevator,catalog-promoted,Có thang máy không?,Is there an elevator?,9,4,260,,content-draft/viet/canonical-pages/catalog-promoted/local-services-everyday-tasks/v500-loca-serv-ever-task-is-there-an-elevator.json,
PASS,0,viet-phrase-v500-loca-serv-ever-task-one-item-is-missing,catalog-promoted,Một mặt hàng bị thiếu,One item is missing,9,3,248,,content-draft/viet/canonical-pages/catalog-promoted/local-services-everyday-tasks/v500-loca-serv-ever-task-one-item-is-missing.json,
PASS,0,viet-phrase-v500-mone-numb-pric-can-i-have-a-receipt,catalog-promoted,Tôi có thể có biên nhận được không?,Can I have a receipt?,9,4,282,,content-draft/viet/canonical-pages/catalog-promoted/money-numbers-prices/v500-mone-numb-pric-can-i-have-a-receipt.json,
PASS,0,viet-phrase-v500-mone-numb-pric-can-i-try-another-card,catalog-promoted,Tôi có thể thử thẻ khác được không?,Can I try another card?,9,4,278,,content-draft/viet/canonical-pages/catalog-promoted/money-numbers-prices/v500-mone-numb-pric-can-i-try-another-card.json,
PASS,0,viet-phrase-v500-mone-numb-pric-can-you-give-me-change,catalog-promoted,Bạn có thể cho tôi tiền lẻ được không?,Can you give me change?,9,5,274,,content-draft/viet/canonical-pages/catalog-promoted/money-numbers-prices/v500-mone-numb-pric-can-you-give-me-change.json,
PASS,0,viet-phrase-v500-mone-numb-pric-do-i-need-exact-change,catalog-promoted,Tôi có cần trả đúng tiền không?,Do I need exact change?,9,4,276,,content-draft/viet/canonical-pages/catalog-promoted/money-numbers-prices/v500-mone-numb-pric-do-i-need-exact-change.json,
PASS,0,viet-phrase-v500-mone-numb-pric-i-need-smaller-bills,catalog-promoted,Tôi cần tiền mệnh giá nhỏ hơn,I need smaller bills,9,5,279,,content-draft/viet/canonical-pages/catalog-promoted/money-numbers-prices/v500-mone-numb-pric-i-need-smaller-bills.json,
PASS,0,viet-phrase-v500-mone-numb-pric-i-only-have-large-bills,catalog-promoted,Tôi chỉ có hóa đơn lớn,I only have large bills,9,3,274,,content-draft/viet/canonical-pages/catalog-promoted/money-numbers-prices/v500-mone-numb-pric-i-only-have-large-bills.json,
PASS,0,viet-phrase-v500-mone-numb-pric-i-only-have-this-much,catalog-promoted,Tôi chỉ có bấy nhiêu thôi,I only have this much,9,3,256,,content-draft/viet/canonical-pages/catalog-promoted/money-numbers-prices/v500-mone-numb-pric-i-only-have-this-much.json,
PASS,0,viet-phrase-v500-mone-numb-pric-ill-think-about-it,catalog-promoted,Tôi sẽ nghĩ về nó,I’ll think about it,9,4,266,,content-draft/viet/canonical-pages/catalog-promoted/money-numbers-prices/v500-mone-numb-pric-ill-think-about-it.json,
PASS,0,viet-phrase-v500-mone-numb-pric-is-tax-included,catalog-promoted,Có bao gồm thuế không?,Is tax included?,9,6,237,,content-draft/viet/canonical-pages/catalog-promoted/money-numbers-prices/v500-mone-numb-pric-is-tax-included.json,
PASS,0,viet-phrase-v500-mone-numb-pric-is-there-a-card-fee,catalog-promoted,Có tính phí thẻ không?,Is there a card fee?,9,5,239,,content-draft/viet/canonical-pages/catalog-promoted/money-numbers-prices/v500-mone-numb-pric-is-there-a-card-fee.json,
PASS,0,viet-phrase-v500-mone-numb-pric-is-there-an-extra-fee,catalog-promoted,Có phải trả thêm phí không?,Is there an extra fee?,9,7,251,,content-draft/viet/canonical-pages/catalog-promoted/money-numbers-prices/v500-mone-numb-pric-is-there-an-extra-fee.json,
PASS,0,viet-phrase-v500-mone-numb-pric-my-card-was-declined,catalog-promoted,Thẻ của tôi đã bị từ chối,My card was declined,9,3,260,,content-draft/viet/canonical-pages/catalog-promoted/money-numbers-prices/v500-mone-numb-pric-my-card-was-declined.json,
PASS,0,viet-phrase-v500-mone-numb-pric-please-write-the-price,catalog-promoted,Hãy viết giá,Please write the price,9,4,258,,content-draft/viet/canonical-pages/catalog-promoted/money-numbers-prices/v500-mone-numb-pric-please-write-the-price.json,
PASS,0,viet-phrase-v500-mone-numb-pric-the-atm-did-not-give-me-cash,catalog-promoted,ATM không đưa tiền mặt cho tôi,The ATM did not give me cash,9,5,288,,content-draft/viet/canonical-pages/catalog-promoted/money-numbers-prices/v500-mone-numb-pric-the-atm-did-not-give-me-cash.json,
PASS,0,viet-phrase-v500-mone-numb-pric-where-can-i-exchange-money,catalog-promoted,Tôi có thể đổi tiền ở đâu?,Where can I exchange money?,9,4,274,,content-draft/viet/canonical-pages/catalog-promoted/money-numbers-prices/v500-mone-numb-pric-where-can-i-exchange-money.json,
PASS,0,viet-phrase-v500-phon-inte-powe-can-i-borrow-a-charger,catalog-promoted,Tôi có thể mượn bộ sạc được không?,Can I borrow a charger?,9,5,305,,content-draft/viet/canonical-pages/catalog-promoted/phone-internet-power/v500-phon-inte-powe-can-i-borrow-a-charger.json,
PASS,0,viet-phrase-v500-phon-inte-powe-can-i-make-a-phone-call,catalog-promoted,Tôi có thể gọi điện thoại được không?,Can I make a phone call?,9,5,326,,content-draft/viet/canonical-pages/catalog-promoted/phone-internet-power/v500-phon-inte-powe-can-i-make-a-phone-call.json,
PASS,0,viet-phrase-v500-phon-inte-powe-can-i-use-the-wi-fi,catalog-promoted,Tôi có thể sử dụng Wi-Fi không?,Can I use the Wi-Fi?,9,5,311,,content-draft/viet/canonical-pages/catalog-promoted/phone-internet-power/v500-phon-inte-powe-can-i-use-the-wi-fi.json,
PASS,0,viet-phrase-v500-phon-inte-powe-can-you-activate-it-for-me,catalog-promoted,Bạn có thể kích hoạt nó cho tôi được không?,Can you activate it for me?,9,5,305,,content-draft/viet/canonical-pages/catalog-promoted/phone-internet-power/v500-phon-inte-powe-can-you-activate-it-for-me.json,
PASS,0,viet-phrase-v500-phon-inte-powe-can-you-install-it-for-me,catalog-promoted,Bạn có thể cài đặt nó cho tôi được không?,Can you install it for me?,9,6,324,,content-draft/viet/canonical-pages/catalog-promoted/phone-internet-power/v500-phon-inte-powe-can-you-install-it-for-me.json,
PASS,0,viet-phrase-v500-phon-inte-powe-can-you-restart-the-router,catalog-promoted,Bạn có thể khởi động lại bộ định tuyến không?,Can you restart the router?,9,5,314,,content-draft/viet/canonical-pages/catalog-promoted/phone-internet-power/v500-phon-inte-powe-can-you-restart-the-router.json,
PASS,0,viet-phrase-v500-phon-inte-powe-how-many-days-is-it-valid,catalog-promoted,Có hiệu lực trong bao nhiêu ngày?,How many days is it valid?,9,3,304,,content-draft/viet/canonical-pages/catalog-promoted/phone-internet-power/v500-phon-inte-powe-how-many-days-is-it-valid.json,
PASS,0,viet-phrase-v500-phon-inte-powe-i-need-a-charging-cable,catalog-promoted,Tôi cần một cáp sạc,I need a charging cable,9,3,271,,content-draft/viet/canonical-pages/catalog-promoted/phone-internet-power/v500-phon-inte-powe-i-need-a-charging-cable.json,
PASS,0,viet-phrase-v500-phon-inte-powe-i-need-a-sim-card-with-data,catalog-promoted,Tôi cần một thẻ SIM có dữ liệu,I need a SIM card with data,9,8,373,,content-draft/viet/canonical-pages/catalog-promoted/phone-internet-power/v500-phon-inte-powe-i-need-a-sim-card-with-data.json,
PASS,0,viet-phrase-v500-phon-inte-powe-please-write-the-password,catalog-promoted,Vui lòng viết mật khẩu,Please write the password,9,4,250,,content-draft/viet/canonical-pages/catalog-promoted/phone-internet-power/v500-phon-inte-powe-please-write-the-password.json,
PASS,0,viet-phrase-v500-phon-inte-powe-the-internet-is-very-slow,catalog-promoted,Internet rất chậm,The internet is very slow,9,4,297,,content-draft/viet/canonical-pages/catalog-promoted/phone-internet-power/v500-phon-inte-powe-the-internet-is-very-slow.json,
PASS,0,viet-phrase-v500-phon-inte-powe-where-can-i-fix-my-phone,catalog-promoted,Tôi có thể sửa điện thoại ở đâu?,Where can I fix my phone?,9,4,318,,content-draft/viet/canonical-pages/catalog-promoted/phone-internet-power/v500-phon-inte-powe-where-can-i-fix-my-phone.json,
PASS,0,viet-phrase-v500-poli-basi-i-need-this,catalog-promoted,tôi cần cái này,I need this,9,3,215,,content-draft/viet/canonical-pages/catalog-promoted/polite-basics/v500-poli-basi-i-need-this.json,
PASS,0,viet-phrase-v500-poli-basi-okay,catalog-promoted,Đồng ý,Okay,9,2,174,,content-draft/viet/canonical-pages/catalog-promoted/polite-basics/v500-poli-basi-okay.json,
PASS,0,viet-phrase-v500-prob-help-can-i-leave-my-contact-information,catalog-promoted,Tôi có thể để lại thông tin liên lạc của mình được không?,Can I leave my contact information?,9,5,306,,content-draft/viet/canonical-pages/catalog-promoted/problems-help/v500-prob-help-can-i-leave-my-contact-information.json,
PASS,0,viet-phrase-v500-prob-help-can-you-call-security,catalog-promoted,Bạn có thể gọi bảo vệ được không?,Can you call security?,8,4,258,,content-draft/viet/canonical-pages/catalog-promoted/problems-help/v500-prob-help-can-you-call-security.json,
PASS,0,viet-phrase-v500-prob-help-can-you-check-the-security-camera,catalog-promoted,Bạn có thể kiểm tra camera an ninh được không?,Can you check the security camera?,8,5,303,,content-draft/viet/canonical-pages/catalog-promoted/problems-help/v500-prob-help-can-you-check-the-security-camera.json,
PASS,0,viet-phrase-v500-prob-help-can-you-contact-the-driver,catalog-promoted,Bạn có thể liên hệ với tài xế được không?,Can you contact the driver?,8,5,291,,content-draft/viet/canonical-pages/catalog-promoted/problems-help/v500-prob-help-can-you-contact-the-driver.json,
PASS,0,viet-phrase-v500-prob-help-can-you-help-me-contact-my-hotel,catalog-promoted,Bạn có thể giúp tôi liên hệ với khách sạn của tôi được không?,Can you help me contact my hotel?,9,10,321,,content-draft/viet/canonical-pages/catalog-promoted/problems-help/v500-prob-help-can-you-help-me-contact-my-hotel.json,
PASS,0,viet-phrase-v500-prob-help-can-you-help-me-look-for-it,catalog-promoted,Bạn có thể giúp tôi tìm nó được không?,Can you help me look for it?,8,4,275,,content-draft/viet/canonical-pages/catalog-promoted/problems-help/v500-prob-help-can-you-help-me-look-for-it.json,
PASS,0,viet-phrase-v500-prob-help-i-lost-my-room-key,catalog-promoted,Tôi bị mất chìa khóa phòng,I lost my room key,8,3,246,,content-draft/viet/canonical-pages/catalog-promoted/problems-help/v500-prob-help-i-lost-my-room-key.json,
PASS,0,viet-phrase-v500-prob-help-i-need-to-speak-with-the-manager,catalog-promoted,Tôi cần nói chuyện với người quản lý,I need to speak with the manager,8,4,270,,content-draft/viet/canonical-pages/catalog-promoted/problems-help/v500-prob-help-i-need-to-speak-with-the-manager.json,
PASS,0,viet-phrase-v500-prob-help-my-phone-is-missing,catalog-promoted,Điện thoại của tôi bị mất,My phone is missing,8,4,254,,content-draft/viet/canonical-pages/catalog-promoted/problems-help/v500-prob-help-my-phone-is-missing.json,
PASS,0,viet-phrase-v500-prob-help-please-help-me-contact-my-embassy,catalog-promoted,Xin hãy giúp tôi liên hệ với đại sứ quán của tôi,Please help me contact my embassy,9,4,351,,content-draft/viet/canonical-pages/catalog-promoted/problems-help/v500-prob-help-please-help-me-contact-my-embassy.json,
PASS,0,viet-phrase-v500-prob-help-please-stay-with-me,catalog-promoted,Xin hãy ở lại với tôi,Please stay with me,8,3,248,,content-draft/viet/canonical-pages/catalog-promoted/problems-help/v500-prob-help-please-stay-with-me.json,
PASS,0,viet-phrase-v500-prob-help-please-write-down-your-name,catalog-promoted,Hãy viết tên của bạn,Please write down your name,8,3,246,,content-draft/viet/canonical-pages/catalog-promoted/problems-help/v500-prob-help-please-write-down-your-name.json,
PASS,0,viet-phrase-v500-prob-help-where-is-the-nearest-embassy,catalog-promoted,Đại sứ quán gần nhất ở đâu?,Where is the nearest embassy?,8,4,267,,content-draft/viet/canonical-pages/catalog-promoted/problems-help/v500-prob-help-where-is-the-nearest-embassy.json,
PASS,0,viet-phrase-v500-prob-help-where-is-the-police-station,catalog-promoted,Đồn cảnh sát ở đâu?,Where is the police station?,9,3,271,,content-draft/viet/canonical-pages/catalog-promoted/problems-help/v500-prob-help-where-is-the-police-station.json,
PASS,0,viet-phrase-v500-shop-can-i-return-it,catalog-promoted,Tôi có thể trả lại nó được không?,Can I return it?,9,5,297,,content-draft/viet/canonical-pages/catalog-promoted/shopping/v500-shop-can-i-return-it.json,
PASS,0,viet-phrase-v500-shop-can-i-touch-it,catalog-promoted,Tôi có thể chạm vào nó được không?,Can I touch it?,9,4,269,,content-draft/viet/canonical-pages/catalog-promoted/shopping/v500-shop-can-i-touch-it.json,
PASS,0,viet-phrase-v500-shop-can-you-put-it-in-a-bag,catalog-promoted,Bạn có thể bỏ nó vào túi được không?,Can you put it in a bag?,9,5,282,,content-draft/viet/canonical-pages/catalog-promoted/shopping/v500-shop-can-you-put-it-in-a-bag.json,
PASS,0,viet-phrase-v500-shop-can-you-show-me-another-one,catalog-promoted,Cho tôi xem cái khác được không?,Can you show me another one?,9,4,298,,content-draft/viet/canonical-pages/catalog-promoted/shopping/v500-shop-can-you-show-me-another-one.json,
PASS,0,viet-phrase-v500-shop-do-you-have-this,catalog-promoted,Bạn có cái này không?,Do you have this?,9,4,253,,content-draft/viet/canonical-pages/catalog-promoted/shopping/v500-shop-do-you-have-this.json,
PASS,0,viet-phrase-v500-shop-is-this-new,catalog-promoted,Cái này có mới không?,Is this new?,9,4,253,,content-draft/viet/canonical-pages/catalog-promoted/shopping/v500-shop-is-this-new.json,
PASS,0,viet-phrase-v500-shop-okay-ill-take-it,catalog-promoted,"Được rồi, tôi sẽ lấy nó","Okay, I’ll take it",9,7,311,,content-draft/viet/canonical-pages/catalog-promoted/shopping/v500-shop-okay-ill-take-it.json,
PASS,0,viet-phrase-v500-shop-this-is-too-big,catalog-promoted,Cái này quá lớn,This is too big,9,4,236,,content-draft/viet/canonical-pages/catalog-promoted/shopping/v500-shop-this-is-too-big.json,
PASS,0,viet-phrase-v500-shop-this-is-too-small,catalog-promoted,Cái này quá nhỏ,This is too small,9,5,292,,content-draft/viet/canonical-pages/catalog-promoted/shopping/v500-shop-this-is-too-small.json,
PASS,0,viet-phrase-v500-sigh-acti-can-i-have-a-map,catalog-promoted,Tôi có thể có bản đồ được không?,Can I have a map?,9,5,293,,content-draft/viet/canonical-pages/catalog-promoted/sightseeing-activities/v500-sigh-acti-can-i-have-a-map.json,
PASS,0,viet-phrase-v500-sigh-acti-can-i-join-today,catalog-promoted,Tôi có thể tham gia ngay hôm nay không?,Can I join today?,9,5,270,,content-draft/viet/canonical-pages/catalog-promoted/sightseeing-activities/v500-sigh-acti-can-i-join-today.json,
PASS,0,viet-phrase-v500-sigh-acti-what-should-i-avoid,catalog-promoted,Tôi nên tránh những gì?,What should I avoid?,9,6,299,,content-draft/viet/canonical-pages/catalog-promoted/sightseeing-activities/v500-sigh-acti-what-should-i-avoid.json,
PASS,0,viet-phrase-v500-sigh-acti-where-can-i-buy-tickets,catalog-promoted,Tôi có thể mua vé ở đâu?,Where can I buy tickets?,9,6,338,,content-draft/viet/canonical-pages/catalog-promoted/sightseeing-activities/v500-sigh-acti-where-can-i-buy-tickets.json,
PASS,0,viet-phrase-v500-sigh-acti-where-is-the-entrance,catalog-promoted,Lối vào ở đâu?,Where is the entrance?,9,3,262,,content-draft/viet/canonical-pages/catalog-promoted/sightseeing-activities/v500-sigh-acti-where-is-the-entrance.json,
PASS,0,viet-phrase-v500-sigh-acti-where-is-the-exit,catalog-promoted,Lối ra ở đâu?,Where is the exit?,9,3,260,,content-draft/viet/canonical-pages/catalog-promoted/sightseeing-activities/v500-sigh-acti-where-is-the-exit.json,
PASS,0,viet-phrase-v500-soci-smal-talk-can-we-go-somewhere-cooler,catalog-promoted,Chúng ta có thể đi đâu đó mát mẻ hơn được không?,Can we go somewhere cooler?,9,5,298,,content-draft/viet/canonical-pages/catalog-promoted/social-small-talk/v500-soci-smal-talk-can-we-go-somewhere-cooler.json,
PASS,0,viet-phrase-v500-soci-smal-talk-i-need-to-rest-for-a-moment,catalog-promoted,Tôi cần nghỉ ngơi một lát,I need to rest for a moment,9,4,292,,content-draft/viet/canonical-pages/catalog-promoted/social-small-talk/v500-soci-smal-talk-i-need-to-rest-for-a-moment.json,
PASS,0,viet-phrase-v500-soci-smal-talk-no-thank-you-im-not-interested,catalog-promoted,"Không, cảm ơn, tôi không quan tâm","No thank you, I’m not interested",9,6,328,,content-draft/viet/canonical-pages/catalog-promoted/social-small-talk/v500-soci-smal-talk-no-thank-you-im-not-interested.json,
PASS,0,viet-phrase-v500-soci-smal-talk-please-do-not-take-my-photo,catalog-promoted,Làm ơn đừng chụp ảnh tôi,Please do not take my photo,9,4,291,,content-draft/viet/canonical-pages/catalog-promoted/social-small-talk/v500-soci-smal-talk-please-do-not-take-my-photo.json,
PASS,0,viet-phrase-v500-soci-smal-talk-where-can-i-buy-a-raincoat,catalog-promoted,Tôi có thể mua áo mưa ở đâu?,Where can I buy a raincoat?,9,4,284,,content-draft/viet/canonical-pages/catalog-promoted/social-small-talk/v500-soci-smal-talk-where-can-i-buy-a-raincoat.json,
PASS,0,viet-phrase-v500-soci-smal-talk-where-can-i-wait-out-the-rain,catalog-promoted,Tôi có thể chờ mưa ở đâu?,Where can I wait out the rain?,9,4,278,,content-draft/viet/canonical-pages/catalog-promoted/social-small-talk/v500-soci-smal-talk-where-can-i-wait-out-the-rain.json,
PASS,0,viet-phrase-v500-soci-smal-talk-will-it-rain-today,catalog-promoted,Hôm nay trời có mưa không?,Will it rain today?,9,5,277,,content-draft/viet/canonical-pages/catalog-promoted/social-small-talk/v500-soci-smal-talk-will-it-rain-today.json,
PASS,0,viet-phrase-v500-time-date-book-can-i-book-online,catalog-promoted,Tôi có thể đặt chỗ trực tuyến không?,Can I book online?,9,7,269,,content-draft/viet/canonical-pages/catalog-promoted/time-dates-booking/v500-time-date-book-can-i-book-online.json,
PASS,0,viet-phrase-v500-time-date-book-can-i-change-the-date,catalog-promoted,Tôi có thể thay đổi ngày được không?,Can I change the date?,9,7,251,,content-draft/viet/canonical-pages/catalog-promoted/time-dates-booking/v500-time-date-book-can-i-change-the-date.json,
PASS,0,viet-phrase-v500-time-date-book-can-i-change-the-time,catalog-promoted,Tôi có thể thay đổi thời gian được không?,Can I change the time?,9,5,262,,content-draft/viet/canonical-pages/catalog-promoted/time-dates-booking/v500-time-date-book-can-i-change-the-time.json,
PASS,0,viet-phrase-v500-time-date-book-can-i-choose-my-seat,catalog-promoted,Tôi có thể chọn chỗ ngồi của mình không?,Can I choose my seat?,9,7,260,,content-draft/viet/canonical-pages/catalog-promoted/time-dates-booking/v500-time-date-book-can-i-choose-my-seat.json,
PASS,0,viet-phrase-v500-time-date-book-can-i-make-a-reservation,catalog-promoted,Tôi có thể đặt chỗ được không?,Can I make a reservation?,9,5,237,,content-draft/viet/canonical-pages/catalog-promoted/time-dates-booking/v500-time-date-book-can-i-make-a-reservation.json,
PASS,0,viet-phrase-v500-time-date-book-do-i-need-a-deposit,catalog-promoted,Tôi có cần đặt cọc không?,Do I need a deposit?,9,4,266,,content-draft/viet/canonical-pages/catalog-promoted/time-dates-booking/v500-time-date-book-do-i-need-a-deposit.json,
PASS,0,viet-phrase-v500-time-date-book-how-long-does-it-take,catalog-promoted,Phải mất bao lâu?,How long does it take?,9,3,229,,content-draft/viet/canonical-pages/catalog-promoted/time-dates-booking/v500-time-date-book-how-long-does-it-take.json,
PASS,0,viet-phrase-v500-time-date-book-how-long-is-the-wait,catalog-promoted,Thời gian chờ đợi là bao lâu?,How long is the wait?,9,6,280,,content-draft/viet/canonical-pages/catalog-promoted/time-dates-booking/v500-time-date-book-how-long-is-the-wait.json,
PASS,0,viet-phrase-v500-time-date-book-i-booked-the-wrong-date,catalog-promoted,Tôi đã đặt sai ngày,I booked the wrong date,9,5,261,,content-draft/viet/canonical-pages/catalog-promoted/time-dates-booking/v500-time-date-book-i-booked-the-wrong-date.json,
PASS,0,viet-phrase-v500-time-date-book-i-need-to-change-my-booking,catalog-promoted,Tôi cần thay đổi đặt chỗ của mình,I need to change my booking,9,4,269,,content-draft/viet/canonical-pages/catalog-promoted/time-dates-booking/v500-time-date-book-i-need-to-change-my-booking.json,
PASS,0,viet-phrase-v500-time-date-book-is-it-open-today,catalog-promoted,Hôm nay có mở cửa không?,Is it open today?,9,4,246,,content-draft/viet/canonical-pages/catalog-promoted/time-dates-booking/v500-time-date-book-is-it-open-today.json,
PASS,0,viet-phrase-v500-time-date-book-is-it-open-tomorrow,catalog-promoted,Ngày mai có mở cửa không?,Is it open tomorrow?,9,5,230,,content-draft/viet/canonical-pages/catalog-promoted/time-dates-booking/v500-time-date-book-is-it-open-tomorrow.json,
PASS,0,viet-phrase-v500-time-date-book-is-re-entry-allowed,catalog-promoted,Có được phép nhập cảnh lại không?,Is re-entry allowed?,9,5,243,,content-draft/viet/canonical-pages/catalog-promoted/time-dates-booking/v500-time-date-book-is-re-entry-allowed.json,
PASS,0,viet-phrase-v500-time-date-book-is-there-a-change-fee,catalog-promoted,Có phí thay đổi không?,Is there a change fee?,9,4,242,,content-draft/viet/canonical-pages/catalog-promoted/time-dates-booking/v500-time-date-book-is-there-a-change-fee.json,
PASS,0,viet-phrase-v500-time-date-book-two-tickets-please,catalog-promoted,Xin cho hai vé,"Two tickets, please",9,5,255,,content-draft/viet/canonical-pages/catalog-promoted/time-dates-booking/v500-time-date-book-two-tickets-please.json,
PASS,0,viet-phrase-v500-time-date-book-where-is-the-line,catalog-promoted,Xếp hàng ở đâu?,Where is the line?,9,3,226,,content-draft/viet/canonical-pages/catalog-promoted/time-dates-booking/v500-time-date-book-where-is-the-line.json,
PASS,0,viet-phrase-v500-tran-are-you-my-driver,catalog-promoted,Bạn là tài xế của tôi à?,Are you my driver?,9,6,251,,content-draft/viet/canonical-pages/catalog-promoted/transport/v500-tran-are-you-my-driver.json,
PASS,0,viet-phrase-v500-tran-can-i-put-my-bag-here,catalog-promoted,Tôi có thể đặt túi của tôi ở đây được không?,Can I put my bag here?,9,9,295,,content-draft/viet/canonical-pages/catalog-promoted/transport/v500-tran-can-i-put-my-bag-here.json,
PASS,0,viet-phrase-v500-tran-do-you-have-a-helmet,catalog-promoted,Bạn có mũ bảo hiểm không?,Do you have a helmet?,9,4,243,,content-draft/viet/canonical-pages/catalog-promoted/transport/v500-tran-do-you-have-a-helmet.json,
PASS,0,viet-phrase-v500-tran-does-this-bus-go-there,catalog-promoted,Xe buýt này có đi đến đó không?,Does this bus go there?,9,8,262,,content-draft/viet/canonical-pages/catalog-promoted/transport/v500-tran-does-this-bus-go-there.json,
PASS,0,viet-phrase-v500-tran-i-left-something-in-the-car,catalog-promoted,Tôi để quên thứ gì đó trong xe,I left something in the car,9,4,288,,content-draft/viet/canonical-pages/catalog-promoted/transport/v500-tran-i-left-something-in-the-car.json,
PASS,0,viet-phrase-v500-tran-i-missed-my-stop,catalog-promoted,Tôi đã bỏ lỡ điểm dừng của mình,I missed my stop,9,8,288,,content-draft/viet/canonical-pages/catalog-promoted/transport/v500-tran-i-missed-my-stop.json,
PASS,0,viet-phrase-v500-tran-i-will-pay-the-driver-in-cash,catalog-promoted,Tôi sẽ trả tiền mặt cho tài xế,I will pay the driver in cash,9,4,270,,content-draft/viet/canonical-pages/catalog-promoted/transport/v500-tran-i-will-pay-the-driver-in-cash.json,
PASS,0,viet-phrase-v500-tran-is-this-my-car,catalog-promoted,Đây có phải là xe của tôi không?,Is this my car?,9,4,253,,content-draft/viet/canonical-pages/catalog-promoted/transport/v500-tran-is-this-my-car.json,
PASS,0,viet-phrase-v500-tran-is-this-train-delayed,catalog-promoted,Chuyến tàu này có bị trễ không?,Is this train delayed?,9,4,258,,content-draft/viet/canonical-pages/catalog-promoted/transport/v500-tran-is-this-train-delayed.json,
PASS,0,viet-phrase-v500-tran-please-call-the-driver,catalog-promoted,Vui lòng gọi tài xế,Please call the driver,9,3,254,,content-draft/viet/canonical-pages/catalog-promoted/transport/v500-tran-please-call-the-driver.json,
PASS,0,viet-phrase-v500-tran-please-drive-carefully,catalog-promoted,Hãy lái xe cẩn thận,Please drive carefully,9,4,267,,content-draft/viet/canonical-pages/catalog-promoted/transport/v500-tran-please-drive-carefully.json,
PASS,0,viet-phrase-v500-tran-please-drive-slower,catalog-promoted,Xin hãy lái xe chậm lại,Please drive slower,9,4,269,,content-draft/viet/canonical-pages/catalog-promoted/transport/v500-tran-please-drive-slower.json,
PASS,0,viet-phrase-v500-tran-please-follow-the-map,catalog-promoted,Hãy đi theo bản đồ,Please follow the map,9,3,239,,content-draft/viet/canonical-pages/catalog-promoted/transport/v500-tran-please-follow-the-map.json,
PASS,0,viet-phrase-v500-tran-please-go-straight,catalog-promoted,Hãy đi thẳng,Please go straight,9,3,237,,content-draft/viet/canonical-pages/catalog-promoted/transport/v500-tran-please-go-straight.json,
PASS,0,viet-phrase-v500-tran-please-lower-the-music,catalog-promoted,Làm ơn giảm nhạc đi,Please lower the music,9,4,263,,content-draft/viet/canonical-pages/catalog-promoted/transport/v500-tran-please-lower-the-music.json,
PASS,0,viet-phrase-v500-tran-please-open-the-trunk,catalog-promoted,Vui lòng mở cốp xe,Please open the trunk,9,4,246,,content-draft/viet/canonical-pages/catalog-promoted/transport/v500-tran-please-open-the-trunk.json,
PASS,0,viet-phrase-v500-tran-please-take-me-to-this-hotel,catalog-promoted,Vui lòng đưa tôi đến khách sạn này,Please take me to this hotel,9,7,277,,content-draft/viet/canonical-pages/catalog-promoted/transport/v500-tran-please-take-me-to-this-hotel.json,
PASS,0,viet-phrase-v500-tran-please-turn-around,catalog-promoted,Xin hãy quay lại theo hướng khác,Please go back the other way,9,7,286,,content-draft/viet/canonical-pages/catalog-promoted/transport/v500-tran-please-turn-around.json,
PASS,0,viet-phrase-v500-tran-please-wait-here,catalog-promoted,Xin vui lòng đợi ở đây,Please wait here,9,3,244,,content-draft/viet/canonical-pages/catalog-promoted/transport/v500-tran-please-wait-here.json,
PASS,0,viet-phrase-v500-tran-where-do-i-return-it,catalog-promoted,Tôi có thể trả lại nó ở đâu?,Where do I return it?,9,5,276,,content-draft/viet/canonical-pages/catalog-promoted/transport/v500-tran-where-do-i-return-it.json,
PASS,0,viet-phrase-v500-unde-repa-can-i-use-a-translation-app,catalog-promoted,Tôi có thể sử dụng ứng dụng dịch thuật không?,Can I use a translation app?,9,5,290,,content-draft/viet/canonical-pages/catalog-promoted/understanding-repair/v500-unde-repa-can-i-use-a-translation-app.json,
PASS,0,viet-phrase-v500-unde-repa-can-you-repeat-the-last-part,catalog-promoted,Bạn có thể nhắc lại phần cuối được không?,Can you repeat the last part?,9,7,299,,content-draft/viet/canonical-pages/catalog-promoted/understanding-repair/v500-unde-repa-can-you-repeat-the-last-part.json,
PASS,0,viet-phrase-v500-unde-repa-can-you-show-me-a-picture,catalog-promoted,Bạn có thể cho tôi xem một bức ảnh được không?,Can you show me a picture?,9,9,306,,content-draft/viet/canonical-pages/catalog-promoted/understanding-repair/v500-unde-repa-can-you-show-me-a-picture.json,
PASS,0,viet-phrase-v500-unde-repa-can-you-spell-the-name,catalog-promoted,Bạn có thể đánh vần tên được không?,Can you spell the name?,9,5,280,,content-draft/viet/canonical-pages/catalog-promoted/understanding-repair/v500-unde-repa-can-you-spell-the-name.json,
PASS,0,viet-phrase-v500-unde-repa-can-you-write-the-address,catalog-promoted,Bạn có thể viết địa chỉ được không?,Can you write the address?,9,5,275,,content-draft/viet/canonical-pages/catalog-promoted/understanding-repair/v500-unde-repa-can-you-write-the-address.json,
PASS,0,viet-phrase-v500-unde-repa-can-you-write-the-time,catalog-promoted,Bạn có thể viết thời gian được không?,Can you write the time?,9,4,287,,content-draft/viet/canonical-pages/catalog-promoted/understanding-repair/v500-unde-repa-can-you-write-the-time.json,
PASS,0,viet-phrase-v500-unde-repa-do-you-mean-this-one,catalog-promoted,Ý bạn là cái này phải không?,Do you mean this one?,9,4,268,,content-draft/viet/canonical-pages/catalog-promoted/understanding-repair/v500-unde-repa-do-you-mean-this-one.json,
PASS,0,viet-phrase-v500-unde-repa-i-understand-a-little,catalog-promoted,Tôi hiểu một chút,I understand a little,9,3,241,,content-draft/viet/canonical-pages/catalog-promoted/understanding-repair/v500-unde-repa-i-understand-a-little.json,
PASS,0,viet-phrase-v500-unde-repa-is-that-good-or-bad,catalog-promoted,Điều đó tốt hay xấu?,Is that good or bad?,9,3,283,,content-draft/viet/canonical-pages/catalog-promoted/understanding-repair/v500-unde-repa-is-that-good-or-bad.json,
PASS,0,viet-phrase-v500-unde-repa-is-that-per-person,catalog-promoted,Đó có phải là mỗi người?,Is that per person?,9,7,281,,content-draft/viet/canonical-pages/catalog-promoted/understanding-repair/v500-unde-repa-is-that-per-person.json,
PASS,0,viet-phrase-v500-unde-repa-is-that-the-final-total,catalog-promoted,Đó có phải là tổng số cuối cùng?,Is that the final total?,9,3,285,,content-draft/viet/canonical-pages/catalog-promoted/understanding-repair/v500-unde-repa-is-that-the-final-total.json,
PASS,0,viet-phrase-v500-unde-repa-is-this-the-place-on-the-map,catalog-promoted,Đây có phải là địa điểm trên bản đồ không?,Is this the place on the map?,9,9,294,,content-draft/viet/canonical-pages/catalog-promoted/understanding-repair/v500-unde-repa-is-this-the-place-on-the-map.json,
PASS,0,viet-phrase-v500-unde-repa-is-this-the-right-number,catalog-promoted,Đây có phải là con số đúng không?,Is this the right number?,9,4,283,,content-draft/viet/canonical-pages/catalog-promoted/understanding-repair/v500-unde-repa-is-this-the-right-number.json,
PASS,0,viet-phrase-v500-unde-repa-is-this-translation-correct,catalog-promoted,Bản dịch này có đúng không?,Is this translation correct?,9,3,246,,content-draft/viet/canonical-pages/catalog-promoted/understanding-repair/v500-unde-repa-is-this-translation-correct.json,
PASS,0,viet-phrase-v500-unde-repa-okay-now-i-understand,catalog-promoted,"Được rồi, bây giờ tôi đã hiểu","Okay, now I understand",9,7,282,,content-draft/viet/canonical-pages/catalog-promoted/understanding-repair/v500-unde-repa-okay-now-i-understand.json,
PASS,0,viet-phrase-v500-unde-repa-please-be-patient-with-me,catalog-promoted,Xin hãy kiên nhẫn với tôi,Please be patient with me,9,4,283,,content-draft/viet/canonical-pages/catalog-promoted/understanding-repair/v500-unde-repa-please-be-patient-with-me.json,
PASS,0,viet-phrase-v500-unde-repa-please-mark-it-here,catalog-promoted,Hãy đánh dấu nó ở đây,Please mark it here,9,5,285,,content-draft/viet/canonical-pages/catalog-promoted/understanding-repair/v500-unde-repa-please-mark-it-here.json,
PASS,0,viet-phrase-v500-unde-repa-please-speak-into-my-phone,catalog-promoted,Hãy nói vào điện thoại của tôi,Please speak into my phone,9,6,292,,content-draft/viet/canonical-pages/catalog-promoted/understanding-repair/v500-unde-repa-please-speak-into-my-phone.json,
PASS,0,viet-phrase-v500-unde-repa-please-type-it-into-my-phone,catalog-promoted,Anh/chị gõ vào điện thoại giúp tôi được không?,Please type it into my phone.,9,4,306,,content-draft/viet/canonical-pages/catalog-promoted/understanding-repair/v500-unde-repa-please-type-it-into-my-phone.json,
PASS,0,viet-phrase-v500-unde-repa-that-is-not-what-i-meant,catalog-promoted,Đó không phải là ý tôi,That is not what I meant,9,4,289,,content-draft/viet/canonical-pages/catalog-promoted/understanding-repair/v500-unde-repa-that-is-not-what-i-meant.json,
PASS,0,viet-phrase-v900-airp-bord-arri-can-i-pay-the-driver-by-card,catalog-promoted,Tôi có thể thanh toán cho tài xế bằng thẻ không?,Can I pay the driver by card?,9,6,335,,content-draft/viet/canonical-pages/catalog-promoted/airport-border-arrival/v900-airp-bord-arri-can-i-pay-the-driver-by-card.json,
PASS,0,viet-phrase-v900-airp-bord-arri-can-you-help-me-book-a-taxi,catalog-promoted,Bạn có thể giúp tôi đặt một chiếc taxi được không?,Can you help me book a taxi?,9,5,332,,content-draft/viet/canonical-pages/catalog-promoted/airport-border-arrival/v900-airp-bord-arri-can-you-help-me-book-a-taxi.json,
PASS,0,viet-phrase-v900-airp-bord-arri-can-you-help-me-track-my-bag,catalog-promoted,Bạn có thể giúp tôi theo dõi túi của tôi?,Can you help me track my bag?,9,5,309,,content-draft/viet/canonical-pages/catalog-promoted/airport-border-arrival/v900-airp-bord-arri-can-you-help-me-track-my-bag.json,
PASS,0,viet-phrase-v900-airp-bord-arri-do-i-need-to-fill-out-this-form,catalog-promoted,Tôi có cần điền vào mẫu đơn này không?,Do I need to fill out this form?,9,5,331,,content-draft/viet/canonical-pages/catalog-promoted/airport-border-arrival/v900-airp-bord-arri-do-i-need-to-fill-out-this-form.json,
PASS,0,viet-phrase-v900-airp-bord-arri-i-have-an-airport-pickup-booked,catalog-promoted,Tôi đã đặt dịch vụ đón tại sân bay,I have an airport pickup booked,9,6,349,,content-draft/viet/canonical-pages/catalog-promoted/airport-border-arrival/v900-airp-bord-arri-i-have-an-airport-pickup-booked.json,
PASS,0,viet-phrase-v900-airp-bord-arri-i-made-a-mistake-on-the-form,catalog-promoted,Tôi đã mắc lỗi trong biểu mẫu,I made a mistake on the form,9,3,282,,content-draft/viet/canonical-pages/catalog-promoted/airport-border-arrival/v900-airp-bord-arri-i-made-a-mistake-on-the-form.json,
PASS,0,viet-phrase-v900-airp-bord-arri-i-think-i-went-to-the-wrong-terminal,catalog-promoted,Tôi nghĩ tôi đã đến nhầm nhà ga,I think I went to the wrong terminal,9,4,289,,content-draft/viet/canonical-pages/catalog-promoted/airport-border-arrival/v900-airp-bord-arri-i-think-i-went-to-the-wrong-terminal.json,
PASS,0,viet-phrase-v900-airp-bord-arri-is-there-a-shuttle-between-terminals,catalog-promoted,Có xe đưa đón giữa các nhà ga không?,Is there a shuttle between terminals?,9,5,290,,content-draft/viet/canonical-pages/catalog-promoted/airport-border-arrival/v900-airp-bord-arri-is-there-a-shuttle-between-terminals.json,
PASS,0,viet-phrase-v900-airp-bord-arri-is-this-the-correct-immigration-line,catalog-promoted,Đây có phải là đường nhập cư chính xác không?,Is this the correct immigration line?,9,4,293,,content-draft/viet/canonical-pages/catalog-promoted/airport-border-arrival/v900-airp-bord-arri-is-this-the-correct-immigration-line.json,
PASS,0,viet-phrase-v900-airp-bord-arri-is-this-the-official-taxi-line,catalog-promoted,Đây có phải là tuyến taxi chính thức?,Is this the official taxi line?,9,3,294,,content-draft/viet/canonical-pages/catalog-promoted/airport-border-arrival/v900-airp-bord-arri-is-this-the-official-taxi-line.json,
PASS,0,viet-phrase-v900-airp-bord-arri-please-send-it-to-this-hotel,catalog-promoted,Vui lòng gửi nó đến khách sạn này,Please send it to this hotel,9,7,338,,content-draft/viet/canonical-pages/catalog-promoted/airport-border-arrival/v900-airp-bord-arri-please-send-it-to-this-hotel.json,
PASS,0,viet-phrase-v900-airp-bord-arri-where-can-i-buy-a-bottle-of-water,catalog-promoted,Tôi có thể mua một chai nước ở đâu?,Where can I buy a bottle of water?,9,4,303,,content-draft/viet/canonical-pages/catalog-promoted/airport-border-arrival/v900-airp-bord-arri-where-can-i-buy-a-bottle-of-water.json,
PASS,0,viet-phrase-v900-airp-bord-arri-where-can-i-buy-a-bus-ticket-to-the-city,catalog-promoted,Mua vé xe buýt vào thành phố ở đâu?,Where can I buy a bus ticket to the city?,9,6,338,,content-draft/viet/canonical-pages/catalog-promoted/airport-border-arrival/v900-airp-bord-arri-where-can-i-buy-a-bus-ticket-to-the-city.json,
PASS,0,viet-phrase-v900-airp-bord-arri-where-can-i-charge-my-phone,catalog-promoted,Tôi có thể sạc điện thoại ở đâu?,Where can I charge my phone?,9,4,287,,content-draft/viet/canonical-pages/catalog-promoted/airport-border-arrival/v900-airp-bord-arri-where-can-i-charge-my-phone.json,
PASS,0,viet-phrase-v900-airp-bord-arri-where-can-i-get-airport-wi-fi,catalog-promoted,Tôi có thể lấy Wi-Fi sân bay ở đâu?,Where can I get airport Wi-Fi?,9,7,325,,content-draft/viet/canonical-pages/catalog-promoted/airport-border-arrival/v900-airp-bord-arri-where-can-i-get-airport-wi-fi.json,
PASS,0,viet-phrase-v900-airp-bord-arri-where-is-the-arrivals-hall,catalog-promoted,Sảnh đến ở đâu?,Where is the arrivals hall?,9,3,263,,content-draft/viet/canonical-pages/catalog-promoted/airport-border-arrival/v900-airp-bord-arri-where-is-the-arrivals-hall.json,
PASS,0,viet-phrase-v900-airp-bord-arri-where-is-the-currency-exchange,catalog-promoted,Đổi tiền ở đâu?,Where is the currency exchange?,9,3,244,,content-draft/viet/canonical-pages/catalog-promoted/airport-border-arrival/v900-airp-bord-arri-where-is-the-currency-exchange.json,
PASS,0,viet-phrase-v900-airp-bord-arri-where-is-the-departure-hall,catalog-promoted,Sảnh khởi hành ở đâu?,Where is the departure hall?,9,3,251,,content-draft/viet/canonical-pages/catalog-promoted/airport-border-arrival/v900-airp-bord-arri-where-is-the-departure-hall.json,
PASS,0,viet-phrase-v900-airp-bord-arri-where-is-the-grab-pickup-point,catalog-promoted,Điểm đón Grab ở đâu?,Where is the Grab pickup point?,10,4,278,,content-draft/viet/canonical-pages/catalog-promoted/airport-border-arrival/v900-airp-bord-arri-where-is-the-grab-pickup-point.json,
PASS,0,viet-phrase-v900-airp-bord-arri-where-is-the-information-desk,catalog-promoted,Bàn thông tin ở đâu?,Where is the information desk?,9,3,270,,content-draft/viet/canonical-pages/catalog-promoted/airport-border-arrival/v900-airp-bord-arri-where-is-the-information-desk.json,
PASS,0,viet-phrase-v900-airp-bord-arri-where-is-the-international-terminal,catalog-promoted,Nhà ga quốc tế ở đâu?,Where is the international terminal?,9,4,258,,content-draft/viet/canonical-pages/catalog-promoted/airport-border-arrival/v900-airp-bord-arri-where-is-the-international-terminal.json,
PASS,0,viet-phrase-v900-airp-bord-arri-where-is-the-oversized-baggage-area,catalog-promoted,Khu vực hành lý quá khổ ở đâu?,Where is the oversized baggage area?,9,4,303,,content-draft/viet/canonical-pages/catalog-promoted/airport-border-arrival/v900-airp-bord-arri-where-is-the-oversized-baggage-area.json,
PASS,0,viet-phrase-v900-airp-bord-arri-where-is-the-smoking-area,catalog-promoted,Khu vực hút thuốc ở đâu?,Where is the smoking area?,9,3,282,,content-draft/viet/canonical-pages/catalog-promoted/airport-border-arrival/v900-airp-bord-arri-where-is-the-smoking-area.json,
PASS,0,viet-phrase-v900-bath-pers-need-is-there-a-fee-for-the-bathroom,catalog-promoted,Nhà vệ sinh có tính phí không?,Is there a fee for the bathroom?,9,4,289,,content-draft/viet/canonical-pages/catalog-promoted/bathroom-personal-needs/v900-bath-pers-need-is-there-a-fee-for-the-bathroom.json,
PASS,0,viet-phrase-v900-dire-navi-can-you-call-this-place-and-ask-for-directions,catalog-promoted,Bạn có thể gọi đến nơi này và hỏi đường được không?,Can you call this place and ask for directions?,9,5,348,,content-draft/viet/canonical-pages/catalog-promoted/directions-navigation/v900-dire-navi-can-you-call-this-place-and-ask-for-directions.json,
PASS,0,viet-phrase-v900-dire-navi-how-long-does-it-take-by-motorbike,catalog-promoted,Đi xe máy mất bao lâu?,How long does it take by motorbike?,9,3,294,,content-draft/viet/canonical-pages/catalog-promoted/directions-navigation/v900-dire-navi-how-long-does-it-take-by-motorbike.json,
PASS,0,viet-phrase-v900-dire-navi-i-think-i-went-the-wrong-way,catalog-promoted,Tôi nghĩ tôi đã đi sai đường,I think I went the wrong way,9,8,331,,content-draft/viet/canonical-pages/catalog-promoted/directions-navigation/v900-dire-navi-i-think-i-went-the-wrong-way.json,
PASS,0,viet-phrase-v900-dire-navi-is-it-across-from-the-cafe,catalog-promoted,Nó có ở đối diện quán cà phê không?,Is it across from the cafe?,9,5,315,,content-draft/viet/canonical-pages/catalog-promoted/directions-navigation/v900-dire-navi-is-it-across-from-the-cafe.json,
PASS,0,viet-phrase-v900-dire-navi-is-it-behind-this-building,catalog-promoted,Nó có ở phía sau tòa nhà này không?,Is it behind this building?,9,6,288,,content-draft/viet/canonical-pages/catalog-promoted/directions-navigation/v900-dire-navi-is-it-behind-this-building.json,
PASS,0,viet-phrase-v900-dire-navi-is-it-on-this-side-of-the-street,catalog-promoted,Có phải ở phía bên này của đường phố?,Is it on this side of the street?,9,10,324,,content-draft/viet/canonical-pages/catalog-promoted/directions-navigation/v900-dire-navi-is-it-on-this-side-of-the-street.json,
PASS,0,viet-phrase-v900-dire-navi-is-it-past-the-traffic-light,catalog-promoted,Có vượt qua đèn giao thông không?,Is it past the traffic light?,9,5,277,,content-draft/viet/canonical-pages/catalog-promoted/directions-navigation/v900-dire-navi-is-it-past-the-traffic-light.json,
PASS,0,viet-phrase-v900-dire-navi-is-this-the-correct-pickup-point,catalog-promoted,Đây có phải là điểm đón chính xác không?,Is this the correct pickup point?,10,5,314,,content-draft/viet/canonical-pages/catalog-promoted/directions-navigation/v900-dire-navi-is-this-the-correct-pickup-point.json,
PASS,0,viet-phrase-v900-dire-navi-is-this-the-correct-street,catalog-promoted,Đây có phải là đường phố chính xác không?,Is this the correct street?,9,4,296,,content-draft/viet/canonical-pages/catalog-promoted/directions-navigation/v900-dire-navi-is-this-the-correct-street.json,
PASS,0,viet-phrase-v900-dire-navi-is-this-the-old-location-or-the-new-one,catalog-promoted,Đây là địa điểm cũ hay địa điểm mới?,Is this the old location or the new one?,9,6,334,,content-draft/viet/canonical-pages/catalog-promoted/directions-navigation/v900-dire-navi-is-this-the-old-location-or-the-new-one.json,
PASS,0,viet-phrase-v900-dire-navi-please-point-me-in-the-right-direction,catalog-promoted,Xin hãy chỉ cho tôi đi đúng hướng,Please point me in the right direction,9,4,307,,content-draft/viet/canonical-pages/catalog-promoted/directions-navigation/v900-dire-navi-please-point-me-in-the-right-direction.json,
PASS,0,viet-phrase-v900-dire-navi-please-write-the-address-for-me,catalog-promoted,Hãy viết địa chỉ cho tôi,Please write the address for me,9,4,268,,content-draft/viet/canonical-pages/catalog-promoted/directions-navigation/v900-dire-navi-please-write-the-address-for-me.json,
PASS,0,viet-phrase-v900-dire-navi-should-i-cross-the-street,catalog-promoted,Tôi có nên băng qua đường không?,Should I cross the street?,9,4,290,,content-draft/viet/canonical-pages/catalog-promoted/directions-navigation/v900-dire-navi-should-i-cross-the-street.json,
PASS,0,viet-phrase-v900-dire-navi-what-time-does-this-place-close,catalog-promoted,Nơi này đóng cửa lúc mấy giờ?,What time does this place close?,9,6,352,,content-draft/viet/canonical-pages/catalog-promoted/directions-navigation/v900-dire-navi-what-time-does-this-place-close.json,
PASS,0,viet-phrase-v900-dire-navi-where-do-i-meet-the-tour-group,catalog-promoted,Tôi gặp nhóm du lịch ở đâu?,Where do I meet the tour group?,9,4,305,,content-draft/viet/canonical-pages/catalog-promoted/directions-navigation/v900-dire-navi-where-do-i-meet-the-tour-group.json,
PASS,0,viet-phrase-v900-dire-navi-where-is-the-back-entrance,catalog-promoted,Lối vào phía sau ở đâu?,Where is the back entrance?,9,4,273,,content-draft/viet/canonical-pages/catalog-promoted/directions-navigation/v900-dire-navi-where-is-the-back-entrance.json,
PASS,0,viet-phrase-v900-dire-navi-where-is-the-exit-to-the-street,catalog-promoted,Lối ra đường ở đâu?,Where is the exit to the street?,9,4,284,,content-draft/viet/canonical-pages/catalog-promoted/directions-navigation/v900-dire-navi-where-is-the-exit-to-the-street.json,
PASS,0,viet-phrase-v900-dire-navi-where-is-the-main-entrance,catalog-promoted,Lối vào chính ở đâu?,Where is the main entrance?,9,4,291,,content-draft/viet/canonical-pages/catalog-promoted/directions-navigation/v900-dire-navi-where-is-the-main-entrance.json,
PASS,0,viet-phrase-v900-dire-navi-where-is-the-nearest-convenience-store,catalog-promoted,Cửa hàng tiện lợi gần nhất ở đâu?,Where is the nearest convenience store?,9,4,294,,content-draft/viet/canonical-pages/catalog-promoted/directions-navigation/v900-dire-navi-where-is-the-nearest-convenience-store.json,
PASS,0,viet-phrase-v900-dire-navi-where-is-the-nearest-information-desk,catalog-promoted,Bàn thông tin gần nhất ở đâu?,Where is the nearest information desk?,9,4,265,,content-draft/viet/canonical-pages/catalog-promoted/directions-navigation/v900-dire-navi-where-is-the-nearest-information-desk.json,
PASS,0,viet-phrase-v900-dire-navi-where-is-the-ticket-office,catalog-promoted,Phòng bán vé ở đâu?,Where is the ticket office?,9,5,309,,content-draft/viet/canonical-pages/catalog-promoted/directions-navigation/v900-dire-navi-where-is-the-ticket-office.json,
PASS,0,viet-phrase-v900-dire-navi-where-is-the-train-station,catalog-promoted,Nhà ga xe lửa ở đâu?,Where is the train station?,9,3,279,,content-draft/viet/canonical-pages/catalog-promoted/directions-navigation/v900-dire-navi-where-is-the-train-station.json,
PASS,0,viet-phrase-v900-dire-navi-where-should-the-driver-stop,catalog-promoted,Người lái xe nên dừng ở đâu?,Where should the driver stop?,9,5,267,,content-draft/viet/canonical-pages/catalog-promoted/directions-navigation/v900-dire-navi-where-should-the-driver-stop.json,
PASS,0,viet-phrase-v900-dire-navi-which-entrance-should-i-use,catalog-promoted,Tôi nên sử dụng lối vào nào?,Which entrance should I use?,9,4,284,,content-draft/viet/canonical-pages/catalog-promoted/directions-navigation/v900-dire-navi-which-entrance-should-i-use.json,
PASS,0,viet-phrase-v900-emer-safe-i-am-safe-now,catalog-promoted,Bây giờ tôi đã an toàn,I am safe now,9,4,276,,content-draft/viet/canonical-pages/catalog-promoted/emergency-safety/v900-emer-safe-i-am-safe-now.json,
PASS,0,viet-phrase-v900-emer-safe-i-did-not-agree-to-that-price,catalog-promoted,Tôi không đồng ý với mức giá đó,I did not agree to that price,9,7,338,,content-draft/viet/canonical-pages/catalog-promoted/emergency-safety/v900-emer-safe-i-did-not-agree-to-that-price.json,
PASS,0,viet-phrase-v900-emer-safe-i-think-this-is-a-scam,catalog-promoted,Tôi nghĩ đây là một trò lừa đảo,I think this is a scam,9,4,288,,content-draft/viet/canonical-pages/catalog-promoted/emergency-safety/v900-emer-safe-i-think-this-is-a-scam.json,
PASS,0,viet-phrase-v900-emer-safe-please-help-me-get-out-of-here,catalog-promoted,Xin hãy giúp tôi ra khỏi đây,Please help me get out of here,9,3,270,,content-draft/viet/canonical-pages/catalog-promoted/emergency-safety/v900-emer-safe-please-help-me-get-out-of-here.json,
PASS,0,viet-phrase-v900-emer-safe-please-send-my-location-to-this-person,catalog-promoted,Vui lòng gửi vị trí của tôi cho người này,Please send my location to this person,9,4,308,,content-draft/viet/canonical-pages/catalog-promoted/emergency-safety/v900-emer-safe-please-send-my-location-to-this-person.json,
PASS,0,viet-phrase-v900-emer-safe-this-person-is-bothering-me,catalog-promoted,Người này đang làm phiền tôi,This person is bothering me,9,4,269,,content-draft/viet/canonical-pages/catalog-promoted/emergency-safety/v900-emer-safe-this-person-is-bothering-me.json,
PASS,0,viet-phrase-v900-food-drin-can-i-have-a-cup-of-ice,catalog-promoted,Cho tôi xin một ly đá được không?,Can I have a cup of ice?,11,4,307,,content-draft/viet/canonical-pages/catalog-promoted/food-drink/v900-food-drin-can-i-have-a-cup-of-ice.json,
PASS,0,viet-phrase-v900-food-drin-can-i-have-chili-sauce,catalog-promoted,Tôi có thể dùng tương ớt được không?,Can I have chili sauce?,11,4,324,,content-draft/viet/canonical-pages/catalog-promoted/food-drink/v900-food-drin-can-i-have-chili-sauce.json,
PASS,0,viet-phrase-v900-food-drin-can-i-have-lime,catalog-promoted,Cho tôi xin chanh được không?,Can I have lime?,11,4,306,,content-draft/viet/canonical-pages/catalog-promoted/food-drink/v900-food-drin-can-i-have-lime.json,
PASS,0,viet-phrase-v900-food-drin-can-i-have-rice-with-this,catalog-promoted,Cho tôi cơm ăn kèm được không?,Can I have rice with this?,11,5,320,,content-draft/viet/canonical-pages/catalog-promoted/food-drink/v900-food-drin-can-i-have-rice-with-this.json,
PASS,0,viet-phrase-v900-food-drin-can-i-have-soup-on-the-side,catalog-promoted,Cho tôi xin chén súp riêng được không?,Can I have soup on the side?,11,4,345,,content-draft/viet/canonical-pages/catalog-promoted/food-drink/v900-food-drin-can-i-have-soup-on-the-side.json,
PASS,0,viet-phrase-v900-food-drin-can-i-order-half-a-portion,catalog-promoted,Tôi có thể gọi một nửa phần được không?,Can I order half a portion?,11,5,339,,content-draft/viet/canonical-pages/catalog-promoted/food-drink/v900-food-drin-can-i-order-half-a-portion.json,
PASS,0,viet-phrase-v900-food-drin-can-i-order-this-without-meat,catalog-promoted,Tôi có thể gọi món này mà không có thịt được không?,Can I order this without meat?,11,5,387,,content-draft/viet/canonical-pages/catalog-promoted/food-drink/v900-food-drin-can-i-order-this-without-meat.json,
PASS,0,viet-phrase-v900-food-drin-can-i-pay-the-bill-by-card,catalog-promoted,Tôi có thể thanh toán hóa đơn bằng thẻ không?,Can I pay the bill by card?,11,5,351,,content-draft/viet/canonical-pages/catalog-promoted/food-drink/v900-food-drin-can-i-pay-the-bill-by-card.json,
PASS,0,viet-phrase-v900-food-drin-can-we-sit-by-the-fan,catalog-promoted,Chúng tôi có thể ngồi cạnh quạt được không?,Can we sit by the fan?,11,4,343,,content-draft/viet/canonical-pages/catalog-promoted/food-drink/v900-food-drin-can-we-sit-by-the-fan.json,
PASS,0,viet-phrase-v900-food-drin-can-we-sit-inside,catalog-promoted,Chúng tôi có thể ngồi bên trong được không?,Can we sit inside?,11,4,349,,content-draft/viet/canonical-pages/catalog-promoted/food-drink/v900-food-drin-can-we-sit-inside.json,
PASS,0,viet-phrase-v900-food-drin-can-we-sit-outside,catalog-promoted,Chúng tôi có thể ngồi bên ngoài được không?,Can we sit outside?,11,4,341,,content-draft/viet/canonical-pages/catalog-promoted/food-drink/v900-food-drin-can-we-sit-outside.json,
PASS,0,viet-phrase-v900-food-drin-can-you-change-this,catalog-promoted,Bạn có thể thay đổi điều này?,Can you change this?,7,7,284,,content-draft/viet/canonical-pages/catalog-promoted/food-drink/v900-food-drin-can-you-change-this.json,
PASS,0,viet-phrase-v900-food-drin-can-you-clean-this-table,catalog-promoted,Bạn có thể lau cái bàn này được không?,Can you clean this table?,11,5,328,,content-draft/viet/canonical-pages/catalog-promoted/food-drink/v900-food-drin-can-you-clean-this-table.json,
PASS,0,viet-phrase-v900-food-drin-can-you-remove-this-from-the-bill,catalog-promoted,Bạn có thể loại bỏ điều này khỏi hóa đơn?,Can you remove this from the bill?,11,4,333,,content-draft/viet/canonical-pages/catalog-promoted/food-drink/v900-food-drin-can-you-remove-this-from-the-bill.json,
PASS,0,viet-phrase-v900-food-drin-do-we-order-here-or-at-the-counter,catalog-promoted,Chúng ta đặt hàng ở đây hay tại quầy?,Do we order here or at the counter?,11,5,334,,content-draft/viet/canonical-pages/catalog-promoted/food-drink/v900-food-drin-do-we-order-here-or-at-the-counter.json,
PASS,0,viet-phrase-v900-food-drin-do-you-have-beer,catalog-promoted,Bạn có bia không?,Do you have beer?,11,4,285,,content-draft/viet/canonical-pages/catalog-promoted/food-drink/v900-food-drin-do-you-have-beer.json,
PASS,0,viet-phrase-v900-food-drin-does-this-contain-fish-sauce,catalog-promoted,Cái này có nước mắm không?,Does this contain fish sauce?,10,4,315,,content-draft/viet/canonical-pages/catalog-promoted/food-drink/v900-food-drin-does-this-contain-fish-sauce.json,
PASS,0,viet-phrase-v900-food-drin-i-asked-for-this-not-spicy,catalog-promoted,Tôi yêu cầu món này không cay.,I asked for this not spicy.,11,4,303,,content-draft/viet/canonical-pages/catalog-promoted/food-drink/v900-food-drin-i-asked-for-this-not-spicy.json,
PASS,0,viet-phrase-v900-food-drin-i-do-not-eat-beef,catalog-promoted,Tôi không ăn thịt bò,I do not eat beef,11,4,349,,content-draft/viet/canonical-pages/catalog-promoted/food-drink/v900-food-drin-i-do-not-eat-beef.json,
PASS,0,viet-phrase-v900-food-drin-i-do-not-eat-pork,catalog-promoted,Tôi không ăn thịt lợn,I do not eat pork,11,4,350,,content-draft/viet/canonical-pages/catalog-promoted/food-drink/v900-food-drin-i-do-not-eat-pork.json,
PASS,0,viet-phrase-v900-food-drin-i-have-been-waiting-a-long-time,catalog-promoted,Tôi đã chờ đợi rất lâu rồi,I have been waiting a long time,11,4,338,,content-draft/viet/canonical-pages/catalog-promoted/food-drink/v900-food-drin-i-have-been-waiting-a-long-time.json,
PASS,0,viet-phrase-v900-food-drin-i-think-there-is-a-mistake-on-the-bill,catalog-promoted,Tôi nghĩ có sai sót trên hóa đơn,I think there is a mistake on the bill,11,4,329,,content-draft/viet/canonical-pages/catalog-promoted/food-drink/v900-food-drin-i-think-there-is-a-mistake-on-the-bill.json,
PASS,0,viet-phrase-v900-food-drin-id-like-it-to-go-please,catalog-promoted,Cho tôi lấy mang đi nhé,"I'd like it to go, please.",11,4,331,,content-draft/viet/canonical-pages/catalog-promoted/food-drink/v900-food-drin-id-like-it-to-go-please.json,
PASS,0,viet-phrase-v900-food-drin-ill-have-what-they-are-having,catalog-promoted,Tôi sẽ có những gì họ đang có,I’ll have what they are having,11,4,307,,content-draft/viet/canonical-pages/catalog-promoted/food-drink/v900-food-drin-ill-have-what-they-are-having.json,
PASS,0,viet-phrase-v900-food-drin-is-there-a-wait-for-a-table,catalog-promoted,Có phải đợi bàn không?,Is there a wait for a table?,11,4,333,,content-draft/viet/canonical-pages/catalog-promoted/food-drink/v900-food-drin-is-there-a-wait-for-a-table.json,
PASS,0,viet-phrase-v900-food-drin-less-sugar-please,catalog-promoted,Làm ơn bớt đường đi,"Less sugar, please",11,5,354,,content-draft/viet/canonical-pages/catalog-promoted/food-drink/v900-food-drin-less-sugar-please.json,
PASS,0,viet-phrase-v900-food-drin-one-hot-coffee-please,catalog-promoted,Làm ơn cho một ly cà phê nóng,"One hot coffee, please",11,6,363,,content-draft/viet/canonical-pages/catalog-promoted/food-drink/v900-food-drin-one-hot-coffee-please.json,
PASS,0,viet-phrase-v900-food-drin-please-make-it-without-meat,catalog-promoted,Hãy làm món này không có thịt,Please make it without meat,11,4,358,,content-draft/viet/canonical-pages/catalog-promoted/food-drink/v900-food-drin-please-make-it-without-meat.json,
PASS,0,viet-phrase-v900-food-drin-please-pack-it-to-go,catalog-promoted,Gói mang về giúp tôi nhé,Please pack it to go.,11,4,323,,content-draft/viet/canonical-pages/catalog-promoted/food-drink/v900-food-drin-please-pack-it-to-go.json,
PASS,0,viet-phrase-v900-food-drin-that-was-very-good,catalog-promoted,Món này rất ngon,That was very good,11,3,276,,content-draft/viet/canonical-pages/catalog-promoted/food-drink/v900-food-drin-that-was-very-good.json,
PASS,0,viet-phrase-v900-food-drin-thats-all-thank-you,catalog-promoted,"Vậy thôi, cảm ơn","That's all, thank you.",6,3,211,,content-draft/viet/canonical-pages/catalog-promoted/food-drink/v900-food-drin-thats-all-thank-you.json,
PASS,0,viet-phrase-v900-food-drin-this-is-undercooked,catalog-promoted,Món này chưa được nấu chín kỹ,This is undercooked,7,3,254,,content-draft/viet/canonical-pages/catalog-promoted/food-drink/v900-food-drin-this-is-undercooked.json,
PASS,0,viet-phrase-v900-food-drin-what-do-you-recommend,catalog-promoted,Bạn đề xuất món gì?,What do you recommend?,11,5,350,,content-draft/viet/canonical-pages/catalog-promoted/food-drink/v900-food-drin-what-do-you-recommend.json,
PASS,0,viet-phrase-v900-food-drin-what-is-not-too-spicy,catalog-promoted,Cái gì không quá cay?,What is not too spicy?,11,3,292,,content-draft/viet/canonical-pages/catalog-promoted/food-drink/v900-food-drin-what-is-not-too-spicy.json,
PASS,0,viet-phrase-v900-heal-phar-can-i-drink-alcohol-with-this,catalog-promoted,Tôi có thể uống rượu khi dùng thuốc này không?,Can I drink alcohol with this?,9,5,285,,content-draft/viet/canonical-pages/catalog-promoted/health-pharmacy/v900-heal-phar-can-i-drink-alcohol-with-this.json,
PASS,0,viet-phrase-v900-heal-phar-can-i-get-a-medical-report,catalog-promoted,Tôi có thể lấy giấy xác nhận y tế không?,Can I get a medical report?,9,4,279,,content-draft/viet/canonical-pages/catalog-promoted/health-pharmacy/v900-heal-phar-can-i-get-a-medical-report.json,
PASS,0,viet-phrase-v900-heal-phar-can-i-get-a-receipt-for-insurance,catalog-promoted,Tôi có thể lấy biên nhận để nộp cho bảo hiểm không?,Can I get a receipt to submit to insurance?,9,6,306,,content-draft/viet/canonical-pages/catalog-promoted/health-pharmacy/v900-heal-phar-can-i-get-a-receipt-for-insurance.json,
PASS,0,viet-phrase-v900-heal-phar-can-i-pay-the-clinic-bill-by-card,catalog-promoted,Tôi có thể thanh toán hóa đơn phòng khám bằng thẻ không?,Can I pay the clinic bill by card?,9,6,295,,content-draft/viet/canonical-pages/catalog-promoted/health-pharmacy/v900-heal-phar-can-i-pay-the-clinic-bill-by-card.json,
PASS,0,viet-phrase-v900-heal-phar-can-you-call-an-ambulance,catalog-promoted,Bạn có thể gọi xe cứu thương được không?,Can you call an ambulance?,9,4,272,,content-draft/viet/canonical-pages/catalog-promoted/health-pharmacy/v900-heal-phar-can-you-call-an-ambulance.json,
PASS,0,viet-phrase-v900-heal-phar-can-you-email-the-report-to-me,catalog-promoted,Bạn có thể gửi email báo cáo cho tôi được không?,Can you email the report to me?,9,9,301,,content-draft/viet/canonical-pages/catalog-promoted/health-pharmacy/v900-heal-phar-can-you-email-the-report-to-me.json,
PASS,0,viet-phrase-v900-heal-phar-can-you-help-me-call-my-travel-insurance,catalog-promoted,Bạn có thể giúp tôi gọi bảo hiểm du lịch của tôi được không?,Can you help me call my travel insurance?,9,10,323,,content-draft/viet/canonical-pages/catalog-promoted/health-pharmacy/v900-heal-phar-can-you-help-me-call-my-travel-insurance.json,
PASS,0,viet-phrase-v900-heal-phar-do-i-need-to-come-back,catalog-promoted,Tôi có cần quay lại không?,Do I need to come back?,9,4,263,,content-draft/viet/canonical-pages/catalog-promoted/health-pharmacy/v900-heal-phar-do-i-need-to-come-back.json,
PASS,0,viet-phrase-v900-heal-phar-do-you-have-this-medicine,catalog-promoted,Bạn có thuốc này không?,Do you have this medicine?,9,4,274,,content-draft/viet/canonical-pages/catalog-promoted/health-pharmacy/v900-heal-phar-do-you-have-this-medicine.json,
PASS,0,viet-phrase-v900-heal-phar-how-many-pills-each-time,catalog-promoted,Mỗi lần bao nhiêu viên?,How many pills each time?,9,3,279,,content-draft/viet/canonical-pages/catalog-promoted/health-pharmacy/v900-heal-phar-how-many-pills-each-time.json,
PASS,0,viet-phrase-v900-heal-phar-i-am-allergic-to-penicillin,catalog-promoted,Tôi bị dị ứng với penicillin,I am allergic to penicillin,9,3,281,,content-draft/viet/canonical-pages/catalog-promoted/health-pharmacy/v900-heal-phar-i-am-allergic-to-penicillin.json,
PASS,0,viet-phrase-v900-heal-phar-i-have-a-cough,catalog-promoted,Tôi bị ho,I have a cough,9,3,258,,content-draft/viet/canonical-pages/catalog-promoted/health-pharmacy/v900-heal-phar-i-have-a-cough.json,
PASS,0,viet-phrase-v900-heal-phar-i-have-a-sore-throat,catalog-promoted,Tôi bị đau họng,I have a sore throat,9,3,249,,content-draft/viet/canonical-pages/catalog-promoted/health-pharmacy/v900-heal-phar-i-have-a-sore-throat.json,
PASS,0,viet-phrase-v900-heal-phar-i-have-high-blood-pressure,catalog-promoted,Tôi bị cao huyết áp,I have high blood pressure,9,3,251,,content-draft/viet/canonical-pages/catalog-promoted/health-pharmacy/v900-heal-phar-i-have-high-blood-pressure.json,
PASS,0,viet-phrase-v900-heal-phar-i-have-trouble-breathing,catalog-promoted,Tôi khó thở,I have trouble breathing,9,3,239,,content-draft/viet/canonical-pages/catalog-promoted/health-pharmacy/v900-heal-phar-i-have-trouble-breathing.json,
PASS,0,viet-phrase-v900-heal-phar-i-hurt-my-arm,catalog-promoted,Tôi bị thương ở tay,I hurt my arm,9,3,266,,content-draft/viet/canonical-pages/catalog-promoted/health-pharmacy/v900-heal-phar-i-hurt-my-arm.json,
PASS,0,viet-phrase-v900-heal-phar-i-hurt-my-foot,catalog-promoted,Tôi bị thương ở chân,I hurt my foot,9,3,264,,content-draft/viet/canonical-pages/catalog-promoted/health-pharmacy/v900-heal-phar-i-hurt-my-foot.json,
PASS,0,viet-phrase-v900-heal-phar-i-need-allergy-medicine,catalog-promoted,Tôi cần thuốc dị ứng,I need allergy medicine,9,3,260,,content-draft/viet/canonical-pages/catalog-promoted/health-pharmacy/v900-heal-phar-i-need-allergy-medicine.json,
PASS,0,viet-phrase-v900-heal-phar-i-need-antiseptic,catalog-promoted,Tôi cần thuốc sát trùng,I need antiseptic,9,3,254,,content-draft/viet/canonical-pages/catalog-promoted/health-pharmacy/v900-heal-phar-i-need-antiseptic.json,
PASS,0,viet-phrase-v900-heal-phar-i-need-fever-medicine,catalog-promoted,Tôi cần thuốc hạ sốt,I need fever medicine,9,3,240,,content-draft/viet/canonical-pages/catalog-promoted/health-pharmacy/v900-heal-phar-i-need-fever-medicine.json,
PASS,0,viet-phrase-v900-heal-phar-i-need-mosquito-repellent,catalog-promoted,Tôi cần thuốc chống muỗi,I need mosquito repellent,9,3,236,,content-draft/viet/canonical-pages/catalog-promoted/health-pharmacy/v900-heal-phar-i-need-mosquito-repellent.json,
PASS,0,viet-phrase-v900-heal-phar-i-need-pain-medicine,catalog-promoted,Tôi cần thuốc giảm đau,I need pain medicine,9,3,250,,content-draft/viet/canonical-pages/catalog-promoted/health-pharmacy/v900-heal-phar-i-need-pain-medicine.json,
PASS,0,viet-phrase-v900-heal-phar-i-need-rehydration-salts,catalog-promoted,Tôi cần muối bù nước,I need rehydration salts,9,3,246,,content-draft/viet/canonical-pages/catalog-promoted/health-pharmacy/v900-heal-phar-i-need-rehydration-salts.json,
PASS,0,viet-phrase-v900-heal-phar-i-take-this-medicine-every-day,catalog-promoted,Tôi uống thuốc này mỗi ngày,I take this medicine every day,9,7,313,,content-draft/viet/canonical-pages/catalog-promoted/health-pharmacy/v900-heal-phar-i-take-this-medicine-every-day.json,
PASS,0,viet-phrase-v900-heal-phar-i-was-bitten-by-an-insect,catalog-promoted,Tôi bị côn trùng cắn,I was bitten by an insect,9,3,272,,content-draft/viet/canonical-pages/catalog-promoted/health-pharmacy/v900-heal-phar-i-was-bitten-by-an-insect.json,
PASS,0,viet-phrase-v900-heal-phar-is-there-a-pharmacy-nearby,catalog-promoted,Có hiệu thuốc nào gần đây không?,Is there a pharmacy nearby?,9,6,273,,content-draft/viet/canonical-pages/catalog-promoted/health-pharmacy/v900-heal-phar-is-there-a-pharmacy-nearby.json,
PASS,0,viet-phrase-v900-heal-phar-is-this-safe-with-my-medicine,catalog-promoted,Dùng cái này cùng thuốc của tôi có an toàn không?,Is this safe with my medicine?,9,4,293,,content-draft/viet/canonical-pages/catalog-promoted/health-pharmacy/v900-heal-phar-is-this-safe-with-my-medicine.json,
PASS,0,viet-phrase-v900-heal-phar-please-check-for-drug-interactions,catalog-promoted,Vui lòng kiểm tra tương tác thuốc,Please check for drug interactions,9,4,281,,content-draft/viet/canonical-pages/catalog-promoted/health-pharmacy/v900-heal-phar-please-check-for-drug-interactions.json,
PASS,0,viet-phrase-v900-heal-phar-please-write-the-address-of-the-clinic,catalog-promoted,Hãy ghi địa chỉ phòng khám,Please write the address of the clinic,9,3,253,,content-draft/viet/canonical-pages/catalog-promoted/health-pharmacy/v900-heal-phar-please-write-the-address-of-the-clinic.json,
PASS,0,viet-phrase-v900-heal-phar-please-write-the-instructions,catalog-promoted,Vui lòng viết hướng dẫn dùng thuốc,Please write the instructions,9,4,261,,content-draft/viet/canonical-pages/catalog-promoted/health-pharmacy/v900-heal-phar-please-write-the-instructions.json,
PASS,0,viet-phrase-v900-heal-phar-should-i-take-it-before-bed,catalog-promoted,Tôi có nên uống thuốc này trước khi đi ngủ không?,Should I take it before bed?,9,5,291,,content-draft/viet/canonical-pages/catalog-promoted/health-pharmacy/v900-heal-phar-should-i-take-it-before-bed.json,
PASS,0,viet-phrase-v900-heal-phar-should-i-take-it-with-food,catalog-promoted,Tôi có nên uống thuốc này cùng với đồ ăn không?,Should I take it with food?,9,7,317,,content-draft/viet/canonical-pages/catalog-promoted/health-pharmacy/v900-heal-phar-should-i-take-it-with-food.json,
PASS,0,viet-phrase-v900-heal-phar-when-should-i-seek-emergency-help,catalog-promoted,Khi nào tôi nên tìm kiếm sự giúp đỡ khẩn cấp?,When should I seek emergency help?,9,5,305,,content-draft/viet/canonical-pages/catalog-promoted/health-pharmacy/v900-heal-phar-when-should-i-seek-emergency-help.json,
PASS,0,viet-phrase-v900-heal-phar-will-this-make-me-sleepy,catalog-promoted,Điều này có làm tôi buồn ngủ không?,Will this make me sleepy?,9,6,270,,content-draft/viet/canonical-pages/catalog-promoted/health-pharmacy/v900-heal-phar-will-this-make-me-sleepy.json,
PASS,0,viet-phrase-v900-hote-acco-can-i-get-a-refund-for-the-room,catalog-promoted,Tôi có thể được hoàn lại tiền phòng không?,Can I get a refund for the room?,9,5,316,,content-draft/viet/canonical-pages/catalog-promoted/hotel-accommodation/v900-hote-acco-can-i-get-a-refund-for-the-room.json,
PASS,0,viet-phrase-v900-hote-acco-can-i-get-laundry-service,catalog-promoted,Tôi có thể nhận dịch vụ giặt ủi không?,Can I get laundry service?,9,8,296,,content-draft/viet/canonical-pages/catalog-promoted/hotel-accommodation/v900-hote-acco-can-i-get-laundry-service.json,
PASS,0,viet-phrase-v900-hote-acco-can-i-have-a-baby-crib,catalog-promoted,Tôi có thể có một cái cũi em bé được không?,Can I have a baby crib?,9,7,303,,content-draft/viet/canonical-pages/catalog-promoted/hotel-accommodation/v900-hote-acco-can-i-have-a-baby-crib.json,
PASS,0,viet-phrase-v900-hote-acco-can-i-have-a-hair-dryer,catalog-promoted,Tôi có thể mượn máy sấy tóc được không?,Can I have a hair dryer?,9,4,309,,content-draft/viet/canonical-pages/catalog-promoted/hotel-accommodation/v900-hote-acco-can-i-have-a-hair-dryer.json,
PASS,0,viet-phrase-v900-hote-acco-can-i-have-a-higher-floor,catalog-promoted,Cho tôi phòng ở tầng cao hơn được không?,Can I have a room on a higher floor?,9,5,310,,content-draft/viet/canonical-pages/catalog-promoted/hotel-accommodation/v900-hote-acco-can-i-have-a-higher-floor.json,
PASS,0,viet-phrase-v900-hote-acco-can-i-have-a-non-smoking-room,catalog-promoted,Tôi có thể có phòng không hút thuốc được không?,Can I have a non-smoking room?,9,9,296,,content-draft/viet/canonical-pages/catalog-promoted/hotel-accommodation/v900-hote-acco-can-i-have-a-non-smoking-room.json,
PASS,0,viet-phrase-v900-hote-acco-can-i-have-a-room-away-from-the-street,catalog-promoted,Tôi có thể có một phòng cách xa đường phố được không?,Can I have a room away from the street?,9,6,313,,content-draft/viet/canonical-pages/catalog-promoted/hotel-accommodation/v900-hote-acco-can-i-have-a-room-away-from-the-street.json,
PASS,0,viet-phrase-v900-hote-acco-can-i-have-a-room-with-a-window,catalog-promoted,Tôi có thể đặt phòng có cửa sổ được không?,Can I have a room with a window?,9,7,305,,content-draft/viet/canonical-pages/catalog-promoted/hotel-accommodation/v900-hote-acco-can-i-have-a-room-with-a-window.json,
PASS,0,viet-phrase-v900-hote-acco-can-i-have-a-room-with-two-beds,catalog-promoted,Tôi có thể đặt một phòng có hai giường được không?,Can I have a room with two beds?,9,10,310,,content-draft/viet/canonical-pages/catalog-promoted/hotel-accommodation/v900-hote-acco-can-i-have-a-room-with-two-beds.json,
PASS,0,viet-phrase-v900-hote-acco-can-i-have-an-extra-bed,catalog-promoted,Tôi có thể có một giường phụ không?,Can I have an extra bed?,9,7,292,,content-draft/viet/canonical-pages/catalog-promoted/hotel-accommodation/v900-hote-acco-can-i-have-an-extra-bed.json,
PASS,0,viet-phrase-v900-hote-acco-can-i-have-more-drinking-water,catalog-promoted,Cho tôi xin thêm nước uống được không?,Can I have more drinking water?,9,4,307,,content-draft/viet/canonical-pages/catalog-promoted/hotel-accommodation/v900-hote-acco-can-i-have-more-drinking-water.json,
PASS,0,viet-phrase-v900-hote-acco-can-i-leave-my-bags-until-check-in,catalog-promoted,Tôi có thể để lại hành lý của mình cho đến khi nhận phòng không?,Can I leave my bags until check-in?,9,5,342,,content-draft/viet/canonical-pages/catalog-promoted/hotel-accommodation/v900-hote-acco-can-i-leave-my-bags-until-check-in.json,
PASS,0,viet-phrase-v900-hote-acco-can-i-see-the-room-first,catalog-promoted,Tôi có thể xem phòng trước được không?,Can I see the room first?,9,7,281,,content-draft/viet/canonical-pages/catalog-promoted/hotel-accommodation/v900-hote-acco-can-i-see-the-room-first.json,
PASS,0,viet-phrase-v900-hote-acco-can-i-stay-one-more-night,catalog-promoted,Tôi có thể ở lại thêm một đêm nữa được không?,Can I stay one more night?,9,5,320,,content-draft/viet/canonical-pages/catalog-promoted/hotel-accommodation/v900-hote-acco-can-i-stay-one-more-night.json,
PASS,0,viet-phrase-v900-hote-acco-can-you-arrange-a-taxi-for-me,catalog-promoted,Bạn có thể sắp xếp một chiếc taxi cho tôi được không?,Can you arrange a taxi for me?,9,5,326,,content-draft/viet/canonical-pages/catalog-promoted/hotel-accommodation/v900-hote-acco-can-you-arrange-a-taxi-for-me.json,
PASS,0,viet-phrase-v900-hote-acco-can-you-book-a-car-to-the-airport,catalog-promoted,Bạn có thể đặt xe tới sân bay được không?,Can you book a car to the airport?,9,6,291,,content-draft/viet/canonical-pages/catalog-promoted/hotel-accommodation/v900-hote-acco-can-you-book-a-car-to-the-airport.json,
PASS,0,viet-phrase-v900-hote-acco-can-you-clean-the-room-today,catalog-promoted,Hôm nay bạn có thể dọn phòng được không?,Can you clean the room today?,9,7,279,,content-draft/viet/canonical-pages/catalog-promoted/hotel-accommodation/v900-hote-acco-can-you-clean-the-room-today.json,
PASS,0,viet-phrase-v900-hote-acco-can-you-email-me-the-invoice,catalog-promoted,Bạn có thể gửi email cho tôi hóa đơn được không?,Can you email me the invoice?,9,5,325,,content-draft/viet/canonical-pages/catalog-promoted/hotel-accommodation/v900-hote-acco-can-you-email-me-the-invoice.json,
PASS,0,viet-phrase-v900-hote-acco-can-you-help-me-with-my-bags,catalog-promoted,Bạn có thể giúp tôi mang túi xách được không?,Can you help me with my bags?,9,5,299,,content-draft/viet/canonical-pages/catalog-promoted/hotel-accommodation/v900-hote-acco-can-you-help-me-with-my-bags.json,
PASS,0,viet-phrase-v900-hote-acco-can-you-print-my-document-for-me,catalog-promoted,Bạn có thể in tài liệu cho tôi được không?,Can you print my document for me?,9,5,314,,content-draft/viet/canonical-pages/catalog-promoted/hotel-accommodation/v900-hote-acco-can-you-print-my-document-for-me.json,
PASS,0,viet-phrase-v900-hote-acco-can-you-put-us-in-nearby-rooms,catalog-promoted,Bạn có thể xếp phòng gần nhau cho chúng tôi không?,Can you put us in nearby rooms?,9,6,325,,content-draft/viet/canonical-pages/catalog-promoted/hotel-accommodation/v900-hote-acco-can-you-put-us-in-nearby-rooms.json,
PASS,0,viet-phrase-v900-hote-acco-can-you-recommend-a-nearby-restaurant,catalog-promoted,Bạn có thể giới thiệu một nhà hàng gần đó không?,Can you recommend a nearby restaurant?,9,9,299,,content-draft/viet/canonical-pages/catalog-promoted/hotel-accommodation/v900-hote-acco-can-you-recommend-a-nearby-restaurant.json,
PASS,0,viet-phrase-v900-hote-acco-can-you-store-my-luggage-after-check-out,catalog-promoted,Bạn có thể gửi hành lý của tôi sau khi trả phòng không?,Can you store my luggage after check-out?,9,10,313,,content-draft/viet/canonical-pages/catalog-promoted/hotel-accommodation/v900-hote-acco-can-you-store-my-luggage-after-check-out.json,
PASS,0,viet-phrase-v900-hote-acco-can-you-write-down-the-cancellation-policy,catalog-promoted,Bạn có thể viết ra chính sách hủy được không?,Can you write down the cancellation policy?,9,5,331,,content-draft/viet/canonical-pages/catalog-promoted/hotel-accommodation/v900-hote-acco-can-you-write-down-the-cancellation-policy.json,
PASS,0,viet-phrase-v900-hote-acco-i-want-to-cancel-my-stay,catalog-promoted,Tôi muốn hủy thời gian lưu trú của mình,I want to cancel my stay,9,6,327,,content-draft/viet/canonical-pages/catalog-promoted/hotel-accommodation/v900-hote-acco-i-want-to-cancel-my-stay.json,
PASS,0,viet-phrase-v900-hote-acco-i-was-charged-for-something-i-did-not-use,catalog-promoted,Tôi đã bị tính phí cho thứ mà tôi không sử dụng,I was charged for something I did not use,9,3,320,,content-draft/viet/canonical-pages/catalog-promoted/hotel-accommodation/v900-hote-acco-i-was-charged-for-something-i-did-not-use.json,
PASS,0,viet-phrase-v900-hote-acco-is-this-room-available-tonight,catalog-promoted,Phòng này có trống tối nay không?,Is this room available tonight?,9,8,265,,content-draft/viet/canonical-pages/catalog-promoted/hotel-accommodation/v900-hote-acco-is-this-room-available-tonight.json,
PASS,0,viet-phrase-v900-hote-acco-is-this-the-total-amount,catalog-promoted,Đây có phải là tổng số tiền?,Is this the total amount?,9,3,305,,content-draft/viet/canonical-pages/catalog-promoted/hotel-accommodation/v900-hote-acco-is-this-the-total-amount.json,
PASS,0,viet-phrase-v900-hote-acco-please-change-the-sheets,catalog-promoted,Vui lòng thay ga trải giường,Please change the sheets,9,4,286,,content-draft/viet/canonical-pages/catalog-promoted/hotel-accommodation/v900-hote-acco-please-change-the-sheets.json,
PASS,0,viet-phrase-v900-hote-acco-please-do-not-clean-the-room-today,catalog-promoted,Xin vui lòng không dọn phòng ngày hôm nay,Please do not clean the room today,9,4,280,,content-draft/viet/canonical-pages/catalog-promoted/hotel-accommodation/v900-hote-acco-please-do-not-clean-the-room-today.json,
PASS,0,viet-phrase-v900-hote-acco-please-wake-me-up-at-six,catalog-promoted,Hãy đánh thức tôi lúc sáu giờ nhé,Please wake me up at six,9,5,289,,content-draft/viet/canonical-pages/catalog-promoted/hotel-accommodation/v900-hote-acco-please-wake-me-up-at-six.json,
PASS,0,viet-phrase-v900-hote-acco-the-reservation-is-under-this-name,catalog-promoted,Đặt chỗ dưới tên này,The reservation is under this name,9,5,256,,content-draft/viet/canonical-pages/catalog-promoted/hotel-accommodation/v900-hote-acco-the-reservation-is-under-this-name.json,
PASS,0,viet-phrase-v900-hote-acco-the-room-smells-like-smoke,catalog-promoted,Căn phòng có mùi khói,The room smells like smoke,9,4,250,,content-draft/viet/canonical-pages/catalog-promoted/hotel-accommodation/v900-hote-acco-the-room-smells-like-smoke.json,
PASS,0,viet-phrase-v900-hote-acco-the-shower-is-not-draining,catalog-promoted,Cống thoát nước chỗ vòi sen bị nghẹt,The shower is not draining,9,4,325,,content-draft/viet/canonical-pages/catalog-promoted/hotel-accommodation/v900-hote-acco-the-shower-is-not-draining.json,
PASS,0,viet-phrase-v900-hote-acco-the-water-pressure-is-too-low,catalog-promoted,Áp lực nước quá thấp,The water pressure is too low,9,3,280,,content-draft/viet/canonical-pages/catalog-promoted/hotel-accommodation/v900-hote-acco-the-water-pressure-is-too-low.json,
PASS,0,viet-phrase-v900-hote-acco-there-are-insects-in-the-room,catalog-promoted,Có côn trùng trong phòng,There are insects in the room,9,5,266,,content-draft/viet/canonical-pages/catalog-promoted/hotel-accommodation/v900-hote-acco-there-are-insects-in-the-room.json,
PASS,0,viet-phrase-v900-hote-acco-this-is-not-the-room-i-booked,catalog-promoted,Đây không phải là phòng tôi đã đặt,This is not the room I booked,9,4,322,,content-draft/viet/canonical-pages/catalog-promoted/hotel-accommodation/v900-hote-acco-this-is-not-the-room-i-booked.json,
PASS,0,viet-phrase-v900-hote-acco-was-the-deposit-refunded,catalog-promoted,Tiền đặt cọc có được hoàn lại không?,Was the deposit refunded?,9,9,270,,content-draft/viet/canonical-pages/catalog-promoted/hotel-accommodation/v900-hote-acco-was-the-deposit-refunded.json,
PASS,0,viet-phrase-v900-hote-acco-where-can-i-pick-up-my-luggage,catalog-promoted,Tôi có thể nhận hành lý của mình ở đâu?,Where can I pick up my luggage?,9,4,295,,content-draft/viet/canonical-pages/catalog-promoted/hotel-accommodation/v900-hote-acco-where-can-i-pick-up-my-luggage.json,
PASS,0,viet-phrase-v900-loca-serv-ever-task-can-we-sit-somewhere-cooler,catalog-promoted,Chúng tôi có thể ngồi chỗ nào mát hơn được không?,Can we sit somewhere cooler?,9,5,334,,content-draft/viet/canonical-pages/catalog-promoted/local-services-everyday-tasks/v900-loca-serv-ever-task-can-we-sit-somewhere-cooler.json,
PASS,0,viet-phrase-v900-loca-serv-ever-task-can-we-sit-somewhere-quieter,catalog-promoted,Chúng tôi có thể ngồi chỗ nào yên tĩnh hơn được không?,Can we sit somewhere quieter?,9,5,315,,content-draft/viet/canonical-pages/catalog-promoted/local-services-everyday-tasks/v900-loca-serv-ever-task-can-we-sit-somewhere-quieter.json,
PASS,0,viet-phrase-v900-loca-serv-ever-task-can-you-copy-this-document,catalog-promoted,Bạn có thể sao chép tài liệu này?,Can you copy this document?,9,4,274,,content-draft/viet/canonical-pages/catalog-promoted/local-services-everyday-tasks/v900-loca-serv-ever-task-can-you-copy-this-document.json,
PASS,0,viet-phrase-v900-loca-serv-ever-task-can-you-dry-these-clothes,catalog-promoted,Bạn có thể làm khô những bộ quần áo này không?,Can you dry these clothes?,9,5,269,,content-draft/viet/canonical-pages/catalog-promoted/local-services-everyday-tasks/v900-loca-serv-ever-task-can-you-dry-these-clothes.json,
PASS,0,viet-phrase-v900-loca-serv-ever-task-can-you-email-it-to-me,catalog-promoted,Bạn có thể gửi email cho tôi được không?,Can you email it to me?,9,5,296,,content-draft/viet/canonical-pages/catalog-promoted/local-services-everyday-tasks/v900-loca-serv-ever-task-can-you-email-it-to-me.json,
PASS,0,viet-phrase-v900-loca-serv-ever-task-can-you-scan-this-document,catalog-promoted,Bạn có thể scan tài liệu này được không?,Can you scan this document?,9,8,275,,content-draft/viet/canonical-pages/catalog-promoted/local-services-everyday-tasks/v900-loca-serv-ever-task-can-you-scan-this-document.json,
PASS,0,viet-phrase-v900-loca-serv-ever-task-can-you-sew-this,catalog-promoted,Bạn có thể may cái này được không?,Can you sew this?,9,4,295,,content-draft/viet/canonical-pages/catalog-promoted/local-services-everyday-tasks/v900-loca-serv-ever-task-can-you-sew-this.json,
PASS,0,viet-phrase-v900-loca-serv-ever-task-can-you-wash-these-clothes,catalog-promoted,Bạn có thể giặt những bộ quần áo này không?,Can you wash these clothes?,9,5,263,,content-draft/viet/canonical-pages/catalog-promoted/local-services-everyday-tasks/v900-loca-serv-ever-task-can-you-wash-these-clothes.json,
PASS,0,viet-phrase-v900-loca-serv-ever-task-how-much-per-kilo-for-laundry,catalog-promoted,Giặt đồ bao nhiêu một kg?,How much per kilo for laundry?,9,4,275,,content-draft/viet/canonical-pages/catalog-promoted/local-services-everyday-tasks/v900-loca-serv-ever-task-how-much-per-kilo-for-laundry.json,
PASS,0,viet-phrase-v900-loca-serv-ever-task-how-much-will-it-cost,catalog-promoted,Nó sẽ có giá bao nhiêu?,How much will it cost?,9,3,251,,content-draft/viet/canonical-pages/catalog-promoted/local-services-everyday-tasks/v900-loca-serv-ever-task-how-much-will-it-cost.json,
PASS,0,viet-phrase-v900-loca-serv-ever-task-i-need-laundry-service,catalog-promoted,Tôi cần dịch vụ giặt ủi,I need laundry service,9,6,306,,content-draft/viet/canonical-pages/catalog-promoted/local-services-everyday-tasks/v900-loca-serv-ever-task-i-need-laundry-service.json,
PASS,0,viet-phrase-v900-loca-serv-ever-task-please-do-not-shrink-this,catalog-promoted,Xin đừng thu nhỏ cái này,Please do not shrink this,9,7,306,,content-draft/viet/canonical-pages/catalog-promoted/local-services-everyday-tasks/v900-loca-serv-ever-task-please-do-not-shrink-this.json,
PASS,0,viet-phrase-v900-loca-serv-ever-task-please-print-it-in-black-and-white,catalog-promoted,Vui lòng in nó bằng màu đen và trắng,Please print it in black and white,9,5,304,,content-draft/viet/canonical-pages/catalog-promoted/local-services-everyday-tasks/v900-loca-serv-ever-task-please-print-it-in-black-and-white.json,
PASS,0,viet-phrase-v900-loca-serv-ever-task-when-will-it-be-ready,catalog-promoted,Khi nào nó sẽ sẵn sàng?,When will it be ready?,9,5,274,,content-draft/viet/canonical-pages/catalog-promoted/local-services-everyday-tasks/v900-loca-serv-ever-task-when-will-it-be-ready.json,
PASS,0,viet-phrase-v900-loca-serv-ever-task-where-can-i-buy-mosquito-repellent,catalog-promoted,Tôi có thể mua thuốc chống muỗi ở đâu?,Where can I buy mosquito repellent?,9,4,265,,content-draft/viet/canonical-pages/catalog-promoted/local-services-everyday-tasks/v900-loca-serv-ever-task-where-can-i-buy-mosquito-repellent.json,
PASS,0,viet-phrase-v900-loca-serv-ever-task-where-can-i-buy-sunscreen,catalog-promoted,Tôi có thể mua kem chống nắng ở đâu?,Where can I buy sunscreen?,9,4,279,,content-draft/viet/canonical-pages/catalog-promoted/local-services-everyday-tasks/v900-loca-serv-ever-task-where-can-i-buy-sunscreen.json,
PASS,0,viet-phrase-v900-loca-serv-ever-task-where-can-i-do-laundry,catalog-promoted,Tôi có thể giặt đồ ở đâu?,Where can I do laundry?,9,4,277,,content-draft/viet/canonical-pages/catalog-promoted/local-services-everyday-tasks/v900-loca-serv-ever-task-where-can-i-do-laundry.json,
PASS,0,viet-phrase-v900-loca-serv-ever-task-where-can-i-print-this,catalog-promoted,Tôi có thể in cái này ở đâu?,Where can I print this?,9,4,280,,content-draft/viet/canonical-pages/catalog-promoted/local-services-everyday-tasks/v900-loca-serv-ever-task-where-can-i-print-this.json,
PASS,0,viet-phrase-v900-loca-serv-ever-task-where-can-i-repair-my-bag,catalog-promoted,Tôi có thể sửa túi ở đâu?,Where can I repair my bag?,9,4,286,,content-draft/viet/canonical-pages/catalog-promoted/local-services-everyday-tasks/v900-loca-serv-ever-task-where-can-i-repair-my-bag.json,
PASS,0,viet-phrase-v900-mone-numb-pric-can-i-pay-by-qr-code,catalog-promoted,Tôi có thể thanh toán bằng mã QR không?,Can I pay by QR code?,9,5,266,,content-draft/viet/canonical-pages/catalog-promoted/money-numbers-prices/v900-mone-numb-pric-can-i-pay-by-qr-code.json,
PASS,0,viet-phrase-v900-mone-numb-pric-can-you-email-the-receipt,catalog-promoted,Bạn có thể gửi email hóa đơn được không?,Can you email the receipt?,9,7,270,,content-draft/viet/canonical-pages/catalog-promoted/money-numbers-prices/v900-mone-numb-pric-can-you-email-the-receipt.json,
PASS,0,viet-phrase-v900-mone-numb-pric-can-you-give-me-a-better-price,catalog-promoted,Bạn có thể cho tôi một mức giá tốt hơn?,Can you give me a better price?,9,4,290,,content-draft/viet/canonical-pages/catalog-promoted/money-numbers-prices/v900-mone-numb-pric-can-you-give-me-a-better-price.json,
PASS,0,viet-phrase-v900-mone-numb-pric-can-you-help-me-contact-the-bank,catalog-promoted,Bạn có thể giúp tôi liên hệ với ngân hàng được không?,Can you help me contact the bank?,9,9,309,,content-draft/viet/canonical-pages/catalog-promoted/money-numbers-prices/v900-mone-numb-pric-can-you-help-me-contact-the-bank.json,
PASS,0,viet-phrase-v900-mone-numb-pric-can-you-make-it-cheaper-if-i-buy-two,catalog-promoted,Bạn có thể làm cho nó rẻ hơn nếu tôi mua hai?,Can you make it cheaper if I buy two?,9,12,327,,content-draft/viet/canonical-pages/catalog-promoted/money-numbers-prices/v900-mone-numb-pric-can-you-make-it-cheaper-if-i-buy-two.json,
PASS,0,viet-phrase-v900-mone-numb-pric-can-you-print-the-receipt,catalog-promoted,Bạn có thể in biên lai được không?,Can you print the receipt?,9,4,286,,content-draft/viet/canonical-pages/catalog-promoted/money-numbers-prices/v900-mone-numb-pric-can-you-print-the-receipt.json,
PASS,0,viet-phrase-v900-mone-numb-pric-can-you-process-a-refund,catalog-promoted,Bạn có thể xử lý hoàn tiền không?,Can you process a refund?,9,5,264,,content-draft/viet/canonical-pages/catalog-promoted/money-numbers-prices/v900-mone-numb-pric-can-you-process-a-refund.json,
PASS,0,viet-phrase-v900-mone-numb-pric-can-you-refund-the-difference,catalog-promoted,Bạn có thể hoàn lại tiền chênh lệch không?,Can you refund the difference?,9,6,274,,content-draft/viet/canonical-pages/catalog-promoted/money-numbers-prices/v900-mone-numb-pric-can-you-refund-the-difference.json,
PASS,0,viet-phrase-v900-mone-numb-pric-do-you-accept-us-dollars,catalog-promoted,Bạn có chấp nhận đô la Mỹ không?,Do you accept US dollars?,9,4,297,,content-draft/viet/canonical-pages/catalog-promoted/money-numbers-prices/v900-mone-numb-pric-do-you-accept-us-dollars.json,
PASS,0,viet-phrase-v900-mone-numb-pric-is-the-service-charge-included,catalog-promoted,Có bao gồm phí dịch vụ không?,Is the service charge included?,9,6,264,,content-draft/viet/canonical-pages/catalog-promoted/money-numbers-prices/v900-mone-numb-pric-is-the-service-charge-included.json,
PASS,0,viet-phrase-v900-mone-numb-pric-is-there-a-withdrawal-fee,catalog-promoted,Có phí rút tiền không?,Is there a withdrawal fee?,9,4,246,,content-draft/viet/canonical-pages/catalog-promoted/money-numbers-prices/v900-mone-numb-pric-is-there-a-withdrawal-fee.json,
PASS,0,viet-phrase-v900-mone-numb-pric-is-there-an-atm-nearby,catalog-promoted,Có máy ATM nào gần đây không?,Is there an ATM nearby?,9,4,279,,content-draft/viet/canonical-pages/catalog-promoted/money-numbers-prices/v900-mone-numb-pric-is-there-an-atm-nearby.json,
PASS,0,viet-phrase-v900-mone-numb-pric-is-this-price-in-vietnamese-dong,catalog-promoted,Giá này bằng đồng Việt Nam phải không?,Is this price in Vietnamese dong?,9,4,279,,content-draft/viet/canonical-pages/catalog-promoted/money-numbers-prices/v900-mone-numb-pric-is-this-price-in-vietnamese-dong.json,
PASS,0,viet-phrase-v900-mone-numb-pric-is-this-the-same-price-for-children,catalog-promoted,Đây có phải là mức giá tương tự cho trẻ em?,Is this the same price for children?,9,9,318,,content-draft/viet/canonical-pages/catalog-promoted/money-numbers-prices/v900-mone-numb-pric-is-this-the-same-price-for-children.json,
PASS,0,viet-phrase-v900-mone-numb-pric-please-cancel-that-card-payment,catalog-promoted,Vui lòng hủy thanh toán thẻ đó,Please cancel that card payment,9,4,272,,content-draft/viet/canonical-pages/catalog-promoted/money-numbers-prices/v900-mone-numb-pric-please-cancel-that-card-payment.json,
PASS,0,viet-phrase-v900-mone-numb-pric-please-do-not-tap-again,catalog-promoted,Làm ơn đừng gõ nữa,Please do not tap again,9,4,261,,content-draft/viet/canonical-pages/catalog-promoted/money-numbers-prices/v900-mone-numb-pric-please-do-not-tap-again.json,
PASS,0,viet-phrase-v900-mone-numb-pric-what-is-the-exchange-rate,catalog-promoted,Tỷ giá hối đoái là gì?,What is the exchange rate?,9,3,279,,content-draft/viet/canonical-pages/catalog-promoted/money-numbers-prices/v900-mone-numb-pric-what-is-the-exchange-rate.json,
PASS,0,viet-phrase-v900-phon-inte-powe-can-you-check-this-address-in-the-app,catalog-promoted,Bạn có thể kiểm tra địa chỉ này trong ứng dụng không?,Can you check this address in the app?,9,9,333,,content-draft/viet/canonical-pages/catalog-promoted/phone-internet-power/v900-phon-inte-powe-can-you-check-this-address-in-the-app.json,
PASS,0,viet-phrase-v900-phon-inte-powe-can-you-help-me-book-a-grab,catalog-promoted,Bạn có thể giúp tôi đặt xe Grab được không?,Can you help me book a Grab?,9,9,320,,content-draft/viet/canonical-pages/catalog-promoted/phone-internet-power/v900-phon-inte-powe-can-you-help-me-book-a-grab.json,
PASS,0,viet-phrase-v900-phon-inte-powe-can-you-send-a-text-message-for-me,catalog-promoted,Bạn có thể gửi tin nhắn văn bản cho tôi được không?,Can you send a text message for me?,9,9,332,,content-draft/viet/canonical-pages/catalog-promoted/phone-internet-power/v900-phon-inte-powe-can-you-send-a-text-message-for-me.json,
PASS,0,viet-phrase-v900-phon-inte-powe-can-you-send-me-your-location,catalog-promoted,Bạn có thể gửi cho tôi vị trí của bạn?,Can you send me your location?,9,4,307,,content-draft/viet/canonical-pages/catalog-promoted/phone-internet-power/v900-phon-inte-powe-can-you-send-me-your-location.json,
PASS,0,viet-phrase-v900-phon-inte-powe-can-you-type-the-address-for-me,catalog-promoted,Bạn có thể gõ địa chỉ cho tôi được không?,Can you type the address for me?,9,5,325,,content-draft/viet/canonical-pages/catalog-promoted/phone-internet-power/v900-phon-inte-powe-can-you-type-the-address-for-me.json,
PASS,0,viet-phrase-v900-phon-inte-powe-does-this-work-outside-the-city,catalog-promoted,Cái này có hoạt động bên ngoài thành phố không?,Does this work outside the city?,9,9,310,,content-draft/viet/canonical-pages/catalog-promoted/phone-internet-power/v900-phon-inte-powe-does-this-work-outside-the-city.json,
PASS,0,viet-phrase-v900-phon-inte-powe-how-long-will-the-repair-take,catalog-promoted,Việc sửa chữa sẽ mất bao lâu?,How long will the repair take?,9,4,270,,content-draft/viet/canonical-pages/catalog-promoted/phone-internet-power/v900-phon-inte-powe-how-long-will-the-repair-take.json,
PASS,0,viet-phrase-v900-phon-inte-powe-how-many-gigabytes-are-included,catalog-promoted,Có bao nhiêu gigabyte được bao gồm?,How many gigabytes are included?,9,4,272,,content-draft/viet/canonical-pages/catalog-promoted/phone-internet-power/v900-phon-inte-powe-how-many-gigabytes-are-included.json,
PASS,0,viet-phrase-v900-phon-inte-powe-is-this-the-correct-location-pin,catalog-promoted,Vị trí này có đúng không?,Is this the correct location?,9,4,292,,content-draft/viet/canonical-pages/catalog-promoted/phone-internet-power/v900-phon-inte-powe-is-this-the-correct-location-pin.json,
PASS,0,viet-phrase-v900-phon-inte-powe-please-speak-to-them-on-the-phone,catalog-promoted,Hãy nói chuyện với họ qua điện thoại,Please speak to them on the phone,9,8,340,,content-draft/viet/canonical-pages/catalog-promoted/phone-internet-power/v900-phon-inte-powe-please-speak-to-them-on-the-phone.json,
PASS,0,viet-phrase-v900-phon-inte-powe-the-app-will-not-accept-my-card,catalog-promoted,Ứng dụng sẽ không chấp nhận thẻ của tôi,The app will not accept my card,9,4,341,,content-draft/viet/canonical-pages/catalog-promoted/phone-internet-power/v900-phon-inte-powe-the-app-will-not-accept-my-card.json,
PASS,0,viet-phrase-v900-phon-inte-powe-the-password-is-not-working,catalog-promoted,Mật khẩu không hoạt động,The password is not working,9,3,316,,content-draft/viet/canonical-pages/catalog-promoted/phone-internet-power/v900-phon-inte-powe-the-password-is-not-working.json,
PASS,0,viet-phrase-v900-phon-inte-powe-the-sim-card-is-not-working,catalog-promoted,Thẻ SIM không hoạt động,The SIM card is not working,9,3,260,,content-draft/viet/canonical-pages/catalog-promoted/phone-internet-power/v900-phon-inte-powe-the-sim-card-is-not-working.json,
PASS,0,viet-phrase-v900-phon-inte-powe-where-can-i-buy-a-power-bank,catalog-promoted,Tôi có thể mua sạc dự phòng ở đâu?,Where can I buy a power bank?,9,4,324,,content-draft/viet/canonical-pages/catalog-promoted/phone-internet-power/v900-phon-inte-powe-where-can-i-buy-a-power-bank.json,
PASS,0,viet-phrase-v900-phon-inte-powe-which-wi-fi-network-should-i-use,catalog-promoted,Tôi nên sử dụng mạng Wi-Fi nào?,Which Wi-Fi network should I use?,9,7,359,,content-draft/viet/canonical-pages/catalog-promoted/phone-internet-power/v900-phon-inte-powe-which-wi-fi-network-should-i-use.json,
PASS,0,viet-phrase-v900-poli-basi-can-i-come-in,catalog-promoted,Tôi có thể vào được không?,Can I come in?,9,4,252,,content-draft/viet/canonical-pages/catalog-promoted/polite-basics/v900-poli-basi-can-i-come-in.json,
PASS,0,viet-phrase-v900-poli-basi-can-i-sit-here,catalog-promoted,Tôi có thể ngồi đây được không?,Can I sit here?,9,6,236,,content-draft/viet/canonical-pages/catalog-promoted/polite-basics/v900-poli-basi-can-i-sit-here.json,
PASS,0,viet-phrase-v900-poli-basi-im-in-a-hurry,catalog-promoted,Tôi đang vội,I’m in a hurry,9,3,207,,content-draft/viet/canonical-pages/catalog-promoted/polite-basics/v900-poli-basi-im-in-a-hurry.json,
PASS,0,viet-phrase-v900-poli-basi-im-very-sorry,catalog-promoted,tôi rất xin lỗi,I’m very sorry,9,4,205,,content-draft/viet/canonical-pages/catalog-promoted/polite-basics/v900-poli-basi-im-very-sorry.json,
PASS,0,viet-phrase-v900-poli-basi-may-i,catalog-promoted,Tôi có thể làm vậy được không?,May I do that?,9,4,242,,content-draft/viet/canonical-pages/catalog-promoted/polite-basics/v900-poli-basi-may-i.json,
PASS,0,viet-phrase-v900-shop-can-i-see-that-one,catalog-promoted,Tôi có thể xem cái đó được không?,Can I see that one?,9,4,303,,content-draft/viet/canonical-pages/catalog-promoted/shopping/v900-shop-can-i-see-that-one.json,
PASS,0,viet-phrase-v900-shop-can-you-give-me-a-discount,catalog-promoted,Bạn có thể giảm giá cho tôi được không?,Can you give me a discount?,9,4,311,,content-draft/viet/canonical-pages/catalog-promoted/shopping/v900-shop-can-you-give-me-a-discount.json,
PASS,0,viet-phrase-v900-shop-can-you-make-it-a-round-number,catalog-promoted,Bạn có thể biến nó thành một số tròn được không?,Can you make it a round number?,9,5,287,,content-draft/viet/canonical-pages/catalog-promoted/shopping/v900-shop-can-you-make-it-a-round-number.json,
PASS,0,viet-phrase-v900-shop-can-you-pack-it-for-travel,catalog-promoted,Bạn có thể đóng gói nó để đi du lịch?,Can you pack it for travel?,9,8,391,,content-draft/viet/canonical-pages/catalog-promoted/shopping/v900-shop-can-you-pack-it-for-travel.json,
PASS,0,viet-phrase-v900-shop-can-you-show-me-the-inside,catalog-promoted,Bạn có thể cho tôi xem bên trong được không?,Can you show me the inside?,9,5,293,,content-draft/viet/canonical-pages/catalog-promoted/shopping/v900-shop-can-you-show-me-the-inside.json,
PASS,0,viet-phrase-v900-shop-can-you-wrap-it-carefully,catalog-promoted,Bạn có thể gói nó cẩn thận được không?,Can you wrap it carefully?,9,5,295,,content-draft/viet/canonical-pages/catalog-promoted/shopping/v900-shop-can-you-wrap-it-carefully.json,
PASS,0,viet-phrase-v900-shop-do-you-have-a-better-quality-one,catalog-promoted,Bạn có cái nào chất lượng hơn không?,Do you have a better quality one?,9,8,279,,content-draft/viet/canonical-pages/catalog-promoted/shopping/v900-shop-do-you-have-a-better-quality-one.json,
PASS,0,viet-phrase-v900-shop-do-you-have-a-cheaper-one,catalog-promoted,Bạn có cái nào rẻ hơn không?,Do you have a cheaper one?,9,5,294,,content-draft/viet/canonical-pages/catalog-promoted/shopping/v900-shop-do-you-have-a-cheaper-one.json,
PASS,0,viet-phrase-v900-shop-do-you-have-a-larger-size,catalog-promoted,Bạn có kích thước lớn hơn không?,Do you have a larger size?,9,5,272,,content-draft/viet/canonical-pages/catalog-promoted/shopping/v900-shop-do-you-have-a-larger-size.json,
PASS,0,viet-phrase-v900-shop-do-you-have-a-smaller-size,catalog-promoted,Bạn có kích thước nhỏ hơn không?,Do you have a smaller size?,9,4,288,,content-draft/viet/canonical-pages/catalog-promoted/shopping/v900-shop-do-you-have-a-smaller-size.json,
PASS,0,viet-phrase-v900-shop-do-you-have-this-in-black,catalog-promoted,Bạn có cái này màu đen không?,Do you have this in black?,9,5,257,,content-draft/viet/canonical-pages/catalog-promoted/shopping/v900-shop-do-you-have-this-in-black.json,
PASS,0,viet-phrase-v900-shop-i-bought-the-wrong-size,catalog-promoted,Tôi mua nhầm kích thước,I bought the wrong size,9,4,255,,content-draft/viet/canonical-pages/catalog-promoted/shopping/v900-shop-i-bought-the-wrong-size.json,
PASS,0,viet-phrase-v900-shop-im-looking-for-a-gift,catalog-promoted,Tôi đang tìm một món quà,I’m looking for a gift,9,3,245,,content-draft/viet/canonical-pages/catalog-promoted/shopping/v900-shop-im-looking-for-a-gift.json,
PASS,0,viet-phrase-v900-shop-no-thank-you-ill-look-around-first,catalog-promoted,"Không, cảm ơn, tôi sẽ xem xét xung quanh trước","No thank you, I’ll look around first",9,8,345,,content-draft/viet/canonical-pages/catalog-promoted/shopping/v900-shop-no-thank-you-ill-look-around-first.json,
PASS,0,viet-phrase-v900-shop-that-is-still-too-expensive-for-me,catalog-promoted,Điều đó vẫn còn quá đắt đối với tôi,That is still too expensive for me,9,10,340,,content-draft/viet/canonical-pages/catalog-promoted/shopping/v900-shop-that-is-still-too-expensive-for-me.json,
PASS,0,viet-phrase-v900-shop-this-fits-well,catalog-promoted,Điều này rất phù hợp,This fits well,9,6,289,,content-draft/viet/canonical-pages/catalog-promoted/shopping/v900-shop-this-fits-well.json,
PASS,0,viet-phrase-v900-shop-this-one-is-damaged,catalog-promoted,Cái này bị hỏng,This one is damaged,9,3,242,,content-draft/viet/canonical-pages/catalog-promoted/shopping/v900-shop-this-one-is-damaged.json,
PASS,0,viet-phrase-v900-shop-where-is-the-fitting-room,catalog-promoted,Phòng thử đồ ở đâu?,Where is the fitting room?,9,3,273,,content-draft/viet/canonical-pages/catalog-promoted/shopping/v900-shop-where-is-the-fitting-room.json,
PASS,0,viet-phrase-v900-sigh-acti-can-i-take-a-photo-here,catalog-promoted,Tôi có thể chụp ảnh ở đây được không?,Can I take a photo here?,9,4,306,,content-draft/viet/canonical-pages/catalog-promoted/sightseeing-activities/v900-sigh-acti-can-i-take-a-photo-here.json,
PASS,0,viet-phrase-v900-sigh-acti-can-you-write-the-name-for-me,catalog-promoted,Bạn có thể viết tên cho tôi được không?,Can you write the name for me?,9,5,281,,content-draft/viet/canonical-pages/catalog-promoted/sightseeing-activities/v900-sigh-acti-can-you-write-the-name-for-me.json,
PASS,0,viet-phrase-v900-sigh-acti-i-cannot-find-the-tour-guide,catalog-promoted,Tôi không thể tìm thấy hướng dẫn viên du lịch,I cannot find the tour guide,9,3,312,,content-draft/viet/canonical-pages/catalog-promoted/sightseeing-activities/v900-sigh-acti-i-cannot-find-the-tour-guide.json,
PASS,0,viet-phrase-v900-sigh-acti-id-like-to-book-a-tour,catalog-promoted,Tôi muốn đặt một chuyến tham quan,I’d like to book a tour,9,6,335,,content-draft/viet/canonical-pages/catalog-promoted/sightseeing-activities/v900-sigh-acti-id-like-to-book-a-tour.json,
PASS,0,viet-phrase-v900-sigh-acti-is-lunch-included,catalog-promoted,Có bao gồm bữa trưa không?,Is lunch included?,9,4,259,,content-draft/viet/canonical-pages/catalog-promoted/sightseeing-activities/v900-sigh-acti-is-lunch-included.json,
PASS,0,viet-phrase-v900-sigh-acti-is-photography-allowed,catalog-promoted,Có được phép chụp ảnh không?,Is photography allowed?,9,4,285,,content-draft/viet/canonical-pages/catalog-promoted/sightseeing-activities/v900-sigh-acti-is-photography-allowed.json,
PASS,0,viet-phrase-v900-sigh-acti-is-there-an-english-guide,catalog-promoted,Có hướng dẫn viên tiếng Anh không?,Is there an English guide?,9,4,265,,content-draft/viet/canonical-pages/catalog-promoted/sightseeing-activities/v900-sigh-acti-is-there-an-english-guide.json,
PASS,0,viet-phrase-v900-sigh-acti-is-this-area-safe-at-night,catalog-promoted,Khu vực này có an toàn vào ban đêm không?,Is this area safe at night?,9,5,290,,content-draft/viet/canonical-pages/catalog-promoted/sightseeing-activities/v900-sigh-acti-is-this-area-safe-at-night.json,
PASS,0,viet-phrase-v900-sigh-acti-is-this-included-in-the-ticket,catalog-promoted,Cái này có bao gồm trong vé không?,Is this included in the ticket?,9,5,294,,content-draft/viet/canonical-pages/catalog-promoted/sightseeing-activities/v900-sigh-acti-is-this-included-in-the-ticket.json,
PASS,0,viet-phrase-v900-sigh-acti-is-this-the-right-entrance,catalog-promoted,Đây có phải là lối vào bên phải không?,Is this the right entrance?,9,4,283,,content-draft/viet/canonical-pages/catalog-promoted/sightseeing-activities/v900-sigh-acti-is-this-the-right-entrance.json,
PASS,0,viet-phrase-v900-sigh-acti-please-send-me-the-meeting-point,catalog-promoted,Vui lòng gửi cho tôi điểm tập trung,Please send me the meeting point,9,6,333,,content-draft/viet/canonical-pages/catalog-promoted/sightseeing-activities/v900-sigh-acti-please-send-me-the-meeting-point.json,
PASS,0,viet-phrase-v900-sigh-acti-what-time-does-the-tour-start,catalog-promoted,Chuyến tham quan bắt đầu lúc mấy giờ?,What time does the tour start?,9,4,272,,content-draft/viet/canonical-pages/catalog-promoted/sightseeing-activities/v900-sigh-acti-what-time-does-the-tour-start.json,
PASS,0,viet-phrase-v900-sigh-acti-where-does-the-tour-meet,catalog-promoted,Chuyến đi gặp nhau ở đâu?,Where does the tour meet?,9,6,304,,content-draft/viet/canonical-pages/catalog-promoted/sightseeing-activities/v900-sigh-acti-where-does-the-tour-meet.json,
PASS,0,viet-phrase-v900-sigh-acti-where-is-less-crowded,catalog-promoted,Nơi nào ít đông đúc hơn?,Where is less crowded?,9,6,306,,content-draft/viet/canonical-pages/catalog-promoted/sightseeing-activities/v900-sigh-acti-where-is-less-crowded.json,
PASS,0,viet-phrase-v900-time-date-book-can-i-get-a-ticket-refund,catalog-promoted,Tôi có thể được hoàn tiền vé không?,Can I get a ticket refund?,9,4,275,,content-draft/viet/canonical-pages/catalog-promoted/time-dates-booking/v900-time-date-book-can-i-get-a-ticket-refund.json,
PASS,0,viet-phrase-v900-time-date-book-can-i-have-a-window-seat,catalog-promoted,Tôi có thể ngồi cạnh cửa sổ được không?,Can I have a window seat?,9,4,272,,content-draft/viet/canonical-pages/catalog-promoted/time-dates-booking/v900-time-date-book-can-i-have-a-window-seat.json,
PASS,0,viet-phrase-v900-time-date-book-can-i-move-it-to-tomorrow,catalog-promoted,Tôi có thể chuyển nó sang ngày mai được không?,Can I move it to tomorrow?,9,5,263,,content-draft/viet/canonical-pages/catalog-promoted/time-dates-booking/v900-time-date-book-can-i-move-it-to-tomorrow.json,
PASS,0,viet-phrase-v900-time-date-book-can-you-confirm-my-booking,catalog-promoted,Bạn có thể xác nhận đặt phòng của tôi?,Can you confirm my booking?,9,6,280,,content-draft/viet/canonical-pages/catalog-promoted/time-dates-booking/v900-time-date-book-can-you-confirm-my-booking.json,
PASS,0,viet-phrase-v900-time-date-book-can-you-put-me-on-the-waiting-list,catalog-promoted,Bạn có thể đưa tôi vào danh sách chờ được không?,Can you put me on the waiting list?,9,8,288,,content-draft/viet/canonical-pages/catalog-promoted/time-dates-booking/v900-time-date-book-can-you-put-me-on-the-waiting-list.json,
PASS,0,viet-phrase-v900-time-date-book-can-you-send-a-confirmation-message,catalog-promoted,Bạn có thể gửi tin nhắn xác nhận không?,Can you send a confirmation message?,9,5,279,,content-draft/viet/canonical-pages/catalog-promoted/time-dates-booking/v900-time-date-book-can-you-send-a-confirmation-message.json,
PASS,0,viet-phrase-v900-time-date-book-do-i-need-to-arrive-early,catalog-promoted,Tôi có cần đến sớm không?,Do I need to arrive early?,9,7,257,,content-draft/viet/canonical-pages/catalog-promoted/time-dates-booking/v900-time-date-book-do-i-need-to-arrive-early.json,
PASS,0,viet-phrase-v900-time-date-book-do-i-need-to-bring-my-passport,catalog-promoted,Tôi có cần mang theo hộ chiếu không?,Do I need to bring my passport?,9,5,262,,content-draft/viet/canonical-pages/catalog-promoted/time-dates-booking/v900-time-date-book-do-i-need-to-bring-my-passport.json,
PASS,0,viet-phrase-v900-time-date-book-do-you-have-anything-available-this-afternoon,catalog-promoted,Chiều nay còn chỗ trống không?,Do you have anything available this afternoon?,9,4,274,,content-draft/viet/canonical-pages/catalog-promoted/time-dates-booking/v900-time-date-book-do-you-have-anything-available-this-afternoon.json,
PASS,0,viet-phrase-v900-time-date-book-do-you-have-anything-available-today,catalog-promoted,Hôm nay bạn có sẵn thứ gì không?,Do you have anything available today?,9,8,240,,content-draft/viet/canonical-pages/catalog-promoted/time-dates-booking/v900-time-date-book-do-you-have-anything-available-today.json,
PASS,0,viet-phrase-v900-time-date-book-great-see-you-then,catalog-promoted,"Tuyệt vời, gặp bạn sau nhé","Great, see you then",9,6,258,,content-draft/viet/canonical-pages/catalog-promoted/time-dates-booking/v900-time-date-book-great-see-you-then.json,
PASS,0,viet-phrase-v900-time-date-book-how-many-people-are-ahead-of-me,catalog-promoted,Có bao nhiêu người đang ở phía trước tôi?,How many people are ahead of me?,9,4,280,,content-draft/viet/canonical-pages/catalog-promoted/time-dates-booking/v900-time-date-book-how-many-people-are-ahead-of-me.json,
PASS,0,viet-phrase-v900-time-date-book-i-need-to-cancel-my-booking,catalog-promoted,Tôi cần hủy đặt chỗ của mình,I need to cancel my booking,9,6,307,,content-draft/viet/canonical-pages/catalog-promoted/time-dates-booking/v900-time-date-book-i-need-to-cancel-my-booking.json,
PASS,0,viet-phrase-v900-time-date-book-id-like-to-book-for-tomorrow,catalog-promoted,Tôi muốn đặt chỗ cho ngày mai,I’d like to book for tomorrow,9,4,245,,content-draft/viet/canonical-pages/catalog-promoted/time-dates-booking/v900-time-date-book-id-like-to-book-for-tomorrow.json,
PASS,0,viet-phrase-v900-time-date-book-id-like-to-book-for-two-people,catalog-promoted,Tôi muốn đặt chỗ cho hai người,I’d like to book for two people,9,4,270,,content-draft/viet/canonical-pages/catalog-promoted/time-dates-booking/v900-time-date-book-id-like-to-book-for-two-people.json,
PASS,0,viet-phrase-v900-time-date-book-is-it-closed-on-mondays,catalog-promoted,Nó có đóng cửa vào thứ Hai không?,Is it closed on Mondays?,9,5,262,,content-draft/viet/canonical-pages/catalog-promoted/time-dates-booking/v900-time-date-book-is-it-closed-on-mondays.json,
PASS,0,viet-phrase-v900-time-date-book-is-there-a-student-discount,catalog-promoted,Có giảm giá cho sinh viên không?,Is there a student discount?,9,5,273,,content-draft/viet/canonical-pages/catalog-promoted/time-dates-booking/v900-time-date-book-is-there-a-student-discount.json,
PASS,0,viet-phrase-v900-time-date-book-is-this-the-right-line,catalog-promoted,Đây có phải là hàng đúng không?,Is this the right line?,9,4,274,,content-draft/viet/canonical-pages/catalog-promoted/time-dates-booking/v900-time-date-book-is-this-the-right-line.json,
PASS,0,viet-phrase-v900-time-date-book-is-this-ticket-for-today,catalog-promoted,Đây có phải là vé cho ngày hôm nay không?,Is this ticket for today?,9,5,261,,content-draft/viet/canonical-pages/catalog-promoted/time-dates-booking/v900-time-date-book-is-this-ticket-for-today.json,
PASS,0,viet-phrase-v900-time-date-book-one-adult-ticket-please,catalog-promoted,Cho xin một vé người lớn,"One adult ticket, please",9,5,270,,content-draft/viet/canonical-pages/catalog-promoted/time-dates-booking/v900-time-date-book-one-adult-ticket-please.json,
PASS,0,viet-phrase-v900-time-date-book-one-child-ticket-please,catalog-promoted,Cho xin một vé trẻ em,"One child ticket, please",9,5,269,,content-draft/viet/canonical-pages/catalog-promoted/time-dates-booking/v900-time-date-book-one-child-ticket-please.json,
PASS,0,viet-phrase-v900-time-date-book-please-call-my-name-when-it-is-ready,catalog-promoted,Hãy gọi tên tôi khi nó sẵn sàng,Please call my name when it is ready,9,8,271,,content-draft/viet/canonical-pages/catalog-promoted/time-dates-booking/v900-time-date-book-please-call-my-name-when-it-is-ready.json,
PASS,0,viet-phrase-v900-time-date-book-please-send-it-by-email,catalog-promoted,Vui lòng gửi nó qua email,Please send it by email,9,5,278,,content-draft/viet/canonical-pages/catalog-promoted/time-dates-booking/v900-time-date-book-please-send-it-by-email.json,
PASS,0,viet-phrase-v900-time-date-book-please-send-the-refund-to-this-card,catalog-promoted,Vui lòng gửi tiền hoàn lại vào thẻ này,Please send the refund to this card,9,4,258,,content-draft/viet/canonical-pages/catalog-promoted/time-dates-booking/v900-time-date-book-please-send-the-refund-to-this-card.json,
PASS,0,viet-phrase-v900-time-date-book-please-write-down-the-address,catalog-promoted,Hãy ghi lại địa chỉ,Please write down the address,9,5,236,,content-draft/viet/canonical-pages/catalog-promoted/time-dates-booking/v900-time-date-book-please-write-down-the-address.json,
PASS,0,viet-phrase-v900-time-date-book-what-time-does-it-finish,catalog-promoted,Mấy giờ thì xong?,What time does it finish?,9,4,237,,content-draft/viet/canonical-pages/catalog-promoted/time-dates-booking/v900-time-date-book-what-time-does-it-finish.json,
PASS,0,viet-phrase-v900-time-date-book-what-time-does-it-start,catalog-promoted,Nó bắt đầu lúc mấy giờ?,What time does it start?,9,3,240,,content-draft/viet/canonical-pages/catalog-promoted/time-dates-booking/v900-time-date-book-what-time-does-it-start.json,
PASS,0,viet-phrase-v900-time-date-book-where-do-i-scan-the-ticket,catalog-promoted,Tôi quét vé ở đâu?,Where do I scan the ticket?,9,5,271,,content-draft/viet/canonical-pages/catalog-promoted/time-dates-booking/v900-time-date-book-where-do-i-scan-the-ticket.json,
PASS,0,viet-phrase-v900-tran-are-we-going-the-right-way,catalog-promoted,Chúng ta có đang đi đúng hướng không?,Are we going the right way?,9,8,259,,content-draft/viet/canonical-pages/catalog-promoted/transport/v900-tran-are-we-going-the-right-way.json,
PASS,0,viet-phrase-v900-tran-can-i-pay-by-bank-transfer,catalog-promoted,Tôi có thể thanh toán bằng chuyển khoản ngân hàng không?,Can I pay by bank transfer?,9,6,291,,content-draft/viet/canonical-pages/catalog-promoted/transport/v900-tran-can-i-pay-by-bank-transfer.json,
PASS,0,viet-phrase-v900-tran-can-i-pay-the-fare-by-card,catalog-promoted,Tôi có thể thanh toán tiền vé bằng thẻ không?,Can I pay the fare by card?,9,9,268,,content-draft/viet/canonical-pages/catalog-promoted/transport/v900-tran-can-i-pay-the-fare-by-card.json,
PASS,0,viet-phrase-v900-tran-can-i-see-the-rental-agreement,catalog-promoted,Tôi có thể xem hợp đồng thuê được không?,Can I see the rental agreement?,9,4,277,,content-draft/viet/canonical-pages/catalog-promoted/transport/v900-tran-can-i-see-the-rental-agreement.json,
PASS,0,viet-phrase-v900-tran-can-you-help-me-contact-the-company,catalog-promoted,Bạn có thể giúp tôi liên hệ với công ty được không?,Can you help me contact the company?,9,9,304,,content-draft/viet/canonical-pages/catalog-promoted/transport/v900-tran-can-you-help-me-contact-the-company.json,
PASS,0,viet-phrase-v900-tran-does-that-include-tolls,catalog-promoted,Điều đó có bao gồm phí cầu đường không?,Does that include tolls?,9,5,262,,content-draft/viet/canonical-pages/catalog-promoted/transport/v900-tran-does-that-include-tolls.json,
PASS,0,viet-phrase-v900-tran-does-the-rental-include-insurance,catalog-promoted,Giá thuê có bao gồm bảo hiểm không?,Does the rental include insurance?,9,5,247,,content-draft/viet/canonical-pages/catalog-promoted/transport/v900-tran-does-the-rental-include-insurance.json,
PASS,0,viet-phrase-v900-tran-how-much-is-the-rental-per-day,catalog-promoted,Giá thuê một ngày là bao nhiêu?,How much is the rental per day?,9,7,302,,content-draft/viet/canonical-pages/catalog-promoted/transport/v900-tran-how-much-is-the-rental-per-day.json,
PASS,0,viet-phrase-v900-tran-i-booked-through-the-app,catalog-promoted,Tôi đã đặt qua ứng dụng,I booked through the app,9,3,277,,content-draft/viet/canonical-pages/catalog-promoted/transport/v900-tran-i-booked-through-the-app.json,
PASS,0,viet-phrase-v900-tran-i-think-the-fare-is-wrong,catalog-promoted,Tôi nghĩ giá vé sai,I think the fare is wrong,9,4,271,,content-draft/viet/canonical-pages/catalog-promoted/transport/v900-tran-i-think-the-fare-is-wrong.json,
PASS,0,viet-phrase-v900-tran-is-that-the-total-price,catalog-promoted,Đó có phải là tổng giá không?,Is that the total price?,9,4,279,,content-draft/viet/canonical-pages/catalog-promoted/transport/v900-tran-is-that-the-total-price.json,
PASS,0,viet-phrase-v900-tran-is-there-an-airport-fee,catalog-promoted,Có phí sân bay không?,Is there an airport fee?,9,5,255,,content-draft/viet/canonical-pages/catalog-promoted/transport/v900-tran-is-there-an-airport-fee.json,
PASS,0,viet-phrase-v900-tran-is-this-seat-available,catalog-promoted,Chỗ này còn trống không?,Is this seat available?,9,4,281,,content-draft/viet/canonical-pages/catalog-promoted/transport/v900-tran-is-this-seat-available.json,
PASS,0,viet-phrase-v900-tran-please-avoid-the-highway,catalog-promoted,Xin hãy tránh đường cao tốc,Please avoid the highway,9,3,279,,content-draft/viet/canonical-pages/catalog-promoted/transport/v900-tran-please-avoid-the-highway.json,
PASS,0,viet-phrase-v900-tran-please-avoid-toll-roads,catalog-promoted,Vui lòng tránh đường thu phí,Please avoid toll roads,9,4,264,,content-draft/viet/canonical-pages/catalog-promoted/transport/v900-tran-please-avoid-toll-roads.json,
PASS,0,viet-phrase-v900-tran-please-close-the-window,catalog-promoted,Hãy đóng cửa sổ lại,Please close the window,9,3,276,,content-draft/viet/canonical-pages/catalog-promoted/transport/v900-tran-please-close-the-window.json,
PASS,0,viet-phrase-v900-tran-please-give-me-a-receipt,catalog-promoted,Vui lòng đưa cho tôi biên nhận,Please give me a receipt,9,6,269,,content-draft/viet/canonical-pages/catalog-promoted/transport/v900-tran-please-give-me-a-receipt.json,
PASS,0,viet-phrase-v900-tran-please-open-the-window,catalog-promoted,Hãy mở cửa sổ,Please open the window,9,4,234,,content-draft/viet/canonical-pages/catalog-promoted/transport/v900-tran-please-open-the-window.json,
PASS,0,viet-phrase-v900-tran-please-show-me-how-to-start-it,catalog-promoted,Hãy chỉ cho tôi cách bắt đầu nó,Please show me how to start it,9,4,267,,content-draft/viet/canonical-pages/catalog-promoted/transport/v900-tran-please-show-me-how-to-start-it.json,
PASS,0,viet-phrase-v900-tran-please-stop-at-the-next-corner,catalog-promoted,Vui lòng dừng lại ở góc tiếp theo,Please stop at the next corner,9,4,279,,content-draft/viet/canonical-pages/catalog-promoted/transport/v900-tran-please-stop-at-the-next-corner.json,
PASS,0,viet-phrase-v900-tran-please-stop-near-the-entrance,catalog-promoted,Vui lòng dừng gần lối vào,Please stop near the entrance,9,5,246,,content-draft/viet/canonical-pages/catalog-promoted/transport/v900-tran-please-stop-near-the-entrance.json,
PASS,0,viet-phrase-v900-tran-please-take-me-to-this-address,catalog-promoted,Hãy đưa tôi đến địa chỉ này,Please take me to this address,9,7,271,,content-draft/viet/canonical-pages/catalog-promoted/transport/v900-tran-please-take-me-to-this-address.json,
PASS,0,viet-phrase-v900-tran-please-take-the-faster-route,catalog-promoted,Đi đường nhanh hơn giúp tôi được không?,Please take the faster route,9,5,282,,content-draft/viet/canonical-pages/catalog-promoted/transport/v900-tran-please-take-the-faster-route.json,
PASS,0,viet-phrase-v900-tran-please-tell-me-when-to-get-off,catalog-promoted,Hãy cho tôi biết khi nào nên xuống xe,Please tell me when to get off,9,8,284,,content-draft/viet/canonical-pages/catalog-promoted/transport/v900-tran-please-tell-me-when-to-get-off.json,
PASS,0,viet-phrase-v900-tran-please-turn-left-at-the-next-street,catalog-promoted,Vui lòng rẽ trái ở đường tiếp theo,Please turn left at the next street,9,4,292,,content-draft/viet/canonical-pages/catalog-promoted/transport/v900-tran-please-turn-left-at-the-next-street.json,
PASS,0,viet-phrase-v900-tran-please-turn-right-here,catalog-promoted,Vui lòng rẽ phải ở đây,Please turn right here,9,4,258,,content-draft/viet/canonical-pages/catalog-promoted/transport/v900-tran-please-turn-right-here.json,
PASS,0,viet-phrase-v900-tran-please-use-the-price-in-the-grab-app,catalog-promoted,Vui lòng sử dụng giá trên ứng dụng Grab.,Please use the price in the Grab app.,9,7,324,,content-draft/viet/canonical-pages/catalog-promoted/transport/v900-tran-please-use-the-price-in-the-grab-app.json,
PASS,0,viet-phrase-v900-tran-please-wait-while-i-get-in,catalog-promoted,Vui lòng đợi tôi lên xe,Please wait while I get in,9,4,292,,content-draft/viet/canonical-pages/catalog-promoted/transport/v900-tran-please-wait-while-i-get-in.json,
PASS,0,viet-phrase-v900-tran-the-car-number-is-different,catalog-promoted,Biển số xe không giống,The license plate is different,9,3,279,,content-draft/viet/canonical-pages/catalog-promoted/transport/v900-tran-the-car-number-is-different.json,
PASS,0,viet-phrase-v900-tran-the-driver-left-without-me,catalog-promoted,Người lái xe rời đi mà không có tôi,The driver left without me,9,4,277,,content-draft/viet/canonical-pages/catalog-promoted/transport/v900-tran-the-driver-left-without-me.json,
PASS,0,viet-phrase-v900-tran-the-motorbike-has-a-problem,catalog-promoted,Xe máy có vấn đề,The motorbike has a problem,9,3,260,,content-draft/viet/canonical-pages/catalog-promoted/transport/v900-tran-the-motorbike-has-a-problem.json,
PASS,0,viet-phrase-v900-tran-this-is-not-the-place-i-meant,catalog-promoted,Đây không phải là nơi tôi muốn nói,This is not the place I meant,9,9,276,,content-draft/viet/canonical-pages/catalog-promoted/transport/v900-tran-this-is-not-the-place-i-meant.json,
PASS,0,viet-phrase-v900-tran-this-is-the-correct-address,catalog-promoted,Đây là địa chỉ chính xác,This is the correct address,9,4,268,,content-draft/viet/canonical-pages/catalog-promoted/transport/v900-tran-this-is-the-correct-address.json,
PASS,0,viet-phrase-v900-tran-this-is-the-wrong-address,catalog-promoted,Đây là địa chỉ sai,This is the wrong address,9,5,270,,content-draft/viet/canonical-pages/catalog-promoted/transport/v900-tran-this-is-the-wrong-address.json,
PASS,0,viet-phrase-v900-tran-where-is-the-boat-pier,catalog-promoted,Bến thuyền ở đâu?,Where is the boat pier?,9,3,250,,content-draft/viet/canonical-pages/catalog-promoted/transport/v900-tran-where-is-the-boat-pier.json,
PASS,0,viet-phrase-v900-tran-which-bus-goes-to-the-city-center,catalog-promoted,Xe buýt nào đi vào trung tâm thành phố?,Which bus goes to the city center?,9,4,302,,content-draft/viet/canonical-pages/catalog-promoted/transport/v900-tran-which-bus-goes-to-the-city-center.json,
PASS,0,viet-phrase-v900-unde-repa-can-you-say-it-in-a-simpler-way,catalog-promoted,Bạn có thể nói nó một cách đơn giản hơn?,Can you say it in a simpler way?,9,10,321,,content-draft/viet/canonical-pages/catalog-promoted/understanding-repair/v900-unde-repa-can-you-say-it-in-a-simpler-way.json,
PASS,0,viet-phrase-v900-unde-repa-do-you-mean-today-or-tomorrow,catalog-promoted,Ý bạn là hôm nay hay ngày mai?,Do you mean today or tomorrow?,9,7,298,,content-draft/viet/canonical-pages/catalog-promoted/understanding-repair/v900-unde-repa-do-you-mean-today-or-tomorrow.json,
PASS,0,viet-phrase-v900-unde-repa-i-think-there-is-a-misunderstanding,catalog-promoted,Tôi nghĩ có sự hiểu lầm,I think there is a misunderstanding,9,6,296,,content-draft/viet/canonical-pages/catalog-promoted/understanding-repair/v900-unde-repa-i-think-there-is-a-misunderstanding.json,
PASS,0,viet-phrase-v900-unde-repa-im-trying-but-i-dont-know-the-right-words,catalog-promoted,Tôi đang cố gắng nhưng không biết dùng từ thích hợp,"I’m trying, but I don’t know the right words",9,11,333,,content-draft/viet/canonical-pages/catalog-promoted/understanding-repair/v900-unde-repa-im-trying-but-i-dont-know-the-right-words.json,
PASS,0,viet-phrase-v900-unde-repa-is-there-someone-who-speaks-english,catalog-promoted,Có ai nói được tiếng Anh không?,Is there someone who speaks English?,9,4,313,,content-draft/viet/canonical-pages/catalog-promoted/understanding-repair/v900-unde-repa-is-there-someone-who-speaks-english.json,
PASS,0,viet-polite-hello,tier1,Xin chào,Hello,3,3,148,,content-draft/viet/canonical-pages/tier-one/polite-basics/polite-hello.json,
PASS,0,viet-thank-you,tier1,Cảm ơn,Thank you,19,1,350,,content-draft/viet/canonical-pages/tier-one/polite-basics/polite-thank-you.json,
PASS,0,viet-thanks-cam-on-toi-hieu-roi,catalog-promoted,"Cảm ơn, tôi hiểu rồi","Thanks, I understand now",7,5,259,,content-draft/viet/canonical-pages/catalog-promoted/directions-navigation/thank-you-cam-on-toi-hieu-roi.json,
PASS,0,viet-thanks-khong-co-gi,catalog-promoted,Không có gì,No problem,6,4,198,,content-draft/viet/canonical-pages/catalog-promoted/polite-basics/thank-you-khong-co-gi.json,
