severity,pageID,tierRole,englishTitle,sourcePath,sectionID,sourceCount,renderedCount,sourceOnly,renderedOnly,note
UNIQUE_SOURCE_CARD_MISSING,viet-polite-hello,tier1,Hello,content-draft/viet/canonical-pages/tier-one/polite-basics/polite-hello.json,__page_unique__,20,3,17,0,missing unique source cards: polite-1; xin-chao-casual-chao; xin-chao-friend; xin-chao-formal; xin-chao-phone; xin-chao-morning; xin-chao-afternoon; xin-chao-anh
UNIQUE_SOURCE_CARD_MISSING,viet-acknowledge-dung,tier1,Yes,content-draft/viet/canonical-pages/tier-one/polite-basics/v500-poli-basi-yes.json,__page_unique__,22,7,18,3,missing unique source cards: viet-polite-hello; viet-thanks-khong-cam-on; viet-excuse-sorry; viet-family-polite-its-okay; viet-goodbye; viet-hello-chao; viet-hello-chao-ban; viet-hello-da-chao-anh-chi | extra rendered cards: viet-thanks-cam-on-toi-hieu-roi; viet-acknowledge-khong; viet-acknowledge-duoc
UNIQUE_SOURCE_CARD_MISSING,viet-thanks-khong-cam-on,tier1,"No, thank you",content-draft/viet/canonical-pages/tier-one/polite-basics/polite-no-thanks.json,__page_unique__,22,7,19,4,missing unique source cards: viet-polite-hello; viet-acknowledge-da; viet-excuse-sorry; viet-family-polite-its-okay; viet-acknowledge-dung; viet-hello-chao; viet-hello-chao-ban; viet-hello-da-chao-anh-chi | extra rendered cards: viet-family-v500-mone-numb-pric-no-thanks-maybe-later; viet-family-v500-soci-smal-talk-no-thank-you-im-not-interested; viet-family-v900-shop-no-thank-you-ill-look-around-first; viet-thanks-khong-co-gi
UNIQUE_SOURCE_CARD_MISSING,viet-acknowledge-da,tier1,Yes / polite acknowledgment,content-draft/viet/canonical-pages/tier-one/polite-basics/polite-acknowledge.json,__page_unique__,22,8,17,3,missing unique source cards: viet-polite-hello; viet-thanks-khong-cam-on; viet-excuse-sorry; viet-family-polite-its-okay; viet-goodbye; viet-hello-chao; viet-hello-chao-ban; viet-hello-alo | extra rendered cards: viet-da-chao-anh; viet-acknowledge-khong; viet-acknowledge-duoc
UNIQUE_SOURCE_CARD_MISSING,viet-how-are-you,tier1,How are you?,content-draft/viet/canonical-pages/tier-one/social-small-talk/social-how-are-you.json,__page_unique__,15,7,9,1,missing unique source cards: viet-family-social-from-us; viet-family-social-from-uk; viet-family-social-first-time; how-are-you-anh; how-are-you-chi; how-are-you-em; viet-family-social-food-good; viet-family-social-weather-hot | extra rendered cards: viet-thank-you
UNIQUE_SOURCE_CARD_MISSING,viet-phrase-help-premium-print-document,catalog-promoted,I need a printed copy of this document.,content-draft/viet/canonical-pages/catalog-promoted/problems-help/help-premium-print-document.json,__page_unique__,9,8,1,0,missing unique source cards: viet-family-help-need-help
UNIQUE_SOURCE_CARD_MISSING,viet-phrase-help-premium-translate-for-me,catalog-promoted,Can you help translate for me?,content-draft/viet/canonical-pages/catalog-promoted/problems-help/help-premium-translate-for-me.json,__page_unique__,9,8,1,0,missing unique source cards: viet-family-help-need-help
UNIQUE_SOURCE_CARD_MISSING,viet-phrase-v500-food-drin-this-is-cold,catalog-promoted,This is cold,content-draft/viet/canonical-pages/catalog-promoted/food-drink/v500-food-drin-this-is-cold.json,__page_unique__,8,7,1,0,missing unique source cards: viet-phrase-food-16
UNIQUE_SOURCE_CARD_MISSING,viet-phrase-v500-prob-help-can-i-have-an-interpreter,catalog-promoted,Can I have an interpreter?,content-draft/viet/canonical-pages/catalog-promoted/problems-help/v500-prob-help-can-i-have-an-interpreter.json,__page_unique__,9,8,1,0,missing unique source cards: viet-family-help-need-help
UNIQUE_SOURCE_CARD_MISSING,viet-phrase-v500-prob-help-can-you-contact-the-driver,catalog-promoted,Can you contact the driver?,content-draft/viet/canonical-pages/catalog-promoted/problems-help/v500-prob-help-can-you-contact-the-driver.json,__page_unique__,9,8,1,0,missing unique source cards: viet-family-help-need-help
UNIQUE_SOURCE_CARD_MISSING,viet-phrase-v500-prob-help-i-have-contacted-my-embassy,catalog-promoted,I have contacted my embassy,content-draft/viet/canonical-pages/catalog-promoted/problems-help/v500-prob-help-i-have-contacted-my-embassy.json,__page_unique__,9,8,1,0,missing unique source cards: viet-family-help-need-help
UNIQUE_SOURCE_CARD_MISSING,viet-phrase-v500-prob-help-my-wallet-is-missing,catalog-promoted,My wallet is missing,content-draft/viet/canonical-pages/catalog-promoted/problems-help/v500-prob-help-my-wallet-is-missing.json,__page_unique__,9,8,1,0,missing unique source cards: viet-family-help-need-help
UNIQUE_SOURCE_CARD_MISSING,viet-phrase-v500-prob-help-please-call-my-hotel,catalog-promoted,Please call my hotel,content-draft/viet/canonical-pages/catalog-promoted/problems-help/v500-prob-help-please-call-my-hotel.json,__page_unique__,9,8,1,0,missing unique source cards: viet-family-help-need-help
UNIQUE_SOURCE_CARD_MISSING,viet-phrase-v500-prob-help-please-call-this-number,catalog-promoted,Please call this number,content-draft/viet/canonical-pages/catalog-promoted/problems-help/v500-prob-help-please-call-this-number.json,__page_unique__,9,8,1,0,missing unique source cards: viet-family-help-need-help
UNIQUE_SOURCE_CARD_MISSING,viet-phrase-v500-prob-help-please-speak-to-them-for-me,catalog-promoted,Please speak to them for me,content-draft/viet/canonical-pages/catalog-promoted/problems-help/v500-prob-help-please-speak-to-them-for-me.json,__page_unique__,9,8,1,0,missing unique source cards: viet-family-help-need-help
UNIQUE_SOURCE_CARD_MISSING,viet-phrase-v500-prob-help-someone-took-my-phone,catalog-promoted,Someone took my phone,content-draft/viet/canonical-pages/catalog-promoted/problems-help/v500-prob-help-someone-took-my-phone.json,__page_unique__,9,8,1,0,missing unique source cards: viet-family-help-need-help
UNIQUE_SOURCE_CARD_MISSING,viet-phrase-v500-prob-help-this-is-what-happened,catalog-promoted,This is what happened,content-draft/viet/canonical-pages/catalog-promoted/problems-help/v500-prob-help-this-is-what-happened.json,__page_unique__,9,8,1,0,missing unique source cards: viet-family-help-need-help
UNIQUE_SOURCE_CARD_MISSING,viet-phrase-v500-prob-help-where-is-the-nearest-embassy,catalog-promoted,Where is the nearest embassy?,content-draft/viet/canonical-pages/catalog-promoted/problems-help/v500-prob-help-where-is-the-nearest-embassy.json,__page_unique__,9,8,1,0,missing unique source cards: viet-family-help-need-help
UNIQUE_SOURCE_CARD_MISSING,viet-phrase-v900-food-drin-can-you-change-this,catalog-promoted,Can you change this?,content-draft/viet/canonical-pages/catalog-promoted/food-drink/v900-food-drin-can-you-change-this.json,__page_unique__,8,7,1,0,missing unique source cards: viet-phrase-food-16
UNIQUE_SOURCE_CARD_MISSING,viet-phrase-v900-food-drin-it-is-okay-now-thank-you,catalog-promoted,"It is okay now, thank you",content-draft/viet/canonical-pages/catalog-promoted/food-drink/v900-food-drin-it-is-okay-now-thank-you.json,__page_unique__,7,6,1,0,missing unique source cards: viet-family-service-receipt
UNIQUE_SOURCE_CARD_MISSING,viet-phrase-v900-food-drin-thats-all-thank-you,catalog-promoted,"That's all, thank you.",content-draft/viet/canonical-pages/catalog-promoted/food-drink/v900-food-drin-thats-all-thank-you.json,__page_unique__,7,6,1,0,missing unique source cards: viet-family-service-receipt
UNIQUE_SOURCE_CARD_MISSING,viet-phrase-v900-prob-help-i-need-a-police-report-for-insurance,catalog-promoted,I need a police report for insurance,content-draft/viet/canonical-pages/catalog-promoted/problems-help/v900-prob-help-i-need-a-police-report-for-insurance.json,__page_unique__,9,8,1,0,missing unique source cards: viet-family-help-need-help
UNIQUE_SOURCE_CARD_MISSING,viet-phrase-v900-prob-help-please-give-me-a-copy-of-the-report,catalog-promoted,Please give me a copy of the report,content-draft/viet/canonical-pages/catalog-promoted/problems-help/v900-prob-help-please-give-me-a-copy-of-the-report.json,__page_unique__,9,8,1,0,missing unique source cards: viet-family-help-need-help
UNIQUE_SOURCE_CARD_MISSING,viet-phrase-v900-prob-help-thank-you-for-helping-me-report-this,catalog-promoted,Thank you for helping me report this,content-draft/viet/canonical-pages/catalog-promoted/problems-help/v900-prob-help-thank-you-for-helping-me-report-this.json,__page_unique__,9,8,1,0,missing unique source cards: viet-family-help-need-help
UNIQUE_SOURCE_CARD_MISSING,viet-thanks-cam-on-toi-hieu-roi,tier1,"Thanks, I understand now",content-draft/viet/canonical-pages/tier-one/directions-navigation/directions-understand-now.json,__page_unique__,8,7,5,4,missing unique source cards: viet-family-directions-how-long; viet-family-directions-turn-left; viet-family-directions-turn-right; viet-family-directions-go-straight; viet-family-v500-dire-navi-where-is-the-nearest-restroom | extra rendered cards: viet-family-repair-repeat; viet-family-repair-map; viet-thanks-cam-on-nhieu; viet-goodbye
UNIQUE_SOURCE_CARD_MISSING,viet-phrase-v900-food-drin-is-this-cooked,catalog-promoted,Is this cooked?,content-draft/viet/canonical-pages/catalog-promoted/food-drink/v900-food-drin-is-this-cooked.json,__page_unique__,8,8,1,1,missing unique source cards: viet-phrase-food-premium-too-spicy-now | extra rendered cards: viet-phrase-v900-food-drin-can-you-change-this
UNIQUE_SOURCE_CARD_MISSING,viet-phrase-hotel-9,catalog-promoted,Can you call a taxi for me?,content-draft/viet/canonical-pages/catalog-promoted/hotel-accommodation/hotel-9.json,__page_unique__,9,10,5,6,missing unique source cards: viet-family-hotel-checkout-time; viet-phrase-hotel-quiet-room; viet-family-hotel-checkout; viet-family-hotel-room-hot; viet-family-hotel-aircon-broken | extra rendered cards: viet-family-ves-call-taxi-for-me; viet-phrase-v900-tran-please-take-me-to-this-address; viet-phrase-directions-8; viet-phrase-v900-dire-navi-is-this-the-correct-pickup-point; viet-family-ves-drop-me-off-here; viet-phrase-v500-tran-please-call-the-driver
UNIQUE_SOURCE_CARD_MISSING,viet-phrase-food-premium-has-meat-in-it,catalog-promoted,This has meat in it.,content-draft/viet/canonical-pages/catalog-promoted/food-drink/food-premium-has-meat-in-it.json,__page_unique__,8,11,1,4,missing unique source cards: viet-phrase-v900-food-drin-does-this-contain-fish-sauce | extra rendered cards: viet-phrase-v500-food-drin-i-am-allergic-to-fish-sauce; viet-phrase-v500-food-drin-i-am-allergic-to-shellfish; viet-phrase-v500-food-drin-i-cannot-eat-this-because-of-an-allergy; viet-phrase-v500-food-drin-i-ordered-this-without-peanuts
UNIQUE_SOURCE_CARD_MISSING,viet-phrase-food-premium-which-dish-safe,catalog-promoted,Which dish is safest for this allergy?,content-draft/viet/canonical-pages/catalog-promoted/food-drink/food-premium-which-dish-safe.json,__page_unique__,8,11,2,5,missing unique source cards: viet-phrase-v900-food-drin-can-i-order-this-without-meat; viet-family-food-peanut-allergy | extra rendered cards: viet-phrase-v500-food-drin-i-am-allergic-to-fish-sauce; viet-phrase-v500-food-drin-i-am-allergic-to-shellfish; viet-phrase-v500-food-drin-i-cannot-eat-this-because-of-an-allergy; viet-phrase-v500-food-drin-i-ordered-this-without-peanuts; viet-phrase-v500-food-drin-please-make-it-without-peanuts
UNIQUE_SOURCE_CARD_MISSING,viet-phrase-v500-food-drin-i-cannot-eat-this-because-of-an-allergy,catalog-promoted,I cannot eat this because of an allergy,content-draft/viet/canonical-pages/catalog-promoted/food-drink/v500-food-drin-i-cannot-eat-this-because-of-an-allergy.json,__page_unique__,8,11,1,4,missing unique source cards: viet-phrase-v900-food-drin-does-this-contain-fish-sauce | extra rendered cards: viet-phrase-v500-food-drin-i-am-allergic-to-fish-sauce; viet-phrase-v500-food-drin-i-am-allergic-to-shellfish; viet-phrase-v500-food-drin-i-ordered-this-without-peanuts; viet-phrase-v500-food-drin-please-make-it-without-peanuts
UNIQUE_SOURCE_CARD_MISSING,viet-phrase-v500-food-drin-id-like-a-b-nh-m-please,catalog-promoted,"I’d like a bánh mì, please",content-draft/viet/canonical-pages/catalog-promoted/food-drink/v500-food-drin-id-like-a-b-nh-m-please.json,__page_unique__,8,11,1,4,missing unique source cards: viet-phrase-v900-food-drin-can-i-have-lime | extra rendered cards: viet-phrase-v900-food-drin-can-i-have-napkins; viet-phrase-v900-food-drin-can-i-order-half-a-portion; viet-phrase-v900-food-drin-two-of-these-please; viet-phrase-v900-food-drin-one-more-please
UNIQUE_SOURCE_CARD_MISSING,viet-phrase-v500-food-drin-id-like-a-bowl-of-ph-please,catalog-promoted,"I’d like a bowl of phở, please",content-draft/viet/canonical-pages/catalog-promoted/food-drink/v500-food-drin-id-like-a-bowl-of-ph-please.json,__page_unique__,8,11,1,4,missing unique source cards: viet-phrase-v900-food-drin-can-i-have-lime | extra rendered cards: viet-phrase-v900-food-drin-can-i-have-napkins; viet-phrase-v900-food-drin-can-i-order-half-a-portion; viet-phrase-v900-food-drin-two-of-these-please; viet-phrase-v900-food-drin-one-more-please
UNIQUE_SOURCE_CARD_MISSING,viet-phrase-v500-food-drin-no-ice-please,catalog-promoted,"No ice, please",content-draft/viet/canonical-pages/catalog-promoted/food-drink/v500-food-drin-no-ice-please.json,__page_unique__,8,11,1,4,missing unique source cards: viet-family-food-less-ice | extra rendered cards: viet-family-food-to-go; viet-family-food-pay-now; viet-family-service-receipt; viet-phrase-food-17
UNIQUE_SOURCE_CARD_MISSING,viet-phrase-v900-food-drin-a-table-for-four-please,catalog-promoted,"A table for four, please",content-draft/viet/canonical-pages/catalog-promoted/food-drink/v900-food-drin-a-table-for-four-please.json,__page_unique__,8,11,2,5,missing unique source cards: viet-phrase-v900-food-drin-can-you-clean-this-table; viet-family-food-need-table | extra rendered cards: viet-phrase-v900-food-drin-do-we-order-here-or-at-the-counter; viet-phrase-v900-food-drin-i-have-been-waiting-a-long-time; viet-phrase-v900-food-drin-what-do-you-recommend; viet-phrase-v900-food-drin-thats-all-thank-you; viet-family-food-pay-now
UNIQUE_SOURCE_CARD_MISSING,viet-phrase-v900-food-drin-a-table-for-one-please,catalog-promoted,"A table for one, please",content-draft/viet/canonical-pages/catalog-promoted/food-drink/v900-food-drin-a-table-for-one-please.json,__page_unique__,8,11,2,5,missing unique source cards: viet-phrase-v900-food-drin-can-you-clean-this-table; viet-family-food-need-table | extra rendered cards: viet-phrase-v900-food-drin-do-we-order-here-or-at-the-counter; viet-phrase-v900-food-drin-i-have-been-waiting-a-long-time; viet-phrase-v900-food-drin-what-do-you-recommend; viet-phrase-v900-food-drin-thats-all-thank-you; viet-family-food-pay-now
UNIQUE_SOURCE_CARD_MISSING,viet-phrase-v900-food-drin-can-i-have-napkins,catalog-promoted,Can I have napkins?,content-draft/viet/canonical-pages/catalog-promoted/food-drink/v900-food-drin-can-i-have-napkins.json,__page_unique__,8,11,1,4,missing unique source cards: viet-phrase-v900-food-drin-can-i-have-lime | extra rendered cards: viet-phrase-v900-food-drin-can-i-order-half-a-portion; viet-phrase-v900-food-drin-two-of-these-please; viet-phrase-v900-food-drin-one-more-please; viet-family-food-one-portion
UNIQUE_SOURCE_CARD_MISSING,viet-phrase-v900-food-drin-can-i-have-soup-on-the-side,catalog-promoted,Can I have soup on the side?,content-draft/viet/canonical-pages/catalog-promoted/food-drink/v900-food-drin-can-i-have-soup-on-the-side.json,__page_unique__,8,11,1,4,missing unique source cards: viet-phrase-v900-food-drin-can-i-have-chili-sauce | extra rendered cards: viet-phrase-v900-food-drin-can-i-order-half-a-portion; viet-phrase-v900-food-drin-two-of-these-please; viet-phrase-v900-food-drin-one-more-please; viet-family-food-one-portion
UNIQUE_SOURCE_CARD_MISSING,viet-phrase-v900-food-drin-can-we-sit-by-the-fan,catalog-promoted,Can we sit by the fan?,content-draft/viet/canonical-pages/catalog-promoted/food-drink/v900-food-drin-can-we-sit-by-the-fan.json,__page_unique__,8,11,2,5,missing unique source cards: viet-phrase-v900-food-drin-can-you-clean-this-table; viet-family-food-need-table | extra rendered cards: viet-phrase-v900-food-drin-do-we-order-here-or-at-the-counter; viet-phrase-v900-food-drin-i-have-been-waiting-a-long-time; viet-phrase-v900-food-drin-what-do-you-recommend; viet-phrase-v900-food-drin-thats-all-thank-you; viet-family-food-pay-now
UNIQUE_SOURCE_CARD_MISSING,viet-phrase-v900-food-drin-i-cannot-eat-dairy,catalog-promoted,I cannot eat dairy,content-draft/viet/canonical-pages/catalog-promoted/food-drink/v900-food-drin-i-cannot-eat-dairy.json,__page_unique__,8,11,1,4,missing unique source cards: viet-phrase-v900-food-drin-does-this-contain-fish-sauce | extra rendered cards: viet-phrase-v500-food-drin-i-am-allergic-to-fish-sauce; viet-phrase-v500-food-drin-i-am-allergic-to-shellfish; viet-phrase-v500-food-drin-i-cannot-eat-this-because-of-an-allergy; viet-phrase-v500-food-drin-i-ordered-this-without-peanuts
UNIQUE_SOURCE_CARD_MISSING,viet-phrase-v900-food-drin-i-cannot-eat-gluten,catalog-promoted,I cannot eat gluten,content-draft/viet/canonical-pages/catalog-promoted/food-drink/v900-food-drin-i-cannot-eat-gluten.json,__page_unique__,8,11,1,4,missing unique source cards: viet-phrase-v900-food-drin-does-this-contain-fish-sauce | extra rendered cards: viet-phrase-v500-food-drin-i-am-allergic-to-fish-sauce; viet-phrase-v500-food-drin-i-am-allergic-to-shellfish; viet-phrase-v500-food-drin-i-cannot-eat-this-because-of-an-allergy; viet-phrase-v500-food-drin-i-ordered-this-without-peanuts
UNIQUE_SOURCE_CARD_MISSING,viet-phrase-v900-food-drin-i-do-not-eat-seafood,catalog-promoted,I do not eat seafood,content-draft/viet/canonical-pages/catalog-promoted/food-drink/v900-food-drin-i-do-not-eat-seafood.json,__page_unique__,8,11,1,4,missing unique source cards: viet-phrase-v900-food-drin-does-this-contain-fish-sauce | extra rendered cards: viet-phrase-v500-food-drin-i-am-allergic-to-fish-sauce; viet-phrase-v500-food-drin-i-am-allergic-to-shellfish; viet-phrase-v500-food-drin-i-cannot-eat-this-because-of-an-allergy; viet-phrase-v500-food-drin-i-ordered-this-without-peanuts
UNIQUE_SOURCE_CARD_MISSING,viet-phrase-v900-food-drin-is-there-a-wait-for-a-table,catalog-promoted,Is there a wait for a table?,content-draft/viet/canonical-pages/catalog-promoted/food-drink/v900-food-drin-is-there-a-wait-for-a-table.json,__page_unique__,8,11,2,5,missing unique source cards: viet-phrase-v900-food-drin-can-you-clean-this-table; viet-family-food-need-table | extra rendered cards: viet-phrase-v900-food-drin-do-we-order-here-or-at-the-counter; viet-phrase-v900-food-drin-i-have-been-waiting-a-long-time; viet-phrase-v900-food-drin-what-do-you-recommend; viet-phrase-v900-food-drin-thats-all-thank-you; viet-family-food-pay-now
UNIQUE_SOURCE_CARD_MISSING,viet-phrase-v900-food-drin-is-this-pork-beef-or-chicken,catalog-promoted,"Is this pork, beef, or chicken?",content-draft/viet/canonical-pages/catalog-promoted/food-drink/v900-food-drin-is-this-pork-beef-or-chicken.json,__page_unique__,8,11,2,5,missing unique source cards: viet-phrase-v900-food-drin-can-i-order-this-without-meat; viet-family-food-peanut-allergy | extra rendered cards: viet-phrase-v500-food-drin-i-am-allergic-to-fish-sauce; viet-phrase-v500-food-drin-i-am-allergic-to-shellfish; viet-phrase-v500-food-drin-i-cannot-eat-this-because-of-an-allergy; viet-phrase-v500-food-drin-i-ordered-this-without-peanuts; viet-phrase-v500-food-drin-please-make-it-without-peanuts
UNIQUE_SOURCE_CARD_MISSING,viet-phrase-v900-food-drin-less-sugar-please,catalog-promoted,"Less sugar, please",content-draft/viet/canonical-pages/catalog-promoted/food-drink/v900-food-drin-less-sugar-please.json,__page_unique__,8,11,1,4,missing unique source cards: viet-family-food-less-ice | extra rendered cards: viet-family-food-to-go; viet-family-food-pay-now; viet-family-service-receipt; viet-phrase-food-17
UNIQUE_SOURCE_CARD_MISSING,viet-phrase-v900-food-drin-no-msg-please,catalog-promoted,"No MSG, please",content-draft/viet/canonical-pages/catalog-promoted/food-drink/v900-food-drin-no-msg-please.json,__page_unique__,8,11,1,4,missing unique source cards: viet-phrase-v900-food-drin-does-this-contain-fish-sauce | extra rendered cards: viet-phrase-v500-food-drin-i-am-allergic-to-fish-sauce; viet-phrase-v500-food-drin-i-am-allergic-to-shellfish; viet-phrase-v500-food-drin-i-cannot-eat-this-because-of-an-allergy; viet-phrase-v500-food-drin-i-ordered-this-without-peanuts
UNIQUE_SOURCE_CARD_MISSING,viet-phrase-v900-food-drin-no-straw-please,catalog-promoted,"No straw, please",content-draft/viet/canonical-pages/catalog-promoted/food-drink/v900-food-drin-no-straw-please.json,__page_unique__,8,11,2,5,missing unique source cards: viet-family-food-no-sugar; viet-family-food-bottled-water | extra rendered cards: viet-family-food-to-go; viet-family-food-pay-now; viet-family-service-receipt; viet-phrase-food-17; viet-phrase-v900-food-drin-thats-all-thank-you
UNIQUE_SOURCE_CARD_MISSING,viet-phrase-v900-food-drin-one-fresh-coconut-please,catalog-promoted,"One fresh coconut, please",content-draft/viet/canonical-pages/catalog-promoted/food-drink/v900-food-drin-one-fresh-coconut-please.json,__page_unique__,8,11,2,5,missing unique source cards: viet-family-food-no-sugar; viet-family-food-bottled-water | extra rendered cards: viet-family-food-to-go; viet-family-food-pay-now; viet-family-service-receipt; viet-phrase-food-17; viet-phrase-v900-food-drin-thats-all-thank-you
UNIQUE_SOURCE_CARD_MISSING,viet-phrase-v900-food-drin-one-hot-coffee-please,catalog-promoted,"One hot coffee, please",content-draft/viet/canonical-pages/catalog-promoted/food-drink/v900-food-drin-one-hot-coffee-please.json,__page_unique__,8,11,1,4,missing unique source cards: viet-phrase-v900-food-drin-one-sugarcane-juice-please | extra rendered cards: viet-phrase-v900-food-drin-no-straw-please; viet-phrase-v900-food-drin-can-i-have-a-cup-of-ice; viet-family-food-coffee-milk; viet-family-food-coffee-black
UNIQUE_SOURCE_CARD_MISSING,viet-phrase-v900-food-drin-one-iced-tea-please,catalog-promoted,"One iced tea, please",content-draft/viet/canonical-pages/catalog-promoted/food-drink/v900-food-drin-one-iced-tea-please.json,__page_unique__,8,11,2,5,missing unique source cards: viet-family-food-no-sugar; viet-family-food-bottled-water | extra rendered cards: viet-family-food-to-go; viet-family-food-pay-now; viet-family-service-receipt; viet-phrase-food-17; viet-phrase-v900-food-drin-thats-all-thank-you
UNIQUE_SOURCE_CARD_MISSING,viet-phrase-v900-food-drin-one-more-please,catalog-promoted,"One more, please",content-draft/viet/canonical-pages/catalog-promoted/food-drink/v900-food-drin-one-more-please.json,__page_unique__,8,11,1,4,missing unique source cards: viet-phrase-v900-food-drin-can-i-have-lime | extra rendered cards: viet-phrase-v900-food-drin-can-i-have-napkins; viet-phrase-v900-food-drin-can-i-order-half-a-portion; viet-phrase-v900-food-drin-two-of-these-please; viet-family-food-one-portion
UNIQUE_SOURCE_CARD_MISSING,viet-phrase-v900-food-drin-one-sugarcane-juice-please,catalog-promoted,"One sugarcane juice, please",content-draft/viet/canonical-pages/catalog-promoted/food-drink/v900-food-drin-one-sugarcane-juice-please.json,__page_unique__,8,11,2,5,missing unique source cards: viet-family-food-no-sugar; viet-family-food-bottled-water | extra rendered cards: viet-family-food-to-go; viet-family-food-pay-now; viet-family-service-receipt; viet-phrase-food-17; viet-phrase-v900-food-drin-thats-all-thank-you
UNIQUE_SOURCE_CARD_MISSING,viet-phrase-v900-food-drin-please-make-it-less-spicy,catalog-promoted,Please make it less spicy,content-draft/viet/canonical-pages/catalog-promoted/food-drink/v900-food-drin-please-make-it-less-spicy.json,__page_unique__,8,11,1,4,missing unique source cards: viet-family-food-vegetarian | extra rendered cards: viet-phrase-v900-food-drin-what-do-you-recommend; viet-phrase-v900-food-drin-what-is-not-too-spicy; viet-phrase-food-premium-too-spicy-now; viet-family-food-menu
UNIQUE_SOURCE_CARD_MISSING,viet-phrase-v900-food-drin-sauce-on-the-side-please,catalog-promoted,"Sauce on the side, please",content-draft/viet/canonical-pages/catalog-promoted/food-drink/v900-food-drin-sauce-on-the-side-please.json,__page_unique__,8,11,1,4,missing unique source cards: viet-phrase-v900-food-drin-can-i-have-chili-sauce | extra rendered cards: viet-phrase-v900-food-drin-can-i-order-half-a-portion; viet-phrase-v900-food-drin-two-of-these-please; viet-phrase-v900-food-drin-one-more-please; viet-family-food-one-portion
UNIQUE_SOURCE_CARD_MISSING,viet-phrase-v900-food-drin-two-of-these-please,catalog-promoted,"Two of these, please",content-draft/viet/canonical-pages/catalog-promoted/food-drink/v900-food-drin-two-of-these-please.json,__page_unique__,8,11,1,4,missing unique source cards: viet-phrase-v900-food-drin-can-i-have-lime | extra rendered cards: viet-phrase-v900-food-drin-can-i-have-napkins; viet-phrase-v900-food-drin-can-i-order-half-a-portion; viet-phrase-v900-food-drin-one-more-please; viet-family-food-one-portion
UNIQUE_SOURCE_CARD_MISSING,viet-phrase-v900-food-drin-what-do-you-recommend,catalog-promoted,What do you recommend?,content-draft/viet/canonical-pages/catalog-promoted/food-drink/v900-food-drin-what-do-you-recommend.json,__page_unique__,8,11,1,4,missing unique source cards: viet-phrase-v900-food-drin-do-you-have-beer | extra rendered cards: viet-phrase-v900-food-drin-ill-have-what-they-are-having; viet-phrase-v900-food-drin-two-of-these-please; viet-phrase-v900-food-drin-one-more-please; viet-family-food-menu
UNIQUE_SOURCE_CARD_MISSING,viet-phrase-v900-food-drin-id-like-it-to-go-please,catalog-promoted,"I'd like it to go, please.",content-draft/viet/canonical-pages/catalog-promoted/food-drink/v900-food-drin-id-like-it-to-go-please.json,__page_unique__,7,11,1,5,missing unique source cards: viet-family-food-pack-to-go | extra rendered cards: viet-family-service-card; viet-phrase-v900-food-drin-can-i-pay-the-bill-by-card; viet-phrase-v900-food-drin-i-think-there-is-a-mistake-on-the-bill; viet-phrase-v900-food-drin-one-more-please; viet-phrase-v900-food-drin-two-of-these-please
UNIQUE_SOURCE_CARD_MISSING,viet-phrase-v900-food-drin-please-pack-it-to-go,catalog-promoted,Please pack it to go.,content-draft/viet/canonical-pages/catalog-promoted/food-drink/v900-food-drin-please-pack-it-to-go.json,__page_unique__,7,11,1,5,missing unique source cards: viet-family-food-pack-to-go | extra rendered cards: viet-family-service-card; viet-phrase-v900-food-drin-can-i-pay-the-bill-by-card; viet-phrase-v900-food-drin-i-think-there-is-a-mistake-on-the-bill; viet-phrase-v900-food-drin-one-more-please; viet-phrase-v900-food-drin-two-of-these-please
SECTION_LAYOUT_DIFF,viet-family-emergency-ambulance,tier1,Call an ambulance,content-draft/viet/canonical-pages/tier-one/emergency-safety/emergency-ambulance.json,explore-next,8,0,8,0,source-only: viet-family-emergency-police x1; viet-family-emergency-passport x1; viet-family-emergency-not-safe x1; viet-family-emergency-emergency x1; viet-family-emergency-hospital x1
SECTION_LAYOUT_DIFF,viet-family-emergency-emergency,tier1,This is an emergency,content-draft/viet/canonical-pages/tier-one/emergency-safety/emergency-emergency.json,explore-next,8,0,8,0,source-only: viet-family-emergency-police x1; viet-family-emergency-ambulance x1; viet-family-emergency-passport x1; viet-family-emergency-not-safe x1; viet-family-emergency-hospital x1
SECTION_LAYOUT_DIFF,viet-family-emergency-hospital,tier1,Where is the nearest hospital?,content-draft/viet/canonical-pages/tier-one/emergency-safety/emergency-hospital.json,explore-next,8,0,8,0,source-only: viet-family-emergency-police x1; viet-family-emergency-ambulance x1; viet-family-emergency-passport x1; viet-family-emergency-not-safe x1; viet-family-emergency-emergency x1
SECTION_LAYOUT_DIFF,viet-family-emergency-not-safe,tier1,I feel unsafe,content-draft/viet/canonical-pages/tier-one/emergency-safety/emergency-not-safe.json,explore-next,8,0,8,0,source-only: viet-family-emergency-police x1; viet-family-emergency-ambulance x1; viet-family-emergency-passport x1; viet-family-emergency-emergency x1; viet-family-emergency-hospital x1
SECTION_LAYOUT_DIFF,viet-family-emergency-passport,tier1,I lost my passport,content-draft/viet/canonical-pages/tier-one/emergency-safety/emergency-passport.json,explore-next,8,0,8,0,source-only: viet-family-emergency-police x1; viet-family-emergency-ambulance x1; viet-family-emergency-not-safe x1; viet-family-emergency-emergency x1; viet-family-emergency-hospital x1
SECTION_LAYOUT_DIFF,viet-family-emergency-police,tier1,Call the police,content-draft/viet/canonical-pages/tier-one/emergency-safety/emergency-police.json,explore-next,8,0,8,0,source-only: viet-family-emergency-ambulance x1; viet-family-emergency-passport x1; viet-family-emergency-not-safe x1; viet-family-emergency-emergency x1; viet-family-emergency-hospital x1
SECTION_LAYOUT_DIFF,viet-family-hotel-aircon-broken,tier1,The air conditioner isn’t working,content-draft/viet/canonical-pages/tier-one/hotel-accommodation/hotel-aircon-broken.json,explore-next,8,0,8,0,source-only: viet-family-hotel-reservation x1; viet-family-hotel-check-in x1; viet-family-hotel-checkout-time x1; viet-family-hotel-checkout x1; viet-family-hotel-room-hot x1
SECTION_LAYOUT_DIFF,viet-family-hotel-check-in,tier1,I’d like to check in,content-draft/viet/canonical-pages/tier-one/hotel-accommodation/hotel-check-in.json,explore-next,8,0,8,0,source-only: viet-family-hotel-reservation x1; viet-family-hotel-checkout-time x1; viet-family-hotel-checkout x1; viet-family-hotel-room-hot x1; viet-family-hotel-aircon-broken x1
SECTION_LAYOUT_DIFF,viet-family-hotel-checkout,tier1,I’d like to check out,content-draft/viet/canonical-pages/tier-one/hotel-accommodation/hotel-checkout.json,explore-next,8,0,8,0,source-only: viet-family-hotel-reservation x1; viet-family-hotel-check-in x1; viet-family-hotel-checkout-time x1; viet-family-hotel-room-hot x1; viet-family-hotel-aircon-broken x1
SECTION_LAYOUT_DIFF,viet-family-hotel-checkout-time,tier1,What time is check-out?,content-draft/viet/canonical-pages/tier-one/hotel-accommodation/hotel-checkout-time.json,explore-next,8,0,8,0,source-only: viet-family-hotel-reservation x1; viet-family-hotel-check-in x1; viet-family-hotel-checkout x1; viet-family-hotel-room-hot x1; viet-family-hotel-aircon-broken x1
SECTION_LAYOUT_DIFF,viet-family-hotel-luggage,tier1,Please hold my luggage,content-draft/viet/canonical-pages/tier-one/hotel-accommodation/hotel-luggage.json,explore-next,8,0,8,0,source-only: viet-family-hotel-reservation x1; viet-family-hotel-check-in x1; viet-family-hotel-checkout-time x1; viet-family-hotel-checkout x1; viet-family-hotel-room-hot x1
SECTION_LAYOUT_DIFF,viet-family-hotel-more-supplies,tier1,More towels please,content-draft/viet/canonical-pages/tier-one/hotel-accommodation/hotel-more-supplies.json,explore-next,8,0,8,0,source-only: viet-family-hotel-reservation x1; viet-family-hotel-check-in x1; viet-family-hotel-checkout-time x1; viet-family-hotel-checkout x1; viet-family-hotel-room-hot x1
SECTION_LAYOUT_DIFF,viet-family-hotel-reservation,tier1,I have a reservation,content-draft/viet/canonical-pages/tier-one/hotel-accommodation/hotel-reservation.json,explore-next,8,0,8,0,source-only: viet-family-hotel-check-in x1; viet-family-hotel-checkout-time x1; viet-family-hotel-checkout x1; viet-family-hotel-room-hot x1; viet-family-hotel-aircon-broken x1
SECTION_LAYOUT_DIFF,viet-family-hotel-room-hot,tier1,This room is too hot,content-draft/viet/canonical-pages/tier-one/hotel-accommodation/hotel-room-hot.json,explore-next,8,0,8,0,source-only: viet-family-hotel-reservation x1; viet-family-hotel-check-in x1; viet-family-hotel-checkout-time x1; viet-family-hotel-checkout x1; viet-family-hotel-aircon-broken x1
SECTION_LAYOUT_DIFF,viet-family-money-another-one,tier1,Show me another one,content-draft/viet/canonical-pages/tier-one/money-numbers-prices/money-another-one.json,explore-next,8,0,8,0,source-only: viet-family-money-how-much x1; viet-family-money-per-kilo x1; viet-family-money-too-expensive x1; viet-family-money-lower-price x1; viet-family-money-final-price x1
SECTION_LAYOUT_DIFF,viet-family-money-final-price,tier1,What’s your final price?,content-draft/viet/canonical-pages/tier-one/money-numbers-prices/money-final-price.json,explore-next,8,0,8,0,source-only: viet-family-money-how-much x1; viet-family-money-per-kilo x1; viet-family-money-too-expensive x1; viet-family-money-lower-price x1; viet-family-money-another-one x1
SECTION_LAYOUT_DIFF,viet-family-money-find-atm,tier1,Where is the nearest ATM?,content-draft/viet/canonical-pages/tier-one/money-numbers-prices/money-find-atm.json,explore-next,8,0,8,0,source-only: viet-family-money-how-much x1; viet-family-money-per-kilo x1; viet-family-money-too-expensive x1; viet-family-money-lower-price x1; viet-family-money-final-price x1
SECTION_LAYOUT_DIFF,viet-family-money-how-much,tier1,How much is this?,content-draft/viet/canonical-pages/tier-one/money-numbers-prices/money-how-much.json,explore-next,8,0,8,0,source-only: viet-family-money-per-kilo x1; viet-family-money-too-expensive x1; viet-family-money-lower-price x1; viet-family-money-final-price x1; viet-family-money-another-one x1
SECTION_LAYOUT_DIFF,viet-family-money-lower-price,tier1,Can you lower it a little?,content-draft/viet/canonical-pages/tier-one/money-numbers-prices/money-lower-price.json,explore-next,8,0,8,0,source-only: viet-family-money-how-much x1; viet-family-money-per-kilo x1; viet-family-money-too-expensive x1; viet-family-money-final-price x1; viet-family-money-another-one x1
SECTION_LAYOUT_DIFF,viet-family-money-per-kilo,tier1,How much per kilo?,content-draft/viet/canonical-pages/tier-one/money-numbers-prices/money-per-kilo.json,explore-next,8,0,8,0,source-only: viet-family-money-how-much x1; viet-family-money-too-expensive x1; viet-family-money-lower-price x1; viet-family-money-final-price x1; viet-family-money-another-one x1
SECTION_LAYOUT_DIFF,viet-family-money-take-this,tier1,I’ll take this one,content-draft/viet/canonical-pages/tier-one/money-numbers-prices/money-take-this.json,explore-next,8,0,8,0,source-only: viet-family-money-how-much x1; viet-family-money-per-kilo x1; viet-family-money-too-expensive x1; viet-family-money-lower-price x1; viet-family-money-final-price x1
SECTION_LAYOUT_DIFF,viet-family-money-too-expensive,tier1,Too expensive,content-draft/viet/canonical-pages/tier-one/money-numbers-prices/money-too-expensive.json,explore-next,8,0,8,0,source-only: viet-family-money-how-much x1; viet-family-money-per-kilo x1; viet-family-money-lower-price x1; viet-family-money-final-price x1; viet-family-money-another-one x1
SECTION_LAYOUT_DIFF,viet-family-social-first-time,tier1,This is my first time,content-draft/viet/canonical-pages/tier-one/social-small-talk/social-first-time.json,explore-next,8,0,8,0,source-only: viet-family-social-from-us x1; viet-family-social-from-uk x1; viet-family-social-like-vietnam x1; viet-family-social-food-good x1; viet-family-social-weather-hot x1
SECTION_LAYOUT_DIFF,viet-family-social-food-good,tier1,The food is so good,content-draft/viet/canonical-pages/tier-one/social-small-talk/social-food-good.json,explore-next,8,0,8,0,source-only: viet-family-social-from-us x1; viet-family-social-from-uk x1; viet-family-social-first-time x1; viet-family-social-like-vietnam x1; viet-family-social-weather-hot x1
SECTION_LAYOUT_DIFF,viet-family-social-from-uk,tier1,I’m from England,content-draft/viet/canonical-pages/tier-one/social-small-talk/social-from-uk.json,explore-next,8,0,8,0,source-only: viet-family-social-from-us x1; viet-family-social-first-time x1; viet-family-social-like-vietnam x1; viet-family-social-food-good x1; viet-family-social-weather-hot x1
SECTION_LAYOUT_DIFF,viet-family-social-from-us,tier1,I’m from the United States,content-draft/viet/canonical-pages/tier-one/social-small-talk/social-from-us.json,explore-next,8,0,8,0,source-only: viet-family-social-from-uk x1; viet-family-social-first-time x1; viet-family-social-like-vietnam x1; viet-family-social-food-good x1; viet-family-social-weather-hot x1
SECTION_LAYOUT_DIFF,viet-family-social-like-vietnam,tier1,I like Vietnam,content-draft/viet/canonical-pages/tier-one/social-small-talk/social-like-vietnam.json,explore-next,8,0,8,0,source-only: viet-family-social-from-us x1; viet-family-social-from-uk x1; viet-family-social-first-time x1; viet-family-social-food-good x1; viet-family-social-weather-hot x1
SECTION_LAYOUT_DIFF,viet-family-social-weather-hot,tier1,The weather is so hot,content-draft/viet/canonical-pages/tier-one/social-small-talk/social-weather-hot.json,explore-next,8,0,8,0,source-only: viet-family-social-from-us x1; viet-family-social-from-uk x1; viet-family-social-first-time x1; viet-family-social-like-vietnam x1; viet-family-social-food-good x1
SECTION_LAYOUT_DIFF,viet-family-transport-aircon,tier1,Please turn on the air conditioning,content-draft/viet/canonical-pages/tier-one/transport/transport-aircon.json,explore-next,8,0,8,0,source-only: viet-family-transport-destination x1; viet-family-transport-main-destination x1; viet-family-transport-stop-here x1; viet-family-transport-route x1; viet-family-transport-wait x1
SECTION_LAYOUT_DIFF,viet-family-transport-cash,tier1,I’ll pay cash,content-draft/viet/canonical-pages/tier-one/transport/transport-cash.json,explore-next,8,0,8,0,source-only: viet-family-transport-destination x1; viet-family-transport-main-destination x1; viet-family-transport-stop-here x1; viet-family-transport-route x1; viet-family-transport-aircon x1
SECTION_LAYOUT_DIFF,viet-family-transport-destination,tier1,Take me here,content-draft/viet/canonical-pages/tier-one/transport/transport-destination.json,explore-next,8,0,8,0,source-only: viet-family-transport-main-destination x1; viet-family-transport-stop-here x1; viet-family-transport-route x1; viet-family-transport-aircon x1; viet-family-transport-wait x1
SECTION_LAYOUT_DIFF,viet-family-transport-fare,tier1,How much is the fare?,content-draft/viet/canonical-pages/tier-one/transport/transport-fare.json,explore-next,8,0,8,0,source-only: viet-family-transport-destination x1; viet-family-transport-main-destination x1; viet-family-transport-stop-here x1; viet-family-transport-route x1; viet-family-transport-aircon x1
SECTION_LAYOUT_DIFF,viet-family-transport-lost,tier1,I think we are lost,content-draft/viet/canonical-pages/tier-one/transport/transport-lost.json,explore-next,8,0,8,0,source-only: viet-family-transport-destination x1; viet-family-transport-main-destination x1; viet-family-transport-stop-here x1; viet-family-transport-route x1; viet-family-transport-aircon x1
SECTION_LAYOUT_DIFF,viet-family-transport-main-destination,tier1,Go to District 1,content-draft/viet/canonical-pages/tier-one/transport/transport-main-destination.json,explore-next,8,0,8,0,source-only: viet-family-transport-destination x1; viet-family-transport-stop-here x1; viet-family-transport-route x1; viet-family-transport-aircon x1; viet-family-transport-wait x1
SECTION_LAYOUT_DIFF,viet-family-transport-meter,tier1,Please use the meter,content-draft/viet/canonical-pages/tier-one/transport/transport-meter.json,explore-next,8,0,8,0,source-only: viet-family-transport-destination x1; viet-family-transport-main-destination x1; viet-family-transport-stop-here x1; viet-family-transport-route x1; viet-family-transport-aircon x1
SECTION_LAYOUT_DIFF,viet-family-transport-route,tier1,Go this way,content-draft/viet/canonical-pages/tier-one/transport/transport-route.json,explore-next,8,0,8,0,source-only: viet-family-transport-destination x1; viet-family-transport-main-destination x1; viet-family-transport-stop-here x1; viet-family-transport-aircon x1; viet-family-transport-wait x1
SECTION_LAYOUT_DIFF,viet-family-transport-stop-here,tier1,You can stop here,content-draft/viet/canonical-pages/tier-one/transport/transport-stop-here.json,explore-next,8,0,8,0,source-only: viet-family-transport-destination x1; viet-family-transport-main-destination x1; viet-family-transport-route x1; viet-family-transport-aircon x1; viet-family-transport-wait x1
SECTION_LAYOUT_DIFF,viet-family-transport-wait,tier1,Wait for me five minutes,content-draft/viet/canonical-pages/tier-one/transport/transport-wait.json,explore-next,8,0,8,0,source-only: viet-family-transport-destination x1; viet-family-transport-main-destination x1; viet-family-transport-stop-here x1; viet-family-transport-route x1; viet-family-transport-aircon x1
SECTION_LAYOUT_DIFF,viet-family-v500-emer-safe-do-not-touch-me,tier1,Do not touch me,content-draft/viet/canonical-pages/tier-one/emergency-safety/v500-emer-safe-do-not-touch-me.json,explore-next,8,0,8,0,source-only: viet-family-emergency-police x1; viet-family-emergency-ambulance x1; viet-family-emergency-passport x1; viet-family-emergency-not-safe x1; viet-family-emergency-emergency x1
SECTION_LAYOUT_DIFF,viet-family-v500-emer-safe-i-am-injured,tier1,I am injured,content-draft/viet/canonical-pages/tier-one/emergency-safety/v500-emer-safe-i-am-injured.json,explore-next,8,0,8,0,source-only: viet-family-emergency-police x1; viet-family-emergency-ambulance x1; viet-family-emergency-passport x1; viet-family-emergency-not-safe x1; viet-family-emergency-emergency x1
SECTION_LAYOUT_DIFF,viet-family-v500-emer-safe-i-cannot-move,tier1,I cannot move,content-draft/viet/canonical-pages/tier-one/emergency-safety/v500-emer-safe-i-cannot-move.json,explore-next,8,0,8,0,source-only: viet-family-emergency-police x1; viet-family-emergency-ambulance x1; viet-family-emergency-passport x1; viet-family-emergency-not-safe x1; viet-family-emergency-emergency x1
SECTION_LAYOUT_DIFF,viet-family-v500-hote-acco-the-door-does-not-lock,tier1,The door does not lock,content-draft/viet/canonical-pages/tier-one/hotel-accommodation/v500-hote-acco-the-door-does-not-lock.json,explore-next,8,0,8,0,source-only: viet-family-hotel-reservation x1; viet-family-hotel-check-in x1; viet-family-hotel-checkout-time x1; viet-family-hotel-checkout x1; viet-family-hotel-room-hot x1
SECTION_LAYOUT_DIFF,viet-family-v500-mone-numb-pric-the-atm-kept-my-card,tier1,The ATM kept my card,content-draft/viet/canonical-pages/tier-one/money-numbers-prices/v500-mone-numb-pric-the-atm-kept-my-card.json,explore-next,8,0,8,0,source-only: viet-family-money-how-much x1; viet-family-money-per-kilo x1; viet-family-money-too-expensive x1; viet-family-money-lower-price x1; viet-family-money-final-price x1
SECTION_LAYOUT_DIFF,viet-family-airport-bag-missing,tier1,My bag did not arrive,content-draft/viet/canonical-pages/tier-one/airport-border-arrival/airport-bag-missing.json,explore-next,7,0,7,0,source-only: viet-family-airport-immigration x1; viet-family-airport-baggage x1; viet-family-airport-sim x1; viet-family-airport-pickup x1; viet-family-v500-airp-bord-arri-here-is-my-visa x1
SECTION_LAYOUT_DIFF,viet-family-airport-baggage,tier1,Where is baggage claim?,content-draft/viet/canonical-pages/tier-one/airport-border-arrival/airport-baggage.json,explore-next,7,0,7,0,source-only: viet-family-airport-immigration x1; viet-family-airport-sim x1; viet-family-airport-pickup x1; viet-family-airport-bag-missing x1; viet-family-v500-airp-bord-arri-here-is-my-visa x1
SECTION_LAYOUT_DIFF,viet-family-airport-immigration,tier1,Where is immigration?,content-draft/viet/canonical-pages/tier-one/airport-border-arrival/airport-immigration.json,explore-next,7,0,7,0,source-only: viet-family-airport-baggage x1; viet-family-airport-sim x1; viet-family-airport-pickup x1; viet-family-airport-bag-missing x1; viet-family-v500-airp-bord-arri-here-is-my-visa x1
SECTION_LAYOUT_DIFF,viet-family-airport-pickup,tier1,Where is the pickup area?,content-draft/viet/canonical-pages/tier-one/airport-border-arrival/airport-pickup.json,explore-next,7,0,7,0,source-only: viet-family-airport-immigration x1; viet-family-airport-baggage x1; viet-family-airport-sim x1; viet-family-airport-bag-missing x1; viet-family-v500-airp-bord-arri-here-is-my-visa x1
SECTION_LAYOUT_DIFF,viet-family-airport-sim,tier1,Where can I buy a SIM card?,content-draft/viet/canonical-pages/tier-one/airport-border-arrival/airport-sim.json,explore-next,7,0,7,0,source-only: viet-family-airport-immigration x1; viet-family-airport-baggage x1; viet-family-airport-pickup x1; viet-family-airport-bag-missing x1; viet-family-v500-airp-bord-arri-here-is-my-visa x1
SECTION_LAYOUT_DIFF,viet-family-directions-go-straight,tier1,Should I go straight?,content-draft/viet/canonical-pages/tier-one/directions-navigation/directions-go-straight.json,explore-next,7,0,7,0,source-only: viet-family-directions-how-to-get x1; viet-family-directions-near x1; viet-family-directions-how-long x1; viet-family-directions-turn-left x1; viet-family-directions-turn-right x1
SECTION_LAYOUT_DIFF,viet-family-directions-how-long,tier1,How long does it take on foot?,content-draft/viet/canonical-pages/tier-one/directions-navigation/directions-how-long.json,explore-next,7,0,7,0,source-only: viet-family-directions-how-to-get x1; viet-family-directions-near x1; viet-family-directions-turn-left x1; viet-family-directions-turn-right x1; viet-family-directions-go-straight x1
SECTION_LAYOUT_DIFF,viet-family-directions-how-to-get,tier1,"Excuse me, how do I get there?",content-draft/viet/canonical-pages/tier-one/directions-navigation/directions-how-to-get.json,explore-next,7,0,7,0,source-only: viet-family-directions-near x1; viet-family-directions-how-long x1; viet-family-directions-turn-left x1; viet-family-directions-turn-right x1; viet-family-directions-go-straight x1
SECTION_LAYOUT_DIFF,viet-family-directions-near,tier1,Is it near here?,content-draft/viet/canonical-pages/tier-one/directions-navigation/directions-near.json,explore-next,7,0,7,0,source-only: viet-family-directions-how-to-get x1; viet-family-directions-how-long x1; viet-family-directions-turn-left x1; viet-family-directions-turn-right x1; viet-family-directions-go-straight x1
SECTION_LAYOUT_DIFF,viet-family-directions-turn-left,tier1,Where do I turn left?,content-draft/viet/canonical-pages/tier-one/directions-navigation/directions-turn-left.json,explore-next,7,0,7,0,source-only: viet-family-directions-how-to-get x1; viet-family-directions-near x1; viet-family-directions-how-long x1; viet-family-directions-turn-right x1; viet-family-directions-go-straight x1
SECTION_LAYOUT_DIFF,viet-family-directions-turn-right,tier1,Should I turn right?,content-draft/viet/canonical-pages/tier-one/directions-navigation/directions-turn-right.json,explore-next,7,0,7,0,source-only: viet-family-directions-how-to-get x1; viet-family-directions-near x1; viet-family-directions-how-long x1; viet-family-directions-turn-left x1; viet-family-directions-go-straight x1
SECTION_LAYOUT_DIFF,viet-family-health-allergy,tier1,I am allergic to this,content-draft/viet/canonical-pages/tier-one/health-pharmacy/health-allergy.json,explore-next,7,0,7,0,source-only: viet-family-health-doctor x1; viet-family-health-pharmacy x1; viet-family-health-headache x1; viet-family-health-stomach x1; viet-family-health-motion-sickness x1
SECTION_LAYOUT_DIFF,viet-family-health-diarrhea,tier1,I need something for diarrhea,content-draft/viet/canonical-pages/tier-one/health-pharmacy/health-diarrhea.json,explore-next,7,0,7,0,source-only: viet-family-health-doctor x1; viet-family-health-pharmacy x1; viet-family-health-headache x1; viet-family-health-stomach x1; viet-family-health-motion-sickness x1
SECTION_LAYOUT_DIFF,viet-family-health-doctor,tier1,I need a doctor,content-draft/viet/canonical-pages/tier-one/health-pharmacy/health-doctor.json,explore-next,7,0,7,0,source-only: viet-family-health-pharmacy x1; viet-family-health-headache x1; viet-family-health-stomach x1; viet-family-health-motion-sickness x1; viet-family-health-allergy x1
SECTION_LAYOUT_DIFF,viet-family-health-headache,tier1,I have a headache,content-draft/viet/canonical-pages/tier-one/health-pharmacy/health-headache.json,explore-next,7,0,7,0,source-only: viet-family-health-doctor x1; viet-family-health-pharmacy x1; viet-family-health-stomach x1; viet-family-health-motion-sickness x1; viet-family-health-allergy x1
SECTION_LAYOUT_DIFF,viet-family-health-motion-sickness,tier1,Do you have motion sickness medicine?,content-draft/viet/canonical-pages/tier-one/health-pharmacy/health-motion-sickness.json,explore-next,7,0,7,0,source-only: viet-family-health-doctor x1; viet-family-health-pharmacy x1; viet-family-health-headache x1; viet-family-health-stomach x1; viet-family-health-allergy x1
SECTION_LAYOUT_DIFF,viet-family-health-pharmacy,tier1,Where is the nearest pharmacy?,content-draft/viet/canonical-pages/tier-one/health-pharmacy/health-pharmacy.json,explore-next,7,0,7,0,source-only: viet-family-health-doctor x1; viet-family-health-headache x1; viet-family-health-stomach x1; viet-family-health-motion-sickness x1; viet-family-health-allergy x1
SECTION_LAYOUT_DIFF,viet-family-health-stomach,tier1,My stomach hurts,content-draft/viet/canonical-pages/tier-one/health-pharmacy/health-stomach.json,explore-next,7,0,7,0,source-only: viet-family-health-doctor x1; viet-family-health-pharmacy x1; viet-family-health-headache x1; viet-family-health-motion-sickness x1; viet-family-health-allergy x1
SECTION_LAYOUT_DIFF,viet-family-phone-battery-dead,tier1,My phone battery is dead,content-draft/viet/canonical-pages/tier-one/phone-internet-power/phone-battery-dead.json,explore-next,7,0,7,0,source-only: viet-family-phone-wifi-password x1; viet-family-phone-sim x1; viet-family-phone-charger x1; viet-family-phone-charge-here x1; viet-family-v500-phon-inte-powe-my-map-is-not-working x1
SECTION_LAYOUT_DIFF,viet-family-phone-charge-here,tier1,Can I charge my phone here?,content-draft/viet/canonical-pages/tier-one/phone-internet-power/phone-charge-here.json,explore-next,7,0,7,0,source-only: viet-family-phone-wifi-password x1; viet-family-phone-sim x1; viet-family-phone-battery-dead x1; viet-family-phone-charger x1; viet-family-v500-phon-inte-powe-my-map-is-not-working x1
SECTION_LAYOUT_DIFF,viet-family-phone-charger,tier1,Do you have a charger?,content-draft/viet/canonical-pages/tier-one/phone-internet-power/phone-charger.json,explore-next,7,0,7,0,source-only: viet-family-phone-wifi-password x1; viet-family-phone-sim x1; viet-family-phone-battery-dead x1; viet-family-phone-charge-here x1; viet-family-v500-phon-inte-powe-my-map-is-not-working x1
SECTION_LAYOUT_DIFF,viet-family-phone-sim,tier1,Do you sell SIM cards?,content-draft/viet/canonical-pages/tier-one/phone-internet-power/phone-sim.json,explore-next,7,0,7,0,source-only: viet-family-phone-wifi-password x1; viet-family-phone-battery-dead x1; viet-family-phone-charger x1; viet-family-phone-charge-here x1; viet-family-v500-phon-inte-powe-my-map-is-not-working x1
SECTION_LAYOUT_DIFF,viet-family-phone-wifi-password,tier1,What is the Wi-Fi password?,content-draft/viet/canonical-pages/tier-one/phone-internet-power/phone-wifi-password.json,explore-next,7,0,7,0,source-only: viet-family-phone-sim x1; viet-family-phone-battery-dead x1; viet-family-phone-charger x1; viet-family-phone-charge-here x1; viet-family-v500-phon-inte-powe-my-map-is-not-working x1
SECTION_LAYOUT_DIFF,viet-family-repair-english-help,tier1,Do you speak English?,content-draft/viet/canonical-pages/tier-one/understanding-repair/repair-english-help.json,explore-next,7,0,7,0,source-only: viet-family-repair-understand x1; viet-family-repair-slower x1; viet-family-repair-repeat x1; viet-family-repair-write-down x1; viet-family-repair-meaning x1
SECTION_LAYOUT_DIFF,viet-family-repair-meaning,tier1,What does that mean?,content-draft/viet/canonical-pages/tier-one/understanding-repair/repair-meaning.json,explore-next,7,0,7,0,source-only: viet-family-repair-understand x1; viet-family-repair-slower x1; viet-family-repair-repeat x1; viet-family-repair-write-down x1; viet-family-repair-number x1
SECTION_LAYOUT_DIFF,viet-family-repair-number,tier1,Please say the number again,content-draft/viet/canonical-pages/tier-one/understanding-repair/repair-number.json,explore-next,7,0,7,0,source-only: viet-family-repair-understand x1; viet-family-repair-slower x1; viet-family-repair-repeat x1; viet-family-repair-write-down x1; viet-family-repair-meaning x1
SECTION_LAYOUT_DIFF,viet-family-repair-repeat,tier1,Please say that again,content-draft/viet/canonical-pages/tier-one/understanding-repair/repair-repeat.json,explore-next,7,0,7,0,source-only: viet-family-repair-understand x1; viet-family-repair-slower x1; viet-family-repair-write-down x1; viet-family-repair-meaning x1; viet-family-repair-number x1
SECTION_LAYOUT_DIFF,viet-family-repair-slower,tier1,Can you speak a little slower?,content-draft/viet/canonical-pages/tier-one/understanding-repair/repair-slower.json,explore-next,7,0,7,0,source-only: viet-family-repair-understand x1; viet-family-repair-repeat x1; viet-family-repair-write-down x1; viet-family-repair-meaning x1; viet-family-repair-number x1
SECTION_LAYOUT_DIFF,viet-family-repair-understand,tier1,I don’t understand,content-draft/viet/canonical-pages/tier-one/understanding-repair/repair-understand.json,explore-next,7,0,7,0,source-only: viet-family-repair-slower x1; viet-family-repair-repeat x1; viet-family-repair-write-down x1; viet-family-repair-meaning x1; viet-family-repair-number x1
SECTION_LAYOUT_DIFF,viet-family-repair-write-down,tier1,Please write it down,content-draft/viet/canonical-pages/tier-one/understanding-repair/repair-write-down.json,explore-next,7,0,7,0,source-only: viet-family-repair-understand x1; viet-family-repair-slower x1; viet-family-repair-repeat x1; viet-family-repair-meaning x1; viet-family-repair-number x1
SECTION_LAYOUT_DIFF,viet-family-service-bag,tier1,Do you have a bag?,content-draft/viet/canonical-pages/tier-one/local-services-everyday-tasks/service-bag.json,explore-next,7,0,7,0,source-only: viet-family-service-water x1; viet-family-service-tissues x1; viet-family-service-sunscreen x1; viet-family-service-open-this x1; viet-family-service-card x1
SECTION_LAYOUT_DIFF,viet-family-service-card,tier1,Can I pay by card?,content-draft/viet/canonical-pages/tier-one/local-services-everyday-tasks/service-card.json,explore-next,7,0,7,0,source-only: viet-family-service-water x1; viet-family-service-bag x1; viet-family-service-tissues x1; viet-family-service-sunscreen x1; viet-family-service-open-this x1
SECTION_LAYOUT_DIFF,viet-family-service-open-this,tier1,Please open this for me,content-draft/viet/canonical-pages/tier-one/local-services-everyday-tasks/service-open-this.json,explore-next,7,0,7,0,source-only: viet-family-service-water x1; viet-family-service-bag x1; viet-family-service-tissues x1; viet-family-service-sunscreen x1; viet-family-service-card x1
SECTION_LAYOUT_DIFF,viet-family-service-receipt,tier1,Please give me the receipt,content-draft/viet/canonical-pages/tier-one/local-services-everyday-tasks/service-receipt.json,explore-next,7,0,7,0,source-only: viet-family-service-water x1; viet-family-service-bag x1; viet-family-service-tissues x1; viet-family-service-sunscreen x1; viet-family-service-open-this x1
SECTION_LAYOUT_DIFF,viet-family-service-sunscreen,tier1,Where is the sunscreen?,content-draft/viet/canonical-pages/tier-one/local-services-everyday-tasks/service-sunscreen.json,explore-next,7,0,7,0,source-only: viet-family-service-water x1; viet-family-service-bag x1; viet-family-service-tissues x1; viet-family-service-open-this x1; viet-family-service-card x1
SECTION_LAYOUT_DIFF,viet-family-service-tissues,tier1,Tissues please,content-draft/viet/canonical-pages/tier-one/local-services-everyday-tasks/service-tissues.json,explore-next,7,0,7,0,source-only: viet-family-service-water x1; viet-family-service-bag x1; viet-family-service-sunscreen x1; viet-family-service-open-this x1; viet-family-service-card x1
SECTION_LAYOUT_DIFF,viet-family-service-water,tier1,A bottle of water please,content-draft/viet/canonical-pages/tier-one/local-services-everyday-tasks/service-water.json,explore-next,7,0,7,0,source-only: viet-family-service-bag x1; viet-family-service-tissues x1; viet-family-service-sunscreen x1; viet-family-service-open-this x1; viet-family-service-card x1
SECTION_LAYOUT_DIFF,viet-family-v500-airp-bord-arri-here-is-my-passport,tier1,Here is my passport,content-draft/viet/canonical-pages/tier-one/airport-border-arrival/v500-airp-bord-arri-here-is-my-passport.json,explore-next,7,0,7,0,source-only: viet-family-airport-immigration x1; viet-family-airport-baggage x1; viet-family-airport-sim x1; viet-family-airport-pickup x1; viet-family-airport-bag-missing x1
SECTION_LAYOUT_DIFF,viet-family-v500-airp-bord-arri-here-is-my-visa,tier1,Here is my visa,content-draft/viet/canonical-pages/tier-one/airport-border-arrival/v500-airp-bord-arri-here-is-my-visa.json,explore-next,7,0,7,0,source-only: viet-family-airport-immigration x1; viet-family-airport-baggage x1; viet-family-airport-sim x1; viet-family-airport-pickup x1; viet-family-airport-bag-missing x1
SECTION_LAYOUT_DIFF,viet-family-v500-airp-bord-arri-where-is-the-atm,tier1,Where is the ATM?,content-draft/viet/canonical-pages/tier-one/airport-border-arrival/v500-airp-bord-arri-where-is-the-atm.json,explore-next,7,0,7,0,source-only: viet-family-airport-immigration x1; viet-family-airport-baggage x1; viet-family-airport-sim x1; viet-family-airport-pickup x1; viet-family-airport-bag-missing x1
SECTION_LAYOUT_DIFF,viet-family-v500-dire-navi-where-is-the-nearest-restroom,tier1,Where is the nearest restroom?,content-draft/viet/canonical-pages/tier-one/directions-navigation/v500-dire-navi-where-is-the-nearest-restroom.json,explore-next,7,0,7,0,source-only: viet-family-directions-how-to-get x1; viet-family-directions-near x1; viet-family-directions-how-long x1; viet-family-directions-turn-left x1; viet-family-directions-turn-right x1
SECTION_LAYOUT_DIFF,viet-family-v500-heal-phar-i-feel-dizzy,tier1,I feel dizzy,content-draft/viet/canonical-pages/tier-one/health-pharmacy/v500-heal-phar-i-feel-dizzy.json,explore-next,7,0,7,0,source-only: viet-family-health-doctor x1; viet-family-health-pharmacy x1; viet-family-health-headache x1; viet-family-health-stomach x1; viet-family-health-motion-sickness x1
SECTION_LAYOUT_DIFF,viet-family-v500-loca-serv-ever-task-where-can-i-buy-water,tier1,Where can I buy water?,content-draft/viet/canonical-pages/tier-one/local-services-everyday-tasks/v500-loca-serv-ever-task-where-can-i-buy-water.json,explore-next,7,0,7,0,source-only: viet-family-service-water x1; viet-family-service-bag x1; viet-family-service-tissues x1; viet-family-service-sunscreen x1; viet-family-service-open-this x1
SECTION_LAYOUT_DIFF,viet-family-v500-phon-inte-powe-i-need-an-esim,tier1,I need an eSIM,content-draft/viet/canonical-pages/tier-one/phone-internet-power/v500-phon-inte-powe-i-need-an-esim.json,explore-next,7,0,7,0,source-only: viet-family-phone-wifi-password x1; viet-family-phone-sim x1; viet-family-phone-battery-dead x1; viet-family-phone-charger x1; viet-family-phone-charge-here x1
SECTION_LAYOUT_DIFF,viet-family-v500-phon-inte-powe-my-map-is-not-working,tier1,My map is not working,content-draft/viet/canonical-pages/tier-one/phone-internet-power/v500-phon-inte-powe-my-map-is-not-working.json,explore-next,7,0,7,0,source-only: viet-family-phone-wifi-password x1; viet-family-phone-sim x1; viet-family-phone-battery-dead x1; viet-family-phone-charger x1; viet-family-phone-charge-here x1
SECTION_LAYOUT_DIFF,viet-family-v500-phon-inte-powe-where-can-i-get-a-local-sim-card,tier1,Where can I get a local SIM card?,content-draft/viet/canonical-pages/tier-one/phone-internet-power/v500-phon-inte-powe-where-can-i-get-a-local-sim-card.json,explore-next,7,0,7,0,source-only: viet-family-phone-wifi-password x1; viet-family-phone-sim x1; viet-family-phone-battery-dead x1; viet-family-phone-charger x1; viet-family-phone-charge-here x1
SECTION_LAYOUT_DIFF,viet-family-v500-unde-repa-please-say-it-slowly,tier1,Please say it slowly,content-draft/viet/canonical-pages/tier-one/understanding-repair/v500-unde-repa-please-say-it-slowly.json,explore-next,7,0,7,0,source-only: viet-family-repair-understand x1; viet-family-repair-slower x1; viet-family-repair-repeat x1; viet-family-repair-write-down x1; viet-family-repair-meaning x1
SECTION_LAYOUT_DIFF,viet-polite-hello,tier1,Hello,content-draft/viet/canonical-pages/tier-one/polite-basics/polite-hello.json,local-greetings,7,0,7,0,source-only: xin-chao-anh x1; xin-chao-chi x1; xin-chao-em x1; xin-chao-ong x1; xin-chao-ba x1
SECTION_LAYOUT_DIFF,viet-family-shopping-color,tier1,Do you have another color?,content-draft/viet/canonical-pages/tier-one/shopping/shopping-color.json,explore-next,6,0,6,0,source-only: viet-family-shopping-size x1; viet-family-shopping-try-on x1; viet-family-shopping-just-looking x1; viet-family-shopping-pay-where x1; viet-family-v500-shop-how-much-is-this-item x1
SECTION_LAYOUT_DIFF,viet-family-shopping-just-looking,tier1,I’m just looking,content-draft/viet/canonical-pages/tier-one/shopping/shopping-just-looking.json,explore-next,6,0,6,0,source-only: viet-family-shopping-size x1; viet-family-shopping-color x1; viet-family-shopping-try-on x1; viet-family-shopping-pay-where x1; viet-family-v500-shop-how-much-is-this-item x1
SECTION_LAYOUT_DIFF,viet-family-shopping-pay-where,tier1,Where do I pay?,content-draft/viet/canonical-pages/tier-one/shopping/shopping-pay-where.json,explore-next,6,0,6,0,source-only: viet-family-shopping-size x1; viet-family-shopping-color x1; viet-family-shopping-try-on x1; viet-family-shopping-just-looking x1; viet-family-v500-shop-how-much-is-this-item x1
SECTION_LAYOUT_DIFF,viet-family-shopping-size,tier1,I want this size,content-draft/viet/canonical-pages/tier-one/shopping/shopping-size.json,explore-next,6,0,6,0,source-only: viet-family-shopping-color x1; viet-family-shopping-try-on x1; viet-family-shopping-just-looking x1; viet-family-shopping-pay-where x1; viet-family-v500-shop-how-much-is-this-item x1
SECTION_LAYOUT_DIFF,viet-family-shopping-try-on,tier1,Can I try this on?,content-draft/viet/canonical-pages/tier-one/shopping/shopping-try-on.json,explore-next,6,0,6,0,source-only: viet-family-shopping-size x1; viet-family-shopping-color x1; viet-family-shopping-just-looking x1; viet-family-shopping-pay-where x1; viet-family-v500-shop-how-much-is-this-item x1
SECTION_LAYOUT_DIFF,viet-family-time-have-booking,tier1,I have a booking,content-draft/viet/canonical-pages/tier-one/time-dates-booking/time-have-booking.json,explore-next,6,0,6,0,source-only: viet-family-time-what-time x1; viet-family-time-today x1; viet-family-time-tomorrow-morning x1; viet-family-time-open x1; viet-family-v500-time-date-book-is-there-a-wait x1
SECTION_LAYOUT_DIFF,viet-family-time-open,tier1,What time does it open?,content-draft/viet/canonical-pages/tier-one/time-dates-booking/time-open.json,explore-next,6,0,6,0,source-only: viet-family-time-what-time x1; viet-family-time-today x1; viet-family-time-tomorrow-morning x1; viet-family-time-have-booking x1; viet-family-v500-time-date-book-is-there-a-wait x1
SECTION_LAYOUT_DIFF,viet-family-time-today,tier1,Today,content-draft/viet/canonical-pages/tier-one/time-dates-booking/time-today.json,explore-next,6,0,6,0,source-only: viet-family-time-what-time x1; viet-family-time-tomorrow-morning x1; viet-family-time-have-booking x1; viet-family-time-open x1; viet-family-v500-time-date-book-is-there-a-wait x1
SECTION_LAYOUT_DIFF,viet-family-time-tomorrow-morning,tier1,Tomorrow morning,content-draft/viet/canonical-pages/tier-one/time-dates-booking/time-tomorrow-morning.json,explore-next,6,0,6,0,source-only: viet-family-time-what-time x1; viet-family-time-today x1; viet-family-time-have-booking x1; viet-family-time-open x1; viet-family-v500-time-date-book-is-there-a-wait x1
SECTION_LAYOUT_DIFF,viet-family-time-what-time,tier1,What time?,content-draft/viet/canonical-pages/tier-one/time-dates-booking/time-what-time.json,explore-next,6,0,6,0,source-only: viet-family-time-today x1; viet-family-time-tomorrow-morning x1; viet-family-time-have-booking x1; viet-family-time-open x1; viet-family-v500-time-date-book-is-there-a-wait x1
SECTION_LAYOUT_DIFF,viet-family-v500-shop-can-you-lower-the-price,tier1,Can you lower the price?,content-draft/viet/canonical-pages/tier-one/shopping/v500-shop-can-you-lower-the-price.json,explore-next,6,0,6,0,source-only: viet-family-shopping-size x1; viet-family-shopping-color x1; viet-family-shopping-try-on x1; viet-family-shopping-just-looking x1; viet-family-shopping-pay-where x1
SECTION_LAYOUT_DIFF,viet-family-v500-shop-how-much-is-this-item,tier1,How much is this item?,content-draft/viet/canonical-pages/tier-one/shopping/v500-shop-how-much-is-this-item.json,explore-next,6,0,6,0,source-only: viet-family-shopping-size x1; viet-family-shopping-color x1; viet-family-shopping-try-on x1; viet-family-shopping-just-looking x1; viet-family-shopping-pay-where x1
SECTION_LAYOUT_DIFF,viet-family-v500-time-date-book-is-there-a-wait,tier1,Is there a wait?,content-draft/viet/canonical-pages/tier-one/time-dates-booking/v500-time-date-book-is-there-a-wait.json,explore-next,6,0,6,0,source-only: viet-family-time-what-time x1; viet-family-time-today x1; viet-family-time-tomorrow-morning x1; viet-family-time-have-booking x1; viet-family-time-open x1
SECTION_LAYOUT_DIFF,viet-family-v500-time-date-book-one-ticket-please,tier1,"One ticket, please",content-draft/viet/canonical-pages/tier-one/time-dates-booking/v500-time-date-book-one-ticket-please.json,explore-next,6,0,6,0,source-only: viet-family-time-what-time x1; viet-family-time-today x1; viet-family-time-tomorrow-morning x1; viet-family-time-have-booking x1; viet-family-time-open x1
SECTION_LAYOUT_DIFF,viet-acknowledge-da,tier1,Yes / polite acknowledgment,content-draft/viet/canonical-pages/tier-one/polite-basics/polite-acknowledge.json,explore-next,8,3,8,3,source-only: viet-hello-chao-anh x1; viet-hello-chao-chi x1; viet-hello-chao-em x1; viet-hello-chao-ong x1; viet-hello-chao-ba x1 | rendered-only: viet-da-chao-anh x1; viet-hello-da-chao-anh-chi x1; viet-thank-you x1
SECTION_LAYOUT_DIFF,viet-acknowledge-dung,tier1,Yes,content-draft/viet/canonical-pages/tier-one/polite-basics/v500-poli-basi-yes.json,explore-next,8,3,8,3,source-only: viet-hello-chao-anh x1; viet-hello-chao-chi x1; viet-hello-chao-em x1; viet-hello-chao-ong x1; viet-hello-chao-ba x1 | rendered-only: viet-thanks-cam-on-toi-hieu-roi x1; viet-thank-you x1; viet-acknowledge-khong x1
SECTION_LAYOUT_DIFF,viet-family-bathroom-paper,tier1,Do you have toilet paper?,content-draft/viet/canonical-pages/tier-one/bathroom-personal-needs/bathroom-paper.json,explore-next,5,0,5,0,source-only: viet-family-bathroom-where x1; viet-family-bathroom-use x1; viet-family-bathroom-soap x1; viet-family-bathroom-wash-hands x1; viet-family-bathroom-water x1
SECTION_LAYOUT_DIFF,viet-family-bathroom-soap,tier1,Do you have soap?,content-draft/viet/canonical-pages/tier-one/bathroom-personal-needs/bathroom-soap.json,explore-next,5,0,5,0,source-only: viet-family-bathroom-where x1; viet-family-bathroom-paper x1; viet-family-bathroom-use x1; viet-family-bathroom-wash-hands x1; viet-family-bathroom-water x1
SECTION_LAYOUT_DIFF,viet-family-bathroom-use,tier1,Can I use the bathroom?,content-draft/viet/canonical-pages/tier-one/bathroom-personal-needs/bathroom-use.json,explore-next,5,0,5,0,source-only: viet-family-bathroom-where x1; viet-family-bathroom-paper x1; viet-family-bathroom-soap x1; viet-family-bathroom-wash-hands x1; viet-family-bathroom-water x1
SECTION_LAYOUT_DIFF,viet-family-bathroom-wash-hands,tier1,Can I wash my hands here?,content-draft/viet/canonical-pages/tier-one/bathroom-personal-needs/bathroom-wash-hands.json,explore-next,5,0,5,0,source-only: viet-family-bathroom-where x1; viet-family-bathroom-paper x1; viet-family-bathroom-use x1; viet-family-bathroom-soap x1; viet-family-bathroom-water x1
SECTION_LAYOUT_DIFF,viet-family-bathroom-water,tier1,I need water,content-draft/viet/canonical-pages/tier-one/bathroom-personal-needs/bathroom-water.json,explore-next,5,0,5,0,source-only: viet-family-bathroom-where x1; viet-family-bathroom-paper x1; viet-family-bathroom-use x1; viet-family-bathroom-soap x1; viet-family-bathroom-wash-hands x1
SECTION_LAYOUT_DIFF,viet-family-bathroom-where,tier1,Where is the bathroom?,content-draft/viet/canonical-pages/tier-one/bathroom-personal-needs/bathroom-where.json,explore-next,5,0,5,0,source-only: viet-family-bathroom-paper x1; viet-family-bathroom-use x1; viet-family-bathroom-soap x1; viet-family-bathroom-wash-hands x1; viet-family-bathroom-water x1
SECTION_LAYOUT_DIFF,viet-family-help-call-hotel,tier1,Please call the hotel for me,content-draft/viet/canonical-pages/tier-one/problems-help/help-call-hotel.json,explore-next,5,0,5,0,source-only: viet-family-help-lost x1; viet-family-help-left-something x1; viet-family-help-need-help x1; viet-family-help-manager x1; viet-family-v500-prob-help-i-need-help-now x1
SECTION_LAYOUT_DIFF,viet-family-help-left-something,tier1,I left something behind,content-draft/viet/canonical-pages/tier-one/problems-help/help-left-something.json,explore-next,5,0,5,0,source-only: viet-family-help-lost x1; viet-family-help-need-help x1; viet-family-help-call-hotel x1; viet-family-help-manager x1; viet-family-v500-prob-help-i-need-help-now x1
SECTION_LAYOUT_DIFF,viet-family-help-lost,tier1,I’m lost,content-draft/viet/canonical-pages/tier-one/problems-help/help-lost.json,explore-next,5,0,5,0,source-only: viet-family-help-left-something x1; viet-family-help-need-help x1; viet-family-help-call-hotel x1; viet-family-help-manager x1; viet-family-v500-prob-help-i-need-help-now x1
SECTION_LAYOUT_DIFF,viet-family-help-manager,tier1,I need the manager,content-draft/viet/canonical-pages/tier-one/problems-help/help-manager.json,explore-next,5,0,5,0,source-only: viet-family-help-lost x1; viet-family-help-left-something x1; viet-family-help-need-help x1; viet-family-help-call-hotel x1; viet-family-v500-prob-help-i-need-help-now x1
SECTION_LAYOUT_DIFF,viet-family-help-need-help,tier1,I need help,content-draft/viet/canonical-pages/tier-one/problems-help/help-need-help.json,explore-next,5,0,5,0,source-only: viet-family-help-lost x1; viet-family-help-left-something x1; viet-family-help-call-hotel x1; viet-family-help-manager x1; viet-family-v500-prob-help-i-need-help-now x1
SECTION_LAYOUT_DIFF,viet-family-sight-close,tier1,What time does it close?,content-draft/viet/canonical-pages/tier-one/sightseeing-activities/sight-close.json,explore-next,5,0,5,0,source-only: viet-family-sight-ticket x1; viet-family-sight-start x1; viet-family-sight-photos x1; viet-family-sight-meeting-point x1; viet-family-v500-sigh-acti-i-have-a-tour-booking x1
SECTION_LAYOUT_DIFF,viet-family-sight-meeting-point,tier1,Where is the meeting point?,content-draft/viet/canonical-pages/tier-one/sightseeing-activities/sight-meeting-point.json,explore-next,5,0,5,0,source-only: viet-family-sight-ticket x1; viet-family-sight-start x1; viet-family-sight-photos x1; viet-family-sight-close x1; viet-family-v500-sigh-acti-i-have-a-tour-booking x1
SECTION_LAYOUT_DIFF,viet-family-sight-photos,tier1,Can I take photos here?,content-draft/viet/canonical-pages/tier-one/sightseeing-activities/sight-photos.json,explore-next,5,0,5,0,source-only: viet-family-sight-ticket x1; viet-family-sight-start x1; viet-family-sight-close x1; viet-family-sight-meeting-point x1; viet-family-v500-sigh-acti-i-have-a-tour-booking x1
SECTION_LAYOUT_DIFF,viet-family-sight-start,tier1,Where do we start?,content-draft/viet/canonical-pages/tier-one/sightseeing-activities/sight-start.json,explore-next,5,0,5,0,source-only: viet-family-sight-ticket x1; viet-family-sight-photos x1; viet-family-sight-close x1; viet-family-sight-meeting-point x1; viet-family-v500-sigh-acti-i-have-a-tour-booking x1
SECTION_LAYOUT_DIFF,viet-family-sight-ticket,tier1,How much is the ticket?,content-draft/viet/canonical-pages/tier-one/sightseeing-activities/sight-ticket.json,explore-next,5,0,5,0,source-only: viet-family-sight-start x1; viet-family-sight-photos x1; viet-family-sight-close x1; viet-family-sight-meeting-point x1; viet-family-v500-sigh-acti-i-have-a-tour-booking x1
SECTION_LAYOUT_DIFF,viet-family-v500-prob-help-i-need-help-now,tier1,I need help now,content-draft/viet/canonical-pages/tier-one/problems-help/v500-prob-help-i-need-help-now.json,explore-next,5,0,5,0,source-only: viet-family-help-lost x1; viet-family-help-left-something x1; viet-family-help-need-help x1; viet-family-help-call-hotel x1; viet-family-help-manager x1
SECTION_LAYOUT_DIFF,viet-family-v500-sigh-acti-i-have-a-tour-booking,tier1,I have a tour booking,content-draft/viet/canonical-pages/tier-one/sightseeing-activities/v500-sigh-acti-i-have-a-tour-booking.json,explore-next,5,0,5,0,source-only: viet-family-sight-ticket x1; viet-family-sight-start x1; viet-family-sight-photos x1; viet-family-sight-close x1; viet-family-sight-meeting-point x1
SECTION_LAYOUT_DIFF,viet-how-are-you,tier1,How are you?,content-draft/viet/canonical-pages/tier-one/social-small-talk/social-how-are-you.json,explore-next,8,3,6,1,source-only: viet-family-social-from-us x1; viet-family-social-from-uk x1; viet-family-social-first-time x1; viet-family-social-food-good x1; viet-family-social-weather-hot x1 | rendered-only: viet-thank-you x1
SECTION_LAYOUT_DIFF,viet-polite-hello,tier1,Hello,content-draft/viet/canonical-pages/tier-one/polite-basics/polite-hello.json,situational-greetings,5,0,5,0,source-only: xin-chao-friend x1; xin-chao-formal x1; xin-chao-phone x1; xin-chao-morning x1; xin-chao-afternoon x1
SECTION_LAYOUT_DIFF,viet-thanks-khong-cam-on,tier1,"No, thank you",content-draft/viet/canonical-pages/tier-one/polite-basics/polite-no-thanks.json,explore-next,8,3,8,3,source-only: viet-hello-chao-anh x1; viet-hello-chao-chi x1; viet-hello-chao-em x1; viet-hello-chao-ong x1; viet-hello-chao-ba x1 | rendered-only: viet-thank-you x1; viet-thanks-khong-co-gi x1; viet-goodbye x1
SECTION_LAYOUT_DIFF,viet-acknowledge-da,tier1,Yes / polite acknowledgment,content-draft/viet/canonical-pages/tier-one/polite-basics/polite-acknowledge.json,nearby-phrases,4,0,4,0,source-only: viet-hello-da-chao-anh-chi x1; viet-hello-alo x1; viet-hello-good-morning x1; viet-hello-good-afternoon x1
SECTION_LAYOUT_DIFF,viet-acknowledge-dung,tier1,Yes,content-draft/viet/canonical-pages/tier-one/polite-basics/v500-poli-basi-yes.json,nearby-phrases,4,0,4,0,source-only: viet-hello-da-chao-anh-chi x1; viet-hello-alo x1; viet-hello-good-morning x1; viet-hello-good-afternoon x1
SECTION_LAYOUT_DIFF,viet-thanks-cam-on-toi-hieu-roi,tier1,"Thanks, I understand now",content-draft/viet/canonical-pages/tier-one/directions-navigation/directions-understand-now.json,explore-next,7,3,6,2,source-only: viet-family-directions-how-to-get x1; viet-family-directions-how-long x1; viet-family-directions-turn-left x1; viet-family-directions-turn-right x1; viet-family-directions-go-straight x1 | rendered-only: viet-thanks-cam-on-nhieu x1; viet-goodbye x1
SECTION_LAYOUT_DIFF,viet-thanks-khong-cam-on,tier1,"No, thank you",content-draft/viet/canonical-pages/tier-one/polite-basics/polite-no-thanks.json,nearby-phrases,4,0,4,0,source-only: viet-hello-da-chao-anh-chi x1; viet-hello-alo x1; viet-hello-good-morning x1; viet-hello-good-afternoon x1
SECTION_LAYOUT_DIFF,viet-acknowledge-da,tier1,Yes / polite acknowledgment,content-draft/viet/canonical-pages/tier-one/polite-basics/polite-acknowledge.json,local-tip,3,0,3,0,source-only: viet-acknowledge-dung x1; viet-hello-chao x1; viet-hello-chao-ban x1
SECTION_LAYOUT_DIFF,viet-acknowledge-da,tier1,Yes / polite acknowledgment,content-draft/viet/canonical-pages/tier-one/polite-basics/polite-acknowledge.json,traveler-insight,3,0,3,0,source-only: viet-polite-hello x1; viet-thank-you x1; viet-thanks-khong-cam-on x1
SECTION_LAYOUT_DIFF,viet-acknowledge-da,tier1,Yes / polite acknowledgment,content-draft/viet/canonical-pages/tier-one/polite-basics/polite-acknowledge.json,when-to-use,3,0,3,0,source-only: viet-excuse-sorry x1; viet-family-polite-its-okay x1; viet-goodbye x1
SECTION_LAYOUT_DIFF,viet-acknowledge-dung,tier1,Yes,content-draft/viet/canonical-pages/tier-one/polite-basics/v500-poli-basi-yes.json,local-tip,3,0,3,0,source-only: viet-goodbye x1; viet-hello-chao x1; viet-hello-chao-ban x1
SECTION_LAYOUT_DIFF,viet-acknowledge-dung,tier1,Yes,content-draft/viet/canonical-pages/tier-one/polite-basics/v500-poli-basi-yes.json,traveler-insight,3,0,3,0,source-only: viet-polite-hello x1; viet-thank-you x1; viet-acknowledge-da x1
SECTION_LAYOUT_DIFF,viet-acknowledge-dung,tier1,Yes,content-draft/viet/canonical-pages/tier-one/polite-basics/v500-poli-basi-yes.json,when-to-use,3,0,3,0,source-only: viet-thanks-khong-cam-on x1; viet-excuse-sorry x1; viet-family-polite-its-okay x1
SECTION_LAYOUT_DIFF,viet-how-are-you,tier1,How are you?,content-draft/viet/canonical-pages/tier-one/social-small-talk/social-how-are-you.json,local-tip,3,0,3,0,source-only: viet-smalltalk-di-dau-day x1; viet-smalltalk-nice-to-meet-you x1; viet-how-are-you-anh x1
SECTION_LAYOUT_DIFF,viet-how-are-you,tier1,How are you?,content-draft/viet/canonical-pages/tier-one/social-small-talk/social-how-are-you.json,traveler-insight,3,0,3,0,source-only: viet-family-social-from-us x1; viet-family-social-from-uk x1; viet-family-social-first-time x1
SECTION_LAYOUT_DIFF,viet-how-are-you,tier1,How are you?,content-draft/viet/canonical-pages/tier-one/social-small-talk/social-how-are-you.json,when-to-use,3,0,3,0,source-only: viet-family-social-like-vietnam x1; viet-family-social-food-good x1; viet-family-social-weather-hot x1
SECTION_LAYOUT_DIFF,viet-phrase-airport-pickup-clearer,child,Where do I meet the driver?,content-draft/viet/canonical-pages/tier-one/airport-border-arrival/airport-pickup--airport-pickup-clearer.json,explore-next,6,3,3,0,source-only: viet-family-airport-pickup x1; viet-family-airport-immigration x1; viet-family-airport-baggage x1
SECTION_LAYOUT_DIFF,viet-phrase-emergency-5,child,Help!,content-draft/viet/canonical-pages/tier-one/emergency-safety/emergency-emergency--emergency-5.json,explore-next,6,3,3,0,source-only: viet-family-emergency-emergency x1; viet-family-emergency-police x1; viet-family-emergency-ambulance x1
SECTION_LAYOUT_DIFF,viet-phrase-health-1,child,Where is the pharmacy?,content-draft/viet/canonical-pages/tier-one/health-pharmacy/health-pharmacy--health-1.json,explore-next,6,3,3,0,source-only: viet-family-health-pharmacy x1; viet-family-health-doctor x1; viet-family-health-headache x1
SECTION_LAYOUT_DIFF,viet-phrase-hotel-check-in-polite,child,"I’d like to check in, please",content-draft/viet/canonical-pages/tier-one/hotel-accommodation/hotel-check-in--hotel-check-in-polite.json,explore-next,6,3,3,0,source-only: viet-family-hotel-check-in x1; viet-family-hotel-reservation x1; viet-family-hotel-checkout-time x1
SECTION_LAYOUT_DIFF,viet-phrase-hotel-more-supplies-paper,child,Can I have more toilet paper?,content-draft/viet/canonical-pages/tier-one/hotel-accommodation/hotel-more-supplies--hotel-more-supplies-paper.json,explore-next,6,3,3,0,source-only: viet-family-hotel-more-supplies x1; viet-family-hotel-reservation x1; viet-family-hotel-check-in x1
SECTION_LAYOUT_DIFF,viet-phrase-money-how-much-common,child,How much is this?,content-draft/viet/canonical-pages/tier-one/money-numbers-prices/money-how-much--money-how-much-common.json,explore-next,6,3,3,0,source-only: viet-family-money-how-much x1; viet-family-money-per-kilo x1; viet-family-money-too-expensive x1
SECTION_LAYOUT_DIFF,viet-phrase-phone-wifi-common,child,What is the Wi-Fi password?,content-draft/viet/canonical-pages/tier-one/phone-internet-power/phone-wifi-password--phone-wifi-common.json,explore-next,6,3,3,0,source-only: viet-family-phone-wifi-password x1; viet-family-phone-sim x1; viet-family-phone-battery-dead x1
SECTION_LAYOUT_DIFF,viet-phrase-repair-english-help-self-limit,child,"Sorry, I don’t speak Vietnamese",content-draft/viet/canonical-pages/tier-one/understanding-repair/repair-english-help--repair-english-help-self-limit.json,explore-next,6,3,3,0,source-only: viet-family-repair-english-help x1; viet-family-repair-understand x1; viet-family-repair-slower x1
SECTION_LAYOUT_DIFF,viet-phrase-repair-number-amount,child,How much did you say?,content-draft/viet/canonical-pages/tier-one/understanding-repair/repair-number--repair-number-amount.json,explore-next,6,3,3,0,source-only: viet-family-repair-number x1; viet-family-repair-understand x1; viet-family-repair-slower x1
SECTION_LAYOUT_DIFF,viet-phrase-repair-slower-polite,child,"Could you speak a little slower, please?",content-draft/viet/canonical-pages/tier-one/understanding-repair/repair-slower--repair-slower-polite.json,explore-next,6,3,3,0,source-only: viet-family-repair-slower x1; viet-family-repair-understand x1; viet-family-repair-repeat x1
SECTION_LAYOUT_DIFF,viet-phrase-transport-stop-here-clearer,child,Please stop right here,content-draft/viet/canonical-pages/tier-one/transport/transport-stop-here--transport-stop-here-clearer.json,explore-next,6,3,3,0,source-only: viet-family-transport-stop-here x1; viet-family-transport-destination x1; viet-family-transport-main-destination x1
SECTION_LAYOUT_DIFF,viet-polite-hello,tier1,Hello,content-draft/viet/canonical-pages/tier-one/polite-basics/polite-hello.json,common-follow-ups,3,0,3,0,source-only: viet-how-are-you x1; xin-chao-where-going x1; xin-chao-nice-meet x1
SECTION_LAYOUT_DIFF,viet-thanks-cam-on-toi-hieu-roi,tier1,"Thanks, I understand now",content-draft/viet/canonical-pages/tier-one/directions-navigation/directions-understand-now.json,traveler-insight,3,0,3,0,source-only: viet-family-directions-how-to-get x1; viet-family-directions-near x1; viet-family-directions-how-long x1
SECTION_LAYOUT_DIFF,viet-thanks-cam-on-toi-hieu-roi,tier1,"Thanks, I understand now",content-draft/viet/canonical-pages/tier-one/directions-navigation/directions-understand-now.json,when-to-use,3,0,3,0,source-only: viet-family-directions-turn-left x1; viet-family-directions-turn-right x1; viet-family-directions-go-straight x1
SECTION_LAYOUT_DIFF,viet-thanks-khong-cam-on,tier1,"No, thank you",content-draft/viet/canonical-pages/tier-one/polite-basics/polite-no-thanks.json,local-tip,3,0,3,0,source-only: viet-acknowledge-dung x1; viet-hello-chao x1; viet-hello-chao-ban x1
SECTION_LAYOUT_DIFF,viet-thanks-khong-cam-on,tier1,"No, thank you",content-draft/viet/canonical-pages/tier-one/polite-basics/polite-no-thanks.json,traveler-insight,3,0,3,0,source-only: viet-polite-hello x1; viet-thank-you x1; viet-acknowledge-da x1
SECTION_LAYOUT_DIFF,viet-thanks-khong-cam-on,tier1,"No, thank you",content-draft/viet/canonical-pages/tier-one/polite-basics/polite-no-thanks.json,when-to-use,3,0,3,0,source-only: viet-excuse-sorry x1; viet-family-polite-its-okay x1; viet-goodbye x1
SECTION_LAYOUT_DIFF,viet-hello-chao-ba,catalog-promoted,Hello to an elderly woman,content-draft/viet/canonical-pages/catalog-promoted/polite-basics/hello-chao-ba.json,pronoun-swap,3,1,2,0,source-only: viet-hello-chao-ong x1; viet-hello-chao-co x1
SECTION_LAYOUT_DIFF,viet-hello-chao-chu,catalog-promoted,Hello to an uncle-age man,content-draft/viet/canonical-pages/catalog-promoted/polite-basics/hello-chao-chu.json,pronoun-swap,3,1,2,0,source-only: viet-hello-chao-co x1; viet-hello-chao-anh x1
SECTION_LAYOUT_DIFF,viet-hello-chao-co,catalog-promoted,Hello to an aunt-age woman,content-draft/viet/canonical-pages/catalog-promoted/polite-basics/hello-chao-co.json,pronoun-swap,3,1,2,0,source-only: viet-hello-chao-chu x1; viet-hello-chao-chi x1
SECTION_LAYOUT_DIFF,viet-how-are-you,tier1,How are you?,content-draft/viet/canonical-pages/tier-one/social-small-talk/social-how-are-you.json,nearby-phrases,2,0,2,0,source-only: viet-how-are-you-chi x1; viet-how-are-you-em x1
SECTION_LAYOUT_DIFF,viet-polite-hello,tier1,Hello,content-draft/viet/canonical-pages/tier-one/polite-basics/polite-hello.json,quick-say,2,0,2,0,source-only: polite-1 x1; xin-chao-casual-chao x1
SECTION_LAYOUT_DIFF,viet-acknowledge-khong,catalog-promoted,No,content-draft/viet/canonical-pages/catalog-promoted/polite-basics/acknowledge-khong.json,softer-no,3,2,1,0,source-only: viet-thanks-khong-cam-on x1
SECTION_LAYOUT_DIFF,viet-da-chao-ba,catalog-promoted,Respectful hello to an elderly woman,content-draft/viet/canonical-pages/catalog-promoted/polite-basics/acknowledge-da-chao-ba.json,relationship-swaps,3,2,1,0,source-only: viet-hello-chao-ba x1
SECTION_LAYOUT_DIFF,viet-da-chao-ong,catalog-promoted,Respectful hello to an elderly man,content-draft/viet/canonical-pages/catalog-promoted/polite-basics/acknowledge-da-chao-ong.json,relationship-swaps,3,2,1,0,source-only: viet-hello-chao-ong x1
SECTION_LAYOUT_DIFF,viet-family-bathroom-paper,tier1,Do you have toilet paper?,content-draft/viet/canonical-pages/tier-one/bathroom-personal-needs/bathroom-paper.json,local-tip,1,0,1,0,source-only: bath-2 x1
SECTION_LAYOUT_DIFF,viet-family-bathroom-soap,tier1,Do you have soap?,content-draft/viet/canonical-pages/tier-one/bathroom-personal-needs/bathroom-soap.json,local-tip,1,0,1,0,source-only: bath-3 x1
SECTION_LAYOUT_DIFF,viet-family-bathroom-use,tier1,Can I use the bathroom?,content-draft/viet/canonical-pages/tier-one/bathroom-personal-needs/bathroom-use.json,local-tip,1,0,1,0,source-only: bathroom-use x1
SECTION_LAYOUT_DIFF,viet-family-bathroom-wash-hands,tier1,Can I wash my hands here?,content-draft/viet/canonical-pages/tier-one/bathroom-personal-needs/bathroom-wash-hands.json,local-tip,1,0,1,0,source-only: bath-4 x1
SECTION_LAYOUT_DIFF,viet-family-bathroom-water,tier1,I need water,content-draft/viet/canonical-pages/tier-one/bathroom-personal-needs/bathroom-water.json,local-tip,1,0,1,0,source-only: bath-5 x1
SECTION_LAYOUT_DIFF,viet-family-bathroom-where,tier1,Where is the bathroom?,content-draft/viet/canonical-pages/tier-one/bathroom-personal-needs/bathroom-where.json,local-tip,1,0,1,0,source-only: bath-1 x1
SECTION_LAYOUT_DIFF,viet-family-help-call-hotel,tier1,Please call the hotel for me,content-draft/viet/canonical-pages/tier-one/problems-help/help-call-hotel.json,local-tip,1,0,1,0,source-only: help-2 x1
SECTION_LAYOUT_DIFF,viet-family-help-left-something,tier1,I left something behind,content-draft/viet/canonical-pages/tier-one/problems-help/help-left-something.json,local-tip,1,0,1,0,source-only: problems-4 x1
SECTION_LAYOUT_DIFF,viet-family-help-lost,tier1,I’m lost,content-draft/viet/canonical-pages/tier-one/problems-help/help-lost.json,local-tip,1,0,1,0,source-only: problems-1 x1
SECTION_LAYOUT_DIFF,viet-family-help-manager,tier1,I need the manager,content-draft/viet/canonical-pages/tier-one/problems-help/help-manager.json,local-tip,1,0,1,0,source-only: help-3 x1
SECTION_LAYOUT_DIFF,viet-family-help-need-help,tier1,I need help,content-draft/viet/canonical-pages/tier-one/problems-help/help-need-help.json,local-tip,1,0,1,0,source-only: help-need-help-direct x1
SECTION_LAYOUT_DIFF,viet-family-shopping-color,tier1,Do you have another color?,content-draft/viet/canonical-pages/tier-one/shopping/shopping-color.json,local-tip,1,0,1,0,source-only: shop-2 x1
SECTION_LAYOUT_DIFF,viet-family-shopping-just-looking,tier1,I’m just looking,content-draft/viet/canonical-pages/tier-one/shopping/shopping-just-looking.json,local-tip,1,0,1,0,source-only: shop-4 x1
SECTION_LAYOUT_DIFF,viet-family-shopping-pay-where,tier1,Where do I pay?,content-draft/viet/canonical-pages/tier-one/shopping/shopping-pay-where.json,local-tip,1,0,1,0,source-only: shop-5 x1
SECTION_LAYOUT_DIFF,viet-family-shopping-size,tier1,I want this size,content-draft/viet/canonical-pages/tier-one/shopping/shopping-size.json,local-tip,1,0,1,0,source-only: shop-1 x1
SECTION_LAYOUT_DIFF,viet-family-shopping-try-on,tier1,Can I try this on?,content-draft/viet/canonical-pages/tier-one/shopping/shopping-try-on.json,local-tip,1,0,1,0,source-only: shop-3 x1
SECTION_LAYOUT_DIFF,viet-family-sight-close,tier1,What time does it close?,content-draft/viet/canonical-pages/tier-one/sightseeing-activities/sight-close.json,local-tip,1,0,1,0,source-only: sight-4 x1
SECTION_LAYOUT_DIFF,viet-family-sight-meeting-point,tier1,Where is the meeting point?,content-draft/viet/canonical-pages/tier-one/sightseeing-activities/sight-meeting-point.json,local-tip,1,0,1,0,source-only: sight-5 x1
SECTION_LAYOUT_DIFF,viet-family-sight-photos,tier1,Can I take photos here?,content-draft/viet/canonical-pages/tier-one/sightseeing-activities/sight-photos.json,local-tip,1,0,1,0,source-only: sight-3 x1
SECTION_LAYOUT_DIFF,viet-family-sight-start,tier1,Where do we start?,content-draft/viet/canonical-pages/tier-one/sightseeing-activities/sight-start.json,local-tip,1,0,1,0,source-only: sight-2 x1
SECTION_LAYOUT_DIFF,viet-family-sight-ticket,tier1,How much is the ticket?,content-draft/viet/canonical-pages/tier-one/sightseeing-activities/sight-ticket.json,local-tip,1,0,1,0,source-only: sight-1 x1
SECTION_LAYOUT_DIFF,viet-family-time-have-booking,tier1,I have a booking,content-draft/viet/canonical-pages/tier-one/time-dates-booking/time-have-booking.json,local-tip,1,0,1,0,source-only: time-4 x1
SECTION_LAYOUT_DIFF,viet-family-time-open,tier1,What time does it open?,content-draft/viet/canonical-pages/tier-one/time-dates-booking/time-open.json,local-tip,1,0,1,0,source-only: time-5 x1
SECTION_LAYOUT_DIFF,viet-family-time-today,tier1,Today,content-draft/viet/canonical-pages/tier-one/time-dates-booking/time-today.json,local-tip,1,0,1,0,source-only: time-2 x1
SECTION_LAYOUT_DIFF,viet-family-time-tomorrow-morning,tier1,Tomorrow morning,content-draft/viet/canonical-pages/tier-one/time-dates-booking/time-tomorrow-morning.json,local-tip,1,0,1,0,source-only: time-3 x1
SECTION_LAYOUT_DIFF,viet-family-time-what-time,tier1,What time?,content-draft/viet/canonical-pages/tier-one/time-dates-booking/time-what-time.json,local-tip,1,0,1,0,source-only: time-1 x1
SECTION_LAYOUT_DIFF,viet-family-v500-prob-help-i-need-help-now,tier1,I need help now,content-draft/viet/canonical-pages/tier-one/problems-help/v500-prob-help-i-need-help-now.json,local-tip,1,0,1,0,source-only: v500-prob-help-i-need-help-now x1
SECTION_LAYOUT_DIFF,viet-family-v500-shop-can-you-lower-the-price,tier1,Can you lower the price?,content-draft/viet/canonical-pages/tier-one/shopping/v500-shop-can-you-lower-the-price.json,local-tip,1,0,1,0,source-only: v500-shop-can-you-lower-the-price x1
SECTION_LAYOUT_DIFF,viet-family-v500-shop-how-much-is-this-item,tier1,How much is this item?,content-draft/viet/canonical-pages/tier-one/shopping/v500-shop-how-much-is-this-item.json,local-tip,1,0,1,0,source-only: v500-shop-how-much-is-this-item x1
SECTION_LAYOUT_DIFF,viet-family-v500-sigh-acti-i-have-a-tour-booking,tier1,I have a tour booking,content-draft/viet/canonical-pages/tier-one/sightseeing-activities/v500-sigh-acti-i-have-a-tour-booking.json,local-tip,1,0,1,0,source-only: v500-sigh-acti-i-have-a-tour-booking x1
SECTION_LAYOUT_DIFF,viet-family-v500-time-date-book-is-there-a-wait,tier1,Is there a wait?,content-draft/viet/canonical-pages/tier-one/time-dates-booking/v500-time-date-book-is-there-a-wait.json,local-tip,1,0,1,0,source-only: v500-time-date-book-is-there-a-wait x1
SECTION_LAYOUT_DIFF,viet-family-v500-time-date-book-one-ticket-please,tier1,"One ticket, please",content-draft/viet/canonical-pages/tier-one/time-dates-booking/v500-time-date-book-one-ticket-please.json,local-tip,1,0,1,0,source-only: v500-time-date-book-one-ticket-please x1
SECTION_LAYOUT_DIFF,viet-hello-chao-ong,catalog-promoted,Hello to an elderly man,content-draft/viet/canonical-pages/catalog-promoted/polite-basics/hello-chao-ong.json,pronoun-swap,3,2,1,0,source-only: viet-hello-chao-ba x1
SECTION_LAYOUT_DIFF,viet-phrase-help-premium-print-document,catalog-promoted,I need a printed copy of this document.,content-draft/viet/canonical-pages/catalog-promoted/problems-help/help-premium-print-document.json,natural-variants,3,2,1,0,source-only: viet-family-help-need-help x1
SECTION_LAYOUT_DIFF,viet-phrase-help-premium-translate-for-me,catalog-promoted,Can you help translate for me?,content-draft/viet/canonical-pages/catalog-promoted/problems-help/help-premium-translate-for-me.json,natural-variants,3,2,1,0,source-only: viet-family-help-need-help x1
SECTION_LAYOUT_DIFF,viet-phrase-v500-food-drin-this-is-cold,catalog-promoted,This is cold,content-draft/viet/canonical-pages/catalog-promoted/food-drink/v500-food-drin-this-is-cold.json,explore-next,2,1,1,0,source-only: viet-phrase-food-16 x1
SECTION_LAYOUT_DIFF,viet-phrase-v500-prob-help-can-i-have-an-interpreter,catalog-promoted,Can I have an interpreter?,content-draft/viet/canonical-pages/catalog-promoted/problems-help/v500-prob-help-can-i-have-an-interpreter.json,natural-variants,3,2,1,0,source-only: viet-family-help-need-help x1
SECTION_LAYOUT_DIFF,viet-phrase-v500-prob-help-can-you-contact-the-driver,catalog-promoted,Can you contact the driver?,content-draft/viet/canonical-pages/catalog-promoted/problems-help/v500-prob-help-can-you-contact-the-driver.json,natural-variants,3,2,1,0,source-only: viet-family-help-need-help x1
SECTION_LAYOUT_DIFF,viet-phrase-v500-prob-help-i-have-contacted-my-embassy,catalog-promoted,I have contacted my embassy,content-draft/viet/canonical-pages/catalog-promoted/problems-help/v500-prob-help-i-have-contacted-my-embassy.json,natural-variants,3,2,1,0,source-only: viet-family-help-need-help x1
SECTION_LAYOUT_DIFF,viet-phrase-v500-prob-help-my-wallet-is-missing,catalog-promoted,My wallet is missing,content-draft/viet/canonical-pages/catalog-promoted/problems-help/v500-prob-help-my-wallet-is-missing.json,natural-variants,3,2,1,0,source-only: viet-family-help-need-help x1
SECTION_LAYOUT_DIFF,viet-phrase-v500-prob-help-please-call-my-hotel,catalog-promoted,Please call my hotel,content-draft/viet/canonical-pages/catalog-promoted/problems-help/v500-prob-help-please-call-my-hotel.json,natural-variants,3,2,1,0,source-only: viet-family-help-need-help x1
SECTION_LAYOUT_DIFF,viet-phrase-v500-prob-help-please-call-this-number,catalog-promoted,Please call this number,content-draft/viet/canonical-pages/catalog-promoted/problems-help/v500-prob-help-please-call-this-number.json,natural-variants,3,2,1,0,source-only: viet-family-help-need-help x1
SECTION_LAYOUT_DIFF,viet-phrase-v500-prob-help-please-speak-to-them-for-me,catalog-promoted,Please speak to them for me,content-draft/viet/canonical-pages/catalog-promoted/problems-help/v500-prob-help-please-speak-to-them-for-me.json,natural-variants,3,2,1,0,source-only: viet-family-help-need-help x1
SECTION_LAYOUT_DIFF,viet-phrase-v500-prob-help-someone-took-my-phone,catalog-promoted,Someone took my phone,content-draft/viet/canonical-pages/catalog-promoted/problems-help/v500-prob-help-someone-took-my-phone.json,natural-variants,3,2,1,0,source-only: viet-family-help-need-help x1
SECTION_LAYOUT_DIFF,viet-phrase-v500-prob-help-this-is-what-happened,catalog-promoted,This is what happened,content-draft/viet/canonical-pages/catalog-promoted/problems-help/v500-prob-help-this-is-what-happened.json,natural-variants,3,2,1,0,source-only: viet-family-help-need-help x1
SECTION_LAYOUT_DIFF,viet-phrase-v500-prob-help-where-is-the-nearest-embassy,catalog-promoted,Where is the nearest embassy?,content-draft/viet/canonical-pages/catalog-promoted/problems-help/v500-prob-help-where-is-the-nearest-embassy.json,natural-variants,3,2,1,0,source-only: viet-family-help-need-help x1
SECTION_LAYOUT_DIFF,viet-phrase-v900-food-drin-can-you-change-this,catalog-promoted,Can you change this?,content-draft/viet/canonical-pages/catalog-promoted/food-drink/v900-food-drin-can-you-change-this.json,explore-next,2,1,1,0,source-only: viet-phrase-food-16 x1
SECTION_LAYOUT_DIFF,viet-phrase-v900-food-drin-it-is-okay-now-thank-you,catalog-promoted,"It is okay now, thank you",content-draft/viet/canonical-pages/catalog-promoted/food-drink/v900-food-drin-it-is-okay-now-thank-you.json,explore-next,1,0,1,0,source-only: viet-family-service-receipt x1
SECTION_LAYOUT_DIFF,viet-phrase-v900-food-drin-thats-all-thank-you,catalog-promoted,"That's all, thank you.",content-draft/viet/canonical-pages/catalog-promoted/food-drink/v900-food-drin-thats-all-thank-you.json,explore-next,1,0,1,0,source-only: viet-family-service-receipt x1
SECTION_LAYOUT_DIFF,viet-phrase-v900-prob-help-i-need-a-police-report-for-insurance,catalog-promoted,I need a police report for insurance,content-draft/viet/canonical-pages/catalog-promoted/problems-help/v900-prob-help-i-need-a-police-report-for-insurance.json,natural-variants,3,2,1,0,source-only: viet-family-help-need-help x1
SECTION_LAYOUT_DIFF,viet-phrase-v900-prob-help-please-give-me-a-copy-of-the-report,catalog-promoted,Please give me a copy of the report,content-draft/viet/canonical-pages/catalog-promoted/problems-help/v900-prob-help-please-give-me-a-copy-of-the-report.json,natural-variants,3,2,1,0,source-only: viet-family-help-need-help x1
SECTION_LAYOUT_DIFF,viet-phrase-v900-prob-help-thank-you-for-helping-me-report-this,catalog-promoted,Thank you for helping me report this,content-draft/viet/canonical-pages/catalog-promoted/problems-help/v900-prob-help-thank-you-for-helping-me-report-this.json,natural-variants,3,2,1,0,source-only: viet-family-help-need-help x1
SECTION_LAYOUT_DIFF,viet-smalltalk-nice-to-meet-you,catalog-promoted,Nice to meet you,content-draft/viet/canonical-pages/catalog-promoted/social-small-talk/smalltalk-nice-to-meet-you.json,explore-next,3,2,1,0,source-only: viet-hello-chao-ban x1
SECTION_LAYOUT_DIFF,viet-thanks-cam-on-nhieu,catalog-promoted,Thank you very much,content-draft/viet/canonical-pages/catalog-promoted/polite-basics/thank-you-cam-on-nhieu.json,explore-next,3,2,1,0,source-only: viet-thanks-khong-co-gi x1
SECTION_LAYOUT_DIFF,viet-thanks-cam-on-toi-hieu-roi,tier1,"Thanks, I understand now",content-draft/viet/canonical-pages/tier-one/directions-navigation/directions-understand-now.json,local-tip,1,0,1,0,source-only: viet-family-v500-dire-navi-where-is-the-nearest-restroom x1
SECTION_LAYOUT_DIFF,viet-thanks-khong-co-gi,catalog-promoted,No problem,content-draft/viet/canonical-pages/catalog-promoted/polite-basics/thank-you-khong-co-gi.json,explore-next,3,2,1,0,source-only: viet-family-polite-its-okay x1
SECTION_LAYOUT_DIFF,viet-how-are-you,tier1,How are you?,content-draft/viet/canonical-pages/tier-one/social-small-talk/social-how-are-you.json,relationship-forms,3,3,3,3,source-only: how-are-you-anh x1; how-are-you-chi x1; how-are-you-em x1 | rendered-only: viet-how-are-you-anh x1; viet-how-are-you-chi x1; viet-how-are-you-em x1
SECTION_LAYOUT_DIFF,viet-phrase-v900-food-drin-id-like-it-to-go-please,catalog-promoted,"I'd like it to go, please.",content-draft/viet/canonical-pages/catalog-promoted/food-drink/v900-food-drin-id-like-it-to-go-please.json,when-to-use,5,5,1,1,source-only: viet-family-food-to-go x1 | rendered-only: viet-family-service-card x1
SECTION_LAYOUT_DIFF,viet-phrase-v900-food-drin-is-this-cooked,catalog-promoted,Is this cooked?,content-draft/viet/canonical-pages/catalog-promoted/food-drink/v900-food-drin-is-this-cooked.json,explore-next,2,2,1,1,source-only: viet-phrase-food-premium-too-spicy-now x1 | rendered-only: viet-phrase-v900-food-drin-can-you-change-this x1
SECTION_LAYOUT_DIFF,viet-phrase-v900-food-drin-please-pack-it-to-go,catalog-promoted,Please pack it to go.,content-draft/viet/canonical-pages/catalog-promoted/food-drink/v900-food-drin-please-pack-it-to-go.json,when-to-use,5,5,1,1,source-only: viet-family-food-to-go x1 | rendered-only: viet-family-service-card x1
SECTION_LAYOUT_DIFF,viet-phrase-hotel-9,catalog-promoted,Can you call a taxi for me?,content-draft/viet/canonical-pages/catalog-promoted/hotel-accommodation/hotel-9.json,explore-next,5,6,5,6,source-only: viet-family-hotel-checkout-time x1; viet-phrase-hotel-quiet-room x1; viet-family-hotel-checkout x1; viet-family-hotel-room-hot x1; viet-family-hotel-aircon-broken x1 | rendered-only: viet-family-ves-call-taxi-for-me x1; viet-phrase-v900-tran-please-take-me-to-this-address x1; viet-phrase-directions-8 x1; viet-phrase-v900-dire-navi-is-this-the-correct-pickup-point x1; viet-family-ves-drop-me-off-here x1
SECTION_LAYOUT_DIFF,viet-acknowledge-dung,tier1,Yes,content-draft/viet/canonical-pages/tier-one/polite-basics/v500-poli-basi-yes.json,nearby-answers,0,3,0,3,rendered-only: viet-acknowledge-da x1; viet-acknowledge-co x1; viet-acknowledge-duoc x1
SECTION_LAYOUT_DIFF,viet-phrase-food-premium-has-meat-in-it,catalog-promoted,This has meat in it.,content-draft/viet/canonical-pages/catalog-promoted/food-drink/food-premium-has-meat-in-it.json,explore-next,2,5,1,4,source-only: viet-phrase-v900-food-drin-does-this-contain-fish-sauce x1 | rendered-only: viet-phrase-v500-food-drin-i-am-allergic-to-fish-sauce x1; viet-phrase-v500-food-drin-i-am-allergic-to-shellfish x1; viet-phrase-v500-food-drin-i-cannot-eat-this-because-of-an-allergy x1; viet-phrase-v500-food-drin-i-ordered-this-without-peanuts x1
SECTION_LAYOUT_DIFF,viet-phrase-food-premium-which-dish-safe,catalog-promoted,Which dish is safest for this allergy?,content-draft/viet/canonical-pages/catalog-promoted/food-drink/food-premium-which-dish-safe.json,explore-next,2,5,2,5,source-only: viet-phrase-v900-food-drin-can-i-order-this-without-meat x1; viet-family-food-peanut-allergy x1 | rendered-only: viet-phrase-v500-food-drin-i-am-allergic-to-fish-sauce x1; viet-phrase-v500-food-drin-i-am-allergic-to-shellfish x1; viet-phrase-v500-food-drin-i-cannot-eat-this-because-of-an-allergy x1; viet-phrase-v500-food-drin-i-ordered-this-without-peanuts x1; viet-phrase-v500-food-drin-please-make-it-without-peanuts x1
SECTION_LAYOUT_DIFF,viet-phrase-v500-food-drin-i-cannot-eat-this-because-of-an-allergy,catalog-promoted,I cannot eat this because of an allergy,content-draft/viet/canonical-pages/catalog-promoted/food-drink/v500-food-drin-i-cannot-eat-this-because-of-an-allergy.json,explore-next,2,5,1,4,source-only: viet-phrase-v900-food-drin-does-this-contain-fish-sauce x1 | rendered-only: viet-phrase-v500-food-drin-i-am-allergic-to-fish-sauce x1; viet-phrase-v500-food-drin-i-am-allergic-to-shellfish x1; viet-phrase-v500-food-drin-i-ordered-this-without-peanuts x1; viet-phrase-v500-food-drin-please-make-it-without-peanuts x1
SECTION_LAYOUT_DIFF,viet-phrase-v500-food-drin-id-like-a-b-nh-m-please,catalog-promoted,"I’d like a bánh mì, please",content-draft/viet/canonical-pages/catalog-promoted/food-drink/v500-food-drin-id-like-a-b-nh-m-please.json,explore-next,2,5,1,4,source-only: viet-phrase-v900-food-drin-can-i-have-lime x1 | rendered-only: viet-phrase-v900-food-drin-can-i-have-napkins x1; viet-phrase-v900-food-drin-can-i-order-half-a-portion x1; viet-phrase-v900-food-drin-two-of-these-please x1; viet-phrase-v900-food-drin-one-more-please x1
SECTION_LAYOUT_DIFF,viet-phrase-v500-food-drin-id-like-a-bowl-of-ph-please,catalog-promoted,"I’d like a bowl of phở, please",content-draft/viet/canonical-pages/catalog-promoted/food-drink/v500-food-drin-id-like-a-bowl-of-ph-please.json,explore-next,2,5,1,4,source-only: viet-phrase-v900-food-drin-can-i-have-lime x1 | rendered-only: viet-phrase-v900-food-drin-can-i-have-napkins x1; viet-phrase-v900-food-drin-can-i-order-half-a-portion x1; viet-phrase-v900-food-drin-two-of-these-please x1; viet-phrase-v900-food-drin-one-more-please x1
SECTION_LAYOUT_DIFF,viet-phrase-v500-food-drin-no-ice-please,catalog-promoted,"No ice, please",content-draft/viet/canonical-pages/catalog-promoted/food-drink/v500-food-drin-no-ice-please.json,explore-next,2,5,1,4,source-only: viet-family-food-less-ice x1 | rendered-only: viet-family-food-to-go x1; viet-family-food-pay-now x1; viet-family-service-receipt x1; viet-phrase-food-17 x1
SECTION_LAYOUT_DIFF,viet-phrase-v900-food-drin-a-table-for-four-please,catalog-promoted,"A table for four, please",content-draft/viet/canonical-pages/catalog-promoted/food-drink/v900-food-drin-a-table-for-four-please.json,explore-next,2,5,2,5,source-only: viet-phrase-v900-food-drin-can-you-clean-this-table x1; viet-family-food-need-table x1 | rendered-only: viet-phrase-v900-food-drin-do-we-order-here-or-at-the-counter x1; viet-phrase-v900-food-drin-i-have-been-waiting-a-long-time x1; viet-phrase-v900-food-drin-what-do-you-recommend x1; viet-phrase-v900-food-drin-thats-all-thank-you x1; viet-family-food-pay-now x1
SECTION_LAYOUT_DIFF,viet-phrase-v900-food-drin-a-table-for-one-please,catalog-promoted,"A table for one, please",content-draft/viet/canonical-pages/catalog-promoted/food-drink/v900-food-drin-a-table-for-one-please.json,explore-next,2,5,2,5,source-only: viet-phrase-v900-food-drin-can-you-clean-this-table x1; viet-family-food-need-table x1 | rendered-only: viet-phrase-v900-food-drin-do-we-order-here-or-at-the-counter x1; viet-phrase-v900-food-drin-i-have-been-waiting-a-long-time x1; viet-phrase-v900-food-drin-what-do-you-recommend x1; viet-phrase-v900-food-drin-thats-all-thank-you x1; viet-family-food-pay-now x1
SECTION_LAYOUT_DIFF,viet-phrase-v900-food-drin-can-i-have-napkins,catalog-promoted,Can I have napkins?,content-draft/viet/canonical-pages/catalog-promoted/food-drink/v900-food-drin-can-i-have-napkins.json,explore-next,2,5,1,4,source-only: viet-phrase-v900-food-drin-can-i-have-lime x1 | rendered-only: viet-phrase-v900-food-drin-can-i-order-half-a-portion x1; viet-phrase-v900-food-drin-two-of-these-please x1; viet-phrase-v900-food-drin-one-more-please x1; viet-family-food-one-portion x1
SECTION_LAYOUT_DIFF,viet-phrase-v900-food-drin-can-i-have-soup-on-the-side,catalog-promoted,Can I have soup on the side?,content-draft/viet/canonical-pages/catalog-promoted/food-drink/v900-food-drin-can-i-have-soup-on-the-side.json,explore-next,2,5,1,4,source-only: viet-phrase-v900-food-drin-can-i-have-chili-sauce x1 | rendered-only: viet-phrase-v900-food-drin-can-i-order-half-a-portion x1; viet-phrase-v900-food-drin-two-of-these-please x1; viet-phrase-v900-food-drin-one-more-please x1; viet-family-food-one-portion x1
SECTION_LAYOUT_DIFF,viet-phrase-v900-food-drin-can-i-pay-the-bill-by-card,catalog-promoted,Can I pay the bill by card?,content-draft/viet/canonical-pages/catalog-promoted/food-drink/v900-food-drin-can-i-pay-the-bill-by-card.json,explore-next,2,5,0,3,rendered-only: viet-phrase-v500-mone-numb-pric-i-need-smaller-bills x1; viet-phrase-v500-mone-numb-pric-do-i-need-exact-change x1; viet-phrase-v900-tran-can-you-break-this-bill x1
SECTION_LAYOUT_DIFF,viet-phrase-v900-food-drin-can-we-sit-by-the-fan,catalog-promoted,Can we sit by the fan?,content-draft/viet/canonical-pages/catalog-promoted/food-drink/v900-food-drin-can-we-sit-by-the-fan.json,explore-next,2,5,2,5,source-only: viet-phrase-v900-food-drin-can-you-clean-this-table x1; viet-family-food-need-table x1 | rendered-only: viet-phrase-v900-food-drin-do-we-order-here-or-at-the-counter x1; viet-phrase-v900-food-drin-i-have-been-waiting-a-long-time x1; viet-phrase-v900-food-drin-what-do-you-recommend x1; viet-phrase-v900-food-drin-thats-all-thank-you x1; viet-family-food-pay-now x1
SECTION_LAYOUT_DIFF,viet-phrase-v900-food-drin-i-cannot-eat-dairy,catalog-promoted,I cannot eat dairy,content-draft/viet/canonical-pages/catalog-promoted/food-drink/v900-food-drin-i-cannot-eat-dairy.json,explore-next,2,5,1,4,source-only: viet-phrase-v900-food-drin-does-this-contain-fish-sauce x1 | rendered-only: viet-phrase-v500-food-drin-i-am-allergic-to-fish-sauce x1; viet-phrase-v500-food-drin-i-am-allergic-to-shellfish x1; viet-phrase-v500-food-drin-i-cannot-eat-this-because-of-an-allergy x1; viet-phrase-v500-food-drin-i-ordered-this-without-peanuts x1
SECTION_LAYOUT_DIFF,viet-phrase-v900-food-drin-i-cannot-eat-gluten,catalog-promoted,I cannot eat gluten,content-draft/viet/canonical-pages/catalog-promoted/food-drink/v900-food-drin-i-cannot-eat-gluten.json,explore-next,2,5,1,4,source-only: viet-phrase-v900-food-drin-does-this-contain-fish-sauce x1 | rendered-only: viet-phrase-v500-food-drin-i-am-allergic-to-fish-sauce x1; viet-phrase-v500-food-drin-i-am-allergic-to-shellfish x1; viet-phrase-v500-food-drin-i-cannot-eat-this-because-of-an-allergy x1; viet-phrase-v500-food-drin-i-ordered-this-without-peanuts x1
SECTION_LAYOUT_DIFF,viet-phrase-v900-food-drin-i-do-not-eat-seafood,catalog-promoted,I do not eat seafood,content-draft/viet/canonical-pages/catalog-promoted/food-drink/v900-food-drin-i-do-not-eat-seafood.json,explore-next,2,5,1,4,source-only: viet-phrase-v900-food-drin-does-this-contain-fish-sauce x1 | rendered-only: viet-phrase-v500-food-drin-i-am-allergic-to-fish-sauce x1; viet-phrase-v500-food-drin-i-am-allergic-to-shellfish x1; viet-phrase-v500-food-drin-i-cannot-eat-this-because-of-an-allergy x1; viet-phrase-v500-food-drin-i-ordered-this-without-peanuts x1
SECTION_LAYOUT_DIFF,viet-phrase-v900-food-drin-is-there-a-wait-for-a-table,catalog-promoted,Is there a wait for a table?,content-draft/viet/canonical-pages/catalog-promoted/food-drink/v900-food-drin-is-there-a-wait-for-a-table.json,explore-next,2,5,2,5,source-only: viet-phrase-v900-food-drin-can-you-clean-this-table x1; viet-family-food-need-table x1 | rendered-only: viet-phrase-v900-food-drin-do-we-order-here-or-at-the-counter x1; viet-phrase-v900-food-drin-i-have-been-waiting-a-long-time x1; viet-phrase-v900-food-drin-what-do-you-recommend x1; viet-phrase-v900-food-drin-thats-all-thank-you x1; viet-family-food-pay-now x1
SECTION_LAYOUT_DIFF,viet-phrase-v900-food-drin-is-this-pork-beef-or-chicken,catalog-promoted,"Is this pork, beef, or chicken?",content-draft/viet/canonical-pages/catalog-promoted/food-drink/v900-food-drin-is-this-pork-beef-or-chicken.json,explore-next,2,5,2,5,source-only: viet-phrase-v900-food-drin-can-i-order-this-without-meat x1; viet-family-food-peanut-allergy x1 | rendered-only: viet-phrase-v500-food-drin-i-am-allergic-to-fish-sauce x1; viet-phrase-v500-food-drin-i-am-allergic-to-shellfish x1; viet-phrase-v500-food-drin-i-cannot-eat-this-because-of-an-allergy x1; viet-phrase-v500-food-drin-i-ordered-this-without-peanuts x1; viet-phrase-v500-food-drin-please-make-it-without-peanuts x1
SECTION_LAYOUT_DIFF,viet-phrase-v900-food-drin-less-sugar-please,catalog-promoted,"Less sugar, please",content-draft/viet/canonical-pages/catalog-promoted/food-drink/v900-food-drin-less-sugar-please.json,explore-next,2,5,1,4,source-only: viet-family-food-less-ice x1 | rendered-only: viet-family-food-to-go x1; viet-family-food-pay-now x1; viet-family-service-receipt x1; viet-phrase-food-17 x1
SECTION_LAYOUT_DIFF,viet-phrase-v900-food-drin-no-msg-please,catalog-promoted,"No MSG, please",content-draft/viet/canonical-pages/catalog-promoted/food-drink/v900-food-drin-no-msg-please.json,explore-next,2,5,1,4,source-only: viet-phrase-v900-food-drin-does-this-contain-fish-sauce x1 | rendered-only: viet-phrase-v500-food-drin-i-am-allergic-to-fish-sauce x1; viet-phrase-v500-food-drin-i-am-allergic-to-shellfish x1; viet-phrase-v500-food-drin-i-cannot-eat-this-because-of-an-allergy x1; viet-phrase-v500-food-drin-i-ordered-this-without-peanuts x1
SECTION_LAYOUT_DIFF,viet-phrase-v900-food-drin-no-straw-please,catalog-promoted,"No straw, please",content-draft/viet/canonical-pages/catalog-promoted/food-drink/v900-food-drin-no-straw-please.json,explore-next,2,5,2,5,source-only: viet-family-food-no-sugar x1; viet-family-food-bottled-water x1 | rendered-only: viet-family-food-to-go x1; viet-family-food-pay-now x1; viet-family-service-receipt x1; viet-phrase-food-17 x1; viet-phrase-v900-food-drin-thats-all-thank-you x1
SECTION_LAYOUT_DIFF,viet-phrase-v900-food-drin-one-fresh-coconut-please,catalog-promoted,"One fresh coconut, please",content-draft/viet/canonical-pages/catalog-promoted/food-drink/v900-food-drin-one-fresh-coconut-please.json,explore-next,2,5,2,5,source-only: viet-family-food-no-sugar x1; viet-family-food-bottled-water x1 | rendered-only: viet-family-food-to-go x1; viet-family-food-pay-now x1; viet-family-service-receipt x1; viet-phrase-food-17 x1; viet-phrase-v900-food-drin-thats-all-thank-you x1
SECTION_LAYOUT_DIFF,viet-phrase-v900-food-drin-one-hot-coffee-please,catalog-promoted,"One hot coffee, please",content-draft/viet/canonical-pages/catalog-promoted/food-drink/v900-food-drin-one-hot-coffee-please.json,explore-next,2,5,1,4,source-only: viet-phrase-v900-food-drin-one-sugarcane-juice-please x1 | rendered-only: viet-phrase-v900-food-drin-no-straw-please x1; viet-phrase-v900-food-drin-can-i-have-a-cup-of-ice x1; viet-family-food-coffee-milk x1; viet-family-food-coffee-black x1
SECTION_LAYOUT_DIFF,viet-phrase-v900-food-drin-one-iced-tea-please,catalog-promoted,"One iced tea, please",content-draft/viet/canonical-pages/catalog-promoted/food-drink/v900-food-drin-one-iced-tea-please.json,explore-next,2,5,2,5,source-only: viet-family-food-no-sugar x1; viet-family-food-bottled-water x1 | rendered-only: viet-family-food-to-go x1; viet-family-food-pay-now x1; viet-family-service-receipt x1; viet-phrase-food-17 x1; viet-phrase-v900-food-drin-thats-all-thank-you x1
SECTION_LAYOUT_DIFF,viet-phrase-v900-food-drin-one-more-please,catalog-promoted,"One more, please",content-draft/viet/canonical-pages/catalog-promoted/food-drink/v900-food-drin-one-more-please.json,explore-next,2,5,1,4,source-only: viet-phrase-v900-food-drin-can-i-have-lime x1 | rendered-only: viet-phrase-v900-food-drin-can-i-have-napkins x1; viet-phrase-v900-food-drin-can-i-order-half-a-portion x1; viet-phrase-v900-food-drin-two-of-these-please x1; viet-family-food-one-portion x1
SECTION_LAYOUT_DIFF,viet-phrase-v900-food-drin-one-sugarcane-juice-please,catalog-promoted,"One sugarcane juice, please",content-draft/viet/canonical-pages/catalog-promoted/food-drink/v900-food-drin-one-sugarcane-juice-please.json,explore-next,2,5,2,5,source-only: viet-family-food-no-sugar x1; viet-family-food-bottled-water x1 | rendered-only: viet-family-food-to-go x1; viet-family-food-pay-now x1; viet-family-service-receipt x1; viet-phrase-food-17 x1; viet-phrase-v900-food-drin-thats-all-thank-you x1
SECTION_LAYOUT_DIFF,viet-phrase-v900-food-drin-please-make-it-less-spicy,catalog-promoted,Please make it less spicy,content-draft/viet/canonical-pages/catalog-promoted/food-drink/v900-food-drin-please-make-it-less-spicy.json,explore-next,2,5,1,4,source-only: viet-family-food-vegetarian x1 | rendered-only: viet-phrase-v900-food-drin-what-do-you-recommend x1; viet-phrase-v900-food-drin-what-is-not-too-spicy x1; viet-phrase-food-premium-too-spicy-now x1; viet-family-food-menu x1
SECTION_LAYOUT_DIFF,viet-phrase-v900-food-drin-sauce-on-the-side-please,catalog-promoted,"Sauce on the side, please",content-draft/viet/canonical-pages/catalog-promoted/food-drink/v900-food-drin-sauce-on-the-side-please.json,explore-next,2,5,1,4,source-only: viet-phrase-v900-food-drin-can-i-have-chili-sauce x1 | rendered-only: viet-phrase-v900-food-drin-can-i-order-half-a-portion x1; viet-phrase-v900-food-drin-two-of-these-please x1; viet-phrase-v900-food-drin-one-more-please x1; viet-family-food-one-portion x1
SECTION_LAYOUT_DIFF,viet-phrase-v900-food-drin-two-of-these-please,catalog-promoted,"Two of these, please",content-draft/viet/canonical-pages/catalog-promoted/food-drink/v900-food-drin-two-of-these-please.json,explore-next,2,5,1,4,source-only: viet-phrase-v900-food-drin-can-i-have-lime x1 | rendered-only: viet-phrase-v900-food-drin-can-i-have-napkins x1; viet-phrase-v900-food-drin-can-i-order-half-a-portion x1; viet-phrase-v900-food-drin-one-more-please x1; viet-family-food-one-portion x1
SECTION_LAYOUT_DIFF,viet-phrase-v900-food-drin-what-do-you-recommend,catalog-promoted,What do you recommend?,content-draft/viet/canonical-pages/catalog-promoted/food-drink/v900-food-drin-what-do-you-recommend.json,explore-next,2,5,1,4,source-only: viet-phrase-v900-food-drin-do-you-have-beer x1 | rendered-only: viet-phrase-v900-food-drin-ill-have-what-they-are-having x1; viet-phrase-v900-food-drin-two-of-these-please x1; viet-phrase-v900-food-drin-one-more-please x1; viet-family-food-menu x1
SECTION_LAYOUT_DIFF,viet-thanks-cam-on-toi-hieu-roi,tier1,"Thanks, I understand now",content-draft/viet/canonical-pages/tier-one/directions-navigation/directions-understand-now.json,natural-variations,0,3,0,3,rendered-only: viet-family-directions-how-to-get x1; viet-family-repair-repeat x1; viet-family-repair-map x1
SECTION_LAYOUT_DIFF,viet-thanks-khong-cam-on,tier1,"No, thank you",content-draft/viet/canonical-pages/tier-one/polite-basics/polite-no-thanks.json,natural-variations,0,3,0,3,rendered-only: viet-family-v500-mone-numb-pric-no-thanks-maybe-later x1; viet-family-v500-soci-smal-talk-no-thank-you-im-not-interested x1; viet-family-v900-shop-no-thank-you-ill-look-around-first x1
SECTION_LAYOUT_DIFF,viet-acknowledge-da,tier1,Yes / polite acknowledgment,content-draft/viet/canonical-pages/tier-one/polite-basics/polite-acknowledge.json,answer-choices,0,4,0,4,rendered-only: viet-acknowledge-co x1; viet-acknowledge-khong x1; viet-acknowledge-duoc x1; viet-acknowledge-dung x1
SECTION_LAYOUT_DIFF,viet-phrase-v900-food-drin-id-like-it-to-go-please,catalog-promoted,"I'd like it to go, please.",content-draft/viet/canonical-pages/catalog-promoted/food-drink/v900-food-drin-id-like-it-to-go-please.json,explore-next,1,5,1,5,source-only: viet-family-food-pack-to-go x1 | rendered-only: viet-phrase-v900-food-drin-can-i-pay-the-bill-by-card x1; viet-phrase-v900-food-drin-i-think-there-is-a-mistake-on-the-bill x1; viet-phrase-v900-food-drin-one-more-please x1; viet-phrase-v900-food-drin-two-of-these-please x1; viet-family-food-to-go x1
SECTION_LAYOUT_DIFF,viet-phrase-v900-food-drin-please-pack-it-to-go,catalog-promoted,Please pack it to go.,content-draft/viet/canonical-pages/catalog-promoted/food-drink/v900-food-drin-please-pack-it-to-go.json,explore-next,1,5,1,5,source-only: viet-family-food-pack-to-go x1 | rendered-only: viet-phrase-v900-food-drin-can-i-pay-the-bill-by-card x1; viet-phrase-v900-food-drin-i-think-there-is-a-mistake-on-the-bill x1; viet-phrase-v900-food-drin-one-more-please x1; viet-phrase-v900-food-drin-two-of-these-please x1; viet-family-food-to-go x1
