"normalized_text","expected_text","usage_count","suggested_audio_key","target_kinds","target_ids","source_paths","severity","release_blocking","reasons"
"43 factory coffee roaster","43 Factory Coffee Roaster","1","","phrase","city-danang-place-43-factory","native-ios/Resources/viet-phrase-catalog.json","planned","0","planned-authored-audio"
"à ố show","À Ố Show","1","","phrase","city-hcmc-place-opera-a-o-show","native-ios/Resources/viet-phrase-catalog.json","planned","0","planned-authored-audio"
"akuna","Akuna","1","","phrase","city-hcmc-place-akuna","native-ios/Resources/viet-phrase-catalog.json","planned","0","planned-authored-audio"
"ăn bún bò huế ở đâu?","Ăn bún bò Huế ở đâu?","1","","phrase","city-hue-eat-near-bun-bo-city","native-ios/Resources/viet-phrase-catalog.json","planned","0","planned-authored-audio"
"ăn cao lầu ở đâu?","Ăn cao lầu ở đâu?","1","","phrase","city-hoian-go-cao-lau-city","native-ios/Resources/viet-phrase-catalog.json","planned","0","planned-authored-audio"
"ăn gần anăn sài gòn","Ăn gần Anăn Sài Gòn","1","","phrase","city-hcmc-eat-near-anan-saigon","native-ios/Resources/viet-phrase-catalog.json","planned","0","planned-authored-audio"
"ăn gần bún bò ở chợ đông ba","Ăn gần Bún bò ở chợ Đông Ba","1","","phrase","city-hue-eat-near-dong-ba-bun-bo","native-ios/Resources/viet-phrase-catalog.json","planned","0","planned-authored-audio"
"ăn gần bún chả hương liên","Ăn gần Bún chả Hương Liên","1","","phrase","city-hanoi-eat-near-bun-cha-huong-lien","native-ios/Resources/viet-phrase-catalog.json","planned","0","planned-authored-audio"
"ăn gần chả cá thăng long","Ăn gần Chả cá Thăng Long","1","","phrase","city-hanoi-eat-near-cha-ca-thang-long","native-ios/Resources/viet-phrase-catalog.json","planned","0","planned-authored-audio"
"ăn gần chợ an cựu","Ăn gần Chợ An Cựu","1","","phrase","city-hue-eat-near-an-cuu-market","native-ios/Resources/viet-phrase-catalog.json","planned","0","planned-authored-audio"
"ăn gần chợ bến thành","Ăn gần Chợ Bến Thành","1","","phrase","city-hcmc-eat-near-ben-thanh-market","native-ios/Resources/viet-phrase-catalog.json","planned","0","planned-authored-audio"
"ăn gần chợ bình tây","Ăn gần Chợ Bình Tây","1","","phrase","city-hcmc-eat-near-binh-tay-market","native-ios/Resources/viet-phrase-catalog.json","planned","0","planned-authored-audio"
"ăn gần chợ cồn","Ăn gần Chợ Cồn","1","","phrase","city-danang-eat-near-con-market","native-ios/Resources/viet-phrase-catalog.json","planned","0","planned-authored-audio"
"ăn gần chợ đông ba","Ăn gần Chợ Đông Ba","1","","phrase","city-hue-eat-near-dong-ba-market","native-ios/Resources/viet-phrase-catalog.json","planned","0","planned-authored-audio"
"ăn gần chợ đồng xuân","Ăn gần Chợ Đồng Xuân","1","","phrase","city-hanoi-eat-near-dong-xuan-market","native-ios/Resources/viet-phrase-catalog.json","planned","0","planned-authored-audio"
"ăn gần chợ hàn","Ăn gần Chợ Hàn","1","","phrase","city-danang-eat-near-han-market","native-ios/Resources/viet-phrase-catalog.json","planned","0","planned-authored-audio"
"ăn gần chợ lớn","Ăn gần Chợ Lớn","1","","phrase","city-hcmc-eat-near-cho-lon","native-ios/Resources/viet-phrase-catalog.json","planned","0","planned-authored-audio"
"ăn gần đảo an hội","Ăn gần Đảo An Hội","1","","phrase","city-hoian-eat-near-an-hoi-island","native-ios/Resources/viet-phrase-catalog.json","planned","0","planned-authored-audio"
"ăn gần đường bạch đằng","Ăn gần Đường Bạch Đằng","1","","phrase","city-danang-eat-near-bach-dang-street","native-ios/Resources/viet-phrase-catalog.json","planned","0","planned-authored-audio"
"ăn gần đường đồng khởi","Ăn gần Đường Đồng Khởi","1","","phrase","city-hcmc-eat-near-dong-khoi-street","native-ios/Resources/viet-phrase-catalog.json","planned","0","planned-authored-audio"
"ăn gần phố bùi viện","Ăn gần Phố Bùi Viện","1","","phrase","city-hcmc-eat-near-bui-vien-street","native-ios/Resources/viet-phrase-catalog.json","planned","0","planned-authored-audio"
"ăn gần phố cổ bao vinh","Ăn gần Phố cổ Bao Vinh","1","","phrase","city-hue-eat-near-bao-vinh-ancient-town","native-ios/Resources/viet-phrase-catalog.json","planned","0","planned-authored-audio"
"ăn gần phố cổ hội an","Ăn gần Phố cổ Hội An","1","","phrase","city-hoian-eat-near-ancient-town","native-ios/Resources/viet-phrase-catalog.json","planned","0","planned-authored-audio"
"ăn gần quận 1","Ăn gần Quận 1","1","","phrase","city-hcmc-eat-near-district-1","native-ios/Resources/viet-phrase-catalog.json","planned","0","planned-authored-audio"
"ăn vặt sài gòn buổi tối","Ăn vặt Sài Gòn buổi tối","1","","phrase","city-hcmc-place-street-food-evening","native-ios/Resources/viet-phrase-catalog.json","planned","0","planned-authored-audio"
"anăn sài gòn gần đây không?","Anăn Sài Gòn gần đây không?","1","","phrase","city-hcmc-near-anan-saigon","native-ios/Resources/viet-phrase-catalog.json","planned","0","planned-authored-audio"
"anăn sài gòn ở đâu?","Anăn Sài Gòn ở đâu?","1","","phrase","city-hcmc-where-anan-saigon","native-ios/Resources/viet-phrase-catalog.json","planned","0","planned-authored-audio"
"ancient hue gallery cuisine","Ancient Hue Gallery Cuisine","1","","phrase","city-hue-place-ancient-hue-gallery-cuisine","native-ios/Resources/viet-phrase-catalog.json","planned","0","planned-authored-audio"
"ancient hue restaurant","Ancient Hue Restaurant","1","","phrase","city-hue-place-ancient-hue-restaurant","native-ios/Resources/viet-phrase-catalog.json","planned","0","planned-authored-audio"
"anh chờ tôi ở đây được không?","Anh chờ tôi ở đây được không?","1","","phrase","ves-can-you-wait-here","native-ios/Resources/viet-phrase-catalog.json","planned","0","planned-authored-audio"
"anh chụp ảnh giúp tôi được không?","Anh chụp ảnh giúp tôi được không?","1","","phrase","vpe-pronoun-help-anh-giup-toi-chup-anh-giup-toi-duoc-khong","native-ios/Resources/viet-phrase-catalog.json","planned","0","planned-authored-audio"
"anh giúp tôi chỉ đường được không?","Anh giúp tôi chỉ đường được không?","1","","phrase","vpe-pronoun-help-anh-giup-toi-chi-duong-duoc-khong","native-ios/Resources/viet-phrase-catalog.json","planned","0","planned-authored-audio"
"anh giúp tôi đọc số này được không?","Anh giúp tôi đọc số này được không?","1","","phrase","vpe-pronoun-help-anh-giup-toi-doc-so-nay-duoc-khong","native-ios/Resources/viet-phrase-catalog.json","planned","0","planned-authored-audio"
"anh giúp tôi đổi phòng được không?","Anh giúp tôi đổi phòng được không?","1","","phrase","vpe-pronoun-help-anh-giup-toi-doi-phong-duoc-khong","native-ios/Resources/viet-phrase-catalog.json","planned","0","planned-authored-audio"
"anh giúp tôi đổi tiền được không?","Anh giúp tôi đổi tiền được không?","1","","phrase","vpe-pronoun-help-anh-giup-toi-doi-tien-duoc-khong","native-ios/Resources/viet-phrase-catalog.json","planned","0","planned-authored-audio"
"anh giúp tôi gọi số này được không?","Anh giúp tôi gọi số này được không?","1","","phrase","vpe-pronoun-help-anh-giup-toi-goi-so-nay-duoc-khong","native-ios/Resources/viet-phrase-catalog.json","planned","0","planned-authored-audio"
"anh giúp tôi gọi taxi được không?","Anh giúp tôi gọi taxi được không?","1","","phrase","vpe-pronoun-help-anh-giup-toi-goi-taxi-duoc-khong","native-ios/Resources/viet-phrase-catalog.json","planned","0","planned-authored-audio"
"anh giúp tôi gọi xe công nghệ được không?","Anh giúp tôi gọi xe công nghệ được không?","1","","phrase","vpe-pronoun-help-anh-giup-toi-goi-xe-cong-nghe-duoc-khong","native-ios/Resources/viet-phrase-catalog.json","planned","0","planned-authored-audio"
"anh giúp tôi in vé này được không?","Anh giúp tôi in vé này được không?","1","","phrase","vpe-pronoun-help-anh-giup-toi-in-ve-nay-duoc-khong","native-ios/Resources/viet-phrase-catalog.json","planned","0","planned-authored-audio"
"anh giúp tôi kiểm tra đặt phòng được không?","Anh giúp tôi kiểm tra đặt phòng được không?","1","","phrase","vpe-pronoun-help-anh-giup-toi-kiem-tra-dat-phong-duoc-khong","native-ios/Resources/viet-phrase-catalog.json","planned","0","planned-authored-audio"
"anh giúp tôi kiểm tra vé được không?","Anh giúp tôi kiểm tra vé được không?","1","","phrase","vpe-pronoun-help-anh-giup-toi-kiem-tra-ve-duoc-khong","native-ios/Resources/viet-phrase-catalog.json","planned","0","planned-authored-audio"
"anh giúp tôi mở cửa phòng được không?","Anh giúp tôi mở cửa phòng được không?","1","","phrase","vpe-pronoun-help-anh-giup-toi-mo-cua-phong-duoc-khong","native-ios/Resources/viet-phrase-catalog.json","planned","0","planned-authored-audio"
"anh giúp tôi nhập mã này được không?","Anh giúp tôi nhập mã này được không?","1","","phrase","vpe-pronoun-help-anh-giup-toi-nhap-ma-nay-duoc-khong","native-ios/Resources/viet-phrase-catalog.json","planned","0","planned-authored-audio"
"anh giúp tôi sạc điện thoại được không?","Anh giúp tôi sạc điện thoại được không?","1","","phrase","vpe-pronoun-help-anh-giup-toi-sac-dien-thoai-duoc-khong","native-ios/Resources/viet-phrase-catalog.json","planned","0","planned-authored-audio"
"anh giúp tôi scan mã qr được không?","Anh giúp tôi scan mã QR được không?","1","","phrase","vpe-pronoun-help-anh-giup-toi-scan-ma-qr-duoc-khong","native-ios/Resources/viet-phrase-catalog.json","planned","0","planned-authored-audio"
"anh giúp tôi sửa wi-fi được không?","Anh giúp tôi sửa Wi-Fi được không?","1","","phrase","vpe-pronoun-help-anh-giup-toi-sua-wi-fi-duoc-khong","native-ios/Resources/viet-phrase-catalog.json","planned","0","planned-authored-audio"
"anh giúp tôi tìm hành lý được không?","Anh giúp tôi tìm hành lý được không?","1","","phrase","vpe-pronoun-help-anh-giup-toi-tim-hanh-ly-duoc-khong","native-ios/Resources/viet-phrase-catalog.json","planned","0","planned-authored-audio"
"anh giúp tôi viết địa chỉ được không?","Anh giúp tôi viết địa chỉ được không?","1","","phrase","vpe-pronoun-help-anh-giup-toi-viet-dia-chi-duoc-khong","native-ios/Resources/viet-phrase-catalog.json","planned","0","planned-authored-audio"
"anh nói tiếng anh không?","Anh nói tiếng Anh không?","1","","phrase","ves-do-you-speak-english-anh","native-ios/Resources/viet-phrase-catalog.json","planned","0","planned-authored-audio"
"ảnh thẻ bao nhiêu tiền?","ảnh thẻ bao nhiêu tiền?","1","","phrase","vpe-price-item-anh-the-bao-nhieu-tien","native-ios/Resources/viet-phrase-catalog.json","planned","0","planned-authored-audio"
"anh/chị chỉ giúp tôi được không?","Anh/chị chỉ giúp tôi được không?","1","","phrase","ves-can-you-show-me-politeness","native-ios/Resources/viet-phrase-catalog.json","planned","0","planned-authored-audio"
"áo mưa bao nhiêu tiền?","áo mưa bao nhiêu tiền?","1","","phrase","vpe-price-item-ao-mua-bao-nhieu-tien","native-ios/Resources/viet-phrase-catalog.json","planned","0","planned-authored-audio"
"áo thun bao nhiêu tiền?","áo thun bao nhiêu tiền?","1","","phrase","vpe-price-item-ao-thun-bao-nhieu-tien","native-ios/Resources/viet-phrase-catalog.json","planned","0","planned-authored-audio"
"atm gần đây không?","ATM gần đây không?","1","","phrase","vpe-near-place-atm-gan-day-khong","native-ios/Resources/viet-phrase-catalog.json","planned","0","planned-authored-audio"
"ba lô nhỏ bao nhiêu tiền?","ba lô nhỏ bao nhiêu tiền?","1","","phrase","vpe-price-item-ba-lo-nho-bao-nhieu-tien","native-ios/Resources/viet-phrase-catalog.json","planned","0","planned-authored-audio"
"bác sĩ đang đến","Bác sĩ đang đến","1","","phrase","vpe-likely-replies-bac-si-dang-den","native-ios/Resources/viet-phrase-catalog.json","planned","0","planned-authored-audio"
"bãi biển gần đây không?","bãi biển gần đây không?","1","","phrase","vpe-near-place-bai-bien-gan-day-khong","native-ios/Resources/viet-phrase-catalog.json","planned","0","planned-authored-audio"
"bãi biển ở đâu?","bãi biển ở đâu?","1","","phrase","vpe-where-place-bai-bien-o-dau","native-ios/Resources/viet-phrase-catalog.json","planned","0","planned-authored-audio"
"bãi đậu xe gần đây không?","bãi đậu xe gần đây không?","1","","phrase","vpe-near-place-bai-dau-xe-gan-day-khong","native-ios/Resources/viet-phrase-catalog.json","planned","0","planned-authored-audio"
"bãi đậu xe ở đâu?","bãi đậu xe ở đâu?","1","","phrase","vpe-where-place-bai-dau-xe-o-dau","native-ios/Resources/viet-phrase-catalog.json","planned","0","planned-authored-audio"
"bãi gửi xe máy gần đây không?","bãi gửi xe máy gần đây không?","1","","phrase","vpe-near-place-bai-gui-xe-may-gan-day-khong","native-ios/Resources/viet-phrase-catalog.json","planned","0","planned-authored-audio"
"bãi gửi xe máy ở đâu?","bãi gửi xe máy ở đâu?","1","","phrase","vpe-where-place-bai-gui-xe-may-o-dau","native-ios/Resources/viet-phrase-catalog.json","planned","0","planned-authored-audio"
"bàn chải đánh răng bao nhiêu tiền?","bàn chải đánh răng bao nhiêu tiền?","1","","phrase","vpe-price-item-ban-chai-danh-rang-bao-nhieu-tien","native-ios/Resources/viet-phrase-catalog.json","planned","0","planned-authored-audio"
"bàn cho hai người bao nhiêu tiền?","bàn cho hai người bao nhiêu tiền?","1","","phrase","vpe-price-item-ban-cho-hai-nguoi-bao-nhieu-tien","native-ios/Resources/viet-phrase-catalog.json","planned","0","planned-authored-audio"
"bạn chụp giúp tôi được không?","Bạn chụp giúp tôi được không?","1","","phrase","ves-take-photo-for-me","native-ios/Resources/viet-phrase-catalog.json","planned","0","planned-authored-audio"
"bản đồ giấy bao nhiêu tiền?","bản đồ giấy bao nhiêu tiền?","1","","phrase","vpe-price-item-ban-do-giay-bao-nhieu-tien","native-ios/Resources/viet-phrase-catalog.json","planned","0","planned-authored-audio"
"bàn hướng dẫn gần đây không?","bàn hướng dẫn gần đây không?","1","","phrase","vpe-near-place-ban-huong-dan-gan-day-khong","native-ios/Resources/viet-phrase-catalog.json","planned","0","planned-authored-audio"
"bàn hướng dẫn ở đâu?","bàn hướng dẫn ở đâu?","1","","phrase","vpe-where-place-ban-huong-dan-o-dau","native-ios/Resources/viet-phrase-catalog.json","planned","0","planned-authored-audio"
"bản in đen trắng bao nhiêu tiền?","bản in đen trắng bao nhiêu tiền?","1","","phrase","vpe-price-item-ban-in-den-trang-bao-nhieu-tien","native-ios/Resources/viet-phrase-catalog.json","planned","0","planned-authored-audio"
"bản in màu bao nhiêu tiền?","bản in màu bao nhiêu tiền?","1","","phrase","vpe-price-item-ban-in-mau-bao-nhieu-tien","native-ios/Resources/viet-phrase-catalog.json","planned","0","planned-authored-audio"
"bàn này còn trống","Bàn này còn trống","1","","phrase","vpe-likely-replies-ban-nay-con-trong","native-ios/Resources/viet-phrase-catalog.json","planned","0","planned-authored-audio"
"bàn ngoài trời bao nhiêu tiền?","bàn ngoài trời bao nhiêu tiền?","1","","phrase","vpe-price-item-ban-ngoai-troi-bao-nhieu-tien","native-ios/Resources/viet-phrase-catalog.json","planned","0","planned-authored-audio"
"bản sao hộ chiếu bao nhiêu tiền?","bản sao hộ chiếu bao nhiêu tiền?","1","","phrase","vpe-price-item-ban-sao-ho-chieu-bao-nhieu-tien","native-ios/Resources/viet-phrase-catalog.json","planned","0","planned-authored-audio"
"băng cá nhân bao nhiêu tiền?","băng cá nhân bao nhiêu tiền?","1","","phrase","vpe-price-item-bang-ca-nhan-bao-nhieu-tien","native-ios/Resources/viet-phrase-catalog.json","planned","0","planned-authored-audio"
"băng keo bao nhiêu tiền?","băng keo bao nhiêu tiền?","1","","phrase","vpe-price-item-bang-keo-bao-nhieu-tien","native-ios/Resources/viet-phrase-catalog.json","planned","0","planned-authored-audio"
"bánh bao bánh vạc ở hội an","Bánh bao bánh vạc ở Hội An","1","","phrase","city-hoian-place-white-rose-dumplings","native-ios/Resources/viet-phrase-catalog.json","planned","0","planned-authored-audio"
"bánh bèo ở huế","Bánh bèo ở Huế","1","","phrase","city-hue-place-banh-beo","native-ios/Resources/viet-phrase-catalog.json","planned","0","planned-authored-audio"
"bánh bột lọc ở huế","Bánh bột lọc ở Huế","1","","phrase","city-hue-place-banh-bot-loc","native-ios/Resources/viet-phrase-catalog.json","planned","0","planned-authored-audio"
"bánh cuốn ở hà nội","Bánh cuốn ở Hà Nội","1","","phrase","city-hanoi-place-banh-cuon","native-ios/Resources/viet-phrase-catalog.json","planned","0","planned-authored-audio"
"bánh đập hến xào ở hội an","Bánh đập hến xào ở Hội An","1","","phrase","city-hoian-place-banh-dap-hen-xao","native-ios/Resources/viet-phrase-catalog.json","planned","0","planned-authored-audio"
"bánh khoái ở huế","Bánh khoái ở Huế","1","","phrase","city-hue-place-banh-khoai","native-ios/Resources/viet-phrase-catalog.json","planned","0","planned-authored-audio"
"bánh lọc bà vân","Bánh lọc Bà Vân","1","","phrase","city-hue-place-ba-van-banh-loc","native-ios/Resources/viet-phrase-catalog.json","planned","0","planned-authored-audio"
"bánh mì chay bao nhiêu tiền?","bánh mì chay bao nhiêu tiền?","1","","phrase","vpe-price-item-banh-mi-chay-bao-nhieu-tien","native-ios/Resources/viet-phrase-catalog.json","planned","0","planned-authored-audio"
"bánh mì hội an","Bánh mì Hội An","1","","phrase","city-hoian-place-banh-mi","native-ios/Resources/viet-phrase-catalog.json","planned","0","planned-authored-audio"
"bánh mì huỳnh hoa","Bánh mì Huỳnh Hoa","1","","phrase","city-hcmc-place-banh-mi-huynh-hoa","native-ios/Resources/viet-phrase-catalog.json","planned","0","planned-authored-audio"
"bánh mì ở đà nẵng","Bánh mì ở Đà Nẵng","1","","phrase","city-danang-place-banh-mi","native-ios/Resources/viet-phrase-catalog.json","planned","0","planned-authored-audio"
"bánh mì ở thành phố hồ chí minh","Bánh mì ở Thành phố Hồ Chí Minh","1","","phrase","city-hcmc-place-banh-mi","native-ios/Resources/viet-phrase-catalog.json","planned","0","planned-authored-audio"
"bánh mì phượng ở đâu?","Bánh mì Phượng ở đâu?","1","","phrase","city-hoian-where-banh-mi-phuong","native-ios/Resources/viet-phrase-catalog.json","planned","0","planned-authored-audio"
"bánh nậm ở huế","Bánh nậm ở Huế","1","","phrase","city-hue-place-banh-nam","native-ios/Resources/viet-phrase-catalog.json","planned","0","planned-authored-audio"
"bánh tráng cuốn thịt heo ở đà nẵng","Bánh tráng cuốn thịt heo ở Đà Nẵng","1","","phrase","city-danang-place-banh-trang-cuon-thit-heo","native-ios/Resources/viet-phrase-catalog.json","planned","0","planned-authored-audio"
"bánh xèo 46a","Bánh xèo 46A","1","","phrase","city-hcmc-place-banh-xeo-46a","native-ios/Resources/viet-phrase-catalog.json","planned","0","planned-authored-audio"
"bánh xèo bà dưỡng","Bánh xèo Bà Dưỡng","1","","phrase","city-danang-place-banh-xeo-ba-duong","native-ios/Resources/viet-phrase-catalog.json","planned","0","planned-authored-audio"
"bánh xèo bao nhiêu tiền?","bánh xèo bao nhiêu tiền?","1","","phrase","vpe-price-item-banh-xeo-bao-nhieu-tien","native-ios/Resources/viet-phrase-catalog.json","planned","0","planned-authored-audio"
"bánh xèo hội an","Bánh xèo Hội An","1","","phrase","city-hoian-place-banh-xeo","native-ios/Resources/viet-phrase-catalog.json","planned","0","planned-authored-audio"
"bánh xèo ở đà nẵng","Bánh xèo ở Đà Nẵng","1","","phrase","city-danang-place-banh-xeo","native-ios/Resources/viet-phrase-catalog.json","planned","0","planned-authored-audio"
"bánh xèo ở thành phố hồ chí minh","Bánh xèo ở Thành phố Hồ Chí Minh","1","","phrase","city-hcmc-place-banh-xeo","native-ios/Resources/viet-phrase-catalog.json","planned","0","planned-authored-audio"
"bảo tàng 3d art in paradise đà nẵng","Bảo tàng 3D Art in Paradise Đà Nẵng","1","","phrase","city-danang-place-3d-art-in-paradise","native-ios/Resources/viet-phrase-catalog.json","planned","0","planned-authored-audio"
"bảo tàng áo dài","Bảo tàng Áo Dài","1","","phrase","city-hcmc-place-ao-dai-museum","native-ios/Resources/viet-phrase-catalog.json","planned","0","planned-authored-audio"
"bảo tàng đà nẵng","Bảo tàng Đà Nẵng","1","","phrase","city-danang-place-museum","native-ios/Resources/viet-phrase-catalog.json","planned","0","planned-authored-audio"
"bảo tàng đà nẵng - cơ sở 2","Bảo tàng Đà Nẵng - Cơ sở 2","1","","phrase","city-danang-place-museum-branch-2","native-ios/Resources/viet-phrase-catalog.json","planned","0","planned-authored-audio"
"bảo tàng đồ sứ ký kiểu thời nguyễn","Bảo tàng Đồ sứ ký kiểu thời Nguyễn","1","","phrase","city-hue-place-museum-commissioned-porcelains","native-ios/Resources/viet-phrase-catalog.json","planned","0","planned-authored-audio"
"bảo tàng đồng đình","Bảo tàng Đồng Đình","1","","phrase","city-danang-place-dong-dinh-museum","native-ios/Resources/viet-phrase-catalog.json","planned","0","planned-authored-audio"
"bảo tàng gần đây không?","bảo tàng gần đây không?","1","","phrase","vpe-near-place-bao-tang-gan-day-khong","native-ios/Resources/viet-phrase-catalog.json","planned","0","planned-authored-audio"
"bảo tàng gốm sứ mậu dịch","Bảo tàng Gốm sứ Mậu dịch","1","","phrase","city-hoian-place-trade-ceramics-museum","native-ios/Resources/viet-phrase-catalog.json","planned","0","planned-authored-audio"
"bảo tàng hồ chí minh","Bảo tàng Hồ Chí Minh","1","","phrase","city-hanoi-place-ho-chi-minh-museum","native-ios/Resources/viet-phrase-catalog.json","planned","0","planned-authored-audio"
"bảo tàng hội an","Bảo tàng Hội An","1","","phrase","city-hoian-place-museum","native-ios/Resources/viet-phrase-catalog.json","planned","0","planned-authored-audio"
"bảo tàng lịch sử - văn hóa hội an","Bảo tàng Lịch sử - Văn hóa Hội An","1","","phrase","city-hoian-place-history-culture-museum","native-ios/Resources/viet-phrase-catalog.json","planned","0","planned-authored-audio"
"bảo tàng lịch sử quân sự việt nam","Bảo tàng Lịch sử Quân sự Việt Nam","1","","phrase","city-hanoi-place-vietnam-military-history-museum","native-ios/Resources/viet-phrase-catalog.json","planned","0","planned-authored-audio"
"bảo tàng lịch sử quốc gia","Bảo tàng Lịch sử Quốc gia","1","","phrase","city-hanoi-place-national-museum-history","native-ios/Resources/viet-phrase-catalog.json","planned","0","planned-authored-audio"
"bảo tàng lịch sử thành phố hồ chí minh","Bảo tàng Lịch sử Thành phố Hồ Chí Minh","1","","phrase","city-hcmc-place-history-museum","native-ios/Resources/viet-phrase-catalog.json","planned","0","planned-authored-audio"
"bảo tàng mỹ thuật đà nẵng","Bảo tàng Mỹ thuật Đà Nẵng","1","","phrase","city-danang-place-fine-arts-museum","native-ios/Resources/viet-phrase-catalog.json","planned","0","planned-authored-audio"
"bảo tàng mỹ thuật việt nam","Bảo tàng Mỹ thuật Việt Nam","1","","phrase","city-hanoi-place-vietnam-fine-arts-museum","native-ios/Resources/viet-phrase-catalog.json","planned","0","planned-authored-audio"
"bảo tàng ở đâu?","bảo tàng ở đâu?","1","","phrase","vpe-where-place-bao-tang-o-dau","native-ios/Resources/viet-phrase-catalog.json","planned","0","planned-authored-audio"
"bảo tàng phụ nữ nam bộ","Bảo tàng Phụ nữ Nam Bộ","1","","phrase","city-hcmc-place-southern-women-museum","native-ios/Resources/viet-phrase-catalog.json","planned","0","planned-authored-audio"
"bảo tàng phụ nữ việt nam","Bảo tàng Phụ nữ Việt Nam","1","","phrase","city-hanoi-place-womens-museum","native-ios/Resources/viet-phrase-catalog.json","planned","0","planned-authored-audio"
"bảo tàng thành phố hồ chí minh","Bảo tàng Thành phố Hồ Chí Minh","1","","phrase","city-hcmc-place-ho-chi-minh-city-museum","native-ios/Resources/viet-phrase-catalog.json","planned","0","planned-authored-audio"
"bảo tàng tôn đức thắng","Bảo tàng Tôn Đức Thắng","1","","phrase","city-hcmc-place-ton-duc-thang-museum","native-ios/Resources/viet-phrase-catalog.json","planned","0","planned-authored-audio"
"bảo tàng văn hóa dân gian","Bảo tàng Văn hóa Dân gian","1","","phrase","city-hoian-place-folk-culture-museum","native-ios/Resources/viet-phrase-catalog.json","planned","0","planned-authored-audio"
"bảo tàng văn hóa sa huỳnh","Bảo tàng Văn hóa Sa Huỳnh","1","","phrase","city-hoian-place-sa-huynh-culture-museum","native-ios/Resources/viet-phrase-catalog.json","planned","0","planned-authored-audio"
"bảo tàng văn học việt nam","Bảo tàng Văn học Việt Nam","1","","phrase","city-hanoi-place-literature-museum","native-ios/Resources/viet-phrase-catalog.json","planned","0","planned-authored-audio"
"bảo tàng y học cổ truyền việt nam","Bảo tàng Y học Cổ truyền Việt Nam","1","","phrase","city-hcmc-place-fito-museum","native-ios/Resources/viet-phrase-catalog.json","planned","0","planned-authored-audio"
"bebe tailor","BeBe Tailor","1","","phrase","city-hoian-place-bebe-tailor","native-ios/Resources/viet-phrase-catalog.json","planned","0","planned-authored-audio"
"bến phà gần đây không?","bến phà gần đây không?","1","","phrase","vpe-near-place-ben-pha-gan-day-khong","native-ios/Resources/viet-phrase-catalog.json","planned","0","planned-authored-audio"
"bến phà ở đâu?","bến phà ở đâu?","1","","phrase","vpe-where-place-ben-pha-o-dau","native-ios/Resources/viet-phrase-catalog.json","planned","0","planned-authored-audio"
"bến tàu cửa đại","Bến tàu Cửa Đại","1","","phrase","city-hoian-place-cua-dai-pier","native-ios/Resources/viet-phrase-catalog.json","planned","0","planned-authored-audio"
"bến tàu gần đây không?","bến tàu gần đây không?","1","","phrase","vpe-near-place-ben-tau-gan-day-khong","native-ios/Resources/viet-phrase-catalog.json","planned","0","planned-authored-audio"
"bến tàu ở đâu?","bến tàu ở đâu?","1","","phrase","vpe-where-place-ben-tau-o-dau","native-ios/Resources/viet-phrase-catalog.json","planned","0","planned-authored-audio"
"bến tàu thủy bạch đằng","Bến tàu thủy Bạch Đằng","1","","phrase","city-hcmc-place-bach-dang-waterbus-station","native-ios/Resources/viet-phrase-catalog.json","planned","0","planned-authored-audio"
"bến thuyền bạch đằng","Bến thuyền Bạch Đằng","1","","phrase","city-hoian-place-bach-dang-boat-pier","native-ios/Resources/viet-phrase-catalog.json","planned","0","planned-authored-audio"
"bến thuyền tòa khâm","Bến thuyền Tòa Khâm","1","","phrase","city-hue-place-toa-kham-boat-station","native-ios/Resources/viet-phrase-catalog.json","planned","0","planned-authored-audio"
"bến trắng cafe & bistro","Bến Trắng Cafe & Bistro","1","","phrase","city-hue-place-ben-trang-cafe-bistro","native-ios/Resources/viet-phrase-catalog.json","planned","0","planned-authored-audio"
"bến xe gần đây không?","bến xe gần đây không?","1","","phrase","vpe-near-place-ben-xe-gan-day-khong","native-ios/Resources/viet-phrase-catalog.json","planned","0","planned-authored-audio"
"bến xe giáp bát","Bến xe Giáp Bát","1","","phrase","city-hanoi-place-giap-bat-bus-station","native-ios/Resources/viet-phrase-catalog.json","planned","0","planned-authored-audio"
"bến xe hội an","Bến xe Hội An","1","","phrase","city-hoian-place-bus-station","native-ios/Resources/viet-phrase-catalog.json","planned","0","planned-authored-audio"
"bến xe miền đông","Bến xe Miền Đông","1","","phrase","city-hcmc-place-mien-dong-bus-station","native-ios/Resources/viet-phrase-catalog.json","planned","0","planned-authored-audio"
"bến xe miền tây","Bến xe Miền Tây","1","","phrase","city-hcmc-place-mien-tay-bus-station","native-ios/Resources/viet-phrase-catalog.json","planned","0","planned-authored-audio"
"bến xe mỹ đình","Bến xe Mỹ Đình","1","","phrase","city-hanoi-place-my-dinh-bus-station","native-ios/Resources/viet-phrase-catalog.json","planned","0","planned-authored-audio"
"bến xe nước ngầm","Bến xe Nước Ngầm","1","","phrase","city-hanoi-place-nuoc-ngam-bus-station","native-ios/Resources/viet-phrase-catalog.json","planned","0","planned-authored-audio"
"bến xe ở đâu?","bến xe ở đâu?","1","","phrase","vpe-where-place-ben-xe-o-dau","native-ios/Resources/viet-phrase-catalog.json","planned","0","planned-authored-audio"
"bến xe phía bắc huế","Bến xe phía Bắc Huế","1","","phrase","city-hue-place-northern-bus-station","native-ios/Resources/viet-phrase-catalog.json","planned","0","planned-authored-audio"
"bến xe phía nam huế","Bến xe phía Nam Huế","1","","phrase","city-hue-place-southern-bus-station","native-ios/Resources/viet-phrase-catalog.json","planned","0","planned-authored-audio"
"bến xe trung tâm đà nẵng","Bến xe Trung tâm Đà Nẵng","1","","phrase","city-danang-place-central-bus-station","native-ios/Resources/viet-phrase-catalog.json","planned","0","planned-authored-audio"
"bệnh viện gần đây không?","bệnh viện gần đây không?","1","","phrase","vpe-near-place-benh-vien-gan-day-khong","native-ios/Resources/viet-phrase-catalog.json","planned","0","planned-authored-audio"
"bệnh viện ở đâu?","bệnh viện ở đâu?","1","","phrase","vpe-where-place-benh-vien-o-dau","native-ios/Resources/viet-phrase-catalog.json","planned","0","planned-authored-audio"
"bếp cuốn đà nẵng","Bếp Cuốn Đà Nẵng","1","","phrase","city-danang-place-bep-cuon","native-ios/Resources/viet-phrase-catalog.json","planned","0","planned-authored-audio"
"bếp mẹ ỉn","Bếp Mẹ Ỉn","1","","phrase","city-hcmc-place-bep-me-in","native-ios/Resources/viet-phrase-catalog.json","planned","0","planned-authored-audio"
"bia hơi hà nội","Bia hơi Hà Nội","1","","phrase","city-hanoi-place-bia-hoi","native-ios/Resources/viet-phrase-catalog.json","planned","0","planned-authored-audio"
"biên lai thanh toán bao nhiêu tiền?","biên lai thanh toán bao nhiêu tiền?","1","","phrase","vpe-price-item-bien-lai-thanh-toan-bao-nhieu-tien","native-ios/Resources/viet-phrase-catalog.json","planned","0","planned-authored-audio"
"biển mỹ an","Biển Mỹ An","1","","phrase","city-danang-place-my-an-beach","native-ios/Resources/viet-phrase-catalog.json","planned","0","planned-authored-audio"
"biển phạm văn đồng","Biển Phạm Văn Đồng","1","","phrase","city-danang-place-pham-van-dong-beach","native-ios/Resources/viet-phrase-catalog.json","planned","0","planned-authored-audio"
"biển thanh bình","Biển Thanh Bình","1","","phrase","city-danang-place-thanh-binh-beach","native-ios/Resources/viet-phrase-catalog.json","planned","0","planned-authored-audio"
"biểu diễn nhã nhạc cung đình","Biểu diễn nhã nhạc cung đình","1","","phrase","city-hue-place-royal-court-music-show","native-ios/Resources/viet-phrase-catalog.json","planned","0","planned-authored-audio"
"bò lá lốt ở thành phố hồ chí minh","Bò lá lốt ở Thành phố Hồ Chí Minh","1","","phrase","city-hcmc-place-bo-la-lot","native-ios/Resources/viet-phrase-catalog.json","planned","0","planned-authored-audio"
"bờ sông thủ thiêm","Bờ sông Thủ Thiêm","1","","phrase","city-hcmc-place-thu-thiem-riverfront","native-ios/Resources/viet-phrase-catalog.json","planned","0","planned-authored-audio"
"bột chiên ở thành phố hồ chí minh","Bột chiên ở Thành phố Hồ Chí Minh","1","","phrase","city-hcmc-place-bot-chien","native-ios/Resources/viet-phrase-catalog.json","planned","0","planned-authored-audio"
"boulevard gelato & coffee","Boulevard Gelato & Coffee","1","","phrase","city-danang-place-boulevard-gelato-coffee","native-ios/Resources/viet-phrase-catalog.json","planned","0","planned-authored-audio"
"bún bò chợ đông ba ở huế","Bún bò chợ Đông Ba ở Huế","1","","phrase","city-hue-place-dong-ba-bun-bo","native-ios/Resources/viet-phrase-catalog.json","planned","0","planned-authored-audio"
"bún bò ở chợ đông ba","Bún bò ở chợ Đông Ba","1","","phrase","city-hue-bun-bo-dong-ba","native-ios/Resources/viet-phrase-catalog.json","planned","0","planned-authored-audio"
"bún bò ở chợ đông ba ở chỗ nào?","Bún bò ở chợ Đông Ba ở chỗ nào?","1","","phrase","city-hue-where-dong-ba-bun-bo","native-ios/Resources/viet-phrase-catalog.json","planned","0","planned-authored-audio"
"bún chả bao nhiêu tiền?","bún chả bao nhiêu tiền?","1","","phrase","vpe-price-item-bun-cha-bao-nhieu-tien","native-ios/Resources/viet-phrase-catalog.json","planned","0","planned-authored-audio"
"bún chả cá hờn","Bún Chả Cá Hờn","1","","phrase","city-danang-place-bun-cha-ca-hon","native-ios/Resources/viet-phrase-catalog.json","planned","0","planned-authored-audio"
"bún chả cá ở đà nẵng","Bún chả cá ở Đà Nẵng","1","","phrase","city-danang-place-bun-cha-ca","native-ios/Resources/viet-phrase-catalog.json","planned","0","planned-authored-audio"
"bún chả hương liên ở đâu?","Bún chả Hương Liên ở đâu?","1","","phrase","city-hanoi-where-bun-cha-huong-lien","native-ios/Resources/viet-phrase-catalog.json","planned","0","planned-authored-audio"
"bún chả ở hà nội","Bún chả ở Hà Nội","1","","phrase","city-hanoi-place-bun-cha","native-ios/Resources/viet-phrase-catalog.json","planned","0","planned-authored-audio"
"bún chả ta","Bún Chả Ta","1","","phrase","city-hanoi-place-bun-cha-ta","native-ios/Resources/viet-phrase-catalog.json","planned","0","planned-authored-audio"
"bún hến ở huế","Bún hến ở Huế","1","","phrase","city-hue-place-bun-hen","native-ios/Resources/viet-phrase-catalog.json","planned","0","planned-authored-audio"
"bún thang ở hà nội","Bún thang ở Hà Nội","1","","phrase","city-hanoi-place-bun-thang","native-ios/Resources/viet-phrase-catalog.json","planned","0","planned-authored-audio"
"bún thịt nướng ở huế","Bún thịt nướng ở Huế","1","","phrase","city-hue-place-bun-thit-nuong","native-ios/Resources/viet-phrase-catalog.json","planned","0","planned-authored-audio"
"bún thịt nướng ở thành phố hồ chí minh","Bún thịt nướng ở Thành phố Hồ Chí Minh","1","","phrase","city-hcmc-place-bun-thit-nuong","native-ios/Resources/viet-phrase-catalog.json","planned","0","planned-authored-audio"
"bút bi bao nhiêu tiền?","bút bi bao nhiêu tiền?","1","","phrase","vpe-price-item-but-bi-bao-nhieu-tien","native-ios/Resources/viet-phrase-catalog.json","planned","0","planned-authored-audio"
"bưu điện gần đây không?","bưu điện gần đây không?","1","","phrase","vpe-near-place-buu-dien-gan-day-khong","native-ios/Resources/viet-phrase-catalog.json","planned","0","planned-authored-audio"
"bưu điện ở đâu?","bưu điện ở đâu?","1","","phrase","vpe-where-place-buu-dien-o-dau","native-ios/Resources/viet-phrase-catalog.json","planned","0","planned-authored-audio"
"cà phê cheo leo","Cà phê Cheo Leo","1","","phrase","city-hcmc-place-cheo-leo-cafe","native-ios/Resources/viet-phrase-catalog.json","planned","0","planned-authored-audio"
"cà phê đen bao nhiêu tiền?","cà phê đen bao nhiêu tiền?","1","","phrase","vpe-price-item-ca-phe-den-bao-nhieu-tien","native-ios/Resources/viet-phrase-catalog.json","planned","0","planned-authored-audio"
"cà phê đinh","Cà phê Đinh","1","","phrase","city-hanoi-place-dinh-cafe","native-ios/Resources/viet-phrase-catalog.json","planned","0","planned-authored-audio"
"cà phê ít đường bao nhiêu tiền?","cà phê ít đường bao nhiêu tiền?","1","","phrase","vpe-price-item-ca-phe-it-duong-bao-nhieu-tien","native-ios/Resources/viet-phrase-catalog.json","planned","0","planned-authored-audio"
"cà phê lâm","Cà phê Lâm","1","","phrase","city-hanoi-place-lam-cafe","native-ios/Resources/viet-phrase-catalog.json","planned","0","planned-authored-audio"
"cà phê long","Cà phê Long","1","","phrase","city-danang-place-long-coffee","native-ios/Resources/viet-phrase-catalog.json","planned","0","planned-authored-audio"
"cà phê năng","Cà phê Năng","1","","phrase","city-hanoi-place-nang-cafe","native-ios/Resources/viet-phrase-catalog.json","planned","0","planned-authored-audio"
"cà phê rang bao nhiêu tiền?","cà phê rang bao nhiêu tiền?","1","","phrase","vpe-price-item-ca-phe-rang-bao-nhieu-tien","native-ios/Resources/viet-phrase-catalog.json","planned","0","planned-authored-audio"
"cà phê sữa đá bao nhiêu tiền?","cà phê sữa đá bao nhiêu tiền?","1","","phrase","vpe-price-item-ca-phe-sua-da-bao-nhieu-tien","native-ios/Resources/viet-phrase-catalog.json","planned","0","planned-authored-audio"
"cà phê sữa đá ở hà nội","Cà phê sữa đá ở Hà Nội","1","","phrase","city-hanoi-place-ca-phe-sua-da","native-ios/Resources/viet-phrase-catalog.json","planned","0","planned-authored-audio"
"cà phê sữa đá sài gòn ở thành phố hồ chí minh","Cà phê sữa đá Sài Gòn ở Thành phố Hồ Chí Minh","1","","phrase","city-hcmc-place-ca-phe-sua-da","native-ios/Resources/viet-phrase-catalog.json","planned","0","planned-authored-audio"
"cà phê trứng ở hà nội","Cà phê trứng ở Hà Nội","1","","phrase","city-hanoi-place-egg-coffee","native-ios/Resources/viet-phrase-catalog.json","planned","0","planned-authored-audio"
"cà phê vợt phạm ngọc thạch","Cà phê vợt Phạm Ngọc Thạch","1","","phrase","city-hcmc-place-cafe-vot-pham-ngoc-thach","native-ios/Resources/viet-phrase-catalog.json","planned","0","planned-authored-audio"
"cẩm châu ở đâu?","Cẩm Châu ở đâu?","1","","phrase","city-hoian-where-cam-chau","native-ios/Resources/viet-phrase-catalog.json","planned","0","planned-authored-audio"
"cẩm kim","Cẩm Kim","1","","phrase","city-hoian-place-cam-kim-island","native-ios/Resources/viet-phrase-catalog.json","planned","0","planned-authored-audio"
"cẩm nam ở đâu?","Cẩm Nam ở đâu?","1","","phrase","city-hoian-where-cam-nam","native-ios/Resources/viet-phrase-catalog.json","planned","0","planned-authored-audio"
"cẩm phô","Cẩm Phô","1","","phrase","city-hoian-place-cam-pho","native-ios/Resources/viet-phrase-catalog.json","planned","0","planned-authored-audio"
"cẩm thanh","Cẩm Thanh","1","","phrase","city-hoian-place-cam-thanh","native-ios/Resources/viet-phrase-catalog.json","planned","0","planned-authored-audio"
"cánh đồng hội an","Cánh đồng Hội An","1","","phrase","city-hoian-place-rice-fields","native-ios/Resources/viet-phrase-catalog.json","planned","0","planned-authored-audio"
"cáp treo bà nà","Cáp treo Bà Nà","1","","phrase","city-danang-place-ba-na-cable-car","native-ios/Resources/viet-phrase-catalog.json","planned","0","planned-authored-audio"
"cáp treo ở đâu?","Cáp treo ở đâu?","1","","phrase","ves-where-cable-car","native-ios/Resources/viet-phrase-catalog.json","planned","0","planned-authored-audio"
"cargo club","Cargo Club","1","","phrase","city-hoian-place-cargo-club","native-ios/Resources/viet-phrase-catalog.json","planned","0","planned-authored-audio"
"cầu an hội","Cầu An Hội","1","","phrase","city-hoian-place-an-hoi-bridge","native-ios/Resources/viet-phrase-catalog.json","planned","0","planned-authored-audio"
"cầu gần đây không?","cầu gần đây không?","1","","phrase","vpe-near-place-cau-gan-day-khong","native-ios/Resources/viet-phrase-catalog.json","planned","0","planned-authored-audio"
"cầu ở đâu?","cầu ở đâu?","1","","phrase","vpe-where-place-cau-o-dau","native-ios/Resources/viet-phrase-catalog.json","planned","0","planned-authored-audio"
"cầu thuận phước","Cầu Thuận Phước","1","","phrase","city-danang-place-thuan-phuoc-bridge","native-ios/Resources/viet-phrase-catalog.json","planned","0","planned-authored-audio"
"cây nước nóng gần đây không?","cây nước nóng gần đây không?","1","","phrase","vpe-near-place-cay-nuoc-nong-gan-day-khong","native-ios/Resources/viet-phrase-catalog.json","planned","0","planned-authored-audio"
"cây nước nóng ở đâu?","cây nước nóng ở đâu?","1","","phrase","vpe-where-place-cay-nuoc-nong-o-dau","native-ios/Resources/viet-phrase-catalog.json","planned","0","planned-authored-audio"
"chả cá ở hà nội","Chả cá ở Hà Nội","1","","phrase","city-hanoi-place-cha-ca","native-ios/Resources/viet-phrase-catalog.json","planned","0","planned-authored-audio"
"chả cá thăng long ở đâu?","Chả cá Thăng Long ở đâu?","1","","phrase","city-hanoi-where-cha-ca-thang-long","native-ios/Resources/viet-phrase-catalog.json","planned","0","planned-authored-audio"
"chè bắp cẩm nam ở hội an","Chè bắp Cẩm Nam ở Hội An","1","","phrase","city-hoian-place-che-bap-cam-nam","native-ios/Resources/viet-phrase-catalog.json","planned","0","planned-authored-audio"
"chè huế","Chè Huế","1","","phrase","city-hue-place-che-hue","native-ios/Resources/viet-phrase-catalog.json","planned","0","planned-authored-audio"
"chè sài gòn ở thành phố hồ chí minh","Chè Sài Gòn ở Thành phố Hồ Chí Minh","1","","phrase","city-hcmc-place-che","native-ios/Resources/viet-phrase-catalog.json","planned","0","planned-authored-audio"
"chè xoa xoa hạt lựu ở đà nẵng","Chè xoa xoa hạt lựu ở Đà Nẵng","1","","phrase","city-danang-place-che-xoa-xoa-hat-luu","native-ios/Resources/viet-phrase-catalog.json","planned","0","planned-authored-audio"
"chị chụp ảnh giúp tôi được không?","Chị chụp ảnh giúp tôi được không?","1","","phrase","vpe-pronoun-help-chi-giup-toi-chup-anh-giup-toi-duoc-khong","native-ios/Resources/viet-phrase-catalog.json","planned","0","planned-authored-audio"
"chị giúp tôi chỉ đường được không?","Chị giúp tôi chỉ đường được không?","1","","phrase","vpe-pronoun-help-chi-giup-toi-chi-duong-duoc-khong","native-ios/Resources/viet-phrase-catalog.json","planned","0","planned-authored-audio"
"chị giúp tôi đọc số này được không?","Chị giúp tôi đọc số này được không?","1","","phrase","vpe-pronoun-help-chi-giup-toi-doc-so-nay-duoc-khong","native-ios/Resources/viet-phrase-catalog.json","planned","0","planned-authored-audio"
"chị giúp tôi đổi phòng được không?","Chị giúp tôi đổi phòng được không?","1","","phrase","vpe-pronoun-help-chi-giup-toi-doi-phong-duoc-khong","native-ios/Resources/viet-phrase-catalog.json","planned","0","planned-authored-audio"
"chị giúp tôi đổi tiền được không?","Chị giúp tôi đổi tiền được không?","1","","phrase","vpe-pronoun-help-chi-giup-toi-doi-tien-duoc-khong","native-ios/Resources/viet-phrase-catalog.json","planned","0","planned-authored-audio"
"chị giúp tôi gọi số này được không?","Chị giúp tôi gọi số này được không?","1","","phrase","vpe-pronoun-help-chi-giup-toi-goi-so-nay-duoc-khong","native-ios/Resources/viet-phrase-catalog.json","planned","0","planned-authored-audio"
"chị giúp tôi gọi taxi được không?","Chị giúp tôi gọi taxi được không?","1","","phrase","vpe-pronoun-help-chi-giup-toi-goi-taxi-duoc-khong","native-ios/Resources/viet-phrase-catalog.json","planned","0","planned-authored-audio"
"chị giúp tôi gọi xe công nghệ được không?","Chị giúp tôi gọi xe công nghệ được không?","1","","phrase","vpe-pronoun-help-chi-giup-toi-goi-xe-cong-nghe-duoc-khong","native-ios/Resources/viet-phrase-catalog.json","planned","0","planned-authored-audio"
"chị giúp tôi in vé này được không?","Chị giúp tôi in vé này được không?","1","","phrase","vpe-pronoun-help-chi-giup-toi-in-ve-nay-duoc-khong","native-ios/Resources/viet-phrase-catalog.json","planned","0","planned-authored-audio"
"chị giúp tôi kiểm tra đặt phòng được không?","Chị giúp tôi kiểm tra đặt phòng được không?","1","","phrase","vpe-pronoun-help-chi-giup-toi-kiem-tra-dat-phong-duoc-khong","native-ios/Resources/viet-phrase-catalog.json","planned","0","planned-authored-audio"
"chị giúp tôi kiểm tra vé được không?","Chị giúp tôi kiểm tra vé được không?","1","","phrase","vpe-pronoun-help-chi-giup-toi-kiem-tra-ve-duoc-khong","native-ios/Resources/viet-phrase-catalog.json","planned","0","planned-authored-audio"
"chị giúp tôi mở cửa phòng được không?","Chị giúp tôi mở cửa phòng được không?","1","","phrase","vpe-pronoun-help-chi-giup-toi-mo-cua-phong-duoc-khong","native-ios/Resources/viet-phrase-catalog.json","planned","0","planned-authored-audio"
"chị giúp tôi nhập mã này được không?","Chị giúp tôi nhập mã này được không?","1","","phrase","vpe-pronoun-help-chi-giup-toi-nhap-ma-nay-duoc-khong","native-ios/Resources/viet-phrase-catalog.json","planned","0","planned-authored-audio"
"chị giúp tôi sạc điện thoại được không?","Chị giúp tôi sạc điện thoại được không?","1","","phrase","vpe-pronoun-help-chi-giup-toi-sac-dien-thoai-duoc-khong","native-ios/Resources/viet-phrase-catalog.json","planned","0","planned-authored-audio"
"chị giúp tôi scan mã qr được không?","Chị giúp tôi scan mã QR được không?","1","","phrase","vpe-pronoun-help-chi-giup-toi-scan-ma-qr-duoc-khong","native-ios/Resources/viet-phrase-catalog.json","planned","0","planned-authored-audio"
"chị giúp tôi sửa wi-fi được không?","Chị giúp tôi sửa Wi-Fi được không?","1","","phrase","vpe-pronoun-help-chi-giup-toi-sua-wi-fi-duoc-khong","native-ios/Resources/viet-phrase-catalog.json","planned","0","planned-authored-audio"
"chị giúp tôi tìm hành lý được không?","Chị giúp tôi tìm hành lý được không?","1","","phrase","vpe-pronoun-help-chi-giup-toi-tim-hanh-ly-duoc-khong","native-ios/Resources/viet-phrase-catalog.json","planned","0","planned-authored-audio"
"chỉ giúp tôi trên bản đồ được không?","Chỉ giúp tôi trên bản đồ được không?","1","","phrase","vpe-help-action-anh-chi-giup-toi-chi-tren-ban-do-duoc-khong","native-ios/Resources/viet-phrase-catalog.json","planned","0","planned-authored-audio"
"chị giúp tôi viết địa chỉ được không?","Chị giúp tôi viết địa chỉ được không?","1","","phrase","vpe-pronoun-help-chi-giup-toi-viet-dia-chi-duoc-khong","native-ios/Resources/viet-phrase-catalog.json","planned","0","planned-authored-audio"
"chỉ nhận tiền mặt","Chỉ nhận tiền mặt","1","","phrase","vpe-likely-replies-chi-nhan-tien-mat","native-ios/Resources/viet-phrase-catalog.json","planned","0","planned-authored-audio"
"chìa khóa phòng bao nhiêu tiền?","chìa khóa phòng bao nhiêu tiền?","1","","phrase","vpe-price-item-chia-khoa-phong-bao-nhieu-tien","native-ios/Resources/viet-phrase-catalog.json","planned","0","planned-authored-audio"
"chợ an cựu gần đây không?","Chợ An Cựu gần đây không?","1","","phrase","city-hue-near-an-cuu-market","native-ios/Resources/viet-phrase-catalog.json","planned","0","planned-authored-audio"
"chợ an cựu ở đâu?","Chợ An Cựu ở đâu?","1","","phrase","city-hue-where-an-cuu-market","native-ios/Resources/viet-phrase-catalog.json","planned","0","planned-authored-audio"
"chợ an đông","Chợ An Đông","1","","phrase","city-hcmc-place-an-dong-market","native-ios/Resources/viet-phrase-catalog.json","planned","0","planned-authored-audio"
"chợ bắc mỹ an","Chợ Bắc Mỹ An","1","","phrase","city-danang-place-bac-my-an-market","native-ios/Resources/viet-phrase-catalog.json","planned","0","planned-authored-audio"
"chợ bến ngự","Chợ Bến Ngự","1","","phrase","city-hue-place-ben-ngu-market","native-ios/Resources/viet-phrase-catalog.json","planned","0","planned-authored-audio"
"chợ bến thành gần đây không?","Chợ Bến Thành gần đây không?","1","","phrase","city-hcmc-near-ben-thanh-market","native-ios/Resources/viet-phrase-catalog.json","planned","0","planned-authored-audio"
"chợ bến thành ở đâu?","Chợ Bến Thành ở đâu?","1","","phrase","city-hcmc-where-ben-thanh","native-ios/Resources/viet-phrase-catalog.json","planned","0","planned-authored-audio"
"chợ bình tây gần đây không?","Chợ Bình Tây gần đây không?","1","","phrase","city-hcmc-near-binh-tay-market","native-ios/Resources/viet-phrase-catalog.json","planned","0","planned-authored-audio"
"chợ bình tây ở đâu?","Chợ Bình Tây ở đâu?","1","","phrase","city-hcmc-where-binh-tay-market","native-ios/Resources/viet-phrase-catalog.json","planned","0","planned-authored-audio"
"chợ bình tây xa không?","Chợ Bình Tây xa không?","1","","phrase","city-hcmc-binh-tay-far","native-ios/Resources/viet-phrase-catalog.json","planned","0","planned-authored-audio"
"chợ bưởi","Chợ Bưởi","1","","phrase","city-hanoi-place-cho-buoi-market","native-ios/Resources/viet-phrase-catalog.json","planned","0","planned-authored-audio"
"chợ cồn gần đây không?","Chợ Cồn gần đây không?","1","","phrase","city-danang-near-con-market","native-ios/Resources/viet-phrase-catalog.json","planned","0","planned-authored-audio"
"chợ cồn ở đâu?","Chợ Cồn ở đâu?","1","","phrase","city-danang-where-con-market","native-ios/Resources/viet-phrase-catalog.json","planned","0","planned-authored-audio"
"chỗ đậu taxi gần đây không?","chỗ đậu taxi gần đây không?","1","","phrase","vpe-near-place-cho-dau-taxi-gan-day-khong","native-ios/Resources/viet-phrase-catalog.json","planned","0","planned-authored-audio"
"chỗ đậu taxi ở đâu?","chỗ đậu taxi ở đâu?","1","","phrase","vpe-where-place-cho-dau-taxi-o-dau","native-ios/Resources/viet-phrase-catalog.json","planned","0","planned-authored-audio"
"chợ đêm helio gần đây không?","Chợ đêm Helio gần đây không?","1","","phrase","city-danang-near-helio-night-market","native-ios/Resources/viet-phrase-catalog.json","planned","0","planned-authored-audio"
"chợ đêm helio ở đâu?","Chợ đêm Helio ở đâu?","1","","phrase","city-danang-where-helio-night-market","native-ios/Resources/viet-phrase-catalog.json","planned","0","planned-authored-audio"
"chợ đêm hội an gần đây không?","Chợ đêm Hội An gần đây không?","1","","phrase","city-hoian-near-night-market","native-ios/Resources/viet-phrase-catalog.json","planned","0","planned-authored-audio"
"chợ đêm hội an ở đâu?","Chợ đêm Hội An ở đâu?","1","","phrase","city-hoian-where-night-market","native-ios/Resources/viet-phrase-catalog.json","planned","0","planned-authored-audio"
"chợ đêm huế gần đây không?","Chợ đêm Huế gần đây không?","1","","phrase","city-hue-near-night-market","native-ios/Resources/viet-phrase-catalog.json","planned","0","planned-authored-audio"
"chợ đêm huế ở đâu?","Chợ đêm Huế ở đâu?","1","","phrase","city-hue-where-night-market","native-ios/Resources/viet-phrase-catalog.json","planned","0","planned-authored-audio"
"chợ đêm lê duẩn","Chợ đêm Lê Duẩn","1","","phrase","city-danang-place-le-duan-night-market","native-ios/Resources/viet-phrase-catalog.json","planned","0","planned-authored-audio"
"chợ đêm nguyễn hoàng gần đây không?","Chợ đêm Nguyễn Hoàng gần đây không?","1","","phrase","city-hoian-near-nguyen-hoang-night-market","native-ios/Resources/viet-phrase-catalog.json","planned","0","planned-authored-audio"
"chợ đêm nguyễn hoàng ở đâu?","Chợ đêm Nguyễn Hoàng ở đâu?","1","","phrase","city-hoian-where-nguyen-hoang-night-market","native-ios/Resources/viet-phrase-catalog.json","planned","0","planned-authored-audio"
"chợ đêm phố cổ hà nội","Chợ đêm phố cổ Hà Nội","1","","phrase","city-hanoi-place-weekend-night-market","native-ios/Resources/viet-phrase-catalog.json","planned","0","planned-authored-audio"
"chợ đêm sơn trà gần đây không?","Chợ đêm Sơn Trà gần đây không?","1","","phrase","city-danang-near-son-tra-night-market","native-ios/Resources/viet-phrase-catalog.json","planned","0","planned-authored-audio"
"chợ đêm sơn trà ở đâu?","Chợ đêm Sơn Trà ở đâu?","1","","phrase","city-danang-where-son-tra-night-market","native-ios/Resources/viet-phrase-catalog.json","planned","0","planned-authored-audio"
"chợ đông ba gần đây không?","Chợ Đông Ba gần đây không?","1","","phrase","city-hue-near-dong-ba","native-ios/Resources/viet-phrase-catalog.json","planned","0","planned-authored-audio"
"chợ đông ba ở đâu?","Chợ Đông Ba ở đâu?","1","","phrase","city-hue-where-dong-ba-market","native-ios/Resources/viet-phrase-catalog.json","planned","0","planned-authored-audio"
"chợ đồng xuân gần đây không?","Chợ Đồng Xuân gần đây không?","1","","phrase","city-hanoi-near-dong-xuan-market","native-ios/Resources/viet-phrase-catalog.json","planned","0","planned-authored-audio"
"chợ đồng xuân ở đâu?","Chợ Đồng Xuân ở đâu?","1","","phrase","city-hanoi-where-dong-xuan","native-ios/Resources/viet-phrase-catalog.json","planned","0","planned-authored-audio"
"chợ gần đây không?","chợ gần đây không?","1","","phrase","vpe-near-place-cho-gan-day-khong","native-ios/Resources/viet-phrase-catalog.json","planned","0","planned-authored-audio"
"chỗ gửi hành lý gần đây không?","chỗ gửi hành lý gần đây không?","1","","phrase","vpe-near-place-cho-gui-hanh-ly-gan-day-khong","native-ios/Resources/viet-phrase-catalog.json","planned","0","planned-authored-audio"
"chỗ gửi hành lý ở đâu?","chỗ gửi hành lý ở đâu?","1","","phrase","vpe-where-place-cho-gui-hanh-ly-o-dau","native-ios/Resources/viet-phrase-catalog.json","planned","0","planned-authored-audio"
"chợ hàn gần đây không?","Chợ Hàn gần đây không?","1","","phrase","city-danang-near-han-market","native-ios/Resources/viet-phrase-catalog.json","planned","0","planned-authored-audio"
"chợ hàn ở đâu?","Chợ Hàn ở đâu?","1","","phrase","city-danang-where-han-market","native-ios/Resources/viet-phrase-catalog.json","planned","0","planned-authored-audio"
"chợ hàng da","Chợ Hàng Da","1","","phrase","city-hanoi-place-hang-da-market","native-ios/Resources/viet-phrase-catalog.json","planned","0","planned-authored-audio"
"chợ hoa hồ thị kỷ gần đây không?","Chợ hoa Hồ Thị Kỷ gần đây không?","1","","phrase","city-hcmc-near-ho-thi-ky-flower-market","native-ios/Resources/viet-phrase-catalog.json","planned","0","planned-authored-audio"
"chợ hoa hồ thị kỷ ở đâu?","Chợ hoa Hồ Thị Kỷ ở đâu?","1","","phrase","city-hcmc-where-ho-thi-ky-flower-market","native-ios/Resources/viet-phrase-catalog.json","planned","0","planned-authored-audio"
"chợ hoa quảng bá","Chợ hoa Quảng Bá","1","","phrase","city-hanoi-place-quang-ba-flower-market","native-ios/Resources/viet-phrase-catalog.json","planned","0","planned-authored-audio"
"chợ hội an gần đây không?","Chợ Hội An gần đây không?","1","","phrase","city-hoian-near-market","native-ios/Resources/viet-phrase-catalog.json","planned","0","planned-authored-audio"
"chợ hội an ở đâu?","Chợ Hội An ở đâu?","1","","phrase","city-hoian-where-market","native-ios/Resources/viet-phrase-catalog.json","planned","0","planned-authored-audio"
"chợ hôm","Chợ Hôm","1","","phrase","city-hanoi-place-hom-market","native-ios/Resources/viet-phrase-catalog.json","planned","0","planned-authored-audio"
"chợ lớn ở đâu?","Chợ Lớn ở đâu?","1","","phrase","city-hcmc-where-cho-lon","native-ios/Resources/viet-phrase-catalog.json","planned","0","planned-authored-audio"
"chợ long biên gần đây không?","Chợ Long Biên gần đây không?","1","","phrase","city-hanoi-near-long-bien-market","native-ios/Resources/viet-phrase-catalog.json","planned","0","planned-authored-audio"
"chợ long biên ở đâu?","Chợ Long Biên ở đâu?","1","","phrase","city-hanoi-where-long-bien-market","native-ios/Resources/viet-phrase-catalog.json","planned","0","planned-authored-audio"
"chờ một chút","Chờ một chút","1","","phrase","vpe-likely-replies-cho-mot-chut","native-ios/Resources/viet-phrase-catalog.json","planned","0","planned-authored-audio"
"chợ nga","Chợ Nga","1","","phrase","city-hcmc-place-russian-market","native-ios/Resources/viet-phrase-catalog.json","planned","0","planned-authored-audio"
"chỗ ngồi cạnh lối đi bao nhiêu tiền?","chỗ ngồi cạnh lối đi bao nhiêu tiền?","1","","phrase","vpe-price-item-cho-ngoi-canh-loi-di-bao-nhieu-tien","native-ios/Resources/viet-phrase-catalog.json","planned","0","planned-authored-audio"
"chỗ ngồi gần cửa sổ bao nhiêu tiền?","chỗ ngồi gần cửa sổ bao nhiêu tiền?","1","","phrase","vpe-price-item-cho-ngoi-gan-cua-so-bao-nhieu-tien","native-ios/Resources/viet-phrase-catalog.json","planned","0","planned-authored-audio"
"chỗ ngồi gần đây không?","chỗ ngồi gần đây không?","1","","phrase","vpe-near-place-cho-ngoi-gan-day-khong","native-ios/Resources/viet-phrase-catalog.json","planned","0","planned-authored-audio"
"chỗ ngồi ở đâu?","chỗ ngồi ở đâu?","1","","phrase","vpe-where-place-cho-ngoi-o-dau","native-ios/Resources/viet-phrase-catalog.json","planned","0","planned-authored-audio"
"chỗ ngồi yên tĩnh bao nhiêu tiền?","chỗ ngồi yên tĩnh bao nhiêu tiền?","1","","phrase","vpe-price-item-cho-ngoi-yen-tinh-bao-nhieu-tien","native-ios/Resources/viet-phrase-catalog.json","planned","0","planned-authored-audio"
"chợ ở đâu?","chợ ở đâu?","1","","phrase","vpe-where-place-cho-o-dau","native-ios/Resources/viet-phrase-catalog.json","planned","0","planned-authored-audio"
"chợ phú hậu","Chợ Phú Hậu","1","","phrase","city-hue-place-phu-hau-market","native-ios/Resources/viet-phrase-catalog.json","planned","0","planned-authored-audio"
"chợ tây lộc","Chợ Tây Lộc","1","","phrase","city-hue-place-tay-loc-market","native-ios/Resources/viet-phrase-catalog.json","planned","0","planned-authored-audio"
"cho tôi ảnh thẻ","Cho tôi ảnh thẻ","1","","phrase","vpe-one-item-please-cho-toi-mot-anh-the","native-ios/Resources/viet-phrase-catalog.json","planned","0","planned-authored-audio"
"cho tôi áo mưa","Cho tôi áo mưa","1","","phrase","vpe-one-item-please-cho-toi-mot-ao-mua","native-ios/Resources/viet-phrase-catalog.json","planned","0","planned-authored-audio"
"cho tôi áo thun","Cho tôi áo thun","1","","phrase","vpe-one-item-please-cho-toi-mot-ao-thun","native-ios/Resources/viet-phrase-catalog.json","planned","0","planned-authored-audio"
"cho tôi ba lô nhỏ","Cho tôi ba lô nhỏ","1","","phrase","vpe-one-item-please-cho-toi-mot-ba-lo-nho","native-ios/Resources/viet-phrase-catalog.json","planned","0","planned-authored-audio"
"cho tôi bàn chải đánh răng","Cho tôi bàn chải đánh răng","1","","phrase","vpe-one-item-please-cho-toi-mot-ban-chai-danh-rang","native-ios/Resources/viet-phrase-catalog.json","planned","0","planned-authored-audio"
"cho tôi bàn cho hai người","Cho tôi bàn cho hai người","1","","phrase","vpe-one-item-please-cho-toi-mot-ban-cho-hai-nguoi","native-ios/Resources/viet-phrase-catalog.json","planned","0","planned-authored-audio"
"cho tôi bản đồ giấy","Cho tôi bản đồ giấy","1","","phrase","vpe-one-item-please-cho-toi-mot-ban-do-giay","native-ios/Resources/viet-phrase-catalog.json","planned","0","planned-authored-audio"
"cho tôi bàn ngoài trời","Cho tôi bàn ngoài trời","1","","phrase","vpe-one-item-please-cho-toi-mot-ban-ngoai-troi","native-ios/Resources/viet-phrase-catalog.json","planned","0","planned-authored-audio"
"cho tôi bản sao hộ chiếu","Cho tôi bản sao hộ chiếu","1","","phrase","vpe-one-item-please-cho-toi-mot-ban-sao-ho-chieu","native-ios/Resources/viet-phrase-catalog.json","planned","0","planned-authored-audio"
"cho tôi băng cá nhân","Cho tôi băng cá nhân","1","","phrase","vpe-one-item-please-cho-toi-mot-bang-ca-nhan","native-ios/Resources/viet-phrase-catalog.json","planned","0","planned-authored-audio"
"cho tôi bánh mì chay","Cho tôi bánh mì chay","1","","phrase","vpe-one-item-please-cho-toi-mot-banh-mi-chay","native-ios/Resources/viet-phrase-catalog.json","planned","0","planned-authored-audio"
"cho tôi bánh xèo","Cho tôi bánh xèo","1","","phrase","vpe-one-item-please-cho-toi-mot-banh-xeo","native-ios/Resources/viet-phrase-catalog.json","planned","0","planned-authored-audio"
"cho tôi biên lai được không?","Cho tôi biên lai được không?","1","","phrase","vpe-help-action-anh-chi-giup-toi-dua-toi-bien-lai-duoc-khong","native-ios/Resources/viet-phrase-catalog.json","planned","0","planned-authored-audio"
"cho tôi biên lai thanh toán","Cho tôi biên lai thanh toán","1","","phrase","vpe-one-item-please-cho-toi-mot-bien-lai-thanh-toan","native-ios/Resources/viet-phrase-catalog.json","planned","0","planned-authored-audio"
"cho tôi bún bò huế","Cho tôi bún bò Huế","1","","phrase","city-hue-stop-bun-bo-city","native-ios/Resources/viet-phrase-catalog.json","planned","0","planned-authored-audio"
"cho tôi bún chả","Cho tôi bún chả","1","","phrase","vpe-one-item-please-cho-toi-mot-bun-cha","native-ios/Resources/viet-phrase-catalog.json","planned","0","planned-authored-audio"
"cho tôi cà phê đen","Cho tôi cà phê đen","1","","phrase","vpe-one-item-please-cho-toi-mot-ca-phe-den","native-ios/Resources/viet-phrase-catalog.json","planned","0","planned-authored-audio"
"cho tôi cà phê ít đường","Cho tôi cà phê ít đường","1","","phrase","vpe-one-item-please-cho-toi-mot-ca-phe-it-duong","native-ios/Resources/viet-phrase-catalog.json","planned","0","planned-authored-audio"
"cho tôi cà phê rang","Cho tôi cà phê rang","1","","phrase","vpe-one-item-please-cho-toi-mot-ca-phe-rang","native-ios/Resources/viet-phrase-catalog.json","planned","0","planned-authored-audio"
"cho tôi cao lầu","Cho tôi cao lầu","1","","phrase","city-hoian-stop-cao-lau-city","native-ios/Resources/viet-phrase-catalog.json","planned","0","planned-authored-audio"
"cho tôi chìa khóa phòng","Cho tôi chìa khóa phòng","1","","phrase","vpe-one-item-please-cho-toi-mot-chia-khoa-phong","native-ios/Resources/viet-phrase-catalog.json","planned","0","planned-authored-audio"
"cho tôi chỗ ngồi cạnh lối đi","Cho tôi chỗ ngồi cạnh lối đi","1","","phrase","vpe-one-item-please-cho-toi-mot-cho-ngoi-canh-loi-di","native-ios/Resources/viet-phrase-catalog.json","planned","0","planned-authored-audio"
"cho tôi chỗ ngồi gần cửa sổ","Cho tôi chỗ ngồi gần cửa sổ","1","","phrase","vpe-one-item-please-cho-toi-mot-cho-ngoi-gan-cua-so","native-ios/Resources/viet-phrase-catalog.json","planned","0","planned-authored-audio"
"cho tôi chỗ ngồi yên tĩnh","Cho tôi chỗ ngồi yên tĩnh","1","","phrase","vpe-one-item-please-cho-toi-mot-cho-ngoi-yen-tinh","native-ios/Resources/viet-phrase-catalog.json","planned","0","planned-authored-audio"
"cho tôi cơm trắng","Cho tôi cơm trắng","1","","phrase","vpe-one-item-please-cho-toi-mot-com-trang","native-ios/Resources/viet-phrase-catalog.json","planned","0","planned-authored-audio"
"cho tôi đá","Cho tôi đá","1","","phrase","vpe-one-item-please-cho-toi-mot-da","native-ios/Resources/viet-phrase-catalog.json","planned","0","planned-authored-audio"
"cho tôi dầu gội","Cho tôi dầu gội","1","","phrase","vpe-one-item-please-cho-toi-mot-dau-goi","native-ios/Resources/viet-phrase-catalog.json","planned","0","planned-authored-audio"
"cho tôi dây sạc","Cho tôi dây sạc","1","","phrase","vpe-one-item-please-cho-toi-mot-day-sac","native-ios/Resources/viet-phrase-catalog.json","planned","0","planned-authored-audio"
"cho tôi đến atm","Cho tôi đến ATM","1","","phrase","vpe-take-me-place-cho-toi-den-atm","native-ios/Resources/viet-phrase-catalog.json","planned","0","planned-authored-audio"
"cho tôi đến bãi biển","Cho tôi đến bãi biển","1","","phrase","vpe-take-me-place-cho-toi-den-bai-bien","native-ios/Resources/viet-phrase-catalog.json","planned","0","planned-authored-audio"
"cho tôi đến bãi đậu xe","Cho tôi đến bãi đậu xe","1","","phrase","vpe-take-me-place-cho-toi-den-bai-dau-xe","native-ios/Resources/viet-phrase-catalog.json","planned","0","planned-authored-audio"
"cho tôi đến bãi gửi xe máy","Cho tôi đến bãi gửi xe máy","1","","phrase","vpe-take-me-place-cho-toi-den-bai-gui-xe-may","native-ios/Resources/viet-phrase-catalog.json","planned","0","planned-authored-audio"
"cho tôi đến bàn hướng dẫn","Cho tôi đến bàn hướng dẫn","1","","phrase","vpe-take-me-place-cho-toi-den-ban-huong-dan","native-ios/Resources/viet-phrase-catalog.json","planned","0","planned-authored-audio"
"cho tôi đến bảo tàng","Cho tôi đến bảo tàng","1","","phrase","vpe-take-me-place-cho-toi-den-bao-tang","native-ios/Resources/viet-phrase-catalog.json","planned","0","planned-authored-audio"
"cho tôi đến bến phà","Cho tôi đến bến phà","1","","phrase","vpe-take-me-place-cho-toi-den-ben-pha","native-ios/Resources/viet-phrase-catalog.json","planned","0","planned-authored-audio"
"cho tôi đến bến tàu","Cho tôi đến bến tàu","1","","phrase","vpe-take-me-place-cho-toi-den-ben-tau","native-ios/Resources/viet-phrase-catalog.json","planned","0","planned-authored-audio"
"cho tôi đến bến xe","Cho tôi đến bến xe","1","","phrase","vpe-take-me-place-cho-toi-den-ben-xe","native-ios/Resources/viet-phrase-catalog.json","planned","0","planned-authored-audio"
"cho tôi đến bệnh viện","Cho tôi đến bệnh viện","1","","phrase","vpe-take-me-place-cho-toi-den-benh-vien","native-ios/Resources/viet-phrase-catalog.json","planned","0","planned-authored-audio"
"cho tôi đến bưu điện","Cho tôi đến bưu điện","1","","phrase","vpe-take-me-place-cho-toi-den-buu-dien","native-ios/Resources/viet-phrase-catalog.json","planned","0","planned-authored-audio"
"cho tôi đến cầu","Cho tôi đến cầu","1","","phrase","vpe-take-me-place-cho-toi-den-cau","native-ios/Resources/viet-phrase-catalog.json","planned","0","planned-authored-audio"
"cho tôi đến cây nước nóng","Cho tôi đến cây nước nóng","1","","phrase","vpe-take-me-place-cho-toi-den-cay-nuoc-nong","native-ios/Resources/viet-phrase-catalog.json","planned","0","planned-authored-audio"
"cho tôi đến chợ","Cho tôi đến chợ","1","","phrase","vpe-take-me-place-cho-toi-den-cho","native-ios/Resources/viet-phrase-catalog.json","planned","0","planned-authored-audio"
"cho tôi đến chỗ đậu taxi","Cho tôi đến chỗ đậu taxi","1","","phrase","vpe-take-me-place-cho-toi-den-cho-dau-taxi","native-ios/Resources/viet-phrase-catalog.json","planned","0","planned-authored-audio"
"cho tôi đến chỗ gửi hành lý","Cho tôi đến chỗ gửi hành lý","1","","phrase","vpe-take-me-place-cho-toi-den-cho-gui-hanh-ly","native-ios/Resources/viet-phrase-catalog.json","planned","0","planned-authored-audio"
"cho tôi đến chỗ ngồi","Cho tôi đến chỗ ngồi","1","","phrase","vpe-take-me-place-cho-toi-den-cho-ngoi","native-ios/Resources/viet-phrase-catalog.json","planned","0","planned-authored-audio"
"cho tôi đến chùa","Cho tôi đến chùa","1","","phrase","vpe-take-me-place-cho-toi-den-chua","native-ios/Resources/viet-phrase-catalog.json","planned","0","planned-authored-audio"
"cho tôi đến cổng lên máy bay","Cho tôi đến cổng lên máy bay","1","","phrase","vpe-take-me-place-cho-toi-den-cong-len-may-bay","native-ios/Resources/viet-phrase-catalog.json","planned","0","planned-authored-audio"
"cho tôi đến công viên","Cho tôi đến công viên","1","","phrase","vpe-take-me-place-cho-toi-den-cong-vien","native-ios/Resources/viet-phrase-catalog.json","planned","0","planned-authored-audio"
"cho tôi đến cửa hải quan","Cho tôi đến cửa hải quan","1","","phrase","vpe-take-me-place-cho-toi-den-cua-hai-quan","native-ios/Resources/viet-phrase-catalog.json","planned","0","planned-authored-audio"
"cho tôi đến cửa hàng điện thoại","Cho tôi đến cửa hàng điện thoại","1","","phrase","vpe-take-me-place-cho-toi-den-cua-hang-dien-thoai","native-ios/Resources/viet-phrase-catalog.json","planned","0","planned-authored-audio"
"cho tôi đến cửa hàng tiện lợi","Cho tôi đến cửa hàng tiện lợi","1","","phrase","vpe-take-me-place-cho-toi-den-cua-hang-tien-loi","native-ios/Resources/viet-phrase-catalog.json","planned","0","planned-authored-audio"
"cho tôi đến cửa khởi hành","Cho tôi đến cửa khởi hành","1","","phrase","vpe-take-me-place-cho-toi-den-cua-khoi-hanh","native-ios/Resources/viet-phrase-catalog.json","planned","0","planned-authored-audio"
"cho tôi đến cửa ra","Cho tôi đến cửa ra","1","","phrase","vpe-take-me-place-cho-toi-den-cua-ra","native-ios/Resources/viet-phrase-catalog.json","planned","0","planned-authored-audio"
"cho tôi đến điểm bán sim","Cho tôi đến điểm bán SIM","1","","phrase","vpe-take-me-place-cho-toi-den-diem-ban-sim","native-ios/Resources/viet-phrase-catalog.json","planned","0","planned-authored-audio"
"cho tôi đến điểm đón xe","Cho tôi đến điểm đón xe","1","","phrase","vpe-take-me-place-cho-toi-den-diem-don-xe","native-ios/Resources/viet-phrase-catalog.json","planned","0","planned-authored-audio"
"cho tôi đến điểm hẹn","Cho tôi đến điểm hẹn","1","","phrase","vpe-take-me-place-cho-toi-den-diem-hen","native-ios/Resources/viet-phrase-catalog.json","planned","0","planned-authored-audio"
"cho tôi đến đồn công an","Cho tôi đến đồn công an","1","","phrase","vpe-take-me-place-cho-toi-den-don-cong-an","native-ios/Resources/viet-phrase-catalog.json","planned","0","planned-authored-audio"
"cho tôi đến đường bạch đằng.","Cho tôi đến đường Bạch Đằng.","1","","phrase","ves-to-bach-dang-street","native-ios/Resources/viet-phrase-catalog.json","planned","0","planned-authored-audio"
"cho tôi đến đường chính","Cho tôi đến đường chính","1","","phrase","vpe-take-me-place-cho-toi-den-duong-chinh","native-ios/Resources/viet-phrase-catalog.json","planned","0","planned-authored-audio"
"cho tôi đến đường một chiều","Cho tôi đến đường một chiều","1","","phrase","vpe-take-me-place-cho-toi-den-duong-mot-chieu","native-ios/Resources/viet-phrase-catalog.json","planned","0","planned-authored-audio"
"cho tôi đến đường nguyễn văn linh.","Cho tôi đến đường Nguyễn Văn Linh.","1","","phrase","ves-to-nguyen-van-linh-street","native-ios/Resources/viet-phrase-catalog.json","planned","0","planned-authored-audio"
"cho tôi đến đường võ nguyên giáp.","Cho tôi đến đường Võ Nguyên Giáp.","1","","phrase","ves-to-vo-nguyen-giap-street","native-ios/Resources/viet-phrase-catalog.json","planned","0","planned-authored-audio"
"cho tôi đến ga tàu","Cho tôi đến ga tàu","1","","phrase","vpe-take-me-place-cho-toi-den-ga-tau","native-ios/Resources/viet-phrase-catalog.json","planned","0","planned-authored-audio"
"cho tôi đến hẻm này","Cho tôi đến hẻm này","1","","phrase","vpe-take-me-place-cho-toi-den-hem-nay","native-ios/Resources/viet-phrase-catalog.json","planned","0","planned-authored-audio"
"cho tôi đến hiệu kính thuốc","Cho tôi đến hiệu kính thuốc","1","","phrase","vpe-take-me-place-cho-toi-den-hieu-kinh-thuoc","native-ios/Resources/viet-phrase-catalog.json","planned","0","planned-authored-audio"
"cho tôi đến hồ","Cho tôi đến hồ","1","","phrase","vpe-take-me-place-cho-toi-den-ho","native-ios/Resources/viet-phrase-catalog.json","planned","0","planned-authored-audio"
"cho tôi đến khách sạn","Cho tôi đến khách sạn","1","","phrase","vpe-take-me-place-cho-toi-den-khach-san","native-ios/Resources/viet-phrase-catalog.json","planned","0","planned-authored-audio"
"cho tôi đến khu ẩm thực","Cho tôi đến khu ẩm thực","1","","phrase","vpe-take-me-place-cho-toi-den-khu-am-thuc","native-ios/Resources/viet-phrase-catalog.json","planned","0","planned-authored-audio"
"cho tôi đến khu kiểm tra an ninh","Cho tôi đến khu kiểm tra an ninh","1","","phrase","vpe-take-me-place-cho-toi-den-khu-kiem-tra-an-ninh","native-ios/Resources/viet-phrase-catalog.json","planned","0","planned-authored-audio"
"cho tôi đến khu lấy hành lý","Cho tôi đến khu lấy hành lý","1","","phrase","vpe-take-me-place-cho-toi-den-khu-lay-hanh-ly","native-ios/Resources/viet-phrase-catalog.json","planned","0","planned-authored-audio"
"cho tôi đến khu vực hút thuốc","Cho tôi đến khu vực hút thuốc","1","","phrase","vpe-take-me-place-cho-toi-den-khu-vuc-hut-thuoc","native-ios/Resources/viet-phrase-catalog.json","planned","0","planned-authored-audio"
"cho tôi đến lối sang đường","Cho tôi đến lối sang đường","1","","phrase","vpe-take-me-place-cho-toi-den-loi-sang-duong","native-ios/Resources/viet-phrase-catalog.json","planned","0","planned-authored-audio"
"cho tôi đến lối vào","Cho tôi đến lối vào","1","","phrase","vpe-take-me-place-cho-toi-den-loi-vao","native-ios/Resources/viet-phrase-catalog.json","planned","0","planned-authored-audio"
"cho tôi đến máy bán vé","Cho tôi đến máy bán vé","1","","phrase","vpe-take-me-place-cho-toi-den-may-ban-ve","native-ios/Resources/viet-phrase-catalog.json","planned","0","planned-authored-audio"
"cho tôi đến máy in","Cho tôi đến máy in","1","","phrase","vpe-take-me-place-cho-toi-den-may-in","native-ios/Resources/viet-phrase-catalog.json","planned","0","planned-authored-audio"
"cho tôi đến máy photocopy","Cho tôi đến máy photocopy","1","","phrase","vpe-take-me-place-cho-toi-den-may-photocopy","native-ios/Resources/viet-phrase-catalog.json","planned","0","planned-authored-audio"
"cho tôi đến ngã tư","Cho tôi đến ngã tư","1","","phrase","vpe-take-me-place-cho-toi-den-nga-tu","native-ios/Resources/viet-phrase-catalog.json","planned","0","planned-authored-audio"
"cho tôi đến ngân hàng","Cho tôi đến ngân hàng","1","","phrase","vpe-take-me-place-cho-toi-den-ngan-hang","native-ios/Resources/viet-phrase-catalog.json","planned","0","planned-authored-audio"
"cho tôi đến nhà hàng","Cho tôi đến nhà hàng","1","","phrase","vpe-take-me-place-cho-toi-den-nha-hang","native-ios/Resources/viet-phrase-catalog.json","planned","0","planned-authored-audio"
"cho tôi đến nhà hàng anăn sài gòn.","Cho tôi đến nhà hàng Anăn Sài Gòn.","1","","phrase","city-hcmc-go-anan-saigon","native-ios/Resources/viet-phrase-catalog.json","planned","0","planned-authored-audio"
"cho tôi đến nhà hàng bánh mì phượng.","Cho tôi đến nhà hàng Bánh mì Phượng.","1","","phrase","city-hoian-go-banh-mi-phuong","native-ios/Resources/viet-phrase-catalog.json","planned","0","planned-authored-audio"
"cho tôi đến nhà hàng bún chả hương liên.","Cho tôi đến nhà hàng Bún chả Hương Liên.","1","","phrase","city-hanoi-go-bun-cha-huong-lien","native-ios/Resources/viet-phrase-catalog.json","planned","0","planned-authored-audio"
"cho tôi đến nhà hàng chả cá thăng long.","Cho tôi đến nhà hàng Chả cá Thăng Long.","1","","phrase","city-hanoi-go-cha-ca-thang-long","native-ios/Resources/viet-phrase-catalog.json","planned","0","planned-authored-audio"
"cho tôi đến nhà hàng les jardins de la carambole.","Cho tôi đến nhà hàng Les Jardins de la Carambole.","1","","phrase","city-hue-go-les-jardins","native-ios/Resources/viet-phrase-catalog.json","planned","0","planned-authored-audio"
"cho tôi đến nhà hàng morning glory hội an.","Cho tôi đến nhà hàng Morning Glory Hội An.","1","","phrase","city-hoian-go-morning-glory","native-ios/Resources/viet-phrase-catalog.json","planned","0","planned-authored-audio"
"cho tôi đến nhà hàng nén đà nẵng.","Cho tôi đến nhà hàng Nén Đà Nẵng.","1","","phrase","city-danang-go-nen","native-ios/Resources/viet-phrase-catalog.json","planned","0","planned-authored-audio"
"cho tôi đến nhà hàng phở bát đàn.","Cho tôi đến nhà hàng Phở Bát Đàn.","1","","phrase","city-hanoi-go-pho-bat-dan","native-ios/Resources/viet-phrase-catalog.json","planned","0","planned-authored-audio"
"cho tôi đến nhà hàng phở hòa pasteur.","Cho tôi đến nhà hàng Phở Hòa Pasteur.","1","","phrase","city-hcmc-go-pho-hoa-pasteur","native-ios/Resources/viet-phrase-catalog.json","planned","0","planned-authored-audio"
"cho tôi đến nhà hàng tầm vị.","Cho tôi đến nhà hàng Tầm Vị.","1","","phrase","city-hanoi-go-tam-vi","native-ios/Resources/viet-phrase-catalog.json","planned","0","planned-authored-audio"
"cho tôi đến nhà thờ","Cho tôi đến nhà thờ","1","","phrase","vpe-take-me-place-cho-toi-den-nha-tho","native-ios/Resources/viet-phrase-catalog.json","planned","0","planned-authored-audio"
"cho tôi đến nhà thuốc","Cho tôi đến nhà thuốc","1","","phrase","vpe-take-me-place-cho-toi-den-nha-thuoc","native-ios/Resources/viet-phrase-catalog.json","planned","0","planned-authored-audio"
"cho tôi đến nhà vệ sinh","Cho tôi đến nhà vệ sinh","1","","phrase","vpe-take-me-place-cho-toi-den-nha-ve-sinh","native-ios/Resources/viet-phrase-catalog.json","planned","0","planned-authored-audio"
"cho tôi đến phố cổ","Cho tôi đến phố cổ","1","","phrase","vpe-take-me-place-cho-toi-den-pho-co","native-ios/Resources/viet-phrase-catalog.json","planned","0","planned-authored-audio"
"cho tôi đến phố đi bộ","Cho tôi đến phố đi bộ","1","","phrase","vpe-take-me-place-cho-toi-den-pho-di-bo","native-ios/Resources/viet-phrase-catalog.json","planned","0","planned-authored-audio"
"cho tôi đến phòng cầu nguyện","Cho tôi đến phòng cầu nguyện","1","","phrase","vpe-take-me-place-cho-toi-den-phong-cau-nguyen","native-ios/Resources/viet-phrase-catalog.json","planned","0","planned-authored-audio"
"cho tôi đến phòng chờ","Cho tôi đến phòng chờ","1","","phrase","vpe-take-me-place-cho-toi-den-phong-cho","native-ios/Resources/viet-phrase-catalog.json","planned","0","planned-authored-audio"
"cho tôi đến phòng khám","Cho tôi đến phòng khám","1","","phrase","vpe-take-me-place-cho-toi-den-phong-kham","native-ios/Resources/viet-phrase-catalog.json","planned","0","planned-authored-audio"
"cho tôi đến phòng thay đồ","Cho tôi đến phòng thay đồ","1","","phrase","vpe-take-me-place-cho-toi-den-phong-thay-do","native-ios/Resources/viet-phrase-catalog.json","planned","0","planned-authored-audio"
"cho tôi đến phòng y tế","Cho tôi đến phòng y tế","1","","phrase","vpe-take-me-place-cho-toi-den-phong-y-te","native-ios/Resources/viet-phrase-catalog.json","planned","0","planned-authored-audio"
"cho tôi đến quán cà phê","Cho tôi đến quán cà phê","1","","phrase","vpe-take-me-place-cho-toi-den-quan-ca-phe","native-ios/Resources/viet-phrase-catalog.json","planned","0","planned-authored-audio"
"cho tôi đến quầy an ninh","Cho tôi đến quầy an ninh","1","","phrase","vpe-take-me-place-cho-toi-den-quay-an-ninh","native-ios/Resources/viet-phrase-catalog.json","planned","0","planned-authored-audio"
"cho tôi đến quầy đặt tour","Cho tôi đến quầy đặt tour","1","","phrase","vpe-take-me-place-cho-toi-den-quay-dat-tour","native-ios/Resources/viet-phrase-catalog.json","planned","0","planned-authored-audio"
"cho tôi đến quầy đổi tiền","Cho tôi đến quầy đổi tiền","1","","phrase","vpe-take-me-place-cho-toi-den-quay-doi-tien","native-ios/Resources/viet-phrase-catalog.json","planned","0","planned-authored-audio"
"cho tôi đến quầy giữ đồ","Cho tôi đến quầy giữ đồ","1","","phrase","vpe-take-me-place-cho-toi-den-quay-giu-do","native-ios/Resources/viet-phrase-catalog.json","planned","0","planned-authored-audio"
"cho tôi đến quầy hoàn thuế","Cho tôi đến quầy hoàn thuế","1","","phrase","vpe-take-me-place-cho-toi-den-quay-hoan-thue","native-ios/Resources/viet-phrase-catalog.json","planned","0","planned-authored-audio"
"cho tôi đến quầy lễ tân","Cho tôi đến quầy lễ tân","1","","phrase","vpe-take-me-place-cho-toi-den-quay-le-tan","native-ios/Resources/viet-phrase-catalog.json","planned","0","planned-authored-audio"
"cho tôi đến quầy thanh toán","Cho tôi đến quầy thanh toán","1","","phrase","vpe-take-me-place-cho-toi-den-quay-thanh-toan","native-ios/Resources/viet-phrase-catalog.json","planned","0","planned-authored-audio"
"cho tôi đến quầy thông tin","Cho tôi đến quầy thông tin","1","","phrase","vpe-take-me-place-cho-toi-den-quay-thong-tin","native-ios/Resources/viet-phrase-catalog.json","planned","0","planned-authored-audio"
"cho tôi đến quầy vé","Cho tôi đến quầy vé","1","","phrase","vpe-take-me-place-cho-toi-den-quay-ve","native-ios/Resources/viet-phrase-catalog.json","planned","0","planned-authored-audio"
"cho tôi đến sân bay","Cho tôi đến sân bay","1","","phrase","vpe-take-me-place-cho-toi-den-san-bay","native-ios/Resources/viet-phrase-catalog.json","planned","0","planned-authored-audio"
"cho tôi đến sân bay đà nẵng","Cho tôi đến sân bay Đà Nẵng","1","","phrase","city-danang-to-airport","native-ios/Resources/viet-phrase-catalog.json","planned","0","planned-authored-audio"
"cho tôi đến siêu thị","Cho tôi đến siêu thị","1","","phrase","vpe-take-me-place-cho-toi-den-sieu-thi","native-ios/Resources/viet-phrase-catalog.json","planned","0","planned-authored-audio"
"cho tôi đến sông","Cho tôi đến sông","1","","phrase","vpe-take-me-place-cho-toi-den-song","native-ios/Resources/viet-phrase-catalog.json","planned","0","planned-authored-audio"
"cho tôi đến thang máy","Cho tôi đến thang máy","1","","phrase","vpe-take-me-place-cho-toi-den-thang-may","native-ios/Resources/viet-phrase-catalog.json","planned","0","planned-authored-audio"
"cho tôi đến thùng rác","Cho tôi đến thùng rác","1","","phrase","vpe-take-me-place-cho-toi-den-thung-rac","native-ios/Resources/viet-phrase-catalog.json","planned","0","planned-authored-audio"
"cho tôi đến tiệm cắt tóc","Cho tôi đến tiệm cắt tóc","1","","phrase","vpe-take-me-place-cho-toi-den-tiem-cat-toc","native-ios/Resources/viet-phrase-catalog.json","planned","0","planned-authored-audio"
"cho tôi đến tiệm giặt ủi","Cho tôi đến tiệm giặt ủi","1","","phrase","vpe-take-me-place-cho-toi-den-tiem-giat-ui","native-ios/Resources/viet-phrase-catalog.json","planned","0","planned-authored-audio"
"cho tôi đến trạm sạc","Cho tôi đến trạm sạc","1","","phrase","vpe-take-me-place-cho-toi-den-tram-sac","native-ios/Resources/viet-phrase-catalog.json","planned","0","planned-authored-audio"
"cho tôi đến trạm xăng","Cho tôi đến trạm xăng","1","","phrase","vpe-take-me-place-cho-toi-den-tram-xang","native-ios/Resources/viet-phrase-catalog.json","planned","0","planned-authored-audio"
"cho tôi đến trạm xe buýt","Cho tôi đến trạm xe buýt","1","","phrase","vpe-take-me-place-cho-toi-den-tram-xe-buyt","native-ios/Resources/viet-phrase-catalog.json","planned","0","planned-authored-audio"
"cho tôi đến trạm y tế","Cho tôi đến trạm y tế","1","","phrase","vpe-take-me-place-cho-toi-den-tram-y-te","native-ios/Resources/viet-phrase-catalog.json","planned","0","planned-authored-audio"
"cho tôi đến trung tâm thương mại","Cho tôi đến trung tâm thương mại","1","","phrase","vpe-take-me-place-cho-toi-den-trung-tam-thuong-mai","native-ios/Resources/viet-phrase-catalog.json","planned","0","planned-authored-audio"
"cho tôi đến văn phòng du lịch","Cho tôi đến văn phòng du lịch","1","","phrase","vpe-take-me-place-cho-toi-den-van-phong-du-lich","native-ios/Resources/viet-phrase-catalog.json","planned","0","planned-authored-audio"
"cho tôi đến vòi nước","Cho tôi đến vòi nước","1","","phrase","vpe-take-me-place-cho-toi-den-voi-nuoc","native-ios/Resources/viet-phrase-catalog.json","planned","0","planned-authored-audio"
"cho tôi dép lê","Cho tôi dép lê","1","","phrase","vpe-one-item-please-cho-toi-mot-dep-le","native-ios/Resources/viet-phrase-catalog.json","planned","0","planned-authored-audio"
"cho tôi địa chỉ","Cho tôi địa chỉ","1","","phrase","vpe-one-item-please-cho-toi-mot-dia-chi","native-ios/Resources/viet-phrase-catalog.json","planned","0","planned-authored-audio"
"cho tôi đồ chay","Cho tôi đồ chay","1","","phrase","vpe-one-item-please-cho-toi-mot-do-chay","native-ios/Resources/viet-phrase-catalog.json","planned","0","planned-authored-audio"
"cho tôi đồ uống lạnh","Cho tôi đồ uống lạnh","1","","phrase","vpe-one-item-please-cho-toi-mot-do-uong-lanh","native-ios/Resources/viet-phrase-catalog.json","planned","0","planned-authored-audio"
"cho tôi đồ uống nóng","Cho tôi đồ uống nóng","1","","phrase","vpe-one-item-please-cho-toi-mot-do-uong-nong","native-ios/Resources/viet-phrase-catalog.json","planned","0","planned-authored-audio"
"cho tôi đũa","Cho tôi đũa","1","","phrase","vpe-one-item-please-cho-toi-mot-dua","native-ios/Resources/viet-phrase-catalog.json","planned","0","planned-authored-audio"
"cho tôi esim","Cho tôi eSIM","1","","phrase","vpe-one-item-please-cho-toi-mot-esim","native-ios/Resources/viet-phrase-catalog.json","planned","0","planned-authored-audio"
"cho tôi giấy vệ sinh","Cho tôi giấy vệ sinh","1","","phrase","vpe-one-item-please-cho-toi-mot-giay-ve-sinh","native-ios/Resources/viet-phrase-catalog.json","planned","0","planned-authored-audio"
"cho tôi gỏi cuốn","Cho tôi gỏi cuốn","1","","phrase","vpe-one-item-please-cho-toi-mot-goi-cuon","native-ios/Resources/viet-phrase-catalog.json","planned","0","planned-authored-audio"
"cho tôi gói data","Cho tôi gói data","1","","phrase","vpe-one-item-please-cho-toi-mot-goi-data","native-ios/Resources/viet-phrase-catalog.json","planned","0","planned-authored-audio"
"cho tôi hóa đơn được không?","Cho tôi hóa đơn được không?","1","","phrase","vpe-help-action-anh-chi-giup-toi-cho-toi-hoa-don-duoc-khong","native-ios/Resources/viet-phrase-catalog.json","planned","0","planned-authored-audio"
"cho tôi hộp mang về","Cho tôi hộp mang về","1","","phrase","vpe-one-item-please-cho-toi-mot-hop-mang-ve","native-ios/Resources/viet-phrase-catalog.json","planned","0","planned-authored-audio"
"cho tôi kem chống muỗi","Cho tôi kem chống muỗi","1","","phrase","vpe-one-item-please-cho-toi-mot-kem-chong-muoi","native-ios/Resources/viet-phrase-catalog.json","planned","0","planned-authored-audio"
"cho tôi kem chống nắng","Cho tôi kem chống nắng","1","","phrase","vpe-one-item-please-cho-toi-mot-kem-chong-nang","native-ios/Resources/viet-phrase-catalog.json","planned","0","planned-authored-audio"
"cho tôi kem đánh răng","Cho tôi kem đánh răng","1","","phrase","vpe-one-item-please-cho-toi-mot-kem-danh-rang","native-ios/Resources/viet-phrase-catalog.json","planned","0","planned-authored-audio"
"cho tôi khăn tắm","Cho tôi khăn tắm","1","","phrase","vpe-one-item-please-cho-toi-mot-khan-tam","native-ios/Resources/viet-phrase-catalog.json","planned","0","planned-authored-audio"
"cho tôi khẩu trang","Cho tôi khẩu trang","1","","phrase","vpe-one-item-please-cho-toi-mot-khau-trang","native-ios/Resources/viet-phrase-catalog.json","planned","0","planned-authored-audio"
"cho tôi kính râm","Cho tôi kính râm","1","","phrase","vpe-one-item-please-cho-toi-mot-kinh-ram","native-ios/Resources/viet-phrase-catalog.json","planned","0","planned-authored-audio"
"cho tôi lịch trình tour","Cho tôi lịch trình tour","1","","phrase","vpe-one-item-please-cho-toi-mot-lich-trinh-tour","native-ios/Resources/viet-phrase-catalog.json","planned","0","planned-authored-audio"
"cho tôi mã đặt chỗ","Cho tôi mã đặt chỗ","1","","phrase","vpe-one-item-please-cho-toi-mot-ma-dat-cho","native-ios/Resources/viet-phrase-catalog.json","planned","0","planned-authored-audio"
"cho tôi mã qr","Cho tôi mã QR","1","","phrase","vpe-one-item-please-cho-toi-mot-ma-qr","native-ios/Resources/viet-phrase-catalog.json","planned","0","planned-authored-audio"
"cho tôi mật khẩu wi-fi","Cho tôi mật khẩu Wi-Fi","1","","phrase","vpe-one-item-please-cho-toi-mot-mat-khau-wi-fi","native-ios/Resources/viet-phrase-catalog.json","planned","0","planned-authored-audio"
"cho tôi máy sấy tóc","Cho tôi máy sấy tóc","1","","phrase","vpe-one-item-please-cho-toi-mot-may-say-toc","native-ios/Resources/viet-phrase-catalog.json","planned","0","planned-authored-audio"
"cho tôi men tiêu hóa","Cho tôi men tiêu hóa","1","","phrase","vpe-one-item-please-cho-toi-mot-men-tieu-hoa","native-ios/Resources/viet-phrase-catalog.json","planned","0","planned-authored-audio"
"cho tôi miếng dán hạ sốt","Cho tôi miếng dán hạ sốt","1","","phrase","vpe-one-item-please-cho-toi-mot-mieng-dan-ha-sot","native-ios/Resources/viet-phrase-catalog.json","planned","0","planned-authored-audio"
"cho tôi món ít cay","Cho tôi món ít cay","1","","phrase","vpe-one-item-please-cho-toi-mot-mon-it-cay","native-ios/Resources/viet-phrase-catalog.json","planned","0","planned-authored-audio"
"cho tôi món không cay","Cho tôi món không cay","1","","phrase","vpe-one-item-please-cho-toi-mot-mon-khong-cay","native-ios/Resources/viet-phrase-catalog.json","planned","0","planned-authored-audio"
"cho tôi một ít khăn giấy","Cho tôi một ít khăn giấy","1","","phrase","vpe-one-item-please-cho-toi-mot-khan-giay","native-ios/Resources/viet-phrase-catalog.json","planned","0","planned-authored-audio"
"cho tôi mũ bảo hiểm","Cho tôi mũ bảo hiểm","1","","phrase","vpe-one-item-please-cho-toi-mot-mu-bao-hiem","native-ios/Resources/viet-phrase-catalog.json","planned","0","planned-authored-audio"
"cho tôi mũ lưỡi trai","Cho tôi mũ lưỡi trai","1","","phrase","vpe-one-item-please-cho-toi-mot-mu-luoi-trai","native-ios/Resources/viet-phrase-catalog.json","planned","0","planned-authored-audio"
"cho tôi nam châm tủ lạnh","Cho tôi nam châm tủ lạnh","1","","phrase","vpe-one-item-please-cho-toi-mot-nam-cham-tu-lanh","native-ios/Resources/viet-phrase-catalog.json","planned","0","planned-authored-audio"
"cho tôi nhiệt kế","Cho tôi nhiệt kế","1","","phrase","vpe-one-item-please-cho-toi-mot-nhiet-ke","native-ios/Resources/viet-phrase-catalog.json","planned","0","planned-authored-audio"
"cho tôi nước chấm","Cho tôi nước chấm","1","","phrase","vpe-one-item-please-cho-toi-mot-nuoc-cham","native-ios/Resources/viet-phrase-catalog.json","planned","0","planned-authored-audio"
"cho tôi nước điện giải","Cho tôi nước điện giải","1","","phrase","vpe-one-item-please-cho-toi-mot-nuoc-dien-giai","native-ios/Resources/viet-phrase-catalog.json","planned","0","planned-authored-audio"
"cho tôi nước dừa","Cho tôi nước dừa","1","","phrase","vpe-one-item-please-cho-toi-mot-nuoc-dua","native-ios/Resources/viet-phrase-catalog.json","planned","0","planned-authored-audio"
"cho tôi nước không đá","Cho tôi nước không đá","1","","phrase","vpe-one-item-please-cho-toi-mot-nuoc-khong-da","native-ios/Resources/viet-phrase-catalog.json","planned","0","planned-authored-audio"
"cho tôi nước lọc","Cho tôi nước lọc","1","","phrase","vpe-one-item-please-cho-toi-mot-nuoc-loc","native-ios/Resources/viet-phrase-catalog.json","planned","0","planned-authored-audio"
"cho tôi nước mắm","Cho tôi nước mắm","1","","phrase","vpe-one-item-please-cho-toi-mot-nuoc-mam","native-ios/Resources/viet-phrase-catalog.json","planned","0","planned-authored-audio"
"cho tôi nước muối sinh lý","Cho tôi nước muối sinh lý","1","","phrase","vpe-one-item-please-cho-toi-mot-nuoc-muoi-sinh-ly","native-ios/Resources/viet-phrase-catalog.json","planned","0","planned-authored-audio"
"cho tôi nước nóng","Cho tôi nước nóng","1","","phrase","vpe-one-item-please-cho-toi-mot-nuoc-nong","native-ios/Resources/viet-phrase-catalog.json","planned","0","planned-authored-audio"
"cho tôi nước rửa tay","Cho tôi nước rửa tay","1","","phrase","vpe-one-item-please-cho-toi-mot-nuoc-rua-tay","native-ios/Resources/viet-phrase-catalog.json","planned","0","planned-authored-audio"
"cho tôi nước suối","Cho tôi nước suối","1","","phrase","vpe-one-item-please-cho-toi-mot-nuoc-suoi","native-ios/Resources/viet-phrase-catalog.json","planned","0","planned-authored-audio"
"cho tôi ổ cắm chuyển đổi","Cho tôi ổ cắm chuyển đổi","1","","phrase","vpe-one-item-please-cho-toi-mot-o-cam-chuyen-doi","native-ios/Resources/viet-phrase-catalog.json","planned","0","planned-authored-audio"
"cho tôi ô che mưa","Cho tôi ô che mưa","1","","phrase","vpe-one-item-please-cho-toi-mot-o-che-mua","native-ios/Resources/viet-phrase-catalog.json","planned","0","planned-authored-audio"
"cho tôi ống hút","Cho tôi ống hút","1","","phrase","vpe-one-item-please-cho-toi-mot-ong-hut","native-ios/Resources/viet-phrase-catalog.json","planned","0","planned-authored-audio"
"cho tôi ốp điện thoại","Cho tôi ốp điện thoại","1","","phrase","vpe-one-item-please-cho-toi-mot-op-dien-thoai","native-ios/Resources/viet-phrase-catalog.json","planned","0","planned-authored-audio"
"cho tôi phiếu đặt phòng","Cho tôi phiếu đặt phòng","1","","phrase","vpe-one-item-please-cho-toi-mot-phieu-dat-phong","native-ios/Resources/viet-phrase-catalog.json","planned","0","planned-authored-audio"
"cho tôi phở bò","Cho tôi phở bò","1","","phrase","vpe-one-item-please-cho-toi-mot-pho-bo","native-ios/Resources/viet-phrase-catalog.json","planned","0","planned-authored-audio"
"cho tôi phở gà","Cho tôi phở gà","1","","phrase","vpe-one-item-please-cho-toi-mot-pho-ga","native-ios/Resources/viet-phrase-catalog.json","planned","0","planned-authored-audio"
"cho tôi phòng đôi","Cho tôi phòng đôi","1","","phrase","vpe-one-item-please-cho-toi-mot-phong-doi","native-ios/Resources/viet-phrase-catalog.json","planned","0","planned-authored-audio"
"cho tôi phòng đơn","Cho tôi phòng đơn","1","","phrase","vpe-one-item-please-cho-toi-mot-phong-don","native-ios/Resources/viet-phrase-catalog.json","planned","0","planned-authored-audio"
"cho tôi pin dự phòng","Cho tôi pin dự phòng","1","","phrase","vpe-one-item-please-cho-toi-mot-pin-du-phong","native-ios/Resources/viet-phrase-catalog.json","planned","0","planned-authored-audio"
"cho tôi quà lưu niệm","Cho tôi quà lưu niệm","1","","phrase","vpe-one-item-please-cho-toi-mot-qua-luu-niem","native-ios/Resources/viet-phrase-catalog.json","planned","0","planned-authored-audio"
"cho tôi quần short","Cho tôi quần short","1","","phrase","vpe-one-item-please-cho-toi-mot-quan-short","native-ios/Resources/viet-phrase-catalog.json","planned","0","planned-authored-audio"
"cho tôi rau sống","Cho tôi rau sống","1","","phrase","vpe-one-item-please-cho-toi-mot-rau-song","native-ios/Resources/viet-phrase-catalog.json","planned","0","planned-authored-audio"
"cho tôi sạc điện thoại","Cho tôi sạc điện thoại","1","","phrase","vpe-one-item-please-cho-toi-mot-sac-dien-thoai","native-ios/Resources/viet-phrase-catalog.json","planned","0","planned-authored-audio"
"cho tôi sim du lịch","Cho tôi sim du lịch","1","","phrase","vpe-one-item-please-cho-toi-mot-sim-du-lich","native-ios/Resources/viet-phrase-catalog.json","planned","0","planned-authored-audio"
"cho tôi sinh tố xoài","Cho tôi sinh tố xoài","1","","phrase","vpe-one-item-please-cho-toi-mot-sinh-to-xoai","native-ios/Resources/viet-phrase-catalog.json","planned","0","planned-authored-audio"
"cho tôi số điện thoại","Cho tôi số điện thoại","1","","phrase","vpe-one-item-please-cho-toi-mot-so-dien-thoai","native-ios/Resources/viet-phrase-catalog.json","planned","0","planned-authored-audio"
"cho tôi sữa đặc","Cho tôi sữa đặc","1","","phrase","vpe-one-item-please-cho-toi-mot-sua-dac","native-ios/Resources/viet-phrase-catalog.json","planned","0","planned-authored-audio"
"cho tôi sữa tươi","Cho tôi sữa tươi","1","","phrase","vpe-one-item-please-cho-toi-mot-sua-tuoi","native-ios/Resources/viet-phrase-catalog.json","planned","0","planned-authored-audio"
"cho tôi tai nghe","Cho tôi tai nghe","1","","phrase","vpe-one-item-please-cho-toi-mot-tai-nghe","native-ios/Resources/viet-phrase-catalog.json","planned","0","planned-authored-audio"
"cho tôi thẻ sim","Cho tôi thẻ SIM","1","","phrase","vpe-one-item-please-cho-toi-mot-the-sim","native-ios/Resources/viet-phrase-catalog.json","planned","0","planned-authored-audio"
"cho tôi thìa","Cho tôi thìa","1","","phrase","vpe-one-item-please-cho-toi-mot-thia","native-ios/Resources/viet-phrase-catalog.json","planned","0","planned-authored-audio"
"cho tôi thực đơn tiếng anh","Cho tôi thực đơn tiếng Anh","1","","phrase","vpe-one-item-please-cho-toi-mot-thuc-don-tieng-anh","native-ios/Resources/viet-phrase-catalog.json","planned","0","planned-authored-audio"
"cho tôi thuốc cảm","Cho tôi thuốc cảm","1","","phrase","vpe-one-item-please-cho-toi-mot-thuoc-cam","native-ios/Resources/viet-phrase-catalog.json","planned","0","planned-authored-audio"
"cho tôi thuốc đau bụng","Cho tôi thuốc đau bụng","1","","phrase","vpe-one-item-please-cho-toi-mot-thuoc-dau-bung","native-ios/Resources/viet-phrase-catalog.json","planned","0","planned-authored-audio"
"cho tôi thuốc đau đầu","Cho tôi thuốc đau đầu","1","","phrase","vpe-one-item-please-cho-toi-mot-thuoc-dau-dau","native-ios/Resources/viet-phrase-catalog.json","planned","0","planned-authored-audio"
"cho tôi thuốc dị ứng","Cho tôi thuốc dị ứng","1","","phrase","vpe-one-item-please-cho-toi-mot-thuoc-di-ung","native-ios/Resources/viet-phrase-catalog.json","planned","0","planned-authored-audio"
"cho tôi thuốc ho","Cho tôi thuốc ho","1","","phrase","vpe-one-item-please-cho-toi-mot-thuoc-ho","native-ios/Resources/viet-phrase-catalog.json","planned","0","planned-authored-audio"
"cho tôi thuốc nhỏ mắt","Cho tôi thuốc nhỏ mắt","1","","phrase","vpe-one-item-please-cho-toi-mot-thuoc-nho-mat","native-ios/Resources/viet-phrase-catalog.json","planned","0","planned-authored-audio"
"cho tôi thuốc say xe","Cho tôi thuốc say xe","1","","phrase","vpe-one-item-please-cho-toi-mot-thuoc-say-xe","native-ios/Resources/viet-phrase-catalog.json","planned","0","planned-authored-audio"
"cho tôi tiền lẻ","Cho tôi tiền lẻ","1","","phrase","vpe-one-item-please-cho-toi-mot-tien-le","native-ios/Resources/viet-phrase-catalog.json","planned","0","planned-authored-audio"
"cho tôi trà đá","Cho tôi trà đá","1","","phrase","vpe-one-item-please-cho-toi-mot-tra-da","native-ios/Resources/viet-phrase-catalog.json","planned","0","planned-authored-audio"
"cho tôi túi giấy","Cho tôi túi giấy","1","","phrase","vpe-one-item-please-cho-toi-mot-tui-giay","native-ios/Resources/viet-phrase-catalog.json","planned","0","planned-authored-audio"
"cho tôi túi mang về","Cho tôi túi mang về","1","","phrase","vpe-one-item-please-cho-toi-mot-tui-mang-ve","native-ios/Resources/viet-phrase-catalog.json","planned","0","planned-authored-audio"
"cho tôi túi nilon","Cho tôi túi nilon","1","","phrase","vpe-one-item-please-cho-toi-mot-tui-nilon","native-ios/Resources/viet-phrase-catalog.json","planned","0","planned-authored-audio"
"cho tôi tương ớt","Cho tôi tương ớt","1","","phrase","vpe-one-item-please-cho-toi-mot-tuong-ot","native-ios/Resources/viet-phrase-catalog.json","planned","0","planned-authored-audio"
"cho tôi vali nhỏ","Cho tôi vali nhỏ","1","","phrase","vpe-one-item-please-cho-toi-mot-vali-nho","native-ios/Resources/viet-phrase-catalog.json","planned","0","planned-authored-audio"
"cho tôi vé khứ hồi","Cho tôi vé khứ hồi","1","","phrase","vpe-one-item-please-cho-toi-mot-ve-khu-hoi","native-ios/Resources/viet-phrase-catalog.json","planned","0","planned-authored-audio"
"cho tôi vé một chiều","Cho tôi vé một chiều","1","","phrase","vpe-one-item-please-cho-toi-mot-ve-mot-chieu","native-ios/Resources/viet-phrase-catalog.json","planned","0","planned-authored-audio"
"cho tôi vé người lớn","Cho tôi vé người lớn","1","","phrase","vpe-one-item-please-cho-toi-mot-ve-nguoi-lon","native-ios/Resources/viet-phrase-catalog.json","planned","0","planned-authored-audio"
"cho tôi vé phà","Cho tôi vé phà","1","","phrase","vpe-one-item-please-cho-toi-mot-ve-pha","native-ios/Resources/viet-phrase-catalog.json","planned","0","planned-authored-audio"
"cho tôi vé tàu","Cho tôi vé tàu","1","","phrase","vpe-one-item-please-cho-toi-mot-ve-tau","native-ios/Resources/viet-phrase-catalog.json","planned","0","planned-authored-audio"
"cho tôi vé trẻ em","Cho tôi vé trẻ em","1","","phrase","vpe-one-item-please-cho-toi-mot-ve-tre-em","native-ios/Resources/viet-phrase-catalog.json","planned","0","planned-authored-audio"
"cho tôi vé vào cửa","Cho tôi vé vào cửa","1","","phrase","vpe-one-item-please-cho-toi-mot-ve-vao-cua","native-ios/Resources/viet-phrase-catalog.json","planned","0","planned-authored-audio"
"cho tôi vé xe buýt","Cho tôi vé xe buýt","1","","phrase","vpe-one-item-please-cho-toi-mot-ve-xe-buyt","native-ios/Resources/viet-phrase-catalog.json","planned","0","planned-authored-audio"
"cho tôi wi-fi","Cho tôi Wi-Fi","1","","phrase","vpe-one-item-please-cho-toi-mot-wi-fi","native-ios/Resources/viet-phrase-catalog.json","planned","0","planned-authored-audio"
"cho tôi xà phòng","Cho tôi xà phòng","1","","phrase","vpe-one-item-please-cho-toi-mot-xa-phong","native-ios/Resources/viet-phrase-catalog.json","planned","0","planned-authored-audio"
"cho tôi xin hóa đơn","Cho tôi xin hóa đơn","1","","phrase","vpe-one-item-please-cho-toi-mot-hoa-don","native-ios/Resources/viet-phrase-catalog.json","planned","0","planned-authored-audio"
"cho tôi xuống gần nhà hàng anăn sài gòn.","Cho tôi xuống gần nhà hàng Anăn Sài Gòn.","1","","phrase","city-hcmc-stop-anan-saigon","native-ios/Resources/viet-phrase-catalog.json","planned","0","planned-authored-audio"
"cho tôi xuống gần nhà hàng bánh mì phượng.","Cho tôi xuống gần nhà hàng Bánh mì Phượng.","1","","phrase","city-hoian-stop-banh-mi-phuong","native-ios/Resources/viet-phrase-catalog.json","planned","0","planned-authored-audio"
"cho tôi xuống gần nhà hàng bún chả hương liên.","Cho tôi xuống gần nhà hàng Bún chả Hương Liên.","1","","phrase","city-hanoi-stop-bun-cha-huong-lien","native-ios/Resources/viet-phrase-catalog.json","planned","0","planned-authored-audio"
"cho tôi xuống gần nhà hàng chả cá thăng long.","Cho tôi xuống gần nhà hàng Chả cá Thăng Long.","1","","phrase","city-hanoi-stop-cha-ca-thang-long","native-ios/Resources/viet-phrase-catalog.json","planned","0","planned-authored-audio"
"cho tôi xuống gần nhà hàng les jardins de la carambole.","Cho tôi xuống gần nhà hàng Les Jardins de la Carambole.","1","","phrase","city-hue-stop-les-jardins","native-ios/Resources/viet-phrase-catalog.json","planned","0","planned-authored-audio"
"cho tôi xuống gần nhà hàng morning glory hội an.","Cho tôi xuống gần nhà hàng Morning Glory Hội An.","1","","phrase","city-hoian-stop-morning-glory","native-ios/Resources/viet-phrase-catalog.json","planned","0","planned-authored-audio"
"cho tôi xuống gần nhà hàng nén đà nẵng.","Cho tôi xuống gần nhà hàng Nén Đà Nẵng.","1","","phrase","city-danang-stop-nen","native-ios/Resources/viet-phrase-catalog.json","planned","0","planned-authored-audio"
"cho tôi xuống gần nhà hàng phở bát đàn.","Cho tôi xuống gần nhà hàng Phở Bát Đàn.","1","","phrase","city-hanoi-stop-pho-bat-dan","native-ios/Resources/viet-phrase-catalog.json","planned","0","planned-authored-audio"
"cho tôi xuống gần nhà hàng tầm vị.","Cho tôi xuống gần nhà hàng Tầm Vị.","1","","phrase","city-hanoi-stop-tam-vi","native-ios/Resources/viet-phrase-catalog.json","planned","0","planned-authored-audio"
"cho tôi xuống ở chợ đông ba","Cho tôi xuống ở chợ Đông Ba","1","","phrase","city-hue-stop-dong-ba-bun-bo","native-ios/Resources/viet-phrase-catalog.json","planned","0","planned-authored-audio"
"cho tôi xuống ở đây được không?","Cho tôi xuống ở đây được không?","1","","phrase","ves-drop-me-off-here","native-ios/Resources/viet-phrase-catalog.json","planned","0","planned-authored-audio"
"cho tôi xuống ở quận 1","Cho tôi xuống ở Quận 1","1","","phrase","city-hcmc-get-off-district-1","native-ios/Resources/viet-phrase-catalog.json","planned","0","planned-authored-audio"
"chú chụp ảnh giúp tôi được không?","Chú chụp ảnh giúp tôi được không?","1","","phrase","vpe-pronoun-help-chu-giup-toi-chup-anh-giup-toi-duoc-khong","native-ios/Resources/viet-phrase-catalog.json","planned","0","planned-authored-audio"
"chú giúp tôi chỉ đường được không?","Chú giúp tôi chỉ đường được không?","1","","phrase","vpe-pronoun-help-chu-giup-toi-chi-duong-duoc-khong","native-ios/Resources/viet-phrase-catalog.json","planned","0","planned-authored-audio"
"chú giúp tôi đọc số này được không?","Chú giúp tôi đọc số này được không?","1","","phrase","vpe-pronoun-help-chu-giup-toi-doc-so-nay-duoc-khong","native-ios/Resources/viet-phrase-catalog.json","planned","0","planned-authored-audio"
"chú giúp tôi đổi phòng được không?","Chú giúp tôi đổi phòng được không?","1","","phrase","vpe-pronoun-help-chu-giup-toi-doi-phong-duoc-khong","native-ios/Resources/viet-phrase-catalog.json","planned","0","planned-authored-audio"
"chú giúp tôi đổi tiền được không?","Chú giúp tôi đổi tiền được không?","1","","phrase","vpe-pronoun-help-chu-giup-toi-doi-tien-duoc-khong","native-ios/Resources/viet-phrase-catalog.json","planned","0","planned-authored-audio"
"chú giúp tôi gọi số này được không?","Chú giúp tôi gọi số này được không?","1","","phrase","vpe-pronoun-help-chu-giup-toi-goi-so-nay-duoc-khong","native-ios/Resources/viet-phrase-catalog.json","planned","0","planned-authored-audio"
"chú giúp tôi gọi taxi được không?","Chú giúp tôi gọi taxi được không?","1","","phrase","vpe-pronoun-help-chu-giup-toi-goi-taxi-duoc-khong","native-ios/Resources/viet-phrase-catalog.json","planned","0","planned-authored-audio"
"chú giúp tôi gọi xe công nghệ được không?","Chú giúp tôi gọi xe công nghệ được không?","1","","phrase","vpe-pronoun-help-chu-giup-toi-goi-xe-cong-nghe-duoc-khong","native-ios/Resources/viet-phrase-catalog.json","planned","0","planned-authored-audio"
"chú giúp tôi in vé này được không?","Chú giúp tôi in vé này được không?","1","","phrase","vpe-pronoun-help-chu-giup-toi-in-ve-nay-duoc-khong","native-ios/Resources/viet-phrase-catalog.json","planned","0","planned-authored-audio"
"chú giúp tôi kiểm tra đặt phòng được không?","Chú giúp tôi kiểm tra đặt phòng được không?","1","","phrase","vpe-pronoun-help-chu-giup-toi-kiem-tra-dat-phong-duoc-khong","native-ios/Resources/viet-phrase-catalog.json","planned","0","planned-authored-audio"
"chú giúp tôi kiểm tra vé được không?","Chú giúp tôi kiểm tra vé được không?","1","","phrase","vpe-pronoun-help-chu-giup-toi-kiem-tra-ve-duoc-khong","native-ios/Resources/viet-phrase-catalog.json","planned","0","planned-authored-audio"
"chú giúp tôi mở cửa phòng được không?","Chú giúp tôi mở cửa phòng được không?","1","","phrase","vpe-pronoun-help-chu-giup-toi-mo-cua-phong-duoc-khong","native-ios/Resources/viet-phrase-catalog.json","planned","0","planned-authored-audio"
"chú giúp tôi nhập mã này được không?","Chú giúp tôi nhập mã này được không?","1","","phrase","vpe-pronoun-help-chu-giup-toi-nhap-ma-nay-duoc-khong","native-ios/Resources/viet-phrase-catalog.json","planned","0","planned-authored-audio"
"chú giúp tôi sạc điện thoại được không?","Chú giúp tôi sạc điện thoại được không?","1","","phrase","vpe-pronoun-help-chu-giup-toi-sac-dien-thoai-duoc-khong","native-ios/Resources/viet-phrase-catalog.json","planned","0","planned-authored-audio"
"chú giúp tôi scan mã qr được không?","Chú giúp tôi scan mã QR được không?","1","","phrase","vpe-pronoun-help-chu-giup-toi-scan-ma-qr-duoc-khong","native-ios/Resources/viet-phrase-catalog.json","planned","0","planned-authored-audio"
"chú giúp tôi sửa wi-fi được không?","Chú giúp tôi sửa Wi-Fi được không?","1","","phrase","vpe-pronoun-help-chu-giup-toi-sua-wi-fi-duoc-khong","native-ios/Resources/viet-phrase-catalog.json","planned","0","planned-authored-audio"
"chú giúp tôi tìm hành lý được không?","Chú giúp tôi tìm hành lý được không?","1","","phrase","vpe-pronoun-help-chu-giup-toi-tim-hanh-ly-duoc-khong","native-ios/Resources/viet-phrase-catalog.json","planned","0","planned-authored-audio"
"chú giúp tôi viết địa chỉ được không?","Chú giúp tôi viết địa chỉ được không?","1","","phrase","vpe-pronoun-help-chu-giup-toi-viet-dia-chi-duoc-khong","native-ios/Resources/viet-phrase-catalog.json","planned","0","planned-authored-audio"
"chùa bà thiên hậu","Chùa Bà Thiên Hậu","1","","phrase","city-hcmc-place-thien-hau-pagoda","native-ios/Resources/viet-phrase-catalog.json","planned","0","planned-authored-audio"
"chùa báo quốc","Chùa Báo Quốc","1","","phrase","city-hue-place-bao-quoc-pagoda","native-ios/Resources/viet-phrase-catalog.json","planned","0","planned-authored-audio"
"chùa chúc thánh","Chùa Chúc Thánh","1","","phrase","city-hoian-place-chuc-thanh-pagoda","native-ios/Resources/viet-phrase-catalog.json","planned","0","planned-authored-audio"
"chùa gần đây không?","chùa gần đây không?","1","","phrase","vpe-near-place-chua-gan-day-khong","native-ios/Resources/viet-phrase-catalog.json","planned","0","planned-authored-audio"
"chùa một cột","Chùa Một Cột","1","","phrase","city-hanoi-place-one-pillar-pagoda","native-ios/Resources/viet-phrase-catalog.json","planned","0","planned-authored-audio"
"chùa ở đâu?","chùa ở đâu?","1","","phrase","vpe-where-place-chua-o-dau","native-ios/Resources/viet-phrase-catalog.json","planned","0","planned-authored-audio"
"chùa pháp lâm","Chùa Pháp Lâm","1","","phrase","city-danang-place-phap-lam-pagoda","native-ios/Resources/viet-phrase-catalog.json","planned","0","planned-authored-audio"
"chung cư 42 nguyễn huệ","Chung cư 42 Nguyễn Huệ","1","","phrase","city-hcmc-place-42-nguyen-hue-apartment","native-ios/Resources/viet-phrase-catalog.json","planned","0","planned-authored-audio"
"chung cư cà phê nguyễn huệ","Chung cư cà phê Nguyễn Huệ","1","","phrase","city-hcmc-place-cafe-apartment-nguyen-hue","native-ios/Resources/viet-phrase-catalog.json","planned","0","planned-authored-audio"
"chụp ảnh giúp tôi được không?","Chụp ảnh giúp tôi được không?","1","","phrase","vpe-help-action-anh-chi-giup-toi-chup-anh-giup-toi-duoc-khong","native-ios/Resources/viet-phrase-catalog.json","planned","0","planned-authored-audio"
"chuyến đi đèo hải vân","Chuyến đi đèo Hải Vân","1","","phrase","city-danang-place-hai-van-pass-ride","native-ios/Resources/viet-phrase-catalog.json","planned","0","planned-authored-audio"
"chuyến đi sơn trà","Chuyến đi Sơn Trà","1","","phrase","city-danang-place-son-tra-wildlife-drive","native-ios/Resources/viet-phrase-catalog.json","planned","0","planned-authored-audio"
"ciel","CieL","1","","phrase","city-hcmc-place-ciel","native-ios/Resources/viet-phrase-catalog.json","planned","0","planned-authored-audio"
"có ảnh thẻ không?","Có ảnh thẻ không?","1","","phrase","vpe-have-item-co-anh-the-khong","native-ios/Resources/viet-phrase-catalog.json","planned","0","planned-authored-audio"
"có áo mưa không?","Có áo mưa không?","1","","phrase","vpe-have-item-co-ao-mua-khong","native-ios/Resources/viet-phrase-catalog.json","planned","0","planned-authored-audio"
"có áo thun không?","Có áo thun không?","1","","phrase","vpe-have-item-co-ao-thun-khong","native-ios/Resources/viet-phrase-catalog.json","planned","0","planned-authored-audio"
"có atm gần anăn sài gòn không?","Có ATM gần Anăn Sài Gòn không?","1","","phrase","city-hcmc-atm-anan-saigon","native-ios/Resources/viet-phrase-catalog.json","planned","0","planned-authored-audio"
"có atm gần bánh mì phượng không?","Có ATM gần Bánh mì Phượng không?","1","","phrase","city-hoian-atm-banh-mi-phuong","native-ios/Resources/viet-phrase-catalog.json","planned","0","planned-authored-audio"
"có atm gần bún chả hương liên không?","Có ATM gần Bún chả Hương Liên không?","1","","phrase","city-hanoi-atm-bun-cha-huong-lien","native-ios/Resources/viet-phrase-catalog.json","planned","0","planned-authored-audio"
"có atm gần cà phê giảng không?","Có ATM gần Cà phê Giảng không?","1","","phrase","city-hanoi-atm-giang-cafe","native-ios/Resources/viet-phrase-catalog.json","planned","0","planned-authored-audio"
"có atm gần cẩm châu không?","Có ATM gần Cẩm Châu không?","1","","phrase","city-hoian-atm-cam-chau","native-ios/Resources/viet-phrase-catalog.json","planned","0","planned-authored-audio"
"có atm gần cẩm nam không?","Có ATM gần Cẩm Nam không?","1","","phrase","city-hoian-atm-cam-nam","native-ios/Resources/viet-phrase-catalog.json","planned","0","planned-authored-audio"
"có atm gần chả cá thăng long không?","Có ATM gần Chả cá Thăng Long không?","1","","phrase","city-hanoi-atm-cha-ca-thang-long","native-ios/Resources/viet-phrase-catalog.json","planned","0","planned-authored-audio"
"có atm gần chợ an cựu không?","Có ATM gần Chợ An Cựu không?","1","","phrase","city-hue-atm-an-cuu-market","native-ios/Resources/viet-phrase-catalog.json","planned","0","planned-authored-audio"
"có atm gần chợ bến thành không?","Có ATM gần Chợ Bến Thành không?","1","","phrase","city-hcmc-atm-ben-thanh-market","native-ios/Resources/viet-phrase-catalog.json","planned","0","planned-authored-audio"
"có atm gần chợ bình tây không?","Có ATM gần Chợ Bình Tây không?","1","","phrase","city-hcmc-atm-binh-tay-market","native-ios/Resources/viet-phrase-catalog.json","planned","0","planned-authored-audio"
"có atm gần chợ cồn không?","Có ATM gần Chợ Cồn không?","1","","phrase","city-danang-atm-con-market","native-ios/Resources/viet-phrase-catalog.json","planned","0","planned-authored-audio"
"có atm gần chợ đêm helio không?","Có ATM gần Chợ đêm Helio không?","1","","phrase","city-danang-atm-helio-night-market","native-ios/Resources/viet-phrase-catalog.json","planned","0","planned-authored-audio"
"có atm gần chợ đông ba không?","Có ATM gần Chợ Đông Ba không?","1","","phrase","city-hue-atm-dong-ba-market","native-ios/Resources/viet-phrase-catalog.json","planned","0","planned-authored-audio"
"có atm gần chợ đồng xuân không?","Có ATM gần Chợ Đồng Xuân không?","1","","phrase","city-hanoi-atm-dong-xuan-market","native-ios/Resources/viet-phrase-catalog.json","planned","0","planned-authored-audio"
"có atm gần chợ hàn không?","Có ATM gần Chợ Hàn không?","1","","phrase","city-danang-atm-han-market","native-ios/Resources/viet-phrase-catalog.json","planned","0","planned-authored-audio"
"có atm gần chợ hoa hồ thị kỷ không?","Có ATM gần Chợ hoa Hồ Thị Kỷ không?","1","","phrase","city-hcmc-atm-ho-thi-ky-flower-market","native-ios/Resources/viet-phrase-catalog.json","planned","0","planned-authored-audio"
"có atm gần chợ hội an không?","Có ATM gần chợ Hội An không?","1","","phrase","city-hoian-atm-market","native-ios/Resources/viet-phrase-catalog.json","planned","0","planned-authored-audio"
"có atm gần chợ lớn không?","Có ATM gần Chợ Lớn không?","1","","phrase","city-hcmc-atm-cho-lon","native-ios/Resources/viet-phrase-catalog.json","planned","0","planned-authored-audio"
"có atm gần chợ long biên không?","Có ATM gần Chợ Long Biên không?","1","","phrase","city-hanoi-atm-long-bien-market","native-ios/Resources/viet-phrase-catalog.json","planned","0","planned-authored-audio"
"có atm gần cồn hến không?","Có ATM gần Cồn Hến không?","1","","phrase","city-hue-atm-hen-island","native-ios/Resources/viet-phrase-catalog.json","planned","0","planned-authored-audio"
"có atm gần đảo an hội không?","Có ATM gần Đảo An Hội không?","1","","phrase","city-hoian-atm-an-hoi-island","native-ios/Resources/viet-phrase-catalog.json","planned","0","planned-authored-audio"
"có atm gần đường bạch đằng không?","Có ATM gần Đường Bạch Đằng không?","1","","phrase","city-danang-atm-bach-dang-street","native-ios/Resources/viet-phrase-catalog.json","planned","0","planned-authored-audio"
"có atm gần đường đồng khởi không?","Có ATM gần Đường Đồng Khởi không?","1","","phrase","city-hcmc-atm-dong-khoi-street","native-ios/Resources/viet-phrase-catalog.json","planned","0","planned-authored-audio"
"có atm gần đường lê lợi không?","Có ATM gần Đường Lê Lợi không?","1","","phrase","city-hue-atm-le-loi-street","native-ios/Resources/viet-phrase-catalog.json","planned","0","planned-authored-audio"
"có atm gần faifo coffee không?","Có ATM gần Faifo Coffee không?","1","","phrase","city-hoian-atm-faifo-coffee","native-ios/Resources/viet-phrase-catalog.json","planned","0","planned-authored-audio"
"có atm gần les jardins de la carambole không?","Có ATM gần Les Jardins de la Carambole không?","1","","phrase","city-hue-atm-les-jardins","native-ios/Resources/viet-phrase-catalog.json","planned","0","planned-authored-audio"
"có atm gần phố bùi viện không?","Có ATM gần Phố Bùi Viện không?","1","","phrase","city-hcmc-atm-bui-vien-street","native-ios/Resources/viet-phrase-catalog.json","planned","0","planned-authored-audio"
"có atm gần phố cổ bao vinh không?","Có ATM gần Phố cổ Bao Vinh không?","1","","phrase","city-hue-atm-bao-vinh-ancient-town","native-ios/Resources/viet-phrase-catalog.json","planned","0","planned-authored-audio"
"có atm gần phố cổ hà nội không?","Có ATM gần phố cổ Hà Nội không?","1","","phrase","city-hanoi-atm-old-quarter","native-ios/Resources/viet-phrase-catalog.json","planned","0","planned-authored-audio"
"có atm gần phố cổ hội an không?","Có ATM gần Phố cổ Hội An không?","1","","phrase","city-hoian-atm-ancient-town","native-ios/Resources/viet-phrase-catalog.json","planned","0","planned-authored-audio"
"có atm gần phố đi bộ nguyễn huệ không?","Có ATM gần phố đi bộ Nguyễn Huệ không?","1","","phrase","city-hcmc-atm-nguyen-hue","native-ios/Resources/viet-phrase-catalog.json","planned","0","planned-authored-audio"
"có atm gần phố hàng bạc không?","Có ATM gần Phố Hàng Bạc không?","1","","phrase","city-hanoi-atm-hang-bac-street","native-ios/Resources/viet-phrase-catalog.json","planned","0","planned-authored-audio"
"có atm gần phố hàng gai không?","Có ATM gần Phố Hàng Gai không?","1","","phrase","city-hanoi-atm-hang-gai-street","native-ios/Resources/viet-phrase-catalog.json","planned","0","planned-authored-audio"
"có atm gần quận 1 không?","Có ATM gần Quận 1 không?","1","","phrase","city-hcmc-atm-district-1","native-ios/Resources/viet-phrase-catalog.json","planned","0","planned-authored-audio"
"có atm gần sân bay đà nẵng không?","Có ATM gần Sân bay Đà Nẵng không?","1","","phrase","city-danang-atm-airport","native-ios/Resources/viet-phrase-catalog.json","planned","0","planned-authored-audio"
"có ba lô nhỏ không?","Có ba lô nhỏ không?","1","","phrase","vpe-have-item-co-ba-lo-nho-khong","native-ios/Resources/viet-phrase-catalog.json","planned","0","planned-authored-audio"
"có bàn chải đánh răng không?","Có bàn chải đánh răng không?","1","","phrase","vpe-have-item-co-ban-chai-danh-rang-khong","native-ios/Resources/viet-phrase-catalog.json","planned","0","planned-authored-audio"
"có bàn cho hai người không?","Có bàn cho hai người không?","1","","phrase","vpe-have-item-co-ban-cho-hai-nguoi-khong","native-ios/Resources/viet-phrase-catalog.json","planned","0","planned-authored-audio"
"có bản đồ giấy không?","Có bản đồ giấy không?","1","","phrase","vpe-have-item-co-ban-do-giay-khong","native-ios/Resources/viet-phrase-catalog.json","planned","0","planned-authored-audio"
"có bản in đen trắng không?","Có bản in đen trắng không?","1","","phrase","vpe-have-item-co-ban-in-den-trang-khong","native-ios/Resources/viet-phrase-catalog.json","planned","0","planned-authored-audio"
"có bản in màu không?","Có bản in màu không?","1","","phrase","vpe-have-item-co-ban-in-mau-khong","native-ios/Resources/viet-phrase-catalog.json","planned","0","planned-authored-audio"
"có bàn ngoài trời không?","Có bàn ngoài trời không?","1","","phrase","vpe-have-item-co-ban-ngoai-troi-khong","native-ios/Resources/viet-phrase-catalog.json","planned","0","planned-authored-audio"
"có bản sao hộ chiếu không?","Có bản sao hộ chiếu không?","1","","phrase","vpe-have-item-co-ban-sao-ho-chieu-khong","native-ios/Resources/viet-phrase-catalog.json","planned","0","planned-authored-audio"
"có băng cá nhân không?","Có băng cá nhân không?","1","","phrase","vpe-have-item-co-bang-ca-nhan-khong","native-ios/Resources/viet-phrase-catalog.json","planned","0","planned-authored-audio"
"có băng keo không?","Có băng keo không?","1","","phrase","vpe-have-item-co-bang-keo-khong","native-ios/Resources/viet-phrase-catalog.json","planned","0","planned-authored-audio"
"có bánh mì chay không?","Có bánh mì chay không?","1","","phrase","vpe-have-item-co-banh-mi-chay-khong","native-ios/Resources/viet-phrase-catalog.json","planned","0","planned-authored-audio"
"có bánh xèo không?","Có bánh xèo không?","1","","phrase","vpe-have-item-co-banh-xeo-khong","native-ios/Resources/viet-phrase-catalog.json","planned","0","planned-authored-audio"
"có biên lai thanh toán không?","Có biên lai thanh toán không?","1","","phrase","vpe-have-item-co-bien-lai-thanh-toan-khong","native-ios/Resources/viet-phrase-catalog.json","planned","0","planned-authored-audio"
"có bơ không?","Có bơ không?","1","","phrase","vpe-food-has-co-bo-khong","native-ios/Resources/viet-phrase-catalog.json","planned","0","planned-authored-audio"
"có bột ngọt không?","Có bột ngọt không?","1","","phrase","vpe-food-has-co-bot-ngot-khong","native-ios/Resources/viet-phrase-catalog.json","planned","0","planned-authored-audio"
"có bún chả không?","Có bún chả không?","1","","phrase","vpe-have-item-co-bun-cha-khong","native-ios/Resources/viet-phrase-catalog.json","planned","0","planned-authored-audio"
"có bút bi không?","Có bút bi không?","1","","phrase","vpe-have-item-co-but-bi-khong","native-ios/Resources/viet-phrase-catalog.json","planned","0","planned-authored-audio"
"có cá không?","Có cá không?","1","","phrase","vpe-food-has-co-ca-khong","native-ios/Resources/viet-phrase-catalog.json","planned","0","planned-authored-audio"
"có cà phê đen không?","Có cà phê đen không?","1","","phrase","vpe-have-item-co-ca-phe-den-khong","native-ios/Resources/viet-phrase-catalog.json","planned","0","planned-authored-audio"
"có cà phê ít đường không?","Có cà phê ít đường không?","1","","phrase","vpe-have-item-co-ca-phe-it-duong-khong","native-ios/Resources/viet-phrase-catalog.json","planned","0","planned-authored-audio"
"có cà phê rang không?","Có cà phê rang không?","1","","phrase","vpe-have-item-co-ca-phe-rang-khong","native-ios/Resources/viet-phrase-catalog.json","planned","0","planned-authored-audio"
"có cà phê sữa đá không?","Có cà phê sữa đá không?","1","","phrase","vpe-have-item-co-ca-phe-sua-da-khong","native-ios/Resources/viet-phrase-catalog.json","planned","0","planned-authored-audio"
"có chìa khóa phòng không?","Có chìa khóa phòng không?","1","","phrase","vpe-have-item-co-chia-khoa-phong-khong","native-ios/Resources/viet-phrase-catalog.json","planned","0","planned-authored-audio"
"có chỗ ngồi cạnh lối đi không?","Có chỗ ngồi cạnh lối đi không?","1","","phrase","vpe-have-item-co-cho-ngoi-canh-loi-di-khong","native-ios/Resources/viet-phrase-catalog.json","planned","0","planned-authored-audio"
"có chỗ ngồi gần cửa sổ không?","Có chỗ ngồi gần cửa sổ không?","1","","phrase","vpe-have-item-co-cho-ngoi-gan-cua-so-khong","native-ios/Resources/viet-phrase-catalog.json","planned","0","planned-authored-audio"
"có chỗ ngồi yên tĩnh không?","Có chỗ ngồi yên tĩnh không?","1","","phrase","vpe-have-item-co-cho-ngoi-yen-tinh-khong","native-ios/Resources/viet-phrase-catalog.json","planned","0","planned-authored-audio"
"cô chủ nhỏ","Cô Chủ Nhỏ","1","","phrase","city-danang-place-co-chu-nho","native-ios/Resources/viet-phrase-catalog.json","planned","0","planned-authored-audio"
"cô chụp ảnh giúp tôi được không?","Cô chụp ảnh giúp tôi được không?","1","","phrase","vpe-pronoun-help-co-giup-toi-chup-anh-giup-toi-duoc-khong","native-ios/Resources/viet-phrase-catalog.json","planned","0","planned-authored-audio"
"có cốc giấy không?","Có cốc giấy không?","1","","phrase","vpe-have-item-co-coc-giay-khong","native-ios/Resources/viet-phrase-catalog.json","planned","0","planned-authored-audio"
"có cơm trắng không?","Có cơm trắng không?","1","","phrase","vpe-have-item-co-com-trang-khong","native-ios/Resources/viet-phrase-catalog.json","planned","0","planned-authored-audio"
"có cồn không?","Có cồn không?","1","","phrase","vpe-food-has-co-con-khong","native-ios/Resources/viet-phrase-catalog.json","planned","0","planned-authored-audio"
"có da heo không?","Có da heo không?","1","","phrase","vpe-food-has-co-da-heo-khong","native-ios/Resources/viet-phrase-catalog.json","planned","0","planned-authored-audio"
"có đá không?","Có đá không?","1","","phrase","vpe-have-item-co-da-khong","native-ios/Resources/viet-phrase-catalog.json","planned","0","planned-authored-audio"
"có dao cạo không?","Có dao cạo không?","1","","phrase","vpe-have-item-co-dao-cao-khong","native-ios/Resources/viet-phrase-catalog.json","planned","0","planned-authored-audio"
"có dầu gội không?","Có dầu gội không?","1","","phrase","vpe-have-item-co-dau-goi-khong","native-ios/Resources/viet-phrase-catalog.json","planned","0","planned-authored-audio"
"có đậu nành không?","Có đậu nành không?","1","","phrase","vpe-food-has-co-dau-nanh-khong","native-ios/Resources/viet-phrase-catalog.json","planned","0","planned-authored-audio"
"có đậu phộng không?","Có đậu phộng không?","1","","phrase","vpe-food-has-co-dau-phong-khong","native-ios/Resources/viet-phrase-catalog.json","planned","0","planned-authored-audio"
"có dây sạc không?","Có dây sạc không?","1","","phrase","vpe-have-item-co-day-sac-khong","native-ios/Resources/viet-phrase-catalog.json","planned","0","planned-authored-audio"
"có dép lê không?","Có dép lê không?","1","","phrase","vpe-have-item-co-dep-le-khong","native-ios/Resources/viet-phrase-catalog.json","planned","0","planned-authored-audio"
"có địa chỉ không?","Có địa chỉ không?","1","","phrase","vpe-have-item-co-dia-chi-khong","native-ios/Resources/viet-phrase-catalog.json","planned","0","planned-authored-audio"
"có dịch vụ giặt nhanh không?","Có dịch vụ giặt nhanh không?","1","","phrase","vpe-have-item-co-dich-vu-giat-nhanh-khong","native-ios/Resources/viet-phrase-catalog.json","planned","0","planned-authored-audio"
"có đồ chay không?","Có đồ chay không?","1","","phrase","vpe-have-item-co-do-chay-khong","native-ios/Resources/viet-phrase-catalog.json","planned","0","planned-authored-audio"
"có đồ giặt không?","Có đồ giặt không?","1","","phrase","vpe-have-item-co-do-giat-khong","native-ios/Resources/viet-phrase-catalog.json","planned","0","planned-authored-audio"
"có đồ uống lạnh không?","Có đồ uống lạnh không?","1","","phrase","vpe-have-item-co-do-uong-lanh-khong","native-ios/Resources/viet-phrase-catalog.json","planned","0","planned-authored-audio"
"có đồ uống nóng không?","Có đồ uống nóng không?","1","","phrase","vpe-have-item-co-do-uong-nong-khong","native-ios/Resources/viet-phrase-catalog.json","planned","0","planned-authored-audio"
"có đũa không?","Có đũa không?","1","","phrase","vpe-have-item-co-dua-khong","native-ios/Resources/viet-phrase-catalog.json","planned","0","planned-authored-audio"
"có đường không?","Có đường không?","1","","phrase","vpe-food-has-co-duong-khong","native-ios/Resources/viet-phrase-catalog.json","planned","0","planned-authored-audio"
"có esim không?","Có eSIM không?","1","","phrase","vpe-have-item-co-esim-khong","native-ios/Resources/viet-phrase-catalog.json","planned","0","planned-authored-audio"
"cô giúp tôi chỉ đường được không?","Cô giúp tôi chỉ đường được không?","1","","phrase","vpe-pronoun-help-co-giup-toi-chi-duong-duoc-khong","native-ios/Resources/viet-phrase-catalog.json","planned","0","planned-authored-audio"
"cô giúp tôi đọc số này được không?","Cô giúp tôi đọc số này được không?","1","","phrase","vpe-pronoun-help-co-giup-toi-doc-so-nay-duoc-khong","native-ios/Resources/viet-phrase-catalog.json","planned","0","planned-authored-audio"
"cô giúp tôi đổi phòng được không?","Cô giúp tôi đổi phòng được không?","1","","phrase","vpe-pronoun-help-co-giup-toi-doi-phong-duoc-khong","native-ios/Resources/viet-phrase-catalog.json","planned","0","planned-authored-audio"
"cô giúp tôi đổi tiền được không?","Cô giúp tôi đổi tiền được không?","1","","phrase","vpe-pronoun-help-co-giup-toi-doi-tien-duoc-khong","native-ios/Resources/viet-phrase-catalog.json","planned","0","planned-authored-audio"
"cô giúp tôi gọi số này được không?","Cô giúp tôi gọi số này được không?","1","","phrase","vpe-pronoun-help-co-giup-toi-goi-so-nay-duoc-khong","native-ios/Resources/viet-phrase-catalog.json","planned","0","planned-authored-audio"
"cô giúp tôi gọi taxi được không?","Cô giúp tôi gọi taxi được không?","1","","phrase","vpe-pronoun-help-co-giup-toi-goi-taxi-duoc-khong","native-ios/Resources/viet-phrase-catalog.json","planned","0","planned-authored-audio"
"cô giúp tôi gọi xe công nghệ được không?","Cô giúp tôi gọi xe công nghệ được không?","1","","phrase","vpe-pronoun-help-co-giup-toi-goi-xe-cong-nghe-duoc-khong","native-ios/Resources/viet-phrase-catalog.json","planned","0","planned-authored-audio"
"cô giúp tôi in vé này được không?","Cô giúp tôi in vé này được không?","1","","phrase","vpe-pronoun-help-co-giup-toi-in-ve-nay-duoc-khong","native-ios/Resources/viet-phrase-catalog.json","planned","0","planned-authored-audio"
"cô giúp tôi kiểm tra đặt phòng được không?","Cô giúp tôi kiểm tra đặt phòng được không?","1","","phrase","vpe-pronoun-help-co-giup-toi-kiem-tra-dat-phong-duoc-khong","native-ios/Resources/viet-phrase-catalog.json","planned","0","planned-authored-audio"
"cô giúp tôi kiểm tra vé được không?","Cô giúp tôi kiểm tra vé được không?","1","","phrase","vpe-pronoun-help-co-giup-toi-kiem-tra-ve-duoc-khong","native-ios/Resources/viet-phrase-catalog.json","planned","0","planned-authored-audio"
"cô giúp tôi mở cửa phòng được không?","Cô giúp tôi mở cửa phòng được không?","1","","phrase","vpe-pronoun-help-co-giup-toi-mo-cua-phong-duoc-khong","native-ios/Resources/viet-phrase-catalog.json","planned","0","planned-authored-audio"
"cô giúp tôi nhập mã này được không?","Cô giúp tôi nhập mã này được không?","1","","phrase","vpe-pronoun-help-co-giup-toi-nhap-ma-nay-duoc-khong","native-ios/Resources/viet-phrase-catalog.json","planned","0","planned-authored-audio"
"cô giúp tôi sạc điện thoại được không?","Cô giúp tôi sạc điện thoại được không?","1","","phrase","vpe-pronoun-help-co-giup-toi-sac-dien-thoai-duoc-khong","native-ios/Resources/viet-phrase-catalog.json","planned","0","planned-authored-audio"
"cô giúp tôi scan mã qr được không?","Cô giúp tôi scan mã QR được không?","1","","phrase","vpe-pronoun-help-co-giup-toi-scan-ma-qr-duoc-khong","native-ios/Resources/viet-phrase-catalog.json","planned","0","planned-authored-audio"
"cô giúp tôi sửa wi-fi được không?","Cô giúp tôi sửa Wi-Fi được không?","1","","phrase","vpe-pronoun-help-co-giup-toi-sua-wi-fi-duoc-khong","native-ios/Resources/viet-phrase-catalog.json","planned","0","planned-authored-audio"
"cô giúp tôi tìm hành lý được không?","Cô giúp tôi tìm hành lý được không?","1","","phrase","vpe-pronoun-help-co-giup-toi-tim-hanh-ly-duoc-khong","native-ios/Resources/viet-phrase-catalog.json","planned","0","planned-authored-audio"
"cô giúp tôi viết địa chỉ được không?","Cô giúp tôi viết địa chỉ được không?","1","","phrase","vpe-pronoun-help-co-giup-toi-viet-dia-chi-duoc-khong","native-ios/Resources/viet-phrase-catalog.json","planned","0","planned-authored-audio"
"có gỏi cuốn không?","Có gỏi cuốn không?","1","","phrase","vpe-have-item-co-goi-cuon-khong","native-ios/Resources/viet-phrase-catalog.json","planned","0","planned-authored-audio"
"có gói data không?","Có gói data không?","1","","phrase","vpe-have-item-co-goi-data-khong","native-ios/Resources/viet-phrase-catalog.json","planned","0","planned-authored-audio"
"có hải sản không?","Có hải sản không?","1","","phrase","vpe-food-has-co-hai-san-khong","native-ios/Resources/viet-phrase-catalog.json","planned","0","planned-authored-audio"
"có hành không?","Có hành không?","1","","phrase","vpe-food-has-co-hanh-khong","native-ios/Resources/viet-phrase-catalog.json","planned","0","planned-authored-audio"
"có hóa đơn không?","Có hóa đơn không?","1","","phrase","vpe-have-item-co-hoa-don-khong","native-ios/Resources/viet-phrase-catalog.json","planned","0","planned-authored-audio"
"có hộp mang về không?","Có hộp mang về không?","1","","phrase","vpe-have-item-co-hop-mang-ve-khong","native-ios/Resources/viet-phrase-catalog.json","planned","0","planned-authored-audio"
"có kem chống muỗi không?","Có kem chống muỗi không?","1","","phrase","vpe-have-item-co-kem-chong-muoi-khong","native-ios/Resources/viet-phrase-catalog.json","planned","0","planned-authored-audio"
"có kem chống nắng không?","Có kem chống nắng không?","1","","phrase","vpe-have-item-co-kem-chong-nang-khong","native-ios/Resources/viet-phrase-catalog.json","planned","0","planned-authored-audio"
"có kem đánh răng không?","Có kem đánh răng không?","1","","phrase","vpe-have-item-co-kem-danh-rang-khong","native-ios/Resources/viet-phrase-catalog.json","planned","0","planned-authored-audio"
"có khăn giấy không?","Có khăn giấy không?","1","","phrase","vpe-have-item-co-khan-giay-khong","native-ios/Resources/viet-phrase-catalog.json","planned","0","planned-authored-audio"
"có khăn lạnh không?","Có khăn lạnh không?","1","","phrase","vpe-have-item-co-khan-lanh-khong","native-ios/Resources/viet-phrase-catalog.json","planned","0","planned-authored-audio"
"có khăn tắm không?","Có khăn tắm không?","1","","phrase","vpe-have-item-co-khan-tam-khong","native-ios/Resources/viet-phrase-catalog.json","planned","0","planned-authored-audio"
"có khẩu trang không?","Có khẩu trang không?","1","","phrase","vpe-have-item-co-khau-trang-khong","native-ios/Resources/viet-phrase-catalog.json","planned","0","planned-authored-audio"
"có kính râm không?","Có kính râm không?","1","","phrase","vpe-have-item-co-kinh-ram-khong","native-ios/Resources/viet-phrase-catalog.json","planned","0","planned-authored-audio"
"có lịch trình tour không?","Có lịch trình tour không?","1","","phrase","vpe-have-item-co-lich-trinh-tour-khong","native-ios/Resources/viet-phrase-catalog.json","planned","0","planned-authored-audio"
"có lược không?","Có lược không?","1","","phrase","vpe-have-item-co-luoc-khong","native-ios/Resources/viet-phrase-catalog.json","planned","0","planned-authored-audio"
"có mã đặt chỗ không?","Có mã đặt chỗ không?","1","","phrase","vpe-have-item-co-ma-dat-cho-khong","native-ios/Resources/viet-phrase-catalog.json","planned","0","planned-authored-audio"
"có mã qr không?","Có mã QR không?","1","","phrase","vpe-have-item-co-ma-qr-khong","native-ios/Resources/viet-phrase-catalog.json","planned","0","planned-authored-audio"
"có mắm tôm không?","Có mắm tôm không?","1","","phrase","vpe-food-has-co-mam-tom-khong","native-ios/Resources/viet-phrase-catalog.json","planned","0","planned-authored-audio"
"có mật khẩu wi-fi không?","Có mật khẩu Wi-Fi không?","1","","phrase","vpe-have-item-co-mat-khau-wi-fi-khong","native-ios/Resources/viet-phrase-catalog.json","planned","0","planned-authored-audio"
"có máu không?","Có máu không?","1","","phrase","vpe-food-has-co-mau-khong","native-ios/Resources/viet-phrase-catalog.json","planned","0","planned-authored-audio"
"có máy sấy tóc không?","Có máy sấy tóc không?","1","","phrase","vpe-have-item-co-may-say-toc-khong","native-ios/Resources/viet-phrase-catalog.json","planned","0","planned-authored-audio"
"có mè không?","Có mè không?","1","","phrase","vpe-food-has-co-me-khong","native-ios/Resources/viet-phrase-catalog.json","planned","0","planned-authored-audio"
"có men tiêu hóa không?","Có men tiêu hóa không?","1","","phrase","vpe-have-item-co-men-tieu-hoa-khong","native-ios/Resources/viet-phrase-catalog.json","planned","0","planned-authored-audio"
"có miếng dán hạ sốt không?","Có miếng dán hạ sốt không?","1","","phrase","vpe-have-item-co-mieng-dan-ha-sot-khong","native-ios/Resources/viet-phrase-catalog.json","planned","0","planned-authored-audio"
"có mỡ hành không?","Có mỡ hành không?","1","","phrase","vpe-food-has-co-mo-hanh-khong","native-ios/Resources/viet-phrase-catalog.json","planned","0","planned-authored-audio"
"có món ít cay không?","Có món ít cay không?","1","","phrase","vpe-have-item-co-mon-it-cay-khong","native-ios/Resources/viet-phrase-catalog.json","planned","0","planned-authored-audio"
"có món không cay không?","Có món không cay không?","1","","phrase","vpe-have-item-co-mon-khong-cay-khong","native-ios/Resources/viet-phrase-catalog.json","planned","0","planned-authored-audio"
"có món nào nổi tiếng không?","Có món nào nổi tiếng không?","1","","phrase","ves-popular-dish-here","native-ios/Resources/viet-phrase-catalog.json","planned","0","planned-authored-audio"
"có mũ lưỡi trai không?","Có mũ lưỡi trai không?","1","","phrase","vpe-have-item-co-mu-luoi-trai-khong","native-ios/Resources/viet-phrase-catalog.json","planned","0","planned-authored-audio"
"có nam châm tủ lạnh không?","Có nam châm tủ lạnh không?","1","","phrase","vpe-have-item-co-nam-cham-tu-lanh-khong","native-ios/Resources/viet-phrase-catalog.json","planned","0","planned-authored-audio"
"có nhà thuốc gần chợ bến thành không?","Có nhà thuốc gần chợ Bến Thành không?","1","","phrase","city-hcmc-pharmacy-ben-thanh","native-ios/Resources/viet-phrase-catalog.json","planned","0","planned-authored-audio"
"có nhà thuốc gần chợ đông ba không?","Có nhà thuốc gần chợ Đông Ba không?","1","","phrase","city-hue-pharmacy-dong-ba","native-ios/Resources/viet-phrase-catalog.json","planned","0","planned-authored-audio"
"có nhà thuốc gần chợ đồng xuân không?","Có nhà thuốc gần chợ Đồng Xuân không?","1","","phrase","city-hanoi-pharmacy-dong-xuan","native-ios/Resources/viet-phrase-catalog.json","planned","0","planned-authored-audio"
"có nhà thuốc gần chợ hàn không?","Có nhà thuốc gần chợ Hàn không?","1","","phrase","city-danang-pharmacy-han-market","native-ios/Resources/viet-phrase-catalog.json","planned","0","planned-authored-audio"
"có nhà thuốc gần phố cổ hội an không?","Có nhà thuốc gần phố cổ Hội An không?","1","","phrase","city-hoian-pharmacy-ancient-town","native-ios/Resources/viet-phrase-catalog.json","planned","0","planned-authored-audio"
"có nhiệt kế không?","Có nhiệt kế không?","1","","phrase","vpe-have-item-co-nhiet-ke-khong","native-ios/Resources/viet-phrase-catalog.json","planned","0","planned-authored-audio"
"có nội tạng không?","Có nội tạng không?","1","","phrase","vpe-food-has-co-noi-tang-khong","native-ios/Resources/viet-phrase-catalog.json","planned","0","planned-authored-audio"
"có nước chấm không?","Có nước chấm không?","1","","phrase","vpe-have-item-co-nuoc-cham-khong","native-ios/Resources/viet-phrase-catalog.json","planned","0","planned-authored-audio"
"có nước điện giải không?","Có nước điện giải không?","1","","phrase","vpe-have-item-co-nuoc-dien-giai-khong","native-ios/Resources/viet-phrase-catalog.json","planned","0","planned-authored-audio"
"có nước dừa không?","Có nước dừa không?","1","","phrase","vpe-have-item-co-nuoc-dua-khong","native-ios/Resources/viet-phrase-catalog.json","planned","0","planned-authored-audio"
"có nước hoa khô không?","Có nước hoa khô không?","1","","phrase","vpe-have-item-co-nuoc-hoa-kho-khong","native-ios/Resources/viet-phrase-catalog.json","planned","0","planned-authored-audio"
"có nước không đá không?","Có nước không đá không?","1","","phrase","vpe-have-item-co-nuoc-khong-da-khong","native-ios/Resources/viet-phrase-catalog.json","planned","0","planned-authored-audio"
"có nước không đường không?","Có nước không đường không?","1","","phrase","vpe-have-item-co-nuoc-khong-duong-khong","native-ios/Resources/viet-phrase-catalog.json","planned","0","planned-authored-audio"
"có nước lọc không?","Có nước lọc không?","1","","phrase","vpe-have-item-co-nuoc-loc-khong","native-ios/Resources/viet-phrase-catalog.json","planned","0","planned-authored-audio"
"có nước mắm không?","Có nước mắm không?","1","","phrase","vpe-have-item-co-nuoc-mam-khong","native-ios/Resources/viet-phrase-catalog.json","planned","0","planned-authored-audio"
"có nước muối sinh lý không?","Có nước muối sinh lý không?","1","","phrase","vpe-have-item-co-nuoc-muoi-sinh-ly-khong","native-ios/Resources/viet-phrase-catalog.json","planned","0","planned-authored-audio"
"có nước nóng không?","Có nước nóng không?","1","","phrase","vpe-have-item-co-nuoc-nong-khong","native-ios/Resources/viet-phrase-catalog.json","planned","0","planned-authored-audio"
"có nước rửa tay không?","Có nước rửa tay không?","1","","phrase","vpe-have-item-co-nuoc-rua-tay-khong","native-ios/Resources/viet-phrase-catalog.json","planned","0","planned-authored-audio"
"có nước tương không?","Có nước tương không?","1","","phrase","vpe-food-has-co-nuoc-tuong-khong","native-ios/Resources/viet-phrase-catalog.json","planned","0","planned-authored-audio"
"có nước uống đóng chai không?","Có nước uống đóng chai không?","1","","phrase","vpe-have-item-co-nuoc-uong-dong-chai-khong","native-ios/Resources/viet-phrase-catalog.json","planned","0","planned-authored-audio"
"có ổ cắm chuyển đổi không?","Có ổ cắm chuyển đổi không?","1","","phrase","vpe-have-item-co-o-cam-chuyen-doi-khong","native-ios/Resources/viet-phrase-catalog.json","planned","0","planned-authored-audio"
"có ô che mưa không?","Có ô che mưa không?","1","","phrase","vpe-have-item-co-o-che-mua-khong","native-ios/Resources/viet-phrase-catalog.json","planned","0","planned-authored-audio"
"có ống hút không?","Có ống hút không?","1","","phrase","vpe-have-item-co-ong-hut-khong","native-ios/Resources/viet-phrase-catalog.json","planned","0","planned-authored-audio"
"có ốp điện thoại không?","Có ốp điện thoại không?","1","","phrase","vpe-have-item-co-op-dien-thoai-khong","native-ios/Resources/viet-phrase-catalog.json","planned","0","planned-authored-audio"
"có ớt bột không?","Có ớt bột không?","1","","phrase","vpe-food-has-co-ot-bot-khong","native-ios/Resources/viet-phrase-catalog.json","planned","0","planned-authored-audio"
"có ớt không?","Có ớt không?","1","","phrase","vpe-food-has-co-ot-khong","native-ios/Resources/viet-phrase-catalog.json","planned","0","planned-authored-audio"
"có phiếu đặt phòng không?","Có phiếu đặt phòng không?","1","","phrase","vpe-have-item-co-phieu-dat-phong-khong","native-ios/Resources/viet-phrase-catalog.json","planned","0","planned-authored-audio"
"có phở bò không?","Có phở bò không?","1","","phrase","vpe-have-item-co-pho-bo-khong","native-ios/Resources/viet-phrase-catalog.json","planned","0","planned-authored-audio"
"có phở gà không?","Có phở gà không?","1","","phrase","vpe-have-item-co-pho-ga-khong","native-ios/Resources/viet-phrase-catalog.json","planned","0","planned-authored-audio"
"có phô mai không?","Có phô mai không?","1","","phrase","vpe-food-has-co-pho-mai-khong","native-ios/Resources/viet-phrase-catalog.json","planned","0","planned-authored-audio"
"có phong bì không?","Có phong bì không?","1","","phrase","vpe-have-item-co-phong-bi-khong","native-ios/Resources/viet-phrase-catalog.json","planned","0","planned-authored-audio"
"có phòng đôi không?","Có phòng đôi không?","1","","phrase","vpe-have-item-co-phong-doi-khong","native-ios/Resources/viet-phrase-catalog.json","planned","0","planned-authored-audio"
"có phòng đơn không?","Có phòng đơn không?","1","","phrase","vpe-have-item-co-phong-don-khong","native-ios/Resources/viet-phrase-catalog.json","planned","0","planned-authored-audio"
"có phòng khác","Có phòng khác","1","","phrase","vpe-likely-replies-co-phong-khac","native-ios/Resources/viet-phrase-catalog.json","planned","0","planned-authored-audio"
"có pin aa không?","Có pin AA không?","1","","phrase","vpe-have-item-co-pin-aa-khong","native-ios/Resources/viet-phrase-catalog.json","planned","0","planned-authored-audio"
"có pin dự phòng không?","Có pin dự phòng không?","1","","phrase","vpe-have-item-co-pin-du-phong-khong","native-ios/Resources/viet-phrase-catalog.json","planned","0","planned-authored-audio"
"có quà lưu niệm không?","Có quà lưu niệm không?","1","","phrase","vpe-have-item-co-qua-luu-niem-khong","native-ios/Resources/viet-phrase-catalog.json","planned","0","planned-authored-audio"
"có quần short không?","Có quần short không?","1","","phrase","vpe-have-item-co-quan-short-khong","native-ios/Resources/viet-phrase-catalog.json","planned","0","planned-authored-audio"
"có rau mùi không?","Có rau mùi không?","1","","phrase","vpe-food-has-co-rau-mui-khong","native-ios/Resources/viet-phrase-catalog.json","planned","0","planned-authored-audio"
"có rau sống không?","Có rau sống không?","1","","phrase","vpe-have-item-co-rau-song-khong","native-ios/Resources/viet-phrase-catalog.json","planned","0","planned-authored-audio"
"có sạc điện thoại không?","Có sạc điện thoại không?","1","","phrase","vpe-have-item-co-sac-dien-thoai-khong","native-ios/Resources/viet-phrase-catalog.json","planned","0","planned-authored-audio"
"có sim du lịch không?","Có sim du lịch không?","1","","phrase","vpe-have-item-co-sim-du-lich-khong","native-ios/Resources/viet-phrase-catalog.json","planned","0","planned-authored-audio"
"có sinh tố xoài không?","Có sinh tố xoài không?","1","","phrase","vpe-have-item-co-sinh-to-xoai-khong","native-ios/Resources/viet-phrase-catalog.json","planned","0","planned-authored-audio"
"có sô cô la việt nam không?","Có sô cô la Việt Nam không?","1","","phrase","vpe-have-item-co-so-co-la-viet-nam-khong","native-ios/Resources/viet-phrase-catalog.json","planned","0","planned-authored-audio"
"có số điện thoại không?","Có số điện thoại không?","1","","phrase","vpe-have-item-co-so-dien-thoai-khong","native-ios/Resources/viet-phrase-catalog.json","planned","0","planned-authored-audio"
"có sổ tay không?","Có sổ tay không?","1","","phrase","vpe-have-item-co-so-tay-khong","native-ios/Resources/viet-phrase-catalog.json","planned","0","planned-authored-audio"
"có sữa đặc không?","Có sữa đặc không?","1","","phrase","vpe-have-item-co-sua-dac-khong","native-ios/Resources/viet-phrase-catalog.json","planned","0","planned-authored-audio"
"có sữa không?","Có sữa không?","1","","phrase","vpe-food-has-co-sua-khong","native-ios/Resources/viet-phrase-catalog.json","planned","0","planned-authored-audio"
"có sữa tươi không?","Có sữa tươi không?","1","","phrase","vpe-have-item-co-sua-tuoi-khong","native-ios/Resources/viet-phrase-catalog.json","planned","0","planned-authored-audio"
"có tai nghe không?","Có tai nghe không?","1","","phrase","vpe-have-item-co-tai-nghe-khong","native-ios/Resources/viet-phrase-catalog.json","planned","0","planned-authored-audio"
"có tem thư không?","Có tem thư không?","1","","phrase","vpe-have-item-co-tem-thu-khong","native-ios/Resources/viet-phrase-catalog.json","planned","0","planned-authored-audio"
"có thẻ sim không?","Có thẻ SIM không?","1","","phrase","vpe-have-item-co-the-sim-khong","native-ios/Resources/viet-phrase-catalog.json","planned","0","planned-authored-audio"
"có thìa không?","Có thìa không?","1","","phrase","vpe-have-item-co-thia-khong","native-ios/Resources/viet-phrase-catalog.json","planned","0","planned-authored-audio"
"có thiệp bưu điện không?","Có thiệp bưu điện không?","1","","phrase","vpe-have-item-co-thiep-buu-dien-khong","native-ios/Resources/viet-phrase-catalog.json","planned","0","planned-authored-audio"
"có thịt bò không?","Có thịt bò không?","1","","phrase","vpe-food-has-co-thit-bo-khong","native-ios/Resources/viet-phrase-catalog.json","planned","0","planned-authored-audio"
"có thịt gà không?","Có thịt gà không?","1","","phrase","vpe-food-has-co-thit-ga-khong","native-ios/Resources/viet-phrase-catalog.json","planned","0","planned-authored-audio"
"có thịt heo","Có thịt heo","1","","phrase","vpe-likely-replies-co-thit-heo","native-ios/Resources/viet-phrase-catalog.json","planned","0","planned-authored-audio"
"có thịt heo không?","Có thịt heo không?","1","","phrase","vpe-food-has-co-thit-heo-khong","native-ios/Resources/viet-phrase-catalog.json","planned","0","planned-authored-audio"
"có thực đơn tiếng anh không?","Có thực đơn tiếng Anh không?","1","","phrase","vpe-have-item-co-thuc-don-tieng-anh-khong","native-ios/Resources/viet-phrase-catalog.json","planned","0","planned-authored-audio"
"có thuốc cảm không?","Có thuốc cảm không?","1","","phrase","vpe-have-item-co-thuoc-cam-khong","native-ios/Resources/viet-phrase-catalog.json","planned","0","planned-authored-audio"
"có thuốc đau bụng không?","Có thuốc đau bụng không?","1","","phrase","vpe-have-item-co-thuoc-dau-bung-khong","native-ios/Resources/viet-phrase-catalog.json","planned","0","planned-authored-audio"
"có thuốc đau đầu không?","Có thuốc đau đầu không?","1","","phrase","vpe-have-item-co-thuoc-dau-dau-khong","native-ios/Resources/viet-phrase-catalog.json","planned","0","planned-authored-audio"
"có thuốc dị ứng không?","Có thuốc dị ứng không?","1","","phrase","vpe-have-item-co-thuoc-di-ung-khong","native-ios/Resources/viet-phrase-catalog.json","planned","0","planned-authored-audio"
"có thuốc ho không?","Có thuốc ho không?","1","","phrase","vpe-have-item-co-thuoc-ho-khong","native-ios/Resources/viet-phrase-catalog.json","planned","0","planned-authored-audio"
"có thuốc nhỏ mắt không?","Có thuốc nhỏ mắt không?","1","","phrase","vpe-have-item-co-thuoc-nho-mat-khong","native-ios/Resources/viet-phrase-catalog.json","planned","0","planned-authored-audio"
"có tiêu không?","Có tiêu không?","1","","phrase","vpe-food-has-co-tieu-khong","native-ios/Resources/viet-phrase-catalog.json","planned","0","planned-authored-audio"
"có tỏi không?","Có tỏi không?","1","","phrase","vpe-food-has-co-toi-khong","native-ios/Resources/viet-phrase-catalog.json","planned","0","planned-authored-audio"
"có tôm không?","Có tôm không?","1","","phrase","vpe-food-has-co-tom-khong","native-ios/Resources/viet-phrase-catalog.json","planned","0","planned-authored-audio"
"có trà đá không?","Có trà đá không?","1","","phrase","vpe-have-item-co-tra-da-khong","native-ios/Resources/viet-phrase-catalog.json","planned","0","planned-authored-audio"
"có trà sen không?","Có trà sen không?","1","","phrase","vpe-have-item-co-tra-sen-khong","native-ios/Resources/viet-phrase-catalog.json","planned","0","planned-authored-audio"
"có trứng không?","Có trứng không?","1","","phrase","vpe-food-has-co-trung-khong","native-ios/Resources/viet-phrase-catalog.json","planned","0","planned-authored-audio"
"có túi giấy không?","Có túi giấy không?","1","","phrase","vpe-have-item-co-tui-giay-khong","native-ios/Resources/viet-phrase-catalog.json","planned","0","planned-authored-audio"
"có túi mang về không?","Có túi mang về không?","1","","phrase","vpe-have-item-co-tui-mang-ve-khong","native-ios/Resources/viet-phrase-catalog.json","planned","0","planned-authored-audio"
"có túi nilon không?","Có túi nilon không?","1","","phrase","vpe-have-item-co-tui-nilon-khong","native-ios/Resources/viet-phrase-catalog.json","planned","0","planned-authored-audio"
"có tương ớt không?","Có tương ớt không?","1","","phrase","vpe-have-item-co-tuong-ot-khong","native-ios/Resources/viet-phrase-catalog.json","planned","0","planned-authored-audio"
"có vali nhỏ không?","Có vali nhỏ không?","1","","phrase","vpe-have-item-co-vali-nho-khong","native-ios/Resources/viet-phrase-catalog.json","planned","0","planned-authored-audio"
"có vé khứ hồi không?","Có vé khứ hồi không?","1","","phrase","vpe-have-item-co-ve-khu-hoi-khong","native-ios/Resources/viet-phrase-catalog.json","planned","0","planned-authored-audio"
"có vé một chiều không?","Có vé một chiều không?","1","","phrase","vpe-have-item-co-ve-mot-chieu-khong","native-ios/Resources/viet-phrase-catalog.json","planned","0","planned-authored-audio"
"có vé người lớn không?","Có vé người lớn không?","1","","phrase","vpe-have-item-co-ve-nguoi-lon-khong","native-ios/Resources/viet-phrase-catalog.json","planned","0","planned-authored-audio"
"có vé phà không?","Có vé phà không?","1","","phrase","vpe-have-item-co-ve-pha-khong","native-ios/Resources/viet-phrase-catalog.json","planned","0","planned-authored-audio"
"có vé tàu không?","Có vé tàu không?","1","","phrase","vpe-have-item-co-ve-tau-khong","native-ios/Resources/viet-phrase-catalog.json","planned","0","planned-authored-audio"
"có vé trẻ em không?","Có vé trẻ em không?","1","","phrase","vpe-have-item-co-ve-tre-em-khong","native-ios/Resources/viet-phrase-catalog.json","planned","0","planned-authored-audio"
"có vé vào cửa không?","Có vé vào cửa không?","1","","phrase","vpe-have-item-co-ve-vao-cua-khong","native-ios/Resources/viet-phrase-catalog.json","planned","0","planned-authored-audio"
"có vé xe buýt không?","Có vé xe buýt không?","1","","phrase","vpe-have-item-co-ve-xe-buyt-khong","native-ios/Resources/viet-phrase-catalog.json","planned","0","planned-authored-audio"
"có wi-fi không?","Có Wi-Fi không?","1","","phrase","vpe-have-item-co-wi-fi-khong","native-ios/Resources/viet-phrase-catalog.json","planned","0","planned-authored-audio"
"có xương không?","Có xương không?","1","","phrase","vpe-food-has-co-xuong-khong","native-ios/Resources/viet-phrase-catalog.json","planned","0","planned-authored-audio"
"cốc giấy bao nhiêu tiền?","cốc giấy bao nhiêu tiền?","1","","phrase","vpe-price-item-coc-giay-bao-nhieu-tien","native-ios/Resources/viet-phrase-catalog.json","planned","0","planned-authored-audio"
"coco dining","Coco Dining","1","","phrase","city-hcmc-place-coco-dining","native-ios/Resources/viet-phrase-catalog.json","planned","0","planned-authored-audio"
"cocobox","Cocobox","1","","phrase","city-hoian-place-cocobox","native-ios/Resources/viet-phrase-catalog.json","planned","0","planned-authored-audio"
"cơm âm phủ ở huế","Cơm âm phủ ở Huế","1","","phrase","city-hue-place-com-am-phu","native-ios/Resources/viet-phrase-catalog.json","planned","0","planned-authored-audio"
"cơm hến ở huế","Cơm hến ở Huế","1","","phrase","city-hue-place-com-hen","native-ios/Resources/viet-phrase-catalog.json","planned","0","planned-authored-audio"
"cơm tấm ba ghiền","Cơm tấm Ba Ghiền","1","","phrase","city-hcmc-place-com-tam-ba-ghien","native-ios/Resources/viet-phrase-catalog.json","planned","0","planned-authored-audio"
"cơm tấm ở thành phố hồ chí minh","Cơm tấm ở Thành phố Hồ Chí Minh","1","","phrase","city-hcmc-place-com-tam","native-ios/Resources/viet-phrase-catalog.json","planned","0","planned-authored-audio"
"cơm trắng bao nhiêu tiền?","cơm trắng bao nhiêu tiền?","1","","phrase","vpe-price-item-com-trang-bao-nhieu-tien","native-ios/Resources/viet-phrase-catalog.json","planned","0","planned-authored-audio"
"còn","Còn","1","","phrase","vpe-likely-replies-con","native-ios/Resources/viet-phrase-catalog.json","planned","0","planned-authored-audio"
"cồn hến gần đây không?","Cồn Hến gần đây không?","1","","phrase","city-hue-near-hen-island","native-ios/Resources/viet-phrase-catalog.json","planned","0","planned-authored-audio"
"cồn hến ở đâu?","Cồn Hến ở đâu?","1","","phrase","city-hue-where-hen-island","native-ios/Resources/viet-phrase-catalog.json","planned","0","planned-authored-audio"
"cộng cà phê","Cộng Cà Phê","1","","phrase","city-hanoi-place-cong-ca-phe-trieu-viet-vuong","native-ios/Resources/viet-phrase-catalog.json","planned","0","planned-authored-audio"
"cộng cà phê bạch đằng","Cộng Cà Phê Bạch Đằng","1","","phrase","city-danang-place-cong-caphe-bach-dang","native-ios/Resources/viet-phrase-catalog.json","planned","0","planned-authored-audio"
"cộng cà phê đồng khởi","Cộng Cà Phê Đồng Khởi","1","","phrase","city-hcmc-place-cong-ca-phe-dong-khoi","native-ios/Resources/viet-phrase-catalog.json","planned","0","planned-authored-audio"
"cổng đổi rồi","Cổng đổi rồi","1","","phrase","vpe-likely-replies-cong-doi-roi","native-ios/Resources/viet-phrase-catalog.json","planned","0","planned-authored-audio"
"cổng lên máy bay gần đây không?","cổng lên máy bay gần đây không?","1","","phrase","vpe-near-place-cong-len-may-bay-gan-day-khong","native-ios/Resources/viet-phrase-catalog.json","planned","0","planned-authored-audio"
"cổng lên máy bay ở đâu?","cổng lên máy bay ở đâu?","1","","phrase","vpe-where-place-cong-len-may-bay-o-dau","native-ios/Resources/viet-phrase-catalog.json","planned","0","planned-authored-audio"
"công trường lam sơn","Công trường Lam Sơn","1","","phrase","city-hcmc-place-municipal-theatre-square","native-ios/Resources/viet-phrase-catalog.json","planned","0","planned-authored-audio"
"công viên gần đây không?","công viên gần đây không?","1","","phrase","vpe-near-place-cong-vien-gan-day-khong","native-ios/Resources/viet-phrase-catalog.json","planned","0","planned-authored-audio"
"công viên gia định","Công viên Gia Định","1","","phrase","city-hcmc-place-gia-dinh-park","native-ios/Resources/viet-phrase-catalog.json","planned","0","planned-authored-audio"
"công viên lê nin","Công viên Lê Nin","1","","phrase","city-hanoi-place-lenin-park","native-ios/Resources/viet-phrase-catalog.json","planned","0","planned-authored-audio"
"công viên lê văn tám","Công viên Lê Văn Tám","1","","phrase","city-hcmc-place-le-van-tam-park","native-ios/Resources/viet-phrase-catalog.json","planned","0","planned-authored-audio"
"công viên ở đâu?","công viên ở đâu?","1","","phrase","vpe-where-place-cong-vien-o-dau","native-ios/Resources/viet-phrase-catalog.json","planned","0","planned-authored-audio"
"công viên thống nhất","Công viên Thống Nhất","1","","phrase","city-hanoi-place-thong-nhat-park","native-ios/Resources/viet-phrase-catalog.json","planned","0","planned-authored-audio"
"công viên vinhomes central park","Công viên Vinhomes Central Park","1","","phrase","city-hcmc-place-vinhomes-central-park","native-ios/Resources/viet-phrase-catalog.json","planned","0","planned-authored-audio"
"công viên yên sở","Công viên Yên Sở","1","","phrase","city-hanoi-place-yen-so-park","native-ios/Resources/viet-phrase-catalog.json","planned","0","planned-authored-audio"
"cột cờ hà nội","Cột cờ Hà Nội","1","","phrase","city-hanoi-place-hanoi-flag-tower","native-ios/Resources/viet-phrase-catalog.json","planned","0","planned-authored-audio"
"cửa đại","Cửa Đại","1","","phrase","city-hoian-place-cua-dai-estuary","native-ios/Resources/viet-phrase-catalog.json","planned","0","planned-authored-audio"
"cửa hải quan gần đây không?","cửa hải quan gần đây không?","1","","phrase","vpe-near-place-cua-hai-quan-gan-day-khong","native-ios/Resources/viet-phrase-catalog.json","planned","0","planned-authored-audio"
"cửa hải quan ở đâu?","cửa hải quan ở đâu?","1","","phrase","vpe-where-place-cua-hai-quan-o-dau","native-ios/Resources/viet-phrase-catalog.json","planned","0","planned-authored-audio"
"cửa hàng điện thoại gần đây không?","cửa hàng điện thoại gần đây không?","1","","phrase","vpe-near-place-cua-hang-dien-thoai-gan-day-khong","native-ios/Resources/viet-phrase-catalog.json","planned","0","planned-authored-audio"
"cửa hàng điện thoại ở đâu?","cửa hàng điện thoại ở đâu?","1","","phrase","vpe-where-place-cua-hang-dien-thoai-o-dau","native-ios/Resources/viet-phrase-catalog.json","planned","0","planned-authored-audio"
"cửa hàng tiện lợi gần đây không?","cửa hàng tiện lợi gần đây không?","1","","phrase","vpe-near-place-cua-hang-tien-loi-gan-day-khong","native-ios/Resources/viet-phrase-catalog.json","planned","0","planned-authored-audio"
"cửa hàng tiện lợi ở đâu?","cửa hàng tiện lợi ở đâu?","1","","phrase","vpe-where-place-cua-hang-tien-loi-o-dau","native-ios/Resources/viet-phrase-catalog.json","planned","0","planned-authored-audio"
"cửa khởi hành gần đây không?","cửa khởi hành gần đây không?","1","","phrase","vpe-near-place-cua-khoi-hanh-gan-day-khong","native-ios/Resources/viet-phrase-catalog.json","planned","0","planned-authored-audio"
"cửa khởi hành ở đâu?","cửa khởi hành ở đâu?","1","","phrase","vpe-where-place-cua-khoi-hanh-o-dau","native-ios/Resources/viet-phrase-catalog.json","planned","0","planned-authored-audio"
"cửa ra gần đây không?","cửa ra gần đây không?","1","","phrase","vpe-near-place-cua-ra-gan-day-khong","native-ios/Resources/viet-phrase-catalog.json","planned","0","planned-authored-audio"
"cửa ra ở đâu?","cửa ra ở đâu?","1","","phrase","vpe-where-place-cua-ra-o-dau","native-ios/Resources/viet-phrase-catalog.json","planned","0","planned-authored-audio"
"cục gạch quán","Cục Gạch Quán","1","","phrase","city-hcmc-place-cuc-gach-quan","native-ios/Resources/viet-phrase-catalog.json","planned","0","planned-authored-audio"
"cung diên thọ","Cung Diên Thọ","1","","phrase","city-hue-place-dien-tho-palace","native-ios/Resources/viet-phrase-catalog.json","planned","0","planned-authored-audio"
"cửu đỉnh","Cửu Đỉnh","1","","phrase","city-hue-place-nine-dynastic-urns","native-ios/Resources/viet-phrase-catalog.json","planned","0","planned-authored-audio"
"đá bao nhiêu tiền?","đá bao nhiêu tiền?","1","","phrase","vpe-price-item-da-bao-nhieu-tien","native-ios/Resources/viet-phrase-catalog.json","planned","0","planned-authored-audio"
"dạ, cho tôi bản đồ giấy","Dạ, cho tôi bản đồ giấy","1","","phrase","vpe-polite-request-da-cho-toi-ban-do-giay","native-ios/Resources/viet-phrase-catalog.json","planned","0","planned-authored-audio"
"dạ, cho tôi băng cá nhân","Dạ, cho tôi băng cá nhân","1","","phrase","vpe-polite-request-da-cho-toi-bang-ca-nhan","native-ios/Resources/viet-phrase-catalog.json","planned","0","planned-authored-audio"
"dạ, cho tôi cà phê đen","Dạ, cho tôi cà phê đen","1","","phrase","vpe-polite-request-da-cho-toi-ca-phe-den","native-ios/Resources/viet-phrase-catalog.json","planned","0","planned-authored-audio"
"dạ, cho tôi cà phê sữa đá","Dạ, cho tôi cà phê sữa đá","1","","phrase","vpe-polite-request-da-cho-toi-ca-phe-sua-da","native-ios/Resources/viet-phrase-catalog.json","planned","0","planned-authored-audio"
"dạ, cho tôi chìa khóa phòng","Dạ, cho tôi chìa khóa phòng","1","","phrase","vpe-polite-request-da-cho-toi-chia-khoa-phong","native-ios/Resources/viet-phrase-catalog.json","planned","0","planned-authored-audio"
"dạ, cho tôi cơm trắng","Dạ, cho tôi cơm trắng","1","","phrase","vpe-polite-request-da-cho-toi-com-trang","native-ios/Resources/viet-phrase-catalog.json","planned","0","planned-authored-audio"
"dạ, cho tôi đá","Dạ, cho tôi đá","1","","phrase","vpe-polite-request-da-cho-toi-da","native-ios/Resources/viet-phrase-catalog.json","planned","0","planned-authored-audio"
"dạ, cho tôi dây sạc","Dạ, cho tôi dây sạc","1","","phrase","vpe-polite-request-da-cho-toi-day-sac","native-ios/Resources/viet-phrase-catalog.json","planned","0","planned-authored-audio"
"dạ, cho tôi đồ chay","Dạ, cho tôi đồ chay","1","","phrase","vpe-polite-request-da-cho-toi-do-chay","native-ios/Resources/viet-phrase-catalog.json","planned","0","planned-authored-audio"
"dạ, cho tôi đũa","Dạ, cho tôi đũa","1","","phrase","vpe-polite-request-da-cho-toi-dua","native-ios/Resources/viet-phrase-catalog.json","planned","0","planned-authored-audio"
"dạ, cho tôi giấy vệ sinh","Dạ, cho tôi giấy vệ sinh","1","","phrase","vpe-polite-request-da-cho-toi-giay-ve-sinh","native-ios/Resources/viet-phrase-catalog.json","planned","0","planned-authored-audio"
"dạ, cho tôi gói data","Dạ, cho tôi gói data","1","","phrase","vpe-polite-request-da-cho-toi-goi-data","native-ios/Resources/viet-phrase-catalog.json","planned","0","planned-authored-audio"
"dạ, cho tôi hóa đơn","Dạ, cho tôi hóa đơn","1","","phrase","vpe-polite-request-da-cho-toi-hoa-don","native-ios/Resources/viet-phrase-catalog.json","planned","0","planned-authored-audio"
"dạ, cho tôi kem chống nắng","Dạ, cho tôi kem chống nắng","1","","phrase","vpe-polite-request-da-cho-toi-kem-chong-nang","native-ios/Resources/viet-phrase-catalog.json","planned","0","planned-authored-audio"
"dạ, cho tôi khăn giấy","Dạ, cho tôi khăn giấy","1","","phrase","vpe-polite-request-da-cho-toi-khan-giay","native-ios/Resources/viet-phrase-catalog.json","planned","0","planned-authored-audio"
"dạ, cho tôi khăn tắm","Dạ, cho tôi khăn tắm","1","","phrase","vpe-polite-request-da-cho-toi-khan-tam","native-ios/Resources/viet-phrase-catalog.json","planned","0","planned-authored-audio"
"dạ, cho tôi khẩu trang","Dạ, cho tôi khẩu trang","1","","phrase","vpe-polite-request-da-cho-toi-khau-trang","native-ios/Resources/viet-phrase-catalog.json","planned","0","planned-authored-audio"
"dạ, cho tôi mật khẩu wi-fi","Dạ, cho tôi mật khẩu Wi-Fi","1","","phrase","vpe-polite-request-da-cho-toi-mat-khau-wi-fi","native-ios/Resources/viet-phrase-catalog.json","planned","0","planned-authored-audio"
"dạ, cho tôi máy sấy tóc","Dạ, cho tôi máy sấy tóc","1","","phrase","vpe-polite-request-da-cho-toi-may-say-toc","native-ios/Resources/viet-phrase-catalog.json","planned","0","planned-authored-audio"
"dạ, cho tôi một phần bún chả.","Dạ, cho tôi một phần bún chả.","1","","phrase","ves-order-bun-cha-portion","native-ios/Resources/viet-phrase-catalog.json","planned","0","planned-authored-audio"
"dạ, cho tôi một phần cao lầu.","Dạ, cho tôi một phần cao lầu.","1","","phrase","ves-order-cao-lau-portion","native-ios/Resources/viet-phrase-catalog.json","planned","0","planned-authored-audio"
"dạ, cho tôi một tô bún bò huế.","Dạ, cho tôi một tô bún bò Huế.","1","","phrase","ves-order-bun-bo-hue-bowl","native-ios/Resources/viet-phrase-catalog.json","planned","0","planned-authored-audio"
"dạ, cho tôi một tô phở.","Dạ, cho tôi một tô phở.","1","","phrase","ves-order-pho-bowl","native-ios/Resources/viet-phrase-catalog.json","planned","0","planned-authored-audio"
"dạ, cho tôi nước lọc","Dạ, cho tôi nước lọc","1","","phrase","vpe-polite-request-da-cho-toi-nuoc-loc","native-ios/Resources/viet-phrase-catalog.json","planned","0","planned-authored-audio"
"dạ, cho tôi nước mắm","Dạ, cho tôi nước mắm","1","","phrase","vpe-polite-request-da-cho-toi-nuoc-mam","native-ios/Resources/viet-phrase-catalog.json","planned","0","planned-authored-audio"
"dạ, cho tôi nước nóng","Dạ, cho tôi nước nóng","1","","phrase","vpe-polite-request-da-cho-toi-nuoc-nong","native-ios/Resources/viet-phrase-catalog.json","planned","0","planned-authored-audio"
"dạ, cho tôi nước suối","Dạ, cho tôi nước suối","1","","phrase","vpe-polite-request-da-cho-toi-nuoc-suoi","native-ios/Resources/viet-phrase-catalog.json","planned","0","planned-authored-audio"
"dạ, cho tôi ống hút","Dạ, cho tôi ống hút","1","","phrase","vpe-polite-request-da-cho-toi-ong-hut","native-ios/Resources/viet-phrase-catalog.json","planned","0","planned-authored-audio"
"dạ, cho tôi phòng đôi","Dạ, cho tôi phòng đôi","1","","phrase","vpe-polite-request-da-cho-toi-phong-doi","native-ios/Resources/viet-phrase-catalog.json","planned","0","planned-authored-audio"
"dạ, cho tôi phòng đơn","Dạ, cho tôi phòng đơn","1","","phrase","vpe-polite-request-da-cho-toi-phong-don","native-ios/Resources/viet-phrase-catalog.json","planned","0","planned-authored-audio"
"dạ, cho tôi pin dự phòng","Dạ, cho tôi pin dự phòng","1","","phrase","vpe-polite-request-da-cho-toi-pin-du-phong","native-ios/Resources/viet-phrase-catalog.json","planned","0","planned-authored-audio"
"dạ, cho tôi rau sống","Dạ, cho tôi rau sống","1","","phrase","vpe-polite-request-da-cho-toi-rau-song","native-ios/Resources/viet-phrase-catalog.json","planned","0","planned-authored-audio"
"dạ, cho tôi sạc điện thoại","Dạ, cho tôi sạc điện thoại","1","","phrase","vpe-polite-request-da-cho-toi-sac-dien-thoai","native-ios/Resources/viet-phrase-catalog.json","planned","0","planned-authored-audio"
"dạ, cho tôi thẻ sim","Dạ, cho tôi thẻ SIM","1","","phrase","vpe-polite-request-da-cho-toi-the-sim","native-ios/Resources/viet-phrase-catalog.json","planned","0","planned-authored-audio"
"dạ, cho tôi thìa","Dạ, cho tôi thìa","1","","phrase","vpe-polite-request-da-cho-toi-thia","native-ios/Resources/viet-phrase-catalog.json","planned","0","planned-authored-audio"
"dạ, cho tôi thực đơn tiếng anh","Dạ, cho tôi thực đơn tiếng Anh","1","","phrase","vpe-polite-request-da-cho-toi-thuc-don-tieng-anh","native-ios/Resources/viet-phrase-catalog.json","planned","0","planned-authored-audio"
"dạ, cho tôi thuốc đau bụng","Dạ, cho tôi thuốc đau bụng","1","","phrase","vpe-polite-request-da-cho-toi-thuoc-dau-bung","native-ios/Resources/viet-phrase-catalog.json","planned","0","planned-authored-audio"
"dạ, cho tôi thuốc đau đầu","Dạ, cho tôi thuốc đau đầu","1","","phrase","vpe-polite-request-da-cho-toi-thuoc-dau-dau","native-ios/Resources/viet-phrase-catalog.json","planned","0","planned-authored-audio"
"dạ, cho tôi thuốc say xe","Dạ, cho tôi thuốc say xe","1","","phrase","vpe-polite-request-da-cho-toi-thuoc-say-xe","native-ios/Resources/viet-phrase-catalog.json","planned","0","planned-authored-audio"
"dạ, cho tôi trà đá","Dạ, cho tôi trà đá","1","","phrase","vpe-polite-request-da-cho-toi-tra-da","native-ios/Resources/viet-phrase-catalog.json","planned","0","planned-authored-audio"
"dạ, cho tôi túi giấy","Dạ, cho tôi túi giấy","1","","phrase","vpe-polite-request-da-cho-toi-tui-giay","native-ios/Resources/viet-phrase-catalog.json","planned","0","planned-authored-audio"
"dạ, cho tôi túi nilon","Dạ, cho tôi túi nilon","1","","phrase","vpe-polite-request-da-cho-toi-tui-nilon","native-ios/Resources/viet-phrase-catalog.json","planned","0","planned-authored-audio"
"dạ, cho tôi tương ớt","Dạ, cho tôi tương ớt","1","","phrase","vpe-polite-request-da-cho-toi-tuong-ot","native-ios/Resources/viet-phrase-catalog.json","planned","0","planned-authored-audio"
"dạ, cho tôi vé khứ hồi","Dạ, cho tôi vé khứ hồi","1","","phrase","vpe-polite-request-da-cho-toi-ve-khu-hoi","native-ios/Resources/viet-phrase-catalog.json","planned","0","planned-authored-audio"
"dạ, cho tôi vé một chiều","Dạ, cho tôi vé một chiều","1","","phrase","vpe-polite-request-da-cho-toi-ve-mot-chieu","native-ios/Resources/viet-phrase-catalog.json","planned","0","planned-authored-audio"
"dạ, cho tôi vé người lớn","Dạ, cho tôi vé người lớn","1","","phrase","vpe-polite-request-da-cho-toi-ve-nguoi-lon","native-ios/Resources/viet-phrase-catalog.json","planned","0","planned-authored-audio"
"dạ, cho tôi vé trẻ em","Dạ, cho tôi vé trẻ em","1","","phrase","vpe-polite-request-da-cho-toi-ve-tre-em","native-ios/Resources/viet-phrase-catalog.json","planned","0","planned-authored-audio"
"dạ, cho tôi wi-fi","Dạ, cho tôi Wi-Fi","1","","phrase","vpe-polite-request-da-cho-toi-wi-fi","native-ios/Resources/viet-phrase-catalog.json","planned","0","planned-authored-audio"
"dạ, cho tôi xà phòng","Dạ, cho tôi xà phòng","1","","phrase","vpe-polite-request-da-cho-toi-xa-phong","native-ios/Resources/viet-phrase-catalog.json","planned","0","planned-authored-audio"
"đầm lập an","Đầm Lập An","1","","phrase","city-hue-place-lap-an-lagoon","native-ios/Resources/viet-phrase-catalog.json","planned","0","planned-authored-audio"
"đàn nam giao","Đàn Nam Giao","1","","phrase","city-hue-place-nam-giao-esplanade","native-ios/Resources/viet-phrase-catalog.json","planned","0","planned-authored-audio"
"đảo an hội gần đây không?","Đảo An Hội gần đây không?","1","","phrase","city-hoian-near-an-hoi-island","native-ios/Resources/viet-phrase-catalog.json","planned","0","planned-authored-audio"
"đảo an hội ở đâu?","Đảo An Hội ở đâu?","1","","phrase","city-hoian-where-an-hoi-island","native-ios/Resources/viet-phrase-catalog.json","planned","0","planned-authored-audio"
"dao cạo bao nhiêu tiền?","dao cạo bao nhiêu tiền?","1","","phrase","vpe-price-item-dao-cao-bao-nhieu-tien","native-ios/Resources/viet-phrase-catalog.json","planned","0","planned-authored-audio"
"đạp xe vùng quê hội an","Đạp xe vùng quê Hội An","1","","phrase","city-hoian-place-countryside-bicycle-loop","native-ios/Resources/viet-phrase-catalog.json","planned","0","planned-authored-audio"
"dầu gội bao nhiêu tiền?","dầu gội bao nhiêu tiền?","1","","phrase","vpe-price-item-dau-goi-bao-nhieu-tien","native-ios/Resources/viet-phrase-catalog.json","planned","0","planned-authored-audio"
"đây có phải đường bạch đằng không?","Đây có phải đường Bạch Đằng không?","1","","phrase","ves-is-this-bach-dang-street","native-ios/Resources/viet-phrase-catalog.json","planned","0","planned-authored-audio"
"đây có phải đường nguyễn văn linh không?","Đây có phải đường Nguyễn Văn Linh không?","1","","phrase","ves-is-this-nguyen-van-linh-street","native-ios/Resources/viet-phrase-catalog.json","planned","0","planned-authored-audio"
"đây có phải đường võ nguyên giáp không?","Đây có phải đường Võ Nguyên Giáp không?","1","","phrase","ves-is-this-vo-nguyen-giap-street","native-ios/Resources/viet-phrase-catalog.json","planned","0","planned-authored-audio"
"dây sạc bao nhiêu tiền?","dây sạc bao nhiêu tiền?","1","","phrase","vpe-price-item-day-sac-bao-nhieu-tien","native-ios/Resources/viet-phrase-catalog.json","planned","0","planned-authored-audio"
"de po cafe","De Po Cafe","1","","phrase","city-hue-place-de-po-cafe","native-ios/Resources/viet-phrase-catalog.json","planned","0","planned-authored-audio"
"đền mariamman","Đền Mariamman","1","","phrase","city-hcmc-place-mariamman-temple","native-ios/Resources/viet-phrase-catalog.json","planned","0","planned-authored-audio"
"đền ngọc sơn","Đền Ngọc Sơn","1","","phrase","city-hanoi-place-ngoc-son-temple","native-ios/Resources/viet-phrase-catalog.json","planned","0","planned-authored-audio"
"đến quận 1","Đến Quận 1","1","","phrase","city-hcmc-go-district-1","native-ios/Resources/viet-phrase-catalog.json","planned","0","planned-authored-audio"
"đèo hải vân","Đèo Hải Vân","1","","phrase","city-danang-place-hai-van-pass","native-ios/Resources/viet-phrase-catalog.json","planned","0","planned-authored-audio"
"dép lê bao nhiêu tiền?","dép lê bao nhiêu tiền?","1","","phrase","vpe-price-item-dep-le-bao-nhieu-tien","native-ios/Resources/viet-phrase-catalog.json","planned","0","planned-authored-audio"
"đi bộ ăn vặt hà nội","Đi bộ ăn vặt Hà Nội","1","","phrase","city-hanoi-place-street-food-walk","native-ios/Resources/viet-phrase-catalog.json","planned","0","planned-authored-audio"
"đi bộ chợ lớn","Đi bộ Chợ Lớn","1","","phrase","city-hcmc-place-cho-lon-walking-route","native-ios/Resources/viet-phrase-catalog.json","planned","0","planned-authored-audio"
"đi bộ đồng khởi","Đi bộ Đồng Khởi","1","","phrase","city-hcmc-place-dong-khoi-landmark-walk","native-ios/Resources/viet-phrase-catalog.json","planned","0","planned-authored-audio"
"đi bộ khu phố pháp","Đi bộ khu phố Pháp","1","","phrase","city-hanoi-place-french-quarter-walk","native-ios/Resources/viet-phrase-catalog.json","planned","0","planned-authored-audio"
"đi cà phê giảng","Đi Cà phê Giảng","1","","phrase","city-hanoi-go-giang-cafe","native-ios/Resources/viet-phrase-catalog.json","planned","0","planned-authored-audio"
"đi cà phê hà nội","Đi cà phê Hà Nội","1","","phrase","city-hanoi-place-coffee-hop","native-ios/Resources/viet-phrase-catalog.json","planned","0","planned-authored-audio"
"đi cà phê nguyễn huệ","Đi cà phê Nguyễn Huệ","1","","phrase","city-hcmc-place-cafe-hop-nguyen-hue","native-ios/Resources/viet-phrase-catalog.json","planned","0","planned-authored-audio"
"đi cẩm châu","Đi Cẩm Châu","1","","phrase","city-hoian-go-cam-chau","native-ios/Resources/viet-phrase-catalog.json","planned","0","planned-authored-audio"
"đi cẩm nam","Đi Cẩm Nam","1","","phrase","city-hoian-go-cam-nam","native-ios/Resources/viet-phrase-catalog.json","planned","0","planned-authored-audio"
"đi cảng tiên sa","Đi Cảng Tiên Sa","1","","phrase","city-danang-go-tien-sa-port","native-ios/Resources/viet-phrase-catalog.json","planned","0","planned-authored-audio"
"đi chợ an cựu","Đi Chợ An Cựu","1","","phrase","city-hue-go-an-cuu-market","native-ios/Resources/viet-phrase-catalog.json","planned","0","planned-authored-audio"
"đi chợ bến thành","Đi chợ Bến Thành","1","","phrase","city-hcmc-go-ben-thanh","native-ios/Resources/viet-phrase-catalog.json","planned","0","planned-authored-audio"
"đi chợ bình tây","Đi Chợ Bình Tây","1","","phrase","city-hcmc-go-binh-tay-market","native-ios/Resources/viet-phrase-catalog.json","planned","0","planned-authored-audio"
"đi chợ cồn","Đi Chợ Cồn","1","","phrase","city-danang-go-con-market","native-ios/Resources/viet-phrase-catalog.json","planned","0","planned-authored-audio"
"đi chợ đêm helio","Đi Chợ đêm Helio","1","","phrase","city-danang-go-helio-night-market","native-ios/Resources/viet-phrase-catalog.json","planned","0","planned-authored-audio"
"đi chợ đêm hội an","Đi chợ đêm Hội An","1","","phrase","city-hoian-night-market","native-ios/Resources/viet-phrase-catalog.json","planned","0","planned-authored-audio"
"đi chợ đêm huế","Đi Chợ đêm Huế","1","","phrase","city-hue-go-night-market","native-ios/Resources/viet-phrase-catalog.json","planned","0","planned-authored-audio"
"đi chợ đêm nguyễn hoàng","Đi Chợ đêm Nguyễn Hoàng","1","","phrase","city-hoian-go-nguyen-hoang-night-market","native-ios/Resources/viet-phrase-catalog.json","planned","0","planned-authored-audio"
"đi chợ đêm phố cổ","Đi chợ đêm phố cổ","1","","phrase","city-hanoi-place-night-market-walk","native-ios/Resources/viet-phrase-catalog.json","planned","0","planned-authored-audio"
"đi chợ đêm sơn trà","Đi Chợ đêm Sơn Trà","1","","phrase","city-danang-go-son-tra-night-market","native-ios/Resources/viet-phrase-catalog.json","planned","0","planned-authored-audio"
"đi chợ đông ba","Đi chợ Đông Ba","1","","phrase","city-hue-go-dong-ba","native-ios/Resources/viet-phrase-catalog.json","planned","0","planned-authored-audio"
"đi chợ đồng xuân","Đi Chợ Đồng Xuân","1","","phrase","city-hanoi-go-dong-xuan-market","native-ios/Resources/viet-phrase-catalog.json","planned","0","planned-authored-audio"
"đi chợ hàn","Đi Chợ Hàn","1","","phrase","city-danang-go-han-market","native-ios/Resources/viet-phrase-catalog.json","planned","0","planned-authored-audio"
"đi chợ hoa hồ thị kỷ","Đi Chợ hoa Hồ Thị Kỷ","1","","phrase","city-hcmc-go-ho-thi-ky-flower-market","native-ios/Resources/viet-phrase-catalog.json","planned","0","planned-authored-audio"
"đi chợ hội an","Đi Chợ Hội An","1","","phrase","city-hoian-go-market","native-ios/Resources/viet-phrase-catalog.json","planned","0","planned-authored-audio"
"đi chợ lớn","Đi Chợ Lớn","1","","phrase","city-hcmc-go-cho-lon","native-ios/Resources/viet-phrase-catalog.json","planned","0","planned-authored-audio"
"đi chợ long biên","Đi Chợ Long Biên","1","","phrase","city-hanoi-go-long-bien-market","native-ios/Resources/viet-phrase-catalog.json","planned","0","planned-authored-audio"
"đi cồn hến","Đi Cồn Hến","1","","phrase","city-hue-go-hen-island","native-ios/Resources/viet-phrase-catalog.json","planned","0","planned-authored-audio"
"đi củ chi trong ngày","Đi Củ Chi trong ngày","1","","phrase","city-hcmc-place-cu-chi-day-trip","native-ios/Resources/viet-phrase-catalog.json","planned","0","planned-authored-audio"
"đi đảo an hội","Đi Đảo An Hội","1","","phrase","city-hoian-go-an-hoi-island","native-ios/Resources/viet-phrase-catalog.json","planned","0","planned-authored-audio"
"đi đường bạch đằng","Đi đường Bạch Đằng","1","","phrase","city-danang-bach-dang-route","native-ios/Resources/viet-phrase-catalog.json","planned","0","planned-authored-audio"
"đi đường đồng khởi","Đi Đường Đồng Khởi","1","","phrase","city-hcmc-go-dong-khoi-street","native-ios/Resources/viet-phrase-catalog.json","planned","0","planned-authored-audio"
"đi đường đồng khởi được không?","Đi đường Đồng Khởi được không?","1","","phrase","city-hcmc-dong-khoi-route","native-ios/Resources/viet-phrase-catalog.json","planned","0","planned-authored-audio"
"đi đường lê lợi","Đi đường Lê Lợi","1","","phrase","city-hue-le-loi-route","native-ios/Resources/viet-phrase-catalog.json","planned","0","planned-authored-audio"
"đi đường lê thánh tôn","Đi Đường Lê Thánh Tôn","1","","phrase","city-hcmc-go-le-thanh-ton-street","native-ios/Resources/viet-phrase-catalog.json","planned","0","planned-authored-audio"
"đi đường nguyễn trãi","Đi Đường Nguyễn Trãi","1","","phrase","city-hcmc-go-nguyen-trai-street","native-ios/Resources/viet-phrase-catalog.json","planned","0","planned-authored-audio"
"đi đường nguyễn văn linh","Đi Đường Nguyễn Văn Linh","1","","phrase","city-danang-go-nguyen-van-linh-street","native-ios/Resources/viet-phrase-catalog.json","planned","0","planned-authored-audio"
"đi đường pasteur","Đi Đường Pasteur","1","","phrase","city-hcmc-go-pasteur-street","native-ios/Resources/viet-phrase-catalog.json","planned","0","planned-authored-audio"
"đi đường võ nguyên giáp","Đi Đường Võ Nguyên Giáp","1","","phrase","city-danang-go-vo-nguyen-giap-street","native-ios/Resources/viet-phrase-catalog.json","planned","0","planned-authored-audio"
"đi faifo coffee","Đi Faifo Coffee","1","","phrase","city-hoian-go-faifo-coffee","native-ios/Resources/viet-phrase-catalog.json","planned","0","planned-authored-audio"
"đi ga đà nẵng","Đi Ga Đà Nẵng","1","","phrase","city-danang-go-railway-station","native-ios/Resources/viet-phrase-catalog.json","planned","0","planned-authored-audio"
"đi ga huế","Đi Ga Huế","1","","phrase","city-hue-go-railway-station","native-ios/Resources/viet-phrase-catalog.json","planned","0","planned-authored-audio"
"đi phố bùi viện","Đi phố Bùi Viện","1","","phrase","city-hcmc-go-bui-vien","native-ios/Resources/viet-phrase-catalog.json","planned","0","planned-authored-audio"
"đi phố cổ bao vinh","Đi Phố cổ Bao Vinh","1","","phrase","city-hue-go-bao-vinh-ancient-town","native-ios/Resources/viet-phrase-catalog.json","planned","0","planned-authored-audio"
"đi phố cổ hà nội","Đi Phố cổ Hà Nội","1","","phrase","city-hanoi-go-old-quarter","native-ios/Resources/viet-phrase-catalog.json","planned","0","planned-authored-audio"
"đi phố cổ hội an","Đi phố cổ Hội An","1","","phrase","city-hoian-go-ancient-town","native-ios/Resources/viet-phrase-catalog.json","planned","0","planned-authored-audio"
"đi phố đi bộ huế","Đi phố đi bộ Huế","1","","phrase","city-hue-walking-street","native-ios/Resources/viet-phrase-catalog.json","planned","0","planned-authored-audio"
"đi phố đi bộ nguyễn đình chiểu","Đi Phố đi bộ Nguyễn Đình Chiểu","1","","phrase","city-hue-go-nguyen-dinh-chieu-street","native-ios/Resources/viet-phrase-catalog.json","planned","0","planned-authored-audio"
"đi phố đi bộ nguyễn huệ","Đi Phố đi bộ Nguyễn Huệ","1","","phrase","city-hcmc-go-nguyen-hue-walking-street","native-ios/Resources/viet-phrase-catalog.json","planned","0","planned-authored-audio"
"đi phố đường tàu hà nội","Đi Phố đường tàu Hà Nội","1","","phrase","city-hanoi-go-train-street","native-ios/Resources/viet-phrase-catalog.json","planned","0","planned-authored-audio"
"đi phố hàng bạc","Đi Phố Hàng Bạc","1","","phrase","city-hanoi-go-hang-bac-street","native-ios/Resources/viet-phrase-catalog.json","planned","0","planned-authored-audio"
"đi phố hàng gai","Đi Phố Hàng Gai","1","","phrase","city-hanoi-go-hang-gai-street","native-ios/Resources/viet-phrase-catalog.json","planned","0","planned-authored-audio"
"đi phố phạm ngũ lão","Đi Phố Phạm Ngũ Lão","1","","phrase","city-hcmc-go-pham-ngu-lao-street","native-ios/Resources/viet-phrase-catalog.json","planned","0","planned-authored-audio"
"đi phố phan đình phùng","Đi Phố Phan Đình Phùng","1","","phrase","city-hanoi-go-phan-dinh-phung-street","native-ios/Resources/viet-phrase-catalog.json","planned","0","planned-authored-audio"
"đi phố tạ hiện","Đi phố Tạ Hiện","1","","phrase","city-hanoi-go-ta-hien","native-ios/Resources/viet-phrase-catalog.json","planned","0","planned-authored-audio"
"đi phố trần phú","Đi Phố Trần Phú","1","","phrase","city-hoian-go-tran-phu-street","native-ios/Resources/viet-phrase-catalog.json","planned","0","planned-authored-audio"
"đi reaching out tea house","Đi Reaching Out Tea House","1","","phrase","city-hoian-go-reach-out-tea-house","native-ios/Resources/viet-phrase-catalog.json","planned","0","planned-authored-audio"
"đi sân bay đà nẵng","Đi Sân bay Đà Nẵng","1","","phrase","city-danang-go-airport","native-ios/Resources/viet-phrase-catalog.json","planned","0","planned-authored-audio"
"đi sân bay nội bài","Đi Sân bay Nội Bài","1","","phrase","city-hanoi-go-noi-bai-airport","native-ios/Resources/viet-phrase-catalog.json","planned","0","planned-authored-audio"
"đi sân bay phú bài","Đi Sân bay Phú Bài","1","","phrase","city-hue-go-phu-bai-airport","native-ios/Resources/viet-phrase-catalog.json","planned","0","planned-authored-audio"
"đi sân bay tân sơn nhất","Đi Sân bay Tân Sơn Nhất","1","","phrase","city-hcmc-go-tan-son-nhat-airport","native-ios/Resources/viet-phrase-catalog.json","planned","0","planned-authored-audio"
"đi tây hồ","Đi Tây Hồ","1","","phrase","city-hanoi-go-tay-ho","native-ios/Resources/viet-phrase-catalog.json","planned","0","planned-authored-audio"
"đi thảo điền","Đi Thảo Điền","1","","phrase","city-hcmc-go-thao-dien","native-ios/Resources/viet-phrase-catalog.json","planned","0","planned-authored-audio"
"đi thuyền sông sài gòn","Đi thuyền sông Sài Gòn","1","","phrase","city-hcmc-place-saigon-river-boat","native-ios/Resources/viet-phrase-catalog.json","planned","0","planned-authored-audio"
"địa chỉ bao nhiêu tiền?","địa chỉ bao nhiêu tiền?","1","","phrase","vpe-price-item-dia-chi-bao-nhieu-tien","native-ios/Resources/viet-phrase-catalog.json","planned","0","planned-authored-audio"
"địa chỉ này đúng không?","Địa chỉ này đúng không?","1","","phrase","ves-is-this-address-correct","native-ios/Resources/viet-phrase-catalog.json","planned","0","planned-authored-audio"
"địa đạo củ chi","Địa đạo Củ Chi","1","","phrase","city-hcmc-place-cu-chi-tunnels","native-ios/Resources/viet-phrase-catalog.json","planned","0","planned-authored-audio"
"dịch vụ giặt nhanh bao nhiêu tiền?","dịch vụ giặt nhanh bao nhiêu tiền?","1","","phrase","vpe-price-item-dich-vu-giat-nhanh-bao-nhieu-tien","native-ios/Resources/viet-phrase-catalog.json","planned","0","planned-authored-audio"
"điểm bán sim gần đây không?","điểm bán SIM gần đây không?","1","","phrase","vpe-near-place-diem-ban-sim-gan-day-khong","native-ios/Resources/viet-phrase-catalog.json","planned","0","planned-authored-audio"
"điểm bán sim ở đâu?","điểm bán SIM ở đâu?","1","","phrase","vpe-where-place-diem-ban-sim-o-dau","native-ios/Resources/viet-phrase-catalog.json","planned","0","planned-authored-audio"
"điểm đón xe gần đây không?","điểm đón xe gần đây không?","1","","phrase","vpe-near-place-diem-don-xe-gan-day-khong","native-ios/Resources/viet-phrase-catalog.json","planned","0","planned-authored-audio"
"điểm đón xe ở đâu?","điểm đón xe ở đâu?","1","","phrase","vpe-where-place-diem-don-xe-o-dau","native-ios/Resources/viet-phrase-catalog.json","planned","0","planned-authored-audio"
"điểm hẹn gần đây không?","điểm hẹn gần đây không?","1","","phrase","vpe-near-place-diem-hen-gan-day-khong","native-ios/Resources/viet-phrase-catalog.json","planned","0","planned-authored-audio"
"điểm hẹn ở đâu?","điểm hẹn ở đâu?","1","","phrase","vpe-where-place-diem-hen-o-dau","native-ios/Resources/viet-phrase-catalog.json","planned","0","planned-authored-audio"
"điện hòn chén","Điện Hòn Chén","1","","phrase","city-hue-place-hon-chen-temple","native-ios/Resources/viet-phrase-catalog.json","planned","0","planned-authored-audio"
"điện long an","Điện Long An","1","","phrase","city-hue-place-long-an-palace","native-ios/Resources/viet-phrase-catalog.json","planned","0","planned-authored-audio"
"điện thái hòa","Điện Thái Hòa","1","","phrase","city-hue-place-thai-hoa-palace","native-ios/Resources/viet-phrase-catalog.json","planned","0","planned-authored-audio"
"đồ chay bao nhiêu tiền?","đồ chay bao nhiêu tiền?","1","","phrase","vpe-price-item-do-chay-bao-nhieu-tien","native-ios/Resources/viet-phrase-catalog.json","planned","0","planned-authored-audio"
"đồ giặt bao nhiêu tiền?","đồ giặt bao nhiêu tiền?","1","","phrase","vpe-price-item-do-giat-bao-nhieu-tien","native-ios/Resources/viet-phrase-catalog.json","planned","0","planned-authored-audio"
"đồ uống lạnh bao nhiêu tiền?","đồ uống lạnh bao nhiêu tiền?","1","","phrase","vpe-price-item-do-uong-lanh-bao-nhieu-tien","native-ios/Resources/viet-phrase-catalog.json","planned","0","planned-authored-audio"
"đồ uống nóng bao nhiêu tiền?","đồ uống nóng bao nhiêu tiền?","1","","phrase","vpe-price-item-do-uong-nong-bao-nhieu-tien","native-ios/Resources/viet-phrase-catalog.json","planned","0","planned-authored-audio"
"đợi ở đây","Đợi ở đây","1","","phrase","vpe-likely-replies-doi-o-day","native-ios/Resources/viet-phrase-catalog.json","planned","0","planned-authored-audio"
"đợi tôi một chút được không?","Đợi tôi một chút được không?","1","","phrase","vpe-help-action-anh-chi-giup-toi-doi-toi-mot-chut-duoc-khong","native-ios/Resources/viet-phrase-catalog.json","planned","0","planned-authored-audio"
"đồn công an gần đây không?","đồn công an gần đây không?","1","","phrase","vpe-near-place-don-cong-an-gan-day-khong","native-ios/Resources/viet-phrase-catalog.json","planned","0","planned-authored-audio"
"đồn công an ở đâu?","đồn công an ở đâu?","1","","phrase","vpe-where-place-don-cong-an-o-dau","native-ios/Resources/viet-phrase-catalog.json","planned","0","planned-authored-audio"
"đóng cửa rồi","Đóng cửa rồi","1","","phrase","vpe-likely-replies-dong-cua-roi","native-ios/Resources/viet-phrase-catalog.json","planned","0","planned-authored-audio"
"đống đa","Đống Đa","1","","phrase","city-hanoi-place-dong-da","native-ios/Resources/viet-phrase-catalog.json","planned","0","planned-authored-audio"
"du thuyền sông hàn","Du thuyền sông Hàn","1","","phrase","city-danang-place-han-river-cruise","native-ios/Resources/viet-phrase-catalog.json","planned","0","planned-authored-audio"
"đũa bao nhiêu tiền?","đũa bao nhiêu tiền?","1","","phrase","vpe-price-item-dua-bao-nhieu-tien","native-ios/Resources/viet-phrase-catalog.json","planned","0","planned-authored-audio"
"đưa hộ chiếu ra","Đưa hộ chiếu ra","1","","phrase","vpe-likely-replies-dua-ho-chieu-ra","native-ios/Resources/viet-phrase-catalog.json","planned","0","planned-authored-audio"
"đưa tôi đến bệnh viện giúp tôi được không?","Đưa tôi đến bệnh viện giúp tôi được không?","1","","phrase","vpe-help-action-anh-chi-giup-toi-dua-toi-den-benh-vien-duoc-khong","native-ios/Resources/viet-phrase-catalog.json","planned","0","planned-authored-audio"
"đưa tôi về khách sạn giúp tôi được không?","Đưa tôi về khách sạn giúp tôi được không?","1","","phrase","vpe-help-action-anh-chi-giup-toi-dua-toi-ve-khach-san-duoc-khong","native-ios/Resources/viet-phrase-catalog.json","planned","0","planned-authored-audio"
"dừng ở atm","Dừng ở ATM","1","","phrase","vpe-stop-at-place-dung-o-atm","native-ios/Resources/viet-phrase-catalog.json","planned","0","planned-authored-audio"
"dừng ở bãi biển","Dừng ở bãi biển","1","","phrase","vpe-stop-at-place-dung-o-bai-bien","native-ios/Resources/viet-phrase-catalog.json","planned","0","planned-authored-audio"
"dừng ở bãi đậu xe","Dừng ở bãi đậu xe","1","","phrase","vpe-stop-at-place-dung-o-bai-dau-xe","native-ios/Resources/viet-phrase-catalog.json","planned","0","planned-authored-audio"
"dừng ở bãi gửi xe máy","Dừng ở bãi gửi xe máy","1","","phrase","vpe-stop-at-place-dung-o-bai-gui-xe-may","native-ios/Resources/viet-phrase-catalog.json","planned","0","planned-authored-audio"
"dừng ở bàn hướng dẫn","Dừng ở bàn hướng dẫn","1","","phrase","vpe-stop-at-place-dung-o-ban-huong-dan","native-ios/Resources/viet-phrase-catalog.json","planned","0","planned-authored-audio"
"dừng ở bảo tàng","Dừng ở bảo tàng","1","","phrase","vpe-stop-at-place-dung-o-bao-tang","native-ios/Resources/viet-phrase-catalog.json","planned","0","planned-authored-audio"
"dừng ở bến phà","Dừng ở bến phà","1","","phrase","vpe-stop-at-place-dung-o-ben-pha","native-ios/Resources/viet-phrase-catalog.json","planned","0","planned-authored-audio"
"dừng ở bến tàu","Dừng ở bến tàu","1","","phrase","vpe-stop-at-place-dung-o-ben-tau","native-ios/Resources/viet-phrase-catalog.json","planned","0","planned-authored-audio"
"dừng ở bến xe","Dừng ở bến xe","1","","phrase","vpe-stop-at-place-dung-o-ben-xe","native-ios/Resources/viet-phrase-catalog.json","planned","0","planned-authored-audio"
"dừng ở bệnh viện","Dừng ở bệnh viện","1","","phrase","vpe-stop-at-place-dung-o-benh-vien","native-ios/Resources/viet-phrase-catalog.json","planned","0","planned-authored-audio"
"dừng ở bưu điện","Dừng ở bưu điện","1","","phrase","vpe-stop-at-place-dung-o-buu-dien","native-ios/Resources/viet-phrase-catalog.json","planned","0","planned-authored-audio"
"dừng ở cà phê giảng","Dừng ở Cà phê Giảng","1","","phrase","city-hanoi-stop-giang-cafe","native-ios/Resources/viet-phrase-catalog.json","planned","0","planned-authored-audio"
"dừng ở cẩm châu","Dừng ở Cẩm Châu","1","","phrase","city-hoian-stop-cam-chau","native-ios/Resources/viet-phrase-catalog.json","planned","0","planned-authored-audio"
"dừng ở cẩm nam","Dừng ở Cẩm Nam","1","","phrase","city-hoian-stop-cam-nam","native-ios/Resources/viet-phrase-catalog.json","planned","0","planned-authored-audio"
"dừng ở cầu","Dừng ở cầu","1","","phrase","vpe-stop-at-place-dung-o-cau","native-ios/Resources/viet-phrase-catalog.json","planned","0","planned-authored-audio"
"dừng ở cây nước nóng","Dừng ở cây nước nóng","1","","phrase","vpe-stop-at-place-dung-o-cay-nuoc-nong","native-ios/Resources/viet-phrase-catalog.json","planned","0","planned-authored-audio"
"dừng ở chợ","Dừng ở chợ","1","","phrase","vpe-stop-at-place-dung-o-cho","native-ios/Resources/viet-phrase-catalog.json","planned","0","planned-authored-audio"
"dừng ở chợ an cựu","Dừng ở Chợ An Cựu","1","","phrase","city-hue-stop-an-cuu-market","native-ios/Resources/viet-phrase-catalog.json","planned","0","planned-authored-audio"
"dừng ở chợ bến thành","Dừng ở Chợ Bến Thành","1","","phrase","city-hcmc-stop-ben-thanh-market","native-ios/Resources/viet-phrase-catalog.json","planned","0","planned-authored-audio"
"dừng ở chợ bình tây","Dừng ở Chợ Bình Tây","1","","phrase","city-hcmc-stop-binh-tay-market","native-ios/Resources/viet-phrase-catalog.json","planned","0","planned-authored-audio"
"dừng ở chợ cồn","Dừng ở Chợ Cồn","1","","phrase","city-danang-stop-con-market","native-ios/Resources/viet-phrase-catalog.json","planned","0","planned-authored-audio"
"dừng ở chỗ đậu taxi","Dừng ở chỗ đậu taxi","1","","phrase","vpe-stop-at-place-dung-o-cho-dau-taxi","native-ios/Resources/viet-phrase-catalog.json","planned","0","planned-authored-audio"
"dừng ở chợ đêm helio","Dừng ở Chợ đêm Helio","1","","phrase","city-danang-stop-helio-night-market","native-ios/Resources/viet-phrase-catalog.json","planned","0","planned-authored-audio"
"dừng ở chợ đêm hội an","Dừng ở Chợ đêm Hội An","1","","phrase","city-hoian-stop-night-market","native-ios/Resources/viet-phrase-catalog.json","planned","0","planned-authored-audio"
"dừng ở chợ đêm huế","Dừng ở Chợ đêm Huế","1","","phrase","city-hue-stop-night-market","native-ios/Resources/viet-phrase-catalog.json","planned","0","planned-authored-audio"
"dừng ở chợ đêm nguyễn hoàng","Dừng ở Chợ đêm Nguyễn Hoàng","1","","phrase","city-hoian-stop-nguyen-hoang-night-market","native-ios/Resources/viet-phrase-catalog.json","planned","0","planned-authored-audio"
"dừng ở chợ đông ba","Dừng ở Chợ Đông Ba","1","","phrase","city-hue-stop-dong-ba-market","native-ios/Resources/viet-phrase-catalog.json","planned","0","planned-authored-audio"
"dừng ở chợ đồng xuân","Dừng ở Chợ Đồng Xuân","1","","phrase","city-hanoi-stop-dong-xuan-market","native-ios/Resources/viet-phrase-catalog.json","planned","0","planned-authored-audio"
"dừng ở chỗ gửi hành lý","Dừng ở chỗ gửi hành lý","1","","phrase","vpe-stop-at-place-dung-o-cho-gui-hanh-ly","native-ios/Resources/viet-phrase-catalog.json","planned","0","planned-authored-audio"
"dừng ở chợ hàn","Dừng ở chợ Hàn","1","","phrase","city-danang-stop-han-market","native-ios/Resources/viet-phrase-catalog.json","planned","0","planned-authored-audio"
"dừng ở chợ hoa hồ thị kỷ","Dừng ở Chợ hoa Hồ Thị Kỷ","1","","phrase","city-hcmc-stop-ho-thi-ky-flower-market","native-ios/Resources/viet-phrase-catalog.json","planned","0","planned-authored-audio"
"dừng ở chợ hội an","Dừng ở Chợ Hội An","1","","phrase","city-hoian-stop-market","native-ios/Resources/viet-phrase-catalog.json","planned","0","planned-authored-audio"
"dừng ở chợ lớn","Dừng ở Chợ Lớn","1","","phrase","city-hcmc-stop-cho-lon","native-ios/Resources/viet-phrase-catalog.json","planned","0","planned-authored-audio"
"dừng ở chợ long biên","Dừng ở Chợ Long Biên","1","","phrase","city-hanoi-stop-long-bien-market","native-ios/Resources/viet-phrase-catalog.json","planned","0","planned-authored-audio"
"dừng ở chỗ ngồi","Dừng ở chỗ ngồi","1","","phrase","vpe-stop-at-place-dung-o-cho-ngoi","native-ios/Resources/viet-phrase-catalog.json","planned","0","planned-authored-audio"
"dừng ở chùa","Dừng ở chùa","1","","phrase","vpe-stop-at-place-dung-o-chua","native-ios/Resources/viet-phrase-catalog.json","planned","0","planned-authored-audio"
"dừng ở cồn hến","Dừng ở Cồn Hến","1","","phrase","city-hue-stop-hen-island","native-ios/Resources/viet-phrase-catalog.json","planned","0","planned-authored-audio"
"dừng ở cổng lên máy bay","Dừng ở cổng lên máy bay","1","","phrase","vpe-stop-at-place-dung-o-cong-len-may-bay","native-ios/Resources/viet-phrase-catalog.json","planned","0","planned-authored-audio"
"dừng ở công viên","Dừng ở công viên","1","","phrase","vpe-stop-at-place-dung-o-cong-vien","native-ios/Resources/viet-phrase-catalog.json","planned","0","planned-authored-audio"
"dừng ở cửa hải quan","Dừng ở cửa hải quan","1","","phrase","vpe-stop-at-place-dung-o-cua-hai-quan","native-ios/Resources/viet-phrase-catalog.json","planned","0","planned-authored-audio"
"dừng ở cửa hàng điện thoại","Dừng ở cửa hàng điện thoại","1","","phrase","vpe-stop-at-place-dung-o-cua-hang-dien-thoai","native-ios/Resources/viet-phrase-catalog.json","planned","0","planned-authored-audio"
"dừng ở cửa hàng tiện lợi","Dừng ở cửa hàng tiện lợi","1","","phrase","vpe-stop-at-place-dung-o-cua-hang-tien-loi","native-ios/Resources/viet-phrase-catalog.json","planned","0","planned-authored-audio"
"dừng ở cửa khởi hành","Dừng ở cửa khởi hành","1","","phrase","vpe-stop-at-place-dung-o-cua-khoi-hanh","native-ios/Resources/viet-phrase-catalog.json","planned","0","planned-authored-audio"
"dừng ở cửa ra","Dừng ở cửa ra","1","","phrase","vpe-stop-at-place-dung-o-cua-ra","native-ios/Resources/viet-phrase-catalog.json","planned","0","planned-authored-audio"
"dừng ở đảo an hội","Dừng ở Đảo An Hội","1","","phrase","city-hoian-stop-an-hoi-island","native-ios/Resources/viet-phrase-catalog.json","planned","0","planned-authored-audio"
"dừng ở đây giúp tôi được không?","Dừng ở đây giúp tôi được không?","1","","phrase","vpe-help-action-anh-chi-giup-toi-dung-o-day-duoc-khong","native-ios/Resources/viet-phrase-catalog.json","planned","0","planned-authored-audio"
"dừng ở điểm bán sim","Dừng ở điểm bán SIM","1","","phrase","vpe-stop-at-place-dung-o-diem-ban-sim","native-ios/Resources/viet-phrase-catalog.json","planned","0","planned-authored-audio"
"dừng ở điểm đón xe","Dừng ở điểm đón xe","1","","phrase","vpe-stop-at-place-dung-o-diem-don-xe","native-ios/Resources/viet-phrase-catalog.json","planned","0","planned-authored-audio"
"dừng ở điểm hẹn","Dừng ở điểm hẹn","1","","phrase","vpe-stop-at-place-dung-o-diem-hen","native-ios/Resources/viet-phrase-catalog.json","planned","0","planned-authored-audio"
"dừng ở đồn công an","Dừng ở đồn công an","1","","phrase","vpe-stop-at-place-dung-o-don-cong-an","native-ios/Resources/viet-phrase-catalog.json","planned","0","planned-authored-audio"
"dừng ở đường bạch đằng","Dừng ở Đường Bạch Đằng","1","","phrase","city-danang-stop-bach-dang-street","native-ios/Resources/viet-phrase-catalog.json","planned","0","planned-authored-audio"
"dừng ở đường chính","Dừng ở đường chính","1","","phrase","vpe-stop-at-place-dung-o-duong-chinh","native-ios/Resources/viet-phrase-catalog.json","planned","0","planned-authored-audio"
"dừng ở đường đồng khởi","Dừng ở Đường Đồng Khởi","1","","phrase","city-hcmc-stop-dong-khoi-street","native-ios/Resources/viet-phrase-catalog.json","planned","0","planned-authored-audio"
"dừng ở đường lê lợi","Dừng ở Đường Lê Lợi","1","","phrase","city-hue-stop-le-loi-street","native-ios/Resources/viet-phrase-catalog.json","planned","0","planned-authored-audio"
"dừng ở đường lê thánh tôn","Dừng ở Đường Lê Thánh Tôn","1","","phrase","city-hcmc-stop-le-thanh-ton-street","native-ios/Resources/viet-phrase-catalog.json","planned","0","planned-authored-audio"
"dừng ở đường một chiều","Dừng ở đường một chiều","1","","phrase","vpe-stop-at-place-dung-o-duong-mot-chieu","native-ios/Resources/viet-phrase-catalog.json","planned","0","planned-authored-audio"
"dừng ở đường nguyễn trãi","Dừng ở Đường Nguyễn Trãi","1","","phrase","city-hcmc-stop-nguyen-trai-street","native-ios/Resources/viet-phrase-catalog.json","planned","0","planned-authored-audio"
"dừng ở đường nguyễn văn linh","Dừng ở Đường Nguyễn Văn Linh","1","","phrase","city-danang-stop-nguyen-van-linh-street","native-ios/Resources/viet-phrase-catalog.json","planned","0","planned-authored-audio"
"dừng ở đường pasteur","Dừng ở Đường Pasteur","1","","phrase","city-hcmc-stop-pasteur-street","native-ios/Resources/viet-phrase-catalog.json","planned","0","planned-authored-audio"
"dừng ở faifo coffee","Dừng ở Faifo Coffee","1","","phrase","city-hoian-stop-faifo-coffee","native-ios/Resources/viet-phrase-catalog.json","planned","0","planned-authored-audio"
"dừng ở ga đà nẵng","Dừng ở Ga Đà Nẵng","1","","phrase","city-danang-stop-railway-station","native-ios/Resources/viet-phrase-catalog.json","planned","0","planned-authored-audio"
"dừng ở ga huế","Dừng ở Ga Huế","1","","phrase","city-hue-stop-railway-station","native-ios/Resources/viet-phrase-catalog.json","planned","0","planned-authored-audio"
"dừng ở ga tàu","Dừng ở ga tàu","1","","phrase","vpe-stop-at-place-dung-o-ga-tau","native-ios/Resources/viet-phrase-catalog.json","planned","0","planned-authored-audio"
"dừng ở hẻm này","Dừng ở hẻm này","1","","phrase","vpe-stop-at-place-dung-o-hem-nay","native-ios/Resources/viet-phrase-catalog.json","planned","0","planned-authored-audio"
"dừng ở hiệu kính thuốc","Dừng ở hiệu kính thuốc","1","","phrase","vpe-stop-at-place-dung-o-hieu-kinh-thuoc","native-ios/Resources/viet-phrase-catalog.json","planned","0","planned-authored-audio"
"dừng ở hồ","Dừng ở hồ","1","","phrase","vpe-stop-at-place-dung-o-ho","native-ios/Resources/viet-phrase-catalog.json","planned","0","planned-authored-audio"
"dừng ở khách sạn","Dừng ở khách sạn","1","","phrase","vpe-stop-at-place-dung-o-khach-san","native-ios/Resources/viet-phrase-catalog.json","planned","0","planned-authored-audio"
"dừng ở khu ẩm thực","Dừng ở khu ẩm thực","1","","phrase","vpe-stop-at-place-dung-o-khu-am-thuc","native-ios/Resources/viet-phrase-catalog.json","planned","0","planned-authored-audio"
"dừng ở khu kiểm tra an ninh","Dừng ở khu kiểm tra an ninh","1","","phrase","vpe-stop-at-place-dung-o-khu-kiem-tra-an-ninh","native-ios/Resources/viet-phrase-catalog.json","planned","0","planned-authored-audio"
"dừng ở khu lấy hành lý","Dừng ở khu lấy hành lý","1","","phrase","vpe-stop-at-place-dung-o-khu-lay-hanh-ly","native-ios/Resources/viet-phrase-catalog.json","planned","0","planned-authored-audio"
"dừng ở khu vực hút thuốc","Dừng ở khu vực hút thuốc","1","","phrase","vpe-stop-at-place-dung-o-khu-vuc-hut-thuoc","native-ios/Resources/viet-phrase-catalog.json","planned","0","planned-authored-audio"
"dừng ở lối sang đường","Dừng ở lối sang đường","1","","phrase","vpe-stop-at-place-dung-o-loi-sang-duong","native-ios/Resources/viet-phrase-catalog.json","planned","0","planned-authored-audio"
"dừng ở lối vào","Dừng ở lối vào","1","","phrase","vpe-stop-at-place-dung-o-loi-vao","native-ios/Resources/viet-phrase-catalog.json","planned","0","planned-authored-audio"
"dừng ở máy bán vé","Dừng ở máy bán vé","1","","phrase","vpe-stop-at-place-dung-o-may-ban-ve","native-ios/Resources/viet-phrase-catalog.json","planned","0","planned-authored-audio"
"dừng ở máy in","Dừng ở máy in","1","","phrase","vpe-stop-at-place-dung-o-may-in","native-ios/Resources/viet-phrase-catalog.json","planned","0","planned-authored-audio"
"dừng ở máy photocopy","Dừng ở máy photocopy","1","","phrase","vpe-stop-at-place-dung-o-may-photocopy","native-ios/Resources/viet-phrase-catalog.json","planned","0","planned-authored-audio"
"dừng ở ngã tư","Dừng ở ngã tư","1","","phrase","vpe-stop-at-place-dung-o-nga-tu","native-ios/Resources/viet-phrase-catalog.json","planned","0","planned-authored-audio"
"dừng ở ngân hàng","Dừng ở ngân hàng","1","","phrase","vpe-stop-at-place-dung-o-ngan-hang","native-ios/Resources/viet-phrase-catalog.json","planned","0","planned-authored-audio"
"dừng ở nhà hàng","Dừng ở nhà hàng","1","","phrase","vpe-stop-at-place-dung-o-nha-hang","native-ios/Resources/viet-phrase-catalog.json","planned","0","planned-authored-audio"
"dừng ở nhà thờ","Dừng ở nhà thờ","1","","phrase","vpe-stop-at-place-dung-o-nha-tho","native-ios/Resources/viet-phrase-catalog.json","planned","0","planned-authored-audio"
"dừng ở nhà thuốc","Dừng ở nhà thuốc","1","","phrase","vpe-stop-at-place-dung-o-nha-thuoc","native-ios/Resources/viet-phrase-catalog.json","planned","0","planned-authored-audio"
"dừng ở nhà vệ sinh","Dừng ở nhà vệ sinh","1","","phrase","vpe-stop-at-place-dung-o-nha-ve-sinh","native-ios/Resources/viet-phrase-catalog.json","planned","0","planned-authored-audio"
"dừng ở phố bùi viện","Dừng ở Phố Bùi Viện","1","","phrase","city-hcmc-stop-bui-vien-street","native-ios/Resources/viet-phrase-catalog.json","planned","0","planned-authored-audio"
"dừng ở phố cổ","Dừng ở phố cổ","1","","phrase","vpe-stop-at-place-dung-o-pho-co","native-ios/Resources/viet-phrase-catalog.json","planned","0","planned-authored-audio"
"dừng ở phố cổ bao vinh","Dừng ở Phố cổ Bao Vinh","1","","phrase","city-hue-stop-bao-vinh-ancient-town","native-ios/Resources/viet-phrase-catalog.json","planned","0","planned-authored-audio"
"dừng ở phố cổ hà nội","Dừng ở phố cổ Hà Nội","1","","phrase","city-hanoi-stop-old-quarter","native-ios/Resources/viet-phrase-catalog.json","planned","0","planned-authored-audio"
"dừng ở phố cổ hội an","Dừng ở Phố cổ Hội An","1","","phrase","city-hoian-stop-ancient-town","native-ios/Resources/viet-phrase-catalog.json","planned","0","planned-authored-audio"
"dừng ở phố đi bộ","Dừng ở phố đi bộ","1","","phrase","vpe-stop-at-place-dung-o-pho-di-bo","native-ios/Resources/viet-phrase-catalog.json","planned","0","planned-authored-audio"
"dừng ở phố đi bộ nguyễn đình chiểu","Dừng ở Phố đi bộ Nguyễn Đình Chiểu","1","","phrase","city-hue-stop-nguyen-dinh-chieu-street","native-ios/Resources/viet-phrase-catalog.json","planned","0","planned-authored-audio"
"dừng ở phố đi bộ nguyễn huệ","Dừng ở phố đi bộ Nguyễn Huệ","1","","phrase","city-hcmc-stop-nguyen-hue","native-ios/Resources/viet-phrase-catalog.json","planned","0","planned-authored-audio"
"dừng ở phố đường tàu hà nội","Dừng ở Phố đường tàu Hà Nội","1","","phrase","city-hanoi-stop-train-street","native-ios/Resources/viet-phrase-catalog.json","planned","0","planned-authored-audio"
"dừng ở phố hàng bạc","Dừng ở Phố Hàng Bạc","1","","phrase","city-hanoi-stop-hang-bac-street","native-ios/Resources/viet-phrase-catalog.json","planned","0","planned-authored-audio"
"dừng ở phố hàng gai","Dừng ở Phố Hàng Gai","1","","phrase","city-hanoi-stop-hang-gai-street","native-ios/Resources/viet-phrase-catalog.json","planned","0","planned-authored-audio"
"dừng ở phố phạm ngũ lão","Dừng ở Phố Phạm Ngũ Lão","1","","phrase","city-hcmc-stop-pham-ngu-lao-street","native-ios/Resources/viet-phrase-catalog.json","planned","0","planned-authored-audio"
"dừng ở phố phan đình phùng","Dừng ở Phố Phan Đình Phùng","1","","phrase","city-hanoi-stop-phan-dinh-phung-street","native-ios/Resources/viet-phrase-catalog.json","planned","0","planned-authored-audio"
"dừng ở phố tạ hiện","Dừng ở Phố Tạ Hiện","1","","phrase","city-hanoi-stop-ta-hien-street","native-ios/Resources/viet-phrase-catalog.json","planned","0","planned-authored-audio"
"dừng ở phòng cầu nguyện","Dừng ở phòng cầu nguyện","1","","phrase","vpe-stop-at-place-dung-o-phong-cau-nguyen","native-ios/Resources/viet-phrase-catalog.json","planned","0","planned-authored-audio"
"dừng ở phòng chờ","Dừng ở phòng chờ","1","","phrase","vpe-stop-at-place-dung-o-phong-cho","native-ios/Resources/viet-phrase-catalog.json","planned","0","planned-authored-audio"
"dừng ở phòng khám","Dừng ở phòng khám","1","","phrase","vpe-stop-at-place-dung-o-phong-kham","native-ios/Resources/viet-phrase-catalog.json","planned","0","planned-authored-audio"
"dừng ở phòng thay đồ","Dừng ở phòng thay đồ","1","","phrase","vpe-stop-at-place-dung-o-phong-thay-do","native-ios/Resources/viet-phrase-catalog.json","planned","0","planned-authored-audio"
"dừng ở phòng y tế","Dừng ở phòng y tế","1","","phrase","vpe-stop-at-place-dung-o-phong-y-te","native-ios/Resources/viet-phrase-catalog.json","planned","0","planned-authored-audio"
"dừng ở quận 1","Dừng ở Quận 1","1","","phrase","city-hcmc-stop-district-1","native-ios/Resources/viet-phrase-catalog.json","planned","0","planned-authored-audio"
"dừng ở quán cà phê","Dừng ở quán cà phê","1","","phrase","vpe-stop-at-place-dung-o-quan-ca-phe","native-ios/Resources/viet-phrase-catalog.json","planned","0","planned-authored-audio"
"dừng ở quầy an ninh","Dừng ở quầy an ninh","1","","phrase","vpe-stop-at-place-dung-o-quay-an-ninh","native-ios/Resources/viet-phrase-catalog.json","planned","0","planned-authored-audio"
"dừng ở quầy đặt tour","Dừng ở quầy đặt tour","1","","phrase","vpe-stop-at-place-dung-o-quay-dat-tour","native-ios/Resources/viet-phrase-catalog.json","planned","0","planned-authored-audio"
"dừng ở quầy đổi tiền","Dừng ở quầy đổi tiền","1","","phrase","vpe-stop-at-place-dung-o-quay-doi-tien","native-ios/Resources/viet-phrase-catalog.json","planned","0","planned-authored-audio"
"dừng ở quầy giữ đồ","Dừng ở quầy giữ đồ","1","","phrase","vpe-stop-at-place-dung-o-quay-giu-do","native-ios/Resources/viet-phrase-catalog.json","planned","0","planned-authored-audio"
"dừng ở quầy hoàn thuế","Dừng ở quầy hoàn thuế","1","","phrase","vpe-stop-at-place-dung-o-quay-hoan-thue","native-ios/Resources/viet-phrase-catalog.json","planned","0","planned-authored-audio"
"dừng ở quầy lễ tân","Dừng ở quầy lễ tân","1","","phrase","vpe-stop-at-place-dung-o-quay-le-tan","native-ios/Resources/viet-phrase-catalog.json","planned","0","planned-authored-audio"
"dừng ở quầy thanh toán","Dừng ở quầy thanh toán","1","","phrase","vpe-stop-at-place-dung-o-quay-thanh-toan","native-ios/Resources/viet-phrase-catalog.json","planned","0","planned-authored-audio"
"dừng ở quầy thông tin","Dừng ở quầy thông tin","1","","phrase","vpe-stop-at-place-dung-o-quay-thong-tin","native-ios/Resources/viet-phrase-catalog.json","planned","0","planned-authored-audio"
"dừng ở quầy vé","Dừng ở quầy vé","1","","phrase","vpe-stop-at-place-dung-o-quay-ve","native-ios/Resources/viet-phrase-catalog.json","planned","0","planned-authored-audio"
"dừng ở reaching out tea house","Dừng ở Reaching Out Tea House","1","","phrase","city-hoian-stop-reach-out-tea-house","native-ios/Resources/viet-phrase-catalog.json","planned","0","planned-authored-audio"
"dừng ở sân bay","Dừng ở sân bay","1","","phrase","vpe-stop-at-place-dung-o-san-bay","native-ios/Resources/viet-phrase-catalog.json","planned","0","planned-authored-audio"
"dừng ở sân bay đà nẵng","Dừng ở Sân bay Đà Nẵng","1","","phrase","city-danang-stop-airport","native-ios/Resources/viet-phrase-catalog.json","planned","0","planned-authored-audio"
"dừng ở sân bay nội bài","Dừng ở Sân bay Nội Bài","1","","phrase","city-hanoi-stop-noi-bai-airport","native-ios/Resources/viet-phrase-catalog.json","planned","0","planned-authored-audio"
"dừng ở sân bay phú bài","Dừng ở Sân bay Phú Bài","1","","phrase","city-hue-stop-phu-bai-airport","native-ios/Resources/viet-phrase-catalog.json","planned","0","planned-authored-audio"
"dừng ở siêu thị","Dừng ở siêu thị","1","","phrase","vpe-stop-at-place-dung-o-sieu-thi","native-ios/Resources/viet-phrase-catalog.json","planned","0","planned-authored-audio"
"dừng ở sông","Dừng ở sông","1","","phrase","vpe-stop-at-place-dung-o-song","native-ios/Resources/viet-phrase-catalog.json","planned","0","planned-authored-audio"
"dừng ở tây hồ","Dừng ở Tây Hồ","1","","phrase","city-hanoi-stop-tay-ho","native-ios/Resources/viet-phrase-catalog.json","planned","0","planned-authored-audio"
"dừng ở thang máy","Dừng ở thang máy","1","","phrase","vpe-stop-at-place-dung-o-thang-may","native-ios/Resources/viet-phrase-catalog.json","planned","0","planned-authored-audio"
"dừng ở thùng rác","Dừng ở thùng rác","1","","phrase","vpe-stop-at-place-dung-o-thung-rac","native-ios/Resources/viet-phrase-catalog.json","planned","0","planned-authored-audio"
"dừng ở tiệm cắt tóc","Dừng ở tiệm cắt tóc","1","","phrase","vpe-stop-at-place-dung-o-tiem-cat-toc","native-ios/Resources/viet-phrase-catalog.json","planned","0","planned-authored-audio"
"dừng ở tiệm giặt ủi","Dừng ở tiệm giặt ủi","1","","phrase","vpe-stop-at-place-dung-o-tiem-giat-ui","native-ios/Resources/viet-phrase-catalog.json","planned","0","planned-authored-audio"
"dừng ở trạm sạc","Dừng ở trạm sạc","1","","phrase","vpe-stop-at-place-dung-o-tram-sac","native-ios/Resources/viet-phrase-catalog.json","planned","0","planned-authored-audio"
"dừng ở trạm xăng","Dừng ở trạm xăng","1","","phrase","vpe-stop-at-place-dung-o-tram-xang","native-ios/Resources/viet-phrase-catalog.json","planned","0","planned-authored-audio"
"dừng ở trạm xe buýt","Dừng ở trạm xe buýt","1","","phrase","vpe-stop-at-place-dung-o-tram-xe-buyt","native-ios/Resources/viet-phrase-catalog.json","planned","0","planned-authored-audio"
"dừng ở trạm y tế","Dừng ở trạm y tế","1","","phrase","vpe-stop-at-place-dung-o-tram-y-te","native-ios/Resources/viet-phrase-catalog.json","planned","0","planned-authored-audio"
"dừng ở trung tâm thương mại","Dừng ở trung tâm thương mại","1","","phrase","vpe-stop-at-place-dung-o-trung-tam-thuong-mai","native-ios/Resources/viet-phrase-catalog.json","planned","0","planned-authored-audio"
"dừng ở văn phòng du lịch","Dừng ở văn phòng du lịch","1","","phrase","vpe-stop-at-place-dung-o-van-phong-du-lich","native-ios/Resources/viet-phrase-catalog.json","planned","0","planned-authored-audio"
"dừng ở vòi nước","Dừng ở vòi nước","1","","phrase","vpe-stop-at-place-dung-o-voi-nuoc","native-ios/Resources/viet-phrase-catalog.json","planned","0","planned-authored-audio"
"đúng rồi","Đúng rồi","1","","phrase","vpe-likely-replies-dung-roi","native-ios/Resources/viet-phrase-catalog.json","planned","0","planned-authored-audio"
"đường bạch đằng gần đây không?","Đường Bạch Đằng gần đây không?","1","","phrase","city-danang-near-bach-dang-street","native-ios/Resources/viet-phrase-catalog.json","planned","0","planned-authored-audio"
"đường bạch đằng ở đâu?","Đường Bạch Đằng ở đâu?","1","","phrase","city-danang-where-bach-dang-street","native-ios/Resources/viet-phrase-catalog.json","planned","0","planned-authored-audio"
"đường bạch đằng ở hội an","Đường Bạch Đằng ở Hội An","1","","phrase","city-hoian-place-bach-dang-street","native-ios/Resources/viet-phrase-catalog.json","planned","0","planned-authored-audio"
"đường chính gần đây không?","đường chính gần đây không?","1","","phrase","vpe-near-place-duong-chinh-gan-day-khong","native-ios/Resources/viet-phrase-catalog.json","planned","0","planned-authored-audio"
"đường chính ở đâu?","đường chính ở đâu?","1","","phrase","vpe-where-place-duong-chinh-o-dau","native-ios/Resources/viet-phrase-catalog.json","planned","0","planned-authored-audio"
"đường chu văn an","Đường Chu Văn An","1","","phrase","city-hue-place-chu-van-an-street","native-ios/Resources/viet-phrase-catalog.json","planned","0","planned-authored-audio"
"đường đồng khởi ở đâu?","Đường Đồng Khởi ở đâu?","1","","phrase","city-hcmc-where-dong-khoi-street","native-ios/Resources/viet-phrase-catalog.json","planned","0","planned-authored-audio"
"đường lê lợi gần đây không?","Đường Lê Lợi gần đây không?","1","","phrase","city-hue-near-le-loi-street","native-ios/Resources/viet-phrase-catalog.json","planned","0","planned-authored-audio"
"đường lê lợi ở đâu?","Đường Lê Lợi ở đâu?","1","","phrase","city-hue-where-le-loi-street","native-ios/Resources/viet-phrase-catalog.json","planned","0","planned-authored-audio"
"đường một chiều gần đây không?","đường một chiều gần đây không?","1","","phrase","vpe-near-place-duong-mot-chieu-gan-day-khong","native-ios/Resources/viet-phrase-catalog.json","planned","0","planned-authored-audio"
"đường một chiều ở đâu?","đường một chiều ở đâu?","1","","phrase","vpe-where-place-duong-mot-chieu-o-dau","native-ios/Resources/viet-phrase-catalog.json","planned","0","planned-authored-audio"
"đường nguyễn văn linh gần đây không?","Đường Nguyễn Văn Linh gần đây không?","1","","phrase","city-danang-near-nguyen-van-linh-street","native-ios/Resources/viet-phrase-catalog.json","planned","0","planned-authored-audio"
"đường nguyễn văn linh ở đâu?","Đường Nguyễn Văn Linh ở đâu?","1","","phrase","city-danang-where-nguyen-van-linh-street","native-ios/Resources/viet-phrase-catalog.json","planned","0","planned-authored-audio"
"đường phạm ngũ lão","Đường Phạm Ngũ Lão","1","","phrase","city-hue-place-pham-ngu-lao-street","native-ios/Resources/viet-phrase-catalog.json","planned","0","planned-authored-audio"
"đường trần hưng đạo","Đường Trần Hưng Đạo","1","","phrase","city-danang-place-tran-hung-dao-street","native-ios/Resources/viet-phrase-catalog.json","planned","0","planned-authored-audio"
"đường võ nguyên giáp gần đây không?","Đường Võ Nguyên Giáp gần đây không?","1","","phrase","city-danang-near-vo-nguyen-giap-street","native-ios/Resources/viet-phrase-catalog.json","planned","0","planned-authored-audio"
"đường võ nguyên giáp ở đâu?","Đường Võ Nguyên Giáp ở đâu?","1","","phrase","city-danang-where-vo-nguyen-giap-street","native-ios/Resources/viet-phrase-catalog.json","planned","0","planned-authored-audio"
"duyệt thị đường","Duyệt Thị Đường","1","","phrase","city-hue-place-duyet-thi-duong-theater","native-ios/Resources/viet-phrase-catalog.json","planned","0","planned-authored-audio"
"em chụp ảnh giúp tôi được không?","Em chụp ảnh giúp tôi được không?","1","","phrase","vpe-pronoun-help-em-giup-toi-chup-anh-giup-toi-duoc-khong","native-ios/Resources/viet-phrase-catalog.json","planned","0","planned-authored-audio"
"em giúp tôi chỉ đường được không?","Em giúp tôi chỉ đường được không?","1","","phrase","vpe-pronoun-help-em-giup-toi-chi-duong-duoc-khong","native-ios/Resources/viet-phrase-catalog.json","planned","0","planned-authored-audio"
"em giúp tôi đọc số này được không?","Em giúp tôi đọc số này được không?","1","","phrase","vpe-pronoun-help-em-giup-toi-doc-so-nay-duoc-khong","native-ios/Resources/viet-phrase-catalog.json","planned","0","planned-authored-audio"
"em giúp tôi đổi phòng được không?","Em giúp tôi đổi phòng được không?","1","","phrase","vpe-pronoun-help-em-giup-toi-doi-phong-duoc-khong","native-ios/Resources/viet-phrase-catalog.json","planned","0","planned-authored-audio"
"em giúp tôi đổi tiền được không?","Em giúp tôi đổi tiền được không?","1","","phrase","vpe-pronoun-help-em-giup-toi-doi-tien-duoc-khong","native-ios/Resources/viet-phrase-catalog.json","planned","0","planned-authored-audio"
"em giúp tôi gọi số này được không?","Em giúp tôi gọi số này được không?","1","","phrase","vpe-pronoun-help-em-giup-toi-goi-so-nay-duoc-khong","native-ios/Resources/viet-phrase-catalog.json","planned","0","planned-authored-audio"
"em giúp tôi gọi taxi được không?","Em giúp tôi gọi taxi được không?","1","","phrase","vpe-pronoun-help-em-giup-toi-goi-taxi-duoc-khong","native-ios/Resources/viet-phrase-catalog.json","planned","0","planned-authored-audio"
"em giúp tôi gọi xe công nghệ được không?","Em giúp tôi gọi xe công nghệ được không?","1","","phrase","vpe-pronoun-help-em-giup-toi-goi-xe-cong-nghe-duoc-khong","native-ios/Resources/viet-phrase-catalog.json","planned","0","planned-authored-audio"
"em giúp tôi in vé này được không?","Em giúp tôi in vé này được không?","1","","phrase","vpe-pronoun-help-em-giup-toi-in-ve-nay-duoc-khong","native-ios/Resources/viet-phrase-catalog.json","planned","0","planned-authored-audio"
"em giúp tôi kiểm tra đặt phòng được không?","Em giúp tôi kiểm tra đặt phòng được không?","1","","phrase","vpe-pronoun-help-em-giup-toi-kiem-tra-dat-phong-duoc-khong","native-ios/Resources/viet-phrase-catalog.json","planned","0","planned-authored-audio"
"em giúp tôi kiểm tra vé được không?","Em giúp tôi kiểm tra vé được không?","1","","phrase","vpe-pronoun-help-em-giup-toi-kiem-tra-ve-duoc-khong","native-ios/Resources/viet-phrase-catalog.json","planned","0","planned-authored-audio"
"em giúp tôi mở cửa phòng được không?","Em giúp tôi mở cửa phòng được không?","1","","phrase","vpe-pronoun-help-em-giup-toi-mo-cua-phong-duoc-khong","native-ios/Resources/viet-phrase-catalog.json","planned","0","planned-authored-audio"
"em giúp tôi nhập mã này được không?","Em giúp tôi nhập mã này được không?","1","","phrase","vpe-pronoun-help-em-giup-toi-nhap-ma-nay-duoc-khong","native-ios/Resources/viet-phrase-catalog.json","planned","0","planned-authored-audio"
"em giúp tôi sạc điện thoại được không?","Em giúp tôi sạc điện thoại được không?","1","","phrase","vpe-pronoun-help-em-giup-toi-sac-dien-thoai-duoc-khong","native-ios/Resources/viet-phrase-catalog.json","planned","0","planned-authored-audio"
"em giúp tôi scan mã qr được không?","Em giúp tôi scan mã QR được không?","1","","phrase","vpe-pronoun-help-em-giup-toi-scan-ma-qr-duoc-khong","native-ios/Resources/viet-phrase-catalog.json","planned","0","planned-authored-audio"
"em giúp tôi sửa wi-fi được không?","Em giúp tôi sửa Wi-Fi được không?","1","","phrase","vpe-pronoun-help-em-giup-toi-sua-wi-fi-duoc-khong","native-ios/Resources/viet-phrase-catalog.json","planned","0","planned-authored-audio"
"em giúp tôi tìm hành lý được không?","Em giúp tôi tìm hành lý được không?","1","","phrase","vpe-pronoun-help-em-giup-toi-tim-hanh-ly-duoc-khong","native-ios/Resources/viet-phrase-catalog.json","planned","0","planned-authored-audio"
"em giúp tôi viết địa chỉ được không?","Em giúp tôi viết địa chỉ được không?","1","","phrase","vpe-pronoun-help-em-giup-toi-viet-dia-chi-duoc-khong","native-ios/Resources/viet-phrase-catalog.json","planned","0","planned-authored-audio"
"esim bao nhiêu tiền?","eSIM bao nhiêu tiền?","1","","phrase","vpe-price-item-esim-bao-nhieu-tien","native-ios/Resources/viet-phrase-catalog.json","planned","0","planned-authored-audio"
"faifo coffee ở đâu?","Faifo Coffee ở đâu?","1","","phrase","city-hoian-where-faifo-coffee","native-ios/Resources/viet-phrase-catalog.json","planned","0","planned-authored-audio"
"fatfish","Fatfish","1","","phrase","city-danang-place-fatfish","native-ios/Resources/viet-phrase-catalog.json","planned","0","planned-authored-audio"
"ga bến thành","Ga Bến Thành","1","","phrase","city-hcmc-place-ben-thanh-metro-station","native-ios/Resources/viet-phrase-catalog.json","planned","0","planned-authored-audio"
"ga đà nẵng đi hội an","Ga Đà Nẵng đi Hội An","1","","phrase","city-hoian-place-from-danang-railway-station","native-ios/Resources/viet-phrase-catalog.json","planned","0","planned-authored-audio"
"ga gia lâm","Ga Gia Lâm","1","","phrase","city-hanoi-place-gia-lam-station","native-ios/Resources/viet-phrase-catalog.json","planned","0","planned-authored-audio"
"ga hà nội","Ga Hà Nội","1","","phrase","city-hanoi-place-hanoi-railway-station","native-ios/Resources/viet-phrase-catalog.json","planned","0","planned-authored-audio"
"ga huế ở đâu?","Ga Huế ở đâu?","1","","phrase","city-hue-where-railway-station","native-ios/Resources/viet-phrase-catalog.json","planned","0","planned-authored-audio"
"ga sài gòn","Ga Sài Gòn","1","","phrase","city-hcmc-place-saigon-railway-station","native-ios/Resources/viet-phrase-catalog.json","planned","0","planned-authored-audio"
"ga tàu gần đây không?","ga tàu gần đây không?","1","","phrase","vpe-near-place-ga-tau-gan-day-khong","native-ios/Resources/viet-phrase-catalog.json","planned","0","planned-authored-audio"
"ga tàu ở đâu?","ga tàu ở đâu?","1","","phrase","vpe-where-place-ga-tau-o-dau","native-ios/Resources/viet-phrase-catalog.json","planned","0","planned-authored-audio"
"gần đây","Gần đây","1","","phrase","vpe-likely-replies-gan-day","native-ios/Resources/viet-phrase-catalog.json","planned","0","planned-authored-audio"
"gần hàng bún bò ở chợ đông ba có atm không?","Gần hàng bún bò ở chợ Đông Ba có ATM không?","1","","phrase","city-hue-atm-dong-ba-bun-bo","native-ios/Resources/viet-phrase-catalog.json","planned","0","planned-authored-audio"
"gia","Gia","1","","phrase","city-hanoi-place-gia","native-ios/Resources/viet-phrase-catalog.json","planned","0","planned-authored-audio"
"gia hội","Gia Hội","1","","phrase","city-hue-place-gia-hoi","native-ios/Resources/viet-phrase-catalog.json","planned","0","planned-authored-audio"
"giấy vệ sinh bao nhiêu tiền?","giấy vệ sinh bao nhiêu tiền?","1","","phrase","vpe-price-item-giay-ve-sinh-bao-nhieu-tien","native-ios/Resources/viet-phrase-catalog.json","planned","0","planned-authored-audio"
"giếng bà lễ","Giếng Bà Lễ","1","","phrase","city-hoian-place-bale-well","native-ios/Resources/viet-phrase-catalog.json","planned","0","planned-authored-audio"
"giữ bình tĩnh","Giữ bình tĩnh","1","","phrase","vpe-likely-replies-giu-binh-tinh","native-ios/Resources/viet-phrase-catalog.json","planned","0","planned-authored-audio"
"giúp tôi báo mất hộ chiếu được không?","Giúp tôi báo mất hộ chiếu được không?","1","","phrase","vpe-help-action-anh-chi-giup-toi-bao-mat-ho-chieu-duoc-khong","native-ios/Resources/viet-phrase-catalog.json","planned","0","planned-authored-audio"
"giúp tôi báo mất ví được không?","Giúp tôi báo mất ví được không?","1","","phrase","vpe-help-action-anh-chi-giup-toi-bao-mat-vi-duoc-khong","native-ios/Resources/viet-phrase-catalog.json","planned","0","planned-authored-audio"
"giúp tôi bật đồng hồ tính tiền được không?","Giúp tôi bật đồng hồ tính tiền được không?","1","","phrase","vpe-help-action-anh-chi-giup-toi-bat-dong-ho-tinh-tien-duoc-khong","native-ios/Resources/viet-phrase-catalog.json","planned","0","planned-authored-audio"
"giúp tôi chỉ đường được không?","Giúp tôi chỉ đường được không?","1","","phrase","vpe-help-action-anh-chi-giup-toi-chi-duong-duoc-khong","native-ios/Resources/viet-phrase-catalog.json","planned","0","planned-authored-audio"
"giúp tôi chia hóa đơn được không?","Giúp tôi chia hóa đơn được không?","1","","phrase","vpe-help-action-anh-chi-giup-toi-chia-hoa-don-duoc-khong","native-ios/Resources/viet-phrase-catalog.json","planned","0","planned-authored-audio"
"giúp tôi đặt bàn tối nay được không?","Giúp tôi đặt bàn tối nay được không?","1","","phrase","vpe-help-action-anh-chi-giup-toi-dat-ban-toi-nay-duoc-khong","native-ios/Resources/viet-phrase-catalog.json","planned","0","planned-authored-audio"
"giúp tôi đặt tour ngày mai được không?","Giúp tôi đặt tour ngày mai được không?","1","","phrase","vpe-help-action-anh-chi-giup-toi-dat-tour-ngay-mai-duoc-khong","native-ios/Resources/viet-phrase-catalog.json","planned","0","planned-authored-audio"
"giúp tôi dịch câu này được không?","Giúp tôi dịch câu này được không?","1","","phrase","vpe-help-action-anh-chi-giup-toi-dich-cau-nay-duoc-khong","native-ios/Resources/viet-phrase-catalog.json","planned","0","planned-authored-audio"
"giúp tôi đọc số này được không?","Giúp tôi đọc số này được không?","1","","phrase","vpe-help-action-anh-chi-giup-toi-doc-so-nay-duoc-khong","native-ios/Resources/viet-phrase-catalog.json","planned","0","planned-authored-audio"
"giúp tôi đổi món này được không?","Giúp tôi đổi món này được không?","1","","phrase","vpe-help-action-anh-chi-giup-toi-doi-mon-nay-duoc-khong","native-ios/Resources/viet-phrase-catalog.json","planned","0","planned-authored-audio"
"giúp tôi đổi ngày đặt tour được không?","Giúp tôi đổi ngày đặt tour được không?","1","","phrase","vpe-help-action-anh-chi-giup-toi-doi-ngay-dat-tour-duoc-khong","native-ios/Resources/viet-phrase-catalog.json","planned","0","planned-authored-audio"
"giúp tôi đổi phòng được không?","Giúp tôi đổi phòng được không?","1","","phrase","vpe-help-action-anh-chi-giup-toi-doi-phong-duoc-khong","native-ios/Resources/viet-phrase-catalog.json","planned","0","planned-authored-audio"
"giúp tôi đổi sang thẻ được không?","Giúp tôi đổi sang thẻ được không?","1","","phrase","vpe-help-action-anh-chi-giup-toi-doi-sang-the-duoc-khong","native-ios/Resources/viet-phrase-catalog.json","planned","0","planned-authored-audio"
"giúp tôi đổi sang tiền mặt được không?","Giúp tôi đổi sang tiền mặt được không?","1","","phrase","vpe-help-action-anh-chi-giup-toi-doi-sang-tien-mat-duoc-khong","native-ios/Resources/viet-phrase-catalog.json","planned","0","planned-authored-audio"
"giúp tôi đổi size khác được không?","Giúp tôi đổi size khác được không?","1","","phrase","vpe-help-action-anh-chi-giup-toi-doi-size-khac-duoc-khong","native-ios/Resources/viet-phrase-catalog.json","planned","0","planned-authored-audio"
"giúp tôi đổi tiền được không?","Giúp tôi đổi tiền được không?","1","","phrase","vpe-help-action-anh-chi-giup-toi-doi-tien-duoc-khong","native-ios/Resources/viet-phrase-catalog.json","planned","0","planned-authored-audio"
"giúp tôi đóng gói đồ này được không?","Giúp tôi đóng gói đồ này được không?","1","","phrase","vpe-help-action-anh-chi-giup-toi-dong-goi-do-nay-duoc-khong","native-ios/Resources/viet-phrase-catalog.json","planned","0","planned-authored-audio"
"giúp tôi đóng gói món này được không?","Giúp tôi đóng gói món này được không?","1","","phrase","vpe-help-action-anh-chi-giup-toi-dong-goi-mon-nay-duoc-khong","native-ios/Resources/viet-phrase-catalog.json","planned","0","planned-authored-audio"
"giúp tôi ghi giá ra đây được không?","Giúp tôi ghi giá ra đây được không?","1","","phrase","vpe-help-action-anh-chi-giup-toi-ghi-gia-ra-day-duoc-khong","native-ios/Resources/viet-phrase-catalog.json","planned","0","planned-authored-audio"
"giúp tôi giữ bàn này được không?","Giúp tôi giữ bàn này được không?","1","","phrase","vpe-help-action-anh-chi-giup-toi-giu-ban-nay-duoc-khong","native-ios/Resources/viet-phrase-catalog.json","planned","0","planned-authored-audio"
"giúp tôi gọi bác sĩ được không?","Giúp tôi gọi bác sĩ được không?","1","","phrase","vpe-help-action-anh-chi-giup-toi-goi-bac-si-duoc-khong","native-ios/Resources/viet-phrase-catalog.json","planned","0","planned-authored-audio"
"giúp tôi gọi cảnh sát được không?","Giúp tôi gọi cảnh sát được không?","1","","phrase","vpe-help-action-anh-chi-giup-toi-goi-canh-sat-duoc-khong","native-ios/Resources/viet-phrase-catalog.json","planned","0","planned-authored-audio"
"giúp tôi gọi dọn phòng được không?","Giúp tôi gọi dọn phòng được không?","1","","phrase","vpe-help-action-anh-chi-giup-toi-goi-don-phong-duoc-khong","native-ios/Resources/viet-phrase-catalog.json","planned","0","planned-authored-audio"
"giúp tôi gọi phiên dịch được không?","Giúp tôi gọi phiên dịch được không?","1","","phrase","vpe-help-action-anh-chi-giup-toi-goi-phien-dich-duoc-khong","native-ios/Resources/viet-phrase-catalog.json","planned","0","planned-authored-audio"
"giúp tôi gọi quản lý được không?","Giúp tôi gọi quản lý được không?","1","","phrase","vpe-help-action-anh-chi-giup-toi-goi-quan-ly-duoc-khong","native-ios/Resources/viet-phrase-catalog.json","planned","0","planned-authored-audio"
"giúp tôi gọi số này được không?","Giúp tôi gọi số này được không?","1","","phrase","vpe-help-action-anh-chi-giup-toi-goi-so-nay-duoc-khong","native-ios/Resources/viet-phrase-catalog.json","planned","0","planned-authored-audio"
"giúp tôi gọi taxi được không?","Giúp tôi gọi taxi được không?","1","","phrase","vpe-help-action-anh-chi-giup-toi-goi-taxi-duoc-khong","native-ios/Resources/viet-phrase-catalog.json","planned","0","planned-authored-audio"
"giúp tôi gọi xe công nghệ được không?","Giúp tôi gọi xe công nghệ được không?","1","","phrase","vpe-help-action-anh-chi-giup-toi-goi-xe-cong-nghe-duoc-khong","native-ios/Resources/viet-phrase-catalog.json","planned","0","planned-authored-audio"
"giúp tôi gửi bưu thiếp được không?","Giúp tôi gửi bưu thiếp được không?","1","","phrase","vpe-help-action-anh-chi-giup-toi-gui-buu-thiep-duoc-khong","native-ios/Resources/viet-phrase-catalog.json","planned","0","planned-authored-audio"
"giúp tôi gửi hành lý được không?","Giúp tôi gửi hành lý được không?","1","","phrase","vpe-help-action-anh-chi-giup-toi-gui-hanh-ly-duoc-khong","native-ios/Resources/viet-phrase-catalog.json","planned","0","planned-authored-audio"
"giúp tôi hủy đặt tour được không?","Giúp tôi hủy đặt tour được không?","1","","phrase","vpe-help-action-anh-chi-giup-toi-huy-dat-tour-duoc-khong","native-ios/Resources/viet-phrase-catalog.json","planned","0","planned-authored-audio"
"giúp tôi in vé này được không?","Giúp tôi in vé này được không?","1","","phrase","vpe-help-action-anh-chi-giup-toi-in-ve-nay-duoc-khong","native-ios/Resources/viet-phrase-catalog.json","planned","0","planned-authored-audio"
"giúp tôi kết nối wi-fi được không?","Giúp tôi kết nối Wi-Fi được không?","1","","phrase","vpe-help-action-anh-chi-giup-toi-ket-noi-wi-fi-duoc-khong","native-ios/Resources/viet-phrase-catalog.json","planned","0","planned-authored-audio"
"giúp tôi kích hoạt esim được không?","Giúp tôi kích hoạt eSIM được không?","1","","phrase","vpe-help-action-anh-chi-giup-toi-kich-hoat-esim-duoc-khong","native-ios/Resources/viet-phrase-catalog.json","planned","0","planned-authored-audio"
"giúp tôi kiểm tra đặt phòng được không?","Giúp tôi kiểm tra đặt phòng được không?","1","","phrase","vpe-help-action-anh-chi-giup-toi-kiem-tra-dat-phong-duoc-khong","native-ios/Resources/viet-phrase-catalog.json","planned","0","planned-authored-audio"
"giúp tôi kiểm tra đường này được không?","Giúp tôi kiểm tra đường này được không?","1","","phrase","vpe-help-action-anh-chi-giup-toi-kiem-tra-duong-nay-duoc-khong","native-ios/Resources/viet-phrase-catalog.json","planned","0","planned-authored-audio"
"giúp tôi kiểm tra giờ đóng cửa được không?","Giúp tôi kiểm tra giờ đóng cửa được không?","1","","phrase","vpe-help-action-anh-chi-giup-toi-kiem-tra-gio-dong-cua-duoc-khong","native-ios/Resources/viet-phrase-catalog.json","planned","0","planned-authored-audio"
"giúp tôi kiểm tra giờ mở cửa được không?","Giúp tôi kiểm tra giờ mở cửa được không?","1","","phrase","vpe-help-action-anh-chi-giup-toi-kiem-tra-gio-mo-cua-duoc-khong","native-ios/Resources/viet-phrase-catalog.json","planned","0","planned-authored-audio"
"giúp tôi kiểm tra kích cỡ được không?","Giúp tôi kiểm tra kích cỡ được không?","1","","phrase","vpe-help-action-anh-chi-giup-toi-kiem-tra-kich-co-duoc-khong","native-ios/Resources/viet-phrase-catalog.json","planned","0","planned-authored-audio"
"giúp tôi kiểm tra lại tổng tiền được không?","Giúp tôi kiểm tra lại tổng tiền được không?","1","","phrase","vpe-help-action-anh-chi-giup-toi-kiem-tra-lai-tong-tien-duoc-khong","native-ios/Resources/viet-phrase-catalog.json","planned","0","planned-authored-audio"
"giúp tôi kiểm tra sim này được không?","Giúp tôi kiểm tra SIM này được không?","1","","phrase","vpe-help-action-anh-chi-giup-toi-kiem-tra-sim-nay-duoc-khong","native-ios/Resources/viet-phrase-catalog.json","planned","0","planned-authored-audio"
"giúp tôi kiểm tra vé được không?","Giúp tôi kiểm tra vé được không?","1","","phrase","vpe-help-action-anh-chi-giup-toi-kiem-tra-ve-duoc-khong","native-ios/Resources/viet-phrase-catalog.json","planned","0","planned-authored-audio"
"giúp tôi làm lại món này được không?","Giúp tôi làm lại món này được không?","1","","phrase","vpe-help-action-anh-chi-giup-toi-lam-lai-mon-nay-duoc-khong","native-ios/Resources/viet-phrase-catalog.json","planned","0","planned-authored-audio"
"giúp tôi mang thêm khăn được không?","Giúp tôi mang thêm khăn được không?","1","","phrase","vpe-help-action-anh-chi-giup-toi-mang-them-khan-duoc-khong","native-ios/Resources/viet-phrase-catalog.json","planned","0","planned-authored-audio"
"giúp tôi mang thêm nước được không?","Giúp tôi mang thêm nước được không?","1","","phrase","vpe-help-action-anh-chi-giup-toi-mang-them-nuoc-duoc-khong","native-ios/Resources/viet-phrase-catalog.json","planned","0","planned-authored-audio"
"giúp tôi mở cửa phòng được không?","Giúp tôi mở cửa phòng được không?","1","","phrase","vpe-help-action-anh-chi-giup-toi-mo-cua-phong-duoc-khong","native-ios/Resources/viet-phrase-catalog.json","planned","0","planned-authored-audio"
"giúp tôi mở khóa cửa được không?","Giúp tôi mở khóa cửa được không?","1","","phrase","vpe-help-action-anh-chi-giup-toi-mo-khoa-cua-duoc-khong","native-ios/Resources/viet-phrase-catalog.json","planned","0","planned-authored-audio"
"giúp tôi mua vé vào cửa được không?","Giúp tôi mua vé vào cửa được không?","1","","phrase","vpe-help-action-anh-chi-giup-toi-mua-ve-vao-cua-duoc-khong","native-ios/Resources/viet-phrase-catalog.json","planned","0","planned-authored-audio"
"giúp tôi nhập mã này được không?","Giúp tôi nhập mã này được không?","1","","phrase","vpe-help-action-anh-chi-giup-toi-nhap-ma-nay-duoc-khong","native-ios/Resources/viet-phrase-catalog.json","planned","0","planned-authored-audio"
"giúp tôi sạc điện thoại được không?","Giúp tôi sạc điện thoại được không?","1","","phrase","vpe-help-action-anh-chi-giup-toi-sac-dien-thoai-duoc-khong","native-ios/Resources/viet-phrase-catalog.json","planned","0","planned-authored-audio"
"giúp tôi scan mã qr được không?","Giúp tôi scan mã QR được không?","1","","phrase","vpe-help-action-anh-chi-giup-toi-scan-ma-qr-duoc-khong","native-ios/Resources/viet-phrase-catalog.json","planned","0","planned-authored-audio"
"giúp tôi sửa wi-fi được không?","Giúp tôi sửa Wi-Fi được không?","1","","phrase","vpe-help-action-anh-chi-giup-toi-sua-wi-fi-duoc-khong","native-ios/Resources/viet-phrase-catalog.json","planned","0","planned-authored-audio"
"giúp tôi tìm điểm đón được không?","Giúp tôi tìm điểm đón được không?","1","","phrase","vpe-help-action-anh-chi-giup-toi-tim-diem-don-duoc-khong","native-ios/Resources/viet-phrase-catalog.json","planned","0","planned-authored-audio"
"giúp tôi tìm hành lý được không?","Giúp tôi tìm hành lý được không?","1","","phrase","vpe-help-action-anh-chi-giup-toi-tim-hanh-ly-duoc-khong","native-ios/Resources/viet-phrase-catalog.json","planned","0","planned-authored-audio"
"giúp tôi tìm màu khác được không?","Giúp tôi tìm màu khác được không?","1","","phrase","vpe-help-action-anh-chi-giup-toi-tim-mau-khac-duoc-khong","native-ios/Resources/viet-phrase-catalog.json","planned","0","planned-authored-audio"
"giúp tôi tìm nhà thuốc được không?","Giúp tôi tìm nhà thuốc được không?","1","","phrase","vpe-help-action-anh-chi-giup-toi-tim-nha-thuoc-duoc-khong","native-ios/Resources/viet-phrase-catalog.json","planned","0","planned-authored-audio"
"giúp tôi tìm trạm y tế được không?","Giúp tôi tìm trạm y tế được không?","1","","phrase","vpe-help-action-anh-chi-giup-toi-tim-tram-y-te-duoc-khong","native-ios/Resources/viet-phrase-catalog.json","planned","0","planned-authored-audio"
"giúp tôi tránh đường cao tốc được không?","Giúp tôi tránh đường cao tốc được không?","1","","phrase","vpe-help-action-anh-chi-giup-toi-tranh-duong-cao-toc-duoc-khong","native-ios/Resources/viet-phrase-catalog.json","planned","0","planned-authored-audio"
"giúp tôi viết bằng tiếng việt được không?","Giúp tôi viết bằng tiếng Việt được không?","1","","phrase","vpe-help-action-anh-chi-giup-toi-viet-bang-tieng-viet-duoc-khong","native-ios/Resources/viet-phrase-catalog.json","planned","0","planned-authored-audio"
"giúp tôi viết địa chỉ được không?","Giúp tôi viết địa chỉ được không?","1","","phrase","vpe-help-action-anh-chi-giup-toi-viet-dia-chi-duoc-khong","native-ios/Resources/viet-phrase-catalog.json","planned","0","planned-authored-audio"
"giúp tôi xác nhận cổng ra được không?","Giúp tôi xác nhận cổng ra được không?","1","","phrase","vpe-help-action-anh-chi-giup-toi-xac-nhan-cong-ra-duoc-khong","native-ios/Resources/viet-phrase-catalog.json","planned","0","planned-authored-audio"
"giúp tôi xác nhận đặt tour được không?","Giúp tôi xác nhận đặt tour được không?","1","","phrase","vpe-help-action-anh-chi-giup-toi-xac-nhan-dat-tour-duoc-khong","native-ios/Resources/viet-phrase-catalog.json","planned","0","planned-authored-audio"
"giúp tôi xác nhận địa chỉ được không?","Giúp tôi xác nhận địa chỉ được không?","1","","phrase","vpe-help-action-anh-chi-giup-toi-xac-nhan-dia-chi-duoc-khong","native-ios/Resources/viet-phrase-catalog.json","planned","0","planned-authored-audio"
"giúp tôi xác nhận giờ đón được không?","Giúp tôi xác nhận giờ đón được không?","1","","phrase","vpe-help-action-anh-chi-giup-toi-xac-nhan-gio-don-duoc-khong","native-ios/Resources/viet-phrase-catalog.json","planned","0","planned-authored-audio"
"giúp tôi xác nhận số điện thoại được không?","Giúp tôi xác nhận số điện thoại được không?","1","","phrase","vpe-help-action-anh-chi-giup-toi-xac-nhan-so-dien-thoai-duoc-khong","native-ios/Resources/viet-phrase-catalog.json","planned","0","planned-authored-audio"
"giúp tôi xác nhận số phòng được không?","Giúp tôi xác nhận số phòng được không?","1","","phrase","vpe-help-action-anh-chi-giup-toi-xac-nhan-so-phong-duoc-khong","native-ios/Resources/viet-phrase-catalog.json","planned","0","planned-authored-audio"
"giúp tôi xóa món này khỏi hóa đơn được không?","Giúp tôi xóa món này khỏi hóa đơn được không?","1","","phrase","vpe-help-action-anh-chi-giup-toi-xoa-mon-nay-khoi-hoa-don-duoc-khong","native-ios/Resources/viet-phrase-catalog.json","planned","0","planned-authored-audio"
"gọi cấp cứu ngay","Gọi cấp cứu ngay","1","","phrase","vpe-likely-replies-goi-cap-cuu-ngay","native-ios/Resources/viet-phrase-catalog.json","planned","0","planned-authored-audio"
"gỏi cuốn bao nhiêu tiền?","gỏi cuốn bao nhiêu tiền?","1","","phrase","vpe-price-item-goi-cuon-bao-nhieu-tien","native-ios/Resources/viet-phrase-catalog.json","planned","0","planned-authored-audio"
"gỏi cuốn ở thành phố hồ chí minh","Gỏi cuốn ở Thành phố Hồ Chí Minh","1","","phrase","city-hcmc-place-goi-cuon","native-ios/Resources/viet-phrase-catalog.json","planned","0","planned-authored-audio"
"gói data bao nhiêu tiền?","gói data bao nhiêu tiền?","1","","phrase","vpe-price-item-goi-data-bao-nhieu-tien","native-ios/Resources/viet-phrase-catalog.json","planned","0","planned-authored-audio"
"gọi giúp tôi taxi được không?","Gọi giúp tôi taxi được không?","1","","phrase","ves-call-taxi-for-me","native-ios/Resources/viet-phrase-catalog.json","planned","0","planned-authored-audio"
"gửi vị trí cho tôi được không?","Gửi vị trí cho tôi được không?","1","","phrase","vpe-help-action-anh-chi-giup-toi-gui-vi-tri-cho-toi-duoc-khong","native-ios/Resources/viet-phrase-catalog.json","planned","0","planned-authored-audio"
"hải sản bé mặn","Hải sản Bé Mặn","1","","phrase","city-danang-place-be-man","native-ios/Resources/viet-phrase-catalog.json","planned","0","planned-authored-audio"
"hải sản năm đảnh","Hải sản Năm Đảnh","1","","phrase","city-danang-place-nam-danh-seafood","native-ios/Resources/viet-phrase-catalog.json","planned","0","planned-authored-audio"
"hải sản ở đà nẵng","Hải sản ở Đà Nẵng","1","","phrase","city-danang-place-hai-san","native-ios/Resources/viet-phrase-catalog.json","planned","0","planned-authored-audio"
"hang động ngũ hành sơn","Hang động Ngũ Hành Sơn","1","","phrase","city-danang-place-marble-mountain-cave-walk","native-ios/Resources/viet-phrase-catalog.json","planned","0","planned-authored-audio"
"hẻm này gần đây không?","hẻm này gần đây không?","1","","phrase","vpe-near-place-hem-nay-gan-day-khong","native-ios/Resources/viet-phrase-catalog.json","planned","0","planned-authored-audio"
"hẻm này ở đâu?","hẻm này ở đâu?","1","","phrase","vpe-where-place-hem-nay-o-dau","native-ios/Resources/viet-phrase-catalog.json","planned","0","planned-authored-audio"
"hết rồi","Hết rồi","1","","phrase","vpe-likely-replies-het-roi","native-ios/Resources/viet-phrase-catalog.json","planned","0","planned-authored-audio"
"hibana by koki","Hibana by Koki","1","","phrase","city-hanoi-place-hibana-by-koki","native-ios/Resources/viet-phrase-catalog.json","planned","0","planned-authored-audio"
"hiệu kính thuốc gần đây không?","hiệu kính thuốc gần đây không?","1","","phrase","vpe-near-place-hieu-kinh-thuoc-gan-day-khong","native-ios/Resources/viet-phrase-catalog.json","planned","0","planned-authored-audio"
"hiệu kính thuốc ở đâu?","hiệu kính thuốc ở đâu?","1","","phrase","vpe-where-place-hieu-kinh-thuoc-o-dau","native-ios/Resources/viet-phrase-catalog.json","planned","0","planned-authored-audio"
"hình như không đúng chỗ.","Hình như không đúng chỗ.","1","","phrase","ves-not-right-place","native-ios/Resources/viet-phrase-catalog.json","planned","0","planned-authored-audio"
"hồ bảy mẫu","Hồ Bảy Mẫu","1","","phrase","city-hanoi-place-bay-mau-lake","native-ios/Resources/viet-phrase-catalog.json","planned","0","planned-authored-audio"
"hồ gần đây không?","hồ gần đây không?","1","","phrase","vpe-near-place-ho-gan-day-khong","native-ios/Resources/viet-phrase-catalog.json","planned","0","planned-authored-audio"
"hồ hòa trung","Hồ Hòa Trung","1","","phrase","city-danang-place-hoa-trung-lake","native-ios/Resources/viet-phrase-catalog.json","planned","0","planned-authored-audio"
"hồ ở đâu?","hồ ở đâu?","1","","phrase","vpe-where-place-ho-o-dau","native-ios/Resources/viet-phrase-catalog.json","planned","0","planned-authored-audio"
"hóa đơn bao nhiêu tiền?","hóa đơn bao nhiêu tiền?","1","","phrase","vpe-price-item-hoa-don-bao-nhieu-tien","native-ios/Resources/viet-phrase-catalog.json","planned","0","planned-authored-audio"
"hoành thánh hội an","Hoành thánh Hội An","1","","phrase","city-hoian-place-wonton","native-ios/Resources/viet-phrase-catalog.json","planned","0","planned-authored-audio"
"hoi an lune center","Hoi An Lune Center","1","","phrase","city-hoian-place-lune-center","native-ios/Resources/viet-phrase-catalog.json","planned","0","planned-authored-audio"
"hoi an roastery","Hoi An Roastery","1","","phrase","city-hoian-place-roastery","native-ios/Resources/viet-phrase-catalog.json","planned","0","planned-authored-audio"
"hội quán hải nam","Hội quán Hải Nam","1","","phrase","city-hoian-place-hainan-assembly-hall","native-ios/Resources/viet-phrase-catalog.json","planned","0","planned-authored-audio"
"hội quán quảng đông","Hội quán Quảng Đông","1","","phrase","city-hoian-place-cantonese-assembly-hall","native-ios/Resources/viet-phrase-catalog.json","planned","0","planned-authored-audio"
"hội quán triều châu","Hội quán Triều Châu","1","","phrase","city-hoian-place-trieu-chau-assembly-hall","native-ios/Resources/viet-phrase-catalog.json","planned","0","planned-authored-audio"
"hộp mang về bao nhiêu tiền?","hộp mang về bao nhiêu tiền?","1","","phrase","vpe-price-item-hop-mang-ve-bao-nhieu-tien","native-ios/Resources/viet-phrase-catalog.json","planned","0","planned-authored-audio"
"hủ tiếu ở thành phố hồ chí minh","Hủ tiếu ở Thành phố Hồ Chí Minh","1","","phrase","city-hcmc-place-hu-tieu","native-ios/Resources/viet-phrase-catalog.json","planned","0","planned-authored-audio"
"ít bơ thôi","Ít bơ thôi","1","","phrase","vpe-food-less-it-bo-thoi","native-ios/Resources/viet-phrase-catalog.json","planned","0","planned-authored-audio"
"ít bột ngọt thôi","Ít bột ngọt thôi","1","","phrase","vpe-food-less-it-bot-ngot-thoi","native-ios/Resources/viet-phrase-catalog.json","planned","0","planned-authored-audio"
"ít cá thôi","Ít cá thôi","1","","phrase","vpe-food-less-it-ca-thoi","native-ios/Resources/viet-phrase-catalog.json","planned","0","planned-authored-audio"
"ít cồn thôi","Ít cồn thôi","1","","phrase","vpe-food-less-it-con-thoi","native-ios/Resources/viet-phrase-catalog.json","planned","0","planned-authored-audio"
"ít da heo thôi","Ít da heo thôi","1","","phrase","vpe-food-less-it-da-heo-thoi","native-ios/Resources/viet-phrase-catalog.json","planned","0","planned-authored-audio"
"ít đậu nành thôi","Ít đậu nành thôi","1","","phrase","vpe-food-less-it-dau-nanh-thoi","native-ios/Resources/viet-phrase-catalog.json","planned","0","planned-authored-audio"
"ít đậu phộng thôi","Ít đậu phộng thôi","1","","phrase","vpe-food-less-it-dau-phong-thoi","native-ios/Resources/viet-phrase-catalog.json","planned","0","planned-authored-audio"
"ít đường thôi","Ít đường thôi","1","","phrase","vpe-food-less-it-duong-thoi","native-ios/Resources/viet-phrase-catalog.json","planned","0","planned-authored-audio"
"ít hải sản thôi","Ít hải sản thôi","1","","phrase","vpe-food-less-it-hai-san-thoi","native-ios/Resources/viet-phrase-catalog.json","planned","0","planned-authored-audio"
"ít hành thôi","Ít hành thôi","1","","phrase","vpe-food-less-it-hanh-thoi","native-ios/Resources/viet-phrase-catalog.json","planned","0","planned-authored-audio"
"ít mắm tôm thôi","Ít mắm tôm thôi","1","","phrase","vpe-food-less-it-mam-tom-thoi","native-ios/Resources/viet-phrase-catalog.json","planned","0","planned-authored-audio"
"ít máu thôi","Ít máu thôi","1","","phrase","vpe-food-less-it-mau-thoi","native-ios/Resources/viet-phrase-catalog.json","planned","0","planned-authored-audio"
"ít mè thôi","Ít mè thôi","1","","phrase","vpe-food-less-it-me-thoi","native-ios/Resources/viet-phrase-catalog.json","planned","0","planned-authored-audio"
"ít mỡ hành thôi","Ít mỡ hành thôi","1","","phrase","vpe-food-less-it-mo-hanh-thoi","native-ios/Resources/viet-phrase-catalog.json","planned","0","planned-authored-audio"
"ít nội tạng thôi","Ít nội tạng thôi","1","","phrase","vpe-food-less-it-noi-tang-thoi","native-ios/Resources/viet-phrase-catalog.json","planned","0","planned-authored-audio"
"ít nước mắm thôi","Ít nước mắm thôi","1","","phrase","vpe-food-less-it-nuoc-mam-thoi","native-ios/Resources/viet-phrase-catalog.json","planned","0","planned-authored-audio"
"ít nước tương thôi","Ít nước tương thôi","1","","phrase","vpe-food-less-it-nuoc-tuong-thoi","native-ios/Resources/viet-phrase-catalog.json","planned","0","planned-authored-audio"
"ít ớt bột thôi","Ít ớt bột thôi","1","","phrase","vpe-food-less-it-ot-bot-thoi","native-ios/Resources/viet-phrase-catalog.json","planned","0","planned-authored-audio"
"ít ớt thôi","Ít ớt thôi","1","","phrase","vpe-food-less-it-ot-thoi","native-ios/Resources/viet-phrase-catalog.json","planned","0","planned-authored-audio"
"ít phô mai thôi","Ít phô mai thôi","1","","phrase","vpe-food-less-it-pho-mai-thoi","native-ios/Resources/viet-phrase-catalog.json","planned","0","planned-authored-audio"
"ít rau mùi thôi","Ít rau mùi thôi","1","","phrase","vpe-food-less-it-rau-mui-thoi","native-ios/Resources/viet-phrase-catalog.json","planned","0","planned-authored-audio"
"ít sữa thôi","Ít sữa thôi","1","","phrase","vpe-food-less-it-sua-thoi","native-ios/Resources/viet-phrase-catalog.json","planned","0","planned-authored-audio"
"ít thịt bò thôi","Ít thịt bò thôi","1","","phrase","vpe-food-less-it-thit-bo-thoi","native-ios/Resources/viet-phrase-catalog.json","planned","0","planned-authored-audio"
"ít thịt gà thôi","Ít thịt gà thôi","1","","phrase","vpe-food-less-it-thit-ga-thoi","native-ios/Resources/viet-phrase-catalog.json","planned","0","planned-authored-audio"
"ít thịt heo thôi","Ít thịt heo thôi","1","","phrase","vpe-food-less-it-thit-heo-thoi","native-ios/Resources/viet-phrase-catalog.json","planned","0","planned-authored-audio"
"ít tiêu thôi","Ít tiêu thôi","1","","phrase","vpe-food-less-it-tieu-thoi","native-ios/Resources/viet-phrase-catalog.json","planned","0","planned-authored-audio"
"ít tỏi thôi","Ít tỏi thôi","1","","phrase","vpe-food-less-it-toi-thoi","native-ios/Resources/viet-phrase-catalog.json","planned","0","planned-authored-audio"
"ít tôm thôi","Ít tôm thôi","1","","phrase","vpe-food-less-it-tom-thoi","native-ios/Resources/viet-phrase-catalog.json","planned","0","planned-authored-audio"
"ít trứng thôi","Ít trứng thôi","1","","phrase","vpe-food-less-it-trung-thoi","native-ios/Resources/viet-phrase-catalog.json","planned","0","planned-authored-audio"
"ít xương thôi","Ít xương thôi","1","","phrase","vpe-food-less-it-xuong-thoi","native-ios/Resources/viet-phrase-catalog.json","planned","0","planned-authored-audio"
"kem bơ ở đà nẵng","Kem bơ ở Đà Nẵng","1","","phrase","city-danang-place-kem-bo","native-ios/Resources/viet-phrase-catalog.json","planned","0","planned-authored-audio"
"kem chống muỗi bao nhiêu tiền?","kem chống muỗi bao nhiêu tiền?","1","","phrase","vpe-price-item-kem-chong-muoi-bao-nhieu-tien","native-ios/Resources/viet-phrase-catalog.json","planned","0","planned-authored-audio"
"kem chống nắng bao nhiêu tiền?","kem chống nắng bao nhiêu tiền?","1","","phrase","vpe-price-item-kem-chong-nang-bao-nhieu-tien","native-ios/Resources/viet-phrase-catalog.json","planned","0","planned-authored-audio"
"kem đánh răng bao nhiêu tiền?","kem đánh răng bao nhiêu tiền?","1","","phrase","vpe-price-item-kem-danh-rang-bao-nhieu-tien","native-ios/Resources/viet-phrase-catalog.json","planned","0","planned-authored-audio"
"kênh nhiêu lộc - thị nghè","Kênh Nhiêu Lộc - Thị Nghè","1","","phrase","city-hcmc-place-nhieu-loc-canal","native-ios/Resources/viet-phrase-catalog.json","planned","0","planned-authored-audio"
"khách sạn gần đây không?","khách sạn gần đây không?","1","","phrase","vpe-near-place-khach-san-gan-day-khong","native-ios/Resources/viet-phrase-catalog.json","planned","0","planned-authored-audio"
"khách sạn ở đâu?","khách sạn ở đâu?","1","","phrase","vpe-where-place-khach-san-o-dau","native-ios/Resources/viet-phrase-catalog.json","planned","0","planned-authored-audio"
"khách sạn ở quận 1","Khách sạn ở Quận 1","1","","phrase","city-hcmc-hotel-district-1","native-ios/Resources/viet-phrase-catalog.json","planned","0","planned-authored-audio"
"khăn giấy bao nhiêu tiền?","khăn giấy bao nhiêu tiền?","1","","phrase","vpe-price-item-khan-giay-bao-nhieu-tien","native-ios/Resources/viet-phrase-catalog.json","planned","0","planned-authored-audio"
"khăn lạnh bao nhiêu tiền?","khăn lạnh bao nhiêu tiền?","1","","phrase","vpe-price-item-khan-lanh-bao-nhieu-tien","native-ios/Resources/viet-phrase-catalog.json","planned","0","planned-authored-audio"
"khăn tắm bao nhiêu tiền?","khăn tắm bao nhiêu tiền?","1","","phrase","vpe-price-item-khan-tam-bao-nhieu-tien","native-ios/Resources/viet-phrase-catalog.json","planned","0","planned-authored-audio"
"khẩu trang bao nhiêu tiền?","khẩu trang bao nhiêu tiền?","1","","phrase","vpe-price-item-khau-trang-bao-nhieu-tien","native-ios/Resources/viet-phrase-catalog.json","planned","0","planned-authored-audio"
"khoảng mười phút","Khoảng mười phút","1","","phrase","vpe-likely-replies-khoang-muoi-phut","native-ios/Resources/viet-phrase-catalog.json","planned","0","planned-authored-audio"
"không bơ","Không bơ","1","","phrase","vpe-food-without-khong-bo","native-ios/Resources/viet-phrase-catalog.json","planned","0","planned-authored-audio"
"không bột ngọt","Không bột ngọt","1","","phrase","vpe-food-without-khong-bot-ngot","native-ios/Resources/viet-phrase-catalog.json","planned","0","planned-authored-audio"
"không cá","Không cá","1","","phrase","vpe-food-without-khong-ca","native-ios/Resources/viet-phrase-catalog.json","planned","0","planned-authored-audio"
"không cay quá nhé.","Không cay quá nhé.","1","","phrase","ves-not-too-spicy","native-ios/Resources/viet-phrase-catalog.json","planned","0","planned-authored-audio"
"không có","Không có","1","","phrase","vpe-likely-replies-khong-co","native-ios/Resources/viet-phrase-catalog.json","planned","0","planned-authored-audio"
"không có đậu phộng","Không có đậu phộng","1","","phrase","vpe-likely-replies-khong-co-dau-phong","native-ios/Resources/viet-phrase-catalog.json","planned","0","planned-authored-audio"
"không cồn","Không cồn","1","","phrase","vpe-food-without-khong-con","native-ios/Resources/viet-phrase-catalog.json","planned","0","planned-authored-audio"
"không đá","Không đá","1","","phrase","vpe-food-without-khong-da","native-ios/Resources/viet-phrase-catalog.json","planned","0","planned-authored-audio"
"không da heo","Không da heo","1","","phrase","vpe-food-without-khong-da-heo","native-ios/Resources/viet-phrase-catalog.json","planned","0","planned-authored-audio"
"không đậu nành","Không đậu nành","1","","phrase","vpe-food-without-khong-dau-nanh","native-ios/Resources/viet-phrase-catalog.json","planned","0","planned-authored-audio"
"không đậu phộng","Không đậu phộng","1","","phrase","vpe-food-without-khong-dau-phong","native-ios/Resources/viet-phrase-catalog.json","planned","0","planned-authored-audio"
"không được","Không được","1","","phrase","vpe-likely-replies-khong-duoc","native-ios/Resources/viet-phrase-catalog.json","planned","0","planned-authored-audio"
"không gian hoài cổ coffee","Không Gian Hoài Cổ Coffee","1","","phrase","city-hue-place-khong-gian-hoai-co-coffee","native-ios/Resources/viet-phrase-catalog.json","planned","0","planned-authored-audio"
"không gian lưu niệm lê bá đảng","Không gian lưu niệm Lê Bá Đảng","1","","phrase","city-hue-place-le-ba-dang-memory-space","native-ios/Resources/viet-phrase-catalog.json","planned","0","planned-authored-audio"
"không gian xưa","Không gian xưa","1","","phrase","city-hue-place-ancient-space-restaurant","native-ios/Resources/viet-phrase-catalog.json","planned","0","planned-authored-audio"
"không hải sản","Không hải sản","1","","phrase","vpe-food-without-khong-hai-san","native-ios/Resources/viet-phrase-catalog.json","planned","0","planned-authored-audio"
"không hành","Không hành","1","","phrase","vpe-food-without-khong-hanh","native-ios/Resources/viet-phrase-catalog.json","planned","0","planned-authored-audio"
"không mắm tôm","Không mắm tôm","1","","phrase","vpe-food-without-khong-mam-tom","native-ios/Resources/viet-phrase-catalog.json","planned","0","planned-authored-audio"
"không máu","Không máu","1","","phrase","vpe-food-without-khong-mau","native-ios/Resources/viet-phrase-catalog.json","planned","0","planned-authored-audio"
"không mè","Không mè","1","","phrase","vpe-food-without-khong-me","native-ios/Resources/viet-phrase-catalog.json","planned","0","planned-authored-audio"
"không mỡ hành","Không mỡ hành","1","","phrase","vpe-food-without-khong-mo-hanh","native-ios/Resources/viet-phrase-catalog.json","planned","0","planned-authored-audio"
"không nội tạng","Không nội tạng","1","","phrase","vpe-food-without-khong-noi-tang","native-ios/Resources/viet-phrase-catalog.json","planned","0","planned-authored-audio"
"không nước mắm","Không nước mắm","1","","phrase","vpe-food-without-khong-nuoc-mam","native-ios/Resources/viet-phrase-catalog.json","planned","0","planned-authored-audio"
"không nước tương","Không nước tương","1","","phrase","vpe-food-without-khong-nuoc-tuong","native-ios/Resources/viet-phrase-catalog.json","planned","0","planned-authored-audio"
"không ớt","Không ớt","1","","phrase","vpe-food-without-khong-ot","native-ios/Resources/viet-phrase-catalog.json","planned","0","planned-authored-audio"
"không ớt bột","Không ớt bột","1","","phrase","vpe-food-without-khong-ot-bot","native-ios/Resources/viet-phrase-catalog.json","planned","0","planned-authored-audio"
"không phô mai","Không phô mai","1","","phrase","vpe-food-without-khong-pho-mai","native-ios/Resources/viet-phrase-catalog.json","planned","0","planned-authored-audio"
"không rau mùi","Không rau mùi","1","","phrase","vpe-food-without-khong-rau-mui","native-ios/Resources/viet-phrase-catalog.json","planned","0","planned-authored-audio"
"không sữa","Không sữa","1","","phrase","vpe-food-without-khong-sua","native-ios/Resources/viet-phrase-catalog.json","planned","0","planned-authored-audio"
"không thịt bò","Không thịt bò","1","","phrase","vpe-food-without-khong-thit-bo","native-ios/Resources/viet-phrase-catalog.json","planned","0","planned-authored-audio"
"không thịt gà","Không thịt gà","1","","phrase","vpe-food-without-khong-thit-ga","native-ios/Resources/viet-phrase-catalog.json","planned","0","planned-authored-audio"
"không thịt heo","Không thịt heo","1","","phrase","vpe-food-without-khong-thit-heo","native-ios/Resources/viet-phrase-catalog.json","planned","0","planned-authored-audio"
"không tiêu","Không tiêu","1","","phrase","vpe-food-without-khong-tieu","native-ios/Resources/viet-phrase-catalog.json","planned","0","planned-authored-audio"
"không tỏi","Không tỏi","1","","phrase","vpe-food-without-khong-toi","native-ios/Resources/viet-phrase-catalog.json","planned","0","planned-authored-audio"
"không tôm","Không tôm","1","","phrase","vpe-food-without-khong-tom","native-ios/Resources/viet-phrase-catalog.json","planned","0","planned-authored-audio"
"không trứng","Không trứng","1","","phrase","vpe-food-without-khong-trung","native-ios/Resources/viet-phrase-catalog.json","planned","0","planned-authored-audio"
"không xa","Không xa","1","","phrase","vpe-likely-replies-khong-xa","native-ios/Resources/viet-phrase-catalog.json","planned","0","planned-authored-audio"
"không xương","Không xương","1","","phrase","vpe-food-without-khong-xuong","native-ios/Resources/viet-phrase-catalog.json","planned","0","planned-authored-audio"
"khu ẩm thực gần đây không?","khu ẩm thực gần đây không?","1","","phrase","vpe-near-place-khu-am-thuc-gan-day-khong","native-ios/Resources/viet-phrase-catalog.json","planned","0","planned-authored-audio"
"khu ẩm thực ở đâu?","khu ẩm thực ở đâu?","1","","phrase","vpe-where-place-khu-am-thuc-o-dau","native-ios/Resources/viet-phrase-catalog.json","planned","0","planned-authored-audio"
"khu an thượng","Khu An Thượng","1","","phrase","city-danang-place-an-thuong-street-area","native-ios/Resources/viet-phrase-catalog.json","planned","0","planned-authored-audio"
"khu du lịch hòa phú thành","Khu du lịch Hòa Phú Thành","1","","phrase","city-danang-place-hoa-phu-thanh","native-ios/Resources/viet-phrase-catalog.json","planned","0","planned-authored-audio"
"khu kiểm tra an ninh gần đây không?","khu kiểm tra an ninh gần đây không?","1","","phrase","vpe-near-place-khu-kiem-tra-an-ninh-gan-day-khong","native-ios/Resources/viet-phrase-catalog.json","planned","0","planned-authored-audio"
"khu kiểm tra an ninh ở đâu?","khu kiểm tra an ninh ở đâu?","1","","phrase","vpe-where-place-khu-kiem-tra-an-ninh-o-dau","native-ios/Resources/viet-phrase-catalog.json","planned","0","planned-authored-audio"
"khu lấy hành lý gần đây không?","khu lấy hành lý gần đây không?","1","","phrase","vpe-near-place-khu-lay-hanh-ly-gan-day-khong","native-ios/Resources/viet-phrase-catalog.json","planned","0","planned-authored-audio"
"khu lấy hành lý ở đâu?","khu lấy hành lý ở đâu?","1","","phrase","vpe-where-place-khu-lay-hanh-ly-o-dau","native-ios/Resources/viet-phrase-catalog.json","planned","0","planned-authored-audio"
"khu phố nhật lê thánh tôn","Khu phố Nhật Lê Thánh Tôn","1","","phrase","city-hcmc-place-japan-town","native-ios/Resources/viet-phrase-catalog.json","planned","0","planned-authored-audio"
"khu phố pháp","Khu phố Pháp","1","","phrase","city-hanoi-place-french-quarter","native-ios/Resources/viet-phrase-catalog.json","planned","0","planned-authored-audio"
"khu vực hút thuốc gần đây không?","khu vực hút thuốc gần đây không?","1","","phrase","vpe-near-place-khu-vuc-hut-thuoc-gan-day-khong","native-ios/Resources/viet-phrase-catalog.json","planned","0","planned-authored-audio"
"kim long","Kim Long","1","","phrase","city-hue-place-kim-long","native-ios/Resources/viet-phrase-catalog.json","planned","0","planned-authored-audio"
"kính râm bao nhiêu tiền?","kính râm bao nhiêu tiền?","1","","phrase","vpe-price-item-kinh-ram-bao-nhieu-tien","native-ios/Resources/viet-phrase-catalog.json","planned","0","planned-authored-audio"
"kodo cafe","KODO Cafe","1","","phrase","city-hue-place-kodo-cafe","native-ios/Resources/viet-phrase-catalog.json","planned","0","planned-authored-audio"
"kỳ đài huế","Kỳ Đài Huế","1","","phrase","city-hue-place-flag-tower","native-ios/Resources/viet-phrase-catalog.json","planned","0","planned-authored-audio"
"l'usine thảo điền","L'Usine Thảo Điền","1","","phrase","city-hcmc-place-lusine-thao-dien","native-ios/Resources/viet-phrase-catalog.json","planned","0","planned-authored-audio"
"la maison 1888","La Maison 1888","1","","phrase","city-danang-place-la-maison-1888","native-ios/Resources/viet-phrase-catalog.json","planned","0","planned-authored-audio"
"làm ơn cho tôi đá","Làm ơn cho tôi đá","1","","phrase","vpe-polite-request-lam-on-cho-toi-da","native-ios/Resources/viet-phrase-catalog.json","planned","0","planned-authored-audio"
"làm ơn cho tôi giấy vệ sinh","Làm ơn cho tôi giấy vệ sinh","1","","phrase","vpe-polite-request-lam-on-cho-toi-giay-ve-sinh","native-ios/Resources/viet-phrase-catalog.json","planned","0","planned-authored-audio"
"làm ơn cho tôi khăn giấy","Làm ơn cho tôi khăn giấy","1","","phrase","vpe-polite-request-lam-on-cho-toi-khan-giay","native-ios/Resources/viet-phrase-catalog.json","planned","0","planned-authored-audio"
"làm ơn cho tôi nước lọc","Làm ơn cho tôi nước lọc","1","","phrase","vpe-polite-request-lam-on-cho-toi-nuoc-loc","native-ios/Resources/viet-phrase-catalog.json","planned","0","planned-authored-audio"
"làm ơn cho tôi nước nóng","Làm ơn cho tôi nước nóng","1","","phrase","vpe-polite-request-lam-on-cho-toi-nuoc-nong","native-ios/Resources/viet-phrase-catalog.json","planned","0","planned-authored-audio"
"làm ơn cho tôi nước suối","Làm ơn cho tôi nước suối","1","","phrase","vpe-polite-request-lam-on-cho-toi-nuoc-suoi","native-ios/Resources/viet-phrase-catalog.json","planned","0","planned-authored-audio"
"làm ơn cho tôi xà phòng","Làm ơn cho tôi xà phòng","1","","phrase","vpe-polite-request-lam-on-cho-toi-xa-phong","native-ios/Resources/viet-phrase-catalog.json","planned","0","planned-authored-audio"
"lamai garden","Lamai Garden","1","","phrase","city-hanoi-place-lamai-garden","native-ios/Resources/viet-phrase-catalog.json","planned","0","planned-authored-audio"
"lăng dục đức","Lăng Dục Đức","1","","phrase","city-hue-place-duc-duc-tomb","native-ios/Resources/viet-phrase-catalog.json","planned","0","planned-authored-audio"
"làng lụa hội an","Làng lụa Hội An","1","","phrase","city-hoian-place-silk-village","native-ios/Resources/viet-phrase-catalog.json","planned","0","planned-authored-audio"
"làng nghề nước mắm nam ô","Làng nghề nước mắm Nam Ô","1","","phrase","city-danang-place-nam-o-fish-sauce-village","native-ios/Resources/viet-phrase-catalog.json","planned","0","planned-authored-audio"
"lang thang coffee","Lang Thang Coffee","1","","phrase","city-hue-place-lang-thang-coffee","native-ios/Resources/viet-phrase-catalog.json","planned","0","planned-authored-audio"
"lăng thiệu trị","Lăng Thiệu Trị","1","","phrase","city-hue-place-thieu-tri-tomb","native-ios/Resources/viet-phrase-catalog.json","planned","0","planned-authored-audio"
"làng thủy biều","Làng Thủy Biều","1","","phrase","city-hue-place-thuy-bieu-village","native-ios/Resources/viet-phrase-catalog.json","planned","0","planned-authored-audio"
"làng trà nhiêu","Làng Trà Nhiêu","1","","phrase","city-hoian-place-tra-nhieu-village","native-ios/Resources/viet-phrase-catalog.json","planned","0","planned-authored-audio"
"lấy hành lý ở kia","Lấy hành lý ở kia","1","","phrase","vpe-likely-replies-lay-hanh-ly-o-kia","native-ios/Resources/viet-phrase-catalog.json","planned","0","planned-authored-audio"
"lễ tân sẽ giúp","Lễ tân sẽ giúp","1","","phrase","vpe-likely-replies-le-tan-se-giup","native-ios/Resources/viet-phrase-catalog.json","planned","0","planned-authored-audio"
"lên xe này","Lên xe này","1","","phrase","vpe-likely-replies-len-xe-nay","native-ios/Resources/viet-phrase-catalog.json","planned","0","planned-authored-audio"
"les jardins de la carambole ở đâu?","Les Jardins de la Carambole ở đâu?","1","","phrase","city-hue-where-les-jardins","native-ios/Resources/viet-phrase-catalog.json","planned","0","planned-authored-audio"
"lịch trình tour bao nhiêu tiền?","lịch trình tour bao nhiêu tiền?","1","","phrase","vpe-price-item-lich-trinh-tour-bao-nhieu-tien","native-ios/Resources/viet-phrase-catalog.json","planned","0","planned-authored-audio"
"little hanoi egg coffee","Little HaNoi Egg Coffee","1","","phrase","city-hcmc-place-little-hanoi-egg-coffee","native-ios/Resources/viet-phrase-catalog.json","planned","0","planned-authored-audio"
"loading t cafe","Loading T Cafe","1","","phrase","city-hanoi-place-loading-t-cafe","native-ios/Resources/viet-phrase-catalog.json","planned","0","planned-authored-audio"
"lối sang đường gần đây không?","lối sang đường gần đây không?","1","","phrase","vpe-near-place-loi-sang-duong-gan-day-khong","native-ios/Resources/viet-phrase-catalog.json","planned","0","planned-authored-audio"
"lối sang đường ở đâu?","lối sang đường ở đâu?","1","","phrase","vpe-where-place-loi-sang-duong-o-dau","native-ios/Resources/viet-phrase-catalog.json","planned","0","planned-authored-audio"
"lối vào chợ an cựu ở đâu?","Lối vào Chợ An Cựu ở đâu?","1","","phrase","city-hue-entrance-an-cuu-market","native-ios/Resources/viet-phrase-catalog.json","planned","0","planned-authored-audio"
"lối vào chợ bến thành ở đâu?","Lối vào Chợ Bến Thành ở đâu?","1","","phrase","city-hcmc-entrance-ben-thanh-market","native-ios/Resources/viet-phrase-catalog.json","planned","0","planned-authored-audio"
"lối vào chợ bình tây ở đâu?","Lối vào Chợ Bình Tây ở đâu?","1","","phrase","city-hcmc-entrance-binh-tay-market","native-ios/Resources/viet-phrase-catalog.json","planned","0","planned-authored-audio"
"lối vào chợ đêm nguyễn hoàng ở đâu?","Lối vào Chợ đêm Nguyễn Hoàng ở đâu?","1","","phrase","city-hoian-entrance-nguyen-hoang-night-market","native-ios/Resources/viet-phrase-catalog.json","planned","0","planned-authored-audio"
"lối vào chợ đông ba ở đâu?","Lối vào Chợ Đông Ba ở đâu?","1","","phrase","city-hue-entrance-dong-ba-market","native-ios/Resources/viet-phrase-catalog.json","planned","0","planned-authored-audio"
"lối vào chợ đồng xuân ở đâu?","Lối vào Chợ Đồng Xuân ở đâu?","1","","phrase","city-hanoi-entrance-dong-xuan-market","native-ios/Resources/viet-phrase-catalog.json","planned","0","planned-authored-audio"
"lối vào chợ hoa hồ thị kỷ ở đâu?","Lối vào Chợ hoa Hồ Thị Kỷ ở đâu?","1","","phrase","city-hcmc-entrance-ho-thi-ky-flower-market","native-ios/Resources/viet-phrase-catalog.json","planned","0","planned-authored-audio"
"lối vào chợ hội an ở đâu?","Lối vào Chợ Hội An ở đâu?","1","","phrase","city-hoian-entrance-market","native-ios/Resources/viet-phrase-catalog.json","planned","0","planned-authored-audio"
"lối vào chợ long biên ở đâu?","Lối vào Chợ Long Biên ở đâu?","1","","phrase","city-hanoi-entrance-long-bien-market","native-ios/Resources/viet-phrase-catalog.json","planned","0","planned-authored-audio"
"lối vào gần đây không?","lối vào gần đây không?","1","","phrase","vpe-near-place-loi-vao-gan-day-khong","native-ios/Resources/viet-phrase-catalog.json","planned","0","planned-authored-audio"
"long triều","Long Triều","1","","phrase","city-hcmc-place-long-trieu","native-ios/Resources/viet-phrase-catalog.json","planned","0","planned-authored-audio"
"lớp học nấu ăn hội an","Lớp học nấu ăn Hội An","1","","phrase","city-hoian-place-cooking-class","native-ios/Resources/viet-phrase-catalog.json","planned","0","planned-authored-audio"
"lớp làm lồng đèn hội an","Lớp làm lồng đèn Hội An","1","","phrase","city-hoian-place-lantern-making-class","native-ios/Resources/viet-phrase-catalog.json","planned","0","planned-authored-audio"
"lotte mart đà nẵng","Lotte Mart Đà Nẵng","1","","phrase","city-danang-place-lotte-mart","native-ios/Resources/viet-phrase-catalog.json","planned","0","planned-authored-audio"
"lược bao nhiêu tiền?","lược bao nhiêu tiền?","1","","phrase","vpe-price-item-luoc-bao-nhieu-tien","native-ios/Resources/viet-phrase-catalog.json","planned","0","planned-authored-audio"
"mã đặt chỗ bao nhiêu tiền?","mã đặt chỗ bao nhiêu tiền?","1","","phrase","vpe-price-item-ma-dat-cho-bao-nhieu-tien","native-ios/Resources/viet-phrase-catalog.json","planned","0","planned-authored-audio"
"mã qr bao nhiêu tiền?","mã QR bao nhiêu tiền?","1","","phrase","vpe-price-item-ma-qr-bao-nhieu-tien","native-ios/Resources/viet-phrase-catalog.json","planned","0","planned-authored-audio"
"madam khánh","Madam Khánh","1","","phrase","city-hoian-place-madam-khanh","native-ios/Resources/viet-phrase-catalog.json","planned","0","planned-authored-audio"
"madame lân","Madame Lân","1","","phrase","city-danang-place-madame-lan","native-ios/Resources/viet-phrase-catalog.json","planned","0","planned-authored-audio"
"mai fish","Mai Fish","1","","phrase","city-hoian-place-mai-fish","native-ios/Resources/viet-phrase-catalog.json","planned","0","planned-authored-audio"
"màn phun lửa cầu rồng","Màn phun lửa Cầu Rồng","1","","phrase","city-danang-place-dragon-bridge-fire-show","native-ios/Resources/viet-phrase-catalog.json","planned","0","planned-authored-audio"
"mandarin coffee & restaurant","Mandarin Coffee & Restaurant","1","","phrase","city-hue-place-mandarin-coffee-restaurant","native-ios/Resources/viet-phrase-catalog.json","planned","0","planned-authored-audio"
"mạng yếu","Mạng yếu","1","","phrase","vpe-likely-replies-mang-yeu","native-ios/Resources/viet-phrase-catalog.json","planned","0","planned-authored-audio"
"mango mango","Mango Mango","1","","phrase","city-hoian-place-mango-mango","native-ios/Resources/viet-phrase-catalog.json","planned","0","planned-authored-audio"
"manzi","Manzi","1","","phrase","city-hanoi-place-manzi-art-space","native-ios/Resources/viet-phrase-catalog.json","planned","0","planned-authored-audio"
"mật khẩu ở đây","Mật khẩu ở đây","1","","phrase","vpe-likely-replies-mat-khau-o-day","native-ios/Resources/viet-phrase-catalog.json","planned","0","planned-authored-audio"
"mật khẩu wi-fi bao nhiêu tiền?","mật khẩu Wi-Fi bao nhiêu tiền?","1","","phrase","vpe-price-item-mat-khau-wi-fi-bao-nhieu-tien","native-ios/Resources/viet-phrase-catalog.json","planned","0","planned-authored-audio"
"mất khoảng năm phút","Mất khoảng năm phút","1","","phrase","vpe-likely-replies-mat-khoang-nam-phut","native-ios/Resources/viet-phrase-catalog.json","planned","0","planned-authored-audio"
"máy bán vé gần đây không?","máy bán vé gần đây không?","1","","phrase","vpe-near-place-may-ban-ve-gan-day-khong","native-ios/Resources/viet-phrase-catalog.json","planned","0","planned-authored-audio"
"máy bán vé ở đâu?","máy bán vé ở đâu?","1","","phrase","vpe-where-place-may-ban-ve-o-dau","native-ios/Resources/viet-phrase-catalog.json","planned","0","planned-authored-audio"
"máy bị lỗi","Máy bị lỗi","1","","phrase","vpe-likely-replies-may-bi-loi","native-ios/Resources/viet-phrase-catalog.json","planned","0","planned-authored-audio"
"mấy giờ quay lại?","Mấy giờ quay lại?","1","","phrase","ves-what-time-come-back","native-ios/Resources/viet-phrase-catalog.json","planned","0","planned-authored-audio"
"máy in gần đây không?","máy in gần đây không?","1","","phrase","vpe-near-place-may-in-gan-day-khong","native-ios/Resources/viet-phrase-catalog.json","planned","0","planned-authored-audio"
"máy in ở đâu?","máy in ở đâu?","1","","phrase","vpe-where-place-may-in-o-dau","native-ios/Resources/viet-phrase-catalog.json","planned","0","planned-authored-audio"
"máy photocopy gần đây không?","máy photocopy gần đây không?","1","","phrase","vpe-near-place-may-photocopy-gan-day-khong","native-ios/Resources/viet-phrase-catalog.json","planned","0","planned-authored-audio"
"máy photocopy ở đâu?","máy photocopy ở đâu?","1","","phrase","vpe-where-place-may-photocopy-o-dau","native-ios/Resources/viet-phrase-catalog.json","planned","0","planned-authored-audio"
"máy sấy tóc bao nhiêu tiền?","máy sấy tóc bao nhiêu tiền?","1","","phrase","vpe-price-item-may-say-toc-bao-nhieu-tien","native-ios/Resources/viet-phrase-catalog.json","planned","0","planned-authored-audio"
"mè xửng ở huế","Mè xửng ở Huế","1","","phrase","city-hue-place-me-xung","native-ios/Resources/viet-phrase-catalog.json","planned","0","planned-authored-audio"
"men tiêu hóa bao nhiêu tiền?","men tiêu hóa bao nhiêu tiền?","1","","phrase","vpe-price-item-men-tieu-hoa-bao-nhieu-tien","native-ios/Resources/viet-phrase-catalog.json","planned","0","planned-authored-audio"
"metiseko","Metiseko","1","","phrase","city-hoian-place-metiseko","native-ios/Resources/viet-phrase-catalog.json","planned","0","planned-authored-audio"
"mì quảng 1a","Mì Quảng 1A","1","","phrase","city-danang-place-mi-quang-1a","native-ios/Resources/viet-phrase-catalog.json","planned","0","planned-authored-audio"
"mì quảng ở đà nẵng","Mì Quảng ở Đà Nẵng","1","","phrase","city-danang-place-mi-quang","native-ios/Resources/viet-phrase-catalog.json","planned","0","planned-authored-audio"
"mì quảng ở hội an","Mì Quảng ở Hội An","1","","phrase","city-hoian-place-mi-quang","native-ios/Resources/viet-phrase-catalog.json","planned","0","planned-authored-audio"
"miến lươn chân cầm","Miến lươn Chân Cầm","1","","phrase","city-hanoi-place-mien-luon-chan-cam","native-ios/Resources/viet-phrase-catalog.json","planned","0","planned-authored-audio"
"miến lươn ở hà nội","Miến lươn ở Hà Nội","1","","phrase","city-hanoi-place-mien-luon","native-ios/Resources/viet-phrase-catalog.json","planned","0","planned-authored-audio"
"miếng dán hạ sốt bao nhiêu tiền?","miếng dán hạ sốt bao nhiêu tiền?","1","","phrase","vpe-price-item-mieng-dan-ha-sot-bao-nhieu-tien","native-ios/Resources/viet-phrase-catalog.json","planned","0","planned-authored-audio"
"mở cửa rồi","Mở cửa rồi","1","","phrase","vpe-likely-replies-mo-cua-roi","native-ios/Resources/viet-phrase-catalog.json","planned","0","planned-authored-audio"
"món ít cay bao nhiêu tiền?","món ít cay bao nhiêu tiền?","1","","phrase","vpe-price-item-mon-it-cay-bao-nhieu-tien","native-ios/Resources/viet-phrase-catalog.json","planned","0","planned-authored-audio"
"món không cay bao nhiêu tiền?","món không cay bao nhiêu tiền?","1","","phrase","vpe-price-item-mon-khong-cay-bao-nhieu-tien","native-ios/Resources/viet-phrase-catalog.json","planned","0","planned-authored-audio"
"món này cay","Món này cay","1","","phrase","vpe-likely-replies-mon-nay-cay","native-ios/Resources/viet-phrase-catalog.json","planned","0","planned-authored-audio"
"món này có gì?","Món này có gì?","1","","phrase","ves-whats-in-this-dish","native-ios/Resources/viet-phrase-catalog.json","planned","0","planned-authored-audio"
"morning glory hội an ở đâu?","Morning Glory Hội An ở đâu?","1","","phrase","city-hoian-where-morning-glory","native-ios/Resources/viet-phrase-catalog.json","planned","0","planned-authored-audio"
"một vé vào phố cổ hội an","Một vé vào phố cổ Hội An","1","","phrase","city-hoian-ticket-ancient-town","native-ios/Resources/viet-phrase-catalog.json","planned","0","planned-authored-audio"
"mũ bảo hiểm bao nhiêu tiền?","mũ bảo hiểm bao nhiêu tiền?","1","","phrase","vpe-price-item-mu-bao-hiem-bao-nhieu-tien","native-ios/Resources/viet-phrase-catalog.json","planned","0","planned-authored-audio"
"mũ lưỡi trai bao nhiêu tiền?","mũ lưỡi trai bao nhiêu tiền?","1","","phrase","vpe-price-item-mu-luoi-trai-bao-nhieu-tien","native-ios/Resources/viet-phrase-catalog.json","planned","0","planned-authored-audio"
"mỹ an","Mỹ An","1","","phrase","city-danang-place-my-an","native-ios/Resources/viet-phrase-catalog.json","planned","0","planned-authored-audio"
"mỳ quảng bà mua","Mỳ Quảng Bà Mua","1","","phrase","city-danang-place-my-quang-ba-mua","native-ios/Resources/viet-phrase-catalog.json","planned","0","planned-authored-audio"
"mỳ quảng dung","Mỳ Quảng Dung","1","","phrase","city-danang-place-my-quang-dung","native-ios/Resources/viet-phrase-catalog.json","planned","0","planned-authored-audio"
"nam châm tủ lạnh bao nhiêu tiền?","nam châm tủ lạnh bao nhiêu tiền?","1","","phrase","vpe-price-item-nam-cham-tu-lanh-bao-nhieu-tien","native-ios/Resources/viet-phrase-catalog.json","planned","0","planned-authored-audio"
"nam house cafe","Nam House Cafe","1","","phrase","city-danang-place-nam-house","native-ios/Resources/viet-phrase-catalog.json","planned","0","planned-authored-audio"
"nem cua bể ở hà nội","Nem cua bể ở Hà Nội","1","","phrase","city-hanoi-place-nem-cua-be","native-ios/Resources/viet-phrase-catalog.json","planned","0","planned-authored-audio"
"nem lụi ở đà nẵng","Nem lụi ở Đà Nẵng","1","","phrase","city-danang-place-nem-lui","native-ios/Resources/viet-phrase-catalog.json","planned","0","planned-authored-audio"
"nephele","Nephele","1","","phrase","city-hcmc-place-nephele","native-ios/Resources/viet-phrase-catalog.json","planned","0","planned-authored-audio"
"ngã tư gần đây không?","ngã tư gần đây không?","1","","phrase","vpe-near-place-nga-tu-gan-day-khong","native-ios/Resources/viet-phrase-catalog.json","planned","0","planned-authored-audio"
"ngã tư ở đâu?","ngã tư ở đâu?","1","","phrase","vpe-where-place-nga-tu-o-dau","native-ios/Resources/viet-phrase-catalog.json","planned","0","planned-authored-audio"
"ngân hàng gần đây không?","ngân hàng gần đây không?","1","","phrase","vpe-near-place-ngan-hang-gan-day-khong","native-ios/Resources/viet-phrase-catalog.json","planned","0","planned-authored-audio"
"ngân hàng ở đâu?","ngân hàng ở đâu?","1","","phrase","vpe-where-place-ngan-hang-o-dau","native-ios/Resources/viet-phrase-catalog.json","planned","0","planned-authored-audio"
"ngày mai quay lại","Ngày mai quay lại","1","","phrase","vpe-likely-replies-ngay-mai-quay-lai","native-ios/Resources/viet-phrase-catalog.json","planned","0","planned-authored-audio"
"ngọ môn","Ngọ Môn","1","","phrase","city-hue-place-ngo-mon-gate","native-ios/Resources/viet-phrase-catalog.json","planned","0","planned-authored-audio"
"nhà biểu diễn nghệ thuật cổ truyền hội an","Nhà biểu diễn nghệ thuật cổ truyền Hội An","1","","phrase","city-hoian-place-traditional-art-performance-house","native-ios/Resources/viet-phrase-catalog.json","planned","0","planned-authored-audio"
"nhà cổ đức an","Nhà cổ Đức An","1","","phrase","city-hoian-place-duc-an-old-house","native-ios/Resources/viet-phrase-catalog.json","planned","0","planned-authored-audio"
"nhà cổ phùng hưng","Nhà cổ Phùng Hưng","1","","phrase","city-hoian-place-phung-hung-old-house","native-ios/Resources/viet-phrase-catalog.json","planned","0","planned-authored-audio"
"nhà cổ quân thắng","Nhà cổ Quân Thắng","1","","phrase","city-hoian-place-quan-thang-old-house","native-ios/Resources/viet-phrase-catalog.json","planned","0","planned-authored-audio"
"nhà ga quốc nội đà nẵng","Nhà ga quốc nội Đà Nẵng","1","","phrase","city-danang-place-domestic-terminal","native-ios/Resources/viet-phrase-catalog.json","planned","0","planned-authored-audio"
"nhà ga quốc tế đà nẵng","Nhà ga quốc tế Đà Nẵng","1","","phrase","city-danang-place-international-terminal","native-ios/Resources/viet-phrase-catalog.json","planned","0","planned-authored-audio"
"nhà hàng anăn sài gòn ở đâu?","Nhà hàng Anăn Sài Gòn ở đâu?","1","","phrase","city-hcmc-where-anan","native-ios/Resources/viet-phrase-catalog.json","planned","0","planned-authored-audio"
"nhà hàng chay liên hoa","Nhà hàng chay Liên Hoa","1","","phrase","city-hue-place-lien-hoa-vegetarian","native-ios/Resources/viet-phrase-catalog.json","planned","0","planned-authored-audio"
"nhà hàng đại nam","Nhà hàng Đại Nam","1","","phrase","city-hue-place-dai-nam-restaurant","native-ios/Resources/viet-phrase-catalog.json","planned","0","planned-authored-audio"
"nhà hàng gần đây không?","nhà hàng gần đây không?","1","","phrase","vpe-near-place-nha-hang-gan-day-khong","native-ios/Resources/viet-phrase-catalog.json","planned","0","planned-authored-audio"
"nhà hàng nén đà nẵng ở đâu?","Nhà hàng Nén Đà Nẵng ở đâu?","1","","phrase","city-danang-where-nen","native-ios/Resources/viet-phrase-catalog.json","planned","0","planned-authored-audio"
"nhà hàng nổi sông hương","Nhà hàng nổi Sông Hương","1","","phrase","city-hue-place-song-huong-floating-restaurant","native-ios/Resources/viet-phrase-catalog.json","planned","0","planned-authored-audio"
"nhà hàng ở đâu?","nhà hàng ở đâu?","1","","phrase","vpe-where-place-nha-hang-o-dau","native-ios/Resources/viet-phrase-catalog.json","planned","0","planned-authored-audio"
"nhà hàng white rose","Nhà hàng White Rose","1","","phrase","city-hoian-place-white-rose-restaurant","native-ios/Resources/viet-phrase-catalog.json","planned","0","planned-authored-audio"
"nhà hát múa rối nước rồng vàng","Nhà hát Múa rối nước Rồng Vàng","1","","phrase","city-hcmc-place-golden-dragon-water-puppet","native-ios/Resources/viet-phrase-catalog.json","planned","0","planned-authored-audio"
"nhà hát trưng vương","Nhà hát Trưng Vương","1","","phrase","city-danang-place-trung-vuong-theatre","native-ios/Resources/viet-phrase-catalog.json","planned","0","planned-authored-audio"
"nhà hát tuồng nguyễn hiển dĩnh","Nhà hát Tuồng Nguyễn Hiển Dĩnh","1","","phrase","city-danang-place-nguyen-hien-dinh-tuong-theatre","native-ios/Resources/viet-phrase-catalog.json","planned","0","planned-authored-audio"
"nhà hát tuồng việt nam","Nhà hát Tuồng Việt Nam","1","","phrase","city-hanoi-place-vietnam-national-tuong-theatre","native-ios/Resources/viet-phrase-catalog.json","planned","0","planned-authored-audio"
"nhã nhạc cung đình huế","Nhã nhạc cung đình Huế","1","","phrase","city-hue-place-nha-nhac-royal-court-music","native-ios/Resources/viet-phrase-catalog.json","planned","0","planned-authored-audio"
"nhà thờ gần đây không?","nhà thờ gần đây không?","1","","phrase","vpe-near-place-nha-tho-gan-day-khong","native-ios/Resources/viet-phrase-catalog.json","planned","0","planned-authored-audio"
"nhà thờ ở đâu?","nhà thờ ở đâu?","1","","phrase","vpe-where-place-nha-tho-o-dau","native-ios/Resources/viet-phrase-catalog.json","planned","0","planned-authored-audio"
"nhà thuốc gần đây không?","nhà thuốc gần đây không?","1","","phrase","vpe-near-place-nha-thuoc-gan-day-khong","native-ios/Resources/viet-phrase-catalog.json","planned","0","planned-authored-audio"
"nhà thuốc ở gần đây","Nhà thuốc ở gần đây","1","","phrase","vpe-likely-replies-nha-thuoc-o-gan-day","native-ios/Resources/viet-phrase-catalog.json","planned","0","planned-authored-audio"
"nhà vệ sinh gần đây không?","nhà vệ sinh gần đây không?","1","","phrase","vpe-near-place-nha-ve-sinh-gan-day-khong","native-ios/Resources/viet-phrase-catalog.json","planned","0","planned-authored-audio"
"nhà vườn an hiên","Nhà vườn An Hiên","1","","phrase","city-hue-place-an-hien-garden-house","native-ios/Resources/viet-phrase-catalog.json","planned","0","planned-authored-audio"
"nhiệt kế bao nhiêu tiền?","nhiệt kế bao nhiêu tiền?","1","","phrase","vpe-price-item-nhiet-ke-bao-nhieu-tien","native-ios/Resources/viet-phrase-catalog.json","planned","0","planned-authored-audio"
"nói bằng tiếng anh giúp tôi được không?","Nói bằng tiếng Anh giúp tôi được không?","1","","phrase","vpe-help-action-anh-chi-giup-toi-noi-bang-tieng-anh-duoc-khong","native-ios/Resources/viet-phrase-catalog.json","planned","0","planned-authored-audio"
"nói chậm lại giúp tôi được không?","Nói chậm lại giúp tôi được không?","1","","phrase","vpe-help-action-anh-chi-giup-toi-noi-cham-lai-duoc-khong","native-ios/Resources/viet-phrase-catalog.json","planned","0","planned-authored-audio"
"nói lại lần nữa giúp tôi được không?","Nói lại lần nữa giúp tôi được không?","1","","phrase","vpe-help-action-anh-chi-giup-toi-noi-lai-lan-nua-duoc-khong","native-ios/Resources/viet-phrase-catalog.json","planned","0","planned-authored-audio"
"nu eatery","Nu Eatery","1","","phrase","city-hoian-place-nu-eatery","native-ios/Resources/viet-phrase-catalog.json","planned","0","planned-authored-audio"
"núi ngự bình","Núi Ngự Bình","1","","phrase","city-hue-place-ngu-binh-mountain","native-ios/Resources/viet-phrase-catalog.json","planned","0","planned-authored-audio"
"nước chấm bao nhiêu tiền?","nước chấm bao nhiêu tiền?","1","","phrase","vpe-price-item-nuoc-cham-bao-nhieu-tien","native-ios/Resources/viet-phrase-catalog.json","planned","0","planned-authored-audio"
"nước điện giải bao nhiêu tiền?","nước điện giải bao nhiêu tiền?","1","","phrase","vpe-price-item-nuoc-dien-giai-bao-nhieu-tien","native-ios/Resources/viet-phrase-catalog.json","planned","0","planned-authored-audio"
"nước dừa bao nhiêu tiền?","nước dừa bao nhiêu tiền?","1","","phrase","vpe-price-item-nuoc-dua-bao-nhieu-tien","native-ios/Resources/viet-phrase-catalog.json","planned","0","planned-authored-audio"
"nước hoa khô bao nhiêu tiền?","nước hoa khô bao nhiêu tiền?","1","","phrase","vpe-price-item-nuoc-hoa-kho-bao-nhieu-tien","native-ios/Resources/viet-phrase-catalog.json","planned","0","planned-authored-audio"
"nước không đá bao nhiêu tiền?","nước không đá bao nhiêu tiền?","1","","phrase","vpe-price-item-nuoc-khong-da-bao-nhieu-tien","native-ios/Resources/viet-phrase-catalog.json","planned","0","planned-authored-audio"
"nước không đường bao nhiêu tiền?","nước không đường bao nhiêu tiền?","1","","phrase","vpe-price-item-nuoc-khong-duong-bao-nhieu-tien","native-ios/Resources/viet-phrase-catalog.json","planned","0","planned-authored-audio"
"nước lọc bao nhiêu tiền?","nước lọc bao nhiêu tiền?","1","","phrase","vpe-price-item-nuoc-loc-bao-nhieu-tien","native-ios/Resources/viet-phrase-catalog.json","planned","0","planned-authored-audio"
"nước mắm bao nhiêu tiền?","nước mắm bao nhiêu tiền?","1","","phrase","vpe-price-item-nuoc-mam-bao-nhieu-tien","native-ios/Resources/viet-phrase-catalog.json","planned","0","planned-authored-audio"
"nước mót ở hội an","Nước Mót ở Hội An","1","","phrase","city-hoian-place-mot-herbal-drink","native-ios/Resources/viet-phrase-catalog.json","planned","0","planned-authored-audio"
"nước muối sinh lý bao nhiêu tiền?","nước muối sinh lý bao nhiêu tiền?","1","","phrase","vpe-price-item-nuoc-muoi-sinh-ly-bao-nhieu-tien","native-ios/Resources/viet-phrase-catalog.json","planned","0","planned-authored-audio"
"nước nóng bao nhiêu tiền?","nước nóng bao nhiêu tiền?","1","","phrase","vpe-price-item-nuoc-nong-bao-nhieu-tien","native-ios/Resources/viet-phrase-catalog.json","planned","0","planned-authored-audio"
"nước rửa tay bao nhiêu tiền?","nước rửa tay bao nhiêu tiền?","1","","phrase","vpe-price-item-nuoc-rua-tay-bao-nhieu-tien","native-ios/Resources/viet-phrase-catalog.json","planned","0","planned-authored-audio"
"nước suối bao nhiêu tiền?","nước suối bao nhiêu tiền?","1","","phrase","vpe-price-item-nuoc-suoi-bao-nhieu-tien","native-ios/Resources/viet-phrase-catalog.json","planned","0","planned-authored-audio"
"nước uống đóng chai bao nhiêu tiền?","nước uống đóng chai bao nhiêu tiền?","1","","phrase","vpe-price-item-nuoc-uong-dong-chai-bao-nhieu-tien","native-ios/Resources/viet-phrase-catalog.json","planned","0","planned-authored-audio"
"ở bên phải","Ở bên phải","1","","phrase","vpe-likely-replies-o-ben-phai","native-ios/Resources/viet-phrase-catalog.json","planned","0","planned-authored-audio"
"ở bên trái","Ở bên trái","1","","phrase","vpe-likely-replies-o-ben-trai","native-ios/Resources/viet-phrase-catalog.json","planned","0","planned-authored-audio"
"ổ cắm chuyển đổi bao nhiêu tiền?","ổ cắm chuyển đổi bao nhiêu tiền?","1","","phrase","vpe-price-item-o-cam-chuyen-doi-bao-nhieu-tien","native-ios/Resources/viet-phrase-catalog.json","planned","0","planned-authored-audio"
"ô che mưa bao nhiêu tiền?","ô che mưa bao nhiêu tiền?","1","","phrase","vpe-price-item-o-che-mua-bao-nhieu-tien","native-ios/Resources/viet-phrase-catalog.json","planned","0","planned-authored-audio"
"ở đâu có bún bò huế?","Ở đâu có bún bò Huế?","1","","phrase","city-hue-where-bun-bo-city","native-ios/Resources/viet-phrase-catalog.json","planned","0","planned-authored-audio"
"ở đâu có cao lầu ngon?","Ở đâu có cao lầu ngon?","1","","phrase","ves-where-has-good-cao-lau","native-ios/Resources/viet-phrase-catalog.json","planned","0","planned-authored-audio"
"ở đâu có cao lầu?","Ở đâu có cao lầu?","1","","phrase","city-hoian-where-cao-lau-city","native-ios/Resources/viet-phrase-catalog.json","planned","0","planned-authored-audio"
"ở đây có bún bò huế không?","Ở đây có bún bò Huế không?","1","","phrase","city-hue-atm-bun-bo-city","native-ios/Resources/viet-phrase-catalog.json","planned","0","planned-authored-audio"
"ở đây có cao lầu không?","Ở đây có cao lầu không?","1","","phrase","city-hoian-atm-cao-lau-city","native-ios/Resources/viet-phrase-catalog.json","planned","0","planned-authored-audio"
"ở phía sau","Ở phía sau","1","","phrase","vpe-likely-replies-o-phia-sau","native-ios/Resources/viet-phrase-catalog.json","planned","0","planned-authored-audio"
"ở phía trước","Ở phía trước","1","","phrase","vpe-likely-replies-o-phia-truoc","native-ios/Resources/viet-phrase-catalog.json","planned","0","planned-authored-audio"
"ở tầng hai","Ở tầng hai","1","","phrase","vpe-likely-replies-o-tang-hai","native-ios/Resources/viet-phrase-catalog.json","planned","0","planned-authored-audio"
"ở tầng một","Ở tầng một","1","","phrase","vpe-likely-replies-o-tang-mot","native-ios/Resources/viet-phrase-catalog.json","planned","0","planned-authored-audio"
"ốc hút ở đà nẵng","Ốc hút ở Đà Nẵng","1","","phrase","city-danang-place-oc-hut","native-ios/Resources/viet-phrase-catalog.json","planned","0","planned-authored-audio"
"ốc sài gòn ở thành phố hồ chí minh","Ốc Sài Gòn ở Thành phố Hồ Chí Minh","1","","phrase","city-hcmc-place-oc","native-ios/Resources/viet-phrase-catalog.json","planned","0","planned-authored-audio"
"ống hút bao nhiêu tiền?","ống hút bao nhiêu tiền?","1","","phrase","vpe-price-item-ong-hut-bao-nhieu-tien","native-ios/Resources/viet-phrase-catalog.json","planned","0","planned-authored-audio"
"ốp điện thoại bao nhiêu tiền?","ốp điện thoại bao nhiêu tiền?","1","","phrase","vpe-price-item-op-dien-thoai-bao-nhieu-tien","native-ios/Resources/viet-phrase-catalog.json","planned","0","planned-authored-audio"
"phá lấu ở thành phố hồ chí minh","Phá lấu ở Thành phố Hồ Chí Minh","1","","phrase","city-hcmc-place-pha-lau","native-ios/Resources/viet-phrase-catalog.json","planned","0","planned-authored-audio"
"phá tam giang","Phá Tam Giang","1","","phrase","city-hue-place-tam-giang-lagoon","native-ios/Resources/viet-phrase-catalog.json","planned","0","planned-authored-audio"
"phiếu đặt phòng bao nhiêu tiền?","phiếu đặt phòng bao nhiêu tiền?","1","","phrase","vpe-price-item-phieu-dat-phong-bao-nhieu-tien","native-ios/Resources/viet-phrase-catalog.json","planned","0","planned-authored-audio"
"phin coffee","Phin Coffee","1","","phrase","city-hoian-place-phin-coffee","native-ios/Resources/viet-phrase-catalog.json","planned","0","planned-authored-audio"
"phở bát đàn ở đâu?","Phở Bát Đàn ở đâu?","1","","phrase","city-hanoi-where-pho-bat-dan","native-ios/Resources/viet-phrase-catalog.json","planned","0","planned-authored-audio"
"phở bò bao nhiêu tiền?","phở bò bao nhiêu tiền?","1","","phrase","vpe-price-item-pho-bo-bao-nhieu-tien","native-ios/Resources/viet-phrase-catalog.json","planned","0","planned-authored-audio"
"phở bò lâm","Phở Bò Lâm","1","","phrase","city-hanoi-place-pho-bo-lam","native-ios/Resources/viet-phrase-catalog.json","planned","0","planned-authored-audio"
"phở bò ở hà nội","Phở bò ở Hà Nội","1","","phrase","city-hanoi-place-pho-bo","native-ios/Resources/viet-phrase-catalog.json","planned","0","planned-authored-audio"
"phố bùi viện ở đâu?","Phố Bùi Viện ở đâu?","1","","phrase","city-hcmc-where-bui-vien-street","native-ios/Resources/viet-phrase-catalog.json","planned","0","planned-authored-audio"
"phố cà phê triệu việt vương","Phố cà phê Triệu Việt Vương","1","","phrase","city-hanoi-place-trieu-viet-vuong-coffee-street","native-ios/Resources/viet-phrase-catalog.json","planned","0","planned-authored-audio"
"phố cổ bao vinh gần đây không?","Phố cổ Bao Vinh gần đây không?","1","","phrase","city-hue-near-bao-vinh-ancient-town","native-ios/Resources/viet-phrase-catalog.json","planned","0","planned-authored-audio"
"phố cổ bao vinh ở đâu?","Phố cổ Bao Vinh ở đâu?","1","","phrase","city-hue-where-bao-vinh-ancient-town","native-ios/Resources/viet-phrase-catalog.json","planned","0","planned-authored-audio"
"phố cổ gần đây không?","phố cổ gần đây không?","1","","phrase","vpe-near-place-pho-co-gan-day-khong","native-ios/Resources/viet-phrase-catalog.json","planned","0","planned-authored-audio"
"phố cổ hà nội gần đây không?","Phố cổ Hà Nội gần đây không?","1","","phrase","city-hanoi-near-old-quarter","native-ios/Resources/viet-phrase-catalog.json","planned","0","planned-authored-audio"
"phố cổ hà nội ở đâu?","Phố cổ Hà Nội ở đâu?","1","","phrase","city-hanoi-where-old-quarter","native-ios/Resources/viet-phrase-catalog.json","planned","0","planned-authored-audio"
"phố cổ hội an gần đây không?","Phố cổ Hội An gần đây không?","1","","phrase","city-hoian-near-ancient-town","native-ios/Resources/viet-phrase-catalog.json","planned","0","planned-authored-audio"
"phố cổ hội an ở đâu?","Phố cổ Hội An ở đâu?","1","","phrase","city-hoian-where-ancient-town","native-ios/Resources/viet-phrase-catalog.json","planned","0","planned-authored-audio"
"phố cổ ở đâu?","phố cổ ở đâu?","1","","phrase","vpe-where-place-pho-co-o-dau","native-ios/Resources/viet-phrase-catalog.json","planned","0","planned-authored-audio"
"phố đi bộ gần đây không?","phố đi bộ gần đây không?","1","","phrase","vpe-near-place-pho-di-bo-gan-day-khong","native-ios/Resources/viet-phrase-catalog.json","planned","0","planned-authored-audio"
"phố đi bộ huế ở đâu?","Phố đi bộ Huế ở đâu?","1","","phrase","city-hue-where-walking-street","native-ios/Resources/viet-phrase-catalog.json","planned","0","planned-authored-audio"
"phố đi bộ nguyễn đình chiểu gần đây không?","Phố đi bộ Nguyễn Đình Chiểu gần đây không?","1","","phrase","city-hue-near-nguyen-dinh-chieu-street","native-ios/Resources/viet-phrase-catalog.json","planned","0","planned-authored-audio"
"phố đi bộ nguyễn đình chiểu ở đâu?","Phố đi bộ Nguyễn Đình Chiểu ở đâu?","1","","phrase","city-hue-where-nguyen-dinh-chieu-street","native-ios/Resources/viet-phrase-catalog.json","planned","0","planned-authored-audio"
"phố đi bộ nguyễn huệ gần đây không?","Phố đi bộ Nguyễn Huệ gần đây không?","1","","phrase","city-hcmc-near-nguyen-hue","native-ios/Resources/viet-phrase-catalog.json","planned","0","planned-authored-audio"
"phố đi bộ ở đâu?","phố đi bộ ở đâu?","1","","phrase","vpe-where-place-pho-di-bo-o-dau","native-ios/Resources/viet-phrase-catalog.json","planned","0","planned-authored-audio"
"phố đường tàu hà nội ở đâu?","Phố đường tàu Hà Nội ở đâu?","1","","phrase","city-hanoi-where-train-street","native-ios/Resources/viet-phrase-catalog.json","planned","0","planned-authored-audio"
"phở gà bao nhiêu tiền?","phở gà bao nhiêu tiền?","1","","phrase","vpe-price-item-pho-ga-bao-nhieu-tien","native-ios/Resources/viet-phrase-catalog.json","planned","0","planned-authored-audio"
"phở gà ở hà nội","Phở gà ở Hà Nội","1","","phrase","city-hanoi-place-pho-ga","native-ios/Resources/viet-phrase-catalog.json","planned","0","planned-authored-audio"
"phở gia truyền","Phở Gia Truyền","1","","phrase","city-hanoi-place-pho-gia-truyen","native-ios/Resources/viet-phrase-catalog.json","planned","0","planned-authored-audio"
"phố hàng bạc gần đây không?","Phố Hàng Bạc gần đây không?","1","","phrase","city-hanoi-near-hang-bac-street","native-ios/Resources/viet-phrase-catalog.json","planned","0","planned-authored-audio"
"phố hàng bạc ở đâu?","Phố Hàng Bạc ở đâu?","1","","phrase","city-hanoi-where-hang-bac","native-ios/Resources/viet-phrase-catalog.json","planned","0","planned-authored-audio"
"phố hàng gai gần đây không?","Phố Hàng Gai gần đây không?","1","","phrase","city-hanoi-near-hang-gai-street","native-ios/Resources/viet-phrase-catalog.json","planned","0","planned-authored-audio"
"phố hàng gai ở đâu?","Phố Hàng Gai ở đâu?","1","","phrase","city-hanoi-where-hang-gai-street","native-ios/Resources/viet-phrase-catalog.json","planned","0","planned-authored-audio"
"phở hòa pasteur ở đâu?","Phở Hòa Pasteur ở đâu?","1","","phrase","city-hcmc-where-pho-hoa-pasteur","native-ios/Resources/viet-phrase-catalog.json","planned","0","planned-authored-audio"
"phố nguyễn hữu huân","Phố Nguyễn Hữu Huân","1","","phrase","city-hanoi-place-nguyen-huu-huan-street","native-ios/Resources/viet-phrase-catalog.json","planned","0","planned-authored-audio"
"phố nguyễn phúc chu","Phố Nguyễn Phúc Chu","1","","phrase","city-hoian-place-nguyen-phuc-chu-street","native-ios/Resources/viet-phrase-catalog.json","planned","0","planned-authored-audio"
"phố nguyễn thái học","Phố Nguyễn Thái Học","1","","phrase","city-hoian-place-nguyen-thai-hoc-street","native-ios/Resources/viet-phrase-catalog.json","planned","0","planned-authored-audio"
"phố phan đình phùng ở đâu?","Phố Phan Đình Phùng ở đâu?","1","","phrase","city-hanoi-where-phan-dinh-phung-street","native-ios/Resources/viet-phrase-catalog.json","planned","0","planned-authored-audio"
"phở sài gòn ở thành phố hồ chí minh","Phở Sài Gòn ở Thành phố Hồ Chí Minh","1","","phrase","city-hcmc-place-pho-nam","native-ios/Resources/viet-phrase-catalog.json","planned","0","planned-authored-audio"
"phố tạ hiện ở đâu?","Phố Tạ Hiện ở đâu?","1","","phrase","city-hanoi-where-ta-hien-street","native-ios/Resources/viet-phrase-catalog.json","planned","0","planned-authored-audio"
"phố trần phú ở đâu?","Phố Trần Phú ở đâu?","1","","phrase","city-hoian-where-tran-phu","native-ios/Resources/viet-phrase-catalog.json","planned","0","planned-authored-audio"
"phố tràng tiền","Phố Tràng Tiền","1","","phrase","city-hanoi-place-trang-tien-street","native-ios/Resources/viet-phrase-catalog.json","planned","0","planned-authored-audio"
"phong bì bao nhiêu tiền?","phong bì bao nhiêu tiền?","1","","phrase","vpe-price-item-phong-bi-bao-nhieu-tien","native-ios/Resources/viet-phrase-catalog.json","planned","0","planned-authored-audio"
"phòng cầu nguyện gần đây không?","phòng cầu nguyện gần đây không?","1","","phrase","vpe-near-place-phong-cau-nguyen-gan-day-khong","native-ios/Resources/viet-phrase-catalog.json","planned","0","planned-authored-audio"
"phòng cầu nguyện ở đâu?","phòng cầu nguyện ở đâu?","1","","phrase","vpe-where-place-phong-cau-nguyen-o-dau","native-ios/Resources/viet-phrase-catalog.json","planned","0","planned-authored-audio"
"phòng chờ gần đây không?","phòng chờ gần đây không?","1","","phrase","vpe-near-place-phong-cho-gan-day-khong","native-ios/Resources/viet-phrase-catalog.json","planned","0","planned-authored-audio"
"phòng chờ ở đâu?","phòng chờ ở đâu?","1","","phrase","vpe-where-place-phong-cho-o-dau","native-ios/Resources/viet-phrase-catalog.json","planned","0","planned-authored-audio"
"phòng chưa sẵn sàng","Phòng chưa sẵn sàng","1","","phrase","vpe-likely-replies-phong-chua-san-sang","native-ios/Resources/viet-phrase-catalog.json","planned","0","planned-authored-audio"
"phòng đôi bao nhiêu tiền?","phòng đôi bao nhiêu tiền?","1","","phrase","vpe-price-item-phong-doi-bao-nhieu-tien","native-ios/Resources/viet-phrase-catalog.json","planned","0","planned-authored-audio"
"phòng đơn bao nhiêu tiền?","phòng đơn bao nhiêu tiền?","1","","phrase","vpe-price-item-phong-don-bao-nhieu-tien","native-ios/Resources/viet-phrase-catalog.json","planned","0","planned-authored-audio"
"phòng khám gần đây không?","phòng khám gần đây không?","1","","phrase","vpe-near-place-phong-kham-gan-day-khong","native-ios/Resources/viet-phrase-catalog.json","planned","0","planned-authored-audio"
"phòng khám ở đâu?","phòng khám ở đâu?","1","","phrase","vpe-where-place-phong-kham-o-dau","native-ios/Resources/viet-phrase-catalog.json","planned","0","planned-authored-audio"
"phòng thay đồ gần đây không?","phòng thay đồ gần đây không?","1","","phrase","vpe-near-place-phong-thay-do-gan-day-khong","native-ios/Resources/viet-phrase-catalog.json","planned","0","planned-authored-audio"
"phòng thay đồ ở đâu?","phòng thay đồ ở đâu?","1","","phrase","vpe-where-place-phong-thay-do-o-dau","native-ios/Resources/viet-phrase-catalog.json","planned","0","planned-authored-audio"
"phòng y tế gần đây không?","phòng y tế gần đây không?","1","","phrase","vpe-near-place-phong-y-te-gan-day-khong","native-ios/Resources/viet-phrase-catalog.json","planned","0","planned-authored-audio"
"phòng y tế ở đâu?","phòng y tế ở đâu?","1","","phrase","vpe-where-place-phong-y-te-o-dau","native-ios/Resources/viet-phrase-catalog.json","planned","0","planned-authored-audio"
"phước mỹ","Phước Mỹ","1","","phrase","city-danang-place-phuoc-my","native-ios/Resources/viet-phrase-catalog.json","planned","0","planned-authored-audio"
"phường minh an","Phường Minh An","1","","phrase","city-hoian-place-minh-an-ward","native-ios/Resources/viet-phrase-catalog.json","planned","0","planned-authored-audio"
"pin aa bao nhiêu tiền?","pin AA bao nhiêu tiền?","1","","phrase","vpe-price-item-pin-aa-bao-nhieu-tien","native-ios/Resources/viet-phrase-catalog.json","planned","0","planned-authored-audio"
"pin dự phòng bao nhiêu tiền?","pin dự phòng bao nhiêu tiền?","1","","phrase","vpe-price-item-pin-du-phong-bao-nhieu-tien","native-ios/Resources/viet-phrase-catalog.json","planned","0","planned-authored-audio"
"qua đường","Qua đường","1","","phrase","vpe-likely-replies-qua-duong","native-ios/Resources/viet-phrase-catalog.json","planned","0","planned-authored-audio"
"quà lưu niệm bao nhiêu tiền?","quà lưu niệm bao nhiêu tiền?","1","","phrase","vpe-price-item-qua-luu-niem-bao-nhieu-tien","native-ios/Resources/viet-phrase-catalog.json","planned","0","planned-authored-audio"
"quận 1 gần đây không?","Quận 1 gần đây không?","1","","phrase","city-hcmc-near-district-1","native-ios/Resources/viet-phrase-catalog.json","planned","0","planned-authored-audio"
"quận 1 ở đâu?","Quận 1 ở đâu?","1","","phrase","city-hcmc-where-district-1","native-ios/Resources/viet-phrase-catalog.json","planned","0","planned-authored-audio"
"quận 3","Quận 3","1","","phrase","city-hcmc-place-district-3","native-ios/Resources/viet-phrase-catalog.json","planned","0","planned-authored-audio"
"quận ba đình","Quận Ba Đình","1","","phrase","city-hanoi-place-ba-dinh-district","native-ios/Resources/viet-phrase-catalog.json","planned","0","planned-authored-audio"
"quán cà phê gần đây không?","quán cà phê gần đây không?","1","","phrase","vpe-near-place-quan-ca-phe-gan-day-khong","native-ios/Resources/viet-phrase-catalog.json","planned","0","planned-authored-audio"
"quán cà phê giảng ở đâu?","Quán cà phê Giảng ở đâu?","1","","phrase","city-hanoi-where-giang-cafe","native-ios/Resources/viet-phrase-catalog.json","planned","0","planned-authored-audio"
"quán cà phê ở đâu?","quán cà phê ở đâu?","1","","phrase","vpe-where-place-quan-ca-phe-o-dau","native-ios/Resources/viet-phrase-catalog.json","planned","0","planned-authored-audio"
"quận hải châu","Quận Hải Châu","1","","phrase","city-danang-place-hai-chau-district","native-ios/Resources/viet-phrase-catalog.json","planned","0","planned-authored-audio"
"quận ngũ hành sơn","Quận Ngũ Hành Sơn","1","","phrase","city-danang-place-ngu-hanh-son-district","native-ios/Resources/viet-phrase-catalog.json","planned","0","planned-authored-audio"
"quần short bao nhiêu tiền?","quần short bao nhiêu tiền?","1","","phrase","vpe-price-item-quan-short-bao-nhieu-tien","native-ios/Resources/viet-phrase-catalog.json","planned","0","planned-authored-audio"
"quận sơn trà","Quận Sơn Trà","1","","phrase","city-danang-place-son-tra-district","native-ios/Resources/viet-phrase-catalog.json","planned","0","planned-authored-audio"
"quầy an ninh gần đây không?","quầy an ninh gần đây không?","1","","phrase","vpe-near-place-quay-an-ninh-gan-day-khong","native-ios/Resources/viet-phrase-catalog.json","planned","0","planned-authored-audio"
"quầy an ninh ở đâu?","quầy an ninh ở đâu?","1","","phrase","vpe-where-place-quay-an-ninh-o-dau","native-ios/Resources/viet-phrase-catalog.json","planned","0","planned-authored-audio"
"quầy đặt tour gần đây không?","quầy đặt tour gần đây không?","1","","phrase","vpe-near-place-quay-dat-tour-gan-day-khong","native-ios/Resources/viet-phrase-catalog.json","planned","0","planned-authored-audio"
"quầy đặt tour ở đâu?","quầy đặt tour ở đâu?","1","","phrase","vpe-where-place-quay-dat-tour-o-dau","native-ios/Resources/viet-phrase-catalog.json","planned","0","planned-authored-audio"
"quầy đổi tiền gần đây không?","quầy đổi tiền gần đây không?","1","","phrase","vpe-near-place-quay-doi-tien-gan-day-khong","native-ios/Resources/viet-phrase-catalog.json","planned","0","planned-authored-audio"
"quầy đổi tiền ở đâu?","quầy đổi tiền ở đâu?","1","","phrase","vpe-where-place-quay-doi-tien-o-dau","native-ios/Resources/viet-phrase-catalog.json","planned","0","planned-authored-audio"
"quầy giữ đồ gần đây không?","quầy giữ đồ gần đây không?","1","","phrase","vpe-near-place-quay-giu-do-gan-day-khong","native-ios/Resources/viet-phrase-catalog.json","planned","0","planned-authored-audio"
"quầy giữ đồ ở đâu?","quầy giữ đồ ở đâu?","1","","phrase","vpe-where-place-quay-giu-do-o-dau","native-ios/Resources/viet-phrase-catalog.json","planned","0","planned-authored-audio"
"quầy hoàn thuế gần đây không?","quầy hoàn thuế gần đây không?","1","","phrase","vpe-near-place-quay-hoan-thue-gan-day-khong","native-ios/Resources/viet-phrase-catalog.json","planned","0","planned-authored-audio"
"quầy hoàn thuế ở đâu?","quầy hoàn thuế ở đâu?","1","","phrase","vpe-where-place-quay-hoan-thue-o-dau","native-ios/Resources/viet-phrase-catalog.json","planned","0","planned-authored-audio"
"quầy lễ tân gần đây không?","quầy lễ tân gần đây không?","1","","phrase","vpe-near-place-quay-le-tan-gan-day-khong","native-ios/Resources/viet-phrase-catalog.json","planned","0","planned-authored-audio"
"quầy lễ tân ở đâu?","quầy lễ tân ở đâu?","1","","phrase","vpe-where-place-quay-le-tan-o-dau","native-ios/Resources/viet-phrase-catalog.json","planned","0","planned-authored-audio"
"quầy thanh toán gần đây không?","quầy thanh toán gần đây không?","1","","phrase","vpe-near-place-quay-thanh-toan-gan-day-khong","native-ios/Resources/viet-phrase-catalog.json","planned","0","planned-authored-audio"
"quầy thanh toán ở đâu?","quầy thanh toán ở đâu?","1","","phrase","vpe-where-place-quay-thanh-toan-o-dau","native-ios/Resources/viet-phrase-catalog.json","planned","0","planned-authored-audio"
"quầy thông tin gần đây không?","quầy thông tin gần đây không?","1","","phrase","vpe-near-place-quay-thong-tin-gan-day-khong","native-ios/Resources/viet-phrase-catalog.json","planned","0","planned-authored-audio"
"quầy thông tin ở đâu?","quầy thông tin ở đâu?","1","","phrase","vpe-where-place-quay-thong-tin-o-dau","native-ios/Resources/viet-phrase-catalog.json","planned","0","planned-authored-audio"
"quầy vé gần đây không?","quầy vé gần đây không?","1","","phrase","vpe-near-place-quay-ve-gan-day-khong","native-ios/Resources/viet-phrase-catalog.json","planned","0","planned-authored-audio"
"quầy vé ở đâu?","quầy vé ở đâu?","1","","phrase","vpe-where-place-quay-ve-o-dau","native-ios/Resources/viet-phrase-catalog.json","planned","0","planned-authored-audio"
"quầy vé phố cổ hội an","Quầy vé phố cổ Hội An","1","","phrase","city-hoian-place-ancient-town-ticket-booth","native-ios/Resources/viet-phrase-catalog.json","planned","0","planned-authored-audio"
"quẹt thẻ được","Quẹt thẻ được","1","","phrase","vpe-likely-replies-quet-the-duoc","native-ios/Resources/viet-phrase-catalog.json","planned","0","planned-authored-audio"
"rạp xiếc trung ương","Rạp Xiếc Trung ương","1","","phrase","city-hanoi-place-vietnam-circus","native-ios/Resources/viet-phrase-catalog.json","planned","0","planned-authored-audio"
"rau sống bao nhiêu tiền?","rau sống bao nhiêu tiền?","1","","phrase","vpe-price-item-rau-song-bao-nhieu-tien","native-ios/Resources/viet-phrase-catalog.json","planned","0","planned-authored-audio"
"reaching out arts & crafts","Reaching Out Arts & Crafts","1","","phrase","city-hoian-place-reaching-out-arts-crafts","native-ios/Resources/viet-phrase-catalog.json","planned","0","planned-authored-audio"
"reaching out tea house ở đâu?","Reaching Out Tea House ở đâu?","1","","phrase","city-hoian-where-reach-out-tea-house","native-ios/Resources/viet-phrase-catalog.json","planned","0","planned-authored-audio"
"reply 1988 cafe","Reply 1988 Cafe","1","","phrase","city-danang-place-reply-1988","native-ios/Resources/viet-phrase-catalog.json","planned","0","planned-authored-audio"
"rosie's cafe","Rosie's Cafe","1","","phrase","city-hoian-place-rosies-cafe","native-ios/Resources/viet-phrase-catalog.json","planned","0","planned-authored-audio"
"rú chá","Rú Chá","1","","phrase","city-hue-place-ru-cha-mangrove","native-ios/Resources/viet-phrase-catalog.json","planned","0","planned-authored-audio"
"sạc điện thoại bao nhiêu tiền?","sạc điện thoại bao nhiêu tiền?","1","","phrase","vpe-price-item-sac-dien-thoai-bao-nhieu-tien","native-ios/Resources/viet-phrase-catalog.json","planned","0","planned-authored-audio"
"sai rồi","Sai rồi","1","","phrase","vpe-likely-replies-sai-roi","native-ios/Resources/viet-phrase-catalog.json","planned","0","planned-authored-audio"
"saigon centre","Saigon Centre","1","","phrase","city-hcmc-place-takashimaya-saigon-centre","native-ios/Resources/viet-phrase-catalog.json","planned","0","planned-authored-audio"
"saigon skydeck","Saigon Skydeck","1","","phrase","city-hcmc-place-saigon-skydeck","native-ios/Resources/viet-phrase-catalog.json","planned","0","planned-authored-audio"
"saigon square","Saigon Square","1","","phrase","city-hcmc-place-saigon-square","native-ios/Resources/viet-phrase-catalog.json","planned","0","planned-authored-audio"
"sân bay đà nẵng đi hội an","Sân bay Đà Nẵng đi Hội An","1","","phrase","city-hoian-place-from-danang-airport","native-ios/Resources/viet-phrase-catalog.json","planned","0","planned-authored-audio"
"sân bay đà nẵng ở đâu?","Sân bay Đà Nẵng ở đâu?","1","","phrase","city-danang-where-airport","native-ios/Resources/viet-phrase-catalog.json","planned","0","planned-authored-audio"
"sân bay gần đây không?","sân bay gần đây không?","1","","phrase","vpe-near-place-san-bay-gan-day-khong","native-ios/Resources/viet-phrase-catalog.json","planned","0","planned-authored-audio"
"sân bay nội bài ở đâu?","Sân bay Nội Bài ở đâu?","1","","phrase","city-hanoi-where-noi-bai-airport","native-ios/Resources/viet-phrase-catalog.json","planned","0","planned-authored-audio"
"sân bay ở đâu?","sân bay ở đâu?","1","","phrase","vpe-where-place-san-bay-o-dau","native-ios/Resources/viet-phrase-catalog.json","planned","0","planned-authored-audio"
"sân bay phú bài ở đâu?","Sân bay Phú Bài ở đâu?","1","","phrase","city-hue-where-airport","native-ios/Resources/viet-phrase-catalog.json","planned","0","planned-authored-audio"
"sân bay tân sơn nhất ở đâu?","Sân bay Tân Sơn Nhất ở đâu?","1","","phrase","city-hcmc-where-tan-son-nhat-airport","native-ios/Resources/viet-phrase-catalog.json","planned","0","planned-authored-audio"
"sân thượng khách sạn rex","Sân thượng khách sạn Rex","1","","phrase","city-hcmc-place-rex-hotel-rooftop","native-ios/Resources/viet-phrase-catalog.json","planned","0","planned-authored-audio"
"siêu thị gần đây không?","siêu thị gần đây không?","1","","phrase","vpe-near-place-sieu-thi-gan-day-khong","native-ios/Resources/viet-phrase-catalog.json","planned","0","planned-authored-audio"
"siêu thị ở đâu?","siêu thị ở đâu?","1","","phrase","vpe-where-place-sieu-thi-o-dau","native-ios/Resources/viet-phrase-catalog.json","planned","0","planned-authored-audio"
"sim du lịch bao nhiêu tiền?","sim du lịch bao nhiêu tiền?","1","","phrase","vpe-price-item-sim-du-lich-bao-nhieu-tien","native-ios/Resources/viet-phrase-catalog.json","planned","0","planned-authored-audio"
"sinh tố xoài bao nhiêu tiền?","sinh tố xoài bao nhiêu tiền?","1","","phrase","vpe-price-item-sinh-to-xoai-bao-nhieu-tien","native-ios/Resources/viet-phrase-catalog.json","planned","0","planned-authored-audio"
"six on six cafe","Six On Six Cafe","1","","phrase","city-danang-place-six-on-six","native-ios/Resources/viet-phrase-catalog.json","planned","0","planned-authored-audio"
"sô cô la việt nam bao nhiêu tiền?","sô cô la Việt Nam bao nhiêu tiền?","1","","phrase","vpe-price-item-so-co-la-viet-nam-bao-nhieu-tien","native-ios/Resources/viet-phrase-catalog.json","planned","0","planned-authored-audio"
"số điện thoại bao nhiêu tiền?","số điện thoại bao nhiêu tiền?","1","","phrase","vpe-price-item-so-dien-thoai-bao-nhieu-tien","native-ios/Resources/viet-phrase-catalog.json","planned","0","planned-authored-audio"
"sổ tay bao nhiêu tiền?","sổ tay bao nhiêu tiền?","1","","phrase","vpe-price-item-so-tay-bao-nhieu-tien","native-ios/Resources/viet-phrase-catalog.json","planned","0","planned-authored-audio"
"sông gần đây không?","sông gần đây không?","1","","phrase","vpe-near-place-song-gan-day-khong","native-ios/Resources/viet-phrase-catalog.json","planned","0","planned-authored-audio"
"sông hồng","Sông Hồng","1","","phrase","city-hanoi-place-red-river","native-ios/Resources/viet-phrase-catalog.json","planned","0","planned-authored-audio"
"sông ở đâu?","sông ở đâu?","1","","phrase","vpe-where-place-song-o-dau","native-ios/Resources/viet-phrase-catalog.json","planned","0","planned-authored-audio"
"sống platform - sốnglab","Sống Platform - SốngLab","1","","phrase","city-hue-place-songlab","native-ios/Resources/viet-phrase-catalog.json","planned","0","planned-authored-audio"
"streets restaurant cafe","STREETS Restaurant Cafe","1","","phrase","city-hoian-place-streets-restaurant-cafe","native-ios/Resources/viet-phrase-catalog.json","planned","0","planned-authored-audio"
"sữa đặc bao nhiêu tiền?","sữa đặc bao nhiêu tiền?","1","","phrase","vpe-price-item-sua-dac-bao-nhieu-tien","native-ios/Resources/viet-phrase-catalog.json","planned","0","planned-authored-audio"
"sữa tươi bao nhiêu tiền?","sữa tươi bao nhiêu tiền?","1","","phrase","vpe-price-item-sua-tuoi-bao-nhieu-tien","native-ios/Resources/viet-phrase-catalog.json","planned","0","planned-authored-audio"
"tai nghe bao nhiêu tiền?","tai nghe bao nhiêu tiền?","1","","phrase","vpe-price-item-tai-nghe-bao-nhieu-tien","native-ios/Resources/viet-phrase-catalog.json","planned","0","planned-authored-audio"
"tài xế chờ ở đâu?","Tài xế chờ ở đâu?","1","","phrase","ves-where-driver-waits","native-ios/Resources/viet-phrase-catalog.json","planned","0","planned-authored-audio"
"tầm vị ở đâu?","Tầm Vị ở đâu?","1","","phrase","city-hanoi-where-tam-vi","native-ios/Resources/viet-phrase-catalog.json","planned","0","planned-authored-audio"
"tàu đi cù lao chàm","Tàu đi Cù Lao Chàm","1","","phrase","city-hoian-place-cham-islands-snorkel-boat","native-ios/Resources/viet-phrase-catalog.json","planned","0","planned-authored-audio"
"tây hồ ở đâu?","Tây Hồ ở đâu?","1","","phrase","city-hanoi-where-tay-ho","native-ios/Resources/viet-phrase-catalog.json","planned","0","planned-authored-audio"
"tem thư bao nhiêu tiền?","tem thư bao nhiêu tiền?","1","","phrase","vpe-price-item-tem-thu-bao-nhieu-tien","native-ios/Resources/viet-phrase-catalog.json","planned","0","planned-authored-audio"
"thang máy gần đây không?","thang máy gần đây không?","1","","phrase","vpe-near-place-thang-may-gan-day-khong","native-ios/Resources/viet-phrase-catalog.json","planned","0","planned-authored-audio"
"thành cafe","Thành Cafe","1","","phrase","city-hue-place-thanh-cafe","native-ios/Resources/viet-phrase-catalog.json","planned","0","planned-authored-audio"
"thanh toán ở kia","Thanh toán ở kia","1","","phrase","vpe-likely-replies-thanh-toan-o-kia","native-ios/Resources/viet-phrase-catalog.json","planned","0","planned-authored-audio"
"tháp rùa","Tháp Rùa","1","","phrase","city-hanoi-place-turtle-tower","native-ios/Resources/viet-phrase-catalog.json","planned","0","planned-authored-audio"
"the espresso station","The Espresso Station","1","","phrase","city-hoian-place-espresso-station","native-ios/Resources/viet-phrase-catalog.json","planned","0","planned-authored-audio"
"the field hội an","The Field Hội An","1","","phrase","city-hoian-place-the-field","native-ios/Resources/viet-phrase-catalog.json","planned","0","planned-authored-audio"
"thế miếu","Thế Miếu","1","","phrase","city-hue-place-the-mieu-temple","native-ios/Resources/viet-phrase-catalog.json","planned","0","planned-authored-audio"
"the note coffee","The Note Coffee","1","","phrase","city-hanoi-place-the-note-coffee","native-ios/Resources/viet-phrase-catalog.json","planned","0","planned-authored-audio"
"thẻ sim bao nhiêu tiền?","thẻ SIM bao nhiêu tiền?","1","","phrase","vpe-price-item-the-sim-bao-nhieu-tien","native-ios/Resources/viet-phrase-catalog.json","planned","0","planned-authored-audio"
"the temptation","The Temptation","1","","phrase","city-danang-place-the-temptation","native-ios/Resources/viet-phrase-catalog.json","planned","0","planned-authored-audio"
"the workshop coffee","The Workshop Coffee","1","","phrase","city-hcmc-place-workshop-coffee","native-ios/Resources/viet-phrase-catalog.json","planned","0","planned-authored-audio"
"thìa bao nhiêu tiền?","thìa bao nhiêu tiền?","1","","phrase","vpe-price-item-thia-bao-nhieu-tien","native-ios/Resources/viet-phrase-catalog.json","planned","0","planned-authored-audio"
"thiệp bưu điện bao nhiêu tiền?","thiệp bưu điện bao nhiêu tiền?","1","","phrase","vpe-price-item-thiep-buu-dien-bao-nhieu-tien","native-ios/Resources/viet-phrase-catalog.json","planned","0","planned-authored-audio"
"thử đồ may đo hội an","Thử đồ may đo Hội An","1","","phrase","city-hoian-place-tailor-fitting","native-ios/Resources/viet-phrase-catalog.json","planned","0","planned-authored-audio"
"thực đơn tiếng anh bao nhiêu tiền?","thực đơn tiếng Anh bao nhiêu tiền?","1","","phrase","vpe-price-item-thuc-don-tieng-anh-bao-nhieu-tien","native-ios/Resources/viet-phrase-catalog.json","planned","0","planned-authored-audio"
"thùng rác gần đây không?","thùng rác gần đây không?","1","","phrase","vpe-near-place-thung-rac-gan-day-khong","native-ios/Resources/viet-phrase-catalog.json","planned","0","planned-authored-audio"
"thùng rác ở đâu?","thùng rác ở đâu?","1","","phrase","vpe-where-place-thung-rac-o-dau","native-ios/Resources/viet-phrase-catalog.json","planned","0","planned-authored-audio"
"thuốc cảm bao nhiêu tiền?","thuốc cảm bao nhiêu tiền?","1","","phrase","vpe-price-item-thuoc-cam-bao-nhieu-tien","native-ios/Resources/viet-phrase-catalog.json","planned","0","planned-authored-audio"
"thuốc đau bụng bao nhiêu tiền?","thuốc đau bụng bao nhiêu tiền?","1","","phrase","vpe-price-item-thuoc-dau-bung-bao-nhieu-tien","native-ios/Resources/viet-phrase-catalog.json","planned","0","planned-authored-audio"
"thuốc đau đầu bao nhiêu tiền?","thuốc đau đầu bao nhiêu tiền?","1","","phrase","vpe-price-item-thuoc-dau-dau-bao-nhieu-tien","native-ios/Resources/viet-phrase-catalog.json","planned","0","planned-authored-audio"
"thuốc dị ứng bao nhiêu tiền?","thuốc dị ứng bao nhiêu tiền?","1","","phrase","vpe-price-item-thuoc-di-ung-bao-nhieu-tien","native-ios/Resources/viet-phrase-catalog.json","planned","0","planned-authored-audio"
"thuốc ho bao nhiêu tiền?","thuốc ho bao nhiêu tiền?","1","","phrase","vpe-price-item-thuoc-ho-bao-nhieu-tien","native-ios/Resources/viet-phrase-catalog.json","planned","0","planned-authored-audio"
"thuốc nhỏ mắt bao nhiêu tiền?","thuốc nhỏ mắt bao nhiêu tiền?","1","","phrase","vpe-price-item-thuoc-nho-mat-bao-nhieu-tien","native-ios/Resources/viet-phrase-catalog.json","planned","0","planned-authored-audio"
"thuốc say xe bao nhiêu tiền?","thuốc say xe bao nhiêu tiền?","1","","phrase","vpe-price-item-thuoc-say-xe-bao-nhieu-tien","native-ios/Resources/viet-phrase-catalog.json","planned","0","planned-authored-audio"
"thuyền hải sản phá tam giang","Thuyền hải sản phá Tam Giang","1","","phrase","city-hue-place-lagoon-seafood-boat","native-ios/Resources/viet-phrase-catalog.json","planned","0","planned-authored-audio"
"thuyền hoa đăng hội an","Thuyền hoa đăng Hội An","1","","phrase","city-hoian-place-lantern-boat","native-ios/Resources/viet-phrase-catalog.json","planned","0","planned-authored-audio"
"thuyền rồng sông hương","Thuyền rồng sông Hương","1","","phrase","city-hue-place-perfume-river-dragon-boat","native-ios/Resources/viet-phrase-catalog.json","planned","0","planned-authored-audio"
"thuyền thúng cẩm thanh","Thuyền thúng Cẩm Thanh","1","","phrase","city-hoian-place-cam-thanh-basket-boat","native-ios/Resources/viet-phrase-catalog.json","planned","0","planned-authored-audio"
"tiệm cắt tóc gần đây không?","tiệm cắt tóc gần đây không?","1","","phrase","vpe-near-place-tiem-cat-toc-gan-day-khong","native-ios/Resources/viet-phrase-catalog.json","planned","0","planned-authored-audio"
"tiệm cắt tóc ở đâu?","tiệm cắt tóc ở đâu?","1","","phrase","vpe-where-place-tiem-cat-toc-o-dau","native-ios/Resources/viet-phrase-catalog.json","planned","0","planned-authored-audio"
"tiệm giặt ủi gần đây không?","tiệm giặt ủi gần đây không?","1","","phrase","vpe-near-place-tiem-giat-ui-gan-day-khong","native-ios/Resources/viet-phrase-catalog.json","planned","0","planned-authored-audio"
"tiệm giặt ủi ở đâu?","tiệm giặt ủi ở đâu?","1","","phrase","vpe-where-place-tiem-giat-ui-o-dau","native-ios/Resources/viet-phrase-catalog.json","planned","0","planned-authored-audio"
"tiền lẻ bao nhiêu tiền?","tiền lẻ bao nhiêu tiền?","1","","phrase","vpe-price-item-tien-le-bao-nhieu-tien","native-ios/Resources/viet-phrase-catalog.json","planned","0","planned-authored-audio"
"tìm bún bò huế ở đâu?","Tìm bún bò Huế ở đâu?","1","","phrase","city-hue-go-bun-bo-city","native-ios/Resources/viet-phrase-catalog.json","planned","0","planned-authored-audio"
"tịnh gia viên","Tịnh Gia Viên","1","","phrase","city-hue-place-tinh-gia-vien","native-ios/Resources/viet-phrase-catalog.json","planned","0","planned-authored-audio"
"tính tiền ở quầy","Tính tiền ở quầy","1","","phrase","vpe-likely-replies-tinh-tien-o-quay","native-ios/Resources/viet-phrase-catalog.json","planned","0","planned-authored-audio"
"tôi bị bỏng nắng","Tôi bị bỏng nắng","1","","phrase","vpe-health-symptom-toi-bi-bong-nang","native-ios/Resources/viet-phrase-catalog.json","planned","0","planned-authored-audio"
"tôi bị buồn nôn","Tôi bị buồn nôn","1","","phrase","vpe-health-symptom-toi-bi-buon-non","native-ios/Resources/viet-phrase-catalog.json","planned","0","planned-authored-audio"
"tôi bị cảm lạnh","Tôi bị cảm lạnh","1","","phrase","vpe-health-symptom-toi-bi-cam-lanh","native-ios/Resources/viet-phrase-catalog.json","planned","0","planned-authored-audio"
"tôi bị chảy máu","Tôi bị chảy máu","1","","phrase","vpe-health-symptom-toi-bi-chay-mau","native-ios/Resources/viet-phrase-catalog.json","planned","0","planned-authored-audio"
"tôi bị chóng mặt","Tôi bị chóng mặt","1","","phrase","vpe-health-symptom-toi-bi-chong-mat","native-ios/Resources/viet-phrase-catalog.json","planned","0","planned-authored-audio"
"tôi bị chuột rút","Tôi bị chuột rút","1","","phrase","vpe-health-symptom-toi-bi-chuot-rut","native-ios/Resources/viet-phrase-catalog.json","planned","0","planned-authored-audio"
"tôi bị đau bụng","Tôi bị đau bụng","1","","phrase","vpe-health-symptom-toi-bi-dau-bung","native-ios/Resources/viet-phrase-catalog.json","planned","0","planned-authored-audio"
"tôi bị đau chân","Tôi bị đau chân","1","","phrase","vpe-health-symptom-toi-bi-dau-chan","native-ios/Resources/viet-phrase-catalog.json","planned","0","planned-authored-audio"
"tôi bị đau cổ","Tôi bị đau cổ","1","","phrase","vpe-health-symptom-toi-bi-dau-co","native-ios/Resources/viet-phrase-catalog.json","planned","0","planned-authored-audio"
"tôi bị đau lưng","Tôi bị đau lưng","1","","phrase","vpe-health-symptom-toi-bi-dau-lung","native-ios/Resources/viet-phrase-catalog.json","planned","0","planned-authored-audio"
"tôi bị đau mắt","Tôi bị đau mắt","1","","phrase","vpe-health-symptom-toi-bi-dau-mat","native-ios/Resources/viet-phrase-catalog.json","planned","0","planned-authored-audio"
"tôi bị đau răng","Tôi bị đau răng","1","","phrase","vpe-health-symptom-toi-bi-dau-rang","native-ios/Resources/viet-phrase-catalog.json","planned","0","planned-authored-audio"
"tôi bị đau tai","Tôi bị đau tai","1","","phrase","vpe-health-symptom-toi-bi-dau-tai","native-ios/Resources/viet-phrase-catalog.json","planned","0","planned-authored-audio"
"tôi bị đau tay","Tôi bị đau tay","1","","phrase","vpe-health-symptom-toi-bi-dau-tay","native-ios/Resources/viet-phrase-catalog.json","planned","0","planned-authored-audio"
"tôi bị đau vai","Tôi bị đau vai","1","","phrase","vpe-health-symptom-toi-bi-dau-vai","native-ios/Resources/viet-phrase-catalog.json","planned","0","planned-authored-audio"
"tôi bị dị ứng","Tôi bị dị ứng","1","","phrase","vpe-health-symptom-toi-bi-di-ung","native-ios/Resources/viet-phrase-catalog.json","planned","0","planned-authored-audio"
"tôi bị khó thở","Tôi bị khó thở","1","","phrase","vpe-health-symptom-toi-bi-kho-tho","native-ios/Resources/viet-phrase-catalog.json","planned","0","planned-authored-audio"
"tôi bị mẩn đỏ","Tôi bị mẩn đỏ","1","","phrase","vpe-health-symptom-toi-bi-man-do","native-ios/Resources/viet-phrase-catalog.json","planned","0","planned-authored-audio"
"tôi bị mất ngủ","Tôi bị mất ngủ","1","","phrase","vpe-health-symptom-toi-bi-mat-ngu","native-ios/Resources/viet-phrase-catalog.json","planned","0","planned-authored-audio"
"tôi bị mất nước","Tôi bị mất nước","1","","phrase","vpe-health-symptom-toi-bi-mat-nuoc","native-ios/Resources/viet-phrase-catalog.json","planned","0","planned-authored-audio"
"tôi bị mệt","Tôi bị mệt","1","","phrase","vpe-health-symptom-toi-bi-met","native-ios/Resources/viet-phrase-catalog.json","planned","0","planned-authored-audio"
"tôi bị ngứa","Tôi bị ngứa","1","","phrase","vpe-health-symptom-toi-bi-ngua","native-ios/Resources/viet-phrase-catalog.json","planned","0","planned-authored-audio"
"tôi bị say xe","Tôi bị say xe","1","","phrase","vpe-health-symptom-toi-bi-say-xe","native-ios/Resources/viet-phrase-catalog.json","planned","0","planned-authored-audio"
"tôi bị sưng chân","Tôi bị sưng chân","1","","phrase","vpe-health-symptom-toi-bi-sung-chan","native-ios/Resources/viet-phrase-catalog.json","planned","0","planned-authored-audio"
"tôi cần ảnh thẻ","Tôi cần ảnh thẻ","1","","phrase","vpe-need-item-toi-can-anh-the","native-ios/Resources/viet-phrase-catalog.json","planned","0","planned-authored-audio"
"tôi cần áo mưa","Tôi cần áo mưa","1","","phrase","vpe-need-item-toi-can-ao-mua","native-ios/Resources/viet-phrase-catalog.json","planned","0","planned-authored-audio"
"tôi cần áo thun","Tôi cần áo thun","1","","phrase","vpe-need-item-toi-can-ao-thun","native-ios/Resources/viet-phrase-catalog.json","planned","0","planned-authored-audio"
"tôi cần ba lô nhỏ","Tôi cần ba lô nhỏ","1","","phrase","vpe-need-item-toi-can-ba-lo-nho","native-ios/Resources/viet-phrase-catalog.json","planned","0","planned-authored-audio"
"tôi cần bàn chải đánh răng","Tôi cần bàn chải đánh răng","1","","phrase","vpe-need-item-toi-can-ban-chai-danh-rang","native-ios/Resources/viet-phrase-catalog.json","planned","0","planned-authored-audio"
"tôi cần bàn cho hai người","Tôi cần bàn cho hai người","1","","phrase","vpe-need-item-toi-can-ban-cho-hai-nguoi","native-ios/Resources/viet-phrase-catalog.json","planned","0","planned-authored-audio"
"tôi cần bản đồ giấy","Tôi cần bản đồ giấy","1","","phrase","vpe-need-item-toi-can-ban-do-giay","native-ios/Resources/viet-phrase-catalog.json","planned","0","planned-authored-audio"
"tôi cần bản in đen trắng","Tôi cần bản in đen trắng","1","","phrase","vpe-need-item-toi-can-ban-in-den-trang","native-ios/Resources/viet-phrase-catalog.json","planned","0","planned-authored-audio"
"tôi cần bản in màu","Tôi cần bản in màu","1","","phrase","vpe-need-item-toi-can-ban-in-mau","native-ios/Resources/viet-phrase-catalog.json","planned","0","planned-authored-audio"
"tôi cần bàn ngoài trời","Tôi cần bàn ngoài trời","1","","phrase","vpe-need-item-toi-can-ban-ngoai-troi","native-ios/Resources/viet-phrase-catalog.json","planned","0","planned-authored-audio"
"tôi cần bản sao hộ chiếu","Tôi cần bản sao hộ chiếu","1","","phrase","vpe-need-item-toi-can-ban-sao-ho-chieu","native-ios/Resources/viet-phrase-catalog.json","planned","0","planned-authored-audio"
"tôi cần băng cá nhân","Tôi cần băng cá nhân","1","","phrase","vpe-need-item-toi-can-bang-ca-nhan","native-ios/Resources/viet-phrase-catalog.json","planned","0","planned-authored-audio"
"tôi cần băng keo","Tôi cần băng keo","1","","phrase","vpe-need-item-toi-can-bang-keo","native-ios/Resources/viet-phrase-catalog.json","planned","0","planned-authored-audio"
"tôi cần bánh mì chay","Tôi cần bánh mì chay","1","","phrase","vpe-need-item-toi-can-banh-mi-chay","native-ios/Resources/viet-phrase-catalog.json","planned","0","planned-authored-audio"
"tôi cần bánh xèo","Tôi cần bánh xèo","1","","phrase","vpe-need-item-toi-can-banh-xeo","native-ios/Resources/viet-phrase-catalog.json","planned","0","planned-authored-audio"
"tôi cần biên lai thanh toán","Tôi cần biên lai thanh toán","1","","phrase","vpe-need-item-toi-can-bien-lai-thanh-toan","native-ios/Resources/viet-phrase-catalog.json","planned","0","planned-authored-audio"
"tôi cần bún chả","Tôi cần bún chả","1","","phrase","vpe-need-item-toi-can-bun-cha","native-ios/Resources/viet-phrase-catalog.json","planned","0","planned-authored-audio"
"tôi cần bút bi","Tôi cần bút bi","1","","phrase","vpe-need-item-toi-can-but-bi","native-ios/Resources/viet-phrase-catalog.json","planned","0","planned-authored-audio"
"tôi cần cà phê đen","Tôi cần cà phê đen","1","","phrase","vpe-need-item-toi-can-ca-phe-den","native-ios/Resources/viet-phrase-catalog.json","planned","0","planned-authored-audio"
"tôi cần cà phê ít đường","Tôi cần cà phê ít đường","1","","phrase","vpe-need-item-toi-can-ca-phe-it-duong","native-ios/Resources/viet-phrase-catalog.json","planned","0","planned-authored-audio"
"tôi cần cà phê rang","Tôi cần cà phê rang","1","","phrase","vpe-need-item-toi-can-ca-phe-rang","native-ios/Resources/viet-phrase-catalog.json","planned","0","planned-authored-audio"
"tôi cần cà phê sữa đá","Tôi cần cà phê sữa đá","1","","phrase","vpe-need-item-toi-can-ca-phe-sua-da","native-ios/Resources/viet-phrase-catalog.json","planned","0","planned-authored-audio"
"tôi cần chìa khóa phòng","Tôi cần chìa khóa phòng","1","","phrase","vpe-need-item-toi-can-chia-khoa-phong","native-ios/Resources/viet-phrase-catalog.json","planned","0","planned-authored-audio"
"tôi cần chỗ ngồi cạnh lối đi","Tôi cần chỗ ngồi cạnh lối đi","1","","phrase","vpe-need-item-toi-can-cho-ngoi-canh-loi-di","native-ios/Resources/viet-phrase-catalog.json","planned","0","planned-authored-audio"
"tôi cần chỗ ngồi gần cửa sổ","Tôi cần chỗ ngồi gần cửa sổ","1","","phrase","vpe-need-item-toi-can-cho-ngoi-gan-cua-so","native-ios/Resources/viet-phrase-catalog.json","planned","0","planned-authored-audio"
"tôi cần chỗ ngồi yên tĩnh","Tôi cần chỗ ngồi yên tĩnh","1","","phrase","vpe-need-item-toi-can-cho-ngoi-yen-tinh","native-ios/Resources/viet-phrase-catalog.json","planned","0","planned-authored-audio"
"tôi cần cốc giấy","Tôi cần cốc giấy","1","","phrase","vpe-need-item-toi-can-coc-giay","native-ios/Resources/viet-phrase-catalog.json","planned","0","planned-authored-audio"
"tôi cần cơm trắng","Tôi cần cơm trắng","1","","phrase","vpe-need-item-toi-can-com-trang","native-ios/Resources/viet-phrase-catalog.json","planned","0","planned-authored-audio"
"tôi cần đá","Tôi cần đá","1","","phrase","vpe-need-item-toi-can-da","native-ios/Resources/viet-phrase-catalog.json","planned","0","planned-authored-audio"
"tôi cần dao cạo","Tôi cần dao cạo","1","","phrase","vpe-need-item-toi-can-dao-cao","native-ios/Resources/viet-phrase-catalog.json","planned","0","planned-authored-audio"
"tôi cần dầu gội","Tôi cần dầu gội","1","","phrase","vpe-need-item-toi-can-dau-goi","native-ios/Resources/viet-phrase-catalog.json","planned","0","planned-authored-audio"
"tôi cần dây sạc","Tôi cần dây sạc","1","","phrase","vpe-need-item-toi-can-day-sac","native-ios/Resources/viet-phrase-catalog.json","planned","0","planned-authored-audio"
"tôi cần dép lê","Tôi cần dép lê","1","","phrase","vpe-need-item-toi-can-dep-le","native-ios/Resources/viet-phrase-catalog.json","planned","0","planned-authored-audio"
"tôi cần địa chỉ","Tôi cần địa chỉ","1","","phrase","vpe-need-item-toi-can-dia-chi","native-ios/Resources/viet-phrase-catalog.json","planned","0","planned-authored-audio"
"tôi cần dịch vụ giặt nhanh","Tôi cần dịch vụ giặt nhanh","1","","phrase","vpe-need-item-toi-can-dich-vu-giat-nhanh","native-ios/Resources/viet-phrase-catalog.json","planned","0","planned-authored-audio"
"tôi cần đồ chay","Tôi cần đồ chay","1","","phrase","vpe-need-item-toi-can-do-chay","native-ios/Resources/viet-phrase-catalog.json","planned","0","planned-authored-audio"
"tôi cần đồ giặt","Tôi cần đồ giặt","1","","phrase","vpe-need-item-toi-can-do-giat","native-ios/Resources/viet-phrase-catalog.json","planned","0","planned-authored-audio"
"tôi cần đồ uống lạnh","Tôi cần đồ uống lạnh","1","","phrase","vpe-need-item-toi-can-do-uong-lanh","native-ios/Resources/viet-phrase-catalog.json","planned","0","planned-authored-audio"
"tôi cần đồ uống nóng","Tôi cần đồ uống nóng","1","","phrase","vpe-need-item-toi-can-do-uong-nong","native-ios/Resources/viet-phrase-catalog.json","planned","0","planned-authored-audio"
"tôi cần đũa","Tôi cần đũa","1","","phrase","vpe-need-item-toi-can-dua","native-ios/Resources/viet-phrase-catalog.json","planned","0","planned-authored-audio"
"tôi cần esim","Tôi cần eSIM","1","","phrase","vpe-need-item-toi-can-esim","native-ios/Resources/viet-phrase-catalog.json","planned","0","planned-authored-audio"
"tôi cần giấy vệ sinh","Tôi cần giấy vệ sinh","1","","phrase","vpe-need-item-toi-can-giay-ve-sinh","native-ios/Resources/viet-phrase-catalog.json","planned","0","planned-authored-audio"
"tôi cần gỏi cuốn","Tôi cần gỏi cuốn","1","","phrase","vpe-need-item-toi-can-goi-cuon","native-ios/Resources/viet-phrase-catalog.json","planned","0","planned-authored-audio"
"tôi cần gói data","Tôi cần gói data","1","","phrase","vpe-need-item-toi-can-goi-data","native-ios/Resources/viet-phrase-catalog.json","planned","0","planned-authored-audio"
"tôi cần hóa đơn","Tôi cần hóa đơn","1","","phrase","vpe-need-item-toi-can-hoa-don","native-ios/Resources/viet-phrase-catalog.json","planned","0","planned-authored-audio"
"tôi cần hộp mang về","Tôi cần hộp mang về","1","","phrase","vpe-need-item-toi-can-hop-mang-ve","native-ios/Resources/viet-phrase-catalog.json","planned","0","planned-authored-audio"
"tôi cần kem chống muỗi","Tôi cần kem chống muỗi","1","","phrase","vpe-need-item-toi-can-kem-chong-muoi","native-ios/Resources/viet-phrase-catalog.json","planned","0","planned-authored-audio"
"tôi cần kem đánh răng","Tôi cần kem đánh răng","1","","phrase","vpe-need-item-toi-can-kem-danh-rang","native-ios/Resources/viet-phrase-catalog.json","planned","0","planned-authored-audio"
"tôi cần khăn lạnh","Tôi cần khăn lạnh","1","","phrase","vpe-need-item-toi-can-khan-lanh","native-ios/Resources/viet-phrase-catalog.json","planned","0","planned-authored-audio"
"tôi cần khăn tắm","Tôi cần khăn tắm","1","","phrase","vpe-need-item-toi-can-khan-tam","native-ios/Resources/viet-phrase-catalog.json","planned","0","planned-authored-audio"
"tôi cần khẩu trang","Tôi cần khẩu trang","1","","phrase","vpe-need-item-toi-can-khau-trang","native-ios/Resources/viet-phrase-catalog.json","planned","0","planned-authored-audio"
"tôi cần kính râm","Tôi cần kính râm","1","","phrase","vpe-need-item-toi-can-kinh-ram","native-ios/Resources/viet-phrase-catalog.json","planned","0","planned-authored-audio"
"tôi cần lịch trình tour","Tôi cần lịch trình tour","1","","phrase","vpe-need-item-toi-can-lich-trinh-tour","native-ios/Resources/viet-phrase-catalog.json","planned","0","planned-authored-audio"
"tôi cần lược","Tôi cần lược","1","","phrase","vpe-need-item-toi-can-luoc","native-ios/Resources/viet-phrase-catalog.json","planned","0","planned-authored-audio"
"tôi cần mã đặt chỗ","Tôi cần mã đặt chỗ","1","","phrase","vpe-need-item-toi-can-ma-dat-cho","native-ios/Resources/viet-phrase-catalog.json","planned","0","planned-authored-audio"
"tôi cần mã qr","Tôi cần mã QR","1","","phrase","vpe-need-item-toi-can-ma-qr","native-ios/Resources/viet-phrase-catalog.json","planned","0","planned-authored-audio"
"tôi cần mật khẩu wi-fi","Tôi cần mật khẩu Wi-Fi","1","","phrase","vpe-need-item-toi-can-mat-khau-wi-fi","native-ios/Resources/viet-phrase-catalog.json","planned","0","planned-authored-audio"
"tôi cần máy sấy tóc","Tôi cần máy sấy tóc","1","","phrase","vpe-need-item-toi-can-may-say-toc","native-ios/Resources/viet-phrase-catalog.json","planned","0","planned-authored-audio"
"tôi cần men tiêu hóa","Tôi cần men tiêu hóa","1","","phrase","vpe-need-item-toi-can-men-tieu-hoa","native-ios/Resources/viet-phrase-catalog.json","planned","0","planned-authored-audio"
"tôi cần miếng dán hạ sốt","Tôi cần miếng dán hạ sốt","1","","phrase","vpe-need-item-toi-can-mieng-dan-ha-sot","native-ios/Resources/viet-phrase-catalog.json","planned","0","planned-authored-audio"
"tôi cần món ít cay","Tôi cần món ít cay","1","","phrase","vpe-need-item-toi-can-mon-it-cay","native-ios/Resources/viet-phrase-catalog.json","planned","0","planned-authored-audio"
"tôi cần món không cay","Tôi cần món không cay","1","","phrase","vpe-need-item-toi-can-mon-khong-cay","native-ios/Resources/viet-phrase-catalog.json","planned","0","planned-authored-audio"
"tôi cần mũ bảo hiểm","Tôi cần mũ bảo hiểm","1","","phrase","vpe-need-item-toi-can-mu-bao-hiem","native-ios/Resources/viet-phrase-catalog.json","planned","0","planned-authored-audio"
"tôi cần mũ lưỡi trai","Tôi cần mũ lưỡi trai","1","","phrase","vpe-need-item-toi-can-mu-luoi-trai","native-ios/Resources/viet-phrase-catalog.json","planned","0","planned-authored-audio"
"tôi cần nam châm tủ lạnh","Tôi cần nam châm tủ lạnh","1","","phrase","vpe-need-item-toi-can-nam-cham-tu-lanh","native-ios/Resources/viet-phrase-catalog.json","planned","0","planned-authored-audio"
"tôi cần nhiệt kế","Tôi cần nhiệt kế","1","","phrase","vpe-need-item-toi-can-nhiet-ke","native-ios/Resources/viet-phrase-catalog.json","planned","0","planned-authored-audio"
"tôi cần nước chấm","Tôi cần nước chấm","1","","phrase","vpe-need-item-toi-can-nuoc-cham","native-ios/Resources/viet-phrase-catalog.json","planned","0","planned-authored-audio"
"tôi cần nước điện giải","Tôi cần nước điện giải","1","","phrase","vpe-need-item-toi-can-nuoc-dien-giai","native-ios/Resources/viet-phrase-catalog.json","planned","0","planned-authored-audio"
"tôi cần nước dừa","Tôi cần nước dừa","1","","phrase","vpe-need-item-toi-can-nuoc-dua","native-ios/Resources/viet-phrase-catalog.json","planned","0","planned-authored-audio"
"tôi cần nước hoa khô","Tôi cần nước hoa khô","1","","phrase","vpe-need-item-toi-can-nuoc-hoa-kho","native-ios/Resources/viet-phrase-catalog.json","planned","0","planned-authored-audio"
"tôi cần nước không đá","Tôi cần nước không đá","1","","phrase","vpe-need-item-toi-can-nuoc-khong-da","native-ios/Resources/viet-phrase-catalog.json","planned","0","planned-authored-audio"
"tôi cần nước không đường","Tôi cần nước không đường","1","","phrase","vpe-need-item-toi-can-nuoc-khong-duong","native-ios/Resources/viet-phrase-catalog.json","planned","0","planned-authored-audio"
"tôi cần nước lọc","Tôi cần nước lọc","1","","phrase","vpe-need-item-toi-can-nuoc-loc","native-ios/Resources/viet-phrase-catalog.json","planned","0","planned-authored-audio"
"tôi cần nước mắm","Tôi cần nước mắm","1","","phrase","vpe-need-item-toi-can-nuoc-mam","native-ios/Resources/viet-phrase-catalog.json","planned","0","planned-authored-audio"
"tôi cần nước muối sinh lý","Tôi cần nước muối sinh lý","1","","phrase","vpe-need-item-toi-can-nuoc-muoi-sinh-ly","native-ios/Resources/viet-phrase-catalog.json","planned","0","planned-authored-audio"
"tôi cần nước nóng","Tôi cần nước nóng","1","","phrase","vpe-need-item-toi-can-nuoc-nong","native-ios/Resources/viet-phrase-catalog.json","planned","0","planned-authored-audio"
"tôi cần nước rửa tay","Tôi cần nước rửa tay","1","","phrase","vpe-need-item-toi-can-nuoc-rua-tay","native-ios/Resources/viet-phrase-catalog.json","planned","0","planned-authored-audio"
"tôi cần nước suối","Tôi cần nước suối","1","","phrase","vpe-need-item-toi-can-nuoc-suoi","native-ios/Resources/viet-phrase-catalog.json","planned","0","planned-authored-audio"
"tôi cần nước uống đóng chai","Tôi cần nước uống đóng chai","1","","phrase","vpe-need-item-toi-can-nuoc-uong-dong-chai","native-ios/Resources/viet-phrase-catalog.json","planned","0","planned-authored-audio"
"tôi cần ổ cắm chuyển đổi","Tôi cần ổ cắm chuyển đổi","1","","phrase","vpe-need-item-toi-can-o-cam-chuyen-doi","native-ios/Resources/viet-phrase-catalog.json","planned","0","planned-authored-audio"
"tôi cần ô che mưa","Tôi cần ô che mưa","1","","phrase","vpe-need-item-toi-can-o-che-mua","native-ios/Resources/viet-phrase-catalog.json","planned","0","planned-authored-audio"
"tôi cần ống hút","Tôi cần ống hút","1","","phrase","vpe-need-item-toi-can-ong-hut","native-ios/Resources/viet-phrase-catalog.json","planned","0","planned-authored-audio"
"tôi cần ốp điện thoại","Tôi cần ốp điện thoại","1","","phrase","vpe-need-item-toi-can-op-dien-thoai","native-ios/Resources/viet-phrase-catalog.json","planned","0","planned-authored-audio"
"tôi cần phiếu đặt phòng","Tôi cần phiếu đặt phòng","1","","phrase","vpe-need-item-toi-can-phieu-dat-phong","native-ios/Resources/viet-phrase-catalog.json","planned","0","planned-authored-audio"
"tôi cần phở bò","Tôi cần phở bò","1","","phrase","vpe-need-item-toi-can-pho-bo","native-ios/Resources/viet-phrase-catalog.json","planned","0","planned-authored-audio"
"tôi cần phở gà","Tôi cần phở gà","1","","phrase","vpe-need-item-toi-can-pho-ga","native-ios/Resources/viet-phrase-catalog.json","planned","0","planned-authored-audio"
"tôi cần phong bì","Tôi cần phong bì","1","","phrase","vpe-need-item-toi-can-phong-bi","native-ios/Resources/viet-phrase-catalog.json","planned","0","planned-authored-audio"
"tôi cần phòng đôi","Tôi cần phòng đôi","1","","phrase","vpe-need-item-toi-can-phong-doi","native-ios/Resources/viet-phrase-catalog.json","planned","0","planned-authored-audio"
"tôi cần phòng đơn","Tôi cần phòng đơn","1","","phrase","vpe-need-item-toi-can-phong-don","native-ios/Resources/viet-phrase-catalog.json","planned","0","planned-authored-audio"
"tôi cần pin aa","Tôi cần pin AA","1","","phrase","vpe-need-item-toi-can-pin-aa","native-ios/Resources/viet-phrase-catalog.json","planned","0","planned-authored-audio"
"tôi cần pin dự phòng","Tôi cần pin dự phòng","1","","phrase","vpe-need-item-toi-can-pin-du-phong","native-ios/Resources/viet-phrase-catalog.json","planned","0","planned-authored-audio"
"tôi cần quà lưu niệm","Tôi cần quà lưu niệm","1","","phrase","vpe-need-item-toi-can-qua-luu-niem","native-ios/Resources/viet-phrase-catalog.json","planned","0","planned-authored-audio"
"tôi cần quần short","Tôi cần quần short","1","","phrase","vpe-need-item-toi-can-quan-short","native-ios/Resources/viet-phrase-catalog.json","planned","0","planned-authored-audio"
"tôi cần rau sống","Tôi cần rau sống","1","","phrase","vpe-need-item-toi-can-rau-song","native-ios/Resources/viet-phrase-catalog.json","planned","0","planned-authored-audio"
"tôi cần sạc điện thoại","Tôi cần sạc điện thoại","1","","phrase","vpe-need-item-toi-can-sac-dien-thoai","native-ios/Resources/viet-phrase-catalog.json","planned","0","planned-authored-audio"
"tôi cần sim du lịch","Tôi cần sim du lịch","1","","phrase","vpe-need-item-toi-can-sim-du-lich","native-ios/Resources/viet-phrase-catalog.json","planned","0","planned-authored-audio"
"tôi cần sinh tố xoài","Tôi cần sinh tố xoài","1","","phrase","vpe-need-item-toi-can-sinh-to-xoai","native-ios/Resources/viet-phrase-catalog.json","planned","0","planned-authored-audio"
"tôi cần sô cô la việt nam","Tôi cần sô cô la Việt Nam","1","","phrase","vpe-need-item-toi-can-so-co-la-viet-nam","native-ios/Resources/viet-phrase-catalog.json","planned","0","planned-authored-audio"
"tôi cần số điện thoại","Tôi cần số điện thoại","1","","phrase","vpe-need-item-toi-can-so-dien-thoai","native-ios/Resources/viet-phrase-catalog.json","planned","0","planned-authored-audio"
"tôi cần sổ tay","Tôi cần sổ tay","1","","phrase","vpe-need-item-toi-can-so-tay","native-ios/Resources/viet-phrase-catalog.json","planned","0","planned-authored-audio"
"tôi cần sữa đặc","Tôi cần sữa đặc","1","","phrase","vpe-need-item-toi-can-sua-dac","native-ios/Resources/viet-phrase-catalog.json","planned","0","planned-authored-audio"
"tôi cần sữa tươi","Tôi cần sữa tươi","1","","phrase","vpe-need-item-toi-can-sua-tuoi","native-ios/Resources/viet-phrase-catalog.json","planned","0","planned-authored-audio"
"tôi cần tai nghe","Tôi cần tai nghe","1","","phrase","vpe-need-item-toi-can-tai-nghe","native-ios/Resources/viet-phrase-catalog.json","planned","0","planned-authored-audio"
"tôi cần tem thư","Tôi cần tem thư","1","","phrase","vpe-need-item-toi-can-tem-thu","native-ios/Resources/viet-phrase-catalog.json","planned","0","planned-authored-audio"
"tôi cần thẻ sim","Tôi cần thẻ SIM","1","","phrase","vpe-need-item-toi-can-the-sim","native-ios/Resources/viet-phrase-catalog.json","planned","0","planned-authored-audio"
"tôi cần thìa","Tôi cần thìa","1","","phrase","vpe-need-item-toi-can-thia","native-ios/Resources/viet-phrase-catalog.json","planned","0","planned-authored-audio"
"tôi cần thiệp bưu điện","Tôi cần thiệp bưu điện","1","","phrase","vpe-need-item-toi-can-thiep-buu-dien","native-ios/Resources/viet-phrase-catalog.json","planned","0","planned-authored-audio"
"tôi cần thực đơn tiếng anh","Tôi cần thực đơn tiếng Anh","1","","phrase","vpe-need-item-toi-can-thuc-don-tieng-anh","native-ios/Resources/viet-phrase-catalog.json","planned","0","planned-authored-audio"
"tôi cần thuốc đau bụng","Tôi cần thuốc đau bụng","1","","phrase","vpe-need-item-toi-can-thuoc-dau-bung","native-ios/Resources/viet-phrase-catalog.json","planned","0","planned-authored-audio"
"tôi cần thuốc đau đầu","Tôi cần thuốc đau đầu","1","","phrase","vpe-need-item-toi-can-thuoc-dau-dau","native-ios/Resources/viet-phrase-catalog.json","planned","0","planned-authored-audio"
"tôi cần thuốc ho","Tôi cần thuốc ho","1","","phrase","vpe-need-item-toi-can-thuoc-ho","native-ios/Resources/viet-phrase-catalog.json","planned","0","planned-authored-audio"
"tôi cần thuốc nhỏ mắt","Tôi cần thuốc nhỏ mắt","1","","phrase","vpe-need-item-toi-can-thuoc-nho-mat","native-ios/Resources/viet-phrase-catalog.json","planned","0","planned-authored-audio"
"tôi cần thuốc say xe","Tôi cần thuốc say xe","1","","phrase","vpe-need-item-toi-can-thuoc-say-xe","native-ios/Resources/viet-phrase-catalog.json","planned","0","planned-authored-audio"
"tôi cần tiền lẻ","Tôi cần tiền lẻ","1","","phrase","vpe-need-item-toi-can-tien-le","native-ios/Resources/viet-phrase-catalog.json","planned","0","planned-authored-audio"
"tôi cần trà đá","Tôi cần trà đá","1","","phrase","vpe-need-item-toi-can-tra-da","native-ios/Resources/viet-phrase-catalog.json","planned","0","planned-authored-audio"
"tôi cần trà sen","Tôi cần trà sen","1","","phrase","vpe-need-item-toi-can-tra-sen","native-ios/Resources/viet-phrase-catalog.json","planned","0","planned-authored-audio"
"tôi cần túi giấy","Tôi cần túi giấy","1","","phrase","vpe-need-item-toi-can-tui-giay","native-ios/Resources/viet-phrase-catalog.json","planned","0","planned-authored-audio"
"tôi cần túi mang về","Tôi cần túi mang về","1","","phrase","vpe-need-item-toi-can-tui-mang-ve","native-ios/Resources/viet-phrase-catalog.json","planned","0","planned-authored-audio"
"tôi cần túi nilon","Tôi cần túi nilon","1","","phrase","vpe-need-item-toi-can-tui-nilon","native-ios/Resources/viet-phrase-catalog.json","planned","0","planned-authored-audio"
"tôi cần tương ớt","Tôi cần tương ớt","1","","phrase","vpe-need-item-toi-can-tuong-ot","native-ios/Resources/viet-phrase-catalog.json","planned","0","planned-authored-audio"
"tôi cần vali nhỏ","Tôi cần vali nhỏ","1","","phrase","vpe-need-item-toi-can-vali-nho","native-ios/Resources/viet-phrase-catalog.json","planned","0","planned-authored-audio"
"tôi cần vé khứ hồi","Tôi cần vé khứ hồi","1","","phrase","vpe-need-item-toi-can-ve-khu-hoi","native-ios/Resources/viet-phrase-catalog.json","planned","0","planned-authored-audio"
"tôi cần vé một chiều","Tôi cần vé một chiều","1","","phrase","vpe-need-item-toi-can-ve-mot-chieu","native-ios/Resources/viet-phrase-catalog.json","planned","0","planned-authored-audio"
"tôi cần vé người lớn","Tôi cần vé người lớn","1","","phrase","vpe-need-item-toi-can-ve-nguoi-lon","native-ios/Resources/viet-phrase-catalog.json","planned","0","planned-authored-audio"
"tôi cần vé phà","Tôi cần vé phà","1","","phrase","vpe-need-item-toi-can-ve-pha","native-ios/Resources/viet-phrase-catalog.json","planned","0","planned-authored-audio"
"tôi cần vé tàu","Tôi cần vé tàu","1","","phrase","vpe-need-item-toi-can-ve-tau","native-ios/Resources/viet-phrase-catalog.json","planned","0","planned-authored-audio"
"tôi cần vé trẻ em","Tôi cần vé trẻ em","1","","phrase","vpe-need-item-toi-can-ve-tre-em","native-ios/Resources/viet-phrase-catalog.json","planned","0","planned-authored-audio"
"tôi cần vé vào cửa","Tôi cần vé vào cửa","1","","phrase","vpe-need-item-toi-can-ve-vao-cua","native-ios/Resources/viet-phrase-catalog.json","planned","0","planned-authored-audio"
"tôi cần vé xe buýt","Tôi cần vé xe buýt","1","","phrase","vpe-need-item-toi-can-ve-xe-buyt","native-ios/Resources/viet-phrase-catalog.json","planned","0","planned-authored-audio"
"tôi cần wi-fi","Tôi cần Wi-Fi","1","","phrase","vpe-need-item-toi-can-wi-fi","native-ios/Resources/viet-phrase-catalog.json","planned","0","planned-authored-audio"
"tôi cần xà phòng","Tôi cần xà phòng","1","","phrase","vpe-need-item-toi-can-xa-phong","native-ios/Resources/viet-phrase-catalog.json","planned","0","planned-authored-audio"
"tôi có đặt bàn ở anăn sài gòn","Tôi có đặt bàn ở Anăn Sài Gòn","1","","phrase","city-hcmc-reservation-anan","native-ios/Resources/viet-phrase-catalog.json","planned","0","planned-authored-audio"
"tôi có đặt bàn ở les jardins de la carambole","Tôi có đặt bàn ở Les Jardins de la Carambole","1","","phrase","city-hue-reservation-les-jardins","native-ios/Resources/viet-phrase-catalog.json","planned","0","planned-authored-audio"
"tôi có đặt bàn ở morning glory hội an","Tôi có đặt bàn ở Morning Glory Hội An","1","","phrase","city-hoian-reservation-morning-glory","native-ios/Resources/viet-phrase-catalog.json","planned","0","planned-authored-audio"
"tôi có đặt bàn ở nén đà nẵng","Tôi có đặt bàn ở Nén Đà Nẵng","1","","phrase","city-danang-reservation-nen","native-ios/Resources/viet-phrase-catalog.json","planned","0","planned-authored-audio"
"tôi có đặt bàn ở tầm vị","Tôi có đặt bàn ở Tầm Vị","1","","phrase","city-hanoi-reservation-tam-vi","native-ios/Resources/viet-phrase-catalog.json","planned","0","planned-authored-audio"
"tôi đang ở đường võ nguyên giáp.","Tôi đang ở đường Võ Nguyên Giáp.","1","","phrase","ves-im-on-vo-nguyen-giap-street","native-ios/Resources/viet-phrase-catalog.json","planned","0","planned-authored-audio"
"tôi muốn ăn bún bò huế","Tôi muốn ăn bún bò Huế","1","","phrase","city-hue-bun-bo","native-ios/Resources/viet-phrase-catalog.json","planned","0","planned-authored-audio"
"tôi muốn ăn cao lầu ở hội an","Tôi muốn ăn cao lầu ở Hội An","1","","phrase","city-hoian-cao-lau","native-ios/Resources/viet-phrase-catalog.json","planned","0","planned-authored-audio"
"tôi muốn mua ảnh thẻ","Tôi muốn mua ảnh thẻ","1","","phrase","vpe-buy-item-toi-muon-mua-anh-the","native-ios/Resources/viet-phrase-catalog.json","planned","0","planned-authored-audio"
"tôi muốn mua áo mưa","Tôi muốn mua áo mưa","1","","phrase","vpe-buy-item-toi-muon-mua-ao-mua","native-ios/Resources/viet-phrase-catalog.json","planned","0","planned-authored-audio"
"tôi muốn mua áo thun","Tôi muốn mua áo thun","1","","phrase","vpe-buy-item-toi-muon-mua-ao-thun","native-ios/Resources/viet-phrase-catalog.json","planned","0","planned-authored-audio"
"tôi muốn mua ba lô nhỏ","Tôi muốn mua ba lô nhỏ","1","","phrase","vpe-buy-item-toi-muon-mua-ba-lo-nho","native-ios/Resources/viet-phrase-catalog.json","planned","0","planned-authored-audio"
"tôi muốn mua bàn chải đánh răng","Tôi muốn mua bàn chải đánh răng","1","","phrase","vpe-buy-item-toi-muon-mua-ban-chai-danh-rang","native-ios/Resources/viet-phrase-catalog.json","planned","0","planned-authored-audio"
"tôi muốn mua bàn cho hai người","Tôi muốn mua bàn cho hai người","1","","phrase","vpe-buy-item-toi-muon-mua-ban-cho-hai-nguoi","native-ios/Resources/viet-phrase-catalog.json","planned","0","planned-authored-audio"
"tôi muốn mua bản đồ giấy","Tôi muốn mua bản đồ giấy","1","","phrase","vpe-buy-item-toi-muon-mua-ban-do-giay","native-ios/Resources/viet-phrase-catalog.json","planned","0","planned-authored-audio"
"tôi muốn mua bản in đen trắng","Tôi muốn mua bản in đen trắng","1","","phrase","vpe-buy-item-toi-muon-mua-ban-in-den-trang","native-ios/Resources/viet-phrase-catalog.json","planned","0","planned-authored-audio"
"tôi muốn mua bản in màu","Tôi muốn mua bản in màu","1","","phrase","vpe-buy-item-toi-muon-mua-ban-in-mau","native-ios/Resources/viet-phrase-catalog.json","planned","0","planned-authored-audio"
"tôi muốn mua bàn ngoài trời","Tôi muốn mua bàn ngoài trời","1","","phrase","vpe-buy-item-toi-muon-mua-ban-ngoai-troi","native-ios/Resources/viet-phrase-catalog.json","planned","0","planned-authored-audio"
"tôi muốn mua bản sao hộ chiếu","Tôi muốn mua bản sao hộ chiếu","1","","phrase","vpe-buy-item-toi-muon-mua-ban-sao-ho-chieu","native-ios/Resources/viet-phrase-catalog.json","planned","0","planned-authored-audio"
"tôi muốn mua băng cá nhân","Tôi muốn mua băng cá nhân","1","","phrase","vpe-buy-item-toi-muon-mua-bang-ca-nhan","native-ios/Resources/viet-phrase-catalog.json","planned","0","planned-authored-audio"
"tôi muốn mua băng keo","Tôi muốn mua băng keo","1","","phrase","vpe-buy-item-toi-muon-mua-bang-keo","native-ios/Resources/viet-phrase-catalog.json","planned","0","planned-authored-audio"
"tôi muốn mua bánh mì chay","Tôi muốn mua bánh mì chay","1","","phrase","vpe-buy-item-toi-muon-mua-banh-mi-chay","native-ios/Resources/viet-phrase-catalog.json","planned","0","planned-authored-audio"
"tôi muốn mua bánh xèo","Tôi muốn mua bánh xèo","1","","phrase","vpe-buy-item-toi-muon-mua-banh-xeo","native-ios/Resources/viet-phrase-catalog.json","planned","0","planned-authored-audio"
"tôi muốn mua biên lai thanh toán","Tôi muốn mua biên lai thanh toán","1","","phrase","vpe-buy-item-toi-muon-mua-bien-lai-thanh-toan","native-ios/Resources/viet-phrase-catalog.json","planned","0","planned-authored-audio"
"tôi muốn mua bún chả","Tôi muốn mua bún chả","1","","phrase","vpe-buy-item-toi-muon-mua-bun-cha","native-ios/Resources/viet-phrase-catalog.json","planned","0","planned-authored-audio"
"tôi muốn mua bút bi","Tôi muốn mua bút bi","1","","phrase","vpe-buy-item-toi-muon-mua-but-bi","native-ios/Resources/viet-phrase-catalog.json","planned","0","planned-authored-audio"
"tôi muốn mua cà phê đen","Tôi muốn mua cà phê đen","1","","phrase","vpe-buy-item-toi-muon-mua-ca-phe-den","native-ios/Resources/viet-phrase-catalog.json","planned","0","planned-authored-audio"
"tôi muốn mua cà phê ít đường","Tôi muốn mua cà phê ít đường","1","","phrase","vpe-buy-item-toi-muon-mua-ca-phe-it-duong","native-ios/Resources/viet-phrase-catalog.json","planned","0","planned-authored-audio"
"tôi muốn mua cà phê rang","Tôi muốn mua cà phê rang","1","","phrase","vpe-buy-item-toi-muon-mua-ca-phe-rang","native-ios/Resources/viet-phrase-catalog.json","planned","0","planned-authored-audio"
"tôi muốn mua cà phê sữa đá","Tôi muốn mua cà phê sữa đá","1","","phrase","vpe-buy-item-toi-muon-mua-ca-phe-sua-da","native-ios/Resources/viet-phrase-catalog.json","planned","0","planned-authored-audio"
"tôi muốn mua chìa khóa phòng","Tôi muốn mua chìa khóa phòng","1","","phrase","vpe-buy-item-toi-muon-mua-chia-khoa-phong","native-ios/Resources/viet-phrase-catalog.json","planned","0","planned-authored-audio"
"tôi muốn mua chỗ ngồi cạnh lối đi","Tôi muốn mua chỗ ngồi cạnh lối đi","1","","phrase","vpe-buy-item-toi-muon-mua-cho-ngoi-canh-loi-di","native-ios/Resources/viet-phrase-catalog.json","planned","0","planned-authored-audio"
"tôi muốn mua chỗ ngồi gần cửa sổ","Tôi muốn mua chỗ ngồi gần cửa sổ","1","","phrase","vpe-buy-item-toi-muon-mua-cho-ngoi-gan-cua-so","native-ios/Resources/viet-phrase-catalog.json","planned","0","planned-authored-audio"
"tôi muốn mua chỗ ngồi yên tĩnh","Tôi muốn mua chỗ ngồi yên tĩnh","1","","phrase","vpe-buy-item-toi-muon-mua-cho-ngoi-yen-tinh","native-ios/Resources/viet-phrase-catalog.json","planned","0","planned-authored-audio"
"tôi muốn mua cốc giấy","Tôi muốn mua cốc giấy","1","","phrase","vpe-buy-item-toi-muon-mua-coc-giay","native-ios/Resources/viet-phrase-catalog.json","planned","0","planned-authored-audio"
"tôi muốn mua cơm trắng","Tôi muốn mua cơm trắng","1","","phrase","vpe-buy-item-toi-muon-mua-com-trang","native-ios/Resources/viet-phrase-catalog.json","planned","0","planned-authored-audio"
"tôi muốn mua đá","Tôi muốn mua đá","1","","phrase","vpe-buy-item-toi-muon-mua-da","native-ios/Resources/viet-phrase-catalog.json","planned","0","planned-authored-audio"
"tôi muốn mua dao cạo","Tôi muốn mua dao cạo","1","","phrase","vpe-buy-item-toi-muon-mua-dao-cao","native-ios/Resources/viet-phrase-catalog.json","planned","0","planned-authored-audio"
"tôi muốn mua dầu gội","Tôi muốn mua dầu gội","1","","phrase","vpe-buy-item-toi-muon-mua-dau-goi","native-ios/Resources/viet-phrase-catalog.json","planned","0","planned-authored-audio"
"tôi muốn mua dây sạc","Tôi muốn mua dây sạc","1","","phrase","vpe-buy-item-toi-muon-mua-day-sac","native-ios/Resources/viet-phrase-catalog.json","planned","0","planned-authored-audio"
"tôi muốn mua dép lê","Tôi muốn mua dép lê","1","","phrase","vpe-buy-item-toi-muon-mua-dep-le","native-ios/Resources/viet-phrase-catalog.json","planned","0","planned-authored-audio"
"tôi muốn mua địa chỉ","Tôi muốn mua địa chỉ","1","","phrase","vpe-buy-item-toi-muon-mua-dia-chi","native-ios/Resources/viet-phrase-catalog.json","planned","0","planned-authored-audio"
"tôi muốn mua dịch vụ giặt nhanh","Tôi muốn mua dịch vụ giặt nhanh","1","","phrase","vpe-buy-item-toi-muon-mua-dich-vu-giat-nhanh","native-ios/Resources/viet-phrase-catalog.json","planned","0","planned-authored-audio"
"tôi muốn mua đồ chay","Tôi muốn mua đồ chay","1","","phrase","vpe-buy-item-toi-muon-mua-do-chay","native-ios/Resources/viet-phrase-catalog.json","planned","0","planned-authored-audio"
"tôi muốn mua đồ giặt","Tôi muốn mua đồ giặt","1","","phrase","vpe-buy-item-toi-muon-mua-do-giat","native-ios/Resources/viet-phrase-catalog.json","planned","0","planned-authored-audio"
"tôi muốn mua đồ uống lạnh","Tôi muốn mua đồ uống lạnh","1","","phrase","vpe-buy-item-toi-muon-mua-do-uong-lanh","native-ios/Resources/viet-phrase-catalog.json","planned","0","planned-authored-audio"
"tôi muốn mua đồ uống nóng","Tôi muốn mua đồ uống nóng","1","","phrase","vpe-buy-item-toi-muon-mua-do-uong-nong","native-ios/Resources/viet-phrase-catalog.json","planned","0","planned-authored-audio"
"tôi muốn mua đũa","Tôi muốn mua đũa","1","","phrase","vpe-buy-item-toi-muon-mua-dua","native-ios/Resources/viet-phrase-catalog.json","planned","0","planned-authored-audio"
"tôi muốn mua esim","Tôi muốn mua eSIM","1","","phrase","vpe-buy-item-toi-muon-mua-esim","native-ios/Resources/viet-phrase-catalog.json","planned","0","planned-authored-audio"
"tôi muốn mua giấy vệ sinh","Tôi muốn mua giấy vệ sinh","1","","phrase","vpe-buy-item-toi-muon-mua-giay-ve-sinh","native-ios/Resources/viet-phrase-catalog.json","planned","0","planned-authored-audio"
"tôi muốn mua gỏi cuốn","Tôi muốn mua gỏi cuốn","1","","phrase","vpe-buy-item-toi-muon-mua-goi-cuon","native-ios/Resources/viet-phrase-catalog.json","planned","0","planned-authored-audio"
"tôi muốn mua gói data","Tôi muốn mua gói data","1","","phrase","vpe-buy-item-toi-muon-mua-goi-data","native-ios/Resources/viet-phrase-catalog.json","planned","0","planned-authored-audio"
"tôi muốn mua hóa đơn","Tôi muốn mua hóa đơn","1","","phrase","vpe-buy-item-toi-muon-mua-hoa-don","native-ios/Resources/viet-phrase-catalog.json","planned","0","planned-authored-audio"
"tôi muốn mua hộp mang về","Tôi muốn mua hộp mang về","1","","phrase","vpe-buy-item-toi-muon-mua-hop-mang-ve","native-ios/Resources/viet-phrase-catalog.json","planned","0","planned-authored-audio"
"tôi muốn mua kem chống muỗi","Tôi muốn mua kem chống muỗi","1","","phrase","vpe-buy-item-toi-muon-mua-kem-chong-muoi","native-ios/Resources/viet-phrase-catalog.json","planned","0","planned-authored-audio"
"tôi muốn mua kem chống nắng","Tôi muốn mua kem chống nắng","1","","phrase","vpe-buy-item-toi-muon-mua-kem-chong-nang","native-ios/Resources/viet-phrase-catalog.json","planned","0","planned-authored-audio"
"tôi muốn mua kem đánh răng","Tôi muốn mua kem đánh răng","1","","phrase","vpe-buy-item-toi-muon-mua-kem-danh-rang","native-ios/Resources/viet-phrase-catalog.json","planned","0","planned-authored-audio"
"tôi muốn mua khăn giấy","Tôi muốn mua khăn giấy","1","","phrase","vpe-buy-item-toi-muon-mua-khan-giay","native-ios/Resources/viet-phrase-catalog.json","planned","0","planned-authored-audio"
"tôi muốn mua khăn lạnh","Tôi muốn mua khăn lạnh","1","","phrase","vpe-buy-item-toi-muon-mua-khan-lanh","native-ios/Resources/viet-phrase-catalog.json","planned","0","planned-authored-audio"
"tôi muốn mua khăn tắm","Tôi muốn mua khăn tắm","1","","phrase","vpe-buy-item-toi-muon-mua-khan-tam","native-ios/Resources/viet-phrase-catalog.json","planned","0","planned-authored-audio"
"tôi muốn mua khẩu trang","Tôi muốn mua khẩu trang","1","","phrase","vpe-buy-item-toi-muon-mua-khau-trang","native-ios/Resources/viet-phrase-catalog.json","planned","0","planned-authored-audio"
"tôi muốn mua kính râm","Tôi muốn mua kính râm","1","","phrase","vpe-buy-item-toi-muon-mua-kinh-ram","native-ios/Resources/viet-phrase-catalog.json","planned","0","planned-authored-audio"
"tôi muốn mua lịch trình tour","Tôi muốn mua lịch trình tour","1","","phrase","vpe-buy-item-toi-muon-mua-lich-trinh-tour","native-ios/Resources/viet-phrase-catalog.json","planned","0","planned-authored-audio"
"tôi muốn mua lược","Tôi muốn mua lược","1","","phrase","vpe-buy-item-toi-muon-mua-luoc","native-ios/Resources/viet-phrase-catalog.json","planned","0","planned-authored-audio"
"tôi muốn mua mã đặt chỗ","Tôi muốn mua mã đặt chỗ","1","","phrase","vpe-buy-item-toi-muon-mua-ma-dat-cho","native-ios/Resources/viet-phrase-catalog.json","planned","0","planned-authored-audio"
"tôi muốn mua mã qr","Tôi muốn mua mã QR","1","","phrase","vpe-buy-item-toi-muon-mua-ma-qr","native-ios/Resources/viet-phrase-catalog.json","planned","0","planned-authored-audio"
"tôi muốn mua mật khẩu wi-fi","Tôi muốn mua mật khẩu Wi-Fi","1","","phrase","vpe-buy-item-toi-muon-mua-mat-khau-wi-fi","native-ios/Resources/viet-phrase-catalog.json","planned","0","planned-authored-audio"
"tôi muốn mua máy sấy tóc","Tôi muốn mua máy sấy tóc","1","","phrase","vpe-buy-item-toi-muon-mua-may-say-toc","native-ios/Resources/viet-phrase-catalog.json","planned","0","planned-authored-audio"
"tôi muốn mua men tiêu hóa","Tôi muốn mua men tiêu hóa","1","","phrase","vpe-buy-item-toi-muon-mua-men-tieu-hoa","native-ios/Resources/viet-phrase-catalog.json","planned","0","planned-authored-audio"
"tôi muốn mua miếng dán hạ sốt","Tôi muốn mua miếng dán hạ sốt","1","","phrase","vpe-buy-item-toi-muon-mua-mieng-dan-ha-sot","native-ios/Resources/viet-phrase-catalog.json","planned","0","planned-authored-audio"
"tôi muốn mua món ít cay","Tôi muốn mua món ít cay","1","","phrase","vpe-buy-item-toi-muon-mua-mon-it-cay","native-ios/Resources/viet-phrase-catalog.json","planned","0","planned-authored-audio"
"tôi muốn mua món không cay","Tôi muốn mua món không cay","1","","phrase","vpe-buy-item-toi-muon-mua-mon-khong-cay","native-ios/Resources/viet-phrase-catalog.json","planned","0","planned-authored-audio"
"tôi muốn mua mũ bảo hiểm","Tôi muốn mua mũ bảo hiểm","1","","phrase","vpe-buy-item-toi-muon-mua-mu-bao-hiem","native-ios/Resources/viet-phrase-catalog.json","planned","0","planned-authored-audio"
"tôi muốn mua mũ lưỡi trai","Tôi muốn mua mũ lưỡi trai","1","","phrase","vpe-buy-item-toi-muon-mua-mu-luoi-trai","native-ios/Resources/viet-phrase-catalog.json","planned","0","planned-authored-audio"
"tôi muốn mua nam châm tủ lạnh","Tôi muốn mua nam châm tủ lạnh","1","","phrase","vpe-buy-item-toi-muon-mua-nam-cham-tu-lanh","native-ios/Resources/viet-phrase-catalog.json","planned","0","planned-authored-audio"
"tôi muốn mua nhiệt kế","Tôi muốn mua nhiệt kế","1","","phrase","vpe-buy-item-toi-muon-mua-nhiet-ke","native-ios/Resources/viet-phrase-catalog.json","planned","0","planned-authored-audio"
"tôi muốn mua nước chấm","Tôi muốn mua nước chấm","1","","phrase","vpe-buy-item-toi-muon-mua-nuoc-cham","native-ios/Resources/viet-phrase-catalog.json","planned","0","planned-authored-audio"
"tôi muốn mua nước điện giải","Tôi muốn mua nước điện giải","1","","phrase","vpe-buy-item-toi-muon-mua-nuoc-dien-giai","native-ios/Resources/viet-phrase-catalog.json","planned","0","planned-authored-audio"
"tôi muốn mua nước dừa","Tôi muốn mua nước dừa","1","","phrase","vpe-buy-item-toi-muon-mua-nuoc-dua","native-ios/Resources/viet-phrase-catalog.json","planned","0","planned-authored-audio"
"tôi muốn mua nước hoa khô","Tôi muốn mua nước hoa khô","1","","phrase","vpe-buy-item-toi-muon-mua-nuoc-hoa-kho","native-ios/Resources/viet-phrase-catalog.json","planned","0","planned-authored-audio"
"tôi muốn mua nước không đá","Tôi muốn mua nước không đá","1","","phrase","vpe-buy-item-toi-muon-mua-nuoc-khong-da","native-ios/Resources/viet-phrase-catalog.json","planned","0","planned-authored-audio"
"tôi muốn mua nước không đường","Tôi muốn mua nước không đường","1","","phrase","vpe-buy-item-toi-muon-mua-nuoc-khong-duong","native-ios/Resources/viet-phrase-catalog.json","planned","0","planned-authored-audio"
"tôi muốn mua nước lọc","Tôi muốn mua nước lọc","1","","phrase","vpe-buy-item-toi-muon-mua-nuoc-loc","native-ios/Resources/viet-phrase-catalog.json","planned","0","planned-authored-audio"
"tôi muốn mua nước mắm","Tôi muốn mua nước mắm","1","","phrase","vpe-buy-item-toi-muon-mua-nuoc-mam","native-ios/Resources/viet-phrase-catalog.json","planned","0","planned-authored-audio"
"tôi muốn mua nước muối sinh lý","Tôi muốn mua nước muối sinh lý","1","","phrase","vpe-buy-item-toi-muon-mua-nuoc-muoi-sinh-ly","native-ios/Resources/viet-phrase-catalog.json","planned","0","planned-authored-audio"
"tôi muốn mua nước nóng","Tôi muốn mua nước nóng","1","","phrase","vpe-buy-item-toi-muon-mua-nuoc-nong","native-ios/Resources/viet-phrase-catalog.json","planned","0","planned-authored-audio"
"tôi muốn mua nước rửa tay","Tôi muốn mua nước rửa tay","1","","phrase","vpe-buy-item-toi-muon-mua-nuoc-rua-tay","native-ios/Resources/viet-phrase-catalog.json","planned","0","planned-authored-audio"
"tôi muốn mua nước suối","Tôi muốn mua nước suối","1","","phrase","vpe-buy-item-toi-muon-mua-nuoc-suoi","native-ios/Resources/viet-phrase-catalog.json","planned","0","planned-authored-audio"
"tôi muốn mua nước uống đóng chai","Tôi muốn mua nước uống đóng chai","1","","phrase","vpe-buy-item-toi-muon-mua-nuoc-uong-dong-chai","native-ios/Resources/viet-phrase-catalog.json","planned","0","planned-authored-audio"
"tôi muốn mua ổ cắm chuyển đổi","Tôi muốn mua ổ cắm chuyển đổi","1","","phrase","vpe-buy-item-toi-muon-mua-o-cam-chuyen-doi","native-ios/Resources/viet-phrase-catalog.json","planned","0","planned-authored-audio"
"tôi muốn mua ô che mưa","Tôi muốn mua ô che mưa","1","","phrase","vpe-buy-item-toi-muon-mua-o-che-mua","native-ios/Resources/viet-phrase-catalog.json","planned","0","planned-authored-audio"
"tôi muốn mua ống hút","Tôi muốn mua ống hút","1","","phrase","vpe-buy-item-toi-muon-mua-ong-hut","native-ios/Resources/viet-phrase-catalog.json","planned","0","planned-authored-audio"
"tôi muốn mua ốp điện thoại","Tôi muốn mua ốp điện thoại","1","","phrase","vpe-buy-item-toi-muon-mua-op-dien-thoai","native-ios/Resources/viet-phrase-catalog.json","planned","0","planned-authored-audio"
"tôi muốn mua phiếu đặt phòng","Tôi muốn mua phiếu đặt phòng","1","","phrase","vpe-buy-item-toi-muon-mua-phieu-dat-phong","native-ios/Resources/viet-phrase-catalog.json","planned","0","planned-authored-audio"
"tôi muốn mua phở bò","Tôi muốn mua phở bò","1","","phrase","vpe-buy-item-toi-muon-mua-pho-bo","native-ios/Resources/viet-phrase-catalog.json","planned","0","planned-authored-audio"
"tôi muốn mua phở gà","Tôi muốn mua phở gà","1","","phrase","vpe-buy-item-toi-muon-mua-pho-ga","native-ios/Resources/viet-phrase-catalog.json","planned","0","planned-authored-audio"
"tôi muốn mua phong bì","Tôi muốn mua phong bì","1","","phrase","vpe-buy-item-toi-muon-mua-phong-bi","native-ios/Resources/viet-phrase-catalog.json","planned","0","planned-authored-audio"
"tôi muốn mua phòng đôi","Tôi muốn mua phòng đôi","1","","phrase","vpe-buy-item-toi-muon-mua-phong-doi","native-ios/Resources/viet-phrase-catalog.json","planned","0","planned-authored-audio"
"tôi muốn mua phòng đơn","Tôi muốn mua phòng đơn","1","","phrase","vpe-buy-item-toi-muon-mua-phong-don","native-ios/Resources/viet-phrase-catalog.json","planned","0","planned-authored-audio"
"tôi muốn mua pin aa","Tôi muốn mua pin AA","1","","phrase","vpe-buy-item-toi-muon-mua-pin-aa","native-ios/Resources/viet-phrase-catalog.json","planned","0","planned-authored-audio"
"tôi muốn mua pin dự phòng","Tôi muốn mua pin dự phòng","1","","phrase","vpe-buy-item-toi-muon-mua-pin-du-phong","native-ios/Resources/viet-phrase-catalog.json","planned","0","planned-authored-audio"
"tôi muốn mua quà lưu niệm","Tôi muốn mua quà lưu niệm","1","","phrase","vpe-buy-item-toi-muon-mua-qua-luu-niem","native-ios/Resources/viet-phrase-catalog.json","planned","0","planned-authored-audio"
"tôi muốn mua quà ở hàng gai","Tôi muốn mua quà ở Hàng Gai","1","","phrase","city-hanoi-buy-gift-hang-gai","native-ios/Resources/viet-phrase-catalog.json","planned","0","planned-authored-audio"
"tôi muốn mua quần short","Tôi muốn mua quần short","1","","phrase","vpe-buy-item-toi-muon-mua-quan-short","native-ios/Resources/viet-phrase-catalog.json","planned","0","planned-authored-audio"
"tôi muốn mua rau sống","Tôi muốn mua rau sống","1","","phrase","vpe-buy-item-toi-muon-mua-rau-song","native-ios/Resources/viet-phrase-catalog.json","planned","0","planned-authored-audio"
"tôi muốn mua sạc điện thoại","Tôi muốn mua sạc điện thoại","1","","phrase","vpe-buy-item-toi-muon-mua-sac-dien-thoai","native-ios/Resources/viet-phrase-catalog.json","planned","0","planned-authored-audio"
"tôi muốn mua sim du lịch","Tôi muốn mua sim du lịch","1","","phrase","vpe-buy-item-toi-muon-mua-sim-du-lich","native-ios/Resources/viet-phrase-catalog.json","planned","0","planned-authored-audio"
"tôi muốn mua sim gần chợ bến thành","Tôi muốn mua SIM gần chợ Bến Thành","1","","phrase","city-hcmc-sim-ben-thanh","native-ios/Resources/viet-phrase-catalog.json","planned","0","planned-authored-audio"
"tôi muốn mua sinh tố xoài","Tôi muốn mua sinh tố xoài","1","","phrase","vpe-buy-item-toi-muon-mua-sinh-to-xoai","native-ios/Resources/viet-phrase-catalog.json","planned","0","planned-authored-audio"
"tôi muốn mua sô cô la việt nam","Tôi muốn mua sô cô la Việt Nam","1","","phrase","vpe-buy-item-toi-muon-mua-so-co-la-viet-nam","native-ios/Resources/viet-phrase-catalog.json","planned","0","planned-authored-audio"
"tôi muốn mua số điện thoại","Tôi muốn mua số điện thoại","1","","phrase","vpe-buy-item-toi-muon-mua-so-dien-thoai","native-ios/Resources/viet-phrase-catalog.json","planned","0","planned-authored-audio"
"tôi muốn mua sổ tay","Tôi muốn mua sổ tay","1","","phrase","vpe-buy-item-toi-muon-mua-so-tay","native-ios/Resources/viet-phrase-catalog.json","planned","0","planned-authored-audio"
"tôi muốn mua sữa đặc","Tôi muốn mua sữa đặc","1","","phrase","vpe-buy-item-toi-muon-mua-sua-dac","native-ios/Resources/viet-phrase-catalog.json","planned","0","planned-authored-audio"
"tôi muốn mua sữa tươi","Tôi muốn mua sữa tươi","1","","phrase","vpe-buy-item-toi-muon-mua-sua-tuoi","native-ios/Resources/viet-phrase-catalog.json","planned","0","planned-authored-audio"
"tôi muốn mua tai nghe","Tôi muốn mua tai nghe","1","","phrase","vpe-buy-item-toi-muon-mua-tai-nghe","native-ios/Resources/viet-phrase-catalog.json","planned","0","planned-authored-audio"
"tôi muốn mua tem thư","Tôi muốn mua tem thư","1","","phrase","vpe-buy-item-toi-muon-mua-tem-thu","native-ios/Resources/viet-phrase-catalog.json","planned","0","planned-authored-audio"
"tôi muốn mua thẻ sim","Tôi muốn mua thẻ SIM","1","","phrase","vpe-buy-item-toi-muon-mua-the-sim","native-ios/Resources/viet-phrase-catalog.json","planned","0","planned-authored-audio"
"tôi muốn mua thìa","Tôi muốn mua thìa","1","","phrase","vpe-buy-item-toi-muon-mua-thia","native-ios/Resources/viet-phrase-catalog.json","planned","0","planned-authored-audio"
"tôi muốn mua thiệp bưu điện","Tôi muốn mua thiệp bưu điện","1","","phrase","vpe-buy-item-toi-muon-mua-thiep-buu-dien","native-ios/Resources/viet-phrase-catalog.json","planned","0","planned-authored-audio"
"tôi muốn mua thực đơn tiếng anh","Tôi muốn mua thực đơn tiếng Anh","1","","phrase","vpe-buy-item-toi-muon-mua-thuc-don-tieng-anh","native-ios/Resources/viet-phrase-catalog.json","planned","0","planned-authored-audio"
"tôi muốn mua thuốc cảm","Tôi muốn mua thuốc cảm","1","","phrase","vpe-buy-item-toi-muon-mua-thuoc-cam","native-ios/Resources/viet-phrase-catalog.json","planned","0","planned-authored-audio"
"tôi muốn mua thuốc đau bụng","Tôi muốn mua thuốc đau bụng","1","","phrase","vpe-buy-item-toi-muon-mua-thuoc-dau-bung","native-ios/Resources/viet-phrase-catalog.json","planned","0","planned-authored-audio"
"tôi muốn mua thuốc đau đầu","Tôi muốn mua thuốc đau đầu","1","","phrase","vpe-buy-item-toi-muon-mua-thuoc-dau-dau","native-ios/Resources/viet-phrase-catalog.json","planned","0","planned-authored-audio"
"tôi muốn mua thuốc dị ứng","Tôi muốn mua thuốc dị ứng","1","","phrase","vpe-buy-item-toi-muon-mua-thuoc-di-ung","native-ios/Resources/viet-phrase-catalog.json","planned","0","planned-authored-audio"
"tôi muốn mua thuốc ho","Tôi muốn mua thuốc ho","1","","phrase","vpe-buy-item-toi-muon-mua-thuoc-ho","native-ios/Resources/viet-phrase-catalog.json","planned","0","planned-authored-audio"
"tôi muốn mua thuốc nhỏ mắt","Tôi muốn mua thuốc nhỏ mắt","1","","phrase","vpe-buy-item-toi-muon-mua-thuoc-nho-mat","native-ios/Resources/viet-phrase-catalog.json","planned","0","planned-authored-audio"
"tôi muốn mua thuốc say xe","Tôi muốn mua thuốc say xe","1","","phrase","vpe-buy-item-toi-muon-mua-thuoc-say-xe","native-ios/Resources/viet-phrase-catalog.json","planned","0","planned-authored-audio"
"tôi muốn mua tiền lẻ","Tôi muốn mua tiền lẻ","1","","phrase","vpe-buy-item-toi-muon-mua-tien-le","native-ios/Resources/viet-phrase-catalog.json","planned","0","planned-authored-audio"
"tôi muốn mua trà đá","Tôi muốn mua trà đá","1","","phrase","vpe-buy-item-toi-muon-mua-tra-da","native-ios/Resources/viet-phrase-catalog.json","planned","0","planned-authored-audio"
"tôi muốn mua trà sen","Tôi muốn mua trà sen","1","","phrase","vpe-buy-item-toi-muon-mua-tra-sen","native-ios/Resources/viet-phrase-catalog.json","planned","0","planned-authored-audio"
"tôi muốn mua túi giấy","Tôi muốn mua túi giấy","1","","phrase","vpe-buy-item-toi-muon-mua-tui-giay","native-ios/Resources/viet-phrase-catalog.json","planned","0","planned-authored-audio"
"tôi muốn mua túi mang về","Tôi muốn mua túi mang về","1","","phrase","vpe-buy-item-toi-muon-mua-tui-mang-ve","native-ios/Resources/viet-phrase-catalog.json","planned","0","planned-authored-audio"
"tôi muốn mua túi nilon","Tôi muốn mua túi nilon","1","","phrase","vpe-buy-item-toi-muon-mua-tui-nilon","native-ios/Resources/viet-phrase-catalog.json","planned","0","planned-authored-audio"
"tôi muốn mua tương ớt","Tôi muốn mua tương ớt","1","","phrase","vpe-buy-item-toi-muon-mua-tuong-ot","native-ios/Resources/viet-phrase-catalog.json","planned","0","planned-authored-audio"
"tôi muốn mua vali nhỏ","Tôi muốn mua vali nhỏ","1","","phrase","vpe-buy-item-toi-muon-mua-vali-nho","native-ios/Resources/viet-phrase-catalog.json","planned","0","planned-authored-audio"
"tôi muốn mua vé khứ hồi","Tôi muốn mua vé khứ hồi","1","","phrase","vpe-buy-item-toi-muon-mua-ve-khu-hoi","native-ios/Resources/viet-phrase-catalog.json","planned","0","planned-authored-audio"
"tôi muốn mua vé một chiều","Tôi muốn mua vé một chiều","1","","phrase","vpe-buy-item-toi-muon-mua-ve-mot-chieu","native-ios/Resources/viet-phrase-catalog.json","planned","0","planned-authored-audio"
"tôi muốn mua vé người lớn","Tôi muốn mua vé người lớn","1","","phrase","vpe-buy-item-toi-muon-mua-ve-nguoi-lon","native-ios/Resources/viet-phrase-catalog.json","planned","0","planned-authored-audio"
"tôi muốn mua vé phà","Tôi muốn mua vé phà","1","","phrase","vpe-buy-item-toi-muon-mua-ve-pha","native-ios/Resources/viet-phrase-catalog.json","planned","0","planned-authored-audio"
"tôi muốn mua vé tàu","Tôi muốn mua vé tàu","1","","phrase","vpe-buy-item-toi-muon-mua-ve-tau","native-ios/Resources/viet-phrase-catalog.json","planned","0","planned-authored-audio"
"tôi muốn mua vé trẻ em","Tôi muốn mua vé trẻ em","1","","phrase","vpe-buy-item-toi-muon-mua-ve-tre-em","native-ios/Resources/viet-phrase-catalog.json","planned","0","planned-authored-audio"
"tôi muốn mua vé vào cửa","Tôi muốn mua vé vào cửa","1","","phrase","vpe-buy-item-toi-muon-mua-ve-vao-cua","native-ios/Resources/viet-phrase-catalog.json","planned","0","planned-authored-audio"
"tôi muốn mua vé xe buýt","Tôi muốn mua vé xe buýt","1","","phrase","vpe-buy-item-toi-muon-mua-ve-xe-buyt","native-ios/Resources/viet-phrase-catalog.json","planned","0","planned-authored-audio"
"tôi muốn mua wi-fi","Tôi muốn mua Wi-Fi","1","","phrase","vpe-buy-item-toi-muon-mua-wi-fi","native-ios/Resources/viet-phrase-catalog.json","planned","0","planned-authored-audio"
"tôi muốn mua xà phòng","Tôi muốn mua xà phòng","1","","phrase","vpe-buy-item-toi-muon-mua-xa-phong","native-ios/Resources/viet-phrase-catalog.json","planned","0","planned-authored-audio"
"tôi muốn tìm bún bò ở chợ đông ba","Tôi muốn tìm bún bò ở chợ Đông Ba","1","","phrase","city-hue-go-dong-ba-bun-bo","native-ios/Resources/viet-phrase-catalog.json","planned","0","planned-authored-audio"
"tour ăn tối bằng xe máy","Tour ăn tối bằng xe máy","1","","phrase","city-hcmc-place-motorbike-food-tour","native-ios/Resources/viet-phrase-catalog.json","planned","0","planned-authored-audio"
"trà đá bao nhiêu tiền?","trà đá bao nhiêu tiền?","1","","phrase","vpe-price-item-tra-da-bao-nhieu-tien","native-ios/Resources/viet-phrase-catalog.json","planned","0","planned-authored-audio"
"trà sen bao nhiêu tiền?","trà sen bao nhiêu tiền?","1","","phrase","vpe-price-item-tra-sen-bao-nhieu-tien","native-ios/Resources/viet-phrase-catalog.json","planned","0","planned-authored-audio"
"trải nghiệm làm hương thủy xuân","Trải nghiệm làm hương Thủy Xuân","1","","phrase","city-hue-place-incense-village-workshop","native-ios/Resources/viet-phrase-catalog.json","planned","0","planned-authored-audio"
"trạm sạc gần đây không?","trạm sạc gần đây không?","1","","phrase","vpe-near-place-tram-sac-gan-day-khong","native-ios/Resources/viet-phrase-catalog.json","planned","0","planned-authored-audio"
"trạm sạc ở đâu?","trạm sạc ở đâu?","1","","phrase","vpe-where-place-tram-sac-o-dau","native-ios/Resources/viet-phrase-catalog.json","planned","0","planned-authored-audio"
"trạm xăng gần đây không?","trạm xăng gần đây không?","1","","phrase","vpe-near-place-tram-xang-gan-day-khong","native-ios/Resources/viet-phrase-catalog.json","planned","0","planned-authored-audio"
"trạm xăng ở đâu?","trạm xăng ở đâu?","1","","phrase","vpe-where-place-tram-xang-o-dau","native-ios/Resources/viet-phrase-catalog.json","planned","0","planned-authored-audio"
"trạm xe buýt gần đây không?","trạm xe buýt gần đây không?","1","","phrase","vpe-near-place-tram-xe-buyt-gan-day-khong","native-ios/Resources/viet-phrase-catalog.json","planned","0","planned-authored-audio"
"trạm y tế gần đây không?","trạm y tế gần đây không?","1","","phrase","vpe-near-place-tram-y-te-gan-day-khong","native-ios/Resources/viet-phrase-catalog.json","planned","0","planned-authored-audio"
"trạm y tế ở đâu?","trạm y tế ở đâu?","1","","phrase","vpe-where-place-tram-y-te-o-dau","native-ios/Resources/viet-phrase-catalog.json","planned","0","planned-authored-audio"
"tràng tiền plaza","Tràng Tiền Plaza","1","","phrase","city-hanoi-place-trang-tien-plaza","native-ios/Resources/viet-phrase-catalog.json","planned","0","planned-authored-audio"
"trụ sở ubnd thành phố","Trụ sở UBND Thành phố","1","","phrase","city-hcmc-place-city-hall","native-ios/Resources/viet-phrase-catalog.json","planned","0","planned-authored-audio"
"trung tâm nghệ thuật điềm phùng thị","Trung tâm Nghệ thuật Điềm Phùng Thị","1","","phrase","city-hue-place-diem-phung-thi-art-center","native-ios/Resources/viet-phrase-catalog.json","planned","0","planned-authored-audio"
"trung tâm nghệ thuật lê bá đảng","Trung tâm Nghệ thuật Lê Bá Đảng","1","","phrase","city-hue-place-le-ba-dang-art-center","native-ios/Resources/viet-phrase-catalog.json","planned","0","planned-authored-audio"
"trung tâm thương mại gần đây không?","trung tâm thương mại gần đây không?","1","","phrase","vpe-near-place-trung-tam-thuong-mai-gan-day-khong","native-ios/Resources/viet-phrase-catalog.json","planned","0","planned-authored-audio"
"trung tâm thương mại ở đâu?","trung tâm thương mại ở đâu?","1","","phrase","vpe-where-place-trung-tam-thuong-mai-o-dau","native-ios/Resources/viet-phrase-catalog.json","planned","0","planned-authored-audio"
"trung tâm thương mại trường tiền","Trung tâm thương mại Trường Tiền","1","","phrase","city-hue-place-truong-tien-plaza","native-ios/Resources/viet-phrase-catalog.json","planned","0","planned-authored-audio"
"tử cấm thành","Tử Cấm Thành","1","","phrase","city-hue-place-forbidden-purple-city","native-ios/Resources/viet-phrase-catalog.json","planned","0","planned-authored-audio"
"túi giấy bao nhiêu tiền?","túi giấy bao nhiêu tiền?","1","","phrase","vpe-price-item-tui-giay-bao-nhieu-tien","native-ios/Resources/viet-phrase-catalog.json","planned","0","planned-authored-audio"
"túi mang về bao nhiêu tiền?","túi mang về bao nhiêu tiền?","1","","phrase","vpe-price-item-tui-mang-ve-bao-nhieu-tien","native-ios/Resources/viet-phrase-catalog.json","planned","0","planned-authored-audio"
"túi nilon bao nhiêu tiền?","túi nilon bao nhiêu tiền?","1","","phrase","vpe-price-item-tui-nilon-bao-nhieu-tien","native-ios/Resources/viet-phrase-catalog.json","planned","0","planned-authored-audio"
"tượng cá chép hóa rồng","Tượng Cá Chép Hóa Rồng","1","","phrase","city-danang-place-dragon-carp-statue","native-ios/Resources/viet-phrase-catalog.json","planned","0","planned-authored-audio"
"tương ớt bao nhiêu tiền?","tương ớt bao nhiêu tiền?","1","","phrase","vpe-price-item-tuong-ot-bao-nhieu-tien","native-ios/Resources/viet-phrase-catalog.json","planned","0","planned-authored-audio"
"tượng phật bà","Tượng Phật Bà","1","","phrase","city-danang-place-lady-buddha","native-ios/Resources/viet-phrase-catalog.json","planned","0","planned-authored-audio"
"tuyến đi bộ phố cổ","Tuyến đi bộ Phố cổ","1","","phrase","city-hanoi-place-old-quarter-walking-tour","native-ios/Resources/viet-phrase-catalog.json","planned","0","planned-authored-audio"
"u cafe hội an","U Cafe Hội An","1","","phrase","city-hoian-place-u-cafe","native-ios/Resources/viet-phrase-catalog.json","planned","0","planned-authored-audio"
"ưu đàm","Ưu Đàm","1","","phrase","city-hanoi-place-udam","native-ios/Resources/viet-phrase-catalog.json","planned","0","planned-authored-audio"
"vali nhỏ bao nhiêu tiền?","vali nhỏ bao nhiêu tiền?","1","","phrase","vpe-price-item-vali-nho-bao-nhieu-tien","native-ios/Resources/viet-phrase-catalog.json","planned","0","planned-authored-audio"
"văn phòng du lịch gần đây không?","văn phòng du lịch gần đây không?","1","","phrase","vpe-near-place-van-phong-du-lich-gan-day-khong","native-ios/Resources/viet-phrase-catalog.json","planned","0","planned-authored-audio"
"văn phòng du lịch ở đâu?","văn phòng du lịch ở đâu?","1","","phrase","vpe-where-place-van-phong-du-lich-o-dau","native-ios/Resources/viet-phrase-catalog.json","planned","0","planned-authored-audio"
"vé khứ hồi bao nhiêu tiền?","vé khứ hồi bao nhiêu tiền?","1","","phrase","vpe-price-item-ve-khu-hoi-bao-nhieu-tien","native-ios/Resources/viet-phrase-catalog.json","planned","0","planned-authored-audio"
"vé một chiều bao nhiêu tiền?","vé một chiều bao nhiêu tiền?","1","","phrase","vpe-price-item-ve-mot-chieu-bao-nhieu-tien","native-ios/Resources/viet-phrase-catalog.json","planned","0","planned-authored-audio"
"vé người lớn bao nhiêu tiền?","vé người lớn bao nhiêu tiền?","1","","phrase","vpe-price-item-ve-nguoi-lon-bao-nhieu-tien","native-ios/Resources/viet-phrase-catalog.json","planned","0","planned-authored-audio"
"vé phà bao nhiêu tiền?","vé phà bao nhiêu tiền?","1","","phrase","vpe-price-item-ve-pha-bao-nhieu-tien","native-ios/Resources/viet-phrase-catalog.json","planned","0","planned-authored-audio"
"vé tàu bao nhiêu tiền?","vé tàu bao nhiêu tiền?","1","","phrase","vpe-price-item-ve-tau-bao-nhieu-tien","native-ios/Resources/viet-phrase-catalog.json","planned","0","planned-authored-audio"
"vé trẻ em bao nhiêu tiền?","vé trẻ em bao nhiêu tiền?","1","","phrase","vpe-price-item-ve-tre-em-bao-nhieu-tien","native-ios/Resources/viet-phrase-catalog.json","planned","0","planned-authored-audio"
"vé vào cửa bao nhiêu tiền?","vé vào cửa bao nhiêu tiền?","1","","phrase","vpe-price-item-ve-vao-cua-bao-nhieu-tien","native-ios/Resources/viet-phrase-catalog.json","planned","0","planned-authored-audio"
"vé xe buýt bao nhiêu tiền?","vé xe buýt bao nhiêu tiền?","1","","phrase","vpe-price-item-ve-xe-buyt-bao-nhieu-tien","native-ios/Resources/viet-phrase-catalog.json","planned","0","planned-authored-audio"
"vietnam art gallery","Vietnam Art Gallery","1","","phrase","city-hanoi-place-vietnam-art-gallery","native-ios/Resources/viet-phrase-catalog.json","planned","0","planned-authored-audio"
"vincom đồng khởi","Vincom Đồng Khởi","1","","phrase","city-hcmc-place-vincom-dong-khoi","native-ios/Resources/viet-phrase-catalog.json","planned","0","planned-authored-audio"
"vincom plaza đà nẵng","Vincom Plaza Đà Nẵng","1","","phrase","city-danang-place-vincom-plaza","native-ios/Resources/viet-phrase-catalog.json","planned","0","planned-authored-audio"
"vòi nước gần đây không?","vòi nước gần đây không?","1","","phrase","vpe-near-place-voi-nuoc-gan-day-khong","native-ios/Resources/viet-phrase-catalog.json","planned","0","planned-authored-audio"
"vòi nước ở đâu?","vòi nước ở đâu?","1","","phrase","vpe-where-place-voi-nuoc-o-dau","native-ios/Resources/viet-phrase-catalog.json","planned","0","planned-authored-audio"
"vòng hồ tây","Vòng Hồ Tây","1","","phrase","city-hanoi-place-west-lake-loop","native-ios/Resources/viet-phrase-catalog.json","planned","0","planned-authored-audio"
"vườn bách thảo hà nội","Vườn Bách Thảo Hà Nội","1","","phrase","city-hanoi-place-botanical-garden","native-ios/Resources/viet-phrase-catalog.json","planned","0","planned-authored-audio"
"vườn quốc gia bạch mã","Vườn quốc gia Bạch Mã","1","","phrase","city-hue-place-bach-ma-national-park","native-ios/Resources/viet-phrase-catalog.json","planned","0","planned-authored-audio"
"vỹ dạ","Vỹ Dạ","1","","phrase","city-hue-place-vy-da","native-ios/Resources/viet-phrase-catalog.json","planned","0","planned-authored-audio"
"vy's market restaurant","Vy's Market Restaurant","1","","phrase","city-hoian-place-vys-market","native-ios/Resources/viet-phrase-catalog.json","planned","0","planned-authored-audio"
"wi-fi bao nhiêu tiền?","Wi-Fi bao nhiêu tiền?","1","","phrase","vpe-price-item-wi-fi-bao-nhieu-tien","native-ios/Resources/viet-phrase-catalog.json","planned","0","planned-authored-audio"
"wonderlust","Wonderlust","1","","phrase","city-danang-place-wonderlust","native-ios/Resources/viet-phrase-catalog.json","planned","0","planned-authored-audio"
"xa lắm","Xa lắm","1","","phrase","vpe-likely-replies-xa-lam","native-ios/Resources/viet-phrase-catalog.json","planned","0","planned-authored-audio"
"xà phòng bao nhiêu tiền?","xà phòng bao nhiêu tiền?","1","","phrase","vpe-price-item-xa-phong-bao-nhieu-tien","native-ios/Resources/viet-phrase-catalog.json","planned","0","planned-authored-audio"
"xích lô phố cổ","Xích lô phố cổ","1","","phrase","city-hanoi-place-cyclo-old-quarter","native-ios/Resources/viet-phrase-catalog.json","planned","0","planned-authored-audio"
"xích lô quanh kinh thành","Xích lô quanh Kinh thành","1","","phrase","city-hue-place-cyclo-citadel-loop","native-ios/Resources/viet-phrase-catalog.json","planned","0","planned-authored-audio"
"xôi xéo ở hà nội","Xôi xéo ở Hà Nội","1","","phrase","city-hanoi-place-xoi-xeo","native-ios/Resources/viet-phrase-catalog.json","planned","0","planned-authored-audio"
"xưởng gốm thanh hà","Xưởng gốm Thanh Hà","1","","phrase","city-hoian-place-pottery-workshop","native-ios/Resources/viet-phrase-catalog.json","planned","0","planned-authored-audio"
"xuống ở đây","Xuống ở đây","1","","phrase","vpe-likely-replies-xuong-o-day","native-ios/Resources/viet-phrase-catalog.json","planned","0","planned-authored-audio"
"xưởng thủ công mỹ nghệ hội an","Xưởng thủ công mỹ nghệ Hội An","1","","phrase","city-hoian-place-handicraft-workshop","native-ios/Resources/viet-phrase-catalog.json","planned","0","planned-authored-audio"
"ý thảo garden","Ý Thảo Garden","1","","phrase","city-hue-place-y-thao-garden","native-ios/Resources/viet-phrase-catalog.json","planned","0","planned-authored-audio"
"yaly couture","Yaly Couture","1","","phrase","city-hoian-place-yaly-couture","native-ios/Resources/viet-phrase-catalog.json","planned","0","planned-authored-audio"
"yên retreat","Yên Retreat","1","","phrase","city-danang-place-yen-retreat","native-ios/Resources/viet-phrase-catalog.json","planned","0","planned-authored-audio"
