"row","page_id","phrase_id","vietnamese","english","source_lane","source_path","section_count","phrase_row_count","breakdown_token_count","audio_status","alias_count","verdict","issue_codes","issue_messages"
"1","viet-phrase-acknowledge-co","acknowledge-co","Có","Yes / there is","catalog-promoted","content-draft/viet/canonical-pages/catalog-promoted/polite-basics/acknowledge-co.json","3","3","1","ready","2","PASS","",""
"2","viet-phrase-acknowledge-da-chao-anh","acknowledge-da-chao-anh","Dạ, chào anh","Respectful hello to an older man","catalog-promoted","content-draft/viet/canonical-pages/catalog-promoted/polite-basics/acknowledge-da-chao-anh.json","4","0","4","ready","3","PASS","",""
"3","viet-phrase-acknowledge-da-chao-ba","acknowledge-da-chao-ba","Dạ, chào bà","Respectful hello to an elderly woman","catalog-promoted","content-draft/viet/canonical-pages/catalog-promoted/polite-basics/acknowledge-da-chao-ba.json","5","2","4","ready","3","PASS","",""
"4","viet-phrase-acknowledge-da-chao-chi","acknowledge-da-chao-chi","Dạ, chào chị","Respectful hello to an older woman","catalog-promoted","content-draft/viet/canonical-pages/catalog-promoted/polite-basics/acknowledge-da-chao-chi.json","5","3","4","ready","3","PASS","",""
"5","viet-phrase-acknowledge-da-chao-chu","acknowledge-da-chao-chu","Dạ, chào chú","Respectful hello to an uncle-age man","catalog-promoted","content-draft/viet/canonical-pages/catalog-promoted/polite-basics/acknowledge-da-chao-chu.json","5","3","4","ready","3","PASS","",""
"6","viet-phrase-acknowledge-da-chao-co","acknowledge-da-chao-co","Dạ, chào cô","Respectful hello to an aunt-age woman","catalog-promoted","content-draft/viet/canonical-pages/catalog-promoted/polite-basics/acknowledge-da-chao-co.json","5","3","4","ready","3","PASS","",""
"7","viet-phrase-acknowledge-da-chao-ong","acknowledge-da-chao-ong","Dạ, chào ông","Respectful hello to an elderly man","catalog-promoted","content-draft/viet/canonical-pages/catalog-promoted/polite-basics/acknowledge-da-chao-ong.json","5","2","4","ready","3","PASS","",""
"8","viet-phrase-acknowledge-duoc","acknowledge-duoc","Được","Okay / that works","catalog-promoted","content-draft/viet/canonical-pages/catalog-promoted/polite-basics/acknowledge-duoc.json","4","3","1","ready","2","PASS","",""
"9","viet-phrase-acknowledge-khong","acknowledge-khong","Không","No","catalog-promoted","content-draft/viet/canonical-pages/catalog-promoted/polite-basics/acknowledge-khong.json","4","3","1","ready","2","PASS","",""
"10","viet-phrase-airport-1","airport-1","Nhập cảnh ở đâu?","Where is immigration?","tier1","content-draft/viet/canonical-pages/tier-one/airport-border-arrival/airport-immigration.json","4","7","3","ready","1","PASS","",""
"11","viet-phrase-airport-2","airport-2","Lấy hành lý ở đâu?","Where is baggage claim?","tier1","content-draft/viet/canonical-pages/tier-one/airport-border-arrival/airport-baggage.json","4","7","4","ready","1","PASS","",""
"12","viet-phrase-airport-3","airport-3","Mua SIM ở đâu?","Where can I buy a SIM card?","tier1","content-draft/viet/canonical-pages/tier-one/airport-border-arrival/airport-sim.json","4","7","4","ready","1","PASS","",""
"13","viet-phrase-airport-4","airport-4","ATM gần nhất ở đâu?","Where is the nearest ATM?","tier1","content-draft/viet/canonical-pages/tier-one/money-numbers-prices/money-find-atm.json","4","8","4","ready","1","PASS","",""
"14","viet-phrase-airport-5","airport-5","Khu đón ở đâu?","Where is the pickup area?","tier1","content-draft/viet/canonical-pages/tier-one/airport-border-arrival/airport-pickup.json","5","8","3","ready","2","PASS","",""
"15","viet-phrase-airport-6","airport-6","Hành lý của tôi chưa tới","My bag did not arrive","tier1","content-draft/viet/canonical-pages/tier-one/airport-border-arrival/airport-bag-missing.json","5","7","5","ready","2","PASS","",""
"16","viet-phrase-airport-7","airport-7","Nhà ga nội địa ở đâu?","Where is the domestic terminal?","catalog-promoted","content-draft/viet/canonical-pages/catalog-promoted/airport-border-arrival/airport-7.json","3","5","4","ready","2","PASS","",""
"17","viet-phrase-airport-pickup-clearer","airport-pickup-clearer","Tôi gặp tài xế ở đâu?","Where do I meet the driver?","child","content-draft/viet/canonical-pages/tier-one/airport-border-arrival/airport-pickup--airport-pickup-clearer.json","5","6","5","ready","1","PASS","",""
"18","viet-phrase-bath-1","bath-1","Nhà vệ sinh ở đâu?","Where is the bathroom?","tier1","content-draft/viet/canonical-pages/tier-one/bathroom-personal-needs/bathroom-where.json","4","5","3","ready","5","PASS","",""
"19","viet-phrase-bath-2","bath-2","Có giấy vệ sinh không?","Do you have toilet paper?","tier1","content-draft/viet/canonical-pages/tier-one/bathroom-personal-needs/bathroom-paper.json","5","5","4","ready","1","PASS","",""
"20","viet-phrase-bath-3","bath-3","Có xà phòng không?","Do you have soap?","tier1","content-draft/viet/canonical-pages/tier-one/bathroom-personal-needs/bathroom-soap.json","4","5","4","ready","2","PASS","",""
"21","viet-phrase-bath-4","bath-4","Tôi rửa tay ở đây được không?","Can I wash my hands here?","tier1","content-draft/viet/canonical-pages/tier-one/bathroom-personal-needs/bathroom-wash-hands.json","4","5","7","ready","2","PASS","",""
"22","viet-phrase-bath-5","bath-5","Tôi cần nước","I need water","tier1","content-draft/viet/canonical-pages/tier-one/bathroom-personal-needs/bathroom-water.json","4","5","4","ready","2","PASS","",""
"23","viet-phrase-bath-6","bath-6","Ở đây có chỗ tắm không?","Is there a shower here?","catalog-promoted","content-draft/viet/canonical-pages/catalog-promoted/bathroom-personal-needs/bath-6.json","3","5","7","ready","2","PASS","",""
"24","viet-phrase-bathroom-use","bathroom-use","Tôi dùng nhà vệ sinh được không?","Can I use the bathroom?","tier1","content-draft/viet/canonical-pages/tier-one/bathroom-personal-needs/bathroom-use.json","4","5","5","ready","1","PASS","",""
"25","viet-phrase-city-danang-atm-airport","city-danang-atm-airport","Có ATM gần Sân bay Đà Nẵng không?","Is there an ATM near Da Nang Airport?","city-v1","content-draft/viet/city-library/v1.json","3","5","6","planned","1","PASS","",""
"26","viet-phrase-city-danang-atm-bach-dang-street","city-danang-atm-bach-dang-street","Có ATM gần Đường Bạch Đằng không?","Is there an ATM near Bach Dang Street?","city-v1","content-draft/viet/city-library/v1.json","3","5","6","planned","1","PASS","",""
"27","viet-phrase-city-danang-atm-con-market","city-danang-atm-con-market","Có ATM gần Chợ Cồn không?","Is there an ATM near Con Market?","city-v1","content-draft/viet/city-library/v1.json","3","5","6","planned","1","PASS","",""
"28","viet-phrase-city-danang-atm-han-market","city-danang-atm-han-market","Có ATM gần Chợ Hàn không?","Is there an ATM near Han Market?","city-v1","content-draft/viet/city-library/v1.json","3","5","6","planned","1","PASS","",""
"29","viet-phrase-city-danang-atm-helio-night-market","city-danang-atm-helio-night-market","Có ATM gần Chợ đêm Helio không?","Is there an ATM near Helio Night Market?","city-v1","content-draft/viet/city-library/v1.json","3","5","6","planned","1","PASS","",""
"30","viet-phrase-city-danang-bach-dang-route","city-danang-bach-dang-route","Đi đường Bạch Đằng","Go by Bach Dang Street","city-v1","content-draft/viet/city-library/v1.json","3","5","3","planned","1","PASS","",""
"31","viet-phrase-city-danang-eat-near-bach-dang-street","city-danang-eat-near-bach-dang-street","Ăn gần Đường Bạch Đằng","Eat near Bach Dang Street","city-v1","content-draft/viet/city-library/v1.json","3","5","4","planned","1","PASS","",""
"32","viet-phrase-city-danang-eat-near-con-market","city-danang-eat-near-con-market","Ăn gần Chợ Cồn","Eat near Con Market","city-v1","content-draft/viet/city-library/v1.json","3","5","4","planned","1","PASS","",""
"33","viet-phrase-city-danang-eat-near-han-market","city-danang-eat-near-han-market","Ăn gần Chợ Hàn","Eat near Han Market","city-v1","content-draft/viet/city-library/v1.json","3","5","4","planned","1","PASS","",""
"34","viet-phrase-city-danang-go-airport","city-danang-go-airport","Đi Sân bay Đà Nẵng","Go to Da Nang Airport","city-v1","content-draft/viet/city-library/v1.json","3","5","3","planned","1","PASS","",""
"35","viet-phrase-city-danang-go-con-market","city-danang-go-con-market","Đi Chợ Cồn","Go to Con Market","city-v1","content-draft/viet/city-library/v1.json","3","5","3","planned","1","PASS","",""
"36","viet-phrase-city-danang-go-han-market","city-danang-go-han-market","Đi Chợ Hàn","Go to Han Market","city-v1","content-draft/viet/city-library/v1.json","3","5","3","planned","1","PASS","",""
"37","viet-phrase-city-danang-go-helio-night-market","city-danang-go-helio-night-market","Đi Chợ đêm Helio","Go to Helio Night Market","city-v1","content-draft/viet/city-library/v1.json","3","5","3","planned","1","PASS","",""
"38","viet-phrase-city-danang-go-nen","city-danang-go-nen","Cho tôi đến nhà hàng Nén Đà Nẵng.","Please take me to Nén Đà Nẵng restaurant.","city-v1","content-draft/viet/city-library/v1.json","3","5","6","planned","1","PASS","",""
"39","viet-phrase-city-danang-go-nguyen-van-linh-street","city-danang-go-nguyen-van-linh-street","Đi Đường Nguyễn Văn Linh","Go to Nguyen Van Linh Street","city-v1","content-draft/viet/city-library/v1.json","3","4","3","planned","1","PASS","",""
"40","viet-phrase-city-danang-go-railway-station","city-danang-go-railway-station","Đi Ga Đà Nẵng","Go to Da Nang Railway Station","city-v1","content-draft/viet/city-library/v1.json","3","2","3","planned","1","PASS","",""
"41","viet-phrase-city-danang-go-son-tra-night-market","city-danang-go-son-tra-night-market","Đi Chợ đêm Sơn Trà","Go to Son Tra Night Market","city-v1","content-draft/viet/city-library/v1.json","3","3","3","planned","1","PASS","",""
"42","viet-phrase-city-danang-go-tien-sa-port","city-danang-go-tien-sa-port","Đi Cảng Tiên Sa","Go to Tien Sa Port","city-v1","content-draft/viet/city-library/v1.json","3","4","3","planned","1","PASS","",""
"43","viet-phrase-city-danang-go-vo-nguyen-giap-street","city-danang-go-vo-nguyen-giap-street","Đi Đường Võ Nguyên Giáp","Go to Vo Nguyen Giap Street","city-v1","content-draft/viet/city-library/v1.json","3","3","3","planned","1","PASS","",""
"44","viet-phrase-city-danang-near-bach-dang-street","city-danang-near-bach-dang-street","Đường Bạch Đằng gần đây không?","Is Bach Dang Street near here?","city-v1","content-draft/viet/city-library/v1.json","3","5","4","planned","1","PASS","",""
"45","viet-phrase-city-danang-near-con-market","city-danang-near-con-market","Chợ Cồn gần đây không?","Is Con Market near here?","city-v1","content-draft/viet/city-library/v1.json","3","5","4","planned","1","PASS","",""
"46","viet-phrase-city-danang-near-han-market","city-danang-near-han-market","Chợ Hàn gần đây không?","Is Han Market near here?","city-v1","content-draft/viet/city-library/v1.json","3","5","4","planned","1","PASS","",""
"47","viet-phrase-city-danang-near-helio-night-market","city-danang-near-helio-night-market","Chợ đêm Helio gần đây không?","Is Helio Night Market near here?","city-v1","content-draft/viet/city-library/v1.json","3","5","4","planned","1","PASS","",""
"48","viet-phrase-city-danang-near-nguyen-van-linh-street","city-danang-near-nguyen-van-linh-street","Đường Nguyễn Văn Linh gần đây không?","Is Nguyen Van Linh Street near here?","city-v1","content-draft/viet/city-library/v1.json","3","4","4","planned","1","PASS","",""
"49","viet-phrase-city-danang-near-son-tra-night-market","city-danang-near-son-tra-night-market","Chợ đêm Sơn Trà gần đây không?","Is Son Tra Night Market near here?","city-v1","content-draft/viet/city-library/v1.json","3","3","4","planned","1","PASS","",""
"50","viet-phrase-city-danang-near-vo-nguyen-giap-street","city-danang-near-vo-nguyen-giap-street","Đường Võ Nguyên Giáp gần đây không?","Is Vo Nguyen Giap Street near here?","city-v1","content-draft/viet/city-library/v1.json","3","3","4","planned","1","PASS","",""
"51","viet-phrase-city-danang-pharmacy-han-market","city-danang-pharmacy-han-market","Có nhà thuốc gần chợ Hàn không?","Is there a pharmacy near Han Market?","city-v1","content-draft/viet/city-library/v1.json","3","5","6","planned","1","PASS","",""
"52","viet-phrase-city-danang-place-3d-art-in-paradise","city-danang-place-3d-art-in-paradise","Bảo tàng 3D Art in Paradise Đà Nẵng","3D Art in Paradise Da Nang","city-v1","content-draft/viet/city-library/v1.json","6","6","0","planned","1","FAIL","missing_breakdown|missing_breakdown_tokens","must_fix:Missing required breakdown section. || must_fix:Breakdown section has no reusable token rows."
"53","viet-phrase-city-danang-place-43-factory","city-danang-place-43-factory","43 Factory Coffee Roaster","43 Factory Coffee Roaster","city-v1","content-draft/viet/city-library/v1.json","6","5","0","planned","1","FAIL","missing_breakdown|missing_breakdown_tokens","must_fix:Missing required breakdown section. || must_fix:Breakdown section has no reusable token rows."
"54","viet-phrase-city-danang-place-airport","city-danang-place-airport","Sân bay Đà Nẵng","Da Nang Airport","city-v1","content-draft/viet/city-library/v1.json","6","4","0","ready","1","FAIL","missing_breakdown|missing_breakdown_tokens|three_text_only_sections","must_fix:Missing required breakdown section. || must_fix:Breakdown section has no reusable token rows. || must_fix:Three consecutive text-only sections: Worth it if | Before you go | Good to know"
"55","viet-phrase-city-danang-place-an-thuong-street-area","city-danang-place-an-thuong-street-area","Khu An Thượng","An Thuong Area","city-v1","content-draft/viet/city-library/v1.json","6","1","0","planned","1","FAIL","missing_breakdown|missing_breakdown_tokens|three_text_only_sections","must_fix:Missing required breakdown section. || must_fix:Breakdown section has no reusable token rows. || must_fix:Three consecutive text-only sections: Worth it if | Before you go | Good to know"
"56","viet-phrase-city-danang-place-apec-park","city-danang-place-apec-park","Công viên APEC","APEC Park","city-v1","content-draft/viet/city-library/v1.json","6","6","0","ready","1","FAIL","missing_breakdown|missing_breakdown_tokens","must_fix:Missing required breakdown section. || must_fix:Breakdown section has no reusable token rows."
"57","viet-phrase-city-danang-place-asia-park","city-danang-place-asia-park","Công viên Châu Á","Asia Park","city-v1","content-draft/viet/city-library/v1.json","6","6","0","ready","1","FAIL","missing_breakdown|missing_breakdown_tokens","must_fix:Missing required breakdown section. || must_fix:Breakdown section has no reusable token rows."
"58","viet-phrase-city-danang-place-ba-na-cable-car","city-danang-place-ba-na-cable-car","Cáp treo Bà Nà","Ba Na cable car","city-v1","content-draft/viet/city-library/v1.json","6","6","0","planned","1","FAIL","missing_breakdown|missing_breakdown_tokens","must_fix:Missing required breakdown section. || must_fix:Breakdown section has no reusable token rows."
"59","viet-phrase-city-danang-place-ba-na-hills","city-danang-place-ba-na-hills","Bà Nà Hills","Ba Na Hills","city-v1","content-draft/viet/city-library/v1.json","10","13","0","ready","1","FAIL","missing_breakdown|missing_breakdown_tokens","must_fix:Missing required breakdown section. || must_fix:Breakdown section has no reusable token rows."
"60","viet-phrase-city-danang-place-bac-my-an-market","city-danang-place-bac-my-an-market","Chợ Bắc Mỹ An","Bac My An Market","city-v1","content-draft/viet/city-library/v1.json","6","1","0","planned","1","FAIL","missing_breakdown|missing_breakdown_tokens|three_text_only_sections","must_fix:Missing required breakdown section. || must_fix:Breakdown section has no reusable token rows. || must_fix:Three consecutive text-only sections: Worth it if | Before you go | Good to know"
"61","viet-phrase-city-danang-place-bach-dang-street","city-danang-place-bach-dang-street","Đường Bạch Đằng","Bach Dang Street","city-v1","content-draft/viet/city-library/v1.json","6","4","0","ready","1","FAIL","missing_breakdown|missing_breakdown_tokens|three_text_only_sections","must_fix:Missing required breakdown section. || must_fix:Breakdown section has no reusable token rows. || must_fix:Three consecutive text-only sections: Worth it if | Before you go | Good to know"
"62","viet-phrase-city-danang-place-ban-co-peak","city-danang-place-ban-co-peak","Đỉnh Bàn Cờ","Ban Co Peak","city-v1","content-draft/viet/city-library/v1.json","6","6","0","ready","1","FAIL","missing_breakdown|missing_breakdown_tokens","must_fix:Missing required breakdown section. || must_fix:Breakdown section has no reusable token rows."
"63","viet-phrase-city-danang-place-banh-mi","city-danang-place-banh-mi","Bánh mì ở Đà Nẵng","Banh mi","city-v1","content-draft/viet/city-library/v1.json","6","2","0","planned","1","FAIL","missing_breakdown|missing_breakdown_tokens|three_text_only_sections","must_fix:Missing required breakdown section. || must_fix:Breakdown section has no reusable token rows. || must_fix:Three consecutive text-only sections: Worth it if | Before you go | Good to know"
"64","viet-phrase-city-danang-place-banh-trang-cuon-thit-heo","city-danang-place-banh-trang-cuon-thit-heo","Bánh tráng cuốn thịt heo ở Đà Nẵng","Pork rice-paper rolls","city-v1","content-draft/viet/city-library/v1.json","6","2","0","planned","1","FAIL","missing_breakdown|missing_breakdown_tokens|three_text_only_sections","must_fix:Missing required breakdown section. || must_fix:Breakdown section has no reusable token rows. || must_fix:Three consecutive text-only sections: Worth it if | Before you go | Good to know"
"65","viet-phrase-city-danang-place-banh-xeo","city-danang-place-banh-xeo","Bánh xèo ở Đà Nẵng","Banh xeo","city-v1","content-draft/viet/city-library/v1.json","6","2","0","planned","1","FAIL","missing_breakdown|missing_breakdown_tokens|three_text_only_sections","must_fix:Missing required breakdown section. || must_fix:Breakdown section has no reusable token rows. || must_fix:Three consecutive text-only sections: Worth it if | Before you go | Good to know"
"66","viet-phrase-city-danang-place-banh-xeo-ba-duong","city-danang-place-banh-xeo-ba-duong","Bánh xèo Bà Dưỡng","Banh Xeo Ba Duong","city-v1","content-draft/viet/city-library/v1.json","6","5","0","planned","1","FAIL","missing_breakdown|missing_breakdown_tokens","must_fix:Missing required breakdown section. || must_fix:Breakdown section has no reusable token rows."
"67","viet-phrase-city-danang-place-be-man","city-danang-place-be-man","Hải sản Bé Mặn","Be Man Seafood","city-v1","content-draft/viet/city-library/v1.json","6","5","0","planned","1","FAIL","missing_breakdown|missing_breakdown_tokens","must_fix:Missing required breakdown section. || must_fix:Breakdown section has no reusable token rows."
"68","viet-phrase-city-danang-place-bep-cuon","city-danang-place-bep-cuon","Bếp Cuốn Đà Nẵng","Bep Cuon Da Nang","city-v1","content-draft/viet/city-library/v1.json","6","5","0","planned","1","FAIL","missing_breakdown|missing_breakdown_tokens","must_fix:Missing required breakdown section. || must_fix:Breakdown section has no reusable token rows."
"69","viet-phrase-city-danang-place-boulevard-gelato-coffee","city-danang-place-boulevard-gelato-coffee","Boulevard Gelato & Coffee","Boulevard Gelato & Coffee","city-v1","content-draft/viet/city-library/v1.json","6","5","0","planned","1","FAIL","missing_breakdown|missing_breakdown_tokens","must_fix:Missing required breakdown section. || must_fix:Breakdown section has no reusable token rows."
"70","viet-phrase-city-danang-place-bun-cha-ca","city-danang-place-bun-cha-ca","Bún chả cá ở Đà Nẵng","Fish-cake noodle soup","city-v1","content-draft/viet/city-library/v1.json","6","3","0","planned","1","FAIL","missing_breakdown|missing_breakdown_tokens|three_text_only_sections","must_fix:Missing required breakdown section. || must_fix:Breakdown section has no reusable token rows. || must_fix:Three consecutive text-only sections: Worth it if | Before you go | Good to know"
"71","viet-phrase-city-danang-place-bun-cha-ca-hon","city-danang-place-bun-cha-ca-hon","Bún Chả Cá Hờn","Bun Cha Ca Hon","city-v1","content-draft/viet/city-library/v1.json","6","5","0","planned","1","FAIL","missing_breakdown|missing_breakdown_tokens","must_fix:Missing required breakdown section. || must_fix:Breakdown section has no reusable token rows."
"72","viet-phrase-city-danang-place-cathedral","city-danang-place-cathedral","Nhà thờ Con Gà Đà Nẵng","Da Nang Cathedral","city-v1","content-draft/viet/city-library/v1.json","6","6","0","ready","1","FAIL","missing_breakdown|missing_breakdown_tokens","must_fix:Missing required breakdown section. || must_fix:Breakdown section has no reusable token rows."
"73","viet-phrase-city-danang-place-central-bus-station","city-danang-place-central-bus-station","Bến xe Trung tâm Đà Nẵng","Da Nang Central Bus Station","city-v1","content-draft/viet/city-library/v1.json","6","1","0","planned","1","FAIL","missing_breakdown|missing_breakdown_tokens|three_text_only_sections","must_fix:Missing required breakdown section. || must_fix:Breakdown section has no reusable token rows. || must_fix:Three consecutive text-only sections: Worth it if | Before you go | Good to know"
"74","viet-phrase-city-danang-place-cham-museum","city-danang-place-cham-museum","Bảo tàng Điêu khắc Chăm","Museum of Cham Sculpture","city-v1","content-draft/viet/city-library/v1.json","6","6","0","ready","1","FAIL","missing_breakdown|missing_breakdown_tokens","must_fix:Missing required breakdown section. || must_fix:Breakdown section has no reusable token rows."
"75","viet-phrase-city-danang-place-che-xoa-xoa-hat-luu","city-danang-place-che-xoa-xoa-hat-luu","Chè xoa xoa hạt lựu ở Đà Nẵng","Da Nang sweet soup","city-v1","content-draft/viet/city-library/v1.json","6","2","0","planned","1","FAIL","missing_breakdown|missing_breakdown_tokens|three_text_only_sections","must_fix:Missing required breakdown section. || must_fix:Breakdown section has no reusable token rows. || must_fix:Three consecutive text-only sections: Worth it if | Before you go | Good to know"
"76","viet-phrase-city-danang-place-co-chu-nho","city-danang-place-co-chu-nho","Cô Chủ Nhỏ","Co Chu Nho","city-v1","content-draft/viet/city-library/v1.json","6","5","0","planned","1","FAIL","missing_breakdown|missing_breakdown_tokens","must_fix:Missing required breakdown section. || must_fix:Breakdown section has no reusable token rows."
"77","viet-phrase-city-danang-place-con-market","city-danang-place-con-market","Chợ Cồn","Con Market","city-v1","content-draft/viet/city-library/v1.json","6","4","0","ready","1","FAIL","missing_breakdown|missing_breakdown_tokens|three_text_only_sections","must_fix:Missing required breakdown section. || must_fix:Breakdown section has no reusable token rows. || must_fix:Three consecutive text-only sections: Worth it if | Before you go | Good to know"
"78","viet-phrase-city-danang-place-cong-caphe-bach-dang","city-danang-place-cong-caphe-bach-dang","Cộng Cà Phê Bạch Đằng","Cong Caphe Bach Dang","city-v1","content-draft/viet/city-library/v1.json","6","5","0","planned","1","FAIL","missing_breakdown|missing_breakdown_tokens","must_fix:Missing required breakdown section. || must_fix:Breakdown section has no reusable token rows."
"79","viet-phrase-city-danang-place-domestic-terminal","city-danang-place-domestic-terminal","Nhà ga quốc nội Đà Nẵng","Da Nang Domestic Terminal","city-v1","content-draft/viet/city-library/v1.json","6","1","0","planned","1","FAIL","missing_breakdown|missing_breakdown_tokens|three_text_only_sections","must_fix:Missing required breakdown section. || must_fix:Breakdown section has no reusable token rows. || must_fix:Three consecutive text-only sections: Worth it if | Before you go | Good to know"
"80","viet-phrase-city-danang-place-dong-dinh-museum","city-danang-place-dong-dinh-museum","Bảo tàng Đồng Đình","Dong Dinh Museum","city-v1","content-draft/viet/city-library/v1.json","6","6","0","planned","1","FAIL","missing_breakdown|missing_breakdown_tokens","must_fix:Missing required breakdown section. || must_fix:Breakdown section has no reusable token rows."
"81","viet-phrase-city-danang-place-dragon-bridge","city-danang-place-dragon-bridge","Cầu Rồng","Dragon Bridge","city-v1","content-draft/viet/city-library/v1.json","6","6","0","ready","1","FAIL","missing_breakdown|missing_breakdown_tokens","must_fix:Missing required breakdown section. || must_fix:Breakdown section has no reusable token rows."
"82","viet-phrase-city-danang-place-dragon-bridge-fire-show","city-danang-place-dragon-bridge-fire-show","Màn phun lửa Cầu Rồng","Dragon Bridge fire show","city-v1","content-draft/viet/city-library/v1.json","6","6","0","planned","1","FAIL","missing_breakdown|missing_breakdown_tokens","must_fix:Missing required breakdown section. || must_fix:Breakdown section has no reusable token rows."
"83","viet-phrase-city-danang-place-dragon-carp-statue","city-danang-place-dragon-carp-statue","Tượng Cá Chép Hóa Rồng","Dragon Carp Statue","city-v1","content-draft/viet/city-library/v1.json","6","6","0","planned","1","FAIL","missing_breakdown|missing_breakdown_tokens","must_fix:Missing required breakdown section. || must_fix:Breakdown section has no reusable token rows."
"84","viet-phrase-city-danang-place-fatfish","city-danang-place-fatfish","Fatfish","Fatfish Restaurant & Lounge Bar","city-v1","content-draft/viet/city-library/v1.json","6","5","0","planned","1","FAIL","missing_breakdown|missing_breakdown_tokens","must_fix:Missing required breakdown section. || must_fix:Breakdown section has no reusable token rows."
"85","viet-phrase-city-danang-place-fine-arts-museum","city-danang-place-fine-arts-museum","Bảo tàng Mỹ thuật Đà Nẵng","Da Nang Fine Arts Museum","city-v1","content-draft/viet/city-library/v1.json","6","6","0","planned","1","FAIL","missing_breakdown|missing_breakdown_tokens","must_fix:Missing required breakdown section. || must_fix:Breakdown section has no reusable token rows."
"86","viet-phrase-city-danang-place-golden-bridge","city-danang-place-golden-bridge","Cầu Vàng","Golden Bridge","city-v1","content-draft/viet/city-library/v1.json","6","6","0","ready","1","FAIL","missing_breakdown|missing_breakdown_tokens","must_fix:Missing required breakdown section. || must_fix:Breakdown section has no reusable token rows."
"87","viet-phrase-city-danang-place-hai-chau-district","city-danang-place-hai-chau-district","Quận Hải Châu","Hai Chau District","city-v1","content-draft/viet/city-library/v1.json","6","1","0","planned","1","FAIL","missing_breakdown|missing_breakdown_tokens|three_text_only_sections","must_fix:Missing required breakdown section. || must_fix:Breakdown section has no reusable token rows. || must_fix:Three consecutive text-only sections: Worth it if | Before you go | Good to know"
"88","viet-phrase-city-danang-place-hai-san","city-danang-place-hai-san","Hải sản ở Đà Nẵng","Seafood","city-v1","content-draft/viet/city-library/v1.json","6","2","0","planned","1","FAIL","missing_breakdown|missing_breakdown_tokens|three_text_only_sections","must_fix:Missing required breakdown section. || must_fix:Breakdown section has no reusable token rows. || must_fix:Three consecutive text-only sections: Worth it if | Before you go | Good to know"
"89","viet-phrase-city-danang-place-hai-van-pass","city-danang-place-hai-van-pass","Đèo Hải Vân","Hai Van Pass","city-v1","content-draft/viet/city-library/v1.json","6","6","0","planned","1","FAIL","missing_breakdown|missing_breakdown_tokens","must_fix:Missing required breakdown section. || must_fix:Breakdown section has no reusable token rows."
"90","viet-phrase-city-danang-place-hai-van-pass-ride","city-danang-place-hai-van-pass-ride","Chuyến đi đèo Hải Vân","Hai Van Pass ride","city-v1","content-draft/viet/city-library/v1.json","6","6","0","planned","1","FAIL","missing_breakdown|missing_breakdown_tokens","must_fix:Missing required breakdown section. || must_fix:Breakdown section has no reusable token rows."
"91","viet-phrase-city-danang-place-han-market","city-danang-place-han-market","Chợ Hàn","Han Market","city-v1","content-draft/viet/city-library/v1.json","6","4","0","ready","1","FAIL","missing_breakdown|missing_breakdown_tokens|three_text_only_sections","must_fix:Missing required breakdown section. || must_fix:Breakdown section has no reusable token rows. || must_fix:Three consecutive text-only sections: Worth it if | Before you go | Good to know"
"92","viet-phrase-city-danang-place-han-river","city-danang-place-han-river","Sông Hàn","Han River","city-v1","content-draft/viet/city-library/v1.json","6","6","0","ready","1","FAIL","missing_breakdown|missing_breakdown_tokens","must_fix:Missing required breakdown section. || must_fix:Breakdown section has no reusable token rows."
"93","viet-phrase-city-danang-place-han-river-cruise","city-danang-place-han-river-cruise","Du thuyền sông Hàn","Han River cruise","city-v1","content-draft/viet/city-library/v1.json","6","6","0","planned","1","FAIL","missing_breakdown|missing_breakdown_tokens","must_fix:Missing required breakdown section. || must_fix:Breakdown section has no reusable token rows."
"94","viet-phrase-city-danang-place-helio-night-market","city-danang-place-helio-night-market","Chợ đêm Helio","Helio Night Market","city-v1","content-draft/viet/city-library/v1.json","6","4","0","ready","1","FAIL","missing_breakdown|missing_breakdown_tokens|three_text_only_sections","must_fix:Missing required breakdown section. || must_fix:Breakdown section has no reusable token rows. || must_fix:Three consecutive text-only sections: Worth it if | Before you go | Good to know"
"95","viet-phrase-city-danang-place-hoa-phu-thanh","city-danang-place-hoa-phu-thanh","Khu du lịch Hòa Phú Thành","Hoa Phu Thanh","city-v1","content-draft/viet/city-library/v1.json","6","6","0","planned","1","FAIL","missing_breakdown|missing_breakdown_tokens","must_fix:Missing required breakdown section. || must_fix:Breakdown section has no reusable token rows."
"96","viet-phrase-city-danang-place-hoa-trung-lake","city-danang-place-hoa-trung-lake","Hồ Hòa Trung","Hoa Trung Lake","city-v1","content-draft/viet/city-library/v1.json","6","6","0","planned","1","FAIL","missing_breakdown|missing_breakdown_tokens","must_fix:Missing required breakdown section. || must_fix:Breakdown section has no reusable token rows."
"97","viet-phrase-city-danang-place-international-terminal","city-danang-place-international-terminal","Nhà ga quốc tế Đà Nẵng","Da Nang International Terminal","city-v1","content-draft/viet/city-library/v1.json","6","1","0","planned","1","FAIL","missing_breakdown|missing_breakdown_tokens|three_text_only_sections","must_fix:Missing required breakdown section. || must_fix:Breakdown section has no reusable token rows. || must_fix:Three consecutive text-only sections: Worth it if | Before you go | Good to know"
"98","viet-phrase-city-danang-place-kem-bo","city-danang-place-kem-bo","Kem bơ ở Đà Nẵng","Avocado ice cream","city-v1","content-draft/viet/city-library/v1.json","6","2","0","planned","1","FAIL","missing_breakdown|missing_breakdown_tokens|three_text_only_sections","must_fix:Missing required breakdown section. || must_fix:Breakdown section has no reusable token rows. || must_fix:Three consecutive text-only sections: Worth it if | Before you go | Good to know"
"99","viet-phrase-city-danang-place-la-maison-1888","city-danang-place-la-maison-1888","La Maison 1888","La Maison 1888","city-v1","content-draft/viet/city-library/v1.json","6","5","0","planned","1","FAIL","missing_breakdown|missing_breakdown_tokens","must_fix:Missing required breakdown section. || must_fix:Breakdown section has no reusable token rows."
"100","viet-phrase-city-danang-place-lady-buddha","city-danang-place-lady-buddha","Tượng Phật Bà","Lady Buddha","city-v1","content-draft/viet/city-library/v1.json","6","6","0","planned","1","FAIL","missing_breakdown|missing_breakdown_tokens","must_fix:Missing required breakdown section. || must_fix:Breakdown section has no reusable token rows."
"101","viet-phrase-city-danang-place-le-duan-night-market","city-danang-place-le-duan-night-market","Chợ đêm Lê Duẩn","Le Duan Night Market","city-v1","content-draft/viet/city-library/v1.json","6","1","0","planned","1","FAIL","missing_breakdown|missing_breakdown_tokens|three_text_only_sections","must_fix:Missing required breakdown section. || must_fix:Breakdown section has no reusable token rows. || must_fix:Three consecutive text-only sections: Worth it if | Before you go | Good to know"
"102","viet-phrase-city-danang-place-linh-ung-pagoda","city-danang-place-linh-ung-pagoda","Chùa Linh Ứng","Linh Ung Pagoda","city-v1","content-draft/viet/city-library/v1.json","6","6","0","ready","1","FAIL","missing_breakdown|missing_breakdown_tokens","must_fix:Missing required breakdown section. || must_fix:Breakdown section has no reusable token rows."
"103","viet-phrase-city-danang-place-long-coffee","city-danang-place-long-coffee","Cà phê Long","Long Coffee","city-v1","content-draft/viet/city-library/v1.json","6","5","0","planned","1","FAIL","missing_breakdown|missing_breakdown_tokens","must_fix:Missing required breakdown section. || must_fix:Breakdown section has no reusable token rows."
"104","viet-phrase-city-danang-place-lotte-mart","city-danang-place-lotte-mart","Lotte Mart Đà Nẵng","Lotte Mart Da Nang","city-v1","content-draft/viet/city-library/v1.json","6","1","0","planned","1","FAIL","missing_breakdown|missing_breakdown_tokens|three_text_only_sections","must_fix:Missing required breakdown section. || must_fix:Breakdown section has no reusable token rows. || must_fix:Three consecutive text-only sections: Worth it if | Before you go | Good to know"
"105","viet-phrase-city-danang-place-love-bridge","city-danang-place-love-bridge","Cầu Tình Yêu","Love Bridge","city-v1","content-draft/viet/city-library/v1.json","6","6","0","ready","1","FAIL","missing_breakdown|missing_breakdown_tokens","must_fix:Missing required breakdown section. || must_fix:Breakdown section has no reusable token rows."
"106","viet-phrase-city-danang-place-madame-lan","city-danang-place-madame-lan","Madame Lân","Madame Lan","city-v1","content-draft/viet/city-library/v1.json","6","5","0","planned","1","FAIL","missing_breakdown|missing_breakdown_tokens","must_fix:Missing required breakdown section. || must_fix:Breakdown section has no reusable token rows."
"107","viet-phrase-city-danang-place-man-thai-beach","city-danang-place-man-thai-beach","Biển Mân Thái","Man Thai Beach","city-v1","content-draft/viet/city-library/v1.json","6","6","0","ready","1","FAIL","missing_breakdown|missing_breakdown_tokens","must_fix:Missing required breakdown section. || must_fix:Breakdown section has no reusable token rows."
"108","viet-phrase-city-danang-place-marble-mountain-cave-walk","city-danang-place-marble-mountain-cave-walk","Hang động Ngũ Hành Sơn","Marble Mountain cave walk","city-v1","content-draft/viet/city-library/v1.json","6","6","0","planned","1","FAIL","missing_breakdown|missing_breakdown_tokens","must_fix:Missing required breakdown section. || must_fix:Breakdown section has no reusable token rows."
"109","viet-phrase-city-danang-place-marble-mountains","city-danang-place-marble-mountains","Ngũ Hành Sơn","Marble Mountains","city-v1","content-draft/viet/city-library/v1.json","6","6","0","ready","1","FAIL","missing_breakdown|missing_breakdown_tokens","must_fix:Missing required breakdown section. || must_fix:Breakdown section has no reusable token rows."
"110","viet-phrase-city-danang-place-mi-quang","city-danang-place-mi-quang","Mì Quảng ở Đà Nẵng","Mi Quang","city-v1","content-draft/viet/city-library/v1.json","6","2","0","planned","1","FAIL","missing_breakdown|missing_breakdown_tokens|three_text_only_sections","must_fix:Missing required breakdown section. || must_fix:Breakdown section has no reusable token rows. || must_fix:Three consecutive text-only sections: Worth it if | Before you go | Good to know"
"111","viet-phrase-city-danang-place-mi-quang-1a","city-danang-place-mi-quang-1a","Mì Quảng 1A","Mi Quang 1A","city-v1","content-draft/viet/city-library/v1.json","6","5","0","planned","1","FAIL","missing_breakdown|missing_breakdown_tokens","must_fix:Missing required breakdown section. || must_fix:Breakdown section has no reusable token rows."
"112","viet-phrase-city-danang-place-museum","city-danang-place-museum","Bảo tàng Đà Nẵng","Da Nang Museum","city-v1","content-draft/viet/city-library/v1.json","6","6","0","planned","1","FAIL","missing_breakdown|missing_breakdown_tokens","must_fix:Missing required breakdown section. || must_fix:Breakdown section has no reusable token rows."
"113","viet-phrase-city-danang-place-museum-branch-2","city-danang-place-museum-branch-2","Bảo tàng Đà Nẵng - Cơ sở 2","Da Nang Museum Branch 2","city-v1","content-draft/viet/city-library/v1.json","6","6","0","planned","1","FAIL","missing_breakdown|missing_breakdown_tokens","must_fix:Missing required breakdown section. || must_fix:Breakdown section has no reusable token rows."
"114","viet-phrase-city-danang-place-my-an","city-danang-place-my-an","Mỹ An","My An","city-v1","content-draft/viet/city-library/v1.json","6","1","0","planned","1","FAIL","missing_breakdown|missing_breakdown_tokens|three_text_only_sections","must_fix:Missing required breakdown section. || must_fix:Breakdown section has no reusable token rows. || must_fix:Three consecutive text-only sections: Worth it if | Before you go | Good to know"
"115","viet-phrase-city-danang-place-my-an-beach","city-danang-place-my-an-beach","Biển Mỹ An","My An Beach","city-v1","content-draft/viet/city-library/v1.json","6","6","0","planned","1","FAIL","missing_breakdown|missing_breakdown_tokens","must_fix:Missing required breakdown section. || must_fix:Breakdown section has no reusable token rows."
"116","viet-phrase-city-danang-place-my-khe","city-danang-place-my-khe","Biển Mỹ Khê","My Khe Beach","city-v1","content-draft/viet/city-library/v1.json","6","6","0","ready","1","FAIL","missing_breakdown|missing_breakdown_tokens","must_fix:Missing required breakdown section. || must_fix:Breakdown section has no reusable token rows."
"117","viet-phrase-city-danang-place-my-quang-ba-mua","city-danang-place-my-quang-ba-mua","Mỳ Quảng Bà Mua","My Quang Ba Mua","city-v1","content-draft/viet/city-library/v1.json","6","5","0","planned","1","FAIL","missing_breakdown|missing_breakdown_tokens","must_fix:Missing required breakdown section. || must_fix:Breakdown section has no reusable token rows."
"118","viet-phrase-city-danang-place-my-quang-dung","city-danang-place-my-quang-dung","Mỳ Quảng Dung","My Quang Dung","city-v1","content-draft/viet/city-library/v1.json","6","5","0","planned","1","FAIL","missing_breakdown|missing_breakdown_tokens","must_fix:Missing required breakdown section. || must_fix:Breakdown section has no reusable token rows."
"119","viet-phrase-city-danang-place-nam-danh-seafood","city-danang-place-nam-danh-seafood","Hải sản Năm Đảnh","Nam Danh Seafood","city-v1","content-draft/viet/city-library/v1.json","6","5","0","planned","1","FAIL","missing_breakdown|missing_breakdown_tokens","must_fix:Missing required breakdown section. || must_fix:Breakdown section has no reusable token rows."
"120","viet-phrase-city-danang-place-nam-house","city-danang-place-nam-house","Nam House Cafe","Nam House Cafe","city-v1","content-draft/viet/city-library/v1.json","6","5","0","planned","1","FAIL","missing_breakdown|missing_breakdown_tokens","must_fix:Missing required breakdown section. || must_fix:Breakdown section has no reusable token rows."
"121","viet-phrase-city-danang-place-nam-o-fish-sauce-village","city-danang-place-nam-o-fish-sauce-village","Làng nghề nước mắm Nam Ô","Nam O fish sauce village","city-v1","content-draft/viet/city-library/v1.json","6","6","0","planned","1","FAIL","missing_breakdown|missing_breakdown_tokens","must_fix:Missing required breakdown section. || must_fix:Breakdown section has no reusable token rows."
"122","viet-phrase-city-danang-place-nam-o-reef","city-danang-place-nam-o-reef","Rạn Nam Ô","Nam O Reef","city-v1","content-draft/viet/city-library/v1.json","6","6","0","ready","1","FAIL","missing_breakdown|missing_breakdown_tokens","must_fix:Missing required breakdown section. || must_fix:Breakdown section has no reusable token rows."
"123","viet-phrase-city-danang-place-nem-lui","city-danang-place-nem-lui","Nem lụi ở Đà Nẵng","Lemongrass pork skewers","city-v1","content-draft/viet/city-library/v1.json","6","2","0","planned","1","FAIL","missing_breakdown|missing_breakdown_tokens|three_text_only_sections","must_fix:Missing required breakdown section. || must_fix:Breakdown section has no reusable token rows. || must_fix:Three consecutive text-only sections: Worth it if | Before you go | Good to know"
"124","viet-phrase-city-danang-place-nen","city-danang-place-nen","Nén Đà Nẵng","Nen Da Nang","city-v1","content-draft/viet/city-library/v1.json","6","8","0","ready","1","FAIL","missing_breakdown|missing_breakdown_tokens","must_fix:Missing required breakdown section. || must_fix:Breakdown section has no reusable token rows."
"125","viet-phrase-city-danang-place-ngu-hanh-son-district","city-danang-place-ngu-hanh-son-district","Quận Ngũ Hành Sơn","Ngu Hanh Son District","city-v1","content-draft/viet/city-library/v1.json","6","1","0","planned","1","FAIL","missing_breakdown|missing_breakdown_tokens|three_text_only_sections","must_fix:Missing required breakdown section. || must_fix:Breakdown section has no reusable token rows. || must_fix:Three consecutive text-only sections: Worth it if | Before you go | Good to know"
"126","viet-phrase-city-danang-place-nguyen-hien-dinh-tuong-theatre","city-danang-place-nguyen-hien-dinh-tuong-theatre","Nhà hát Tuồng Nguyễn Hiển Dĩnh","Nguyen Hien Dinh Tuong Theatre","city-v1","content-draft/viet/city-library/v1.json","6","6","0","planned","1","FAIL","missing_breakdown|missing_breakdown_tokens","must_fix:Missing required breakdown section. || must_fix:Breakdown section has no reusable token rows."
"127","viet-phrase-city-danang-place-nguyen-van-linh-street","city-danang-place-nguyen-van-linh-street","Đường Nguyễn Văn Linh","Nguyen Van Linh Street","city-v1","content-draft/viet/city-library/v1.json","6","4","0","ready","1","FAIL","missing_breakdown|missing_breakdown_tokens|three_text_only_sections","must_fix:Missing required breakdown section. || must_fix:Breakdown section has no reusable token rows. || must_fix:Three consecutive text-only sections: Worth it if | Before you go | Good to know"
"128","viet-phrase-city-danang-place-non-nuoc-beach","city-danang-place-non-nuoc-beach","Biển Non Nước","Non Nuoc Beach","city-v1","content-draft/viet/city-library/v1.json","6","6","0","ready","1","FAIL","missing_breakdown|missing_breakdown_tokens","must_fix:Missing required breakdown section. || must_fix:Breakdown section has no reusable token rows."
"129","viet-phrase-city-danang-place-non-nuoc-stone-village","city-danang-place-non-nuoc-stone-village","Làng đá Non Nước","Non Nuoc Stone Carving Village","city-v1","content-draft/viet/city-library/v1.json","6","6","0","ready","1","FAIL","missing_breakdown|missing_breakdown_tokens","must_fix:Missing required breakdown section. || must_fix:Breakdown section has no reusable token rows."
"130","viet-phrase-city-danang-place-oc-hut","city-danang-place-oc-hut","Ốc hút ở Đà Nẵng","Stirred snails","city-v1","content-draft/viet/city-library/v1.json","6","2","0","planned","1","FAIL","missing_breakdown|missing_breakdown_tokens|three_text_only_sections","must_fix:Missing required breakdown section. || must_fix:Breakdown section has no reusable token rows. || must_fix:Three consecutive text-only sections: Worth it if | Before you go | Good to know"
"131","viet-phrase-city-danang-place-pham-van-dong-beach","city-danang-place-pham-van-dong-beach","Biển Phạm Văn Đồng","Pham Van Dong Beach","city-v1","content-draft/viet/city-library/v1.json","6","6","0","planned","1","FAIL","missing_breakdown|missing_breakdown_tokens","must_fix:Missing required breakdown section. || must_fix:Breakdown section has no reusable token rows."
"132","viet-phrase-city-danang-place-phap-lam-pagoda","city-danang-place-phap-lam-pagoda","Chùa Pháp Lâm","Phap Lam Pagoda","city-v1","content-draft/viet/city-library/v1.json","6","6","0","planned","1","FAIL","missing_breakdown|missing_breakdown_tokens","must_fix:Missing required breakdown section. || must_fix:Breakdown section has no reusable token rows."
"133","viet-phrase-city-danang-place-phuoc-my","city-danang-place-phuoc-my","Phước Mỹ","Phuoc My","city-v1","content-draft/viet/city-library/v1.json","6","1","0","planned","1","FAIL","missing_breakdown|missing_breakdown_tokens|three_text_only_sections","must_fix:Missing required breakdown section. || must_fix:Breakdown section has no reusable token rows. || must_fix:Three consecutive text-only sections: Worth it if | Before you go | Good to know"
"134","viet-phrase-city-danang-place-railway-station","city-danang-place-railway-station","Ga Đà Nẵng","Da Nang Railway Station","city-v1","content-draft/viet/city-library/v1.json","6","3","0","ready","1","FAIL","missing_breakdown|missing_breakdown_tokens|three_text_only_sections","must_fix:Missing required breakdown section. || must_fix:Breakdown section has no reusable token rows. || must_fix:Three consecutive text-only sections: Worth it if | Before you go | Good to know"
"135","viet-phrase-city-danang-place-reply-1988","city-danang-place-reply-1988","Reply 1988 Cafe","Reply 1988 Cafe","city-v1","content-draft/viet/city-library/v1.json","6","5","0","planned","1","FAIL","missing_breakdown|missing_breakdown_tokens","must_fix:Missing required breakdown section. || must_fix:Breakdown section has no reusable token rows."
"136","viet-phrase-city-danang-place-six-on-six","city-danang-place-six-on-six","Six On Six Cafe","Six On Six Cafe","city-v1","content-draft/viet/city-library/v1.json","6","5","0","planned","1","FAIL","missing_breakdown|missing_breakdown_tokens","must_fix:Missing required breakdown section. || must_fix:Breakdown section has no reusable token rows."
"137","viet-phrase-city-danang-place-son-tra","city-danang-place-son-tra","Bán đảo Sơn Trà","Son Tra Peninsula","city-v1","content-draft/viet/city-library/v1.json","6","6","0","ready","1","FAIL","missing_breakdown|missing_breakdown_tokens","must_fix:Missing required breakdown section. || must_fix:Breakdown section has no reusable token rows."
"138","viet-phrase-city-danang-place-son-tra-district","city-danang-place-son-tra-district","Quận Sơn Trà","Son Tra District","city-v1","content-draft/viet/city-library/v1.json","6","1","0","planned","1","FAIL","missing_breakdown|missing_breakdown_tokens|three_text_only_sections","must_fix:Missing required breakdown section. || must_fix:Breakdown section has no reusable token rows. || must_fix:Three consecutive text-only sections: Worth it if | Before you go | Good to know"
"139","viet-phrase-city-danang-place-son-tra-night-market","city-danang-place-son-tra-night-market","Chợ đêm Sơn Trà","Son Tra Night Market","city-v1","content-draft/viet/city-library/v1.json","6","3","0","ready","1","FAIL","missing_breakdown|missing_breakdown_tokens|three_text_only_sections","must_fix:Missing required breakdown section. || must_fix:Breakdown section has no reusable token rows. || must_fix:Three consecutive text-only sections: Worth it if | Before you go | Good to know"
"140","viet-phrase-city-danang-place-son-tra-wildlife-drive","city-danang-place-son-tra-wildlife-drive","Chuyến đi Sơn Trà","Son Tra wildlife drive","city-v1","content-draft/viet/city-library/v1.json","6","6","0","planned","1","FAIL","missing_breakdown|missing_breakdown_tokens","must_fix:Missing required breakdown section. || must_fix:Breakdown section has no reusable token rows."
"141","viet-phrase-city-danang-place-thanh-binh-beach","city-danang-place-thanh-binh-beach","Biển Thanh Bình","Thanh Binh Beach","city-v1","content-draft/viet/city-library/v1.json","6","6","0","planned","1","FAIL","missing_breakdown|missing_breakdown_tokens","must_fix:Missing required breakdown section. || must_fix:Breakdown section has no reusable token rows."
"142","viet-phrase-city-danang-place-the-temptation","city-danang-place-the-temptation","The Temptation","The Temptation","city-v1","content-draft/viet/city-library/v1.json","6","5","0","planned","1","FAIL","missing_breakdown|missing_breakdown_tokens","must_fix:Missing required breakdown section. || must_fix:Breakdown section has no reusable token rows."
"143","viet-phrase-city-danang-place-thuan-phuoc-bridge","city-danang-place-thuan-phuoc-bridge","Cầu Thuận Phước","Thuan Phuoc Bridge","city-v1","content-draft/viet/city-library/v1.json","6","6","0","planned","1","FAIL","missing_breakdown|missing_breakdown_tokens","must_fix:Missing required breakdown section. || must_fix:Breakdown section has no reusable token rows."
"144","viet-phrase-city-danang-place-tien-sa-port","city-danang-place-tien-sa-port","Cảng Tiên Sa","Tien Sa Port","city-v1","content-draft/viet/city-library/v1.json","6","2","0","ready","1","FAIL","missing_breakdown|missing_breakdown_tokens|three_text_only_sections","must_fix:Missing required breakdown section. || must_fix:Breakdown section has no reusable token rows. || must_fix:Three consecutive text-only sections: Worth it if | Before you go | Good to know"
"145","viet-phrase-city-danang-place-tran-hung-dao-street","city-danang-place-tran-hung-dao-street","Đường Trần Hưng Đạo","Tran Hung Dao Street","city-v1","content-draft/viet/city-library/v1.json","6","1","0","planned","1","FAIL","missing_breakdown|missing_breakdown_tokens|three_text_only_sections","must_fix:Missing required breakdown section. || must_fix:Breakdown section has no reusable token rows. || must_fix:Three consecutive text-only sections: Worth it if | Before you go | Good to know"
"146","viet-phrase-city-danang-place-tran-thi-ly-bridge","city-danang-place-tran-thi-ly-bridge","Cầu Trần Thị Lý","Tran Thi Ly Bridge","city-v1","content-draft/viet/city-library/v1.json","6","6","0","ready","1","FAIL","missing_breakdown|missing_breakdown_tokens","must_fix:Missing required breakdown section. || must_fix:Breakdown section has no reusable token rows."
"147","viet-phrase-city-danang-place-trung-vuong-theatre","city-danang-place-trung-vuong-theatre","Nhà hát Trưng Vương","Trung Vuong Theatre","city-v1","content-draft/viet/city-library/v1.json","6","6","0","planned","1","FAIL","missing_breakdown|missing_breakdown_tokens","must_fix:Missing required breakdown section. || must_fix:Breakdown section has no reusable token rows."
"148","viet-phrase-city-danang-place-vincom-plaza","city-danang-place-vincom-plaza","Vincom Plaza Đà Nẵng","Vincom Plaza Da Nang","city-v1","content-draft/viet/city-library/v1.json","6","1","0","planned","1","FAIL","missing_breakdown|missing_breakdown_tokens|three_text_only_sections","must_fix:Missing required breakdown section. || must_fix:Breakdown section has no reusable token rows. || must_fix:Three consecutive text-only sections: Worth it if | Before you go | Good to know"
"149","viet-phrase-city-danang-place-vo-nguyen-giap-street","city-danang-place-vo-nguyen-giap-street","Đường Võ Nguyên Giáp","Vo Nguyen Giap Street","city-v1","content-draft/viet/city-library/v1.json","6","3","0","ready","1","FAIL","missing_breakdown|missing_breakdown_tokens|three_text_only_sections","must_fix:Missing required breakdown section. || must_fix:Breakdown section has no reusable token rows. || must_fix:Three consecutive text-only sections: Worth it if | Before you go | Good to know"
"150","viet-phrase-city-danang-place-wonderlust","city-danang-place-wonderlust","Wonderlust","Wonderlust","city-v1","content-draft/viet/city-library/v1.json","6","5","0","planned","1","FAIL","missing_breakdown|missing_breakdown_tokens","must_fix:Missing required breakdown section. || must_fix:Breakdown section has no reusable token rows."
"151","viet-phrase-city-danang-place-yen-retreat","city-danang-place-yen-retreat","Yên Retreat","Yen Retreat","city-v1","content-draft/viet/city-library/v1.json","6","6","0","planned","1","FAIL","missing_breakdown|missing_breakdown_tokens","must_fix:Missing required breakdown section. || must_fix:Breakdown section has no reusable token rows."
"152","viet-phrase-city-danang-reservation-nen","city-danang-reservation-nen","Tôi có đặt bàn ở Nén Đà Nẵng","I have a reservation at Nén Đà Nẵng","city-v1","content-draft/viet/city-library/v1.json","3","5","6","planned","1","PASS","",""
"153","viet-phrase-city-danang-stop-airport","city-danang-stop-airport","Dừng ở Sân bay Đà Nẵng","Stop at Da Nang Airport","city-v1","content-draft/viet/city-library/v1.json","3","5","3","planned","1","PASS","",""
"154","viet-phrase-city-danang-stop-bach-dang-street","city-danang-stop-bach-dang-street","Dừng ở Đường Bạch Đằng","Stop at Bach Dang Street","city-v1","content-draft/viet/city-library/v1.json","3","5","3","planned","1","PASS","",""
"155","viet-phrase-city-danang-stop-con-market","city-danang-stop-con-market","Dừng ở Chợ Cồn","Stop at Con Market","city-v1","content-draft/viet/city-library/v1.json","3","5","3","planned","1","PASS","",""
"156","viet-phrase-city-danang-stop-han-market","city-danang-stop-han-market","Dừng ở chợ Hàn","Stop at Han Market","city-v1","content-draft/viet/city-library/v1.json","3","5","3","planned","1","PASS","",""
"157","viet-phrase-city-danang-stop-helio-night-market","city-danang-stop-helio-night-market","Dừng ở Chợ đêm Helio","Stop at Helio Night Market","city-v1","content-draft/viet/city-library/v1.json","3","5","3","planned","1","PASS","",""
"158","viet-phrase-city-danang-stop-nen","city-danang-stop-nen","Cho tôi xuống gần nhà hàng Nén Đà Nẵng.","Let me off near Nén Đà Nẵng restaurant.","city-v1","content-draft/viet/city-library/v1.json","3","5","7","planned","1","PASS","",""
"159","viet-phrase-city-danang-stop-nguyen-van-linh-street","city-danang-stop-nguyen-van-linh-street","Dừng ở Đường Nguyễn Văn Linh","Stop at Nguyen Van Linh Street","city-v1","content-draft/viet/city-library/v1.json","3","4","3","planned","1","PASS","",""
"160","viet-phrase-city-danang-stop-railway-station","city-danang-stop-railway-station","Dừng ở Ga Đà Nẵng","Stop at Da Nang Railway Station","city-v1","content-draft/viet/city-library/v1.json","3","2","3","planned","1","PASS","",""
"161","viet-phrase-city-danang-to-airport","city-danang-to-airport","Cho tôi đến sân bay Đà Nẵng","Please take me to Da Nang Airport","city-v1","content-draft/viet/city-library/v1.json","3","5","5","planned","1","PASS","",""
"162","viet-phrase-city-danang-where-airport","city-danang-where-airport","Sân bay Đà Nẵng ở đâu?","Where is Da Nang Airport?","city-v1","content-draft/viet/city-library/v1.json","3","5","3","planned","1","PASS","",""
"163","viet-phrase-city-danang-where-bach-dang-street","city-danang-where-bach-dang-street","Đường Bạch Đằng ở đâu?","Where is Bach Dang Street?","city-v1","content-draft/viet/city-library/v1.json","3","5","3","planned","1","PASS","",""
"164","viet-phrase-city-danang-where-con-market","city-danang-where-con-market","Chợ Cồn ở đâu?","Where is Con Market?","city-v1","content-draft/viet/city-library/v1.json","3","5","3","planned","1","PASS","",""
"165","viet-phrase-city-danang-where-han-market","city-danang-where-han-market","Chợ Hàn ở đâu?","Where is Han Market?","city-v1","content-draft/viet/city-library/v1.json","3","5","3","planned","1","PASS","",""
"166","viet-phrase-city-danang-where-helio-night-market","city-danang-where-helio-night-market","Chợ đêm Helio ở đâu?","Where is Helio Night Market?","city-v1","content-draft/viet/city-library/v1.json","3","5","3","planned","1","PASS","",""
"167","viet-phrase-city-danang-where-nen","city-danang-where-nen","Nhà hàng Nén Đà Nẵng ở đâu?","Where is Nén Đà Nẵng?","city-v1","content-draft/viet/city-library/v1.json","3","5","4","planned","1","PASS","",""
"168","viet-phrase-city-danang-where-nguyen-van-linh-street","city-danang-where-nguyen-van-linh-street","Đường Nguyễn Văn Linh ở đâu?","Where is Nguyen Van Linh Street?","city-v1","content-draft/viet/city-library/v1.json","3","4","3","planned","1","PASS","",""
"169","viet-phrase-city-danang-where-son-tra-night-market","city-danang-where-son-tra-night-market","Chợ đêm Sơn Trà ở đâu?","Where is Son Tra Night Market?","city-v1","content-draft/viet/city-library/v1.json","3","3","3","planned","1","PASS","",""
"170","viet-phrase-city-danang-where-vo-nguyen-giap-street","city-danang-where-vo-nguyen-giap-street","Đường Võ Nguyên Giáp ở đâu?","Where is Vo Nguyen Giap Street?","city-v1","content-draft/viet/city-library/v1.json","3","3","3","planned","1","PASS","",""
"171","viet-phrase-city-hanoi-atm-bun-cha-huong-lien","city-hanoi-atm-bun-cha-huong-lien","Có ATM gần Bún chả Hương Liên không?","Is there an ATM near Bun Cha Huong Lien?","city-v1","content-draft/viet/city-library/v1.json","3","5","6","planned","1","PASS","",""
"172","viet-phrase-city-hanoi-atm-cha-ca-thang-long","city-hanoi-atm-cha-ca-thang-long","Có ATM gần Chả cá Thăng Long không?","Is there an ATM near Cha Ca Thang Long?","city-v1","content-draft/viet/city-library/v1.json","3","5","6","planned","1","PASS","",""
"173","viet-phrase-city-hanoi-atm-dong-xuan-market","city-hanoi-atm-dong-xuan-market","Có ATM gần Chợ Đồng Xuân không?","Is there an ATM near Dong Xuan Market?","city-v1","content-draft/viet/city-library/v1.json","3","5","6","planned","1","PASS","",""
"174","viet-phrase-city-hanoi-atm-giang-cafe","city-hanoi-atm-giang-cafe","Có ATM gần Cà phê Giảng không?","Is there an ATM near Giang Cafe?","city-v1","content-draft/viet/city-library/v1.json","3","5","6","planned","1","PASS","",""
"175","viet-phrase-city-hanoi-atm-hang-bac-street","city-hanoi-atm-hang-bac-street","Có ATM gần Phố Hàng Bạc không?","Is there an ATM near Hang Bac Street?","city-v1","content-draft/viet/city-library/v1.json","3","5","6","planned","1","PASS","",""
"176","viet-phrase-city-hanoi-atm-hang-gai-street","city-hanoi-atm-hang-gai-street","Có ATM gần Phố Hàng Gai không?","Is there an ATM near Hang Gai Street?","city-v1","content-draft/viet/city-library/v1.json","3","5","6","planned","1","PASS","",""
"177","viet-phrase-city-hanoi-atm-long-bien-market","city-hanoi-atm-long-bien-market","Có ATM gần Chợ Long Biên không?","Is there an ATM near Long Bien Market?","city-v1","content-draft/viet/city-library/v1.json","3","5","6","planned","1","PASS","",""
"178","viet-phrase-city-hanoi-atm-old-quarter","city-hanoi-atm-old-quarter","Có ATM gần phố cổ Hà Nội không?","Is there an ATM near Hanoi Old Quarter?","city-v1","content-draft/viet/city-library/v1.json","3","5","6","planned","1","PASS","",""
"179","viet-phrase-city-hanoi-buy-gift-hang-gai","city-hanoi-buy-gift-hang-gai","Tôi muốn mua quà ở Hàng Gai","I want to buy gifts on Hang Gai","city-v1","content-draft/viet/city-library/v1.json","3","5","8","planned","1","PASS","",""
"180","viet-phrase-city-hanoi-eat-near-bun-cha-huong-lien","city-hanoi-eat-near-bun-cha-huong-lien","Ăn gần Bún chả Hương Liên","Eat near Bun Cha Huong Lien","city-v1","content-draft/viet/city-library/v1.json","3","5","4","planned","1","PASS","",""
"181","viet-phrase-city-hanoi-eat-near-cha-ca-thang-long","city-hanoi-eat-near-cha-ca-thang-long","Ăn gần Chả cá Thăng Long","Eat near Cha Ca Thang Long","city-v1","content-draft/viet/city-library/v1.json","3","5","4","planned","1","PASS","",""
"182","viet-phrase-city-hanoi-eat-near-dong-xuan-market","city-hanoi-eat-near-dong-xuan-market","Ăn gần Chợ Đồng Xuân","Eat near Dong Xuan Market","city-v1","content-draft/viet/city-library/v1.json","3","5","4","planned","1","PASS","",""
"183","viet-phrase-city-hanoi-entrance-dong-xuan-market","city-hanoi-entrance-dong-xuan-market","Lối vào Chợ Đồng Xuân ở đâu?","Where is the entrance to Dong Xuan Market?","city-v1","content-draft/viet/city-library/v1.json","3","5","4","planned","1","PASS","",""
"184","viet-phrase-city-hanoi-entrance-long-bien-market","city-hanoi-entrance-long-bien-market","Lối vào Chợ Long Biên ở đâu?","Where is the entrance to Long Bien Market?","city-v1","content-draft/viet/city-library/v1.json","3","5","4","planned","1","PASS","",""
"185","viet-phrase-city-hanoi-go-bun-cha-huong-lien","city-hanoi-go-bun-cha-huong-lien","Cho tôi đến nhà hàng Bún chả Hương Liên.","Please take me to Bún chả Hương Liên restaurant.","city-v1","content-draft/viet/city-library/v1.json","3","5","6","planned","1","PASS","",""
"186","viet-phrase-city-hanoi-go-cha-ca-thang-long","city-hanoi-go-cha-ca-thang-long","Cho tôi đến nhà hàng Chả cá Thăng Long.","Please take me to Chả cá Thăng Long restaurant.","city-v1","content-draft/viet/city-library/v1.json","3","5","6","planned","1","PASS","",""
"187","viet-phrase-city-hanoi-go-dong-xuan-market","city-hanoi-go-dong-xuan-market","Đi Chợ Đồng Xuân","Go to Dong Xuan Market","city-v1","content-draft/viet/city-library/v1.json","3","5","3","planned","1","PASS","",""
"188","viet-phrase-city-hanoi-go-giang-cafe","city-hanoi-go-giang-cafe","Đi Cà phê Giảng","Go to Giang Cafe","city-v1","content-draft/viet/city-library/v1.json","3","5","3","planned","1","PASS","",""
"189","viet-phrase-city-hanoi-go-hang-bac-street","city-hanoi-go-hang-bac-street","Đi Phố Hàng Bạc","Go to Hang Bac Street","city-v1","content-draft/viet/city-library/v1.json","3","5","3","planned","1","PASS","",""
"190","viet-phrase-city-hanoi-go-hang-gai-street","city-hanoi-go-hang-gai-street","Đi Phố Hàng Gai","Go to Hang Gai Street","city-v1","content-draft/viet/city-library/v1.json","3","5","3","planned","1","PASS","",""
"191","viet-phrase-city-hanoi-go-long-bien-market","city-hanoi-go-long-bien-market","Đi Chợ Long Biên","Go to Long Bien Market","city-v1","content-draft/viet/city-library/v1.json","3","5","3","planned","1","PASS","",""
"192","viet-phrase-city-hanoi-go-noi-bai-airport","city-hanoi-go-noi-bai-airport","Đi Sân bay Nội Bài","Go to Noi Bai Airport","city-v1","content-draft/viet/city-library/v1.json","3","3","3","planned","1","PASS","",""
"193","viet-phrase-city-hanoi-go-old-quarter","city-hanoi-go-old-quarter","Đi Phố cổ Hà Nội","Go to Hanoi Old Quarter","city-v1","content-draft/viet/city-library/v1.json","3","5","3","planned","1","PASS","",""
"194","viet-phrase-city-hanoi-go-phan-dinh-phung-street","city-hanoi-go-phan-dinh-phung-street","Đi Phố Phan Đình Phùng","Go to Phan Dinh Phung Street","city-v1","content-draft/viet/city-library/v1.json","3","3","3","planned","1","PASS","",""
"195","viet-phrase-city-hanoi-go-pho-bat-dan","city-hanoi-go-pho-bat-dan","Cho tôi đến nhà hàng Phở Bát Đàn.","Please take me to Phở Bát Đàn restaurant.","city-v1","content-draft/viet/city-library/v1.json","3","5","6","planned","1","PASS","",""
"196","viet-phrase-city-hanoi-go-ta-hien","city-hanoi-go-ta-hien","Đi phố Tạ Hiện","Go to Ta Hien Street","city-v1","content-draft/viet/city-library/v1.json","3","3","3","planned","1","PASS","",""
"197","viet-phrase-city-hanoi-go-tam-vi","city-hanoi-go-tam-vi","Cho tôi đến nhà hàng Tầm Vị.","Please take me to Tầm Vị restaurant.","city-v1","content-draft/viet/city-library/v1.json","3","5","6","planned","1","PASS","",""
"198","viet-phrase-city-hanoi-go-tay-ho","city-hanoi-go-tay-ho","Đi Tây Hồ","Go to Tay Ho","city-v1","content-draft/viet/city-library/v1.json","3","3","3","planned","1","PASS","",""
"199","viet-phrase-city-hanoi-go-train-street","city-hanoi-go-train-street","Đi Phố đường tàu Hà Nội","Go to Hanoi Train Street","city-v1","content-draft/viet/city-library/v1.json","3","3","3","planned","1","PASS","",""
"200","viet-phrase-city-hanoi-near-dong-xuan-market","city-hanoi-near-dong-xuan-market","Chợ Đồng Xuân gần đây không?","Is Dong Xuan Market near here?","city-v1","content-draft/viet/city-library/v1.json","3","5","4","planned","1","PASS","",""
"201","viet-phrase-city-hanoi-near-hang-bac-street","city-hanoi-near-hang-bac-street","Phố Hàng Bạc gần đây không?","Is Hang Bac Street near here?","city-v1","content-draft/viet/city-library/v1.json","3","5","4","planned","1","PASS","",""
"202","viet-phrase-city-hanoi-near-hang-gai-street","city-hanoi-near-hang-gai-street","Phố Hàng Gai gần đây không?","Is Hang Gai Street near here?","city-v1","content-draft/viet/city-library/v1.json","3","5","4","planned","1","PASS","",""
"203","viet-phrase-city-hanoi-near-long-bien-market","city-hanoi-near-long-bien-market","Chợ Long Biên gần đây không?","Is Long Bien Market near here?","city-v1","content-draft/viet/city-library/v1.json","3","5","4","planned","1","PASS","",""
"204","viet-phrase-city-hanoi-near-old-quarter","city-hanoi-near-old-quarter","Phố cổ Hà Nội gần đây không?","Is Hanoi Old Quarter near here?","city-v1","content-draft/viet/city-library/v1.json","3","5","4","planned","1","PASS","",""
"205","viet-phrase-city-hanoi-pharmacy-dong-xuan","city-hanoi-pharmacy-dong-xuan","Có nhà thuốc gần chợ Đồng Xuân không?","Is there a pharmacy near Dong Xuan Market?","city-v1","content-draft/viet/city-library/v1.json","3","5","6","planned","1","PASS","",""
"206","viet-phrase-city-hanoi-place-ba-dinh-district","city-hanoi-place-ba-dinh-district","Quận Ba Đình","Ba Dinh District","city-v1","content-draft/viet/city-library/v1.json","6","1","0","planned","1","FAIL","missing_breakdown|missing_breakdown_tokens|three_text_only_sections","must_fix:Missing required breakdown section. || must_fix:Breakdown section has no reusable token rows. || must_fix:Three consecutive text-only sections: Worth it if | Before you go | Good to know"
"207","viet-phrase-city-hanoi-place-ba-dinh-square","city-hanoi-place-ba-dinh-square","Quảng trường Ba Đình","Ba Dinh Square","city-v1","content-draft/viet/city-library/v1.json","6","6","0","ready","1","FAIL","missing_breakdown|missing_breakdown_tokens","must_fix:Missing required breakdown section. || must_fix:Breakdown section has no reusable token rows."
"208","viet-phrase-city-hanoi-place-banh-cuon","city-hanoi-place-banh-cuon","Bánh cuốn ở Hà Nội","Steamed rice rolls","city-v1","content-draft/viet/city-library/v1.json","6","2","0","planned","1","FAIL","missing_breakdown|missing_breakdown_tokens|three_text_only_sections","must_fix:Missing required breakdown section. || must_fix:Breakdown section has no reusable token rows. || must_fix:Three consecutive text-only sections: Worth it if | Before you go | Good to know"
"209","viet-phrase-city-hanoi-place-bay-mau-lake","city-hanoi-place-bay-mau-lake","Hồ Bảy Mẫu","Bay Mau Lake","city-v1","content-draft/viet/city-library/v1.json","6","6","0","planned","1","FAIL","missing_breakdown|missing_breakdown_tokens","must_fix:Missing required breakdown section. || must_fix:Breakdown section has no reusable token rows."
"210","viet-phrase-city-hanoi-place-bia-hoi","city-hanoi-place-bia-hoi","Bia hơi Hà Nội","Fresh beer","city-v1","content-draft/viet/city-library/v1.json","6","2","0","planned","1","FAIL","missing_breakdown|missing_breakdown_tokens|three_text_only_sections","must_fix:Missing required breakdown section. || must_fix:Breakdown section has no reusable token rows. || must_fix:Three consecutive text-only sections: Worth it if | Before you go | Good to know"
"211","viet-phrase-city-hanoi-place-botanical-garden","city-hanoi-place-botanical-garden","Vườn Bách Thảo Hà Nội","Hanoi Botanical Garden","city-v1","content-draft/viet/city-library/v1.json","6","6","0","planned","1","FAIL","missing_breakdown|missing_breakdown_tokens","must_fix:Missing required breakdown section. || must_fix:Breakdown section has no reusable token rows."
"212","viet-phrase-city-hanoi-place-bun-cha","city-hanoi-place-bun-cha","Bún chả ở Hà Nội","Bun cha","city-v1","content-draft/viet/city-library/v1.json","6","3","0","planned","1","FAIL","missing_breakdown|missing_breakdown_tokens|three_text_only_sections","must_fix:Missing required breakdown section. || must_fix:Breakdown section has no reusable token rows. || must_fix:Three consecutive text-only sections: Worth it if | Before you go | Good to know"
"213","viet-phrase-city-hanoi-place-bun-cha-huong-lien","city-hanoi-place-bun-cha-huong-lien","Bún chả Hương Liên","Bun Cha Huong Lien","city-v1","content-draft/viet/city-library/v1.json","6","8","0","ready","1","FAIL","missing_breakdown|missing_breakdown_tokens","must_fix:Missing required breakdown section. || must_fix:Breakdown section has no reusable token rows."
"214","viet-phrase-city-hanoi-place-bun-cha-ta","city-hanoi-place-bun-cha-ta","Bún Chả Ta","Bun Cha Ta","city-v1","content-draft/viet/city-library/v1.json","6","5","0","planned","1","FAIL","missing_breakdown|missing_breakdown_tokens","must_fix:Missing required breakdown section. || must_fix:Breakdown section has no reusable token rows."
"215","viet-phrase-city-hanoi-place-bun-thang","city-hanoi-place-bun-thang","Bún thang ở Hà Nội","Bun thang","city-v1","content-draft/viet/city-library/v1.json","6","2","0","planned","1","FAIL","missing_breakdown|missing_breakdown_tokens|three_text_only_sections","must_fix:Missing required breakdown section. || must_fix:Breakdown section has no reusable token rows. || must_fix:Three consecutive text-only sections: Worth it if | Before you go | Good to know"
"216","viet-phrase-city-hanoi-place-ca-phe-sua-da","city-hanoi-place-ca-phe-sua-da","Cà phê sữa đá ở Hà Nội","Iced milk coffee","city-v1","content-draft/viet/city-library/v1.json","6","2","0","planned","1","FAIL","missing_breakdown|missing_breakdown_tokens|three_text_only_sections","must_fix:Missing required breakdown section. || must_fix:Breakdown section has no reusable token rows. || must_fix:Three consecutive text-only sections: Worth it if | Before you go | Good to know"
"217","viet-phrase-city-hanoi-place-cha-ca","city-hanoi-place-cha-ca","Chả cá ở Hà Nội","Turmeric dill fish","city-v1","content-draft/viet/city-library/v1.json","6","2","0","planned","1","FAIL","missing_breakdown|missing_breakdown_tokens|three_text_only_sections","must_fix:Missing required breakdown section. || must_fix:Breakdown section has no reusable token rows. || must_fix:Three consecutive text-only sections: Worth it if | Before you go | Good to know"
"218","viet-phrase-city-hanoi-place-cha-ca-thang-long","city-hanoi-place-cha-ca-thang-long","Chả cá Thăng Long","Cha Ca Thang Long","city-v1","content-draft/viet/city-library/v1.json","6","8","0","ready","1","FAIL","missing_breakdown|missing_breakdown_tokens","must_fix:Missing required breakdown section. || must_fix:Breakdown section has no reusable token rows."
"219","viet-phrase-city-hanoi-place-cho-buoi-market","city-hanoi-place-cho-buoi-market","Chợ Bưởi","Buoi Market","city-v1","content-draft/viet/city-library/v1.json","6","1","0","planned","1","FAIL","missing_breakdown|missing_breakdown_tokens|three_text_only_sections","must_fix:Missing required breakdown section. || must_fix:Breakdown section has no reusable token rows. || must_fix:Three consecutive text-only sections: Worth it if | Before you go | Good to know"
"220","viet-phrase-city-hanoi-place-coffee-hop","city-hanoi-place-coffee-hop","Đi cà phê Hà Nội","Hanoi coffee hop","city-v1","content-draft/viet/city-library/v1.json","6","6","0","planned","1","FAIL","missing_breakdown|missing_breakdown_tokens","must_fix:Missing required breakdown section. || must_fix:Breakdown section has no reusable token rows."
"221","viet-phrase-city-hanoi-place-cong-ca-phe-trieu-viet-vuong","city-hanoi-place-cong-ca-phe-trieu-viet-vuong","Cộng Cà Phê","Cong Ca Phe","city-v1","content-draft/viet/city-library/v1.json","6","5","0","planned","1","FAIL","missing_breakdown|missing_breakdown_tokens","must_fix:Missing required breakdown section. || must_fix:Breakdown section has no reusable token rows."
"222","viet-phrase-city-hanoi-place-cyclo-old-quarter","city-hanoi-place-cyclo-old-quarter","Xích lô phố cổ","Old Quarter cyclo ride","city-v1","content-draft/viet/city-library/v1.json","6","6","0","planned","1","FAIL","missing_breakdown|missing_breakdown_tokens","must_fix:Missing required breakdown section. || must_fix:Breakdown section has no reusable token rows."
"223","viet-phrase-city-hanoi-place-dinh-cafe","city-hanoi-place-dinh-cafe","Cà phê Đinh","Dinh Cafe","city-v1","content-draft/viet/city-library/v1.json","6","5","0","planned","1","FAIL","missing_breakdown|missing_breakdown_tokens","must_fix:Missing required breakdown section. || must_fix:Breakdown section has no reusable token rows."
"224","viet-phrase-city-hanoi-place-dong-da","city-hanoi-place-dong-da","Đống Đa","Dong Da","city-v1","content-draft/viet/city-library/v1.json","6","1","0","planned","1","FAIL","missing_breakdown|missing_breakdown_tokens|three_text_only_sections","must_fix:Missing required breakdown section. || must_fix:Breakdown section has no reusable token rows. || must_fix:Three consecutive text-only sections: Worth it if | Before you go | Good to know"
"225","viet-phrase-city-hanoi-place-dong-xuan","city-hanoi-place-dong-xuan","Chợ Đồng Xuân","Dong Xuan Market","city-v1","content-draft/viet/city-library/v1.json","6","5","0","ready","1","FAIL","missing_breakdown|missing_breakdown_tokens|three_text_only_sections","must_fix:Missing required breakdown section. || must_fix:Breakdown section has no reusable token rows. || must_fix:Three consecutive text-only sections: Worth it if | Before you go | Good to know"
"226","viet-phrase-city-hanoi-place-egg-coffee","city-hanoi-place-egg-coffee","Cà phê trứng ở Hà Nội","Egg coffee","city-v1","content-draft/viet/city-library/v1.json","6","2","0","planned","1","FAIL","missing_breakdown|missing_breakdown_tokens|three_text_only_sections","must_fix:Missing required breakdown section. || must_fix:Breakdown section has no reusable token rows. || must_fix:Three consecutive text-only sections: Worth it if | Before you go | Good to know"
"227","viet-phrase-city-hanoi-place-ethnology-museum","city-hanoi-place-ethnology-museum","Bảo tàng Dân tộc học","Vietnam Museum of Ethnology","city-v1","content-draft/viet/city-library/v1.json","6","6","0","ready","1","FAIL","missing_breakdown|missing_breakdown_tokens","must_fix:Missing required breakdown section. || must_fix:Breakdown section has no reusable token rows."
"228","viet-phrase-city-hanoi-place-french-quarter","city-hanoi-place-french-quarter","Khu phố Pháp","French Quarter","city-v1","content-draft/viet/city-library/v1.json","6","1","0","planned","1","FAIL","missing_breakdown|missing_breakdown_tokens|three_text_only_sections","must_fix:Missing required breakdown section. || must_fix:Breakdown section has no reusable token rows. || must_fix:Three consecutive text-only sections: Worth it if | Before you go | Good to know"
"229","viet-phrase-city-hanoi-place-french-quarter-walk","city-hanoi-place-french-quarter-walk","Đi bộ khu phố Pháp","French Quarter walk","city-v1","content-draft/viet/city-library/v1.json","6","6","0","planned","1","FAIL","missing_breakdown|missing_breakdown_tokens","must_fix:Missing required breakdown section. || must_fix:Breakdown section has no reusable token rows."
"230","viet-phrase-city-hanoi-place-gia","city-hanoi-place-gia","Gia","Gia","city-v1","content-draft/viet/city-library/v1.json","6","6","0","planned","1","FAIL","missing_breakdown|missing_breakdown_tokens","must_fix:Missing required breakdown section. || must_fix:Breakdown section has no reusable token rows."
"231","viet-phrase-city-hanoi-place-gia-lam-station","city-hanoi-place-gia-lam-station","Ga Gia Lâm","Gia Lam Railway Station","city-v1","content-draft/viet/city-library/v1.json","6","1","0","planned","1","FAIL","missing_breakdown|missing_breakdown_tokens|three_text_only_sections","must_fix:Missing required breakdown section. || must_fix:Breakdown section has no reusable token rows. || must_fix:Three consecutive text-only sections: Worth it if | Before you go | Good to know"
"232","viet-phrase-city-hanoi-place-giang-cafe","city-hanoi-place-giang-cafe","Cà phê Giảng","Cafe Giang","city-v1","content-draft/viet/city-library/v1.json","6","8","0","ready","1","FAIL","missing_breakdown|missing_breakdown_tokens","must_fix:Missing required breakdown section. || must_fix:Breakdown section has no reusable token rows."
"233","viet-phrase-city-hanoi-place-giap-bat-bus-station","city-hanoi-place-giap-bat-bus-station","Bến xe Giáp Bát","Giap Bat Bus Station","city-v1","content-draft/viet/city-library/v1.json","6","1","0","planned","1","FAIL","missing_breakdown|missing_breakdown_tokens|three_text_only_sections","must_fix:Missing required breakdown section. || must_fix:Breakdown section has no reusable token rows. || must_fix:Three consecutive text-only sections: Worth it if | Before you go | Good to know"
"234","viet-phrase-city-hanoi-place-hang-bac-street","city-hanoi-place-hang-bac-street","Phố Hàng Bạc","Hang Bac Street","city-v1","content-draft/viet/city-library/v1.json","6","4","0","ready","1","FAIL","missing_breakdown|missing_breakdown_tokens|three_text_only_sections","must_fix:Missing required breakdown section. || must_fix:Breakdown section has no reusable token rows. || must_fix:Three consecutive text-only sections: Worth it if | Before you go | Good to know"
"235","viet-phrase-city-hanoi-place-hang-da-market","city-hanoi-place-hang-da-market","Chợ Hàng Da","Hang Da Market","city-v1","content-draft/viet/city-library/v1.json","6","1","0","planned","1","FAIL","missing_breakdown|missing_breakdown_tokens|three_text_only_sections","must_fix:Missing required breakdown section. || must_fix:Breakdown section has no reusable token rows. || must_fix:Three consecutive text-only sections: Worth it if | Before you go | Good to know"
"236","viet-phrase-city-hanoi-place-hang-gai-street","city-hanoi-place-hang-gai-street","Phố Hàng Gai","Hang Gai Street","city-v1","content-draft/viet/city-library/v1.json","6","4","0","ready","1","FAIL","missing_breakdown|missing_breakdown_tokens|three_text_only_sections","must_fix:Missing required breakdown section. || must_fix:Breakdown section has no reusable token rows. || must_fix:Three consecutive text-only sections: Worth it if | Before you go | Good to know"
"237","viet-phrase-city-hanoi-place-hanoi-flag-tower","city-hanoi-place-hanoi-flag-tower","Cột cờ Hà Nội","Hanoi Flag Tower","city-v1","content-draft/viet/city-library/v1.json","6","6","0","planned","1","FAIL","missing_breakdown|missing_breakdown_tokens","must_fix:Missing required breakdown section. || must_fix:Breakdown section has no reusable token rows."
"238","viet-phrase-city-hanoi-place-hanoi-railway-station","city-hanoi-place-hanoi-railway-station","Ga Hà Nội","Hanoi Railway Station","city-v1","content-draft/viet/city-library/v1.json","6","1","0","planned","1","FAIL","missing_breakdown|missing_breakdown_tokens|three_text_only_sections","must_fix:Missing required breakdown section. || must_fix:Breakdown section has no reusable token rows. || must_fix:Three consecutive text-only sections: Worth it if | Before you go | Good to know"
"239","viet-phrase-city-hanoi-place-hibana-by-koki","city-hanoi-place-hibana-by-koki","Hibana by Koki","Hibana by Koki","city-v1","content-draft/viet/city-library/v1.json","6","5","0","planned","1","FAIL","missing_breakdown|missing_breakdown_tokens","must_fix:Missing required breakdown section. || must_fix:Breakdown section has no reusable token rows."
"240","viet-phrase-city-hanoi-place-ho-chi-minh-mausoleum","city-hanoi-place-ho-chi-minh-mausoleum","Lăng Bác","Ho Chi Minh Mausoleum","city-v1","content-draft/viet/city-library/v1.json","6","6","0","ready","1","FAIL","missing_breakdown|missing_breakdown_tokens","must_fix:Missing required breakdown section. || must_fix:Breakdown section has no reusable token rows."
"241","viet-phrase-city-hanoi-place-ho-chi-minh-museum","city-hanoi-place-ho-chi-minh-museum","Bảo tàng Hồ Chí Minh","Ho Chi Minh Museum","city-v1","content-draft/viet/city-library/v1.json","6","6","0","planned","1","FAIL","missing_breakdown|missing_breakdown_tokens","must_fix:Missing required breakdown section. || must_fix:Breakdown section has no reusable token rows."
"242","viet-phrase-city-hanoi-place-hoa-lo-prison","city-hanoi-place-hoa-lo-prison","Nhà tù Hỏa Lò","Hoa Lo Prison Relic","city-v1","content-draft/viet/city-library/v1.json","6","6","0","ready","1","FAIL","missing_breakdown|missing_breakdown_tokens","must_fix:Missing required breakdown section. || must_fix:Breakdown section has no reusable token rows."
"243","viet-phrase-city-hanoi-place-hoan-kiem","city-hanoi-place-hoan-kiem","Hồ Hoàn Kiếm","Hoan Kiem Lake","city-v1","content-draft/viet/city-library/v1.json","6","6","0","ready","1","FAIL","missing_breakdown|missing_breakdown_tokens","must_fix:Missing required breakdown section. || must_fix:Breakdown section has no reusable token rows."
"244","viet-phrase-city-hanoi-place-hom-market","city-hanoi-place-hom-market","Chợ Hôm","Hom Market","city-v1","content-draft/viet/city-library/v1.json","6","1","0","planned","1","FAIL","missing_breakdown|missing_breakdown_tokens|three_text_only_sections","must_fix:Missing required breakdown section. || must_fix:Breakdown section has no reusable token rows. || must_fix:Three consecutive text-only sections: Worth it if | Before you go | Good to know"
"245","viet-phrase-city-hanoi-place-imperial-citadel","city-hanoi-place-imperial-citadel","Hoàng thành Thăng Long","Imperial Citadel of Thang Long","city-v1","content-draft/viet/city-library/v1.json","6","6","0","ready","1","FAIL","missing_breakdown|missing_breakdown_tokens","must_fix:Missing required breakdown section. || must_fix:Breakdown section has no reusable token rows."
"246","viet-phrase-city-hanoi-place-lam-cafe","city-hanoi-place-lam-cafe","Cà phê Lâm","Lam Cafe","city-v1","content-draft/viet/city-library/v1.json","6","5","0","planned","1","FAIL","missing_breakdown|missing_breakdown_tokens","must_fix:Missing required breakdown section. || must_fix:Breakdown section has no reusable token rows."
"247","viet-phrase-city-hanoi-place-lamai-garden","city-hanoi-place-lamai-garden","Lamai Garden","Lamai Garden","city-v1","content-draft/viet/city-library/v1.json","6","5","0","planned","1","FAIL","missing_breakdown|missing_breakdown_tokens","must_fix:Missing required breakdown section. || must_fix:Breakdown section has no reusable token rows."
"248","viet-phrase-city-hanoi-place-lenin-park","city-hanoi-place-lenin-park","Công viên Lê Nin","Lenin Park","city-v1","content-draft/viet/city-library/v1.json","6","6","0","planned","1","FAIL","missing_breakdown|missing_breakdown_tokens","must_fix:Missing required breakdown section. || must_fix:Breakdown section has no reusable token rows."
"249","viet-phrase-city-hanoi-place-literature-museum","city-hanoi-place-literature-museum","Bảo tàng Văn học Việt Nam","Vietnam Literature Museum","city-v1","content-draft/viet/city-library/v1.json","6","6","0","planned","1","FAIL","missing_breakdown|missing_breakdown_tokens","must_fix:Missing required breakdown section. || must_fix:Breakdown section has no reusable token rows."
"250","viet-phrase-city-hanoi-place-loading-t-cafe","city-hanoi-place-loading-t-cafe","Loading T Cafe","Loading T Cafe","city-v1","content-draft/viet/city-library/v1.json","6","5","0","planned","1","FAIL","missing_breakdown|missing_breakdown_tokens","must_fix:Missing required breakdown section. || must_fix:Breakdown section has no reusable token rows."
"251","viet-phrase-city-hanoi-place-long-bien-bridge","city-hanoi-place-long-bien-bridge","Cầu Long Biên","Long Bien Bridge","city-v1","content-draft/viet/city-library/v1.json","6","6","0","ready","1","FAIL","missing_breakdown|missing_breakdown_tokens","must_fix:Missing required breakdown section. || must_fix:Breakdown section has no reusable token rows."
"252","viet-phrase-city-hanoi-place-long-bien-market","city-hanoi-place-long-bien-market","Chợ Long Biên","Long Bien Market","city-v1","content-draft/viet/city-library/v1.json","6","5","0","ready","1","FAIL","missing_breakdown|missing_breakdown_tokens|three_text_only_sections","must_fix:Missing required breakdown section. || must_fix:Breakdown section has no reusable token rows. || must_fix:Three consecutive text-only sections: Worth it if | Before you go | Good to know"
"253","viet-phrase-city-hanoi-place-manzi-art-space","city-hanoi-place-manzi-art-space","Manzi","Manzi Art Space","city-v1","content-draft/viet/city-library/v1.json","6","6","0","planned","1","FAIL","missing_breakdown|missing_breakdown_tokens","must_fix:Missing required breakdown section. || must_fix:Breakdown section has no reusable token rows."
"254","viet-phrase-city-hanoi-place-mien-luon","city-hanoi-place-mien-luon","Miến lươn ở Hà Nội","Eel glass noodles","city-v1","content-draft/viet/city-library/v1.json","6","2","0","planned","1","FAIL","missing_breakdown|missing_breakdown_tokens|three_text_only_sections","must_fix:Missing required breakdown section. || must_fix:Breakdown section has no reusable token rows. || must_fix:Three consecutive text-only sections: Worth it if | Before you go | Good to know"
"255","viet-phrase-city-hanoi-place-mien-luon-chan-cam","city-hanoi-place-mien-luon-chan-cam","Miến lươn Chân Cầm","Mien Luon Chan Cam","city-v1","content-draft/viet/city-library/v1.json","6","5","0","planned","1","FAIL","missing_breakdown|missing_breakdown_tokens","must_fix:Missing required breakdown section. || must_fix:Breakdown section has no reusable token rows."
"256","viet-phrase-city-hanoi-place-my-dinh-bus-station","city-hanoi-place-my-dinh-bus-station","Bến xe Mỹ Đình","My Dinh Bus Station","city-v1","content-draft/viet/city-library/v1.json","6","1","0","planned","1","FAIL","missing_breakdown|missing_breakdown_tokens|three_text_only_sections","must_fix:Missing required breakdown section. || must_fix:Breakdown section has no reusable token rows. || must_fix:Three consecutive text-only sections: Worth it if | Before you go | Good to know"
"257","viet-phrase-city-hanoi-place-nang-cafe","city-hanoi-place-nang-cafe","Cà phê Năng","Nang Cafe","city-v1","content-draft/viet/city-library/v1.json","6","5","0","planned","1","FAIL","missing_breakdown|missing_breakdown_tokens","must_fix:Missing required breakdown section. || must_fix:Breakdown section has no reusable token rows."
"258","viet-phrase-city-hanoi-place-national-museum-history","city-hanoi-place-national-museum-history","Bảo tàng Lịch sử Quốc gia","Vietnam National Museum of History","city-v1","content-draft/viet/city-library/v1.json","6","6","0","planned","1","FAIL","missing_breakdown|missing_breakdown_tokens","must_fix:Missing required breakdown section. || must_fix:Breakdown section has no reusable token rows."
"259","viet-phrase-city-hanoi-place-nem-cua-be","city-hanoi-place-nem-cua-be","Nem cua bể ở Hà Nội","Crab spring rolls","city-v1","content-draft/viet/city-library/v1.json","6","2","0","planned","1","FAIL","missing_breakdown|missing_breakdown_tokens|three_text_only_sections","must_fix:Missing required breakdown section. || must_fix:Breakdown section has no reusable token rows. || must_fix:Three consecutive text-only sections: Worth it if | Before you go | Good to know"
"260","viet-phrase-city-hanoi-place-ngoc-son-temple","city-hanoi-place-ngoc-son-temple","Đền Ngọc Sơn","Ngoc Son Temple","city-v1","content-draft/viet/city-library/v1.json","6","6","0","planned","1","FAIL","missing_breakdown|missing_breakdown_tokens","must_fix:Missing required breakdown section. || must_fix:Breakdown section has no reusable token rows."
"261","viet-phrase-city-hanoi-place-nguyen-huu-huan-street","city-hanoi-place-nguyen-huu-huan-street","Phố Nguyễn Hữu Huân","Nguyen Huu Huan Street","city-v1","content-draft/viet/city-library/v1.json","6","1","0","planned","1","FAIL","missing_breakdown|missing_breakdown_tokens|three_text_only_sections","must_fix:Missing required breakdown section. || must_fix:Breakdown section has no reusable token rows. || must_fix:Three consecutive text-only sections: Worth it if | Before you go | Good to know"
"262","viet-phrase-city-hanoi-place-night-market-walk","city-hanoi-place-night-market-walk","Đi chợ đêm phố cổ","Old Quarter night market walk","city-v1","content-draft/viet/city-library/v1.json","6","1","0","planned","1","FAIL","missing_breakdown|missing_breakdown_tokens|three_text_only_sections","must_fix:Missing required breakdown section. || must_fix:Breakdown section has no reusable token rows. || must_fix:Three consecutive text-only sections: Worth it if | Before you go | Good to know"
"263","viet-phrase-city-hanoi-place-noi-bai-airport","city-hanoi-place-noi-bai-airport","Sân bay Nội Bài","Noi Bai International Airport","city-v1","content-draft/viet/city-library/v1.json","6","4","0","ready","1","FAIL","missing_breakdown|missing_breakdown_tokens|three_text_only_sections","must_fix:Missing required breakdown section. || must_fix:Breakdown section has no reusable token rows. || must_fix:Three consecutive text-only sections: Worth it if | Before you go | Good to know"
"264","viet-phrase-city-hanoi-place-nuoc-ngam-bus-station","city-hanoi-place-nuoc-ngam-bus-station","Bến xe Nước Ngầm","Nuoc Ngam Bus Station","city-v1","content-draft/viet/city-library/v1.json","6","1","0","planned","1","FAIL","missing_breakdown|missing_breakdown_tokens|three_text_only_sections","must_fix:Missing required breakdown section. || must_fix:Breakdown section has no reusable token rows. || must_fix:Three consecutive text-only sections: Worth it if | Before you go | Good to know"
"265","viet-phrase-city-hanoi-place-old-quarter","city-hanoi-place-old-quarter","Phố cổ Hà Nội","Old Quarter","city-v1","content-draft/viet/city-library/v1.json","6","4","0","ready","1","FAIL","missing_breakdown|missing_breakdown_tokens|three_text_only_sections","must_fix:Missing required breakdown section. || must_fix:Breakdown section has no reusable token rows. || must_fix:Three consecutive text-only sections: Worth it if | Before you go | Good to know"
"266","viet-phrase-city-hanoi-place-old-quarter-walking-tour","city-hanoi-place-old-quarter-walking-tour","Tuyến đi bộ Phố cổ","Old Quarter walking route","city-v1","content-draft/viet/city-library/v1.json","6","6","0","planned","1","FAIL","missing_breakdown|missing_breakdown_tokens","must_fix:Missing required breakdown section. || must_fix:Breakdown section has no reusable token rows."
"267","viet-phrase-city-hanoi-place-one-pillar-pagoda","city-hanoi-place-one-pillar-pagoda","Chùa Một Cột","One Pillar Pagoda","city-v1","content-draft/viet/city-library/v1.json","6","6","0","planned","1","FAIL","missing_breakdown|missing_breakdown_tokens","must_fix:Missing required breakdown section. || must_fix:Breakdown section has no reusable token rows."
"268","viet-phrase-city-hanoi-place-opera-house","city-hanoi-place-opera-house","Nhà hát Lớn Hà Nội","Hanoi Opera House","city-v1","content-draft/viet/city-library/v1.json","6","6","0","ready","1","FAIL","missing_breakdown|missing_breakdown_tokens","must_fix:Missing required breakdown section. || must_fix:Breakdown section has no reusable token rows."
"269","viet-phrase-city-hanoi-place-phan-dinh-phung-street","city-hanoi-place-phan-dinh-phung-street","Phố Phan Đình Phùng","Phan Dinh Phung Street","city-v1","content-draft/viet/city-library/v1.json","6","4","0","ready","1","FAIL","missing_breakdown|missing_breakdown_tokens|three_text_only_sections","must_fix:Missing required breakdown section. || must_fix:Breakdown section has no reusable token rows. || must_fix:Three consecutive text-only sections: Worth it if | Before you go | Good to know"
"270","viet-phrase-city-hanoi-place-pho-bat-dan","city-hanoi-place-pho-bat-dan","Phở Bát Đàn","Pho Bat Dan","city-v1","content-draft/viet/city-library/v1.json","6","8","0","ready","1","FAIL","missing_breakdown|missing_breakdown_tokens","must_fix:Missing required breakdown section. || must_fix:Breakdown section has no reusable token rows."
"271","viet-phrase-city-hanoi-place-pho-bo","city-hanoi-place-pho-bo","Phở bò ở Hà Nội","Beef pho","city-v1","content-draft/viet/city-library/v1.json","6","3","0","planned","1","FAIL","missing_breakdown|missing_breakdown_tokens|three_text_only_sections","must_fix:Missing required breakdown section. || must_fix:Breakdown section has no reusable token rows. || must_fix:Three consecutive text-only sections: Worth it if | Before you go | Good to know"
"272","viet-phrase-city-hanoi-place-pho-bo-lam","city-hanoi-place-pho-bo-lam","Phở Bò Lâm","Pho Bo Lam","city-v1","content-draft/viet/city-library/v1.json","6","5","0","planned","1","FAIL","missing_breakdown|missing_breakdown_tokens","must_fix:Missing required breakdown section. || must_fix:Breakdown section has no reusable token rows."
"273","viet-phrase-city-hanoi-place-pho-ga","city-hanoi-place-pho-ga","Phở gà ở Hà Nội","Chicken pho","city-v1","content-draft/viet/city-library/v1.json","6","3","0","planned","1","FAIL","missing_breakdown|missing_breakdown_tokens|three_text_only_sections","must_fix:Missing required breakdown section. || must_fix:Breakdown section has no reusable token rows. || must_fix:Three consecutive text-only sections: Worth it if | Before you go | Good to know"
"274","viet-phrase-city-hanoi-place-pho-gia-truyen","city-hanoi-place-pho-gia-truyen","Phở Gia Truyền","Pho Gia Truyen","city-v1","content-draft/viet/city-library/v1.json","6","5","0","planned","1","FAIL","missing_breakdown|missing_breakdown_tokens","must_fix:Missing required breakdown section. || must_fix:Breakdown section has no reusable token rows."
"275","viet-phrase-city-hanoi-place-quan-thanh-temple","city-hanoi-place-quan-thanh-temple","Đền Quán Thánh","Quan Thanh Temple","city-v1","content-draft/viet/city-library/v1.json","6","6","0","ready","1","FAIL","missing_breakdown|missing_breakdown_tokens","must_fix:Missing required breakdown section. || must_fix:Breakdown section has no reusable token rows."
"276","viet-phrase-city-hanoi-place-quang-ba-flower-market","city-hanoi-place-quang-ba-flower-market","Chợ hoa Quảng Bá","Quang Ba Flower Market","city-v1","content-draft/viet/city-library/v1.json","6","1","0","planned","1","FAIL","missing_breakdown|missing_breakdown_tokens|three_text_only_sections","must_fix:Missing required breakdown section. || must_fix:Breakdown section has no reusable token rows. || must_fix:Three consecutive text-only sections: Worth it if | Before you go | Good to know"
"277","viet-phrase-city-hanoi-place-red-river","city-hanoi-place-red-river","Sông Hồng","Red River","city-v1","content-draft/viet/city-library/v1.json","6","6","0","planned","1","FAIL","missing_breakdown|missing_breakdown_tokens","must_fix:Missing required breakdown section. || must_fix:Breakdown section has no reusable token rows."
"278","viet-phrase-city-hanoi-place-st-joseph-cathedral","city-hanoi-place-st-joseph-cathedral","Nhà thờ Lớn Hà Nội","St. Joseph's Cathedral","city-v1","content-draft/viet/city-library/v1.json","6","6","0","ready","1","FAIL","missing_breakdown|missing_breakdown_tokens","must_fix:Missing required breakdown section. || must_fix:Breakdown section has no reusable token rows."
"279","viet-phrase-city-hanoi-place-street-food-walk","city-hanoi-place-street-food-walk","Đi bộ ăn vặt Hà Nội","Hanoi street-food walk","city-v1","content-draft/viet/city-library/v1.json","6","6","0","planned","1","FAIL","missing_breakdown|missing_breakdown_tokens","must_fix:Missing required breakdown section. || must_fix:Breakdown section has no reusable token rows."
"280","viet-phrase-city-hanoi-place-ta-hien","city-hanoi-place-ta-hien","Phố Tạ Hiện","Ta Hien Street","city-v1","content-draft/viet/city-library/v1.json","6","4","0","ready","1","FAIL","missing_breakdown|missing_breakdown_tokens|three_text_only_sections","must_fix:Missing required breakdown section. || must_fix:Breakdown section has no reusable token rows. || must_fix:Three consecutive text-only sections: Worth it if | Before you go | Good to know"
"281","viet-phrase-city-hanoi-place-tam-vi","city-hanoi-place-tam-vi","Tầm Vị","Tam Vi","city-v1","content-draft/viet/city-library/v1.json","6","8","0","ready","1","FAIL","missing_breakdown|missing_breakdown_tokens","must_fix:Missing required breakdown section. || must_fix:Breakdown section has no reusable token rows."
"282","viet-phrase-city-hanoi-place-tay-ho","city-hanoi-place-tay-ho","Tây Hồ","Tay Ho","city-v1","content-draft/viet/city-library/v1.json","6","4","0","ready","1","FAIL","missing_breakdown|missing_breakdown_tokens|three_text_only_sections","must_fix:Missing required breakdown section. || must_fix:Breakdown section has no reusable token rows. || must_fix:Three consecutive text-only sections: Worth it if | Before you go | Good to know"
"283","viet-phrase-city-hanoi-place-temple-literature","city-hanoi-place-temple-literature","Văn Miếu","Temple of Literature","city-v1","content-draft/viet/city-library/v1.json","6","6","0","ready","1","FAIL","missing_breakdown|missing_breakdown_tokens","must_fix:Missing required breakdown section. || must_fix:Breakdown section has no reusable token rows."
"284","viet-phrase-city-hanoi-place-the-note-coffee","city-hanoi-place-the-note-coffee","The Note Coffee","The Note Coffee","city-v1","content-draft/viet/city-library/v1.json","6","5","0","planned","1","FAIL","missing_breakdown|missing_breakdown_tokens","must_fix:Missing required breakdown section. || must_fix:Breakdown section has no reusable token rows."
"285","viet-phrase-city-hanoi-place-thong-nhat-park","city-hanoi-place-thong-nhat-park","Công viên Thống Nhất","Thong Nhat Park","city-v1","content-draft/viet/city-library/v1.json","6","6","0","planned","1","FAIL","missing_breakdown|missing_breakdown_tokens","must_fix:Missing required breakdown section. || must_fix:Breakdown section has no reusable token rows."
"286","viet-phrase-city-hanoi-place-train-street","city-hanoi-place-train-street","Phố đường tàu Hà Nội","Hanoi Train Street","city-v1","content-draft/viet/city-library/v1.json","6","4","0","ready","1","FAIL","missing_breakdown|missing_breakdown_tokens|three_text_only_sections","must_fix:Missing required breakdown section. || must_fix:Breakdown section has no reusable token rows. || must_fix:Three consecutive text-only sections: Worth it if | Before you go | Good to know"
"287","viet-phrase-city-hanoi-place-tran-quoc-pagoda","city-hanoi-place-tran-quoc-pagoda","Chùa Trấn Quốc","Tran Quoc Pagoda","city-v1","content-draft/viet/city-library/v1.json","6","6","0","ready","1","FAIL","missing_breakdown|missing_breakdown_tokens","must_fix:Missing required breakdown section. || must_fix:Breakdown section has no reusable token rows."
"288","viet-phrase-city-hanoi-place-trang-tien-plaza","city-hanoi-place-trang-tien-plaza","Tràng Tiền Plaza","Trang Tien Plaza","city-v1","content-draft/viet/city-library/v1.json","6","1","0","planned","1","FAIL","missing_breakdown|missing_breakdown_tokens|three_text_only_sections","must_fix:Missing required breakdown section. || must_fix:Breakdown section has no reusable token rows. || must_fix:Three consecutive text-only sections: Worth it if | Before you go | Good to know"
"289","viet-phrase-city-hanoi-place-trang-tien-street","city-hanoi-place-trang-tien-street","Phố Tràng Tiền","Trang Tien Street","city-v1","content-draft/viet/city-library/v1.json","6","1","0","planned","1","FAIL","missing_breakdown|missing_breakdown_tokens|three_text_only_sections","must_fix:Missing required breakdown section. || must_fix:Breakdown section has no reusable token rows. || must_fix:Three consecutive text-only sections: Worth it if | Before you go | Good to know"
"290","viet-phrase-city-hanoi-place-trieu-viet-vuong-coffee-street","city-hanoi-place-trieu-viet-vuong-coffee-street","Phố cà phê Triệu Việt Vương","Trieu Viet Vuong Coffee Street","city-v1","content-draft/viet/city-library/v1.json","6","1","0","planned","1","FAIL","missing_breakdown|missing_breakdown_tokens|three_text_only_sections","must_fix:Missing required breakdown section. || must_fix:Breakdown section has no reusable token rows. || must_fix:Three consecutive text-only sections: Worth it if | Before you go | Good to know"
"291","viet-phrase-city-hanoi-place-truc-bach-lake","city-hanoi-place-truc-bach-lake","Hồ Trúc Bạch","Truc Bach Lake","city-v1","content-draft/viet/city-library/v1.json","6","6","0","ready","1","FAIL","missing_breakdown|missing_breakdown_tokens","must_fix:Missing required breakdown section. || must_fix:Breakdown section has no reusable token rows."
"292","viet-phrase-city-hanoi-place-turtle-tower","city-hanoi-place-turtle-tower","Tháp Rùa","Turtle Tower","city-v1","content-draft/viet/city-library/v1.json","6","6","0","planned","1","FAIL","missing_breakdown|missing_breakdown_tokens","must_fix:Missing required breakdown section. || must_fix:Breakdown section has no reusable token rows."
"293","viet-phrase-city-hanoi-place-udam","city-hanoi-place-udam","Ưu Đàm","Uu Dam","city-v1","content-draft/viet/city-library/v1.json","6","5","0","planned","1","FAIL","missing_breakdown|missing_breakdown_tokens","must_fix:Missing required breakdown section. || must_fix:Breakdown section has no reusable token rows."
"294","viet-phrase-city-hanoi-place-vietnam-art-gallery","city-hanoi-place-vietnam-art-gallery","Vietnam Art Gallery","Vietnam Art Gallery","city-v1","content-draft/viet/city-library/v1.json","6","6","0","planned","1","FAIL","missing_breakdown|missing_breakdown_tokens","must_fix:Missing required breakdown section. || must_fix:Breakdown section has no reusable token rows."
"295","viet-phrase-city-hanoi-place-vietnam-circus","city-hanoi-place-vietnam-circus","Rạp Xiếc Trung ương","Vietnam Central Circus","city-v1","content-draft/viet/city-library/v1.json","6","6","0","planned","1","FAIL","missing_breakdown|missing_breakdown_tokens","must_fix:Missing required breakdown section. || must_fix:Breakdown section has no reusable token rows."
"296","viet-phrase-city-hanoi-place-vietnam-fine-arts-museum","city-hanoi-place-vietnam-fine-arts-museum","Bảo tàng Mỹ thuật Việt Nam","Vietnam Fine Arts Museum","city-v1","content-draft/viet/city-library/v1.json","6","6","0","planned","1","FAIL","missing_breakdown|missing_breakdown_tokens","must_fix:Missing required breakdown section. || must_fix:Breakdown section has no reusable token rows."
"297","viet-phrase-city-hanoi-place-vietnam-military-history-museum","city-hanoi-place-vietnam-military-history-museum","Bảo tàng Lịch sử Quân sự Việt Nam","Vietnam Military History Museum","city-v1","content-draft/viet/city-library/v1.json","6","6","0","planned","1","FAIL","missing_breakdown|missing_breakdown_tokens","must_fix:Missing required breakdown section. || must_fix:Breakdown section has no reusable token rows."
"298","viet-phrase-city-hanoi-place-vietnam-national-tuong-theatre","city-hanoi-place-vietnam-national-tuong-theatre","Nhà hát Tuồng Việt Nam","Vietnam National Tuong Theatre","city-v1","content-draft/viet/city-library/v1.json","6","6","0","planned","1","FAIL","missing_breakdown|missing_breakdown_tokens","must_fix:Missing required breakdown section. || must_fix:Breakdown section has no reusable token rows."
"299","viet-phrase-city-hanoi-place-water-puppet-theatre","city-hanoi-place-water-puppet-theatre","Nhà hát Múa rối Thăng Long","Thang Long Water Puppet Theatre","city-v1","content-draft/viet/city-library/v1.json","6","6","0","ready","1","FAIL","missing_breakdown|missing_breakdown_tokens","must_fix:Missing required breakdown section. || must_fix:Breakdown section has no reusable token rows."
"300","viet-phrase-city-hanoi-place-weekend-night-market","city-hanoi-place-weekend-night-market","Chợ đêm phố cổ Hà Nội","Hanoi Weekend Night Market","city-v1","content-draft/viet/city-library/v1.json","6","1","0","planned","1","FAIL","missing_breakdown|missing_breakdown_tokens|three_text_only_sections","must_fix:Missing required breakdown section. || must_fix:Breakdown section has no reusable token rows. || must_fix:Three consecutive text-only sections: Worth it if | Before you go | Good to know"
"301","viet-phrase-city-hanoi-place-west-lake","city-hanoi-place-west-lake","Hồ Tây","West Lake","city-v1","content-draft/viet/city-library/v1.json","6","6","0","ready","1","FAIL","missing_breakdown|missing_breakdown_tokens","must_fix:Missing required breakdown section. || must_fix:Breakdown section has no reusable token rows."
"302","viet-phrase-city-hanoi-place-west-lake-loop","city-hanoi-place-west-lake-loop","Vòng Hồ Tây","West Lake loop","city-v1","content-draft/viet/city-library/v1.json","6","6","0","planned","1","FAIL","missing_breakdown|missing_breakdown_tokens","must_fix:Missing required breakdown section. || must_fix:Breakdown section has no reusable token rows."
"303","viet-phrase-city-hanoi-place-womens-museum","city-hanoi-place-womens-museum","Bảo tàng Phụ nữ Việt Nam","Vietnamese Women's Museum","city-v1","content-draft/viet/city-library/v1.json","6","6","0","planned","1","FAIL","missing_breakdown|missing_breakdown_tokens","must_fix:Missing required breakdown section. || must_fix:Breakdown section has no reusable token rows."
"304","viet-phrase-city-hanoi-place-xoi-xeo","city-hanoi-place-xoi-xeo","Xôi xéo ở Hà Nội","Sticky rice with mung bean","city-v1","content-draft/viet/city-library/v1.json","6","2","0","planned","1","FAIL","missing_breakdown|missing_breakdown_tokens|three_text_only_sections","must_fix:Missing required breakdown section. || must_fix:Breakdown section has no reusable token rows. || must_fix:Three consecutive text-only sections: Worth it if | Before you go | Good to know"
"305","viet-phrase-city-hanoi-place-yen-so-park","city-hanoi-place-yen-so-park","Công viên Yên Sở","Yen So Park","city-v1","content-draft/viet/city-library/v1.json","6","6","0","planned","1","FAIL","missing_breakdown|missing_breakdown_tokens","must_fix:Missing required breakdown section. || must_fix:Breakdown section has no reusable token rows."
"306","viet-phrase-city-hanoi-reservation-tam-vi","city-hanoi-reservation-tam-vi","Tôi có đặt bàn ở Tầm Vị","I have a reservation at Tam Vi","city-v1","content-draft/viet/city-library/v1.json","3","5","6","planned","1","PASS","",""
"307","viet-phrase-city-hanoi-stop-bun-cha-huong-lien","city-hanoi-stop-bun-cha-huong-lien","Cho tôi xuống gần nhà hàng Bún chả Hương Liên.","Let me off near Bún chả Hương Liên restaurant.","city-v1","content-draft/viet/city-library/v1.json","3","5","7","planned","1","PASS","",""
"308","viet-phrase-city-hanoi-stop-cha-ca-thang-long","city-hanoi-stop-cha-ca-thang-long","Cho tôi xuống gần nhà hàng Chả cá Thăng Long.","Let me off near Chả cá Thăng Long restaurant.","city-v1","content-draft/viet/city-library/v1.json","3","5","7","planned","1","PASS","",""
"309","viet-phrase-city-hanoi-stop-dong-xuan-market","city-hanoi-stop-dong-xuan-market","Dừng ở Chợ Đồng Xuân","Stop at Dong Xuan Market","city-v1","content-draft/viet/city-library/v1.json","3","5","3","planned","1","PASS","",""
"310","viet-phrase-city-hanoi-stop-giang-cafe","city-hanoi-stop-giang-cafe","Dừng ở Cà phê Giảng","Stop at Giang Cafe","city-v1","content-draft/viet/city-library/v1.json","3","5","3","planned","1","PASS","",""
"311","viet-phrase-city-hanoi-stop-hang-bac-street","city-hanoi-stop-hang-bac-street","Dừng ở Phố Hàng Bạc","Stop at Hang Bac Street","city-v1","content-draft/viet/city-library/v1.json","3","5","3","planned","1","PASS","",""
"312","viet-phrase-city-hanoi-stop-hang-gai-street","city-hanoi-stop-hang-gai-street","Dừng ở Phố Hàng Gai","Stop at Hang Gai Street","city-v1","content-draft/viet/city-library/v1.json","3","5","3","planned","1","PASS","",""
"313","viet-phrase-city-hanoi-stop-long-bien-market","city-hanoi-stop-long-bien-market","Dừng ở Chợ Long Biên","Stop at Long Bien Market","city-v1","content-draft/viet/city-library/v1.json","3","5","3","planned","1","PASS","",""
"314","viet-phrase-city-hanoi-stop-noi-bai-airport","city-hanoi-stop-noi-bai-airport","Dừng ở Sân bay Nội Bài","Stop at Noi Bai Airport","city-v1","content-draft/viet/city-library/v1.json","3","3","3","planned","1","PASS","",""
"315","viet-phrase-city-hanoi-stop-old-quarter","city-hanoi-stop-old-quarter","Dừng ở phố cổ Hà Nội","Stop in Hanoi Old Quarter","city-v1","content-draft/viet/city-library/v1.json","3","5","3","planned","1","PASS","",""
"316","viet-phrase-city-hanoi-stop-phan-dinh-phung-street","city-hanoi-stop-phan-dinh-phung-street","Dừng ở Phố Phan Đình Phùng","Stop at Phan Dinh Phung Street","city-v1","content-draft/viet/city-library/v1.json","3","3","3","planned","1","PASS","",""
"317","viet-phrase-city-hanoi-stop-pho-bat-dan","city-hanoi-stop-pho-bat-dan","Cho tôi xuống gần nhà hàng Phở Bát Đàn.","Let me off near Phở Bát Đàn restaurant.","city-v1","content-draft/viet/city-library/v1.json","3","5","7","planned","1","PASS","",""
"318","viet-phrase-city-hanoi-stop-ta-hien-street","city-hanoi-stop-ta-hien-street","Dừng ở Phố Tạ Hiện","Stop at Ta Hien Street","city-v1","content-draft/viet/city-library/v1.json","3","3","3","planned","1","PASS","",""
"319","viet-phrase-city-hanoi-stop-tam-vi","city-hanoi-stop-tam-vi","Cho tôi xuống gần nhà hàng Tầm Vị.","Let me off near Tầm Vị restaurant.","city-v1","content-draft/viet/city-library/v1.json","3","5","7","planned","1","PASS","",""
"320","viet-phrase-city-hanoi-stop-tay-ho","city-hanoi-stop-tay-ho","Dừng ở Tây Hồ","Stop at Tay Ho","city-v1","content-draft/viet/city-library/v1.json","3","3","3","planned","1","PASS","",""
"321","viet-phrase-city-hanoi-stop-train-street","city-hanoi-stop-train-street","Dừng ở Phố đường tàu Hà Nội","Stop at Hanoi Train Street","city-v1","content-draft/viet/city-library/v1.json","3","3","3","planned","1","PASS","",""
"322","viet-phrase-city-hanoi-where-bun-cha-huong-lien","city-hanoi-where-bun-cha-huong-lien","Bún chả Hương Liên ở đâu?","Where is Bun Cha Huong Lien?","city-v1","content-draft/viet/city-library/v1.json","3","5","3","planned","1","PASS","",""
"323","viet-phrase-city-hanoi-where-cha-ca-thang-long","city-hanoi-where-cha-ca-thang-long","Chả cá Thăng Long ở đâu?","Where is Cha Ca Thang Long?","city-v1","content-draft/viet/city-library/v1.json","3","5","3","planned","1","PASS","",""
"324","viet-phrase-city-hanoi-where-dong-xuan","city-hanoi-where-dong-xuan","Chợ Đồng Xuân ở đâu?","Where is Dong Xuan Market?","city-v1","content-draft/viet/city-library/v1.json","3","5","3","planned","1","PASS","",""
"325","viet-phrase-city-hanoi-where-giang-cafe","city-hanoi-where-giang-cafe","Quán cà phê Giảng ở đâu?","Where is Giang Cafe?","city-v1","content-draft/viet/city-library/v1.json","3","5","4","planned","1","PASS","",""
"326","viet-phrase-city-hanoi-where-hang-bac","city-hanoi-where-hang-bac","Phố Hàng Bạc ở đâu?","Where is Hang Bac Street?","city-v1","content-draft/viet/city-library/v1.json","3","5","3","planned","1","PASS","",""
"327","viet-phrase-city-hanoi-where-hang-gai-street","city-hanoi-where-hang-gai-street","Phố Hàng Gai ở đâu?","Where is Hang Gai Street?","city-v1","content-draft/viet/city-library/v1.json","3","5","3","planned","1","PASS","",""
"328","viet-phrase-city-hanoi-where-long-bien-market","city-hanoi-where-long-bien-market","Chợ Long Biên ở đâu?","Where is Long Bien Market?","city-v1","content-draft/viet/city-library/v1.json","3","5","3","planned","1","PASS","",""
"329","viet-phrase-city-hanoi-where-noi-bai-airport","city-hanoi-where-noi-bai-airport","Sân bay Nội Bài ở đâu?","Where is Noi Bai Airport?","city-v1","content-draft/viet/city-library/v1.json","3","3","3","planned","1","PASS","",""
"330","viet-phrase-city-hanoi-where-old-quarter","city-hanoi-where-old-quarter","Phố cổ Hà Nội ở đâu?","Where is Hanoi Old Quarter?","city-v1","content-draft/viet/city-library/v1.json","3","5","3","planned","1","PASS","",""
"331","viet-phrase-city-hanoi-where-phan-dinh-phung-street","city-hanoi-where-phan-dinh-phung-street","Phố Phan Đình Phùng ở đâu?","Where is Phan Dinh Phung Street?","city-v1","content-draft/viet/city-library/v1.json","3","3","3","planned","1","PASS","",""
"332","viet-phrase-city-hanoi-where-pho-bat-dan","city-hanoi-where-pho-bat-dan","Phở Bát Đàn ở đâu?","Where is Pho Bat Dan?","city-v1","content-draft/viet/city-library/v1.json","3","5","3","planned","1","PASS","",""
"333","viet-phrase-city-hanoi-where-ta-hien-street","city-hanoi-where-ta-hien-street","Phố Tạ Hiện ở đâu?","Where is Ta Hien Street?","city-v1","content-draft/viet/city-library/v1.json","3","3","3","planned","1","PASS","",""
"334","viet-phrase-city-hanoi-where-tam-vi","city-hanoi-where-tam-vi","Tầm Vị ở đâu?","Where is Tam Vi?","city-v1","content-draft/viet/city-library/v1.json","3","5","3","planned","1","PASS","",""
"335","viet-phrase-city-hanoi-where-tay-ho","city-hanoi-where-tay-ho","Tây Hồ ở đâu?","Where is Tay Ho?","city-v1","content-draft/viet/city-library/v1.json","3","3","3","planned","1","PASS","",""
"336","viet-phrase-city-hanoi-where-train-street","city-hanoi-where-train-street","Phố đường tàu Hà Nội ở đâu?","Where is Hanoi Train Street?","city-v1","content-draft/viet/city-library/v1.json","3","3","3","planned","1","PASS","",""
"337","viet-phrase-city-hcmc-atm-anan-saigon","city-hcmc-atm-anan-saigon","Có ATM gần Anăn Sài Gòn không?","Is there an ATM near Anan Saigon?","city-v1","content-draft/viet/city-library/v1.json","3","5","6","planned","1","PASS","",""
"338","viet-phrase-city-hcmc-atm-ben-thanh-market","city-hcmc-atm-ben-thanh-market","Có ATM gần Chợ Bến Thành không?","Is there an ATM near Ben Thanh Market?","city-v1","content-draft/viet/city-library/v1.json","3","5","6","planned","1","PASS","",""
"339","viet-phrase-city-hcmc-atm-binh-tay-market","city-hcmc-atm-binh-tay-market","Có ATM gần Chợ Bình Tây không?","Is there an ATM near Binh Tay Market?","city-v1","content-draft/viet/city-library/v1.json","3","5","6","planned","1","PASS","",""
"340","viet-phrase-city-hcmc-atm-bui-vien-street","city-hcmc-atm-bui-vien-street","Có ATM gần Phố Bùi Viện không?","Is there an ATM near Bui Vien Street?","city-v1","content-draft/viet/city-library/v1.json","3","5","6","planned","1","PASS","",""
"341","viet-phrase-city-hcmc-atm-cho-lon","city-hcmc-atm-cho-lon","Có ATM gần Chợ Lớn không?","Is there an ATM near Cho Lon?","city-v1","content-draft/viet/city-library/v1.json","3","5","6","planned","1","PASS","",""
"342","viet-phrase-city-hcmc-atm-district-1","city-hcmc-atm-district-1","Có ATM gần Quận 1 không?","Is there an ATM near District 1?","city-v1","content-draft/viet/city-library/v1.json","3","5","6","planned","1","PASS","",""
"343","viet-phrase-city-hcmc-atm-dong-khoi-street","city-hcmc-atm-dong-khoi-street","Có ATM gần Đường Đồng Khởi không?","Is there an ATM near Dong Khoi Street?","city-v1","content-draft/viet/city-library/v1.json","3","5","6","planned","1","PASS","",""
"344","viet-phrase-city-hcmc-atm-ho-thi-ky-flower-market","city-hcmc-atm-ho-thi-ky-flower-market","Có ATM gần Chợ hoa Hồ Thị Kỷ không?","Is there an ATM near Ho Thi Ky Flower Market?","city-v1","content-draft/viet/city-library/v1.json","3","5","6","planned","1","PASS","",""
"345","viet-phrase-city-hcmc-atm-nguyen-hue","city-hcmc-atm-nguyen-hue","Có ATM gần phố đi bộ Nguyễn Huệ không?","Is there an ATM near Nguyen Hue Walking Street?","city-v1","content-draft/viet/city-library/v1.json","3","4","6","planned","1","PASS","",""
"346","viet-phrase-city-hcmc-binh-tay-far","city-hcmc-binh-tay-far","Chợ Bình Tây xa không?","Is Binh Tay Market far?","city-v1","content-draft/viet/city-library/v1.json","3","5","4","planned","1","PASS","",""
"347","viet-phrase-city-hcmc-dong-khoi-route","city-hcmc-dong-khoi-route","Đi đường Đồng Khởi được không?","Can we go by Dong Khoi Street?","city-v1","content-draft/viet/city-library/v1.json","3","5","4","planned","1","PASS","",""
"348","viet-phrase-city-hcmc-eat-near-anan-saigon","city-hcmc-eat-near-anan-saigon","Ăn gần Anăn Sài Gòn","Eat near Anan Saigon","city-v1","content-draft/viet/city-library/v1.json","3","5","4","planned","1","PASS","",""
"349","viet-phrase-city-hcmc-eat-near-ben-thanh-market","city-hcmc-eat-near-ben-thanh-market","Ăn gần Chợ Bến Thành","Eat near Ben Thanh Market","city-v1","content-draft/viet/city-library/v1.json","3","5","4","planned","1","PASS","",""
"350","viet-phrase-city-hcmc-eat-near-binh-tay-market","city-hcmc-eat-near-binh-tay-market","Ăn gần Chợ Bình Tây","Eat near Binh Tay Market","city-v1","content-draft/viet/city-library/v1.json","3","5","4","planned","1","PASS","",""
"351","viet-phrase-city-hcmc-eat-near-bui-vien-street","city-hcmc-eat-near-bui-vien-street","Ăn gần Phố Bùi Viện","Eat near Bui Vien Street","city-v1","content-draft/viet/city-library/v1.json","3","5","4","planned","1","PASS","",""
"352","viet-phrase-city-hcmc-eat-near-cho-lon","city-hcmc-eat-near-cho-lon","Ăn gần Chợ Lớn","Eat near Cho Lon","city-v1","content-draft/viet/city-library/v1.json","3","5","4","planned","1","PASS","",""
"353","viet-phrase-city-hcmc-eat-near-district-1","city-hcmc-eat-near-district-1","Ăn gần Quận 1","Eat near District 1","city-v1","content-draft/viet/city-library/v1.json","3","5","4","planned","1","PASS","",""
"354","viet-phrase-city-hcmc-eat-near-dong-khoi-street","city-hcmc-eat-near-dong-khoi-street","Ăn gần Đường Đồng Khởi","Eat near Dong Khoi Street","city-v1","content-draft/viet/city-library/v1.json","3","5","4","planned","1","PASS","",""
"355","viet-phrase-city-hcmc-entrance-ben-thanh-market","city-hcmc-entrance-ben-thanh-market","Lối vào Chợ Bến Thành ở đâu?","Where is the entrance to Ben Thanh Market?","city-v1","content-draft/viet/city-library/v1.json","3","5","4","planned","1","PASS","",""
"356","viet-phrase-city-hcmc-entrance-binh-tay-market","city-hcmc-entrance-binh-tay-market","Lối vào Chợ Bình Tây ở đâu?","Where is the entrance to Binh Tay Market?","city-v1","content-draft/viet/city-library/v1.json","3","5","4","planned","1","PASS","",""
"357","viet-phrase-city-hcmc-entrance-ho-thi-ky-flower-market","city-hcmc-entrance-ho-thi-ky-flower-market","Lối vào Chợ hoa Hồ Thị Kỷ ở đâu?","Where is the entrance to Ho Thi Ky Flower Market?","city-v1","content-draft/viet/city-library/v1.json","3","5","4","planned","1","PASS","",""
"358","viet-phrase-city-hcmc-get-off-district-1","city-hcmc-get-off-district-1","Cho tôi xuống ở Quận 1","Let me get off in District 1","city-v1","content-draft/viet/city-library/v1.json","3","5","5","planned","1","PASS","",""
"359","viet-phrase-city-hcmc-go-anan-saigon","city-hcmc-go-anan-saigon","Cho tôi đến nhà hàng Anăn Sài Gòn.","Please take me to Anăn Sài Gòn restaurant.","city-v1","content-draft/viet/city-library/v1.json","3","5","6","planned","1","PASS","",""
"360","viet-phrase-city-hcmc-go-ben-thanh","city-hcmc-go-ben-thanh","Đi chợ Bến Thành","Go to Ben Thanh Market","city-v1","content-draft/viet/city-library/v1.json","3","5","3","planned","1","PASS","",""
"361","viet-phrase-city-hcmc-go-binh-tay-market","city-hcmc-go-binh-tay-market","Đi Chợ Bình Tây","Go to Binh Tay Market","city-v1","content-draft/viet/city-library/v1.json","3","5","3","planned","1","PASS","",""
"362","viet-phrase-city-hcmc-go-bui-vien","city-hcmc-go-bui-vien","Đi phố Bùi Viện","Go to Bui Vien Street","city-v1","content-draft/viet/city-library/v1.json","3","5","3","planned","1","PASS","",""
"363","viet-phrase-city-hcmc-go-cho-lon","city-hcmc-go-cho-lon","Đi Chợ Lớn","Go to Cho Lon","city-v1","content-draft/viet/city-library/v1.json","3","5","3","planned","1","PASS","",""
"364","viet-phrase-city-hcmc-go-district-1","city-hcmc-go-district-1","Đến Quận 1","Head to District 1","city-v1","content-draft/viet/city-library/v1.json","3","5","3","planned","1","PASS","",""
"365","viet-phrase-city-hcmc-go-dong-khoi-street","city-hcmc-go-dong-khoi-street","Đi Đường Đồng Khởi","Go to Dong Khoi Street","city-v1","content-draft/viet/city-library/v1.json","3","5","3","planned","1","PASS","",""
"366","viet-phrase-city-hcmc-go-ho-thi-ky-flower-market","city-hcmc-go-ho-thi-ky-flower-market","Đi Chợ hoa Hồ Thị Kỷ","Go to Ho Thi Ky Flower Market","city-v1","content-draft/viet/city-library/v1.json","3","5","3","planned","1","PASS","",""
"367","viet-phrase-city-hcmc-go-le-thanh-ton-street","city-hcmc-go-le-thanh-ton-street","Đi Đường Lê Thánh Tôn","Go to Le Thanh Ton Street","city-v1","content-draft/viet/city-library/v1.json","3","2","3","planned","1","PASS","",""
"368","viet-phrase-city-hcmc-go-nguyen-hue-walking-street","city-hcmc-go-nguyen-hue-walking-street","Đi Phố đi bộ Nguyễn Huệ","Go to Nguyen Hue Walking Street","city-v1","content-draft/viet/city-library/v1.json","3","4","3","planned","1","PASS","",""
"369","viet-phrase-city-hcmc-go-nguyen-trai-street","city-hcmc-go-nguyen-trai-street","Đi Đường Nguyễn Trãi","Go to Nguyen Trai Street","city-v1","content-draft/viet/city-library/v1.json","3","2","3","planned","1","PASS","",""
"370","viet-phrase-city-hcmc-go-pasteur-street","city-hcmc-go-pasteur-street","Đi Đường Pasteur","Go to Pasteur Street","city-v1","content-draft/viet/city-library/v1.json","3","2","3","planned","1","PASS","",""
"371","viet-phrase-city-hcmc-go-pham-ngu-lao-street","city-hcmc-go-pham-ngu-lao-street","Đi Phố Phạm Ngũ Lão","Go to Pham Ngu Lao Street","city-v1","content-draft/viet/city-library/v1.json","3","2","3","planned","1","PASS","",""
"372","viet-phrase-city-hcmc-go-pho-hoa-pasteur","city-hcmc-go-pho-hoa-pasteur","Cho tôi đến nhà hàng Phở Hòa Pasteur.","Please take me to Phở Hòa Pasteur restaurant.","city-v1","content-draft/viet/city-library/v1.json","3","5","6","planned","1","PASS","",""
"373","viet-phrase-city-hcmc-go-tan-son-nhat-airport","city-hcmc-go-tan-son-nhat-airport","Đi Sân bay Tân Sơn Nhất","Go to Tan Son Nhat Airport","city-v1","content-draft/viet/city-library/v1.json","3","2","3","planned","1","PASS","",""
"374","viet-phrase-city-hcmc-go-thao-dien","city-hcmc-go-thao-dien","Đi Thảo Điền","Go to Thao Dien","city-v1","content-draft/viet/city-library/v1.json","3","4","3","planned","1","PASS","",""
"375","viet-phrase-city-hcmc-hotel-district-1","city-hcmc-hotel-district-1","Khách sạn ở Quận 1","Hotel in District 1","city-v1","content-draft/viet/city-library/v1.json","3","5","4","planned","1","PASS","",""
"376","viet-phrase-city-hcmc-near-anan-saigon","city-hcmc-near-anan-saigon","Anăn Sài Gòn gần đây không?","Is Anan Saigon near here?","city-v1","content-draft/viet/city-library/v1.json","3","5","4","planned","1","PASS","",""
"377","viet-phrase-city-hcmc-near-ben-thanh-market","city-hcmc-near-ben-thanh-market","Chợ Bến Thành gần đây không?","Is Ben Thanh Market near here?","city-v1","content-draft/viet/city-library/v1.json","3","5","4","planned","1","PASS","",""
"378","viet-phrase-city-hcmc-near-binh-tay-market","city-hcmc-near-binh-tay-market","Chợ Bình Tây gần đây không?","Is Binh Tay Market near here?","city-v1","content-draft/viet/city-library/v1.json","3","5","4","planned","1","PASS","",""
"379","viet-phrase-city-hcmc-near-district-1","city-hcmc-near-district-1","Quận 1 gần đây không?","Is District 1 near here?","city-v1","content-draft/viet/city-library/v1.json","3","5","4","planned","1","PASS","",""
"380","viet-phrase-city-hcmc-near-ho-thi-ky-flower-market","city-hcmc-near-ho-thi-ky-flower-market","Chợ hoa Hồ Thị Kỷ gần đây không?","Is Ho Thi Ky Flower Market near here?","city-v1","content-draft/viet/city-library/v1.json","3","5","4","planned","1","PASS","",""
"381","viet-phrase-city-hcmc-near-nguyen-hue","city-hcmc-near-nguyen-hue","Phố đi bộ Nguyễn Huệ gần đây không?","Is Nguyen Hue Walking Street near here?","city-v1","content-draft/viet/city-library/v1.json","3","4","4","planned","1","PASS","",""
"382","viet-phrase-city-hcmc-pharmacy-ben-thanh","city-hcmc-pharmacy-ben-thanh","Có nhà thuốc gần chợ Bến Thành không?","Is there a pharmacy near Ben Thanh Market?","city-v1","content-draft/viet/city-library/v1.json","3","5","6","planned","1","PASS","",""
"383","viet-phrase-city-hcmc-place-42-nguyen-hue-apartment","city-hcmc-place-42-nguyen-hue-apartment","Chung cư 42 Nguyễn Huệ","42 Nguyen Hue apartment building","city-v1","content-draft/viet/city-library/v1.json","6","5","0","planned","1","FAIL","missing_breakdown|missing_breakdown_tokens","must_fix:Missing required breakdown section. || must_fix:Breakdown section has no reusable token rows."
"384","viet-phrase-city-hcmc-place-akuna","city-hcmc-place-akuna","Akuna","Akuna","city-v1","content-draft/viet/city-library/v1.json","6","5","0","planned","1","FAIL","missing_breakdown|missing_breakdown_tokens","must_fix:Missing required breakdown section. || must_fix:Breakdown section has no reusable token rows."
"385","viet-phrase-city-hcmc-place-an-dong-market","city-hcmc-place-an-dong-market","Chợ An Đông","An Dong Market","city-v1","content-draft/viet/city-library/v1.json","6","1","0","planned","1","FAIL","missing_breakdown|missing_breakdown_tokens|three_text_only_sections","must_fix:Missing required breakdown section. || must_fix:Breakdown section has no reusable token rows. || must_fix:Three consecutive text-only sections: Worth it if | Before you go | Good to know"
"386","viet-phrase-city-hcmc-place-anan-saigon","city-hcmc-place-anan-saigon","Anăn Sài Gòn","Anan Saigon","city-v1","content-draft/viet/city-library/v1.json","6","9","0","ready","1","FAIL","missing_breakdown|missing_breakdown_tokens","must_fix:Missing required breakdown section. || must_fix:Breakdown section has no reusable token rows."
"387","viet-phrase-city-hcmc-place-ao-dai-museum","city-hcmc-place-ao-dai-museum","Bảo tàng Áo Dài","Ao Dai Museum","city-v1","content-draft/viet/city-library/v1.json","6","6","0","planned","1","FAIL","missing_breakdown|missing_breakdown_tokens","must_fix:Missing required breakdown section. || must_fix:Breakdown section has no reusable token rows."
"388","viet-phrase-city-hcmc-place-bach-dang-waterbus-station","city-hcmc-place-bach-dang-waterbus-station","Bến tàu thủy Bạch Đằng","Bach Dang Waterbus Station","city-v1","content-draft/viet/city-library/v1.json","6","1","0","planned","1","FAIL","missing_breakdown|missing_breakdown_tokens|three_text_only_sections","must_fix:Missing required breakdown section. || must_fix:Breakdown section has no reusable token rows. || must_fix:Three consecutive text-only sections: Worth it if | Before you go | Good to know"
"389","viet-phrase-city-hcmc-place-bach-dang-wharf","city-hcmc-place-bach-dang-wharf","Bến Bạch Đằng","Bach Dang Wharf","city-v1","content-draft/viet/city-library/v1.json","6","6","0","ready","1","FAIL","missing_breakdown|missing_breakdown_tokens","must_fix:Missing required breakdown section. || must_fix:Breakdown section has no reusable token rows."
"390","viet-phrase-city-hcmc-place-banh-mi","city-hcmc-place-banh-mi","Bánh mì ở Thành phố Hồ Chí Minh","Banh mi","city-v1","content-draft/viet/city-library/v1.json","6","2","0","planned","1","FAIL","missing_breakdown|missing_breakdown_tokens|three_text_only_sections","must_fix:Missing required breakdown section. || must_fix:Breakdown section has no reusable token rows. || must_fix:Three consecutive text-only sections: Worth it if | Before you go | Good to know"
"391","viet-phrase-city-hcmc-place-banh-mi-huynh-hoa","city-hcmc-place-banh-mi-huynh-hoa","Bánh mì Huỳnh Hoa","Banh Mi Huynh Hoa","city-v1","content-draft/viet/city-library/v1.json","6","5","0","planned","1","FAIL","missing_breakdown|missing_breakdown_tokens","must_fix:Missing required breakdown section. || must_fix:Breakdown section has no reusable token rows."
"392","viet-phrase-city-hcmc-place-banh-xeo","city-hcmc-place-banh-xeo","Bánh xèo ở Thành phố Hồ Chí Minh","Southern sizzling pancake","city-v1","content-draft/viet/city-library/v1.json","6","2","0","planned","1","FAIL","missing_breakdown|missing_breakdown_tokens|three_text_only_sections","must_fix:Missing required breakdown section. || must_fix:Breakdown section has no reusable token rows. || must_fix:Three consecutive text-only sections: Worth it if | Before you go | Good to know"
"393","viet-phrase-city-hcmc-place-banh-xeo-46a","city-hcmc-place-banh-xeo-46a","Bánh xèo 46A","Banh Xeo 46A","city-v1","content-draft/viet/city-library/v1.json","6","5","0","planned","1","FAIL","missing_breakdown|missing_breakdown_tokens","must_fix:Missing required breakdown section. || must_fix:Breakdown section has no reusable token rows."
"394","viet-phrase-city-hcmc-place-ben-thanh-market","city-hcmc-place-ben-thanh-market","Chợ Bến Thành","Ben Thanh Market","city-v1","content-draft/viet/city-library/v1.json","6","5","0","ready","1","FAIL","missing_breakdown|missing_breakdown_tokens|three_text_only_sections","must_fix:Missing required breakdown section. || must_fix:Breakdown section has no reusable token rows. || must_fix:Three consecutive text-only sections: Worth it if | Before you go | Good to know"
"395","viet-phrase-city-hcmc-place-ben-thanh-metro-station","city-hcmc-place-ben-thanh-metro-station","Ga Bến Thành","Ben Thanh Metro Station","city-v1","content-draft/viet/city-library/v1.json","6","1","0","planned","1","FAIL","missing_breakdown|missing_breakdown_tokens|three_text_only_sections","must_fix:Missing required breakdown section. || must_fix:Breakdown section has no reusable token rows. || must_fix:Three consecutive text-only sections: Worth it if | Before you go | Good to know"
"396","viet-phrase-city-hcmc-place-bep-me-in","city-hcmc-place-bep-me-in","Bếp Mẹ Ỉn","Bep Me In","city-v1","content-draft/viet/city-library/v1.json","6","5","0","planned","1","FAIL","missing_breakdown|missing_breakdown_tokens","must_fix:Missing required breakdown section. || must_fix:Breakdown section has no reusable token rows."
"397","viet-phrase-city-hcmc-place-binh-tay-market","city-hcmc-place-binh-tay-market","Chợ Bình Tây","Binh Tay Market","city-v1","content-draft/viet/city-library/v1.json","6","5","0","ready","1","FAIL","missing_breakdown|missing_breakdown_tokens|three_text_only_sections","must_fix:Missing required breakdown section. || must_fix:Breakdown section has no reusable token rows. || must_fix:Three consecutive text-only sections: Worth it if | Before you go | Good to know"
"398","viet-phrase-city-hcmc-place-bitexco-tower","city-hcmc-place-bitexco-tower","Tòa nhà Bitexco","Bitexco Financial Tower","city-v1","content-draft/viet/city-library/v1.json","6","6","0","ready","1","FAIL","missing_breakdown|missing_breakdown_tokens","must_fix:Missing required breakdown section. || must_fix:Breakdown section has no reusable token rows."
"399","viet-phrase-city-hcmc-place-bo-la-lot","city-hcmc-place-bo-la-lot","Bò lá lốt ở Thành phố Hồ Chí Minh","Beef in betel leaves","city-v1","content-draft/viet/city-library/v1.json","6","2","0","planned","1","FAIL","missing_breakdown|missing_breakdown_tokens|three_text_only_sections","must_fix:Missing required breakdown section. || must_fix:Breakdown section has no reusable token rows. || must_fix:Three consecutive text-only sections: Worth it if | Before you go | Good to know"
"400","viet-phrase-city-hcmc-place-bot-chien","city-hcmc-place-bot-chien","Bột chiên ở Thành phố Hồ Chí Minh","Fried rice-flour cakes","city-v1","content-draft/viet/city-library/v1.json","6","2","0","planned","1","FAIL","missing_breakdown|missing_breakdown_tokens|three_text_only_sections","must_fix:Missing required breakdown section. || must_fix:Breakdown section has no reusable token rows. || must_fix:Three consecutive text-only sections: Worth it if | Before you go | Good to know"
"401","viet-phrase-city-hcmc-place-bui-vien-street","city-hcmc-place-bui-vien-street","Phố Bùi Viện","Bui Vien Street","city-v1","content-draft/viet/city-library/v1.json","6","4","0","ready","1","FAIL","missing_breakdown|missing_breakdown_tokens|three_text_only_sections","must_fix:Missing required breakdown section. || must_fix:Breakdown section has no reusable token rows. || must_fix:Three consecutive text-only sections: Worth it if | Before you go | Good to know"
"402","viet-phrase-city-hcmc-place-bun-thit-nuong","city-hcmc-place-bun-thit-nuong","Bún thịt nướng ở Thành phố Hồ Chí Minh","Grilled pork vermicelli","city-v1","content-draft/viet/city-library/v1.json","6","2","0","planned","1","FAIL","missing_breakdown|missing_breakdown_tokens|three_text_only_sections","must_fix:Missing required breakdown section. || must_fix:Breakdown section has no reusable token rows. || must_fix:Three consecutive text-only sections: Worth it if | Before you go | Good to know"
"403","viet-phrase-city-hcmc-place-ca-phe-sua-da","city-hcmc-place-ca-phe-sua-da","Cà phê sữa đá Sài Gòn ở Thành phố Hồ Chí Minh","Saigon iced milk coffee","city-v1","content-draft/viet/city-library/v1.json","6","2","0","planned","1","FAIL","missing_breakdown|missing_breakdown_tokens|three_text_only_sections","must_fix:Missing required breakdown section. || must_fix:Breakdown section has no reusable token rows. || must_fix:Three consecutive text-only sections: Worth it if | Before you go | Good to know"
"404","viet-phrase-city-hcmc-place-cafe-apartment-nguyen-hue","city-hcmc-place-cafe-apartment-nguyen-hue","Chung cư cà phê Nguyễn Huệ","Cafe Apartment on Nguyen Hue","city-v1","content-draft/viet/city-library/v1.json","6","5","0","planned","1","FAIL","missing_breakdown|missing_breakdown_tokens","must_fix:Missing required breakdown section. || must_fix:Breakdown section has no reusable token rows."
"405","viet-phrase-city-hcmc-place-cafe-hop-nguyen-hue","city-hcmc-place-cafe-hop-nguyen-hue","Đi cà phê Nguyễn Huệ","Nguyen Hue cafe hop","city-v1","content-draft/viet/city-library/v1.json","6","6","0","planned","1","FAIL","missing_breakdown|missing_breakdown_tokens","must_fix:Missing required breakdown section. || must_fix:Breakdown section has no reusable token rows."
"406","viet-phrase-city-hcmc-place-cafe-vot-pham-ngoc-thach","city-hcmc-place-cafe-vot-pham-ngoc-thach","Cà phê vợt Phạm Ngọc Thạch","Pham Ngoc Thach cloth-filter coffee","city-v1","content-draft/viet/city-library/v1.json","6","5","0","planned","1","FAIL","missing_breakdown|missing_breakdown_tokens","must_fix:Missing required breakdown section. || must_fix:Breakdown section has no reusable token rows."
"407","viet-phrase-city-hcmc-place-che","city-hcmc-place-che","Chè Sài Gòn ở Thành phố Hồ Chí Minh","Sweet soup dessert","city-v1","content-draft/viet/city-library/v1.json","6","2","0","planned","1","FAIL","missing_breakdown|missing_breakdown_tokens|three_text_only_sections","must_fix:Missing required breakdown section. || must_fix:Breakdown section has no reusable token rows. || must_fix:Three consecutive text-only sections: Worth it if | Before you go | Good to know"
"408","viet-phrase-city-hcmc-place-cheo-leo-cafe","city-hcmc-place-cheo-leo-cafe","Cà phê Cheo Leo","Cheo Leo Cafe","city-v1","content-draft/viet/city-library/v1.json","6","5","0","planned","1","FAIL","missing_breakdown|missing_breakdown_tokens","must_fix:Missing required breakdown section. || must_fix:Breakdown section has no reusable token rows."
"409","viet-phrase-city-hcmc-place-cho-lon","city-hcmc-place-cho-lon","Chợ Lớn","Cho Lon","city-v1","content-draft/viet/city-library/v1.json","6","4","0","ready","1","FAIL","missing_breakdown|missing_breakdown_tokens|three_text_only_sections","must_fix:Missing required breakdown section. || must_fix:Breakdown section has no reusable token rows. || must_fix:Three consecutive text-only sections: Worth it if | Before you go | Good to know"
"410","viet-phrase-city-hcmc-place-cho-lon-walking-route","city-hcmc-place-cho-lon-walking-route","Đi bộ Chợ Lớn","Cho Lon walking route","city-v1","content-draft/viet/city-library/v1.json","6","6","0","planned","1","FAIL","missing_breakdown|missing_breakdown_tokens","must_fix:Missing required breakdown section. || must_fix:Breakdown section has no reusable token rows."
"411","viet-phrase-city-hcmc-place-ciel","city-hcmc-place-ciel","CieL","CieL","city-v1","content-draft/viet/city-library/v1.json","6","5","0","planned","1","FAIL","missing_breakdown|missing_breakdown_tokens","must_fix:Missing required breakdown section. || must_fix:Breakdown section has no reusable token rows."
"412","viet-phrase-city-hcmc-place-city-hall","city-hcmc-place-city-hall","Trụ sở UBND Thành phố","Ho Chi Minh City Hall","city-v1","content-draft/viet/city-library/v1.json","6","6","0","planned","1","FAIL","missing_breakdown|missing_breakdown_tokens","must_fix:Missing required breakdown section. || must_fix:Breakdown section has no reusable token rows."
"413","viet-phrase-city-hcmc-place-coco-dining","city-hcmc-place-coco-dining","Coco Dining","Coco Dining","city-v1","content-draft/viet/city-library/v1.json","6","5","0","planned","1","FAIL","missing_breakdown|missing_breakdown_tokens","must_fix:Missing required breakdown section. || must_fix:Breakdown section has no reusable token rows."
"414","viet-phrase-city-hcmc-place-com-tam","city-hcmc-place-com-tam","Cơm tấm ở Thành phố Hồ Chí Minh","Broken rice","city-v1","content-draft/viet/city-library/v1.json","6","2","0","planned","1","FAIL","missing_breakdown|missing_breakdown_tokens|three_text_only_sections","must_fix:Missing required breakdown section. || must_fix:Breakdown section has no reusable token rows. || must_fix:Three consecutive text-only sections: Worth it if | Before you go | Good to know"
"415","viet-phrase-city-hcmc-place-com-tam-ba-ghien","city-hcmc-place-com-tam-ba-ghien","Cơm tấm Ba Ghiền","Com Tam Ba Ghien","city-v1","content-draft/viet/city-library/v1.json","6","5","0","planned","1","FAIL","missing_breakdown|missing_breakdown_tokens","must_fix:Missing required breakdown section. || must_fix:Breakdown section has no reusable token rows."
"416","viet-phrase-city-hcmc-place-cong-ca-phe-dong-khoi","city-hcmc-place-cong-ca-phe-dong-khoi","Cộng Cà Phê Đồng Khởi","Cong Ca Phe Dong Khoi","city-v1","content-draft/viet/city-library/v1.json","6","5","0","planned","1","FAIL","missing_breakdown|missing_breakdown_tokens","must_fix:Missing required breakdown section. || must_fix:Breakdown section has no reusable token rows."
"417","viet-phrase-city-hcmc-place-cu-chi-day-trip","city-hcmc-place-cu-chi-day-trip","Đi Củ Chi trong ngày","Cu Chi day trip","city-v1","content-draft/viet/city-library/v1.json","6","6","0","planned","1","FAIL","missing_breakdown|missing_breakdown_tokens","must_fix:Missing required breakdown section. || must_fix:Breakdown section has no reusable token rows."
"418","viet-phrase-city-hcmc-place-cu-chi-tunnels","city-hcmc-place-cu-chi-tunnels","Địa đạo Củ Chi","Cu Chi Tunnels","city-v1","content-draft/viet/city-library/v1.json","6","6","0","planned","1","FAIL","missing_breakdown|missing_breakdown_tokens","must_fix:Missing required breakdown section. || must_fix:Breakdown section has no reusable token rows."
"419","viet-phrase-city-hcmc-place-cuc-gach-quan","city-hcmc-place-cuc-gach-quan","Cục Gạch Quán","Cuc Gach Quan","city-v1","content-draft/viet/city-library/v1.json","6","5","0","planned","1","FAIL","missing_breakdown|missing_breakdown_tokens","must_fix:Missing required breakdown section. || must_fix:Breakdown section has no reusable token rows."
"420","viet-phrase-city-hcmc-place-district-1","city-hcmc-place-district-1","Quận 1","District 1","city-v1","content-draft/viet/city-library/v1.json","6","4","0","ready","1","FAIL","missing_breakdown|missing_breakdown_tokens|three_text_only_sections","must_fix:Missing required breakdown section. || must_fix:Breakdown section has no reusable token rows. || must_fix:Three consecutive text-only sections: Worth it if | Before you go | Good to know"
"421","viet-phrase-city-hcmc-place-district-3","city-hcmc-place-district-3","Quận 3","District 3","city-v1","content-draft/viet/city-library/v1.json","6","1","0","planned","1","FAIL","missing_breakdown|missing_breakdown_tokens|three_text_only_sections","must_fix:Missing required breakdown section. || must_fix:Breakdown section has no reusable token rows. || must_fix:Three consecutive text-only sections: Worth it if | Before you go | Good to know"
"422","viet-phrase-city-hcmc-place-dong-khoi-landmark-walk","city-hcmc-place-dong-khoi-landmark-walk","Đi bộ Đồng Khởi","Dong Khoi landmark walk","city-v1","content-draft/viet/city-library/v1.json","6","6","0","planned","1","FAIL","missing_breakdown|missing_breakdown_tokens","must_fix:Missing required breakdown section. || must_fix:Breakdown section has no reusable token rows."
"423","viet-phrase-city-hcmc-place-dong-khoi-street","city-hcmc-place-dong-khoi-street","Đường Đồng Khởi","Dong Khoi Street","city-v1","content-draft/viet/city-library/v1.json","6","5","0","ready","1","FAIL","missing_breakdown|missing_breakdown_tokens|three_text_only_sections","must_fix:Missing required breakdown section. || must_fix:Breakdown section has no reusable token rows. || must_fix:Three consecutive text-only sections: Worth it if | Before you go | Good to know"
"424","viet-phrase-city-hcmc-place-fine-arts-museum","city-hcmc-place-fine-arts-museum","Bảo tàng Mỹ thuật","Ho Chi Minh City Museum of Fine Arts","city-v1","content-draft/viet/city-library/v1.json","6","6","0","ready","1","FAIL","missing_breakdown|missing_breakdown_tokens","must_fix:Missing required breakdown section. || must_fix:Breakdown section has no reusable token rows."
"425","viet-phrase-city-hcmc-place-fito-museum","city-hcmc-place-fito-museum","Bảo tàng Y học Cổ truyền Việt Nam","FITO Museum","city-v1","content-draft/viet/city-library/v1.json","6","6","0","planned","1","FAIL","missing_breakdown|missing_breakdown_tokens","must_fix:Missing required breakdown section. || must_fix:Breakdown section has no reusable token rows."
"426","viet-phrase-city-hcmc-place-gia-dinh-park","city-hcmc-place-gia-dinh-park","Công viên Gia Định","Gia Dinh Park","city-v1","content-draft/viet/city-library/v1.json","6","6","0","planned","1","FAIL","missing_breakdown|missing_breakdown_tokens","must_fix:Missing required breakdown section. || must_fix:Breakdown section has no reusable token rows."
"427","viet-phrase-city-hcmc-place-goi-cuon","city-hcmc-place-goi-cuon","Gỏi cuốn ở Thành phố Hồ Chí Minh","Fresh spring rolls","city-v1","content-draft/viet/city-library/v1.json","6","2","0","planned","1","FAIL","missing_breakdown|missing_breakdown_tokens|three_text_only_sections","must_fix:Missing required breakdown section. || must_fix:Breakdown section has no reusable token rows. || must_fix:Three consecutive text-only sections: Worth it if | Before you go | Good to know"
"428","viet-phrase-city-hcmc-place-golden-dragon-water-puppet","city-hcmc-place-golden-dragon-water-puppet","Nhà hát Múa rối nước Rồng Vàng","Golden Dragon Water Puppet Theater","city-v1","content-draft/viet/city-library/v1.json","6","6","0","planned","1","FAIL","missing_breakdown|missing_breakdown_tokens","must_fix:Missing required breakdown section. || must_fix:Breakdown section has no reusable token rows."
"429","viet-phrase-city-hcmc-place-history-museum","city-hcmc-place-history-museum","Bảo tàng Lịch sử Thành phố Hồ Chí Minh","Museum of Vietnamese History","city-v1","content-draft/viet/city-library/v1.json","6","6","0","planned","1","FAIL","missing_breakdown|missing_breakdown_tokens","must_fix:Missing required breakdown section. || must_fix:Breakdown section has no reusable token rows."
"430","viet-phrase-city-hcmc-place-ho-chi-minh-city-museum","city-hcmc-place-ho-chi-minh-city-museum","Bảo tàng Thành phố Hồ Chí Minh","Ho Chi Minh City Museum","city-v1","content-draft/viet/city-library/v1.json","6","6","0","planned","1","FAIL","missing_breakdown|missing_breakdown_tokens","must_fix:Missing required breakdown section. || must_fix:Breakdown section has no reusable token rows."
"431","viet-phrase-city-hcmc-place-ho-thi-ky-flower-market","city-hcmc-place-ho-thi-ky-flower-market","Chợ hoa Hồ Thị Kỷ","Ho Thi Ky Flower Market","city-v1","content-draft/viet/city-library/v1.json","6","5","0","ready","1","FAIL","missing_breakdown|missing_breakdown_tokens|three_text_only_sections","must_fix:Missing required breakdown section. || must_fix:Breakdown section has no reusable token rows. || must_fix:Three consecutive text-only sections: Worth it if | Before you go | Good to know"
"432","viet-phrase-city-hcmc-place-hu-tieu","city-hcmc-place-hu-tieu","Hủ tiếu ở Thành phố Hồ Chí Minh","Hu tieu","city-v1","content-draft/viet/city-library/v1.json","6","2","0","planned","1","FAIL","missing_breakdown|missing_breakdown_tokens|three_text_only_sections","must_fix:Missing required breakdown section. || must_fix:Breakdown section has no reusable token rows. || must_fix:Three consecutive text-only sections: Worth it if | Before you go | Good to know"
"433","viet-phrase-city-hcmc-place-independence-palace","city-hcmc-place-independence-palace","Dinh Độc Lập","Independence Palace","city-v1","content-draft/viet/city-library/v1.json","6","6","0","ready","1","FAIL","missing_breakdown|missing_breakdown_tokens","must_fix:Missing required breakdown section. || must_fix:Breakdown section has no reusable token rows."
"434","viet-phrase-city-hcmc-place-jade-emperor-pagoda","city-hcmc-place-jade-emperor-pagoda","Chùa Ngọc Hoàng","Jade Emperor Pagoda","city-v1","content-draft/viet/city-library/v1.json","6","6","0","ready","1","FAIL","missing_breakdown|missing_breakdown_tokens","must_fix:Missing required breakdown section. || must_fix:Breakdown section has no reusable token rows."
"435","viet-phrase-city-hcmc-place-japan-town","city-hcmc-place-japan-town","Khu phố Nhật Lê Thánh Tôn","Japan Town Saigon","city-v1","content-draft/viet/city-library/v1.json","6","1","0","planned","1","FAIL","missing_breakdown|missing_breakdown_tokens|three_text_only_sections","must_fix:Missing required breakdown section. || must_fix:Breakdown section has no reusable token rows. || must_fix:Three consecutive text-only sections: Worth it if | Before you go | Good to know"
"436","viet-phrase-city-hcmc-place-landmark-81","city-hcmc-place-landmark-81","Landmark 81","Landmark 81","city-v1","content-draft/viet/city-library/v1.json","6","6","0","ready","1","FAIL","missing_breakdown|missing_breakdown_tokens","must_fix:Missing required breakdown section. || must_fix:Breakdown section has no reusable token rows."
"437","viet-phrase-city-hcmc-place-le-thanh-ton-street","city-hcmc-place-le-thanh-ton-street","Đường Lê Thánh Tôn","Le Thanh Ton Street","city-v1","content-draft/viet/city-library/v1.json","6","3","0","ready","1","FAIL","missing_breakdown|missing_breakdown_tokens|three_text_only_sections","must_fix:Missing required breakdown section. || must_fix:Breakdown section has no reusable token rows. || must_fix:Three consecutive text-only sections: Worth it if | Before you go | Good to know"
"438","viet-phrase-city-hcmc-place-le-van-tam-park","city-hcmc-place-le-van-tam-park","Công viên Lê Văn Tám","Le Van Tam Park","city-v1","content-draft/viet/city-library/v1.json","6","6","0","planned","1","FAIL","missing_breakdown|missing_breakdown_tokens","must_fix:Missing required breakdown section. || must_fix:Breakdown section has no reusable token rows."
"439","viet-phrase-city-hcmc-place-little-hanoi-egg-coffee","city-hcmc-place-little-hanoi-egg-coffee","Little HaNoi Egg Coffee","Little HaNoi Egg Coffee Saigon","city-v1","content-draft/viet/city-library/v1.json","6","5","0","planned","1","FAIL","missing_breakdown|missing_breakdown_tokens","must_fix:Missing required breakdown section. || must_fix:Breakdown section has no reusable token rows."
"440","viet-phrase-city-hcmc-place-long-trieu","city-hcmc-place-long-trieu","Long Triều","Long Trieu","city-v1","content-draft/viet/city-library/v1.json","6","5","0","planned","1","FAIL","missing_breakdown|missing_breakdown_tokens","must_fix:Missing required breakdown section. || must_fix:Breakdown section has no reusable token rows."
"441","viet-phrase-city-hcmc-place-lusine-thao-dien","city-hcmc-place-lusine-thao-dien","L'Usine Thảo Điền","L'Usine Thao Dien","city-v1","content-draft/viet/city-library/v1.json","6","5","0","planned","1","FAIL","missing_breakdown|missing_breakdown_tokens","must_fix:Missing required breakdown section. || must_fix:Breakdown section has no reusable token rows."
"442","viet-phrase-city-hcmc-place-mariamman-temple","city-hcmc-place-mariamman-temple","Đền Mariamman","Mariamman Hindu Temple","city-v1","content-draft/viet/city-library/v1.json","6","6","0","planned","1","FAIL","missing_breakdown|missing_breakdown_tokens","must_fix:Missing required breakdown section. || must_fix:Breakdown section has no reusable token rows."
"443","viet-phrase-city-hcmc-place-mien-dong-bus-station","city-hcmc-place-mien-dong-bus-station","Bến xe Miền Đông","Mien Dong Bus Station","city-v1","content-draft/viet/city-library/v1.json","6","1","0","planned","1","FAIL","missing_breakdown|missing_breakdown_tokens|three_text_only_sections","must_fix:Missing required breakdown section. || must_fix:Breakdown section has no reusable token rows. || must_fix:Three consecutive text-only sections: Worth it if | Before you go | Good to know"
"444","viet-phrase-city-hcmc-place-mien-tay-bus-station","city-hcmc-place-mien-tay-bus-station","Bến xe Miền Tây","Mien Tay Bus Station","city-v1","content-draft/viet/city-library/v1.json","6","1","0","planned","1","FAIL","missing_breakdown|missing_breakdown_tokens|three_text_only_sections","must_fix:Missing required breakdown section. || must_fix:Breakdown section has no reusable token rows. || must_fix:Three consecutive text-only sections: Worth it if | Before you go | Good to know"
"445","viet-phrase-city-hcmc-place-motorbike-food-tour","city-hcmc-place-motorbike-food-tour","Tour ăn tối bằng xe máy","Saigon motorbike food tour","city-v1","content-draft/viet/city-library/v1.json","6","6","0","planned","1","FAIL","missing_breakdown|missing_breakdown_tokens","must_fix:Missing required breakdown section. || must_fix:Breakdown section has no reusable token rows."
"446","viet-phrase-city-hcmc-place-municipal-theatre-square","city-hcmc-place-municipal-theatre-square","Công trường Lam Sơn","Lam Son Square","city-v1","content-draft/viet/city-library/v1.json","6","6","0","planned","1","FAIL","missing_breakdown|missing_breakdown_tokens","must_fix:Missing required breakdown section. || must_fix:Breakdown section has no reusable token rows."
"447","viet-phrase-city-hcmc-place-nephele","city-hcmc-place-nephele","Nephele","Nephele","city-v1","content-draft/viet/city-library/v1.json","6","5","0","planned","1","FAIL","missing_breakdown|missing_breakdown_tokens","must_fix:Missing required breakdown section. || must_fix:Breakdown section has no reusable token rows."
"448","viet-phrase-city-hcmc-place-nguyen-hue","city-hcmc-place-nguyen-hue","Phố đi bộ Nguyễn Huệ","Nguyen Hue Walking Street","city-v1","content-draft/viet/city-library/v1.json","6","4","0","ready","1","FAIL","missing_breakdown|missing_breakdown_tokens|three_text_only_sections","must_fix:Missing required breakdown section. || must_fix:Breakdown section has no reusable token rows. || must_fix:Three consecutive text-only sections: Worth it if | Before you go | Good to know"
"449","viet-phrase-city-hcmc-place-nguyen-trai-street","city-hcmc-place-nguyen-trai-street","Đường Nguyễn Trãi","Nguyen Trai Street","city-v1","content-draft/viet/city-library/v1.json","6","3","0","ready","1","FAIL","missing_breakdown|missing_breakdown_tokens|three_text_only_sections","must_fix:Missing required breakdown section. || must_fix:Breakdown section has no reusable token rows. || must_fix:Three consecutive text-only sections: Worth it if | Before you go | Good to know"
"450","viet-phrase-city-hcmc-place-nhieu-loc-canal","city-hcmc-place-nhieu-loc-canal","Kênh Nhiêu Lộc - Thị Nghè","Nhieu Loc - Thi Nghe Canal","city-v1","content-draft/viet/city-library/v1.json","6","6","0","planned","1","FAIL","missing_breakdown|missing_breakdown_tokens","must_fix:Missing required breakdown section. || must_fix:Breakdown section has no reusable token rows."
"451","viet-phrase-city-hcmc-place-notre-dame","city-hcmc-place-notre-dame","Nhà thờ Đức Bà Sài Gòn","Notre Dame Cathedral Basilica of Saigon","city-v1","content-draft/viet/city-library/v1.json","6","6","0","ready","1","FAIL","missing_breakdown|missing_breakdown_tokens","must_fix:Missing required breakdown section. || must_fix:Breakdown section has no reusable token rows."
"452","viet-phrase-city-hcmc-place-oc","city-hcmc-place-oc","Ốc Sài Gòn ở Thành phố Hồ Chí Minh","Saigon snails and seafood","city-v1","content-draft/viet/city-library/v1.json","6","2","0","planned","1","FAIL","missing_breakdown|missing_breakdown_tokens|three_text_only_sections","must_fix:Missing required breakdown section. || must_fix:Breakdown section has no reusable token rows. || must_fix:Three consecutive text-only sections: Worth it if | Before you go | Good to know"
"453","viet-phrase-city-hcmc-place-opera-a-o-show","city-hcmc-place-opera-a-o-show","À Ố Show","A O Show at Saigon Opera House","city-v1","content-draft/viet/city-library/v1.json","6","6","0","planned","1","FAIL","missing_breakdown|missing_breakdown_tokens","must_fix:Missing required breakdown section. || must_fix:Breakdown section has no reusable token rows."
"454","viet-phrase-city-hcmc-place-opera-house","city-hcmc-place-opera-house","Nhà hát Thành phố","Saigon Opera House","city-v1","content-draft/viet/city-library/v1.json","6","6","0","ready","1","FAIL","missing_breakdown|missing_breakdown_tokens","must_fix:Missing required breakdown section. || must_fix:Breakdown section has no reusable token rows."
"455","viet-phrase-city-hcmc-place-pasteur-street","city-hcmc-place-pasteur-street","Đường Pasteur","Pasteur Street","city-v1","content-draft/viet/city-library/v1.json","6","3","0","ready","1","FAIL","missing_breakdown|missing_breakdown_tokens|three_text_only_sections","must_fix:Missing required breakdown section. || must_fix:Breakdown section has no reusable token rows. || must_fix:Three consecutive text-only sections: Worth it if | Before you go | Good to know"
"456","viet-phrase-city-hcmc-place-pha-lau","city-hcmc-place-pha-lau","Phá lấu ở Thành phố Hồ Chí Minh","Pha lau","city-v1","content-draft/viet/city-library/v1.json","6","2","0","planned","1","FAIL","missing_breakdown|missing_breakdown_tokens|three_text_only_sections","must_fix:Missing required breakdown section. || must_fix:Breakdown section has no reusable token rows. || must_fix:Three consecutive text-only sections: Worth it if | Before you go | Good to know"
"457","viet-phrase-city-hcmc-place-pham-ngu-lao-street","city-hcmc-place-pham-ngu-lao-street","Phố Phạm Ngũ Lão","Pham Ngu Lao Street","city-v1","content-draft/viet/city-library/v1.json","6","3","0","ready","1","FAIL","missing_breakdown|missing_breakdown_tokens|three_text_only_sections","must_fix:Missing required breakdown section. || must_fix:Breakdown section has no reusable token rows. || must_fix:Three consecutive text-only sections: Worth it if | Before you go | Good to know"
"458","viet-phrase-city-hcmc-place-pho-hoa-pasteur","city-hcmc-place-pho-hoa-pasteur","Phở Hòa Pasteur","Pho Hoa Pasteur","city-v1","content-draft/viet/city-library/v1.json","6","7","0","ready","1","FAIL","missing_breakdown|missing_breakdown_tokens","must_fix:Missing required breakdown section. || must_fix:Breakdown section has no reusable token rows."
"459","viet-phrase-city-hcmc-place-pho-nam","city-hcmc-place-pho-nam","Phở Sài Gòn ở Thành phố Hồ Chí Minh","Southern pho","city-v1","content-draft/viet/city-library/v1.json","6","3","0","planned","1","FAIL","missing_breakdown|missing_breakdown_tokens|three_text_only_sections","must_fix:Missing required breakdown section. || must_fix:Breakdown section has no reusable token rows. || must_fix:Three consecutive text-only sections: Worth it if | Before you go | Good to know"
"460","viet-phrase-city-hcmc-place-post-office","city-hcmc-place-post-office","Bưu điện Thành phố","Saigon Central Post Office","city-v1","content-draft/viet/city-library/v1.json","6","6","0","ready","1","FAIL","missing_breakdown|missing_breakdown_tokens","must_fix:Missing required breakdown section. || must_fix:Breakdown section has no reusable token rows."
"461","viet-phrase-city-hcmc-place-rex-hotel-rooftop","city-hcmc-place-rex-hotel-rooftop","Sân thượng khách sạn Rex","Rex Hotel rooftop","city-v1","content-draft/viet/city-library/v1.json","6","6","0","planned","1","FAIL","missing_breakdown|missing_breakdown_tokens","must_fix:Missing required breakdown section. || must_fix:Breakdown section has no reusable token rows."
"462","viet-phrase-city-hcmc-place-russian-market","city-hcmc-place-russian-market","Chợ Nga","Russian Market","city-v1","content-draft/viet/city-library/v1.json","6","1","0","planned","1","FAIL","missing_breakdown|missing_breakdown_tokens|three_text_only_sections","must_fix:Missing required breakdown section. || must_fix:Breakdown section has no reusable token rows. || must_fix:Three consecutive text-only sections: Worth it if | Before you go | Good to know"
"463","viet-phrase-city-hcmc-place-saigon-railway-station","city-hcmc-place-saigon-railway-station","Ga Sài Gòn","Saigon Railway Station","city-v1","content-draft/viet/city-library/v1.json","6","1","0","planned","1","FAIL","missing_breakdown|missing_breakdown_tokens|three_text_only_sections","must_fix:Missing required breakdown section. || must_fix:Breakdown section has no reusable token rows. || must_fix:Three consecutive text-only sections: Worth it if | Before you go | Good to know"
"464","viet-phrase-city-hcmc-place-saigon-river","city-hcmc-place-saigon-river","Sông Sài Gòn","Saigon River","city-v1","content-draft/viet/city-library/v1.json","6","6","0","ready","1","FAIL","missing_breakdown|missing_breakdown_tokens","must_fix:Missing required breakdown section. || must_fix:Breakdown section has no reusable token rows."
"465","viet-phrase-city-hcmc-place-saigon-river-boat","city-hcmc-place-saigon-river-boat","Đi thuyền sông Sài Gòn","Saigon River boat ride","city-v1","content-draft/viet/city-library/v1.json","6","6","0","planned","1","FAIL","missing_breakdown|missing_breakdown_tokens","must_fix:Missing required breakdown section. || must_fix:Breakdown section has no reusable token rows."
"466","viet-phrase-city-hcmc-place-saigon-skydeck","city-hcmc-place-saigon-skydeck","Saigon Skydeck","Saigon Skydeck","city-v1","content-draft/viet/city-library/v1.json","6","6","0","planned","1","FAIL","missing_breakdown|missing_breakdown_tokens","must_fix:Missing required breakdown section. || must_fix:Breakdown section has no reusable token rows."
"467","viet-phrase-city-hcmc-place-saigon-square","city-hcmc-place-saigon-square","Saigon Square","Saigon Square","city-v1","content-draft/viet/city-library/v1.json","6","1","0","planned","1","FAIL","missing_breakdown|missing_breakdown_tokens|three_text_only_sections","must_fix:Missing required breakdown section. || must_fix:Breakdown section has no reusable token rows. || must_fix:Three consecutive text-only sections: Worth it if | Before you go | Good to know"
"468","viet-phrase-city-hcmc-place-southern-women-museum","city-hcmc-place-southern-women-museum","Bảo tàng Phụ nữ Nam Bộ","Southern Women's Museum","city-v1","content-draft/viet/city-library/v1.json","6","6","0","planned","1","FAIL","missing_breakdown|missing_breakdown_tokens","must_fix:Missing required breakdown section. || must_fix:Breakdown section has no reusable token rows."
"469","viet-phrase-city-hcmc-place-street-food-evening","city-hcmc-place-street-food-evening","Ăn vặt Sài Gòn buổi tối","Saigon street-food evening","city-v1","content-draft/viet/city-library/v1.json","6","6","0","planned","1","FAIL","missing_breakdown|missing_breakdown_tokens","must_fix:Missing required breakdown section. || must_fix:Breakdown section has no reusable token rows."
"470","viet-phrase-city-hcmc-place-takashimaya-saigon-centre","city-hcmc-place-takashimaya-saigon-centre","Saigon Centre","Takashimaya Saigon Centre","city-v1","content-draft/viet/city-library/v1.json","6","1","0","planned","1","FAIL","missing_breakdown|missing_breakdown_tokens|three_text_only_sections","must_fix:Missing required breakdown section. || must_fix:Breakdown section has no reusable token rows. || must_fix:Three consecutive text-only sections: Worth it if | Before you go | Good to know"
"471","viet-phrase-city-hcmc-place-tan-son-nhat-airport","city-hcmc-place-tan-son-nhat-airport","Sân bay Tân Sơn Nhất","Tan Son Nhat International Airport","city-v1","content-draft/viet/city-library/v1.json","6","3","0","ready","1","FAIL","missing_breakdown|missing_breakdown_tokens|three_text_only_sections","must_fix:Missing required breakdown section. || must_fix:Breakdown section has no reusable token rows. || must_fix:Three consecutive text-only sections: Worth it if | Before you go | Good to know"
"472","viet-phrase-city-hcmc-place-tao-dan-park","city-hcmc-place-tao-dan-park","Công viên Tao Đàn","Tao Dan Park","city-v1","content-draft/viet/city-library/v1.json","6","6","0","ready","1","FAIL","missing_breakdown|missing_breakdown_tokens","must_fix:Missing required breakdown section. || must_fix:Breakdown section has no reusable token rows."
"473","viet-phrase-city-hcmc-place-thao-dien","city-hcmc-place-thao-dien","Thảo Điền","Thao Dien","city-v1","content-draft/viet/city-library/v1.json","6","2","0","ready","1","FAIL","missing_breakdown|missing_breakdown_tokens|three_text_only_sections","must_fix:Missing required breakdown section. || must_fix:Breakdown section has no reusable token rows. || must_fix:Three consecutive text-only sections: Worth it if | Before you go | Good to know"
"474","viet-phrase-city-hcmc-place-thien-hau-pagoda","city-hcmc-place-thien-hau-pagoda","Chùa Bà Thiên Hậu","Thien Hau Pagoda","city-v1","content-draft/viet/city-library/v1.json","6","6","0","planned","1","FAIL","missing_breakdown|missing_breakdown_tokens","must_fix:Missing required breakdown section. || must_fix:Breakdown section has no reusable token rows."
"475","viet-phrase-city-hcmc-place-thu-thiem-riverfront","city-hcmc-place-thu-thiem-riverfront","Bờ sông Thủ Thiêm","Thu Thiem riverfront","city-v1","content-draft/viet/city-library/v1.json","6","6","0","planned","1","FAIL","missing_breakdown|missing_breakdown_tokens","must_fix:Missing required breakdown section. || must_fix:Breakdown section has no reusable token rows."
"476","viet-phrase-city-hcmc-place-ton-duc-thang-museum","city-hcmc-place-ton-duc-thang-museum","Bảo tàng Tôn Đức Thắng","Ton Duc Thang Museum","city-v1","content-draft/viet/city-library/v1.json","6","6","0","planned","1","FAIL","missing_breakdown|missing_breakdown_tokens","must_fix:Missing required breakdown section. || must_fix:Breakdown section has no reusable token rows."
"477","viet-phrase-city-hcmc-place-turtle-lake","city-hcmc-place-turtle-lake","Hồ Con Rùa","Turtle Lake","city-v1","content-draft/viet/city-library/v1.json","6","6","0","ready","1","FAIL","missing_breakdown|missing_breakdown_tokens","must_fix:Missing required breakdown section. || must_fix:Breakdown section has no reusable token rows."
"478","viet-phrase-city-hcmc-place-vincom-dong-khoi","city-hcmc-place-vincom-dong-khoi","Vincom Đồng Khởi","Vincom Center Dong Khoi","city-v1","content-draft/viet/city-library/v1.json","6","1","0","planned","1","FAIL","missing_breakdown|missing_breakdown_tokens|three_text_only_sections","must_fix:Missing required breakdown section. || must_fix:Breakdown section has no reusable token rows. || must_fix:Three consecutive text-only sections: Worth it if | Before you go | Good to know"
"479","viet-phrase-city-hcmc-place-vinhomes-central-park","city-hcmc-place-vinhomes-central-park","Công viên Vinhomes Central Park","Vinhomes Central Park","city-v1","content-draft/viet/city-library/v1.json","6","6","0","planned","1","FAIL","missing_breakdown|missing_breakdown_tokens","must_fix:Missing required breakdown section. || must_fix:Breakdown section has no reusable token rows."
"480","viet-phrase-city-hcmc-place-war-remnants-museum","city-hcmc-place-war-remnants-museum","Bảo tàng Chứng tích Chiến tranh","War Remnants Museum","city-v1","content-draft/viet/city-library/v1.json","6","6","0","ready","1","FAIL","missing_breakdown|missing_breakdown_tokens","must_fix:Missing required breakdown section. || must_fix:Breakdown section has no reusable token rows."
"481","viet-phrase-city-hcmc-place-workshop-coffee","city-hcmc-place-workshop-coffee","The Workshop Coffee","The Workshop Coffee","city-v1","content-draft/viet/city-library/v1.json","6","5","0","planned","1","FAIL","missing_breakdown|missing_breakdown_tokens","must_fix:Missing required breakdown section. || must_fix:Breakdown section has no reusable token rows."
"482","viet-phrase-city-hcmc-place-zoo-botanical-gardens","city-hcmc-place-zoo-botanical-gardens","Thảo Cầm Viên Sài Gòn","Saigon Zoo and Botanical Gardens","city-v1","content-draft/viet/city-library/v1.json","6","6","0","ready","1","FAIL","missing_breakdown|missing_breakdown_tokens","must_fix:Missing required breakdown section. || must_fix:Breakdown section has no reusable token rows."
"483","viet-phrase-city-hcmc-reservation-anan","city-hcmc-reservation-anan","Tôi có đặt bàn ở Anăn Sài Gòn","I have a reservation at Anan Saigon","city-v1","content-draft/viet/city-library/v1.json","3","5","6","planned","1","PASS","",""
"484","viet-phrase-city-hcmc-sim-ben-thanh","city-hcmc-sim-ben-thanh","Tôi muốn mua SIM gần chợ Bến Thành","I want to buy a SIM near Ben Thanh Market","city-v1","content-draft/viet/city-library/v1.json","3","5","7","planned","1","PASS","",""
"485","viet-phrase-city-hcmc-stop-anan-saigon","city-hcmc-stop-anan-saigon","Cho tôi xuống gần nhà hàng Anăn Sài Gòn.","Let me off near Anăn Sài Gòn restaurant.","city-v1","content-draft/viet/city-library/v1.json","3","5","7","planned","1","PASS","",""
"486","viet-phrase-city-hcmc-stop-ben-thanh-market","city-hcmc-stop-ben-thanh-market","Dừng ở Chợ Bến Thành","Stop at Ben Thanh Market","city-v1","content-draft/viet/city-library/v1.json","3","5","3","planned","1","PASS","",""
"487","viet-phrase-city-hcmc-stop-binh-tay-market","city-hcmc-stop-binh-tay-market","Dừng ở Chợ Bình Tây","Stop at Binh Tay Market","city-v1","content-draft/viet/city-library/v1.json","3","5","3","planned","1","PASS","",""
"488","viet-phrase-city-hcmc-stop-bui-vien-street","city-hcmc-stop-bui-vien-street","Dừng ở Phố Bùi Viện","Stop at Bui Vien Street","city-v1","content-draft/viet/city-library/v1.json","3","5","3","planned","1","PASS","",""
"489","viet-phrase-city-hcmc-stop-cho-lon","city-hcmc-stop-cho-lon","Dừng ở Chợ Lớn","Stop at Cho Lon","city-v1","content-draft/viet/city-library/v1.json","3","5","3","planned","1","PASS","",""
"490","viet-phrase-city-hcmc-stop-district-1","city-hcmc-stop-district-1","Dừng ở Quận 1","Stop at District 1","city-v1","content-draft/viet/city-library/v1.json","3","5","3","planned","1","PASS","",""
"491","viet-phrase-city-hcmc-stop-dong-khoi-street","city-hcmc-stop-dong-khoi-street","Dừng ở Đường Đồng Khởi","Stop at Dong Khoi Street","city-v1","content-draft/viet/city-library/v1.json","3","5","3","planned","1","PASS","",""
"492","viet-phrase-city-hcmc-stop-ho-thi-ky-flower-market","city-hcmc-stop-ho-thi-ky-flower-market","Dừng ở Chợ hoa Hồ Thị Kỷ","Stop at Ho Thi Ky Flower Market","city-v1","content-draft/viet/city-library/v1.json","3","5","3","planned","1","PASS","",""
"493","viet-phrase-city-hcmc-stop-le-thanh-ton-street","city-hcmc-stop-le-thanh-ton-street","Dừng ở Đường Lê Thánh Tôn","Stop at Le Thanh Ton Street","city-v1","content-draft/viet/city-library/v1.json","3","2","3","planned","1","PASS","",""
"494","viet-phrase-city-hcmc-stop-nguyen-hue","city-hcmc-stop-nguyen-hue","Dừng ở phố đi bộ Nguyễn Huệ","Stop at Nguyen Hue Walking Street","city-v1","content-draft/viet/city-library/v1.json","3","4","3","planned","1","PASS","",""
"495","viet-phrase-city-hcmc-stop-nguyen-trai-street","city-hcmc-stop-nguyen-trai-street","Dừng ở Đường Nguyễn Trãi","Stop at Nguyen Trai Street","city-v1","content-draft/viet/city-library/v1.json","3","2","3","planned","1","PASS","",""
"496","viet-phrase-city-hcmc-stop-pasteur-street","city-hcmc-stop-pasteur-street","Dừng ở Đường Pasteur","Stop at Pasteur Street","city-v1","content-draft/viet/city-library/v1.json","3","2","3","planned","1","PASS","",""
"497","viet-phrase-city-hcmc-stop-pham-ngu-lao-street","city-hcmc-stop-pham-ngu-lao-street","Dừng ở Phố Phạm Ngũ Lão","Stop at Pham Ngu Lao Street","city-v1","content-draft/viet/city-library/v1.json","3","2","3","planned","1","PASS","",""
"498","viet-phrase-city-hcmc-where-anan","city-hcmc-where-anan","Nhà hàng Anăn Sài Gòn ở đâu?","Where is Anan Saigon restaurant?","city-v1","content-draft/viet/city-library/v1.json","3","5","4","planned","1","PASS","",""
"499","viet-phrase-city-hcmc-where-anan-saigon","city-hcmc-where-anan-saigon","Anăn Sài Gòn ở đâu?","Where is Anan Saigon?","city-v1","content-draft/viet/city-library/v1.json","3","5","3","planned","1","PASS","",""
"500","viet-phrase-city-hcmc-where-ben-thanh","city-hcmc-where-ben-thanh","Chợ Bến Thành ở đâu?","Where is Ben Thanh Market?","city-v1","content-draft/viet/city-library/v1.json","3","5","3","planned","1","PASS","",""
"501","viet-phrase-city-hcmc-where-binh-tay-market","city-hcmc-where-binh-tay-market","Chợ Bình Tây ở đâu?","Where is Binh Tay Market?","city-v1","content-draft/viet/city-library/v1.json","3","5","3","planned","1","PASS","",""
"502","viet-phrase-city-hcmc-where-bui-vien-street","city-hcmc-where-bui-vien-street","Phố Bùi Viện ở đâu?","Where is Bui Vien Street?","city-v1","content-draft/viet/city-library/v1.json","3","5","3","planned","1","PASS","",""
"503","viet-phrase-city-hcmc-where-cho-lon","city-hcmc-where-cho-lon","Chợ Lớn ở đâu?","Where is Cho Lon?","city-v1","content-draft/viet/city-library/v1.json","3","5","3","planned","1","PASS","",""
"504","viet-phrase-city-hcmc-where-district-1","city-hcmc-where-district-1","Quận 1 ở đâu?","Where is District 1?","city-v1","content-draft/viet/city-library/v1.json","3","5","3","planned","1","PASS","",""
"505","viet-phrase-city-hcmc-where-dong-khoi-street","city-hcmc-where-dong-khoi-street","Đường Đồng Khởi ở đâu?","Where is Dong Khoi Street?","city-v1","content-draft/viet/city-library/v1.json","3","5","3","planned","1","PASS","",""
"506","viet-phrase-city-hcmc-where-ho-thi-ky-flower-market","city-hcmc-where-ho-thi-ky-flower-market","Chợ hoa Hồ Thị Kỷ ở đâu?","Where is Ho Thi Ky Flower Market?","city-v1","content-draft/viet/city-library/v1.json","3","5","3","planned","1","PASS","",""
"507","viet-phrase-city-hcmc-where-pho-hoa-pasteur","city-hcmc-where-pho-hoa-pasteur","Phở Hòa Pasteur ở đâu?","Where is Pho Hoa Pasteur?","city-v1","content-draft/viet/city-library/v1.json","3","5","3","planned","1","PASS","",""
"508","viet-phrase-city-hcmc-where-tan-son-nhat-airport","city-hcmc-where-tan-son-nhat-airport","Sân bay Tân Sơn Nhất ở đâu?","Where is Tan Son Nhat Airport?","city-v1","content-draft/viet/city-library/v1.json","3","2","3","planned","1","PASS","",""
"509","viet-phrase-city-hoian-atm-an-hoi-island","city-hoian-atm-an-hoi-island","Có ATM gần Đảo An Hội không?","Is there an ATM near An Hoi Island?","city-v1","content-draft/viet/city-library/v1.json","3","5","6","planned","1","PASS","",""
"510","viet-phrase-city-hoian-atm-ancient-town","city-hoian-atm-ancient-town","Có ATM gần Phố cổ Hội An không?","Is there an ATM near Hoi An Ancient Town?","city-v1","content-draft/viet/city-library/v1.json","3","5","6","planned","1","PASS","",""
"511","viet-phrase-city-hoian-atm-banh-mi-phuong","city-hoian-atm-banh-mi-phuong","Có ATM gần Bánh mì Phượng không?","Is there an ATM near Banh Mi Phuong?","city-v1","content-draft/viet/city-library/v1.json","3","5","6","planned","1","PASS","",""
"512","viet-phrase-city-hoian-atm-cam-chau","city-hoian-atm-cam-chau","Có ATM gần Cẩm Châu không?","Is there an ATM near Cam Chau?","city-v1","content-draft/viet/city-library/v1.json","3","4","6","planned","1","PASS","",""
"513","viet-phrase-city-hoian-atm-cam-nam","city-hoian-atm-cam-nam","Có ATM gần Cẩm Nam không?","Is there an ATM near Cam Nam?","city-v1","content-draft/viet/city-library/v1.json","3","4","6","planned","1","PASS","",""
"514","viet-phrase-city-hoian-atm-cao-lau-city","city-hoian-atm-cao-lau-city","Ở đây có cao lầu không?","Do you have cao lau here?","city-v1","content-draft/viet/city-library/v1.json","3","5","6","planned","1","PASS","",""
"515","viet-phrase-city-hoian-atm-faifo-coffee","city-hoian-atm-faifo-coffee","Có ATM gần Faifo Coffee không?","Is there an ATM near Faifo Coffee?","city-v1","content-draft/viet/city-library/v1.json","3","5","6","planned","1","PASS","",""
"516","viet-phrase-city-hoian-atm-market","city-hoian-atm-market","Có ATM gần chợ Hội An không?","Is there an ATM near Hoi An Market?","city-v1","content-draft/viet/city-library/v1.json","3","5","6","planned","1","PASS","",""
"517","viet-phrase-city-hoian-cao-lau","city-hoian-cao-lau","Tôi muốn ăn cao lầu ở Hội An","I want to eat cao lau in Hoi An","city-v1","content-draft/viet/city-library/v1.json","3","5","5","planned","1","PASS","",""
"518","viet-phrase-city-hoian-eat-near-an-hoi-island","city-hoian-eat-near-an-hoi-island","Ăn gần Đảo An Hội","Eat near An Hoi Island","city-v1","content-draft/viet/city-library/v1.json","3","5","4","planned","1","PASS","",""
"519","viet-phrase-city-hoian-eat-near-ancient-town","city-hoian-eat-near-ancient-town","Ăn gần Phố cổ Hội An","Eat near Hoi An Ancient Town","city-v1","content-draft/viet/city-library/v1.json","3","5","4","planned","1","PASS","",""
"520","viet-phrase-city-hoian-entrance-market","city-hoian-entrance-market","Lối vào Chợ Hội An ở đâu?","Where is the entrance to Hoi An Market?","city-v1","content-draft/viet/city-library/v1.json","3","5","4","planned","1","PASS","",""
"521","viet-phrase-city-hoian-entrance-nguyen-hoang-night-market","city-hoian-entrance-nguyen-hoang-night-market","Lối vào Chợ đêm Nguyễn Hoàng ở đâu?","Where is the entrance to Nguyen Hoang Night Market?","city-v1","content-draft/viet/city-library/v1.json","3","5","4","planned","1","PASS","",""
"522","viet-phrase-city-hoian-go-an-hoi-island","city-hoian-go-an-hoi-island","Đi Đảo An Hội","Go to An Hoi Island","city-v1","content-draft/viet/city-library/v1.json","3","5","3","planned","1","PASS","",""
"523","viet-phrase-city-hoian-go-ancient-town","city-hoian-go-ancient-town","Đi phố cổ Hội An","Go to Hoi An Ancient Town","city-v1","content-draft/viet/city-library/v1.json","3","5","3","planned","1","PASS","",""
"524","viet-phrase-city-hoian-go-banh-mi-phuong","city-hoian-go-banh-mi-phuong","Cho tôi đến nhà hàng Bánh mì Phượng.","Please take me to Bánh mì Phượng restaurant.","city-v1","content-draft/viet/city-library/v1.json","3","5","6","planned","1","PASS","",""
"525","viet-phrase-city-hoian-go-cam-chau","city-hoian-go-cam-chau","Đi Cẩm Châu","Go to Cam Chau","city-v1","content-draft/viet/city-library/v1.json","3","4","3","planned","1","PASS","",""
"526","viet-phrase-city-hoian-go-cam-nam","city-hoian-go-cam-nam","Đi Cẩm Nam","Go to Cam Nam","city-v1","content-draft/viet/city-library/v1.json","3","4","3","planned","1","PASS","",""
"527","viet-phrase-city-hoian-go-cao-lau-city","city-hoian-go-cao-lau-city","Ăn cao lầu ở đâu?","Where can I eat cao lau?","city-v1","content-draft/viet/city-library/v1.json","3","5","4","planned","1","PASS","",""
"528","viet-phrase-city-hoian-go-faifo-coffee","city-hoian-go-faifo-coffee","Đi Faifo Coffee","Go to Faifo Coffee","city-v1","content-draft/viet/city-library/v1.json","3","5","3","planned","1","PASS","",""
"529","viet-phrase-city-hoian-go-market","city-hoian-go-market","Đi Chợ Hội An","Go to Hoi An Market","city-v1","content-draft/viet/city-library/v1.json","3","5","3","planned","1","PASS","",""
"530","viet-phrase-city-hoian-go-morning-glory","city-hoian-go-morning-glory","Cho tôi đến nhà hàng Morning Glory Hội An.","Please take me to Morning Glory Hội An restaurant.","city-v1","content-draft/viet/city-library/v1.json","3","5","6","planned","1","PASS","",""
"531","viet-phrase-city-hoian-go-nguyen-hoang-night-market","city-hoian-go-nguyen-hoang-night-market","Đi Chợ đêm Nguyễn Hoàng","Go to Nguyen Hoang Night Market","city-v1","content-draft/viet/city-library/v1.json","3","5","3","planned","1","PASS","",""
"532","viet-phrase-city-hoian-go-reach-out-tea-house","city-hoian-go-reach-out-tea-house","Đi Reaching Out Tea House","Go to Reaching Out Tea House","city-v1","content-draft/viet/city-library/v1.json","3","5","3","planned","1","PASS","",""
"533","viet-phrase-city-hoian-go-tran-phu-street","city-hoian-go-tran-phu-street","Đi Phố Trần Phú","Go to Tran Phu Street","city-v1","content-draft/viet/city-library/v1.json","3","2","3","planned","1","PASS","",""
"534","viet-phrase-city-hoian-near-an-hoi-island","city-hoian-near-an-hoi-island","Đảo An Hội gần đây không?","Is An Hoi Island near here?","city-v1","content-draft/viet/city-library/v1.json","3","5","4","planned","1","PASS","",""
"535","viet-phrase-city-hoian-near-ancient-town","city-hoian-near-ancient-town","Phố cổ Hội An gần đây không?","Is Hoi An Ancient Town near here?","city-v1","content-draft/viet/city-library/v1.json","3","5","4","planned","1","PASS","",""
"536","viet-phrase-city-hoian-near-market","city-hoian-near-market","Chợ Hội An gần đây không?","Is Hoi An Market near here?","city-v1","content-draft/viet/city-library/v1.json","3","5","4","planned","1","PASS","",""
"537","viet-phrase-city-hoian-near-nguyen-hoang-night-market","city-hoian-near-nguyen-hoang-night-market","Chợ đêm Nguyễn Hoàng gần đây không?","Is Nguyen Hoang Night Market near here?","city-v1","content-draft/viet/city-library/v1.json","3","5","4","planned","1","PASS","",""
"538","viet-phrase-city-hoian-near-night-market","city-hoian-near-night-market","Chợ đêm Hội An gần đây không?","Is Hoi An Night Market near here?","city-v1","content-draft/viet/city-library/v1.json","3","4","4","planned","1","PASS","",""
"539","viet-phrase-city-hoian-night-market","city-hoian-night-market","Đi chợ đêm Hội An","Go to Hoi An Night Market","city-v1","content-draft/viet/city-library/v1.json","3","4","3","planned","1","PASS","",""
"540","viet-phrase-city-hoian-pharmacy-ancient-town","city-hoian-pharmacy-ancient-town","Có nhà thuốc gần phố cổ Hội An không?","Is there a pharmacy near Hoi An Ancient Town?","city-v1","content-draft/viet/city-library/v1.json","3","5","6","planned","1","PASS","",""
"541","viet-phrase-city-hoian-place-an-bang","city-hoian-place-an-bang","Biển An Bàng","An Bang Beach","city-v1","content-draft/viet/city-library/v1.json","6","6","0","ready","1","FAIL","missing_breakdown|missing_breakdown_tokens","must_fix:Missing required breakdown section. || must_fix:Breakdown section has no reusable token rows."
"542","viet-phrase-city-hoian-place-an-hoi-bridge","city-hoian-place-an-hoi-bridge","Cầu An Hội","An Hoi Bridge","city-v1","content-draft/viet/city-library/v1.json","6","6","0","planned","1","FAIL","missing_breakdown|missing_breakdown_tokens","must_fix:Missing required breakdown section. || must_fix:Breakdown section has no reusable token rows."
"543","viet-phrase-city-hoian-place-an-hoi-island","city-hoian-place-an-hoi-island","Đảo An Hội","An Hoi Island","city-v1","content-draft/viet/city-library/v1.json","6","4","0","ready","1","FAIL","missing_breakdown|missing_breakdown_tokens|three_text_only_sections","must_fix:Missing required breakdown section. || must_fix:Breakdown section has no reusable token rows. || must_fix:Three consecutive text-only sections: Worth it if | Before you go | Good to know"
"544","viet-phrase-city-hoian-place-ancient-town","city-hoian-place-ancient-town","Phố cổ Hội An","Hoi An Ancient Town","city-v1","content-draft/viet/city-library/v1.json","6","4","0","ready","1","FAIL","missing_breakdown|missing_breakdown_tokens|three_text_only_sections","must_fix:Missing required breakdown section. || must_fix:Breakdown section has no reusable token rows. || must_fix:Three consecutive text-only sections: Worth it if | Before you go | Good to know"
"545","viet-phrase-city-hoian-place-ancient-town-ticket-booth","city-hoian-place-ancient-town-ticket-booth","Quầy vé phố cổ Hội An","Hoi An Ancient Town ticket booth","city-v1","content-draft/viet/city-library/v1.json","6","6","0","planned","1","FAIL","missing_breakdown|missing_breakdown_tokens","must_fix:Missing required breakdown section. || must_fix:Breakdown section has no reusable token rows."
"546","viet-phrase-city-hoian-place-bach-dang-boat-pier","city-hoian-place-bach-dang-boat-pier","Bến thuyền Bạch Đằng","Bach Dang boat pier","city-v1","content-draft/viet/city-library/v1.json","6","1","0","planned","1","FAIL","missing_breakdown|missing_breakdown_tokens|three_text_only_sections","must_fix:Missing required breakdown section. || must_fix:Breakdown section has no reusable token rows. || must_fix:Three consecutive text-only sections: Worth it if | Before you go | Good to know"
"547","viet-phrase-city-hoian-place-bach-dang-street","city-hoian-place-bach-dang-street","Đường Bạch Đằng ở Hội An","Bach Dang Street","city-v1","content-draft/viet/city-library/v1.json","6","1","0","planned","1","FAIL","missing_breakdown|missing_breakdown_tokens|three_text_only_sections","must_fix:Missing required breakdown section. || must_fix:Breakdown section has no reusable token rows. || must_fix:Three consecutive text-only sections: Worth it if | Before you go | Good to know"
"548","viet-phrase-city-hoian-place-bale-well","city-hoian-place-bale-well","Giếng Bà Lễ","Bale Well","city-v1","content-draft/viet/city-library/v1.json","6","5","0","planned","1","FAIL","missing_breakdown|missing_breakdown_tokens","must_fix:Missing required breakdown section. || must_fix:Breakdown section has no reusable token rows."
"549","viet-phrase-city-hoian-place-banh-dap-hen-xao","city-hoian-place-banh-dap-hen-xao","Bánh đập hến xào ở Hội An","Cracked rice paper and clams","city-v1","content-draft/viet/city-library/v1.json","6","2","0","planned","1","FAIL","missing_breakdown|missing_breakdown_tokens|three_text_only_sections","must_fix:Missing required breakdown section. || must_fix:Breakdown section has no reusable token rows. || must_fix:Three consecutive text-only sections: Worth it if | Before you go | Good to know"
"550","viet-phrase-city-hoian-place-banh-mi","city-hoian-place-banh-mi","Bánh mì Hội An","Banh mi in Hoi An","city-v1","content-draft/viet/city-library/v1.json","6","2","0","planned","1","FAIL","missing_breakdown|missing_breakdown_tokens|three_text_only_sections","must_fix:Missing required breakdown section. || must_fix:Breakdown section has no reusable token rows. || must_fix:Three consecutive text-only sections: Worth it if | Before you go | Good to know"
"551","viet-phrase-city-hoian-place-banh-mi-phuong","city-hoian-place-banh-mi-phuong","Bánh mì Phượng","Banh Mi Phuong","city-v1","content-draft/viet/city-library/v1.json","6","8","0","ready","1","FAIL","missing_breakdown|missing_breakdown_tokens","must_fix:Missing required breakdown section. || must_fix:Breakdown section has no reusable token rows."
"552","viet-phrase-city-hoian-place-banh-xeo","city-hoian-place-banh-xeo","Bánh xèo Hội An","Hoi An banh xeo","city-v1","content-draft/viet/city-library/v1.json","6","2","0","planned","1","FAIL","missing_breakdown|missing_breakdown_tokens|three_text_only_sections","must_fix:Missing required breakdown section. || must_fix:Breakdown section has no reusable token rows. || must_fix:Three consecutive text-only sections: Worth it if | Before you go | Good to know"
"553","viet-phrase-city-hoian-place-bay-mau-coconut-forest","city-hoian-place-bay-mau-coconut-forest","Rừng dừa Bảy Mẫu","Bay Mau Coconut Forest","city-v1","content-draft/viet/city-library/v1.json","6","6","0","ready","1","FAIL","missing_breakdown|missing_breakdown_tokens","must_fix:Missing required breakdown section. || must_fix:Breakdown section has no reusable token rows."
"554","viet-phrase-city-hoian-place-bebe-tailor","city-hoian-place-bebe-tailor","BeBe Tailor","BeBe Tailor","city-v1","content-draft/viet/city-library/v1.json","6","1","0","planned","1","FAIL","missing_breakdown|missing_breakdown_tokens|three_text_only_sections","must_fix:Missing required breakdown section. || must_fix:Breakdown section has no reusable token rows. || must_fix:Three consecutive text-only sections: Worth it if | Before you go | Good to know"
"555","viet-phrase-city-hoian-place-bus-station","city-hoian-place-bus-station","Bến xe Hội An","Hoi An Bus Station","city-v1","content-draft/viet/city-library/v1.json","6","1","0","planned","1","FAIL","missing_breakdown|missing_breakdown_tokens|three_text_only_sections","must_fix:Missing required breakdown section. || must_fix:Breakdown section has no reusable token rows. || must_fix:Three consecutive text-only sections: Worth it if | Before you go | Good to know"
"556","viet-phrase-city-hoian-place-cam-chau","city-hoian-place-cam-chau","Cẩm Châu","Cam Chau","city-v1","content-draft/viet/city-library/v1.json","6","4","0","ready","1","FAIL","missing_breakdown|missing_breakdown_tokens|three_text_only_sections","must_fix:Missing required breakdown section. || must_fix:Breakdown section has no reusable token rows. || must_fix:Three consecutive text-only sections: Worth it if | Before you go | Good to know"
"557","viet-phrase-city-hoian-place-cam-kim-island","city-hoian-place-cam-kim-island","Cẩm Kim","Cam Kim Island","city-v1","content-draft/viet/city-library/v1.json","6","6","0","planned","1","FAIL","missing_breakdown|missing_breakdown_tokens","must_fix:Missing required breakdown section. || must_fix:Breakdown section has no reusable token rows."
"558","viet-phrase-city-hoian-place-cam-nam","city-hoian-place-cam-nam","Cẩm Nam","Cam Nam","city-v1","content-draft/viet/city-library/v1.json","6","4","0","ready","1","FAIL","missing_breakdown|missing_breakdown_tokens|three_text_only_sections","must_fix:Missing required breakdown section. || must_fix:Breakdown section has no reusable token rows. || must_fix:Three consecutive text-only sections: Worth it if | Before you go | Good to know"
"559","viet-phrase-city-hoian-place-cam-pho","city-hoian-place-cam-pho","Cẩm Phô","Cam Pho","city-v1","content-draft/viet/city-library/v1.json","6","1","0","planned","1","FAIL","missing_breakdown|missing_breakdown_tokens|three_text_only_sections","must_fix:Missing required breakdown section. || must_fix:Breakdown section has no reusable token rows. || must_fix:Three consecutive text-only sections: Worth it if | Before you go | Good to know"
"560","viet-phrase-city-hoian-place-cam-thanh","city-hoian-place-cam-thanh","Cẩm Thanh","Cam Thanh","city-v1","content-draft/viet/city-library/v1.json","6","1","0","planned","1","FAIL","missing_breakdown|missing_breakdown_tokens|three_text_only_sections","must_fix:Missing required breakdown section. || must_fix:Breakdown section has no reusable token rows. || must_fix:Three consecutive text-only sections: Worth it if | Before you go | Good to know"
"561","viet-phrase-city-hoian-place-cam-thanh-basket-boat","city-hoian-place-cam-thanh-basket-boat","Thuyền thúng Cẩm Thanh","Cam Thanh basket boat","city-v1","content-draft/viet/city-library/v1.json","6","6","0","planned","1","FAIL","missing_breakdown|missing_breakdown_tokens","must_fix:Missing required breakdown section. || must_fix:Breakdown section has no reusable token rows."
"562","viet-phrase-city-hoian-place-cam-thanh-coconut-village","city-hoian-place-cam-thanh-coconut-village","Làng dừa Cẩm Thanh","Cam Thanh Coconut Village","city-v1","content-draft/viet/city-library/v1.json","6","6","0","ready","1","FAIL","missing_breakdown|missing_breakdown_tokens","must_fix:Missing required breakdown section. || must_fix:Breakdown section has no reusable token rows."
"563","viet-phrase-city-hoian-place-cantonese-assembly-hall","city-hoian-place-cantonese-assembly-hall","Hội quán Quảng Đông","Cantonese Assembly Hall","city-v1","content-draft/viet/city-library/v1.json","6","6","0","planned","1","FAIL","missing_breakdown|missing_breakdown_tokens","must_fix:Missing required breakdown section. || must_fix:Breakdown section has no reusable token rows."
"564","viet-phrase-city-hoian-place-cao-lau-city","city-hoian-place-cao-lau-city","Cao lầu ở Hội An","Cao lau in Hoi An","city-v1","content-draft/viet/city-library/v1.json","6","3","0","ready","1","FAIL","missing_breakdown|missing_breakdown_tokens|three_text_only_sections","must_fix:Missing required breakdown section. || must_fix:Breakdown section has no reusable token rows. || must_fix:Three consecutive text-only sections: Worth it if | Before you go | Good to know"
"565","viet-phrase-city-hoian-place-cargo-club","city-hoian-place-cargo-club","Cargo Club","Cargo Club","city-v1","content-draft/viet/city-library/v1.json","6","5","0","planned","1","FAIL","missing_breakdown|missing_breakdown_tokens","must_fix:Missing required breakdown section. || must_fix:Breakdown section has no reusable token rows."
"566","viet-phrase-city-hoian-place-cham-islands","city-hoian-place-cham-islands","Cù Lao Chàm","Cham Islands","city-v1","content-draft/viet/city-library/v1.json","6","6","0","ready","1","FAIL","missing_breakdown|missing_breakdown_tokens","must_fix:Missing required breakdown section. || must_fix:Breakdown section has no reusable token rows."
"567","viet-phrase-city-hoian-place-cham-islands-snorkel-boat","city-hoian-place-cham-islands-snorkel-boat","Tàu đi Cù Lao Chàm","Cham Islands snorkel boat","city-v1","content-draft/viet/city-library/v1.json","6","6","0","planned","1","FAIL","missing_breakdown|missing_breakdown_tokens","must_fix:Missing required breakdown section. || must_fix:Breakdown section has no reusable token rows."
"568","viet-phrase-city-hoian-place-che-bap-cam-nam","city-hoian-place-che-bap-cam-nam","Chè bắp Cẩm Nam ở Hội An","Cam Nam corn sweet soup","city-v1","content-draft/viet/city-library/v1.json","6","2","0","planned","1","FAIL","missing_breakdown|missing_breakdown_tokens|three_text_only_sections","must_fix:Missing required breakdown section. || must_fix:Breakdown section has no reusable token rows. || must_fix:Three consecutive text-only sections: Worth it if | Before you go | Good to know"
"569","viet-phrase-city-hoian-place-chuc-thanh-pagoda","city-hoian-place-chuc-thanh-pagoda","Chùa Chúc Thánh","Chuc Thanh Pagoda","city-v1","content-draft/viet/city-library/v1.json","6","6","0","planned","1","FAIL","missing_breakdown|missing_breakdown_tokens","must_fix:Missing required breakdown section. || must_fix:Breakdown section has no reusable token rows."
"570","viet-phrase-city-hoian-place-cocobox","city-hoian-place-cocobox","Cocobox","Cocobox","city-v1","content-draft/viet/city-library/v1.json","6","5","0","planned","1","FAIL","missing_breakdown|missing_breakdown_tokens","must_fix:Missing required breakdown section. || must_fix:Breakdown section has no reusable token rows."
"571","viet-phrase-city-hoian-place-com-ga","city-hoian-place-com-ga","Cơm gà Hội An","Hoi An chicken rice","city-v1","content-draft/viet/city-library/v1.json","6","2","0","ready","1","FAIL","missing_breakdown|missing_breakdown_tokens|three_text_only_sections","must_fix:Missing required breakdown section. || must_fix:Breakdown section has no reusable token rows. || must_fix:Three consecutive text-only sections: Worth it if | Before you go | Good to know"
"572","viet-phrase-city-hoian-place-cooking-class","city-hoian-place-cooking-class","Lớp học nấu ăn Hội An","Hoi An cooking class","city-v1","content-draft/viet/city-library/v1.json","6","6","0","planned","1","FAIL","missing_breakdown|missing_breakdown_tokens","must_fix:Missing required breakdown section. || must_fix:Breakdown section has no reusable token rows."
"573","viet-phrase-city-hoian-place-countryside-bicycle-loop","city-hoian-place-countryside-bicycle-loop","Đạp xe vùng quê Hội An","Hoi An countryside bicycle loop","city-v1","content-draft/viet/city-library/v1.json","6","6","0","planned","1","FAIL","missing_breakdown|missing_breakdown_tokens","must_fix:Missing required breakdown section. || must_fix:Breakdown section has no reusable token rows."
"574","viet-phrase-city-hoian-place-cua-dai-beach","city-hoian-place-cua-dai-beach","Biển Cửa Đại","Cua Dai Beach","city-v1","content-draft/viet/city-library/v1.json","6","6","0","ready","1","FAIL","missing_breakdown|missing_breakdown_tokens","must_fix:Missing required breakdown section. || must_fix:Breakdown section has no reusable token rows."
"575","viet-phrase-city-hoian-place-cua-dai-estuary","city-hoian-place-cua-dai-estuary","Cửa Đại","Cua Dai Estuary","city-v1","content-draft/viet/city-library/v1.json","6","6","0","planned","1","FAIL","missing_breakdown|missing_breakdown_tokens","must_fix:Missing required breakdown section. || must_fix:Breakdown section has no reusable token rows."
"576","viet-phrase-city-hoian-place-cua-dai-pier","city-hoian-place-cua-dai-pier","Bến tàu Cửa Đại","Cua Dai Pier","city-v1","content-draft/viet/city-library/v1.json","6","1","0","planned","1","FAIL","missing_breakdown|missing_breakdown_tokens|three_text_only_sections","must_fix:Missing required breakdown section. || must_fix:Breakdown section has no reusable token rows. || must_fix:Three consecutive text-only sections: Worth it if | Before you go | Good to know"
"577","viet-phrase-city-hoian-place-duc-an-old-house","city-hoian-place-duc-an-old-house","Nhà cổ Đức An","Duc An Old House","city-v1","content-draft/viet/city-library/v1.json","6","6","0","planned","1","FAIL","missing_breakdown|missing_breakdown_tokens","must_fix:Missing required breakdown section. || must_fix:Breakdown section has no reusable token rows."
"578","viet-phrase-city-hoian-place-espresso-station","city-hoian-place-espresso-station","The Espresso Station","The Espresso Station","city-v1","content-draft/viet/city-library/v1.json","6","5","0","planned","1","FAIL","missing_breakdown|missing_breakdown_tokens","must_fix:Missing required breakdown section. || must_fix:Breakdown section has no reusable token rows."
"579","viet-phrase-city-hoian-place-faifo-coffee","city-hoian-place-faifo-coffee","Faifo Coffee","Faifo Coffee","city-v1","content-draft/viet/city-library/v1.json","6","8","0","ready","1","FAIL","missing_breakdown|missing_breakdown_tokens","must_fix:Missing required breakdown section. || must_fix:Breakdown section has no reusable token rows."
"580","viet-phrase-city-hoian-place-folk-culture-museum","city-hoian-place-folk-culture-museum","Bảo tàng Văn hóa Dân gian","Museum of Folk Culture","city-v1","content-draft/viet/city-library/v1.json","6","6","0","planned","1","FAIL","missing_breakdown|missing_breakdown_tokens","must_fix:Missing required breakdown section. || must_fix:Breakdown section has no reusable token rows."
"581","viet-phrase-city-hoian-place-from-danang-airport","city-hoian-place-from-danang-airport","Sân bay Đà Nẵng đi Hội An","Da Nang Airport for Hoi An","city-v1","content-draft/viet/city-library/v1.json","6","1","0","planned","1","FAIL","missing_breakdown|missing_breakdown_tokens|three_text_only_sections","must_fix:Missing required breakdown section. || must_fix:Breakdown section has no reusable token rows. || must_fix:Three consecutive text-only sections: Worth it if | Before you go | Good to know"
"582","viet-phrase-city-hoian-place-from-danang-railway-station","city-hoian-place-from-danang-railway-station","Ga Đà Nẵng đi Hội An","Da Nang Railway Station for Hoi An","city-v1","content-draft/viet/city-library/v1.json","6","1","0","planned","1","FAIL","missing_breakdown|missing_breakdown_tokens|three_text_only_sections","must_fix:Missing required breakdown section. || must_fix:Breakdown section has no reusable token rows. || must_fix:Three consecutive text-only sections: Worth it if | Before you go | Good to know"
"583","viet-phrase-city-hoian-place-fujian-assembly-hall","city-hoian-place-fujian-assembly-hall","Hội quán Phúc Kiến","Fujian Assembly Hall","city-v1","content-draft/viet/city-library/v1.json","6","6","0","ready","1","FAIL","missing_breakdown|missing_breakdown_tokens","must_fix:Missing required breakdown section. || must_fix:Breakdown section has no reusable token rows."
"584","viet-phrase-city-hoian-place-hainan-assembly-hall","city-hoian-place-hainan-assembly-hall","Hội quán Hải Nam","Hainan Assembly Hall","city-v1","content-draft/viet/city-library/v1.json","6","6","0","planned","1","FAIL","missing_breakdown|missing_breakdown_tokens","must_fix:Missing required breakdown section. || must_fix:Breakdown section has no reusable token rows."
"585","viet-phrase-city-hoian-place-handicraft-workshop","city-hoian-place-handicraft-workshop","Xưởng thủ công mỹ nghệ Hội An","Hoi An Handicraft Workshop","city-v1","content-draft/viet/city-library/v1.json","6","6","0","planned","1","FAIL","missing_breakdown|missing_breakdown_tokens","must_fix:Missing required breakdown section. || must_fix:Breakdown section has no reusable token rows."
"586","viet-phrase-city-hoian-place-history-culture-museum","city-hoian-place-history-culture-museum","Bảo tàng Lịch sử - Văn hóa Hội An","Museum of History and Culture","city-v1","content-draft/viet/city-library/v1.json","6","6","0","planned","1","FAIL","missing_breakdown|missing_breakdown_tokens","must_fix:Missing required breakdown section. || must_fix:Breakdown section has no reusable token rows."
"587","viet-phrase-city-hoian-place-hoai-river","city-hoian-place-hoai-river","Sông Hoài","Hoai River","city-v1","content-draft/viet/city-library/v1.json","6","6","0","ready","1","FAIL","missing_breakdown|missing_breakdown_tokens","must_fix:Missing required breakdown section. || must_fix:Breakdown section has no reusable token rows."
"588","viet-phrase-city-hoian-place-japanese-bridge","city-hoian-place-japanese-bridge","Chùa Cầu","Japanese Covered Bridge","city-v1","content-draft/viet/city-library/v1.json","6","6","0","ready","1","FAIL","missing_breakdown|missing_breakdown_tokens","must_fix:Missing required breakdown section. || must_fix:Breakdown section has no reusable token rows."
"589","viet-phrase-city-hoian-place-kim-bong-carpentry-village","city-hoian-place-kim-bong-carpentry-village","Làng mộc Kim Bồng","Kim Bong Carpentry Village","city-v1","content-draft/viet/city-library/v1.json","6","6","0","ready","1","FAIL","missing_breakdown|missing_breakdown_tokens","must_fix:Missing required breakdown section. || must_fix:Breakdown section has no reusable token rows."
"590","viet-phrase-city-hoian-place-lantern-boat","city-hoian-place-lantern-boat","Thuyền hoa đăng Hội An","Lantern boat ride","city-v1","content-draft/viet/city-library/v1.json","6","6","0","planned","1","FAIL","missing_breakdown|missing_breakdown_tokens","must_fix:Missing required breakdown section. || must_fix:Breakdown section has no reusable token rows."
"591","viet-phrase-city-hoian-place-lantern-making-class","city-hoian-place-lantern-making-class","Lớp làm lồng đèn Hội An","Lantern-making class","city-v1","content-draft/viet/city-library/v1.json","6","6","0","planned","1","FAIL","missing_breakdown|missing_breakdown_tokens","must_fix:Missing required breakdown section. || must_fix:Breakdown section has no reusable token rows."
"592","viet-phrase-city-hoian-place-lune-center","city-hoian-place-lune-center","Hoi An Lune Center","Hoi An Lune Center","city-v1","content-draft/viet/city-library/v1.json","6","6","0","planned","1","FAIL","missing_breakdown|missing_breakdown_tokens","must_fix:Missing required breakdown section. || must_fix:Breakdown section has no reusable token rows."
"593","viet-phrase-city-hoian-place-madam-khanh","city-hoian-place-madam-khanh","Madam Khánh","Madam Khanh","city-v1","content-draft/viet/city-library/v1.json","6","5","0","planned","1","FAIL","missing_breakdown|missing_breakdown_tokens","must_fix:Missing required breakdown section. || must_fix:Breakdown section has no reusable token rows."
"594","viet-phrase-city-hoian-place-mai-fish","city-hoian-place-mai-fish","Mai Fish","Mai Fish","city-v1","content-draft/viet/city-library/v1.json","6","5","0","planned","1","FAIL","missing_breakdown|missing_breakdown_tokens","must_fix:Missing required breakdown section. || must_fix:Breakdown section has no reusable token rows."
"595","viet-phrase-city-hoian-place-mango-mango","city-hoian-place-mango-mango","Mango Mango","Mango Mango","city-v1","content-draft/viet/city-library/v1.json","6","5","0","planned","1","FAIL","missing_breakdown|missing_breakdown_tokens","must_fix:Missing required breakdown section. || must_fix:Breakdown section has no reusable token rows."
"596","viet-phrase-city-hoian-place-market","city-hoian-place-market","Chợ Hội An","Hoi An Market","city-v1","content-draft/viet/city-library/v1.json","6","5","0","ready","1","FAIL","missing_breakdown|missing_breakdown_tokens|three_text_only_sections","must_fix:Missing required breakdown section. || must_fix:Breakdown section has no reusable token rows. || must_fix:Three consecutive text-only sections: Worth it if | Before you go | Good to know"
"597","viet-phrase-city-hoian-place-memories-land","city-hoian-place-memories-land","Đảo Ký ức Hội An","Hoi An Memories Land","city-v1","content-draft/viet/city-library/v1.json","6","6","0","ready","1","FAIL","missing_breakdown|missing_breakdown_tokens","must_fix:Missing required breakdown section. || must_fix:Breakdown section has no reusable token rows."
"598","viet-phrase-city-hoian-place-metiseko","city-hoian-place-metiseko","Metiseko","Metiseko","city-v1","content-draft/viet/city-library/v1.json","6","1","0","planned","1","FAIL","missing_breakdown|missing_breakdown_tokens|three_text_only_sections","must_fix:Missing required breakdown section. || must_fix:Breakdown section has no reusable token rows. || must_fix:Three consecutive text-only sections: Worth it if | Before you go | Good to know"
"599","viet-phrase-city-hoian-place-mi-quang","city-hoian-place-mi-quang","Mì Quảng ở Hội An","Mi Quang in Hoi An","city-v1","content-draft/viet/city-library/v1.json","6","2","0","planned","1","FAIL","missing_breakdown|missing_breakdown_tokens|three_text_only_sections","must_fix:Missing required breakdown section. || must_fix:Breakdown section has no reusable token rows. || must_fix:Three consecutive text-only sections: Worth it if | Before you go | Good to know"
"600","viet-phrase-city-hoian-place-minh-an-ward","city-hoian-place-minh-an-ward","Phường Minh An","Minh An Ward","city-v1","content-draft/viet/city-library/v1.json","6","1","0","planned","1","FAIL","missing_breakdown|missing_breakdown_tokens|three_text_only_sections","must_fix:Missing required breakdown section. || must_fix:Breakdown section has no reusable token rows. || must_fix:Three consecutive text-only sections: Worth it if | Before you go | Good to know"
"601","viet-phrase-city-hoian-place-morning-glory","city-hoian-place-morning-glory","Morning Glory Hội An","Morning Glory Hoi An","city-v1","content-draft/viet/city-library/v1.json","6","8","0","ready","1","FAIL","missing_breakdown|missing_breakdown_tokens","must_fix:Missing required breakdown section. || must_fix:Breakdown section has no reusable token rows."
"602","viet-phrase-city-hoian-place-mot-herbal-drink","city-hoian-place-mot-herbal-drink","Nước Mót ở Hội An","Mot herbal drink","city-v1","content-draft/viet/city-library/v1.json","6","2","0","planned","1","FAIL","missing_breakdown|missing_breakdown_tokens|three_text_only_sections","must_fix:Missing required breakdown section. || must_fix:Breakdown section has no reusable token rows. || must_fix:Three consecutive text-only sections: Worth it if | Before you go | Good to know"
"603","viet-phrase-city-hoian-place-museum","city-hoian-place-museum","Bảo tàng Hội An","Hoi An Museum","city-v1","content-draft/viet/city-library/v1.json","6","6","0","planned","1","FAIL","missing_breakdown|missing_breakdown_tokens","must_fix:Missing required breakdown section. || must_fix:Breakdown section has no reusable token rows."
"604","viet-phrase-city-hoian-place-my-son-sanctuary","city-hoian-place-my-son-sanctuary","Thánh địa Mỹ Sơn","My Son Sanctuary","city-v1","content-draft/viet/city-library/v1.json","6","6","0","ready","1","FAIL","missing_breakdown|missing_breakdown_tokens","must_fix:Missing required breakdown section. || must_fix:Breakdown section has no reusable token rows."
"605","viet-phrase-city-hoian-place-nguyen-hoang-night-market","city-hoian-place-nguyen-hoang-night-market","Chợ đêm Nguyễn Hoàng","Nguyen Hoang Night Market","city-v1","content-draft/viet/city-library/v1.json","6","5","0","ready","1","FAIL","missing_breakdown|missing_breakdown_tokens|three_text_only_sections","must_fix:Missing required breakdown section. || must_fix:Breakdown section has no reusable token rows. || must_fix:Three consecutive text-only sections: Worth it if | Before you go | Good to know"
"606","viet-phrase-city-hoian-place-nguyen-phuc-chu-street","city-hoian-place-nguyen-phuc-chu-street","Phố Nguyễn Phúc Chu","Nguyen Phuc Chu Street","city-v1","content-draft/viet/city-library/v1.json","6","1","0","planned","1","FAIL","missing_breakdown|missing_breakdown_tokens|three_text_only_sections","must_fix:Missing required breakdown section. || must_fix:Breakdown section has no reusable token rows. || must_fix:Three consecutive text-only sections: Worth it if | Before you go | Good to know"
"607","viet-phrase-city-hoian-place-nguyen-thai-hoc-street","city-hoian-place-nguyen-thai-hoc-street","Phố Nguyễn Thái Học","Nguyen Thai Hoc Street","city-v1","content-draft/viet/city-library/v1.json","6","1","0","planned","1","FAIL","missing_breakdown|missing_breakdown_tokens|three_text_only_sections","must_fix:Missing required breakdown section. || must_fix:Breakdown section has no reusable token rows. || must_fix:Three consecutive text-only sections: Worth it if | Before you go | Good to know"
"608","viet-phrase-city-hoian-place-night-market","city-hoian-place-night-market","Chợ đêm Hội An","Hoi An Night Market","city-v1","content-draft/viet/city-library/v1.json","6","4","0","ready","1","FAIL","missing_breakdown|missing_breakdown_tokens|three_text_only_sections","must_fix:Missing required breakdown section. || must_fix:Breakdown section has no reusable token rows. || must_fix:Three consecutive text-only sections: Worth it if | Before you go | Good to know"
"609","viet-phrase-city-hoian-place-nu-eatery","city-hoian-place-nu-eatery","Nu Eatery","Nu Eatery","city-v1","content-draft/viet/city-library/v1.json","6","5","0","planned","1","FAIL","missing_breakdown|missing_breakdown_tokens","must_fix:Missing required breakdown section. || must_fix:Breakdown section has no reusable token rows."
"610","viet-phrase-city-hoian-place-phin-coffee","city-hoian-place-phin-coffee","Phin Coffee","Phin Coffee","city-v1","content-draft/viet/city-library/v1.json","6","5","0","planned","1","FAIL","missing_breakdown|missing_breakdown_tokens","must_fix:Missing required breakdown section. || must_fix:Breakdown section has no reusable token rows."
"611","viet-phrase-city-hoian-place-phung-hung-old-house","city-hoian-place-phung-hung-old-house","Nhà cổ Phùng Hưng","Phung Hung Old House","city-v1","content-draft/viet/city-library/v1.json","6","6","0","planned","1","FAIL","missing_breakdown|missing_breakdown_tokens","must_fix:Missing required breakdown section. || must_fix:Breakdown section has no reusable token rows."
"612","viet-phrase-city-hoian-place-pottery-workshop","city-hoian-place-pottery-workshop","Xưởng gốm Thanh Hà","Thanh Ha pottery workshop","city-v1","content-draft/viet/city-library/v1.json","6","6","0","planned","1","FAIL","missing_breakdown|missing_breakdown_tokens","must_fix:Missing required breakdown section. || must_fix:Breakdown section has no reusable token rows."
"613","viet-phrase-city-hoian-place-precious-heritage-museum","city-hoian-place-precious-heritage-museum","Bảo tàng Di sản Vô giá","Precious Heritage Museum","city-v1","content-draft/viet/city-library/v1.json","6","6","0","ready","1","FAIL","missing_breakdown|missing_breakdown_tokens","must_fix:Missing required breakdown section. || must_fix:Breakdown section has no reusable token rows."
"614","viet-phrase-city-hoian-place-quan-cong-temple","city-hoian-place-quan-cong-temple","Miếu Quan Công","Quan Cong Temple","city-v1","content-draft/viet/city-library/v1.json","6","6","0","ready","1","FAIL","missing_breakdown|missing_breakdown_tokens","must_fix:Missing required breakdown section. || must_fix:Breakdown section has no reusable token rows."
"615","viet-phrase-city-hoian-place-quan-thang-old-house","city-hoian-place-quan-thang-old-house","Nhà cổ Quân Thắng","Quan Thang Old House","city-v1","content-draft/viet/city-library/v1.json","6","6","0","planned","1","FAIL","missing_breakdown|missing_breakdown_tokens","must_fix:Missing required breakdown section. || must_fix:Breakdown section has no reusable token rows."
"616","viet-phrase-city-hoian-place-reach-out-tea-house","city-hoian-place-reach-out-tea-house","Reaching Out Tea House","Reaching Out Tea House","city-v1","content-draft/viet/city-library/v1.json","6","8","0","ready","1","FAIL","missing_breakdown|missing_breakdown_tokens","must_fix:Missing required breakdown section. || must_fix:Breakdown section has no reusable token rows."
"617","viet-phrase-city-hoian-place-reaching-out-arts-crafts","city-hoian-place-reaching-out-arts-crafts","Reaching Out Arts & Crafts","Reaching Out Arts & Crafts","city-v1","content-draft/viet/city-library/v1.json","6","6","0","planned","1","FAIL","missing_breakdown|missing_breakdown_tokens","must_fix:Missing required breakdown section. || must_fix:Breakdown section has no reusable token rows."
"618","viet-phrase-city-hoian-place-rice-fields","city-hoian-place-rice-fields","Cánh đồng Hội An","Hoi An rice fields","city-v1","content-draft/viet/city-library/v1.json","6","6","0","planned","1","FAIL","missing_breakdown|missing_breakdown_tokens","must_fix:Missing required breakdown section. || must_fix:Breakdown section has no reusable token rows."
"619","viet-phrase-city-hoian-place-roastery","city-hoian-place-roastery","Hoi An Roastery","Hoi An Roastery","city-v1","content-draft/viet/city-library/v1.json","6","5","0","planned","1","FAIL","missing_breakdown|missing_breakdown_tokens","must_fix:Missing required breakdown section. || must_fix:Breakdown section has no reusable token rows."
"620","viet-phrase-city-hoian-place-rosies-cafe","city-hoian-place-rosies-cafe","Rosie's Cafe","Rosie's Cafe","city-v1","content-draft/viet/city-library/v1.json","6","5","0","planned","1","FAIL","missing_breakdown|missing_breakdown_tokens","must_fix:Missing required breakdown section. || must_fix:Breakdown section has no reusable token rows."
"621","viet-phrase-city-hoian-place-sa-huynh-culture-museum","city-hoian-place-sa-huynh-culture-museum","Bảo tàng Văn hóa Sa Huỳnh","Museum of Sa Huynh Culture","city-v1","content-draft/viet/city-library/v1.json","6","6","0","planned","1","FAIL","missing_breakdown|missing_breakdown_tokens","must_fix:Missing required breakdown section. || must_fix:Breakdown section has no reusable token rows."
"622","viet-phrase-city-hoian-place-silk-village","city-hoian-place-silk-village","Làng lụa Hội An","Hoi An Silk Village","city-v1","content-draft/viet/city-library/v1.json","6","1","0","planned","1","FAIL","missing_breakdown|missing_breakdown_tokens|three_text_only_sections","must_fix:Missing required breakdown section. || must_fix:Breakdown section has no reusable token rows. || must_fix:Three consecutive text-only sections: Worth it if | Before you go | Good to know"
"623","viet-phrase-city-hoian-place-streets-restaurant-cafe","city-hoian-place-streets-restaurant-cafe","STREETS Restaurant Cafe","STREETS Restaurant Cafe","city-v1","content-draft/viet/city-library/v1.json","6","5","0","planned","1","FAIL","missing_breakdown|missing_breakdown_tokens","must_fix:Missing required breakdown section. || must_fix:Breakdown section has no reusable token rows."
"624","viet-phrase-city-hoian-place-tailor-fitting","city-hoian-place-tailor-fitting","Thử đồ may đo Hội An","Hoi An tailor fitting","city-v1","content-draft/viet/city-library/v1.json","6","1","0","planned","1","FAIL","missing_breakdown|missing_breakdown_tokens|three_text_only_sections","must_fix:Missing required breakdown section. || must_fix:Breakdown section has no reusable token rows. || must_fix:Three consecutive text-only sections: Worth it if | Before you go | Good to know"
"625","viet-phrase-city-hoian-place-tan-ky-old-house","city-hoian-place-tan-ky-old-house","Nhà cổ Tấn Ký","Tan Ky Old House","city-v1","content-draft/viet/city-library/v1.json","6","6","0","ready","1","FAIL","missing_breakdown|missing_breakdown_tokens","must_fix:Missing required breakdown section. || must_fix:Breakdown section has no reusable token rows."
"626","viet-phrase-city-hoian-place-thanh-ha","city-hoian-place-thanh-ha","Làng gốm Thanh Hà","Thanh Ha Pottery Village","city-v1","content-draft/viet/city-library/v1.json","6","6","0","ready","1","FAIL","missing_breakdown|missing_breakdown_tokens","must_fix:Missing required breakdown section. || must_fix:Breakdown section has no reusable token rows."
"627","viet-phrase-city-hoian-place-the-field","city-hoian-place-the-field","The Field Hội An","The Field Hoi An","city-v1","content-draft/viet/city-library/v1.json","6","5","0","planned","1","FAIL","missing_breakdown|missing_breakdown_tokens","must_fix:Missing required breakdown section. || must_fix:Breakdown section has no reusable token rows."
"628","viet-phrase-city-hoian-place-thu-bon-river","city-hoian-place-thu-bon-river","Sông Thu Bồn","Thu Bon River","city-v1","content-draft/viet/city-library/v1.json","6","6","0","ready","1","FAIL","missing_breakdown|missing_breakdown_tokens","must_fix:Missing required breakdown section. || must_fix:Breakdown section has no reusable token rows."
"629","viet-phrase-city-hoian-place-tra-nhieu-village","city-hoian-place-tra-nhieu-village","Làng Trà Nhiêu","Tra Nhieu Village","city-v1","content-draft/viet/city-library/v1.json","6","6","0","planned","1","FAIL","missing_breakdown|missing_breakdown_tokens","must_fix:Missing required breakdown section. || must_fix:Breakdown section has no reusable token rows."
"630","viet-phrase-city-hoian-place-tra-que","city-hoian-place-tra-que","Làng rau Trà Quế","Tra Que Vegetable Village","city-v1","content-draft/viet/city-library/v1.json","6","6","0","ready","1","FAIL","missing_breakdown|missing_breakdown_tokens","must_fix:Missing required breakdown section. || must_fix:Breakdown section has no reusable token rows."
"631","viet-phrase-city-hoian-place-trade-ceramics-museum","city-hoian-place-trade-ceramics-museum","Bảo tàng Gốm sứ Mậu dịch","Museum of Trade Ceramics","city-v1","content-draft/viet/city-library/v1.json","6","6","0","planned","1","FAIL","missing_breakdown|missing_breakdown_tokens","must_fix:Missing required breakdown section. || must_fix:Breakdown section has no reusable token rows."
"632","viet-phrase-city-hoian-place-traditional-art-performance-house","city-hoian-place-traditional-art-performance-house","Nhà biểu diễn nghệ thuật cổ truyền Hội An","Traditional Art Performance House","city-v1","content-draft/viet/city-library/v1.json","6","6","0","planned","1","FAIL","missing_breakdown|missing_breakdown_tokens","must_fix:Missing required breakdown section. || must_fix:Breakdown section has no reusable token rows."
"633","viet-phrase-city-hoian-place-tran-phu-street","city-hoian-place-tran-phu-street","Phố Trần Phú","Tran Phu Street","city-v1","content-draft/viet/city-library/v1.json","6","3","0","ready","1","FAIL","missing_breakdown|missing_breakdown_tokens|three_text_only_sections","must_fix:Missing required breakdown section. || must_fix:Breakdown section has no reusable token rows. || must_fix:Three consecutive text-only sections: Worth it if | Before you go | Good to know"
"634","viet-phrase-city-hoian-place-trieu-chau-assembly-hall","city-hoian-place-trieu-chau-assembly-hall","Hội quán Triều Châu","Trieu Chau Assembly Hall","city-v1","content-draft/viet/city-library/v1.json","6","6","0","planned","1","FAIL","missing_breakdown|missing_breakdown_tokens","must_fix:Missing required breakdown section. || must_fix:Breakdown section has no reusable token rows."
"635","viet-phrase-city-hoian-place-u-cafe","city-hoian-place-u-cafe","U Cafe Hội An","U Cafe Hoi An","city-v1","content-draft/viet/city-library/v1.json","6","5","0","planned","1","FAIL","missing_breakdown|missing_breakdown_tokens","must_fix:Missing required breakdown section. || must_fix:Breakdown section has no reusable token rows."
"636","viet-phrase-city-hoian-place-vys-market","city-hoian-place-vys-market","Vy's Market Restaurant","Vy's Market Restaurant","city-v1","content-draft/viet/city-library/v1.json","6","5","0","planned","1","FAIL","missing_breakdown|missing_breakdown_tokens","must_fix:Missing required breakdown section. || must_fix:Breakdown section has no reusable token rows."
"637","viet-phrase-city-hoian-place-white-rose-dumplings","city-hoian-place-white-rose-dumplings","Bánh bao bánh vạc ở Hội An","White rose dumplings","city-v1","content-draft/viet/city-library/v1.json","6","2","0","planned","1","FAIL","missing_breakdown|missing_breakdown_tokens|three_text_only_sections","must_fix:Missing required breakdown section. || must_fix:Breakdown section has no reusable token rows. || must_fix:Three consecutive text-only sections: Worth it if | Before you go | Good to know"
"638","viet-phrase-city-hoian-place-white-rose-restaurant","city-hoian-place-white-rose-restaurant","Nhà hàng White Rose","White Rose Restaurant","city-v1","content-draft/viet/city-library/v1.json","6","5","0","planned","1","FAIL","missing_breakdown|missing_breakdown_tokens","must_fix:Missing required breakdown section. || must_fix:Breakdown section has no reusable token rows."
"639","viet-phrase-city-hoian-place-wonton","city-hoian-place-wonton","Hoành thánh Hội An","Hoi An wonton","city-v1","content-draft/viet/city-library/v1.json","6","2","0","planned","1","FAIL","missing_breakdown|missing_breakdown_tokens|three_text_only_sections","must_fix:Missing required breakdown section. || must_fix:Breakdown section has no reusable token rows. || must_fix:Three consecutive text-only sections: Worth it if | Before you go | Good to know"
"640","viet-phrase-city-hoian-place-yaly-couture","city-hoian-place-yaly-couture","Yaly Couture","Yaly Couture","city-v1","content-draft/viet/city-library/v1.json","6","1","0","planned","1","FAIL","missing_breakdown|missing_breakdown_tokens|three_text_only_sections","must_fix:Missing required breakdown section. || must_fix:Breakdown section has no reusable token rows. || must_fix:Three consecutive text-only sections: Worth it if | Before you go | Good to know"
"641","viet-phrase-city-hoian-reservation-morning-glory","city-hoian-reservation-morning-glory","Tôi có đặt bàn ở Morning Glory Hội An","I have a reservation at Morning Glory Hoi An","city-v1","content-draft/viet/city-library/v1.json","3","5","6","planned","1","PASS","",""
"642","viet-phrase-city-hoian-stop-an-hoi-island","city-hoian-stop-an-hoi-island","Dừng ở Đảo An Hội","Stop at An Hoi Island","city-v1","content-draft/viet/city-library/v1.json","3","5","3","planned","1","PASS","",""
"643","viet-phrase-city-hoian-stop-ancient-town","city-hoian-stop-ancient-town","Dừng ở Phố cổ Hội An","Stop at Hoi An Ancient Town","city-v1","content-draft/viet/city-library/v1.json","3","5","3","planned","1","PASS","",""
"644","viet-phrase-city-hoian-stop-banh-mi-phuong","city-hoian-stop-banh-mi-phuong","Cho tôi xuống gần nhà hàng Bánh mì Phượng.","Let me off near Bánh mì Phượng restaurant.","city-v1","content-draft/viet/city-library/v1.json","3","5","7","planned","1","PASS","",""
"645","viet-phrase-city-hoian-stop-cam-chau","city-hoian-stop-cam-chau","Dừng ở Cẩm Châu","Stop at Cam Chau","city-v1","content-draft/viet/city-library/v1.json","3","4","3","planned","1","PASS","",""
"646","viet-phrase-city-hoian-stop-cam-nam","city-hoian-stop-cam-nam","Dừng ở Cẩm Nam","Stop at Cam Nam","city-v1","content-draft/viet/city-library/v1.json","3","4","3","planned","1","PASS","",""
"647","viet-phrase-city-hoian-stop-cao-lau-city","city-hoian-stop-cao-lau-city","Cho tôi cao lầu","Cao lau, please","city-v1","content-draft/viet/city-library/v1.json","3","5","4","planned","1","PASS","",""
"648","viet-phrase-city-hoian-stop-faifo-coffee","city-hoian-stop-faifo-coffee","Dừng ở Faifo Coffee","Stop at Faifo Coffee","city-v1","content-draft/viet/city-library/v1.json","3","5","3","planned","1","PASS","",""
"649","viet-phrase-city-hoian-stop-market","city-hoian-stop-market","Dừng ở Chợ Hội An","Stop at Hoi An Market","city-v1","content-draft/viet/city-library/v1.json","3","5","3","planned","1","PASS","",""
"650","viet-phrase-city-hoian-stop-morning-glory","city-hoian-stop-morning-glory","Cho tôi xuống gần nhà hàng Morning Glory Hội An.","Let me off near Morning Glory Hội An restaurant.","city-v1","content-draft/viet/city-library/v1.json","3","5","7","planned","1","PASS","",""
"651","viet-phrase-city-hoian-stop-nguyen-hoang-night-market","city-hoian-stop-nguyen-hoang-night-market","Dừng ở Chợ đêm Nguyễn Hoàng","Stop at Nguyen Hoang Night Market","city-v1","content-draft/viet/city-library/v1.json","3","5","3","planned","1","PASS","",""
"652","viet-phrase-city-hoian-stop-night-market","city-hoian-stop-night-market","Dừng ở Chợ đêm Hội An","Stop at Hoi An Night Market","city-v1","content-draft/viet/city-library/v1.json","3","4","3","planned","1","PASS","",""
"653","viet-phrase-city-hoian-stop-reach-out-tea-house","city-hoian-stop-reach-out-tea-house","Dừng ở Reaching Out Tea House","Stop at Reaching Out Tea House","city-v1","content-draft/viet/city-library/v1.json","3","5","3","planned","1","PASS","",""
"654","viet-phrase-city-hoian-ticket-ancient-town","city-hoian-ticket-ancient-town","Một vé vào phố cổ Hội An","One ticket to Hoi An Ancient Town","city-v1","content-draft/viet/city-library/v1.json","3","5","5","planned","1","PASS","",""
"655","viet-phrase-city-hoian-where-an-hoi-island","city-hoian-where-an-hoi-island","Đảo An Hội ở đâu?","Where is An Hoi Island?","city-v1","content-draft/viet/city-library/v1.json","3","5","3","planned","1","PASS","",""
"656","viet-phrase-city-hoian-where-ancient-town","city-hoian-where-ancient-town","Phố cổ Hội An ở đâu?","Where is Hoi An Ancient Town?","city-v1","content-draft/viet/city-library/v1.json","3","5","3","planned","1","PASS","",""
"657","viet-phrase-city-hoian-where-banh-mi-phuong","city-hoian-where-banh-mi-phuong","Bánh mì Phượng ở đâu?","Where is Banh Mi Phuong?","city-v1","content-draft/viet/city-library/v1.json","3","5","3","planned","1","PASS","",""
"658","viet-phrase-city-hoian-where-cam-chau","city-hoian-where-cam-chau","Cẩm Châu ở đâu?","Where is Cam Chau?","city-v1","content-draft/viet/city-library/v1.json","3","4","3","planned","1","PASS","",""
"659","viet-phrase-city-hoian-where-cam-nam","city-hoian-where-cam-nam","Cẩm Nam ở đâu?","Where is Cam Nam?","city-v1","content-draft/viet/city-library/v1.json","3","4","3","planned","1","PASS","",""
"660","viet-phrase-city-hoian-where-cao-lau-city","city-hoian-where-cao-lau-city","Ở đâu có cao lầu?","Where can I get cao lau?","city-v1","content-draft/viet/city-library/v1.json","3","5","4","planned","1","PASS","",""
"661","viet-phrase-city-hoian-where-faifo-coffee","city-hoian-where-faifo-coffee","Faifo Coffee ở đâu?","Where is Faifo Coffee?","city-v1","content-draft/viet/city-library/v1.json","3","5","3","planned","1","PASS","",""
"662","viet-phrase-city-hoian-where-market","city-hoian-where-market","Chợ Hội An ở đâu?","Where is Hoi An Market?","city-v1","content-draft/viet/city-library/v1.json","3","5","3","planned","1","PASS","",""
"663","viet-phrase-city-hoian-where-morning-glory","city-hoian-where-morning-glory","Morning Glory Hội An ở đâu?","Where is Morning Glory Hoi An?","city-v1","content-draft/viet/city-library/v1.json","3","5","3","planned","1","PASS","",""
"664","viet-phrase-city-hoian-where-nguyen-hoang-night-market","city-hoian-where-nguyen-hoang-night-market","Chợ đêm Nguyễn Hoàng ở đâu?","Where is Nguyen Hoang Night Market?","city-v1","content-draft/viet/city-library/v1.json","3","5","3","planned","1","PASS","",""
"665","viet-phrase-city-hoian-where-night-market","city-hoian-where-night-market","Chợ đêm Hội An ở đâu?","Where is Hoi An Night Market?","city-v1","content-draft/viet/city-library/v1.json","3","4","3","planned","1","PASS","",""
"666","viet-phrase-city-hoian-where-reach-out-tea-house","city-hoian-where-reach-out-tea-house","Reaching Out Tea House ở đâu?","Where is Reaching Out Tea House?","city-v1","content-draft/viet/city-library/v1.json","3","5","3","planned","1","PASS","",""
"667","viet-phrase-city-hoian-where-tran-phu","city-hoian-where-tran-phu","Phố Trần Phú ở đâu?","Where is Tran Phu Street?","city-v1","content-draft/viet/city-library/v1.json","3","2","3","planned","1","PASS","",""
"668","viet-phrase-city-hue-atm-an-cuu-market","city-hue-atm-an-cuu-market","Có ATM gần Chợ An Cựu không?","Is there an ATM near An Cuu Market?","city-v1","content-draft/viet/city-library/v1.json","3","5","6","planned","1","PASS","",""
"669","viet-phrase-city-hue-atm-bao-vinh-ancient-town","city-hue-atm-bao-vinh-ancient-town","Có ATM gần Phố cổ Bao Vinh không?","Is there an ATM near Bao Vinh Ancient Town?","city-v1","content-draft/viet/city-library/v1.json","3","5","6","planned","1","PASS","",""
"670","viet-phrase-city-hue-atm-bun-bo-city","city-hue-atm-bun-bo-city","Ở đây có bún bò Huế không?","Do you have bun bo Hue here?","city-v1","content-draft/viet/city-library/v1.json","3","5","6","planned","1","PASS","",""
"671","viet-phrase-city-hue-atm-dong-ba-bun-bo","city-hue-atm-dong-ba-bun-bo","Gần hàng bún bò ở chợ Đông Ba có ATM không?","Is there an ATM near the bun bo stall at Dong Ba Market?","city-v1","content-draft/viet/city-library/v1.json","3","5","7","planned","1","PASS","",""
"672","viet-phrase-city-hue-atm-dong-ba-market","city-hue-atm-dong-ba-market","Có ATM gần Chợ Đông Ba không?","Is there an ATM near Dong Ba Market?","city-v1","content-draft/viet/city-library/v1.json","3","5","6","planned","1","PASS","",""
"673","viet-phrase-city-hue-atm-hen-island","city-hue-atm-hen-island","Có ATM gần Cồn Hến không?","Is there an ATM near Hen Island?","city-v1","content-draft/viet/city-library/v1.json","3","5","6","planned","1","PASS","",""
"674","viet-phrase-city-hue-atm-le-loi-street","city-hue-atm-le-loi-street","Có ATM gần Đường Lê Lợi không?","Is there an ATM near Le Loi Street?","city-v1","content-draft/viet/city-library/v1.json","3","5","6","planned","1","PASS","",""
"675","viet-phrase-city-hue-atm-les-jardins","city-hue-atm-les-jardins","Có ATM gần Les Jardins de la Carambole không?","Is there an ATM near Les Jardins de la Carambole?","city-v1","content-draft/viet/city-library/v1.json","3","5","6","planned","1","PASS","",""
"676","viet-phrase-city-hue-bun-bo","city-hue-bun-bo","Tôi muốn ăn bún bò Huế","I want to eat bun bo Hue","city-v1","content-draft/viet/city-library/v1.json","3","5","5","planned","1","PASS","",""
"677","viet-phrase-city-hue-eat-near-an-cuu-market","city-hue-eat-near-an-cuu-market","Ăn gần Chợ An Cựu","Eat near An Cuu Market","city-v1","content-draft/viet/city-library/v1.json","3","5","4","planned","1","PASS","",""
"678","viet-phrase-city-hue-eat-near-bao-vinh-ancient-town","city-hue-eat-near-bao-vinh-ancient-town","Ăn gần Phố cổ Bao Vinh","Eat near Bao Vinh Ancient Town","city-v1","content-draft/viet/city-library/v1.json","3","5","4","planned","1","PASS","",""
"679","viet-phrase-city-hue-eat-near-bun-bo-city","city-hue-eat-near-bun-bo-city","Ăn bún bò Huế ở đâu?","Where can I eat bun bo Hue?","city-v1","content-draft/viet/city-library/v1.json","3","5","4","planned","1","PASS","",""
"680","viet-phrase-city-hue-eat-near-dong-ba-bun-bo","city-hue-eat-near-dong-ba-bun-bo","Ăn gần Bún bò ở chợ Đông Ba","Eat near Bun bo at Dong Ba Market","city-v1","content-draft/viet/city-library/v1.json","3","3","4","planned","1","PASS","",""
"681","viet-phrase-city-hue-eat-near-dong-ba-market","city-hue-eat-near-dong-ba-market","Ăn gần Chợ Đông Ba","Eat near Dong Ba Market","city-v1","content-draft/viet/city-library/v1.json","3","5","4","planned","1","PASS","",""
"682","viet-phrase-city-hue-entrance-an-cuu-market","city-hue-entrance-an-cuu-market","Lối vào Chợ An Cựu ở đâu?","Where is the entrance to An Cuu Market?","city-v1","content-draft/viet/city-library/v1.json","3","5","4","planned","1","PASS","",""
"683","viet-phrase-city-hue-entrance-dong-ba-market","city-hue-entrance-dong-ba-market","Lối vào Chợ Đông Ba ở đâu?","Where is the entrance to Dong Ba Market?","city-v1","content-draft/viet/city-library/v1.json","3","5","4","planned","1","PASS","",""
"684","viet-phrase-city-hue-go-an-cuu-market","city-hue-go-an-cuu-market","Đi Chợ An Cựu","Go to An Cuu Market","city-v1","content-draft/viet/city-library/v1.json","3","5","3","planned","1","PASS","",""
"685","viet-phrase-city-hue-go-bao-vinh-ancient-town","city-hue-go-bao-vinh-ancient-town","Đi Phố cổ Bao Vinh","Go to Bao Vinh Ancient Town","city-v1","content-draft/viet/city-library/v1.json","3","5","3","planned","1","PASS","",""
"686","viet-phrase-city-hue-go-bun-bo-city","city-hue-go-bun-bo-city","Tìm bún bò Huế ở đâu?","Where can I find bun bo Hue?","city-v1","content-draft/viet/city-library/v1.json","3","5","4","planned","1","PASS","",""
"687","viet-phrase-city-hue-go-dong-ba","city-hue-go-dong-ba","Đi chợ Đông Ba","Go to Dong Ba Market","city-v1","content-draft/viet/city-library/v1.json","3","5","3","planned","1","PASS","",""
"688","viet-phrase-city-hue-go-dong-ba-bun-bo","city-hue-go-dong-ba-bun-bo","Tôi muốn tìm bún bò ở chợ Đông Ba","I want to find bun bo at Dong Ba Market","city-v1","content-draft/viet/city-library/v1.json","3","3","5","planned","1","PASS","",""
"689","viet-phrase-city-hue-go-hen-island","city-hue-go-hen-island","Đi Cồn Hến","Go to Hen Island","city-v1","content-draft/viet/city-library/v1.json","3","5","3","planned","1","PASS","",""
"690","viet-phrase-city-hue-go-les-jardins","city-hue-go-les-jardins","Cho tôi đến nhà hàng Les Jardins de la Carambole.","Please take me to Les Jardins de la Carambole restaurant.","city-v1","content-draft/viet/city-library/v1.json","3","5","6","planned","1","PASS","",""
"691","viet-phrase-city-hue-go-nguyen-dinh-chieu-street","city-hue-go-nguyen-dinh-chieu-street","Đi Phố đi bộ Nguyễn Đình Chiểu","Go to Nguyen Dinh Chieu Walking Street","city-v1","content-draft/viet/city-library/v1.json","3","4","3","planned","1","PASS","",""
"692","viet-phrase-city-hue-go-night-market","city-hue-go-night-market","Đi Chợ đêm Huế","Go to Hue Night Market","city-v1","content-draft/viet/city-library/v1.json","3","4","3","planned","1","PASS","",""
"693","viet-phrase-city-hue-go-phu-bai-airport","city-hue-go-phu-bai-airport","Đi Sân bay Phú Bài","Go to Phu Bai Airport","city-v1","content-draft/viet/city-library/v1.json","3","3","3","planned","1","PASS","",""
"694","viet-phrase-city-hue-go-railway-station","city-hue-go-railway-station","Đi Ga Huế","Go to Hue Railway Station","city-v1","content-draft/viet/city-library/v1.json","3","3","3","planned","1","PASS","",""
"695","viet-phrase-city-hue-le-loi-route","city-hue-le-loi-route","Đi đường Lê Lợi","Go by Le Loi Street","city-v1","content-draft/viet/city-library/v1.json","3","5","3","planned","1","PASS","",""
"696","viet-phrase-city-hue-near-an-cuu-market","city-hue-near-an-cuu-market","Chợ An Cựu gần đây không?","Is An Cuu Market near here?","city-v1","content-draft/viet/city-library/v1.json","3","5","4","planned","1","PASS","",""
"697","viet-phrase-city-hue-near-bao-vinh-ancient-town","city-hue-near-bao-vinh-ancient-town","Phố cổ Bao Vinh gần đây không?","Is Bao Vinh Ancient Town near here?","city-v1","content-draft/viet/city-library/v1.json","3","5","4","planned","1","PASS","",""
"698","viet-phrase-city-hue-near-dong-ba","city-hue-near-dong-ba","Chợ Đông Ba gần đây không?","Is Dong Ba Market near here?","city-v1","content-draft/viet/city-library/v1.json","3","5","4","planned","1","PASS","",""
"699","viet-phrase-city-hue-near-hen-island","city-hue-near-hen-island","Cồn Hến gần đây không?","Is Hen Island near here?","city-v1","content-draft/viet/city-library/v1.json","3","5","4","planned","1","PASS","",""
"700","viet-phrase-city-hue-near-le-loi-street","city-hue-near-le-loi-street","Đường Lê Lợi gần đây không?","Is Le Loi Street near here?","city-v1","content-draft/viet/city-library/v1.json","3","5","4","planned","1","PASS","",""
"701","viet-phrase-city-hue-near-nguyen-dinh-chieu-street","city-hue-near-nguyen-dinh-chieu-street","Phố đi bộ Nguyễn Đình Chiểu gần đây không?","Is Nguyen Dinh Chieu Walking Street near here?","city-v1","content-draft/viet/city-library/v1.json","3","4","4","planned","1","PASS","",""
"702","viet-phrase-city-hue-near-night-market","city-hue-near-night-market","Chợ đêm Huế gần đây không?","Is Hue Night Market near here?","city-v1","content-draft/viet/city-library/v1.json","3","4","4","planned","1","PASS","",""
"703","viet-phrase-city-hue-pharmacy-dong-ba","city-hue-pharmacy-dong-ba","Có nhà thuốc gần chợ Đông Ba không?","Is there a pharmacy near Dong Ba Market?","city-v1","content-draft/viet/city-library/v1.json","3","5","6","planned","1","PASS","",""
"704","viet-phrase-city-hue-place-an-cuu-market","city-hue-place-an-cuu-market","Chợ An Cựu","An Cuu Market","city-v1","content-draft/viet/city-library/v1.json","6","5","0","ready","1","FAIL","missing_breakdown|missing_breakdown_tokens|three_text_only_sections","must_fix:Missing required breakdown section. || must_fix:Breakdown section has no reusable token rows. || must_fix:Three consecutive text-only sections: Worth it if | Before you go | Good to know"
"705","viet-phrase-city-hue-place-an-dinh-palace","city-hue-place-an-dinh-palace","Cung An Định","An Dinh Palace","city-v1","content-draft/viet/city-library/v1.json","6","6","0","ready","1","FAIL","missing_breakdown|missing_breakdown_tokens","must_fix:Missing required breakdown section. || must_fix:Breakdown section has no reusable token rows."
"706","viet-phrase-city-hue-place-an-hien-garden-house","city-hue-place-an-hien-garden-house","Nhà vườn An Hiên","An Hien Garden House","city-v1","content-draft/viet/city-library/v1.json","6","6","0","planned","1","FAIL","missing_breakdown|missing_breakdown_tokens","must_fix:Missing required breakdown section. || must_fix:Breakdown section has no reusable token rows."
"707","viet-phrase-city-hue-place-ancient-hue-gallery-cuisine","city-hue-place-ancient-hue-gallery-cuisine","Ancient Hue Gallery Cuisine","Ancient Hue Gallery Cuisine","city-v1","content-draft/viet/city-library/v1.json","6","5","0","planned","1","FAIL","missing_breakdown|missing_breakdown_tokens","must_fix:Missing required breakdown section. || must_fix:Breakdown section has no reusable token rows."
"708","viet-phrase-city-hue-place-ancient-hue-restaurant","city-hue-place-ancient-hue-restaurant","Ancient Hue Restaurant","Ancient Hue Restaurant","city-v1","content-draft/viet/city-library/v1.json","6","5","0","planned","1","FAIL","missing_breakdown|missing_breakdown_tokens","must_fix:Missing required breakdown section. || must_fix:Breakdown section has no reusable token rows."
"709","viet-phrase-city-hue-place-ancient-space-restaurant","city-hue-place-ancient-space-restaurant","Không gian xưa","Ancient Space Restaurant","city-v1","content-draft/viet/city-library/v1.json","6","5","0","planned","1","FAIL","missing_breakdown|missing_breakdown_tokens","must_fix:Missing required breakdown section. || must_fix:Breakdown section has no reusable token rows."
"710","viet-phrase-city-hue-place-ba-van-banh-loc","city-hue-place-ba-van-banh-loc","Bánh lọc Bà Vân","Ba Van Banh Loc","city-v1","content-draft/viet/city-library/v1.json","6","5","0","planned","1","FAIL","missing_breakdown|missing_breakdown_tokens","must_fix:Missing required breakdown section. || must_fix:Breakdown section has no reusable token rows."
"711","viet-phrase-city-hue-place-bach-ma-national-park","city-hue-place-bach-ma-national-park","Vườn quốc gia Bạch Mã","Bach Ma National Park","city-v1","content-draft/viet/city-library/v1.json","6","6","0","planned","1","FAIL","missing_breakdown|missing_breakdown_tokens","must_fix:Missing required breakdown section. || must_fix:Breakdown section has no reusable token rows."
"712","viet-phrase-city-hue-place-banh-beo","city-hue-place-banh-beo","Bánh bèo ở Huế","Banh beo","city-v1","content-draft/viet/city-library/v1.json","6","2","0","planned","1","FAIL","missing_breakdown|missing_breakdown_tokens|three_text_only_sections","must_fix:Missing required breakdown section. || must_fix:Breakdown section has no reusable token rows. || must_fix:Three consecutive text-only sections: Worth it if | Before you go | Good to know"
"713","viet-phrase-city-hue-place-banh-bot-loc","city-hue-place-banh-bot-loc","Bánh bột lọc ở Huế","Banh bot loc","city-v1","content-draft/viet/city-library/v1.json","6","2","0","planned","1","FAIL","missing_breakdown|missing_breakdown_tokens|three_text_only_sections","must_fix:Missing required breakdown section. || must_fix:Breakdown section has no reusable token rows. || must_fix:Three consecutive text-only sections: Worth it if | Before you go | Good to know"
"714","viet-phrase-city-hue-place-banh-khoai","city-hue-place-banh-khoai","Bánh khoái ở Huế","Banh khoai","city-v1","content-draft/viet/city-library/v1.json","6","2","0","planned","1","FAIL","missing_breakdown|missing_breakdown_tokens|three_text_only_sections","must_fix:Missing required breakdown section. || must_fix:Breakdown section has no reusable token rows. || must_fix:Three consecutive text-only sections: Worth it if | Before you go | Good to know"
"715","viet-phrase-city-hue-place-banh-nam","city-hue-place-banh-nam","Bánh nậm ở Huế","Banh nam","city-v1","content-draft/viet/city-library/v1.json","6","2","0","planned","1","FAIL","missing_breakdown|missing_breakdown_tokens|three_text_only_sections","must_fix:Missing required breakdown section. || must_fix:Breakdown section has no reusable token rows. || must_fix:Three consecutive text-only sections: Worth it if | Before you go | Good to know"
"716","viet-phrase-city-hue-place-bao-quoc-pagoda","city-hue-place-bao-quoc-pagoda","Chùa Báo Quốc","Bao Quoc Pagoda","city-v1","content-draft/viet/city-library/v1.json","6","6","0","planned","1","FAIL","missing_breakdown|missing_breakdown_tokens","must_fix:Missing required breakdown section. || must_fix:Breakdown section has no reusable token rows."
"717","viet-phrase-city-hue-place-bao-vinh-ancient-town","city-hue-place-bao-vinh-ancient-town","Phố cổ Bao Vinh","Bao Vinh Ancient Town","city-v1","content-draft/viet/city-library/v1.json","6","4","0","ready","1","FAIL","missing_breakdown|missing_breakdown_tokens|three_text_only_sections","must_fix:Missing required breakdown section. || must_fix:Breakdown section has no reusable token rows. || must_fix:Three consecutive text-only sections: Worth it if | Before you go | Good to know"
"718","viet-phrase-city-hue-place-ben-ngu-market","city-hue-place-ben-ngu-market","Chợ Bến Ngự","Ben Ngu Market","city-v1","content-draft/viet/city-library/v1.json","6","1","0","planned","1","FAIL","missing_breakdown|missing_breakdown_tokens|three_text_only_sections","must_fix:Missing required breakdown section. || must_fix:Breakdown section has no reusable token rows. || must_fix:Three consecutive text-only sections: Worth it if | Before you go | Good to know"
"719","viet-phrase-city-hue-place-ben-trang-cafe-bistro","city-hue-place-ben-trang-cafe-bistro","Bến Trắng Cafe & Bistro","Ben Trang Cafe & Bistro","city-v1","content-draft/viet/city-library/v1.json","6","5","0","planned","1","FAIL","missing_breakdown|missing_breakdown_tokens","must_fix:Missing required breakdown section. || must_fix:Breakdown section has no reusable token rows."
"720","viet-phrase-city-hue-place-bun-bo-city","city-hue-place-bun-bo-city","Bún bò Huế","Bun bo Hue","city-v1","content-draft/viet/city-library/v1.json","6","3","0","ready","1","FAIL","missing_breakdown|missing_breakdown_tokens|three_text_only_sections","must_fix:Missing required breakdown section. || must_fix:Breakdown section has no reusable token rows. || must_fix:Three consecutive text-only sections: Worth it if | Before you go | Good to know"
"721","viet-phrase-city-hue-place-bun-hen","city-hue-place-bun-hen","Bún hến ở Huế","Bun hen","city-v1","content-draft/viet/city-library/v1.json","6","2","0","planned","1","FAIL","missing_breakdown|missing_breakdown_tokens|three_text_only_sections","must_fix:Missing required breakdown section. || must_fix:Breakdown section has no reusable token rows. || must_fix:Three consecutive text-only sections: Worth it if | Before you go | Good to know"
"722","viet-phrase-city-hue-place-bun-thit-nuong","city-hue-place-bun-thit-nuong","Bún thịt nướng ở Huế","Bun thit nuong","city-v1","content-draft/viet/city-library/v1.json","6","2","0","planned","1","FAIL","missing_breakdown|missing_breakdown_tokens|three_text_only_sections","must_fix:Missing required breakdown section. || must_fix:Breakdown section has no reusable token rows. || must_fix:Three consecutive text-only sections: Worth it if | Before you go | Good to know"
"723","viet-phrase-city-hue-place-che-hue","city-hue-place-che-hue","Chè Huế","Hue sweet soup","city-v1","content-draft/viet/city-library/v1.json","6","2","0","planned","1","FAIL","missing_breakdown|missing_breakdown_tokens|three_text_only_sections","must_fix:Missing required breakdown section. || must_fix:Breakdown section has no reusable token rows. || must_fix:Three consecutive text-only sections: Worth it if | Before you go | Good to know"
"724","viet-phrase-city-hue-place-chu-van-an-street","city-hue-place-chu-van-an-street","Đường Chu Văn An","Chu Van An Street","city-v1","content-draft/viet/city-library/v1.json","6","1","0","planned","1","FAIL","missing_breakdown|missing_breakdown_tokens|three_text_only_sections","must_fix:Missing required breakdown section. || must_fix:Breakdown section has no reusable token rows. || must_fix:Three consecutive text-only sections: Worth it if | Before you go | Good to know"
"725","viet-phrase-city-hue-place-com-am-phu","city-hue-place-com-am-phu","Cơm âm phủ ở Huế","Com am phu","city-v1","content-draft/viet/city-library/v1.json","6","2","0","planned","1","FAIL","missing_breakdown|missing_breakdown_tokens|three_text_only_sections","must_fix:Missing required breakdown section. || must_fix:Breakdown section has no reusable token rows. || must_fix:Three consecutive text-only sections: Worth it if | Before you go | Good to know"
"726","viet-phrase-city-hue-place-com-hen","city-hue-place-com-hen","Cơm hến ở Huế","Com hen","city-v1","content-draft/viet/city-library/v1.json","6","2","0","planned","1","FAIL","missing_breakdown|missing_breakdown_tokens|three_text_only_sections","must_fix:Missing required breakdown section. || must_fix:Breakdown section has no reusable token rows. || must_fix:Three consecutive text-only sections: Worth it if | Before you go | Good to know"
"727","viet-phrase-city-hue-place-cyclo-citadel-loop","city-hue-place-cyclo-citadel-loop","Xích lô quanh Kinh thành","Citadel cyclo loop","city-v1","content-draft/viet/city-library/v1.json","6","6","0","planned","1","FAIL","missing_breakdown|missing_breakdown_tokens","must_fix:Missing required breakdown section. || must_fix:Breakdown section has no reusable token rows."
"728","viet-phrase-city-hue-place-dai-nam-restaurant","city-hue-place-dai-nam-restaurant","Nhà hàng Đại Nam","Dai Nam Restaurant","city-v1","content-draft/viet/city-library/v1.json","6","5","0","planned","1","FAIL","missing_breakdown|missing_breakdown_tokens","must_fix:Missing required breakdown section. || must_fix:Breakdown section has no reusable token rows."
"729","viet-phrase-city-hue-place-de-po-cafe","city-hue-place-de-po-cafe","De Po Cafe","De Po Cafe","city-v1","content-draft/viet/city-library/v1.json","6","5","0","planned","1","FAIL","missing_breakdown|missing_breakdown_tokens","must_fix:Missing required breakdown section. || must_fix:Breakdown section has no reusable token rows."
"730","viet-phrase-city-hue-place-diem-phung-thi-art-center","city-hue-place-diem-phung-thi-art-center","Trung tâm Nghệ thuật Điềm Phùng Thị","Diem Phung Thi Art Center","city-v1","content-draft/viet/city-library/v1.json","6","6","0","planned","1","FAIL","missing_breakdown|missing_breakdown_tokens","must_fix:Missing required breakdown section. || must_fix:Breakdown section has no reusable token rows."
"731","viet-phrase-city-hue-place-dien-tho-palace","city-hue-place-dien-tho-palace","Cung Diên Thọ","Dien Tho Palace","city-v1","content-draft/viet/city-library/v1.json","6","6","0","planned","1","FAIL","missing_breakdown|missing_breakdown_tokens","must_fix:Missing required breakdown section. || must_fix:Breakdown section has no reusable token rows."
"732","viet-phrase-city-hue-place-dong-ba","city-hue-place-dong-ba","Chợ Đông Ba","Dong Ba Market","city-v1","content-draft/viet/city-library/v1.json","6","5","0","ready","1","FAIL","missing_breakdown|missing_breakdown_tokens|three_text_only_sections","must_fix:Missing required breakdown section. || must_fix:Breakdown section has no reusable token rows. || must_fix:Three consecutive text-only sections: Worth it if | Before you go | Good to know"
"733","viet-phrase-city-hue-place-dong-ba-bun-bo","city-hue-place-dong-ba-bun-bo","Bún bò chợ Đông Ba ở Huế","Bun bo at Dong Ba Market","city-v1","content-draft/viet/city-library/v1.json","6","3","0","planned","1","FAIL","missing_breakdown|missing_breakdown_tokens|three_text_only_sections","must_fix:Missing required breakdown section. || must_fix:Breakdown section has no reusable token rows. || must_fix:Three consecutive text-only sections: Worth it if | Before you go | Good to know"
"734","viet-phrase-city-hue-place-dong-khanh-tomb","city-hue-place-dong-khanh-tomb","Lăng Đồng Khánh","Tomb of Dong Khanh","city-v1","content-draft/viet/city-library/v1.json","6","6","0","ready","1","FAIL","missing_breakdown|missing_breakdown_tokens","must_fix:Missing required breakdown section. || must_fix:Breakdown section has no reusable token rows."
"735","viet-phrase-city-hue-place-duc-duc-tomb","city-hue-place-duc-duc-tomb","Lăng Dục Đức","Tomb of Duc Duc","city-v1","content-draft/viet/city-library/v1.json","6","6","0","planned","1","FAIL","missing_breakdown|missing_breakdown_tokens","must_fix:Missing required breakdown section. || must_fix:Breakdown section has no reusable token rows."
"736","viet-phrase-city-hue-place-duyet-thi-duong-theater","city-hue-place-duyet-thi-duong-theater","Duyệt Thị Đường","Duyet Thi Duong Royal Theater","city-v1","content-draft/viet/city-library/v1.json","6","6","0","planned","1","FAIL","missing_breakdown|missing_breakdown_tokens","must_fix:Missing required breakdown section. || must_fix:Breakdown section has no reusable token rows."
"737","viet-phrase-city-hue-place-flag-tower","city-hue-place-flag-tower","Kỳ Đài Huế","Hue Flag Tower","city-v1","content-draft/viet/city-library/v1.json","6","6","0","planned","1","FAIL","missing_breakdown|missing_breakdown_tokens","must_fix:Missing required breakdown section. || must_fix:Breakdown section has no reusable token rows."
"738","viet-phrase-city-hue-place-forbidden-purple-city","city-hue-place-forbidden-purple-city","Tử Cấm Thành","Forbidden Purple City","city-v1","content-draft/viet/city-library/v1.json","6","6","0","planned","1","FAIL","missing_breakdown|missing_breakdown_tokens","must_fix:Missing required breakdown section. || must_fix:Breakdown section has no reusable token rows."
"739","viet-phrase-city-hue-place-gia-hoi","city-hue-place-gia-hoi","Gia Hội","Gia Hoi","city-v1","content-draft/viet/city-library/v1.json","6","1","0","planned","1","FAIL","missing_breakdown|missing_breakdown_tokens|three_text_only_sections","must_fix:Missing required breakdown section. || must_fix:Breakdown section has no reusable token rows. || must_fix:Three consecutive text-only sections: Worth it if | Before you go | Good to know"
"740","viet-phrase-city-hue-place-gia-long-tomb","city-hue-place-gia-long-tomb","Lăng Gia Long","Tomb of Gia Long","city-v1","content-draft/viet/city-library/v1.json","6","6","0","ready","1","FAIL","missing_breakdown|missing_breakdown_tokens","must_fix:Missing required breakdown section. || must_fix:Breakdown section has no reusable token rows."
"741","viet-phrase-city-hue-place-hen-island","city-hue-place-hen-island","Cồn Hến","Hen Island","city-v1","content-draft/viet/city-library/v1.json","6","4","0","ready","1","FAIL","missing_breakdown|missing_breakdown_tokens|three_text_only_sections","must_fix:Missing required breakdown section. || must_fix:Breakdown section has no reusable token rows. || must_fix:Three consecutive text-only sections: Worth it if | Before you go | Good to know"
"742","viet-phrase-city-hue-place-hon-chen-temple","city-hue-place-hon-chen-temple","Điện Hòn Chén","Hon Chen Temple","city-v1","content-draft/viet/city-library/v1.json","6","6","0","planned","1","FAIL","missing_breakdown|missing_breakdown_tokens","must_fix:Missing required breakdown section. || must_fix:Breakdown section has no reusable token rows."
"743","viet-phrase-city-hue-place-huyen-tran-temple","city-hue-place-huyen-tran-temple","Đền Huyền Trân","Huyen Tran Princess Temple","city-v1","content-draft/viet/city-library/v1.json","6","6","0","ready","1","FAIL","missing_breakdown|missing_breakdown_tokens","must_fix:Missing required breakdown section. || must_fix:Breakdown section has no reusable token rows."
"744","viet-phrase-city-hue-place-imperial-city","city-hue-place-imperial-city","Kinh thành Huế","Hue Imperial City","city-v1","content-draft/viet/city-library/v1.json","6","6","0","ready","1","FAIL","missing_breakdown|missing_breakdown_tokens","must_fix:Missing required breakdown section. || must_fix:Breakdown section has no reusable token rows."
"745","viet-phrase-city-hue-place-incense-village-workshop","city-hue-place-incense-village-workshop","Trải nghiệm làm hương Thủy Xuân","Incense village workshop","city-v1","content-draft/viet/city-library/v1.json","6","6","0","planned","1","FAIL","missing_breakdown|missing_breakdown_tokens","must_fix:Missing required breakdown section. || must_fix:Breakdown section has no reusable token rows."
"746","viet-phrase-city-hue-place-khai-dinh-tomb","city-hue-place-khai-dinh-tomb","Lăng Khải Định","Tomb of Khai Dinh","city-v1","content-draft/viet/city-library/v1.json","6","6","0","ready","1","FAIL","missing_breakdown|missing_breakdown_tokens","must_fix:Missing required breakdown section. || must_fix:Breakdown section has no reusable token rows."
"747","viet-phrase-city-hue-place-khong-gian-hoai-co-coffee","city-hue-place-khong-gian-hoai-co-coffee","Không Gian Hoài Cổ Coffee","Khong Gian Hoai Co Coffee","city-v1","content-draft/viet/city-library/v1.json","6","5","0","planned","1","FAIL","missing_breakdown|missing_breakdown_tokens","must_fix:Missing required breakdown section. || must_fix:Breakdown section has no reusable token rows."
"748","viet-phrase-city-hue-place-kim-long","city-hue-place-kim-long","Kim Long","Kim Long","city-v1","content-draft/viet/city-library/v1.json","6","1","0","planned","1","FAIL","missing_breakdown|missing_breakdown_tokens|three_text_only_sections","must_fix:Missing required breakdown section. || must_fix:Breakdown section has no reusable token rows. || must_fix:Three consecutive text-only sections: Worth it if | Before you go | Good to know"
"749","viet-phrase-city-hue-place-kodo-cafe","city-hue-place-kodo-cafe","KODO Cafe","KODO Cafe","city-v1","content-draft/viet/city-library/v1.json","6","5","0","planned","1","FAIL","missing_breakdown|missing_breakdown_tokens","must_fix:Missing required breakdown section. || must_fix:Breakdown section has no reusable token rows."
"750","viet-phrase-city-hue-place-lagoon-seafood-boat","city-hue-place-lagoon-seafood-boat","Thuyền hải sản phá Tam Giang","Lagoon seafood boat","city-v1","content-draft/viet/city-library/v1.json","6","6","0","planned","1","FAIL","missing_breakdown|missing_breakdown_tokens","must_fix:Missing required breakdown section. || must_fix:Breakdown section has no reusable token rows."
"751","viet-phrase-city-hue-place-lang-thang-coffee","city-hue-place-lang-thang-coffee","Lang Thang Coffee","Lang Thang Coffee","city-v1","content-draft/viet/city-library/v1.json","6","5","0","planned","1","FAIL","missing_breakdown|missing_breakdown_tokens","must_fix:Missing required breakdown section. || must_fix:Breakdown section has no reusable token rows."
"752","viet-phrase-city-hue-place-lap-an-lagoon","city-hue-place-lap-an-lagoon","Đầm Lập An","Lap An Lagoon","city-v1","content-draft/viet/city-library/v1.json","6","6","0","planned","1","FAIL","missing_breakdown|missing_breakdown_tokens","must_fix:Missing required breakdown section. || must_fix:Breakdown section has no reusable token rows."
"753","viet-phrase-city-hue-place-le-ba-dang-art-center","city-hue-place-le-ba-dang-art-center","Trung tâm Nghệ thuật Lê Bá Đảng","Le Ba Dang Art Center","city-v1","content-draft/viet/city-library/v1.json","6","6","0","planned","1","FAIL","missing_breakdown|missing_breakdown_tokens","must_fix:Missing required breakdown section. || must_fix:Breakdown section has no reusable token rows."
"754","viet-phrase-city-hue-place-le-ba-dang-memory-space","city-hue-place-le-ba-dang-memory-space","Không gian lưu niệm Lê Bá Đảng","Le Ba Dang Memory Space","city-v1","content-draft/viet/city-library/v1.json","6","6","0","planned","1","FAIL","missing_breakdown|missing_breakdown_tokens","must_fix:Missing required breakdown section. || must_fix:Breakdown section has no reusable token rows."
"755","viet-phrase-city-hue-place-le-loi-street","city-hue-place-le-loi-street","Đường Lê Lợi","Le Loi Street","city-v1","content-draft/viet/city-library/v1.json","6","4","0","ready","1","FAIL","missing_breakdown|missing_breakdown_tokens|three_text_only_sections","must_fix:Missing required breakdown section. || must_fix:Breakdown section has no reusable token rows. || must_fix:Three consecutive text-only sections: Worth it if | Before you go | Good to know"
"756","viet-phrase-city-hue-place-les-jardins","city-hue-place-les-jardins","Les Jardins de la Carambole","Les Jardins de la Carambole","city-v1","content-draft/viet/city-library/v1.json","6","8","0","ready","1","FAIL","missing_breakdown|missing_breakdown_tokens","must_fix:Missing required breakdown section. || must_fix:Breakdown section has no reusable token rows."
"757","viet-phrase-city-hue-place-lien-hoa-vegetarian","city-hue-place-lien-hoa-vegetarian","Nhà hàng chay Liên Hoa","Lien Hoa Vegetarian Restaurant","city-v1","content-draft/viet/city-library/v1.json","6","5","0","planned","1","FAIL","missing_breakdown|missing_breakdown_tokens","must_fix:Missing required breakdown section. || must_fix:Breakdown section has no reusable token rows."
"758","viet-phrase-city-hue-place-long-an-palace","city-hue-place-long-an-palace","Điện Long An","Long An Palace","city-v1","content-draft/viet/city-library/v1.json","6","6","0","planned","1","FAIL","missing_breakdown|missing_breakdown_tokens","must_fix:Missing required breakdown section. || must_fix:Breakdown section has no reusable token rows."
"759","viet-phrase-city-hue-place-mandarin-coffee-restaurant","city-hue-place-mandarin-coffee-restaurant","Mandarin Coffee & Restaurant","Mandarin Coffee & Restaurant","city-v1","content-draft/viet/city-library/v1.json","6","5","0","planned","1","FAIL","missing_breakdown|missing_breakdown_tokens","must_fix:Missing required breakdown section. || must_fix:Breakdown section has no reusable token rows."
"760","viet-phrase-city-hue-place-me-xung","city-hue-place-me-xung","Mè xửng ở Huế","Me xung sesame candy","city-v1","content-draft/viet/city-library/v1.json","6","2","0","planned","1","FAIL","missing_breakdown|missing_breakdown_tokens|three_text_only_sections","must_fix:Missing required breakdown section. || must_fix:Breakdown section has no reusable token rows. || must_fix:Three consecutive text-only sections: Worth it if | Before you go | Good to know"
"761","viet-phrase-city-hue-place-minh-mang-tomb","city-hue-place-minh-mang-tomb","Lăng Minh Mạng","Tomb of Minh Mang","city-v1","content-draft/viet/city-library/v1.json","6","6","0","ready","1","FAIL","missing_breakdown|missing_breakdown_tokens","must_fix:Missing required breakdown section. || must_fix:Breakdown section has no reusable token rows."
"762","viet-phrase-city-hue-place-museum-commissioned-porcelains","city-hue-place-museum-commissioned-porcelains","Bảo tàng Đồ sứ ký kiểu thời Nguyễn","Museum of Nguyen Dynasty Commissioned Porcelains","city-v1","content-draft/viet/city-library/v1.json","6","6","0","planned","1","FAIL","missing_breakdown|missing_breakdown_tokens","must_fix:Missing required breakdown section. || must_fix:Breakdown section has no reusable token rows."
"763","viet-phrase-city-hue-place-nam-giao-esplanade","city-hue-place-nam-giao-esplanade","Đàn Nam Giao","Nam Giao Esplanade","city-v1","content-draft/viet/city-library/v1.json","6","6","0","planned","1","FAIL","missing_breakdown|missing_breakdown_tokens","must_fix:Missing required breakdown section. || must_fix:Breakdown section has no reusable token rows."
"764","viet-phrase-city-hue-place-ngo-mon-gate","city-hue-place-ngo-mon-gate","Ngọ Môn","Ngo Mon Gate","city-v1","content-draft/viet/city-library/v1.json","6","6","0","planned","1","FAIL","missing_breakdown|missing_breakdown_tokens","must_fix:Missing required breakdown section. || must_fix:Breakdown section has no reusable token rows."
"765","viet-phrase-city-hue-place-ngu-binh-mountain","city-hue-place-ngu-binh-mountain","Núi Ngự Bình","Ngu Binh Mountain","city-v1","content-draft/viet/city-library/v1.json","6","6","0","planned","1","FAIL","missing_breakdown|missing_breakdown_tokens","must_fix:Missing required breakdown section. || must_fix:Breakdown section has no reusable token rows."
"766","viet-phrase-city-hue-place-nguyen-dinh-chieu-street","city-hue-place-nguyen-dinh-chieu-street","Phố đi bộ Nguyễn Đình Chiểu","Nguyen Dinh Chieu Walking Street","city-v1","content-draft/viet/city-library/v1.json","6","5","0","ready","1","FAIL","missing_breakdown|missing_breakdown_tokens|three_text_only_sections","must_fix:Missing required breakdown section. || must_fix:Breakdown section has no reusable token rows. || must_fix:Three consecutive text-only sections: Worth it if | Before you go | Good to know"
"767","viet-phrase-city-hue-place-nha-nhac-royal-court-music","city-hue-place-nha-nhac-royal-court-music","Nhã nhạc cung đình Huế","Hue Royal Court Music","city-v1","content-draft/viet/city-library/v1.json","6","6","0","planned","1","FAIL","missing_breakdown|missing_breakdown_tokens","must_fix:Missing required breakdown section. || must_fix:Breakdown section has no reusable token rows."
"768","viet-phrase-city-hue-place-night-market","city-hue-place-night-market","Chợ đêm Huế","Hue Night Market","city-v1","content-draft/viet/city-library/v1.json","6","4","0","ready","1","FAIL","missing_breakdown|missing_breakdown_tokens|three_text_only_sections","must_fix:Missing required breakdown section. || must_fix:Breakdown section has no reusable token rows. || must_fix:Three consecutive text-only sections: Worth it if | Before you go | Good to know"
"769","viet-phrase-city-hue-place-nine-dynastic-urns","city-hue-place-nine-dynastic-urns","Cửu Đỉnh","Nine Dynastic Urns","city-v1","content-draft/viet/city-library/v1.json","6","6","0","planned","1","FAIL","missing_breakdown|missing_breakdown_tokens","must_fix:Missing required breakdown section. || must_fix:Breakdown section has no reusable token rows."
"770","viet-phrase-city-hue-place-northern-bus-station","city-hue-place-northern-bus-station","Bến xe phía Bắc Huế","Hue Northern Bus Station","city-v1","content-draft/viet/city-library/v1.json","6","1","0","planned","1","FAIL","missing_breakdown|missing_breakdown_tokens|three_text_only_sections","must_fix:Missing required breakdown section. || must_fix:Breakdown section has no reusable token rows. || must_fix:Three consecutive text-only sections: Worth it if | Before you go | Good to know"
"771","viet-phrase-city-hue-place-perfume-river","city-hue-place-perfume-river","Sông Hương","Perfume River","city-v1","content-draft/viet/city-library/v1.json","6","6","0","ready","1","FAIL","missing_breakdown|missing_breakdown_tokens","must_fix:Missing required breakdown section. || must_fix:Breakdown section has no reusable token rows."
"772","viet-phrase-city-hue-place-perfume-river-dragon-boat","city-hue-place-perfume-river-dragon-boat","Thuyền rồng sông Hương","Perfume River dragon boat","city-v1","content-draft/viet/city-library/v1.json","6","6","0","planned","1","FAIL","missing_breakdown|missing_breakdown_tokens","must_fix:Missing required breakdown section. || must_fix:Breakdown section has no reusable token rows."
"773","viet-phrase-city-hue-place-pham-ngu-lao-street","city-hue-place-pham-ngu-lao-street","Đường Phạm Ngũ Lão","Pham Ngu Lao Street","city-v1","content-draft/viet/city-library/v1.json","6","1","0","planned","1","FAIL","missing_breakdown|missing_breakdown_tokens|three_text_only_sections","must_fix:Missing required breakdown section. || must_fix:Breakdown section has no reusable token rows. || must_fix:Three consecutive text-only sections: Worth it if | Before you go | Good to know"
"774","viet-phrase-city-hue-place-phu-bai-airport","city-hue-place-phu-bai-airport","Sân bay Phú Bài","Phu Bai Airport","city-v1","content-draft/viet/city-library/v1.json","6","4","0","ready","1","FAIL","missing_breakdown|missing_breakdown_tokens|three_text_only_sections","must_fix:Missing required breakdown section. || must_fix:Breakdown section has no reusable token rows. || must_fix:Three consecutive text-only sections: Worth it if | Before you go | Good to know"
"775","viet-phrase-city-hue-place-phu-cam-church","city-hue-place-phu-cam-church","Nhà thờ Phủ Cam","Phu Cam Church","city-v1","content-draft/viet/city-library/v1.json","6","6","0","ready","1","FAIL","missing_breakdown|missing_breakdown_tokens","must_fix:Missing required breakdown section. || must_fix:Breakdown section has no reusable token rows."
"776","viet-phrase-city-hue-place-phu-hau-market","city-hue-place-phu-hau-market","Chợ Phú Hậu","Phu Hau Market","city-v1","content-draft/viet/city-library/v1.json","6","1","0","planned","1","FAIL","missing_breakdown|missing_breakdown_tokens|three_text_only_sections","must_fix:Missing required breakdown section. || must_fix:Breakdown section has no reusable token rows. || must_fix:Three consecutive text-only sections: Worth it if | Before you go | Good to know"
"777","viet-phrase-city-hue-place-railway-station","city-hue-place-railway-station","Ga Huế","Hue Railway Station","city-v1","content-draft/viet/city-library/v1.json","6","4","0","ready","1","FAIL","missing_breakdown|missing_breakdown_tokens|three_text_only_sections","must_fix:Missing required breakdown section. || must_fix:Breakdown section has no reusable token rows. || must_fix:Three consecutive text-only sections: Worth it if | Before you go | Good to know"
"778","viet-phrase-city-hue-place-royal-antiquities-museum","city-hue-place-royal-antiquities-museum","Bảo tàng Cổ vật Cung đình Huế","Hue Museum of Royal Antiquities","city-v1","content-draft/viet/city-library/v1.json","6","6","0","ready","1","FAIL","missing_breakdown|missing_breakdown_tokens","must_fix:Missing required breakdown section. || must_fix:Breakdown section has no reusable token rows."
"779","viet-phrase-city-hue-place-royal-court-music-show","city-hue-place-royal-court-music-show","Biểu diễn nhã nhạc cung đình","Royal court music show","city-v1","content-draft/viet/city-library/v1.json","6","6","0","planned","1","FAIL","missing_breakdown|missing_breakdown_tokens","must_fix:Missing required breakdown section. || must_fix:Breakdown section has no reusable token rows."
"780","viet-phrase-city-hue-place-ru-cha-mangrove","city-hue-place-ru-cha-mangrove","Rú Chá","Ru Cha Mangrove Forest","city-v1","content-draft/viet/city-library/v1.json","6","6","0","planned","1","FAIL","missing_breakdown|missing_breakdown_tokens","must_fix:Missing required breakdown section. || must_fix:Breakdown section has no reusable token rows."
"781","viet-phrase-city-hue-place-song-huong-floating-restaurant","city-hue-place-song-huong-floating-restaurant","Nhà hàng nổi Sông Hương","Song Huong Floating Restaurant","city-v1","content-draft/viet/city-library/v1.json","6","5","0","planned","1","FAIL","missing_breakdown|missing_breakdown_tokens","must_fix:Missing required breakdown section. || must_fix:Breakdown section has no reusable token rows."
"782","viet-phrase-city-hue-place-songlab","city-hue-place-songlab","Sống Platform - SốngLab","Sống Platform - SốngLab","city-v1","content-draft/viet/city-library/v1.json","6","6","0","planned","1","FAIL","missing_breakdown|missing_breakdown_tokens","must_fix:Missing required breakdown section. || must_fix:Breakdown section has no reusable token rows."
"783","viet-phrase-city-hue-place-southern-bus-station","city-hue-place-southern-bus-station","Bến xe phía Nam Huế","Hue Southern Bus Station","city-v1","content-draft/viet/city-library/v1.json","6","1","0","planned","1","FAIL","missing_breakdown|missing_breakdown_tokens|three_text_only_sections","must_fix:Missing required breakdown section. || must_fix:Breakdown section has no reusable token rows. || must_fix:Three consecutive text-only sections: Worth it if | Before you go | Good to know"
"784","viet-phrase-city-hue-place-tam-giang-lagoon","city-hue-place-tam-giang-lagoon","Phá Tam Giang","Tam Giang Lagoon","city-v1","content-draft/viet/city-library/v1.json","6","6","0","planned","1","FAIL","missing_breakdown|missing_breakdown_tokens","must_fix:Missing required breakdown section. || must_fix:Breakdown section has no reusable token rows."
"785","viet-phrase-city-hue-place-tay-loc-market","city-hue-place-tay-loc-market","Chợ Tây Lộc","Tay Loc Market","city-v1","content-draft/viet/city-library/v1.json","6","1","0","planned","1","FAIL","missing_breakdown|missing_breakdown_tokens|three_text_only_sections","must_fix:Missing required breakdown section. || must_fix:Breakdown section has no reusable token rows. || must_fix:Three consecutive text-only sections: Worth it if | Before you go | Good to know"
"786","viet-phrase-city-hue-place-thai-hoa-palace","city-hue-place-thai-hoa-palace","Điện Thái Hòa","Thai Hoa Palace","city-v1","content-draft/viet/city-library/v1.json","6","6","0","planned","1","FAIL","missing_breakdown|missing_breakdown_tokens","must_fix:Missing required breakdown section. || must_fix:Breakdown section has no reusable token rows."
"787","viet-phrase-city-hue-place-thanh-cafe","city-hue-place-thanh-cafe","Thành Cafe","Thanh Cafe","city-v1","content-draft/viet/city-library/v1.json","6","5","0","planned","1","FAIL","missing_breakdown|missing_breakdown_tokens","must_fix:Missing required breakdown section. || must_fix:Breakdown section has no reusable token rows."
"788","viet-phrase-city-hue-place-thanh-toan-bridge","city-hue-place-thanh-toan-bridge","Cầu ngói Thanh Toàn","Thanh Toan Bridge","city-v1","content-draft/viet/city-library/v1.json","6","6","0","ready","1","FAIL","missing_breakdown|missing_breakdown_tokens","must_fix:Missing required breakdown section. || must_fix:Breakdown section has no reusable token rows."
"789","viet-phrase-city-hue-place-the-mieu-temple","city-hue-place-the-mieu-temple","Thế Miếu","The Mieu Temple","city-v1","content-draft/viet/city-library/v1.json","6","6","0","planned","1","FAIL","missing_breakdown|missing_breakdown_tokens","must_fix:Missing required breakdown section. || must_fix:Breakdown section has no reusable token rows."
"790","viet-phrase-city-hue-place-thien-mu","city-hue-place-thien-mu","Chùa Thiên Mụ","Thien Mu Pagoda","city-v1","content-draft/viet/city-library/v1.json","6","6","0","ready","1","FAIL","missing_breakdown|missing_breakdown_tokens","must_fix:Missing required breakdown section. || must_fix:Breakdown section has no reusable token rows."
"791","viet-phrase-city-hue-place-thieu-tri-tomb","city-hue-place-thieu-tri-tomb","Lăng Thiệu Trị","Tomb of Thieu Tri","city-v1","content-draft/viet/city-library/v1.json","6","6","0","planned","1","FAIL","missing_breakdown|missing_breakdown_tokens","must_fix:Missing required breakdown section. || must_fix:Breakdown section has no reusable token rows."
"792","viet-phrase-city-hue-place-thuy-bieu-village","city-hue-place-thuy-bieu-village","Làng Thủy Biều","Thuy Bieu Village","city-v1","content-draft/viet/city-library/v1.json","6","6","0","planned","1","FAIL","missing_breakdown|missing_breakdown_tokens","must_fix:Missing required breakdown section. || must_fix:Breakdown section has no reusable token rows."
"793","viet-phrase-city-hue-place-thuy-xuan-incense-village","city-hue-place-thuy-xuan-incense-village","Làng hương Thủy Xuân","Thuy Xuan Incense Village","city-v1","content-draft/viet/city-library/v1.json","6","6","0","ready","1","FAIL","missing_breakdown|missing_breakdown_tokens","must_fix:Missing required breakdown section. || must_fix:Breakdown section has no reusable token rows."
"794","viet-phrase-city-hue-place-tinh-gia-vien","city-hue-place-tinh-gia-vien","Tịnh Gia Viên","Tinh Gia Vien Restaurant","city-v1","content-draft/viet/city-library/v1.json","6","5","0","planned","1","FAIL","missing_breakdown|missing_breakdown_tokens","must_fix:Missing required breakdown section. || must_fix:Breakdown section has no reusable token rows."
"795","viet-phrase-city-hue-place-toa-kham-boat-station","city-hue-place-toa-kham-boat-station","Bến thuyền Tòa Khâm","Toa Kham Boat Station","city-v1","content-draft/viet/city-library/v1.json","6","1","0","planned","1","FAIL","missing_breakdown|missing_breakdown_tokens|three_text_only_sections","must_fix:Missing required breakdown section. || must_fix:Breakdown section has no reusable token rows. || must_fix:Three consecutive text-only sections: Worth it if | Before you go | Good to know"
"796","viet-phrase-city-hue-place-truong-tien","city-hue-place-truong-tien","Cầu Trường Tiền","Truong Tien Bridge","city-v1","content-draft/viet/city-library/v1.json","6","6","0","ready","1","FAIL","missing_breakdown|missing_breakdown_tokens","must_fix:Missing required breakdown section. || must_fix:Breakdown section has no reusable token rows."
"797","viet-phrase-city-hue-place-truong-tien-plaza","city-hue-place-truong-tien-plaza","Trung tâm thương mại Trường Tiền","Trang Tien Plaza Hue","city-v1","content-draft/viet/city-library/v1.json","6","1","0","planned","1","FAIL","missing_breakdown|missing_breakdown_tokens|three_text_only_sections","must_fix:Missing required breakdown section. || must_fix:Breakdown section has no reusable token rows. || must_fix:Three consecutive text-only sections: Worth it if | Before you go | Good to know"
"798","viet-phrase-city-hue-place-tu-duc-tomb","city-hue-place-tu-duc-tomb","Lăng Tự Đức","Tomb of Tu Duc","city-v1","content-draft/viet/city-library/v1.json","6","6","0","ready","1","FAIL","missing_breakdown|missing_breakdown_tokens","must_fix:Missing required breakdown section. || must_fix:Breakdown section has no reusable token rows."
"799","viet-phrase-city-hue-place-tu-hieu-pagoda","city-hue-place-tu-hieu-pagoda","Chùa Từ Hiếu","Tu Hieu Pagoda","city-v1","content-draft/viet/city-library/v1.json","6","6","0","ready","1","FAIL","missing_breakdown|missing_breakdown_tokens","must_fix:Missing required breakdown section. || must_fix:Breakdown section has no reusable token rows."
"800","viet-phrase-city-hue-place-vong-canh-hill","city-hue-place-vong-canh-hill","Đồi Vọng Cảnh","Vong Canh Hill","city-v1","content-draft/viet/city-library/v1.json","6","6","0","ready","1","FAIL","missing_breakdown|missing_breakdown_tokens","must_fix:Missing required breakdown section. || must_fix:Breakdown section has no reusable token rows."
"801","viet-phrase-city-hue-place-vy-da","city-hue-place-vy-da","Vỹ Dạ","Vy Da","city-v1","content-draft/viet/city-library/v1.json","6","1","0","planned","1","FAIL","missing_breakdown|missing_breakdown_tokens|three_text_only_sections","must_fix:Missing required breakdown section. || must_fix:Breakdown section has no reusable token rows. || must_fix:Three consecutive text-only sections: Worth it if | Before you go | Good to know"
"802","viet-phrase-city-hue-place-walking-street","city-hue-place-walking-street","Phố đi bộ Huế","Hue Walking Street","city-v1","content-draft/viet/city-library/v1.json","6","3","0","ready","1","FAIL","missing_breakdown|missing_breakdown_tokens|three_text_only_sections","must_fix:Missing required breakdown section. || must_fix:Breakdown section has no reusable token rows. || must_fix:Three consecutive text-only sections: Worth it if | Before you go | Good to know"
"803","viet-phrase-city-hue-place-y-thao-garden","city-hue-place-y-thao-garden","Ý Thảo Garden","Y Thao Garden","city-v1","content-draft/viet/city-library/v1.json","6","5","0","planned","1","FAIL","missing_breakdown|missing_breakdown_tokens","must_fix:Missing required breakdown section. || must_fix:Breakdown section has no reusable token rows."
"804","viet-phrase-city-hue-reservation-les-jardins","city-hue-reservation-les-jardins","Tôi có đặt bàn ở Les Jardins de la Carambole","I have a reservation at Les Jardins de la Carambole","city-v1","content-draft/viet/city-library/v1.json","3","5","6","planned","1","PASS","",""
"805","viet-phrase-city-hue-stop-an-cuu-market","city-hue-stop-an-cuu-market","Dừng ở Chợ An Cựu","Stop at An Cuu Market","city-v1","content-draft/viet/city-library/v1.json","3","5","3","planned","1","PASS","",""
"806","viet-phrase-city-hue-stop-bao-vinh-ancient-town","city-hue-stop-bao-vinh-ancient-town","Dừng ở Phố cổ Bao Vinh","Stop at Bao Vinh Ancient Town","city-v1","content-draft/viet/city-library/v1.json","3","5","3","planned","1","PASS","",""
"807","viet-phrase-city-hue-stop-bun-bo-city","city-hue-stop-bun-bo-city","Cho tôi bún bò Huế","Bun bo Hue, please","city-v1","content-draft/viet/city-library/v1.json","3","5","4","planned","1","PASS","",""
"808","viet-phrase-city-hue-stop-dong-ba-bun-bo","city-hue-stop-dong-ba-bun-bo","Cho tôi xuống ở chợ Đông Ba","Let me off at Dong Ba Market","city-v1","content-draft/viet/city-library/v1.json","3","5","5","planned","1","PASS","",""
"809","viet-phrase-city-hue-stop-dong-ba-market","city-hue-stop-dong-ba-market","Dừng ở Chợ Đông Ba","Stop at Dong Ba Market","city-v1","content-draft/viet/city-library/v1.json","3","5","3","planned","1","PASS","",""
"810","viet-phrase-city-hue-stop-hen-island","city-hue-stop-hen-island","Dừng ở Cồn Hến","Stop at Hen Island","city-v1","content-draft/viet/city-library/v1.json","3","5","3","planned","1","PASS","",""
"811","viet-phrase-city-hue-stop-le-loi-street","city-hue-stop-le-loi-street","Dừng ở Đường Lê Lợi","Stop at Le Loi Street","city-v1","content-draft/viet/city-library/v1.json","3","5","3","planned","1","PASS","",""
"812","viet-phrase-city-hue-stop-les-jardins","city-hue-stop-les-jardins","Cho tôi xuống gần nhà hàng Les Jardins de la Carambole.","Let me off near Les Jardins de la Carambole restaurant.","city-v1","content-draft/viet/city-library/v1.json","3","5","7","planned","1","PASS","",""
"813","viet-phrase-city-hue-stop-nguyen-dinh-chieu-street","city-hue-stop-nguyen-dinh-chieu-street","Dừng ở Phố đi bộ Nguyễn Đình Chiểu","Stop at Nguyen Dinh Chieu Walking Street","city-v1","content-draft/viet/city-library/v1.json","3","4","3","planned","1","PASS","",""
"814","viet-phrase-city-hue-stop-night-market","city-hue-stop-night-market","Dừng ở Chợ đêm Huế","Stop at Hue Night Market","city-v1","content-draft/viet/city-library/v1.json","3","4","3","planned","1","PASS","",""
"815","viet-phrase-city-hue-stop-phu-bai-airport","city-hue-stop-phu-bai-airport","Dừng ở Sân bay Phú Bài","Stop at Phu Bai Airport","city-v1","content-draft/viet/city-library/v1.json","3","3","3","planned","1","PASS","",""
"816","viet-phrase-city-hue-stop-railway-station","city-hue-stop-railway-station","Dừng ở Ga Huế","Stop at Hue Railway Station","city-v1","content-draft/viet/city-library/v1.json","3","3","3","planned","1","PASS","",""
"817","viet-phrase-city-hue-walking-street","city-hue-walking-street","Đi phố đi bộ Huế","Go to Hue Walking Street","city-v1","content-draft/viet/city-library/v1.json","3","2","3","planned","1","PASS","",""
"818","viet-phrase-city-hue-where-airport","city-hue-where-airport","Sân bay Phú Bài ở đâu?","Where is Phu Bai Airport?","city-v1","content-draft/viet/city-library/v1.json","3","3","3","planned","1","PASS","",""
"819","viet-phrase-city-hue-where-an-cuu-market","city-hue-where-an-cuu-market","Chợ An Cựu ở đâu?","Where is An Cuu Market?","city-v1","content-draft/viet/city-library/v1.json","3","5","3","planned","1","PASS","",""
"820","viet-phrase-city-hue-where-bao-vinh-ancient-town","city-hue-where-bao-vinh-ancient-town","Phố cổ Bao Vinh ở đâu?","Where is Bao Vinh Ancient Town?","city-v1","content-draft/viet/city-library/v1.json","3","5","3","planned","1","PASS","",""
"821","viet-phrase-city-hue-where-bun-bo-city","city-hue-where-bun-bo-city","Ở đâu có bún bò Huế?","Where can I get bun bo Hue?","city-v1","content-draft/viet/city-library/v1.json","3","5","4","planned","1","PASS","",""
"822","viet-phrase-city-hue-where-dong-ba-bun-bo","city-hue-where-dong-ba-bun-bo","Bún bò ở chợ Đông Ba ở chỗ nào?","Where is bun bo at Dong Ba Market?","city-v1","content-draft/viet/city-library/v1.json","3","3","5","planned","1","PASS","",""
"823","viet-phrase-city-hue-where-dong-ba-market","city-hue-where-dong-ba-market","Chợ Đông Ba ở đâu?","Where is Dong Ba Market?","city-v1","content-draft/viet/city-library/v1.json","3","5","3","planned","1","PASS","",""
"824","viet-phrase-city-hue-where-hen-island","city-hue-where-hen-island","Cồn Hến ở đâu?","Where is Hen Island?","city-v1","content-draft/viet/city-library/v1.json","3","5","3","planned","1","PASS","",""
"825","viet-phrase-city-hue-where-le-loi-street","city-hue-where-le-loi-street","Đường Lê Lợi ở đâu?","Where is Le Loi Street?","city-v1","content-draft/viet/city-library/v1.json","3","5","3","planned","1","PASS","",""
"826","viet-phrase-city-hue-where-les-jardins","city-hue-where-les-jardins","Les Jardins de la Carambole ở đâu?","Where is Les Jardins de la Carambole?","city-v1","content-draft/viet/city-library/v1.json","3","5","3","planned","1","PASS","",""
"827","viet-phrase-city-hue-where-nguyen-dinh-chieu-street","city-hue-where-nguyen-dinh-chieu-street","Phố đi bộ Nguyễn Đình Chiểu ở đâu?","Where is Nguyen Dinh Chieu Walking Street?","city-v1","content-draft/viet/city-library/v1.json","3","4","3","planned","1","PASS","",""
"828","viet-phrase-city-hue-where-night-market","city-hue-where-night-market","Chợ đêm Huế ở đâu?","Where is Hue Night Market?","city-v1","content-draft/viet/city-library/v1.json","3","4","3","planned","1","PASS","",""
"829","viet-phrase-city-hue-where-railway-station","city-hue-where-railway-station","Ga Huế ở đâu?","Where is Hue Railway Station?","city-v1","content-draft/viet/city-library/v1.json","3","3","3","planned","1","PASS","",""
"830","viet-phrase-city-hue-where-walking-street","city-hue-where-walking-street","Phố đi bộ Huế ở đâu?","Where is Hue Walking Street?","city-v1","content-draft/viet/city-library/v1.json","3","2","3","planned","1","PASS","",""
"831","viet-phrase-coffee-1","coffee-1","Cho tôi một cà phê sữa đá","One iced milk coffee please","tier1","content-draft/viet/canonical-pages/tier-one/food-drink/food-coffee-milk.json","4","11","5","ready","1","PASS","",""
"832","viet-phrase-coffee-2","coffee-2","Cho tôi cà phê đen đá","I’d like an iced black coffee","tier1","content-draft/viet/canonical-pages/tier-one/food-drink/food-coffee-black.json","4","11","5","ready","1","PASS","",""
"833","viet-phrase-coffee-3","coffee-3","Cho tôi bạc xỉu đá","I’d like an iced bạc xỉu","tier1","content-draft/viet/canonical-pages/tier-one/food-drink/food-coffee-bac-xiu.json","4","11","5","ready","1","PASS","",""
"834","viet-phrase-coffee-4","coffee-4","Ít đá thôi","Just a little ice","tier1","content-draft/viet/canonical-pages/tier-one/food-drink/food-less-ice.json","4","11","3","ready","2","PASS","",""
"835","viet-phrase-coffee-5","coffee-5","Không đường nhé","No sugar please","tier1","content-draft/viet/canonical-pages/tier-one/food-drink/food-no-sugar.json","5","11","3","ready","2","PASS","",""
"836","viet-phrase-coffee-6","coffee-6","Mang đi","To go","tier1","content-draft/viet/canonical-pages/tier-one/food-drink/food-to-go.json","4","11","1","ready","2","NEEDS_REVIEW","single_card_multiword_breakdown","needs_authored_review:Multiword phrase has only one breakdown card."
"837","viet-phrase-coffee-7","coffee-7","Tính tiền giúp tôi","Please let me pay","tier1","content-draft/viet/canonical-pages/tier-one/food-drink/food-pay-now.json","4","11","5","ready","3","PASS","",""
"838","viet-phrase-directions-1","directions-1","Cho hỏi, đi tới đó thế nào?","Excuse me, how do I get there?","tier1","content-draft/viet/canonical-pages/tier-one/directions-navigation/directions-how-to-get.json","5","7","6","ready","1","PASS","",""
"839","viet-phrase-directions-2","directions-2","Ở gần đây không?","Is it near here?","tier1","content-draft/viet/canonical-pages/tier-one/directions-navigation/directions-near.json","4","7","4","ready","1","PASS","",""
"840","viet-phrase-directions-3","directions-3","Đi bộ mất bao lâu?","How long does it take on foot?","tier1","content-draft/viet/canonical-pages/tier-one/directions-navigation/directions-how-long.json","4","7","4","ready","1","PASS","",""
"841","viet-phrase-directions-4","directions-4","Rẽ trái ở đâu?","Where do I turn left?","tier1","content-draft/viet/canonical-pages/tier-one/directions-navigation/directions-turn-left.json","4","7","3","ready","2","PASS","",""
"842","viet-phrase-directions-5","directions-5","Tôi rẽ phải đúng không?","Should I turn right?","tier1","content-draft/viet/canonical-pages/tier-one/directions-navigation/directions-turn-right.json","4","7","4","ready","2","PASS","",""
"843","viet-phrase-directions-6","directions-6","Tôi đi thẳng phải không?","Should I go straight?","tier1","content-draft/viet/canonical-pages/tier-one/directions-navigation/directions-go-straight.json","4","7","4","ready","2","PASS","",""
"844","viet-phrase-directions-7","directions-7","Cảm ơn, tôi hiểu rồi","Thanks, I understand now","catalog-promoted","content-draft/viet/canonical-pages/catalog-promoted/directions-navigation/thank-you-cam-on-toi-hieu-roi.json","5","6","5","ready","3","PASS","",""
"845","viet-phrase-directions-8","directions-8","Điểm đón ở đâu?","Where is the pickup point?","catalog-promoted","content-draft/viet/canonical-pages/catalog-promoted/directions-navigation/directions-8.json","3","6","3","ready","2","PASS","",""
"846","viet-phrase-directions-9","directions-9","Lối ra nào?","Which exit?","catalog-promoted","content-draft/viet/canonical-pages/catalog-promoted/directions-navigation/directions-9.json","3","5","3","ready","2","PASS","",""
"847","viet-phrase-emergency-1","emergency-1","Gọi công an","Call the police","tier1","content-draft/viet/canonical-pages/tier-one/emergency-safety/emergency-police.json","4","8","4","ready","1","PASS","",""
"848","viet-phrase-emergency-2","emergency-2","Gọi xe cứu thương","Call an ambulance","tier1","content-draft/viet/canonical-pages/tier-one/emergency-safety/emergency-ambulance.json","4","8","3","ready","1","PASS","",""
"849","viet-phrase-emergency-3","emergency-3","Tôi mất hộ chiếu","I lost my passport","tier1","content-draft/viet/canonical-pages/tier-one/emergency-safety/emergency-passport.json","4","8","4","ready","1","PASS","",""
"850","viet-phrase-emergency-4","emergency-4","Tôi cảm thấy không an toàn","I feel unsafe","tier1","content-draft/viet/canonical-pages/tier-one/emergency-safety/emergency-not-safe.json","4","8","4","ready","2","PASS","",""
"851","viet-phrase-emergency-5","emergency-5","Cứu tôi với!","Help!","child","content-draft/viet/canonical-pages/tier-one/emergency-safety/emergency-emergency--emergency-5.json","5","6","4","ready","1","PASS","",""
"852","viet-phrase-emergency-6","emergency-6","Túi của tôi bị lấy mất","My bag was stolen","catalog-promoted","content-draft/viet/canonical-pages/catalog-promoted/emergency-safety/emergency-6.json","3","5","6","ready","2","PASS","",""
"853","viet-phrase-emergency-7","emergency-7","Tôi cần đại sứ quán","I need the embassy","catalog-promoted","content-draft/viet/canonical-pages/catalog-promoted/emergency-safety/emergency-7.json","3","5","4","ready","2","PASS","",""
"854","viet-phrase-emergency-emergency","emergency-emergency","Đây là trường hợp khẩn cấp","This is an emergency","tier1","content-draft/viet/canonical-pages/tier-one/emergency-safety/emergency-emergency.json","5","9","4","ready","2","PASS","",""
"855","viet-phrase-emergency-hospital","emergency-hospital","Bệnh viện gần nhất ở đâu?","Where is the nearest hospital?","tier1","content-draft/viet/canonical-pages/tier-one/emergency-safety/emergency-hospital.json","4","8","4","ready","2","PASS","",""
"856","viet-phrase-emergency-premium-passport-report","emergency-premium-passport-report","Tôi cần một báo cáo về hộ chiếu bị mất của tôi.","I need a report for my lost passport.","catalog-promoted","content-draft/viet/canonical-pages/catalog-promoted/emergency-safety/emergency-premium-passport-report.json","3","5","9","ready","2","PASS","",""
"857","viet-phrase-emergency-premium-phone-stolen","emergency-premium-phone-stolen","Điện thoại của tôi đã bị đánh cắp.","My phone was stolen.","catalog-promoted","content-draft/viet/canonical-pages/catalog-promoted/emergency-safety/emergency-premium-phone-stolen.json","3","5","7","ready","2","PASS","",""
"858","viet-phrase-emergency-premium-police-station","emergency-premium-police-station","Làm ơn đưa tôi đến đồn cảnh sát.","Please take me to the police station.","catalog-promoted","content-draft/viet/canonical-pages/catalog-promoted/emergency-safety/emergency-premium-police-station.json","3","5","6","ready","2","PASS","",""
"859","viet-phrase-emergency-premium-take-me-safe","emergency-premium-take-me-safe","Làm ơn đưa tôi đến nơi nào đó an toàn.","Please take me somewhere safe.","catalog-promoted","content-draft/viet/canonical-pages/catalog-promoted/emergency-safety/emergency-premium-take-me-safe.json","3","5","9","ready","2","PASS","",""
"860","viet-phrase-emergency-premium-tourist-police","emergency-premium-tourist-police","Tôi cần cảnh sát du lịch.","I need the tourist police.","catalog-promoted","content-draft/viet/canonical-pages/catalog-promoted/emergency-safety/emergency-premium-tourist-police.json","3","5","5","ready","2","PASS","",""
"861","viet-phrase-emergency-premium-wallet-stolen","emergency-premium-wallet-stolen","Ví của tôi đã bị đánh cắp.","My wallet was stolen.","catalog-promoted","content-draft/viet/canonical-pages/catalog-promoted/emergency-safety/emergency-premium-wallet-stolen.json","3","5","7","ready","2","PASS","",""
"862","viet-phrase-food-1","food-1","Cho tôi một phần","One portion please","tier1","content-draft/viet/canonical-pages/tier-one/food-drink/food-one-portion.json","4","11","4","ready","1","PASS","",""
"863","viet-phrase-food-15","food-15","Món này có trứng hay đậu phộng không?","Does this have egg or peanuts?","child","content-draft/viet/canonical-pages/tier-one/food-drink/food-peanut-allergy--food-15.json","5","7","8","ready","1","PASS","",""
"864","viet-phrase-food-16","food-16","Đây không phải món tôi gọi","This isn’t what I ordered","catalog-promoted","content-draft/viet/canonical-pages/catalog-promoted/food-drink/food-16.json","3","5","7","ready","2","PASS","",""
"865","viet-phrase-food-17","food-17","Trả riêng được không?","Can we pay separately?","catalog-promoted","content-draft/viet/canonical-pages/catalog-promoted/food-drink/food-17.json","3","5","4","ready","2","PASS","",""
"866","viet-phrase-food-2","food-2","Cho tôi tô này","I’ll take this bowl","tier1","content-draft/viet/canonical-pages/tier-one/food-drink/food-this-bowl.json","4","11","5","ready","1","PASS","",""
"867","viet-phrase-food-3","food-3","Không cay nhé","Not spicy please","tier1","content-draft/viet/canonical-pages/tier-one/food-drink/food-not-spicy.json","5","12","3","ready","1","PASS","",""
"868","viet-phrase-food-4","food-4","Cho thêm rau","More herbs please","tier1","content-draft/viet/canonical-pages/tier-one/food-drink/food-more-herbs.json","4","11","4","ready","1","PASS","",""
"869","viet-phrase-food-5","food-5","Có nước suối không?","Do you have bottled water?","tier1","content-draft/viet/canonical-pages/tier-one/food-drink/food-bottled-water.json","4","11","4","ready","1","PASS","",""
"870","viet-phrase-food-6","food-6","Cho tôi muỗng với đũa","A spoon and chopsticks please","tier1","content-draft/viet/canonical-pages/tier-one/food-drink/food-utensils.json","4","11","6","ready","1","PASS","",""
"871","viet-phrase-food-7","food-7","Gói mang về","Pack it to go","tier1","content-draft/viet/canonical-pages/tier-one/food-drink/food-pack-to-go.json","4","11","3","ready","1","PASS","",""
"872","viet-phrase-food-menu","food-menu","Cho tôi xem thực đơn được không?","Can I see the menu?","tier1","content-draft/viet/canonical-pages/tier-one/food-drink/food-menu.json","4","11","6","ready","1","PASS","",""
"873","viet-phrase-food-need-table","food-need-table","Cho tôi bàn cho hai người nhé","A table for two, please","tier1","content-draft/viet/canonical-pages/tier-one/food-drink/food-need-table.json","4","11","5","ready","2","PASS","",""
"874","viet-phrase-food-not-spicy-clearer","food-not-spicy-clearer","Ít cay thôi","Less spicy, please","child","content-draft/viet/canonical-pages/tier-one/food-drink/food-not-spicy--food-not-spicy-clearer.json","5","6","3","ready","1","PASS","",""
"875","viet-phrase-food-peanut-allergy","food-peanut-allergy","Tôi bị dị ứng đậu phộng","I am allergic to peanuts","tier1","content-draft/viet/canonical-pages/tier-one/food-drink/food-peanut-allergy.json","5","12","4","ready","1","PASS","",""
"876","viet-phrase-food-premium-has-meat-in-it","food-premium-has-meat-in-it","Cái này có thịt trong đó.","This has meat in it.","catalog-promoted","content-draft/viet/canonical-pages/catalog-promoted/food-drink/food-premium-has-meat-in-it.json","3","5","7","ready","2","PASS","",""
"877","viet-phrase-food-premium-has-peanuts","food-premium-has-peanuts","Cái này có đậu phộng không?","Does this have peanuts?","catalog-promoted","content-draft/viet/canonical-pages/catalog-promoted/food-drink/food-premium-has-peanuts.json","3","5","6","ready","2","PASS","",""
"878","viet-phrase-food-premium-no-meat","food-premium-no-meat","Làm ơn đừng có thịt.","No meat, please.","catalog-promoted","content-draft/viet/canonical-pages/catalog-promoted/food-drink/food-premium-no-meat.json","3","5","5","ready","2","PASS","",""
"879","viet-phrase-food-premium-too-spicy-now","food-premium-too-spicy-now","Món này quá cay đối với tôi.","This is too spicy for me.","catalog-promoted","content-draft/viet/canonical-pages/catalog-promoted/food-drink/food-premium-too-spicy-now.json","3","5","8","ready","2","PASS","",""
"880","viet-phrase-food-premium-which-dish-safe","food-premium-which-dish-safe","Món ăn nào an toàn nhất cho người bị dị ứng này?","Which dish is safest for this allergy?","catalog-promoted","content-draft/viet/canonical-pages/catalog-promoted/food-drink/food-premium-which-dish-safe.json","3","5","9","ready","2","PASS","",""
"881","viet-phrase-food-premium-without-this-ingredient","food-premium-without-this-ingredient","Bạn có thể làm nó mà không cần thành phần này?","Can you make it without this ingredient?","catalog-promoted","content-draft/viet/canonical-pages/catalog-promoted/food-drink/food-premium-without-this-ingredient.json","3","5","11","ready","2","PASS","",""
"882","viet-phrase-food-vegetarian","food-vegetarian","Tôi ăn chay","I am vegetarian","tier1","content-draft/viet/canonical-pages/tier-one/food-drink/food-vegetarian.json","4","11","3","ready","1","PASS","",""
"883","viet-phrase-health-1","health-1","Nhà thuốc ở đâu?","Where is the pharmacy?","child","content-draft/viet/canonical-pages/tier-one/health-pharmacy/health-pharmacy--health-1.json","5","6","3","ready","1","PASS","",""
"884","viet-phrase-health-2","health-2","Tôi bị đau đầu","I have a headache","tier1","content-draft/viet/canonical-pages/tier-one/health-pharmacy/health-headache.json","4","7","4","ready","2","PASS","",""
"885","viet-phrase-health-3","health-3","Tôi đau bụng","My stomach hurts","tier1","content-draft/viet/canonical-pages/tier-one/health-pharmacy/health-stomach.json","4","7","3","ready","2","PASS","",""
"886","viet-phrase-health-4","health-4","Có thuốc say xe không?","Do you have motion sickness medicine?","tier1","content-draft/viet/canonical-pages/tier-one/health-pharmacy/health-motion-sickness.json","4","7","4","ready","2","PASS","",""
"887","viet-phrase-health-5","health-5","Tôi bị dị ứng cái này","I am allergic to this","tier1","content-draft/viet/canonical-pages/tier-one/health-pharmacy/health-allergy.json","4","7","5","ready","2","PASS","",""
"888","viet-phrase-health-6","health-6","Tôi cần thuốc tiêu chảy","I need something for diarrhea","tier1","content-draft/viet/canonical-pages/tier-one/health-pharmacy/health-diarrhea.json","4","7","5","ready","2","PASS","",""
"889","viet-phrase-health-pharmacy-clearer","health-pharmacy-clearer","Nhà thuốc gần nhất ở đâu?","Where is the nearest pharmacy?","tier1","content-draft/viet/canonical-pages/tier-one/health-pharmacy/health-pharmacy.json","5","8","4","ready","1","PASS","",""
"890","viet-phrase-hello-alo","hello-alo","Alô","Hello on the phone","catalog-promoted","content-draft/viet/canonical-pages/catalog-promoted/polite-basics/hello-alo.json","6","6","1","ready","3","PASS","",""
"891","viet-phrase-hello-chao","hello-chao","Chào","Hi / hello","catalog-promoted","content-draft/viet/canonical-pages/catalog-promoted/polite-basics/hello-chao.json","6","4","1","ready","2","PASS","",""
"892","viet-phrase-hello-chao-anh","hello-chao-anh","Chào anh","Hello to an older man","catalog-promoted","content-draft/viet/canonical-pages/catalog-promoted/polite-basics/hello-chao-anh.json","5","3","3","ready","3","PASS","",""
"893","viet-phrase-hello-chao-ba","hello-chao-ba","Chào bà","Hello to an elderly woman","catalog-promoted","content-draft/viet/canonical-pages/catalog-promoted/polite-basics/hello-chao-ba.json","5","1","3","ready","3","PASS","",""
"894","viet-phrase-hello-chao-ban","hello-chao-ban","Chào bạn","Hi there / hello friend","catalog-promoted","content-draft/viet/canonical-pages/catalog-promoted/polite-basics/hello-chao-ban.json","6","6","3","ready","2","PASS","",""
"895","viet-phrase-hello-chao-chi","hello-chao-chi","Chào chị","Hello to an older woman","catalog-promoted","content-draft/viet/canonical-pages/catalog-promoted/polite-basics/hello-chao-chi.json","5","3","3","ready","3","PASS","",""
"896","viet-phrase-hello-chao-chu","hello-chao-chu","Chào chú","Hello to an uncle-age man","catalog-promoted","content-draft/viet/canonical-pages/catalog-promoted/polite-basics/hello-chao-chu.json","5","1","3","ready","3","PASS","",""
"897","viet-phrase-hello-chao-co","hello-chao-co","Chào cô","Hello to an aunt-age woman","catalog-promoted","content-draft/viet/canonical-pages/catalog-promoted/polite-basics/hello-chao-co.json","5","1","3","ready","3","PASS","",""
"898","viet-phrase-hello-chao-em","hello-chao-em","Chào em","Hello to a younger person","catalog-promoted","content-draft/viet/canonical-pages/catalog-promoted/polite-basics/hello-chao-em.json","5","3","3","ready","3","PASS","",""
"899","viet-phrase-hello-chao-ong","hello-chao-ong","Chào ông","Hello to an elderly man","catalog-promoted","content-draft/viet/canonical-pages/catalog-promoted/polite-basics/hello-chao-ong.json","5","2","3","ready","3","PASS","",""
"900","viet-phrase-hello-da-chao-anh-chi","hello-da-chao-anh-chi","Dạ, chào anh/chị","Hello, sir or ma'am","catalog-promoted","content-draft/viet/canonical-pages/catalog-promoted/polite-basics/hello-da-chao-anh-chi.json","6","6","4","ready","3","PASS","",""
"901","viet-phrase-hello-good-afternoon","hello-good-afternoon","Chào buổi chiều","Good afternoon","catalog-promoted","content-draft/viet/canonical-pages/catalog-promoted/polite-basics/hello-good-afternoon.json","6","6","3","ready","2","PASS","",""
"902","viet-phrase-hello-good-morning","hello-good-morning","Chào buổi sáng","Good morning","catalog-promoted","content-draft/viet/canonical-pages/catalog-promoted/polite-basics/hello-good-morning.json","6","6","3","ready","2","PASS","",""
"903","viet-phrase-help-2","help-2","Gọi khách sạn giúp tôi","Please call the hotel for me","tier1","content-draft/viet/canonical-pages/tier-one/problems-help/help-call-hotel.json","4","5","5","ready","2","PASS","",""
"904","viet-phrase-help-3","help-3","Tôi cần quản lý","I need the manager","tier1","content-draft/viet/canonical-pages/tier-one/problems-help/help-manager.json","4","5","4","ready","2","PASS","",""
"905","viet-phrase-help-4","help-4","Tôi bị tính tiền hai lần","I was charged twice","catalog-promoted","content-draft/viet/canonical-pages/catalog-promoted/problems-help/help-4.json","3","5","6","ready","2","PASS","",""
"906","viet-phrase-help-5","help-5","Tôi cần làm biên bản","I need to file a report","catalog-promoted","content-draft/viet/canonical-pages/catalog-promoted/problems-help/help-5.json","3","5","6","ready","2","PASS","",""
"907","viet-phrase-help-need-help-direct","help-need-help-direct","Giúp tôi với","I need help","tier1","content-draft/viet/canonical-pages/tier-one/problems-help/help-need-help.json","4","5","4","ready","2","PASS","",""
"908","viet-phrase-help-premium-call-this-number","help-premium-call-this-number","Bạn có thể gọi số này hộ tôi được không?","Can you call this number for me?","catalog-promoted","content-draft/viet/canonical-pages/catalog-promoted/problems-help/help-premium-call-this-number.json","3","5","9","ready","2","PASS","",""
"909","viet-phrase-help-premium-come-with-me","help-premium-come-with-me","Bạn có thể đi cùng tôi được không?","Can you come with me?","catalog-promoted","content-draft/viet/canonical-pages/catalog-promoted/problems-help/help-premium-come-with-me.json","3","5","7","ready","2","PASS","",""
"910","viet-phrase-help-premium-contact-embassy","help-premium-contact-embassy","Bạn có thể giúp tôi liên hệ với đại sứ quán được không?","Can you help me contact the embassy?","catalog-promoted","content-draft/viet/canonical-pages/catalog-promoted/problems-help/help-premium-contact-embassy.json","3","5","9","ready","2","PASS","",""
"911","viet-phrase-help-premium-print-document","help-premium-print-document","Tôi cần một bản in của tài liệu này.","I need a printed copy of this document.","catalog-promoted","content-draft/viet/canonical-pages/catalog-promoted/problems-help/help-premium-print-document.json","3","5","9","ready","2","PASS","",""
"912","viet-phrase-help-premium-translate-for-me","help-premium-translate-for-me","Bạn có thể dịch giúp tôi được không?","Can you help translate for me?","catalog-promoted","content-draft/viet/canonical-pages/catalog-promoted/problems-help/help-premium-translate-for-me.json","3","5","7","ready","2","PASS","",""
"913","viet-phrase-hotel-1","hotel-1","Tôi có đặt phòng","I have a reservation","tier1","content-draft/viet/canonical-pages/tier-one/hotel-accommodation/hotel-reservation.json","4","8","4","ready","1","PASS","",""
"914","viet-phrase-hotel-2","hotel-2","Cho tôi nhận phòng","I’d like to check in","tier1","content-draft/viet/canonical-pages/tier-one/hotel-accommodation/hotel-check-in.json","5","9","4","ready","1","PASS","",""
"915","viet-phrase-hotel-3","hotel-3","Mấy giờ trả phòng?","What time is check-out?","tier1","content-draft/viet/canonical-pages/tier-one/hotel-accommodation/hotel-checkout-time.json","4","8","3","ready","2","PASS","",""
"916","viet-phrase-hotel-4","hotel-4","Phòng này nóng quá","This room is too hot","tier1","content-draft/viet/canonical-pages/tier-one/hotel-accommodation/hotel-room-hot.json","4","8","5","ready","2","PASS","",""
"917","viet-phrase-hotel-5","hotel-5","Máy lạnh không chạy","The air conditioner isn’t working","tier1","content-draft/viet/canonical-pages/tier-one/hotel-accommodation/hotel-aircon-broken.json","4","8","4","ready","2","PASS","",""
"918","viet-phrase-hotel-6","hotel-6","Cho tôi thêm khăn","More towels please","tier1","content-draft/viet/canonical-pages/tier-one/hotel-accommodation/hotel-more-supplies.json","5","9","5","ready","2","PASS","",""
"919","viet-phrase-hotel-7","hotel-7","Giữ hành lý giúp tôi","Please hold my luggage","tier1","content-draft/viet/canonical-pages/tier-one/hotel-accommodation/hotel-luggage.json","4","8","5","ready","1","PASS","",""
"920","viet-phrase-hotel-8","hotel-8","Thẻ phòng không mở được","The key card doesn’t work","catalog-promoted","content-draft/viet/canonical-pages/catalog-promoted/hotel-accommodation/hotel-8.json","3","5","5","ready","2","PASS","",""
"921","viet-phrase-hotel-9","hotel-9","Gọi taxi giúp tôi được không?","Can you call a taxi for me?","catalog-promoted","content-draft/viet/canonical-pages/catalog-promoted/hotel-accommodation/hotel-9.json","4","6","6","ready","2","PASS","",""
"922","viet-phrase-hotel-check-in-polite","hotel-check-in-polite","Cho tôi nhận phòng nhé","I’d like to check in, please","child","content-draft/viet/canonical-pages/tier-one/hotel-accommodation/hotel-check-in--hotel-check-in-polite.json","5","6","5","ready","1","PASS","",""
"923","viet-phrase-hotel-checkout","hotel-checkout","Cho tôi trả phòng","I’d like to check out","tier1","content-draft/viet/canonical-pages/tier-one/hotel-accommodation/hotel-checkout.json","4","8","4","ready","2","PASS","",""
"924","viet-phrase-hotel-more-supplies-paper","hotel-more-supplies-paper","Cho tôi thêm giấy vệ sinh được không?","Can I have more toilet paper?","child","content-draft/viet/canonical-pages/tier-one/hotel-accommodation/hotel-more-supplies--hotel-more-supplies-paper.json","5","6","6","ready","1","PASS","",""
"925","viet-phrase-hotel-premium-booking-wrong","hotel-premium-booking-wrong","Tôi nghĩ có vấn đề với việc đặt phòng của tôi.","I think there is a problem with my booking.","catalog-promoted","content-draft/viet/canonical-pages/catalog-promoted/hotel-accommodation/hotel-premium-booking-wrong.json","3","5","10","ready","2","PASS","",""
"926","viet-phrase-hotel-premium-different-room","hotel-premium-different-room","Tôi đã đặt một phòng khác.","I booked a different room.","catalog-promoted","content-draft/viet/canonical-pages/catalog-promoted/hotel-accommodation/hotel-premium-different-room.json","3","5","6","ready","2","PASS","",""
"927","viet-phrase-hotel-premium-late-checkout","hotel-premium-late-checkout","Tôi có thể trả phòng sau được không?","Can I check out later?","catalog-promoted","content-draft/viet/canonical-pages/catalog-promoted/hotel-accommodation/hotel-premium-late-checkout.json","3","5","6","ready","2","PASS","",""
"928","viet-phrase-hotel-premium-no-hot-water","hotel-premium-no-hot-water","Ở đây không có nước nóng.","There is no hot water.","catalog-promoted","content-draft/viet/canonical-pages/catalog-promoted/hotel-accommodation/hotel-premium-no-hot-water.json","3","5","6","ready","2","PASS","",""
"929","viet-phrase-hotel-premium-room-not-ready","hotel-premium-room-not-ready","Căn phòng vẫn chưa sẵn sàng.","The room is not ready yet.","catalog-promoted","content-draft/viet/canonical-pages/catalog-promoted/hotel-accommodation/hotel-premium-room-not-ready.json","3","5","6","ready","2","PASS","",""
"930","viet-phrase-hotel-premium-too-noisy","hotel-premium-too-noisy","Căn phòng quá ồn ào.","The room is too noisy.","catalog-promoted","content-draft/viet/canonical-pages/catalog-promoted/hotel-accommodation/hotel-premium-too-noisy.json","3","5","4","ready","2","PASS","",""
"931","viet-phrase-hotel-quiet-room","hotel-quiet-room","Cho tôi phòng yên tĩnh được không?","Can I have a quiet room?","catalog-promoted","content-draft/viet/canonical-pages/catalog-promoted/hotel-accommodation/hotel-quiet-room.json","3","5","5","ready","2","PASS","",""
"932","viet-phrase-how-are-you-anh","how-are-you-anh","Anh khỏe không?","How are you, older man?","catalog-promoted","content-draft/viet/canonical-pages/catalog-promoted/social-small-talk/how-are-you-anh.json","4","3","4","ready","2","PASS","",""
"933","viet-phrase-how-are-you-chi","how-are-you-chi","Chị khỏe không?","How are you, older woman?","catalog-promoted","content-draft/viet/canonical-pages/catalog-promoted/social-small-talk/how-are-you-chi.json","4","3","4","ready","2","PASS","",""
"934","viet-phrase-how-are-you-em","how-are-you-em","Em khỏe không?","How are you, younger person?","catalog-promoted","content-draft/viet/canonical-pages/catalog-promoted/social-small-talk/how-are-you-em.json","4","3","4","ready","2","PASS","",""
"935","viet-phrase-money-how-much-common","money-how-much-common","Cái này nhiêu tiền?","How much is this?","child","content-draft/viet/canonical-pages/tier-one/money-numbers-prices/money-how-much--money-how-much-common.json","5","6","5","ready","1","PASS","",""
"936","viet-phrase-money-premium-price-changed","money-premium-price-changed","Sao bây giờ giá lại khác thế?","Why is the price different now?","catalog-promoted","content-draft/viet/canonical-pages/catalog-promoted/money-numbers-prices/money-premium-price-changed.json","3","5","7","ready","2","PASS","",""
"937","viet-phrase-money-premium-service-included","money-premium-service-included","Dịch vụ đã được bao gồm chưa?","Is service already included?","catalog-promoted","content-draft/viet/canonical-pages/catalog-promoted/money-numbers-prices/money-premium-service-included.json","3","5","8","ready","2","PASS","",""
"938","viet-phrase-money-premium-split-payment","money-premium-split-payment","Chúng ta có thể chia tiền thanh toán được không?","Can we split the payment?","catalog-promoted","content-draft/viet/canonical-pages/catalog-promoted/money-numbers-prices/money-premium-split-payment.json","3","5","7","ready","2","PASS","",""
"939","viet-phrase-money-premium-total-wrong","money-premium-total-wrong","Tổng số này là sai.","This total is wrong.","catalog-promoted","content-draft/viet/canonical-pages/catalog-promoted/money-numbers-prices/money-premium-total-wrong.json","3","5","6","ready","2","PASS","",""
"940","viet-phrase-money-premium-what-fee","money-premium-what-fee","Khoản phí này dùng để làm gì?","What is this fee for?","catalog-promoted","content-draft/viet/canonical-pages/catalog-promoted/money-numbers-prices/money-premium-what-fee.json","3","5","7","ready","2","PASS","",""
"941","viet-phrase-money-premium-write-total","money-premium-write-total","Hãy viết tổng số ra.","Please write the total down.","catalog-promoted","content-draft/viet/canonical-pages/catalog-promoted/money-numbers-prices/money-premium-write-total.json","3","5","6","ready","2","PASS","",""
"942","viet-phrase-phone-1","phone-1","Mật khẩu Wi-Fi là gì?","What is the Wi-Fi password?","tier1","content-draft/viet/canonical-pages/tier-one/phone-internet-power/phone-wifi-password.json","5","8","4","ready","2","PASS","",""
"943","viet-phrase-phone-2","phone-2","Có bán SIM không?","Do you sell SIM cards?","tier1","content-draft/viet/canonical-pages/tier-one/phone-internet-power/phone-sim.json","4","7","4","ready","1","PASS","",""
"944","viet-phrase-phone-3","phone-3","Điện thoại tôi hết pin rồi","My phone battery is dead","tier1","content-draft/viet/canonical-pages/tier-one/phone-internet-power/phone-battery-dead.json","4","7","6","ready","2","PASS","",""
"945","viet-phrase-phone-4","phone-4","Có sạc không?","Do you have a charger?","tier1","content-draft/viet/canonical-pages/tier-one/phone-internet-power/phone-charger.json","4","7","4","ready","2","PASS","",""
"946","viet-phrase-phone-5","phone-5","Tôi sạc điện thoại ở đây được không?","Can I charge my phone here?","tier1","content-draft/viet/canonical-pages/tier-one/phone-internet-power/phone-charge-here.json","4","7","6","ready","2","PASS","",""
"947","viet-phrase-phone-6","phone-6","Tôi cần nạp thêm dữ liệu","I need a data top-up","catalog-promoted","content-draft/viet/canonical-pages/catalog-promoted/phone-internet-power/phone-6.json","3","5","7","ready","2","PASS","",""
"948","viet-phrase-phone-7","phone-7","eSIM của tôi không hoạt động","My eSIM is not working","catalog-promoted","content-draft/viet/canonical-pages/catalog-promoted/phone-internet-power/phone-7.json","3","5","4","ready","2","PASS","",""
"949","viet-phrase-phone-premium-activate-sim","phone-premium-activate-sim","Bạn có thể giúp tôi kích hoạt SIM được không?","Can you help me activate the SIM?","catalog-promoted","content-draft/viet/canonical-pages/catalog-promoted/phone-internet-power/phone-premium-activate-sim.json","3","5","9","ready","2","PASS","",""
"950","viet-phrase-phone-premium-data-not-working","phone-premium-data-not-working","Dữ liệu của tôi không hoạt động.","My data is not working.","catalog-promoted","content-draft/viet/canonical-pages/catalog-promoted/phone-internet-power/phone-premium-data-not-working.json","3","5","5","ready","2","PASS","",""
"951","viet-phrase-phone-premium-login-page-not-loading","phone-premium-login-page-not-loading","Trang đăng nhập Wi-Fi không tải.","The Wi-Fi login page is not loading.","catalog-promoted","content-draft/viet/canonical-pages/catalog-promoted/phone-internet-power/phone-premium-login-page-not-loading.json","3","5","6","ready","2","PASS","",""
"952","viet-phrase-phone-premium-no-signal","phone-premium-no-signal","Không có tín hiệu ở đây.","There is no signal here.","catalog-promoted","content-draft/viet/canonical-pages/catalog-promoted/phone-internet-power/phone-premium-no-signal.json","3","5","6","ready","2","PASS","",""
"953","viet-phrase-phone-premium-otp-not-arriving","phone-premium-otp-not-arriving","Mã xác minh không đến.","The verification code is not arriving.","catalog-promoted","content-draft/viet/canonical-pages/catalog-promoted/phone-internet-power/phone-premium-otp-not-arriving.json","3","5","4","ready","2","PASS","",""
"954","viet-phrase-phone-premium-password-not-working","phone-premium-password-not-working","Mật khẩu Wi-Fi không hoạt động.","The Wi-Fi password is not working.","catalog-promoted","content-draft/viet/canonical-pages/catalog-promoted/phone-internet-power/phone-premium-password-not-working.json","3","5","3","ready","2","PASS","",""
"955","viet-phrase-phone-wifi-common","phone-wifi-common","Pass Wi-Fi là gì?","What is the Wi-Fi password?","child","content-draft/viet/canonical-pages/tier-one/phone-internet-power/phone-wifi-password--phone-wifi-common.json","5","6","5","ready","1","PASS","",""
"956","viet-phrase-polite-1","polite-1","Xin chào","Hello","tier1","content-draft/viet/canonical-pages/tier-one/polite-basics/polite-hello.json","5","3","3","ready","2","PASS","",""
"957","viet-phrase-polite-2","polite-2","Cảm ơn","Thank you","tier1","content-draft/viet/canonical-pages/tier-one/polite-basics/polite-thank-you.json","6","12","1","ready","3","NEEDS_REVIEW","single_card_multiword_breakdown","needs_authored_review:Multiword phrase has only one breakdown card."
"958","viet-phrase-polite-3","polite-3","Dạ","Yes / polite acknowledgment","catalog-promoted","content-draft/viet/canonical-pages/catalog-promoted/polite-basics/acknowledge-da.json","4","3","1","ready","3","PASS","",""
"959","viet-phrase-polite-4","polite-4","Không, cảm ơn","No, thank you","catalog-promoted","content-draft/viet/canonical-pages/catalog-promoted/polite-basics/thank-you-khong-cam-on.json","5","6","3","ready","3","PASS","",""
"960","viet-phrase-polite-5","polite-5","Xin lỗi","Excuse me / sorry","tier1","content-draft/viet/canonical-pages/tier-one/polite-basics/polite-excuse-me.json","5","15","1","ready","5","NEEDS_REVIEW","single_card_multiword_breakdown","needs_authored_review:Multiword phrase has only one breakdown card."
"961","viet-phrase-polite-6","polite-6","Không sao đâu","It’s okay","tier1","content-draft/viet/canonical-pages/tier-one/polite-basics/polite-its-okay.json","5","15","3","ready","6","PASS","",""
"962","viet-phrase-polite-7","polite-7","Tạm biệt","Goodbye","tier1","content-draft/viet/canonical-pages/tier-one/polite-basics/polite-goodbye.json","5","15","3","ready","3","PASS","",""
"963","viet-phrase-polite-thank-you-polite","polite-thank-you-polite","Cảm ơn nhiều","Thank you very much","catalog-promoted","content-draft/viet/canonical-pages/catalog-promoted/polite-basics/thank-you-cam-on-nhieu.json","5","5","1","ready","1","NEEDS_REVIEW","single_card_multiword_breakdown","needs_authored_review:Multiword phrase has only one breakdown card."
"964","viet-phrase-price-1","price-1","Cái này bao nhiêu?","How much is this?","tier1","content-draft/viet/canonical-pages/tier-one/money-numbers-prices/money-how-much.json","5","9","4","ready","1","PASS","",""
"965","viet-phrase-price-2","price-2","Bao nhiêu một ký?","How much per kilo?","tier1","content-draft/viet/canonical-pages/tier-one/money-numbers-prices/money-per-kilo.json","4","8","4","ready","1","PASS","",""
"966","viet-phrase-price-3","price-3","Mắc quá","Too expensive","tier1","content-draft/viet/canonical-pages/tier-one/money-numbers-prices/money-too-expensive.json","4","8","3","ready","2","PASS","",""
"967","viet-phrase-price-4","price-4","Bớt chút được không?","Can you lower it a little?","tier1","content-draft/viet/canonical-pages/tier-one/money-numbers-prices/money-lower-price.json","4","8","4","ready","2","PASS","",""
"968","viet-phrase-price-5","price-5","Giá cuối bao nhiêu?","What’s your final price?","tier1","content-draft/viet/canonical-pages/tier-one/money-numbers-prices/money-final-price.json","4","8","4","ready","2","PASS","",""
"969","viet-phrase-price-6","price-6","Cho tôi xem cái khác","Show me another one","tier1","content-draft/viet/canonical-pages/tier-one/money-numbers-prices/money-another-one.json","4","8","6","ready","2","PASS","",""
"970","viet-phrase-price-7","price-7","Tôi lấy cái này","I’ll take this one","tier1","content-draft/viet/canonical-pages/tier-one/money-numbers-prices/money-take-this.json","4","8","5","ready","2","PASS","",""
"971","viet-phrase-price-8","price-8","Tổng cộng bao nhiêu?","How much altogether?","catalog-promoted","content-draft/viet/canonical-pages/catalog-promoted/money-numbers-prices/price-8.json","3","5","3","ready","2","PASS","",""
"972","viet-phrase-price-9","price-9","Có tiền lẻ không?","Do you have smaller bills?","catalog-promoted","content-draft/viet/canonical-pages/catalog-promoted/money-numbers-prices/price-9.json","3","5","4","ready","2","PASS","",""
"973","viet-phrase-problems-1","problems-1","Tôi bị lạc đường","I’m lost","tier1","content-draft/viet/canonical-pages/tier-one/problems-help/help-lost.json","4","5","4","ready","1","PASS","",""
"974","viet-phrase-problems-2","problems-2","Tôi không hiểu","I don’t understand","tier1","content-draft/viet/canonical-pages/tier-one/understanding-repair/repair-understand.json","5","7","4","ready","1","PASS","",""
"975","viet-phrase-problems-3","problems-3","Nói chậm chút được không?","Can you speak a little slower?","tier1","content-draft/viet/canonical-pages/tier-one/understanding-repair/repair-slower.json","5","8","4","ready","1","PASS","",""
"976","viet-phrase-problems-4","problems-4","Tôi quên đồ rồi","I left something behind","tier1","content-draft/viet/canonical-pages/tier-one/problems-help/help-left-something.json","4","5","5","ready","1","PASS","",""
"977","viet-phrase-problems-6","problems-6","Tôi cần bác sĩ","I need a doctor","tier1","content-draft/viet/canonical-pages/tier-one/health-pharmacy/health-doctor.json","4","7","4","ready","1","PASS","",""
"978","viet-phrase-repair-1","repair-1","Làm ơn nói lại","Please say that again","tier1","content-draft/viet/canonical-pages/tier-one/understanding-repair/repair-repeat.json","4","7","3","ready","3","PASS","",""
"979","viet-phrase-repair-2","repair-2","Viết xuống giúp tôi","Please write it down","tier1","content-draft/viet/canonical-pages/tier-one/understanding-repair/repair-write-down.json","4","7","4","ready","3","PASS","",""
"980","viet-phrase-repair-3","repair-3","Cái đó nghĩa là gì?","What does that mean?","tier1","content-draft/viet/canonical-pages/tier-one/understanding-repair/repair-meaning.json","4","7","6","ready","2","PASS","",""
"981","viet-phrase-repair-4","repair-4","Ý anh/chị là cái nào?","Which one do you mean?","catalog-promoted","content-draft/viet/canonical-pages/catalog-promoted/understanding-repair/repair-4.json","3","5","6","ready","2","PASS","",""
"982","viet-phrase-repair-5","repair-5","Chỉ trên bản đồ giúp tôi được không?","Can you show me on the map?","catalog-promoted","content-draft/viet/canonical-pages/catalog-promoted/understanding-repair/repair-5.json","3","5","7","ready","3","PASS","",""
"983","viet-phrase-repair-6","repair-6","Làm ơn nói lại số đó","Please say the number again","tier1","content-draft/viet/canonical-pages/tier-one/understanding-repair/repair-number.json","5","8","5","ready","1","PASS","",""
"984","viet-phrase-repair-english-help","repair-english-help","Anh/chị nói tiếng Anh không?","Do you speak English?","tier1","content-draft/viet/canonical-pages/tier-one/understanding-repair/repair-english-help.json","5","8","5","ready","1","PASS","",""
"985","viet-phrase-repair-english-help-self-limit","repair-english-help-self-limit","Xin lỗi, tôi không nói tiếng Việt","Sorry, I don’t speak Vietnamese","child","content-draft/viet/canonical-pages/tier-one/understanding-repair/repair-english-help--repair-english-help-self-limit.json","5","6","6","ready","1","PASS","",""
"986","viet-phrase-repair-number-amount","repair-number-amount","Anh/chị vừa nói bao nhiêu?","How much did you say?","child","content-draft/viet/canonical-pages/tier-one/understanding-repair/repair-number--repair-number-amount.json","5","6","5","ready","1","PASS","",""
"987","viet-phrase-repair-premium-simpler-words","repair-premium-simpler-words","Bạn có thể sử dụng những từ đơn giản hơn?","Can you use simpler words?","catalog-promoted","content-draft/viet/canonical-pages/catalog-promoted/understanding-repair/repair-premium-simpler-words.json","3","5","9","ready","2","PASS","",""
"988","viet-phrase-repair-premium-spell-name","repair-premium-spell-name","Bạn có thể đánh vần tên cho tôi được không?","Can you spell the name for me?","catalog-promoted","content-draft/viet/canonical-pages/catalog-promoted/understanding-repair/repair-premium-spell-name.json","3","5","9","ready","2","PASS","",""
"989","viet-phrase-repair-premium-text-me","repair-premium-text-me","Bạn có thể nhắn tin cho tôi được không?","Can you text it to me?","catalog-promoted","content-draft/viet/canonical-pages/catalog-promoted/understanding-repair/repair-premium-text-me.json","3","5","8","ready","2","PASS","",""
"990","viet-phrase-repair-premium-time-exact","repair-premium-time-exact","Chính xác là mấy giờ?","What time exactly?","catalog-promoted","content-draft/viet/canonical-pages/catalog-promoted/understanding-repair/repair-premium-time-exact.json","3","5","4","ready","2","PASS","",""
"991","viet-phrase-repair-premium-type-phone","repair-premium-type-phone","Bạn có thể gõ nó trên điện thoại của bạn?","Can you type it on your phone?","catalog-promoted","content-draft/viet/canonical-pages/catalog-promoted/understanding-repair/repair-premium-type-phone.json","3","5","8","ready","2","PASS","",""
"992","viet-phrase-repair-premium-which-exit","repair-premium-which-exit","Đó là lối ra nào?","Which exit is it?","catalog-promoted","content-draft/viet/canonical-pages/catalog-promoted/understanding-repair/repair-premium-which-exit.json","3","5","5","ready","2","PASS","",""
"993","viet-phrase-repair-show-me","repair-show-me","Chỉ cho tôi được không?","Can you show me?","catalog-promoted","content-draft/viet/canonical-pages/catalog-promoted/understanding-repair/repair-show-me.json","3","5","5","ready","2","PASS","",""
"994","viet-phrase-repair-slower-polite","repair-slower-polite","Nói chậm giúp tôi được không?","Could you speak a little slower, please?","child","content-draft/viet/canonical-pages/tier-one/understanding-repair/repair-slower--repair-slower-polite.json","5","6","5","ready","1","PASS","",""
"995","viet-phrase-repair-translate-this","repair-translate-this","Dịch giúp tôi cái này được không?","Can you translate this for me?","catalog-promoted","content-draft/viet/canonical-pages/catalog-promoted/understanding-repair/repair-translate-this.json","3","5","7","ready","2","PASS","",""
"996","viet-phrase-service-8","service-8","In cái này được không?","Can I print this?","catalog-promoted","content-draft/viet/canonical-pages/catalog-promoted/local-services-everyday-tasks/service-8.json","3","5","5","ready","2","PASS","",""
"997","viet-phrase-service-9","service-9","Châm thêm nước vào chai này được không?","Can you refill this water bottle?","catalog-promoted","content-draft/viet/canonical-pages/catalog-promoted/local-services-everyday-tasks/service-9.json","3","5","8","ready","2","PASS","",""
"998","viet-phrase-shop-1","shop-1","Tôi muốn cỡ này","I want this size","tier1","content-draft/viet/canonical-pages/tier-one/shopping/shopping-size.json","4","6","5","ready","1","PASS","",""
"999","viet-phrase-shop-2","shop-2","Có màu khác không?","Do you have another color?","tier1","content-draft/viet/canonical-pages/tier-one/shopping/shopping-color.json","4","6","5","ready","1","PASS","",""
"1000","viet-phrase-shop-3","shop-3","Tôi thử cái này được không?","Can I try this on?","tier1","content-draft/viet/canonical-pages/tier-one/shopping/shopping-try-on.json","4","6","6","ready","1","PASS","",""
"1001","viet-phrase-shop-4","shop-4","Tôi chỉ xem thôi","I’m just looking","tier1","content-draft/viet/canonical-pages/tier-one/shopping/shopping-just-looking.json","4","6","5","ready","2","PASS","",""
"1002","viet-phrase-shop-5","shop-5","Trả ở đâu?","Where do I pay?","tier1","content-draft/viet/canonical-pages/tier-one/shopping/shopping-pay-where.json","4","6","3","ready","2","PASS","",""
"1003","viet-phrase-shop-6","shop-6","Tôi muốn đổi cái này","I want to exchange this","catalog-promoted","content-draft/viet/canonical-pages/catalog-promoted/shopping/shop-6.json","3","5","6","ready","2","PASS","",""
"1004","viet-phrase-sight-1","sight-1","Vé bao nhiêu?","How much is the ticket?","tier1","content-draft/viet/canonical-pages/tier-one/sightseeing-activities/sight-ticket.json","4","5","3","ready","1","PASS","",""
"1005","viet-phrase-sight-2","sight-2","Bắt đầu ở đâu?","Where do we start?","tier1","content-draft/viet/canonical-pages/tier-one/sightseeing-activities/sight-start.json","4","5","3","ready","1","PASS","",""
"1006","viet-phrase-sight-3","sight-3","Tôi chụp hình ở đây được không?","Can I take photos here?","tier1","content-draft/viet/canonical-pages/tier-one/sightseeing-activities/sight-photos.json","4","5","7","ready","1","PASS","",""
"1007","viet-phrase-sight-4","sight-4","Mấy giờ đóng cửa?","What time does it close?","tier1","content-draft/viet/canonical-pages/tier-one/sightseeing-activities/sight-close.json","4","5","3","ready","2","PASS","",""
"1008","viet-phrase-sight-5","sight-5","Điểm gặp ở đâu?","Where is the meeting point?","tier1","content-draft/viet/canonical-pages/tier-one/sightseeing-activities/sight-meeting-point.json","4","5","4","ready","2","PASS","",""
"1009","viet-phrase-sight-6","sight-6","Tôi cần đặt trước không?","Do I need to book in advance?","catalog-promoted","content-draft/viet/canonical-pages/catalog-promoted/sightseeing-activities/sight-6.json","3","5","6","ready","2","PASS","",""
"1010","viet-phrase-smalltalk-1","smalltalk-1","Tôi đến từ Mỹ","I’m from the United States","tier1","content-draft/viet/canonical-pages/tier-one/social-small-talk/social-from-us.json","4","10","5","ready","1","PASS","",""
"1011","viet-phrase-smalltalk-2","smalltalk-2","Tôi từ Anh","I’m from England","tier1","content-draft/viet/canonical-pages/tier-one/social-small-talk/social-from-uk.json","4","10","4","ready","1","PASS","",""
"1012","viet-phrase-smalltalk-3","smalltalk-3","Đây là lần đầu của tôi","This is my first time","tier1","content-draft/viet/canonical-pages/tier-one/social-small-talk/social-first-time.json","4","10","6","ready","1","PASS","",""
"1013","viet-phrase-smalltalk-4","smalltalk-4","Tôi thích Việt Nam","I like Vietnam","tier1","content-draft/viet/canonical-pages/tier-one/social-small-talk/social-like-vietnam.json","4","10","4","ready","2","PASS","",""
"1014","viet-phrase-smalltalk-5","smalltalk-5","Đồ ăn ngon quá","The food is so good","tier1","content-draft/viet/canonical-pages/tier-one/social-small-talk/social-food-good.json","4","10","5","ready","2","PASS","",""
"1015","viet-phrase-smalltalk-6","smalltalk-6","Thời tiết nóng quá","The weather is so hot","tier1","content-draft/viet/canonical-pages/tier-one/social-small-talk/social-weather-hot.json","4","10","4","ready","2","PASS","",""
"1016","viet-phrase-smalltalk-7","smalltalk-7","Bạn khỏe không?","How are you?","catalog-promoted","content-draft/viet/canonical-pages/catalog-promoted/social-small-talk/how-are-you-ban.json","5","6","4","ready","3","PASS","",""
"1017","viet-phrase-smalltalk-di-dau-day","smalltalk-di-dau-day","Đi đâu đấy?","Where are you going?","catalog-promoted","content-draft/viet/canonical-pages/catalog-promoted/social-small-talk/smalltalk-di-dau-day.json","4","6","4","ready","3","PASS","",""
"1018","viet-phrase-smalltalk-nice-to-meet-you","smalltalk-nice-to-meet-you","Rất vui được gặp bạn","Nice to meet you","catalog-promoted","content-draft/viet/canonical-pages/catalog-promoted/social-small-talk/smalltalk-nice-to-meet-you.json","5","5","6","ready","3","PASS","",""
"1019","viet-phrase-social-8","social-8","Bạn ở đây bao lâu?","How long are you staying?","catalog-promoted","content-draft/viet/canonical-pages/catalog-promoted/social-small-talk/social-8.json","3","5","5","ready","2","PASS","",""
"1020","viet-phrase-social-9","social-9","Bạn gợi ý gì ở đây?","What do you recommend here?","catalog-promoted","content-draft/viet/canonical-pages/catalog-promoted/social-small-talk/social-9.json","3","5","6","ready","2","PASS","",""
"1021","viet-phrase-store-1","store-1","Cho tôi chai nước","A bottle of water please","tier1","content-draft/viet/canonical-pages/tier-one/local-services-everyday-tasks/service-water.json","4","7","5","ready","1","PASS","",""
"1022","viet-phrase-store-2","store-2","Có túi không?","Do you have a bag?","tier1","content-draft/viet/canonical-pages/tier-one/local-services-everyday-tasks/service-bag.json","4","7","4","ready","1","PASS","",""
"1023","viet-phrase-store-3","store-3","Cho tôi khăn giấy","Tissues please","tier1","content-draft/viet/canonical-pages/tier-one/local-services-everyday-tasks/service-tissues.json","4","7","4","ready","1","PASS","",""
"1024","viet-phrase-store-4","store-4","Ở đâu có kem chống nắng?","Where is the sunscreen?","tier1","content-draft/viet/canonical-pages/tier-one/local-services-everyday-tasks/service-sunscreen.json","4","7","4","ready","2","PASS","",""
"1025","viet-phrase-store-5","store-5","Mở cái này giúp tôi","Please open this for me","tier1","content-draft/viet/canonical-pages/tier-one/local-services-everyday-tasks/service-open-this.json","4","7","6","ready","2","PASS","",""
"1026","viet-phrase-store-6","store-6","Tôi quẹt thẻ được không?","Can I pay by card?","tier1","content-draft/viet/canonical-pages/tier-one/local-services-everyday-tasks/service-card.json","4","7","5","ready","2","PASS","",""
"1027","viet-phrase-store-7","store-7","Cho tôi hóa đơn","Please give me the receipt","tier1","content-draft/viet/canonical-pages/tier-one/local-services-everyday-tasks/service-receipt.json","4","7","4","ready","2","PASS","",""
"1028","viet-phrase-taxi-1","taxi-1","Cho tôi tới đây","Take me here","tier1","content-draft/viet/canonical-pages/tier-one/transport/transport-destination.json","4","9","5","ready","2","PASS","",""
"1029","viet-phrase-taxi-2","taxi-2","Đi quận 1","Go to District 1","tier1","content-draft/viet/canonical-pages/tier-one/transport/transport-main-destination.json","4","9","3","ready","1","PASS","",""
"1030","viet-phrase-taxi-3","taxi-3","Dừng ở đây được rồi","You can stop here","tier1","content-draft/viet/canonical-pages/tier-one/transport/transport-stop-here.json","5","10","5","ready","2","PASS","",""
"1031","viet-phrase-taxi-4","taxi-4","Đi đường này đi","Go this way","tier1","content-draft/viet/canonical-pages/tier-one/transport/transport-route.json","4","9","5","ready","2","PASS","",""
"1032","viet-phrase-taxi-5","taxi-5","Mở máy lạnh giúp tôi","Please turn on the air conditioning","tier1","content-draft/viet/canonical-pages/tier-one/transport/transport-aircon.json","4","9","5","ready","2","PASS","",""
"1033","viet-phrase-taxi-6","taxi-6","Chờ tôi năm phút","Wait for me five minutes","tier1","content-draft/viet/canonical-pages/tier-one/transport/transport-wait.json","4","9","5","ready","2","PASS","",""
"1034","viet-phrase-taxi-7","taxi-7","Tôi trả bằng tiền mặt","I’ll pay cash","tier1","content-draft/viet/canonical-pages/tier-one/transport/transport-cash.json","4","9","5","ready","2","PASS","",""
"1035","viet-phrase-time-1","time-1","Mấy giờ?","What time?","tier1","content-draft/viet/canonical-pages/tier-one/time-dates-booking/time-what-time.json","4","6","1","ready","1","NEEDS_REVIEW","single_card_multiword_breakdown","needs_authored_review:Multiword phrase has only one breakdown card."
"1036","viet-phrase-time-2","time-2","Hôm nay","Today","tier1","content-draft/viet/canonical-pages/tier-one/time-dates-booking/time-today.json","4","6","1","ready","1","NEEDS_REVIEW","single_card_multiword_breakdown","needs_authored_review:Multiword phrase has only one breakdown card."
"1037","viet-phrase-time-3","time-3","Sáng mai","Tomorrow morning","tier1","content-draft/viet/canonical-pages/tier-one/time-dates-booking/time-tomorrow-morning.json","4","6","3","ready","1","PASS","",""
"1038","viet-phrase-time-4","time-4","Tôi có đặt chỗ","I have a booking","tier1","content-draft/viet/canonical-pages/tier-one/time-dates-booking/time-have-booking.json","4","6","4","ready","2","PASS","",""
"1039","viet-phrase-time-5","time-5","Mấy giờ mở cửa?","What time does it open?","tier1","content-draft/viet/canonical-pages/tier-one/time-dates-booking/time-open.json","4","6","3","ready","2","PASS","",""
"1040","viet-phrase-time-6","time-6","Dời lại muộn hơn được không?","Can we move it later?","catalog-promoted","content-draft/viet/canonical-pages/catalog-promoted/time-dates-booking/time-6.json","3","5","5","ready","2","PASS","",""
"1041","viet-phrase-time-7","time-7","Mấy giờ bắt đầu lên máy bay?","What time does boarding start?","catalog-promoted","content-draft/viet/canonical-pages/catalog-promoted/time-dates-booking/time-7.json","3","5","5","ready","2","PASS","",""
"1042","viet-phrase-transport-1","transport-1","Đây có đúng bến không?","Is this the right platform?","catalog-promoted","content-draft/viet/canonical-pages/catalog-promoted/transport/transport-1.json","3","5","6","ready","2","PASS","",""
"1043","viet-phrase-transport-2","transport-2","Xe này có đi tới… không?","Does this bus go to…?","catalog-promoted","content-draft/viet/canonical-pages/catalog-promoted/transport/transport-2.json","3","5","7","ready","2","PASS","",""
"1044","viet-phrase-transport-fare","transport-fare","Tiền xe bao nhiêu?","How much is the fare?","tier1","content-draft/viet/canonical-pages/tier-one/transport/transport-fare.json","4","8","4","ready","1","PASS","",""
"1045","viet-phrase-transport-lost","transport-lost","Tôi nghĩ chúng ta bị lạc rồi","I think we are lost","tier1","content-draft/viet/canonical-pages/tier-one/transport/transport-lost.json","4","8","7","ready","1","PASS","",""
"1046","viet-phrase-transport-meter","transport-meter","Làm ơn bật đồng hồ giúp tôi","Please use the meter","tier1","content-draft/viet/canonical-pages/tier-one/transport/transport-meter.json","4","8","7","ready","1","PASS","",""
"1047","viet-phrase-transport-premium-luggage-trunk","transport-premium-luggage-trunk","Hành lý của tôi ở trong cốp xe.","My luggage is in the trunk.","catalog-promoted","content-draft/viet/canonical-pages/catalog-promoted/transport/transport-premium-luggage-trunk.json","3","5","7","ready","2","PASS","",""
"1048","viet-phrase-transport-premium-route-wrong","transport-premium-route-wrong","Tuyến đường này sai.","This route is wrong.","catalog-promoted","content-draft/viet/canonical-pages/catalog-promoted/transport/transport-premium-route-wrong.json","3","5","5","ready","2","PASS","",""
"1049","viet-phrase-transport-premium-turn-around","transport-premium-turn-around","Xin hãy quay lại.","Please turn around.","catalog-promoted","content-draft/viet/canonical-pages/catalog-promoted/transport/transport-premium-turn-around.json","3","5","4","ready","2","PASS","",""
"1050","viet-phrase-transport-premium-wait-here","transport-premium-wait-here","Xin hãy đợi ở đây, tôi đang tới.","Please wait here, I am coming.","catalog-promoted","content-draft/viet/canonical-pages/catalog-promoted/transport/transport-premium-wait-here.json","3","5","9","ready","2","PASS","",""
"1051","viet-phrase-transport-premium-wrong-car","transport-premium-wrong-car","Đây không phải là xe của tôi.","This is not my car.","catalog-promoted","content-draft/viet/canonical-pages/catalog-promoted/transport/transport-premium-wrong-car.json","3","5","7","ready","2","PASS","",""
"1052","viet-phrase-transport-premium-wrong-pickup-point","transport-premium-wrong-pickup-point","Đây có phải là điểm đón phù hợp không?","Is this the right pickup point?","catalog-promoted","content-draft/viet/canonical-pages/catalog-promoted/transport/transport-premium-wrong-pickup-point.json","3","6","9","ready","2","PASS","",""
"1053","viet-phrase-transport-stop-here-clearer","transport-stop-here-clearer","Cho tôi xuống ngay đây","Please stop right here","child","content-draft/viet/canonical-pages/tier-one/transport/transport-stop-here--transport-stop-here-clearer.json","5","6","6","ready","1","PASS","",""
"1054","viet-phrase-v500-airp-bord-arri-can-i-get-a-written-report","v500-airp-bord-arri-can-i-get-a-written-report","Tôi có thể nhận được một báo cáo bằng văn bản không?","Can I get a written report?","catalog-promoted","content-draft/viet/canonical-pages/catalog-promoted/airport-border-arrival/v500-airp-bord-arri-can-i-get-a-written-report.json","3","5","9","ready","2","PASS","",""
"1055","viet-phrase-v500-airp-bord-arri-can-i-show-it-on-my-phone","v500-airp-bord-arri-can-i-show-it-on-my-phone","Tôi có thể hiển thị nó trên điện thoại của tôi không?","Can I show it on my phone?","catalog-promoted","content-draft/viet/canonical-pages/catalog-promoted/airport-border-arrival/v500-airp-bord-arri-can-i-show-it-on-my-phone.json","3","5","9","ready","2","PASS","",""
"1056","viet-phrase-v500-airp-bord-arri-here-is-my-passport","v500-airp-bord-arri-here-is-my-passport","Đây là hộ chiếu của tôi","Here is my passport","tier1","content-draft/viet/canonical-pages/tier-one/airport-border-arrival/v500-airp-bord-arri-here-is-my-passport.json","4","7","5","ready","1","PASS","",""
"1057","viet-phrase-v500-airp-bord-arri-here-is-my-visa","v500-airp-bord-arri-here-is-my-visa","Đây là thị thực của tôi","Here is my visa","tier1","content-draft/viet/canonical-pages/tier-one/airport-border-arrival/v500-airp-bord-arri-here-is-my-visa.json","4","7","5","ready","2","PASS","",""
"1058","viet-phrase-v500-airp-bord-arri-how-much-to-district-1","v500-airp-bord-arri-how-much-to-district-1","Đến Quận 1 bao nhiêu?","How much to District 1?","catalog-promoted","content-draft/viet/canonical-pages/catalog-promoted/airport-border-arrival/v500-airp-bord-arri-how-much-to-district-1.json","3","5","4","ready","2","PASS","",""
"1059","viet-phrase-v500-airp-bord-arri-i-am-here-for-tourism","v500-airp-bord-arri-i-am-here-for-tourism","Tôi đến đây để du lịch","I am here for tourism","catalog-promoted","content-draft/viet/canonical-pages/catalog-promoted/airport-border-arrival/v500-airp-bord-arri-i-am-here-for-tourism.json","3","5","6","ready","2","PASS","",""
"1060","viet-phrase-v500-airp-bord-arri-i-am-staying-at-this-hotel","v500-airp-bord-arri-i-am-staying-at-this-hotel","Tôi đang ở khách sạn này","I am staying at this hotel","catalog-promoted","content-draft/viet/canonical-pages/catalog-promoted/airport-border-arrival/v500-airp-bord-arri-i-am-staying-at-this-hotel.json","3","5","5","ready","2","PASS","",""
"1061","viet-phrase-v500-airp-bord-arri-i-cannot-find-my-driver","v500-airp-bord-arri-i-cannot-find-my-driver","Tôi không thể tìm thấy trình điều khiển của mình","I cannot find my driver","catalog-promoted","content-draft/viet/canonical-pages/catalog-promoted/airport-border-arrival/v500-airp-bord-arri-i-cannot-find-my-driver.json","3","5","7","ready","2","PASS","",""
"1062","viet-phrase-v500-airp-bord-arri-i-dont-have-a-printed-copy","v500-airp-bord-arri-i-dont-have-a-printed-copy","Tôi không có bản in","I don’t have a printed copy","catalog-promoted","content-draft/viet/canonical-pages/catalog-promoted/airport-border-arrival/v500-airp-bord-arri-i-dont-have-a-printed-copy.json","3","5","5","ready","2","PASS","",""
"1063","viet-phrase-v500-airp-bord-arri-i-need-to-report-lost-luggage","v500-airp-bord-arri-i-need-to-report-lost-luggage","Tôi cần báo cáo hành lý thất lạc","I need to report lost luggage","catalog-promoted","content-draft/viet/canonical-pages/catalog-promoted/airport-border-arrival/v500-airp-bord-arri-i-need-to-report-lost-luggage.json","3","5","6","ready","2","PASS","",""
"1064","viet-phrase-v500-airp-bord-arri-i-will-stay-for-five-days","v500-airp-bord-arri-i-will-stay-for-five-days","Tôi sẽ ở lại năm ngày","I will stay for five days","catalog-promoted","content-draft/viet/canonical-pages/catalog-promoted/airport-border-arrival/v500-airp-bord-arri-i-will-stay-for-five-days.json","3","5","6","ready","2","PASS","",""
"1065","viet-phrase-v500-airp-bord-arri-my-bag-is-damaged","v500-airp-bord-arri-my-bag-is-damaged","Túi của tôi bị hỏng","My bag is damaged","catalog-promoted","content-draft/viet/canonical-pages/catalog-promoted/airport-border-arrival/v500-airp-bord-arri-my-bag-is-damaged.json","3","5","4","ready","2","PASS","",""
"1066","viet-phrase-v500-airp-bord-arri-my-driver-canceled","v500-airp-bord-arri-my-driver-canceled","Tài xế của tôi đã hủy","My driver canceled","catalog-promoted","content-draft/viet/canonical-pages/catalog-promoted/airport-border-arrival/v500-airp-bord-arri-my-driver-canceled.json","3","5","5","ready","2","PASS","",""
"1067","viet-phrase-v500-airp-bord-arri-my-suitcase-is-missing","v500-airp-bord-arri-my-suitcase-is-missing","Vali của tôi bị mất","My suitcase is missing","catalog-promoted","content-draft/viet/canonical-pages/catalog-promoted/airport-border-arrival/v500-airp-bord-arri-my-suitcase-is-missing.json","3","5","4","ready","2","PASS","",""
"1068","viet-phrase-v500-airp-bord-arri-please-take-me-to-the-hotel-listed-on-this-booki","v500-airp-bord-arri-please-take-me-to-the-hotel-listed-on-this-booki","Vui lòng đưa tôi đến khách sạn được liệt kê trong đặt phòng này.","Please take me to the hotel listed on this booking.","catalog-promoted","content-draft/viet/canonical-pages/catalog-promoted/airport-border-arrival/v500-airp-bord-arri-please-take-me-to-the-hotel-listed-on-this-booki.json","3","5","11","ready","2","PASS","",""
"1069","viet-phrase-v500-airp-bord-arri-someone-took-the-wrong-bag","v500-airp-bord-arri-someone-took-the-wrong-bag","Có người lấy nhầm túi","Someone took the wrong bag","catalog-promoted","content-draft/viet/canonical-pages/catalog-promoted/airport-border-arrival/v500-airp-bord-arri-someone-took-the-wrong-bag.json","3","5","6","ready","2","PASS","",""
"1070","viet-phrase-v500-airp-bord-arri-this-is-my-baggage-tag","v500-airp-bord-arri-this-is-my-baggage-tag","Đây là thẻ hành lý của tôi","This is my baggage tag","catalog-promoted","content-draft/viet/canonical-pages/catalog-promoted/airport-border-arrival/v500-airp-bord-arri-this-is-my-baggage-tag.json","3","5","5","ready","2","PASS","",""
"1071","viet-phrase-v500-airp-bord-arri-when-will-it-arrive","v500-airp-bord-arri-when-will-it-arrive","Khi nào nó sẽ đến?","When will it arrive?","catalog-promoted","content-draft/viet/canonical-pages/catalog-promoted/airport-border-arrival/v500-airp-bord-arri-when-will-it-arrive.json","3","5","5","ready","2","PASS","",""
"1072","viet-phrase-v500-airp-bord-arri-where-do-i-sign","v500-airp-bord-arri-where-do-i-sign","Tôi ký ở đâu?","Where do I sign?","catalog-promoted","content-draft/viet/canonical-pages/catalog-promoted/airport-border-arrival/v500-airp-bord-arri-where-do-i-sign.json","3","5","4","ready","2","PASS","",""
"1073","viet-phrase-v500-airp-bord-arri-where-is-gate-10","v500-airp-bord-arri-where-is-gate-10","Cổng 10 ở đâu?","Where is gate 10?","catalog-promoted","content-draft/viet/canonical-pages/catalog-promoted/airport-border-arrival/v500-airp-bord-arri-where-is-gate-10.json","3","5","4","ready","2","PASS","",""
"1074","viet-phrase-v500-airp-bord-arri-where-is-the-atm","v500-airp-bord-arri-where-is-the-atm","ATM ở đâu?","Where is the ATM?","tier1","content-draft/viet/canonical-pages/tier-one/airport-border-arrival/v500-airp-bord-arri-where-is-the-atm.json","4","7","3","ready","2","PASS","",""
"1075","viet-phrase-v500-airp-bord-arri-where-is-the-taxi-counter","v500-airp-bord-arri-where-is-the-taxi-counter","Quầy taxi ở đâu?","Where is the taxi counter?","catalog-promoted","content-draft/viet/canonical-pages/catalog-promoted/airport-border-arrival/v500-airp-bord-arri-where-is-the-taxi-counter.json","3","6","3","ready","2","PASS","",""
"1076","viet-phrase-v500-bath-pers-need-do-you-have-hand-sanitizer","v500-bath-pers-need-do-you-have-hand-sanitizer","Bạn có nước rửa tay khô không?","Do you have hand sanitizer?","catalog-promoted","content-draft/viet/canonical-pages/catalog-promoted/bathroom-personal-needs/v500-bath-pers-need-do-you-have-hand-sanitizer.json","3","5","6","ready","2","PASS","",""
"1077","viet-phrase-v500-bath-pers-need-is-there-a-public-bathroom-nearby","v500-bath-pers-need-is-there-a-public-bathroom-nearby","Có phòng tắm công cộng nào gần đây không?","Is there a public bathroom nearby?","catalog-promoted","content-draft/viet/canonical-pages/catalog-promoted/bathroom-personal-needs/v500-bath-pers-need-is-there-a-public-bathroom-nearby.json","3","5","7","ready","2","PASS","",""
"1078","viet-phrase-v500-bath-pers-need-where-can-i-buy-shampoo","v500-bath-pers-need-where-can-i-buy-shampoo","Tôi có thể mua dầu gội ở đâu?","Where can I buy shampoo?","catalog-promoted","content-draft/viet/canonical-pages/catalog-promoted/bathroom-personal-needs/v500-bath-pers-need-where-can-i-buy-shampoo.json","3","5","6","ready","2","PASS","",""
"1079","viet-phrase-v500-bath-pers-need-where-can-i-buy-toothpaste","v500-bath-pers-need-where-can-i-buy-toothpaste","Tôi có thể mua kem đánh răng ở đâu?","Where can I buy toothpaste?","catalog-promoted","content-draft/viet/canonical-pages/catalog-promoted/bathroom-personal-needs/v500-bath-pers-need-where-can-i-buy-toothpaste.json","3","5","6","ready","2","PASS","",""
"1080","viet-phrase-v500-bath-pers-need-where-can-i-wash-my-hands","v500-bath-pers-need-where-can-i-wash-my-hands","Tôi có thể rửa tay ở đâu?","Where can I wash my hands?","catalog-promoted","content-draft/viet/canonical-pages/catalog-promoted/bathroom-personal-needs/v500-bath-pers-need-where-can-i-wash-my-hands.json","3","5","6","ready","2","PASS","",""
"1081","viet-phrase-v500-dire-navi-can-i-walk-there","v500-dire-navi-can-i-walk-there","Tôi có thể đi bộ tới đó được không?","Can I walk there?","catalog-promoted","content-draft/viet/canonical-pages/catalog-promoted/directions-navigation/v500-dire-navi-can-i-walk-there.json","3","5","7","ready","2","PASS","",""
"1082","viet-phrase-v500-dire-navi-can-you-help-me-get-back-to-my-hotel","v500-dire-navi-can-you-help-me-get-back-to-my-hotel","Bạn có thể giúp tôi quay lại khách sạn được không?","Can you help me get back to my hotel?","catalog-promoted","content-draft/viet/canonical-pages/catalog-promoted/directions-navigation/v500-dire-navi-can-you-help-me-get-back-to-my-hotel.json","3","5","8","ready","2","PASS","",""
"1083","viet-phrase-v500-dire-navi-do-i-go-downstairs","v500-dire-navi-do-i-go-downstairs","Tôi có đi xuống tầng dưới không?","Do I go downstairs?","catalog-promoted","content-draft/viet/canonical-pages/catalog-promoted/directions-navigation/v500-dire-navi-do-i-go-downstairs.json","3","5","7","ready","2","PASS","",""
"1084","viet-phrase-v500-dire-navi-do-i-go-over-the-bridge","v500-dire-navi-do-i-go-over-the-bridge","Tôi có đi qua cầu không?","Do I go over the bridge?","catalog-promoted","content-draft/viet/canonical-pages/catalog-promoted/directions-navigation/v500-dire-navi-do-i-go-over-the-bridge.json","3","5","7","ready","2","PASS","",""
"1085","viet-phrase-v500-dire-navi-do-i-go-upstairs","v500-dire-navi-do-i-go-upstairs","Tôi có lên lầu không?","Do I go upstairs?","catalog-promoted","content-draft/viet/canonical-pages/catalog-promoted/directions-navigation/v500-dire-navi-do-i-go-upstairs.json","3","5","5","ready","2","PASS","",""
"1086","viet-phrase-v500-dire-navi-how-far-is-it","v500-dire-navi-how-far-is-it","Nó cách đây bao xa?","How far is it?","catalog-promoted","content-draft/viet/canonical-pages/catalog-promoted/directions-navigation/v500-dire-navi-how-far-is-it.json","3","5","5","ready","2","PASS","",""
"1087","viet-phrase-v500-dire-navi-i-found-it-thank-you","v500-dire-navi-i-found-it-thank-you","Tôi đã tìm thấy nó, cảm ơn bạn","I found it, thank you","catalog-promoted","content-draft/viet/canonical-pages/catalog-promoted/directions-navigation/v500-dire-navi-i-found-it-thank-you.json","3","5","7","ready","2","PASS","",""
"1088","viet-phrase-v500-dire-navi-is-it-inside-the-mall","v500-dire-navi-is-it-inside-the-mall","Nó có ở trong trung tâm mua sắm không?","Is it inside the mall?","catalog-promoted","content-draft/viet/canonical-pages/catalog-promoted/directions-navigation/v500-dire-navi-is-it-inside-the-mall.json","3","5","7","ready","2","PASS","",""
"1089","viet-phrase-v500-dire-navi-is-it-near-the-market","v500-dire-navi-is-it-near-the-market","Có gần chợ không?","Is it near the market?","catalog-promoted","content-draft/viet/canonical-pages/catalog-promoted/directions-navigation/v500-dire-navi-is-it-near-the-market.json","3","5","5","ready","2","PASS","",""
"1090","viet-phrase-v500-dire-navi-is-it-next-to-the-hotel","v500-dire-navi-is-it-next-to-the-hotel","Nó có ở cạnh khách sạn không?","Is it next to the hotel?","catalog-promoted","content-draft/viet/canonical-pages/catalog-promoted/directions-navigation/v500-dire-navi-is-it-next-to-the-hotel.json","3","5","7","ready","2","PASS","",""
"1091","viet-phrase-v500-dire-navi-is-it-on-the-corner","v500-dire-navi-is-it-on-the-corner","Nó có ở góc không?","Is it on the corner?","catalog-promoted","content-draft/viet/canonical-pages/catalog-promoted/directions-navigation/v500-dire-navi-is-it-on-the-corner.json","3","5","6","ready","2","PASS","",""
"1092","viet-phrase-v500-dire-navi-is-it-open-now","v500-dire-navi-is-it-open-now","Bây giờ nó có mở không?","Is it open now?","catalog-promoted","content-draft/viet/canonical-pages/catalog-promoted/directions-navigation/v500-dire-navi-is-it-open-now.json","3","5","6","ready","2","PASS","",""
"1093","viet-phrase-v500-dire-navi-is-it-too-far-to-walk","v500-dire-navi-is-it-too-far-to-walk","Đi bộ có xa quá không?","Is it too far to walk?","catalog-promoted","content-draft/viet/canonical-pages/catalog-promoted/directions-navigation/v500-dire-navi-is-it-too-far-to-walk.json","3","5","6","ready","2","PASS","",""
"1094","viet-phrase-v500-dire-navi-my-map-app-is-not-working","v500-dire-navi-my-map-app-is-not-working","Ứng dụng bản đồ của tôi không hoạt động","My map app is not working","catalog-promoted","content-draft/viet/canonical-pages/catalog-promoted/directions-navigation/v500-dire-navi-my-map-app-is-not-working.json","3","5","5","ready","2","PASS","",""
"1095","viet-phrase-v500-dire-navi-where-is-the-bus-stop","v500-dire-navi-where-is-the-bus-stop","Trạm xe buýt ở đâu?","Where is the bus stop?","catalog-promoted","content-draft/viet/canonical-pages/catalog-promoted/directions-navigation/v500-dire-navi-where-is-the-bus-stop.json","3","5","3","ready","2","PASS","",""
"1096","viet-phrase-v500-dire-navi-where-is-the-elevator","v500-dire-navi-where-is-the-elevator","Thang máy ở đâu?","Where is the elevator?","catalog-promoted","content-draft/viet/canonical-pages/catalog-promoted/directions-navigation/v500-dire-navi-where-is-the-elevator.json","3","5","3","ready","2","PASS","",""
"1097","viet-phrase-v500-dire-navi-where-is-the-nearest-restroom","v500-dire-navi-where-is-the-nearest-restroom","Nhà vệ sinh gần nhất ở đâu?","Where is the nearest restroom?","tier1","content-draft/viet/canonical-pages/tier-one/directions-navigation/v500-dire-navi-where-is-the-nearest-restroom.json","4","7","4","ready","1","PASS","",""
"1098","viet-phrase-v500-emer-safe-do-not-touch-me","v500-emer-safe-do-not-touch-me","Đừng chạm vào tôi","Do not touch me","tier1","content-draft/viet/canonical-pages/tier-one/emergency-safety/v500-emer-safe-do-not-touch-me.json","4","8","5","ready","1","PASS","",""
"1099","viet-phrase-v500-emer-safe-i-am-injured","v500-emer-safe-i-am-injured","tôi bị thương","I am injured","tier1","content-draft/viet/canonical-pages/tier-one/emergency-safety/v500-emer-safe-i-am-injured.json","4","8","4","ready","1","PASS","",""
"1100","viet-phrase-v500-emer-safe-i-cannot-move","v500-emer-safe-i-cannot-move","Tôi không thể di chuyển","I cannot move","tier1","content-draft/viet/canonical-pages/tier-one/emergency-safety/v500-emer-safe-i-cannot-move.json","4","8","5","ready","1","PASS","",""
"1101","viet-phrase-v500-emer-safe-i-do-not-have-my-passport","v500-emer-safe-i-do-not-have-my-passport","Tôi không có hộ chiếu","I do not have my passport","catalog-promoted","content-draft/viet/canonical-pages/catalog-promoted/emergency-safety/v500-emer-safe-i-do-not-have-my-passport.json","3","5","5","ready","2","PASS","",""
"1102","viet-phrase-v500-emer-safe-i-lost-my-credit-card","v500-emer-safe-i-lost-my-credit-card","Tôi bị mất thẻ tín dụng","I lost my credit card","catalog-promoted","content-draft/viet/canonical-pages/catalog-promoted/emergency-safety/v500-emer-safe-i-lost-my-credit-card.json","3","5","4","ready","2","PASS","",""
"1103","viet-phrase-v500-emer-safe-i-need-first-aid","v500-emer-safe-i-need-first-aid","Tôi cần sơ cứu","I need first aid","catalog-promoted","content-draft/viet/canonical-pages/catalog-promoted/emergency-safety/v500-emer-safe-i-need-first-aid.json","3","5","4","ready","2","PASS","",""
"1104","viet-phrase-v500-emer-safe-my-friend-needs-help","v500-emer-safe-my-friend-needs-help","Bạn tôi cần giúp đỡ","My friend needs help","catalog-promoted","content-draft/viet/canonical-pages/catalog-promoted/emergency-safety/v500-emer-safe-my-friend-needs-help.json","3","5","5","ready","2","PASS","",""
"1105","viet-phrase-v500-emer-safe-my-passport-is-missing","v500-emer-safe-my-passport-is-missing","Hộ chiếu của tôi bị mất","My passport is missing","catalog-promoted","content-draft/viet/canonical-pages/catalog-promoted/emergency-safety/v500-emer-safe-my-passport-is-missing.json","3","5","4","ready","2","PASS","",""
"1106","viet-phrase-v500-emer-safe-please-call-an-ambulance","v500-emer-safe-please-call-an-ambulance","Hãy gọi xe cấp cứu","Please call an ambulance","catalog-promoted","content-draft/viet/canonical-pages/catalog-promoted/emergency-safety/v500-emer-safe-please-call-an-ambulance.json","3","5","4","ready","2","PASS","",""
"1107","viet-phrase-v500-emer-safe-please-call-the-police","v500-emer-safe-please-call-the-police","Hãy gọi cảnh sát","Please call the police","catalog-promoted","content-draft/viet/canonical-pages/catalog-promoted/emergency-safety/v500-emer-safe-please-call-the-police.json","3","5","4","ready","2","PASS","",""
"1108","viet-phrase-v500-emer-safe-please-leave-me-alone","v500-emer-safe-please-leave-me-alone","Xin hãy để tôi yên","Please leave me alone","catalog-promoted","content-draft/viet/canonical-pages/catalog-promoted/emergency-safety/v500-emer-safe-please-leave-me-alone.json","3","5","4","ready","2","PASS","",""
"1109","viet-phrase-v500-emer-safe-please-stay-near-me","v500-emer-safe-please-stay-near-me","Xin hãy ở gần tôi","Please stay near me","catalog-promoted","content-draft/viet/canonical-pages/catalog-promoted/emergency-safety/v500-emer-safe-please-stay-near-me.json","3","5","6","ready","2","PASS","",""
"1110","viet-phrase-v500-emer-safe-someone-is-injured","v500-emer-safe-someone-is-injured","Có người bị thương","Someone is injured","catalog-promoted","content-draft/viet/canonical-pages/catalog-promoted/emergency-safety/v500-emer-safe-someone-is-injured.json","3","5","5","ready","2","PASS","",""
"1111","viet-phrase-v500-emer-safe-stop-following-me","v500-emer-safe-stop-following-me","Dừng theo dõi tôi","Stop following me","catalog-promoted","content-draft/viet/canonical-pages/catalog-promoted/emergency-safety/v500-emer-safe-stop-following-me.json","3","5","4","ready","2","PASS","",""
"1112","viet-phrase-v500-emer-safe-there-has-been-an-accident","v500-emer-safe-there-has-been-an-accident","Đã có một tai nạn","There has been an accident","catalog-promoted","content-draft/viet/canonical-pages/catalog-promoted/emergency-safety/v500-emer-safe-there-has-been-an-accident.json","3","5","5","ready","2","PASS","",""
"1113","viet-phrase-v500-emer-safe-there-is-a-fire","v500-emer-safe-there-is-a-fire","Có một ngọn lửa","There is a fire","catalog-promoted","content-draft/viet/canonical-pages/catalog-promoted/emergency-safety/v500-emer-safe-there-is-a-fire.json","3","5","5","ready","2","PASS","",""
"1114","viet-phrase-v500-food-drin-does-this-contain-peanuts","v500-food-drin-does-this-contain-peanuts","Cái này có chứa đậu phộng không?","Does this contain peanuts?","catalog-promoted","content-draft/viet/canonical-pages/catalog-promoted/food-drink/v500-food-drin-does-this-contain-peanuts.json","3","6","7","ready","2","PASS","",""
"1115","viet-phrase-v500-food-drin-does-this-contain-shrimp","v500-food-drin-does-this-contain-shrimp","Cái này có chứa tôm không?","Does this contain shrimp?","catalog-promoted","content-draft/viet/canonical-pages/catalog-promoted/food-drink/v500-food-drin-does-this-contain-shrimp.json","3","5","7","ready","2","PASS","",""
"1116","viet-phrase-v500-food-drin-i-am-allergic-to-fish-sauce","v500-food-drin-i-am-allergic-to-fish-sauce","Tôi bị dị ứng với nước mắm","I am allergic to fish sauce","catalog-promoted","content-draft/viet/canonical-pages/catalog-promoted/food-drink/v500-food-drin-i-am-allergic-to-fish-sauce.json","3","5","5","ready","2","PASS","",""
"1117","viet-phrase-v500-food-drin-i-am-allergic-to-shellfish","v500-food-drin-i-am-allergic-to-shellfish","Tôi bị dị ứng với động vật có vỏ","I am allergic to shellfish","catalog-promoted","content-draft/viet/canonical-pages/catalog-promoted/food-drink/v500-food-drin-i-am-allergic-to-shellfish.json","3","5","8","ready","2","PASS","",""
"1118","viet-phrase-v500-food-drin-i-cannot-eat-this-because-of-an-allergy","v500-food-drin-i-cannot-eat-this-because-of-an-allergy","Tôi không thể ăn món này vì bị dị ứng","I cannot eat this because of an allergy","catalog-promoted","content-draft/viet/canonical-pages/catalog-promoted/food-drink/v500-food-drin-i-cannot-eat-this-because-of-an-allergy.json","3","5","9","ready","2","PASS","",""
"1119","viet-phrase-v500-food-drin-i-ordered-this-without-peanuts","v500-food-drin-i-ordered-this-without-peanuts","Tôi đã gọi món này mà không có đậu phộng","I ordered this without peanuts","catalog-promoted","content-draft/viet/canonical-pages/catalog-promoted/food-drink/v500-food-drin-i-ordered-this-without-peanuts.json","3","5","10","ready","2","PASS","",""
"1120","viet-phrase-v500-food-drin-id-like-a-b-nh-m-please","v500-food-drin-id-like-a-b-nh-m-please","Làm ơn cho tôi một cái bánh mì","I’d like a bánh mì, please","catalog-promoted","content-draft/viet/canonical-pages/catalog-promoted/food-drink/v500-food-drin-id-like-a-b-nh-m-please.json","3","5","6","ready","2","PASS","",""
"1121","viet-phrase-v500-food-drin-id-like-a-bowl-of-ph-please","v500-food-drin-id-like-a-bowl-of-ph-please","Làm ơn cho tôi một tô phở","I’d like a bowl of phở, please","catalog-promoted","content-draft/viet/canonical-pages/catalog-promoted/food-drink/v500-food-drin-id-like-a-bowl-of-ph-please.json","3","5","6","ready","2","PASS","",""
"1122","viet-phrase-v500-food-drin-no-ice-please","v500-food-drin-no-ice-please","Làm ơn đừng có đá","No ice, please","catalog-promoted","content-draft/viet/canonical-pages/catalog-promoted/food-drink/v500-food-drin-no-ice-please.json","3","5","5","ready","2","PASS","",""
"1123","viet-phrase-v500-food-drin-please-make-it-without-peanuts","v500-food-drin-please-make-it-without-peanuts","Hãy làm món này mà không cần đậu phộng","Please make it without peanuts","catalog-promoted","content-draft/viet/canonical-pages/catalog-promoted/food-drink/v500-food-drin-please-make-it-without-peanuts.json","3","5","9","ready","2","PASS","",""
"1124","viet-phrase-v500-food-drin-there-is-something-in-my-food","v500-food-drin-there-is-something-in-my-food","Có thứ gì đó trong thức ăn của tôi","There is something in my food","catalog-promoted","content-draft/viet/canonical-pages/catalog-promoted/food-drink/v500-food-drin-there-is-something-in-my-food.json","3","5","8","ready","2","PASS","",""
"1125","viet-phrase-v500-food-drin-this-is-cold","v500-food-drin-this-is-cold","Trời lạnh quá","This is cold","catalog-promoted","content-draft/viet/canonical-pages/catalog-promoted/food-drink/v500-food-drin-this-is-cold.json","3","5","4","ready","2","PASS","",""
"1126","viet-phrase-v500-food-drin-this-tastes-spoiled","v500-food-drin-this-tastes-spoiled","Cái này có vị hư hỏng","This tastes spoiled","catalog-promoted","content-draft/viet/canonical-pages/catalog-promoted/food-drink/v500-food-drin-this-tastes-spoiled.json","3","5","7","ready","2","PASS","",""
"1127","viet-phrase-v500-heal-phar-can-you-call-a-doctor","v500-heal-phar-can-you-call-a-doctor","Bạn có thể gọi bác sĩ được không?","Can you call a doctor?","catalog-promoted","content-draft/viet/canonical-pages/catalog-promoted/health-pharmacy/v500-heal-phar-can-you-call-a-doctor.json","3","5","6","ready","2","PASS","",""
"1128","viet-phrase-v500-heal-phar-how-do-i-take-this","v500-heal-phar-how-do-i-take-this","Làm thế nào để tôi thực hiện điều này?","How do I take this?","catalog-promoted","content-draft/viet/canonical-pages/catalog-promoted/health-pharmacy/v500-heal-phar-how-do-i-take-this.json","3","5","9","ready","2","PASS","",""
"1129","viet-phrase-v500-heal-phar-how-many-times-per-day","v500-heal-phar-how-many-times-per-day","Bao nhiêu lần mỗi ngày?","How many times per day?","catalog-promoted","content-draft/viet/canonical-pages/catalog-promoted/health-pharmacy/v500-heal-phar-how-many-times-per-day.json","3","5","5","ready","2","PASS","",""
"1130","viet-phrase-v500-heal-phar-i-am-pregnant","v500-heal-phar-i-am-pregnant","tôi đang mang thai","I am pregnant","catalog-promoted","content-draft/viet/canonical-pages/catalog-promoted/health-pharmacy/v500-heal-phar-i-am-pregnant.json","3","5","4","ready","2","PASS","",""
"1131","viet-phrase-v500-heal-phar-i-feel-dizzy","v500-heal-phar-i-feel-dizzy","Tôi cảm thấy chóng mặt","I feel dizzy","tier1","content-draft/viet/canonical-pages/tier-one/health-pharmacy/v500-heal-phar-i-feel-dizzy.json","4","7","4","ready","1","PASS","",""
"1132","viet-phrase-v500-heal-phar-i-feel-nauseous","v500-heal-phar-i-feel-nauseous","tôi cảm thấy buồn nôn","I feel nauseous","catalog-promoted","content-draft/viet/canonical-pages/catalog-promoted/health-pharmacy/v500-heal-phar-i-feel-nauseous.json","3","5","4","ready","2","PASS","",""
"1133","viet-phrase-v500-heal-phar-i-have-a-fever","v500-heal-phar-i-have-a-fever","tôi bị sốt","I have a fever","catalog-promoted","content-draft/viet/canonical-pages/catalog-promoted/health-pharmacy/v500-heal-phar-i-have-a-fever.json","3","5","4","ready","2","PASS","",""
"1134","viet-phrase-v500-heal-phar-i-have-asthma","v500-heal-phar-i-have-asthma","Tôi bị hen suyễn","I have asthma","catalog-promoted","content-draft/viet/canonical-pages/catalog-promoted/health-pharmacy/v500-heal-phar-i-have-asthma.json","3","5","4","ready","2","PASS","",""
"1135","viet-phrase-v500-heal-phar-i-have-chest-pain","v500-heal-phar-i-have-chest-pain","Tôi bị đau ngực","I have chest pain","catalog-promoted","content-draft/viet/canonical-pages/catalog-promoted/health-pharmacy/v500-heal-phar-i-have-chest-pain.json","3","5","4","ready","2","PASS","",""
"1136","viet-phrase-v500-heal-phar-i-have-diabetes","v500-heal-phar-i-have-diabetes","Tôi bị tiểu đường","I have diabetes","catalog-promoted","content-draft/viet/canonical-pages/catalog-promoted/health-pharmacy/v500-heal-phar-i-have-diabetes.json","3","5","4","ready","2","PASS","",""
"1137","viet-phrase-v500-heal-phar-i-have-diarrhea","v500-heal-phar-i-have-diarrhea","Tôi bị tiêu chảy","I have diarrhea","catalog-promoted","content-draft/viet/canonical-pages/catalog-promoted/health-pharmacy/v500-heal-phar-i-have-diarrhea.json","3","5","4","ready","2","PASS","",""
"1138","viet-phrase-v500-heal-phar-i-have-food-poisoning","v500-heal-phar-i-have-food-poisoning","Tôi bị ngộ độc thực phẩm","I have food poisoning","catalog-promoted","content-draft/viet/canonical-pages/catalog-promoted/health-pharmacy/v500-heal-phar-i-have-food-poisoning.json","3","5","4","ready","2","PASS","",""
"1139","viet-phrase-v500-heal-phar-i-need-a-clinic","v500-heal-phar-i-need-a-clinic","Tôi cần một phòng khám","I need a clinic","catalog-promoted","content-draft/viet/canonical-pages/catalog-promoted/health-pharmacy/v500-heal-phar-i-need-a-clinic.json","3","5","5","ready","2","PASS","",""
"1140","viet-phrase-v500-heal-phar-i-need-a-dentist","v500-heal-phar-i-need-a-dentist","Tôi cần một nha sĩ","I need a dentist","catalog-promoted","content-draft/viet/canonical-pages/catalog-promoted/health-pharmacy/v500-heal-phar-i-need-a-dentist.json","3","5","5","ready","2","PASS","",""
"1141","viet-phrase-v500-heal-phar-i-need-a-hospital","v500-heal-phar-i-need-a-hospital","Tôi cần một bệnh viện","I need a hospital","catalog-promoted","content-draft/viet/canonical-pages/catalog-promoted/health-pharmacy/v500-heal-phar-i-need-a-hospital.json","3","5","5","ready","2","PASS","",""
"1142","viet-phrase-v500-hote-acco-can-i-change-rooms","v500-hote-acco-can-i-change-rooms","Tôi có thể đổi phòng được không?","Can I change rooms?","catalog-promoted","content-draft/viet/canonical-pages/catalog-promoted/hotel-accommodation/v500-hote-acco-can-i-change-rooms.json","3","5","6","ready","2","PASS","",""
"1143","viet-phrase-v500-hote-acco-can-i-check-in-early","v500-hote-acco-can-i-check-in-early","Tôi có thể nhận phòng sớm được không?","Can I check in early?","catalog-promoted","content-draft/viet/canonical-pages/catalog-promoted/hotel-accommodation/v500-hote-acco-can-i-check-in-early.json","3","5","6","ready","2","PASS","",""
"1144","viet-phrase-v500-hote-acco-can-i-check-out-late","v500-hote-acco-can-i-check-out-late","Tôi có thể trả phòng muộn được không?","Can I check out late?","catalog-promoted","content-draft/viet/canonical-pages/catalog-promoted/hotel-accommodation/v500-hote-acco-can-i-check-out-late.json","3","5","6","ready","2","PASS","",""
"1145","viet-phrase-v500-hote-acco-can-i-have-an-iron","v500-hote-acco-can-i-have-an-iron","Tôi có thể có một cái bàn ủi được không?","Can I have an iron?","catalog-promoted","content-draft/viet/canonical-pages/catalog-promoted/hotel-accommodation/v500-hote-acco-can-i-have-an-iron.json","3","5","8","ready","2","PASS","",""
"1146","viet-phrase-v500-hote-acco-can-i-have-more-soap","v500-hote-acco-can-i-have-more-soap","Tôi có thể lấy thêm xà phòng được không?","Can I have more soap?","catalog-promoted","content-draft/viet/canonical-pages/catalog-promoted/hotel-accommodation/v500-hote-acco-can-i-have-more-soap.json","3","5","7","ready","2","PASS","",""
"1147","viet-phrase-v500-hote-acco-can-i-pay-now","v500-hote-acco-can-i-pay-now","Tôi có thể thanh toán bây giờ được không?","Can I pay now?","catalog-promoted","content-draft/viet/canonical-pages/catalog-promoted/hotel-accommodation/v500-hote-acco-can-i-pay-now.json","3","5","6","ready","2","PASS","",""
"1148","viet-phrase-v500-hote-acco-can-someone-come-fix-it","v500-hote-acco-can-someone-come-fix-it","Ai đó có thể đến sửa nó được không?","Can someone come fix it?","catalog-promoted","content-draft/viet/canonical-pages/catalog-promoted/hotel-accommodation/v500-hote-acco-can-someone-come-fix-it.json","3","5","7","ready","2","PASS","",""
"1149","viet-phrase-v500-hote-acco-do-you-need-a-deposit","v500-hote-acco-do-you-need-a-deposit","Bạn có cần đặt cọc không?","Do you need a deposit?","catalog-promoted","content-draft/viet/canonical-pages/catalog-promoted/hotel-accommodation/v500-hote-acco-do-you-need-a-deposit.json","3","5","7","ready","2","PASS","",""
"1150","viet-phrase-v500-hote-acco-here-is-my-passport-for-check-in","v500-hote-acco-here-is-my-passport-for-check-in","Đây là hộ chiếu của tôi để nhận phòng","Here is my passport for check-in","catalog-promoted","content-draft/viet/canonical-pages/catalog-promoted/hotel-accommodation/v500-hote-acco-here-is-my-passport-for-check-in.json","3","5","7","ready","2","PASS","",""
"1151","viet-phrase-v500-hote-acco-i-booked-online","v500-hote-acco-i-booked-online","Tôi đã đặt trực tuyến","I booked online","catalog-promoted","content-draft/viet/canonical-pages/catalog-promoted/hotel-accommodation/v500-hote-acco-i-booked-online.json","3","5","5","ready","2","PASS","",""
"1152","viet-phrase-v500-hote-acco-is-breakfast-included","v500-hote-acco-is-breakfast-included","Có bao gồm bữa sáng không?","Is breakfast included?","catalog-promoted","content-draft/viet/canonical-pages/catalog-promoted/hotel-accommodation/v500-hote-acco-is-breakfast-included.json","3","5","7","ready","2","PASS","",""
"1153","viet-phrase-v500-hote-acco-please-remove-the-trash","v500-hote-acco-please-remove-the-trash","Vui lòng loại bỏ thùng rác","Please remove the trash","catalog-promoted","content-draft/viet/canonical-pages/catalog-promoted/hotel-accommodation/v500-hote-acco-please-remove-the-trash.json","3","5","6","ready","2","PASS","",""
"1154","viet-phrase-v500-hote-acco-the-door-does-not-lock","v500-hote-acco-the-door-does-not-lock","Cửa không khóa","The door does not lock","tier1","content-draft/viet/canonical-pages/tier-one/hotel-accommodation/v500-hote-acco-the-door-does-not-lock.json","4","8","4","ready","1","PASS","",""
"1155","viet-phrase-v500-hote-acco-the-electricity-is-out","v500-hote-acco-the-electricity-is-out","Điện đã hết","The electricity is out","catalog-promoted","content-draft/viet/canonical-pages/catalog-promoted/hotel-accommodation/v500-hote-acco-the-electricity-is-out.json","3","5","4","ready","2","PASS","",""
"1156","viet-phrase-v500-hote-acco-the-room-is-not-clean","v500-hote-acco-the-room-is-not-clean","Phòng không sạch sẽ","The room is not clean","catalog-promoted","content-draft/viet/canonical-pages/catalog-promoted/hotel-accommodation/v500-hote-acco-the-room-is-not-clean.json","3","5","4","ready","2","PASS","",""
"1157","viet-phrase-v500-hote-acco-the-room-is-too-noisy","v500-hote-acco-the-room-is-too-noisy","Tôi không thể ngủ được vì quá ồn ào","I cannot sleep because it is too noisy","catalog-promoted","content-draft/viet/canonical-pages/catalog-promoted/hotel-accommodation/v500-hote-acco-the-room-is-too-noisy.json","3","5","9","ready","1","PASS","",""
"1158","viet-phrase-v500-hote-acco-the-safe-is-not-opening","v500-hote-acco-the-safe-is-not-opening","két sắt không mở được","The safe is not opening","catalog-promoted","content-draft/viet/canonical-pages/catalog-promoted/hotel-accommodation/v500-hote-acco-the-safe-is-not-opening.json","3","5","5","ready","2","PASS","",""
"1159","viet-phrase-v500-hote-acco-the-toilet-is-not-working","v500-hote-acco-the-toilet-is-not-working","Nhà vệ sinh không hoạt động","The toilet is not working","catalog-promoted","content-draft/viet/canonical-pages/catalog-promoted/hotel-accommodation/v500-hote-acco-the-toilet-is-not-working.json","3","5","3","ready","2","PASS","",""
"1160","viet-phrase-v500-hote-acco-there-is-no-hot-water","v500-hote-acco-there-is-no-hot-water","Vòi sen chỉ có nước lạnh","The shower only has cold water","catalog-promoted","content-draft/viet/canonical-pages/catalog-promoted/hotel-accommodation/v500-hote-acco-there-is-no-hot-water.json","3","5","5","ready","1","PASS","",""
"1161","viet-phrase-v500-hote-acco-what-time-is-breakfast","v500-hote-acco-what-time-is-breakfast","Bữa sáng lúc mấy giờ?","What time is breakfast?","catalog-promoted","content-draft/viet/canonical-pages/catalog-promoted/hotel-accommodation/v500-hote-acco-what-time-is-breakfast.json","3","5","5","ready","2","PASS","",""
"1162","viet-phrase-v500-loca-serv-ever-task-can-you-fix-this","v500-loca-serv-ever-task-can-you-fix-this","Bạn có thể sửa cái này được không?","Can you fix this?","catalog-promoted","content-draft/viet/canonical-pages/catalog-promoted/local-services-everyday-tasks/v500-loca-serv-ever-task-can-you-fix-this.json","3","5","7","ready","2","PASS","",""
"1163","viet-phrase-v500-loca-serv-ever-task-how-long-will-it-take","v500-loca-serv-ever-task-how-long-will-it-take","Sẽ mất bao lâu?","How long will it take?","catalog-promoted","content-draft/viet/canonical-pages/catalog-promoted/local-services-everyday-tasks/v500-loca-serv-ever-task-how-long-will-it-take.json","3","5","3","ready","2","PASS","",""
"1164","viet-phrase-v500-loca-serv-ever-task-how-much-per-page","v500-loca-serv-ever-task-how-much-per-page","Bao nhiêu một trang?","How much per page?","catalog-promoted","content-draft/viet/canonical-pages/catalog-promoted/local-services-everyday-tasks/v500-loca-serv-ever-task-how-much-per-page.json","3","5","4","ready","2","PASS","",""
"1165","viet-phrase-v500-loca-serv-ever-task-i-need-a-rain-poncho","v500-loca-serv-ever-task-i-need-a-rain-poncho","Tôi cần một chiếc áo mưa","I need a rain poncho","catalog-promoted","content-draft/viet/canonical-pages/catalog-promoted/local-services-everyday-tasks/v500-loca-serv-ever-task-i-need-a-rain-poncho.json","3","5","6","ready","2","PASS","",""
"1166","viet-phrase-v500-loca-serv-ever-task-i-need-an-umbrella","v500-loca-serv-ever-task-i-need-an-umbrella","Tôi cần một chiếc ô","I need an umbrella","catalog-promoted","content-draft/viet/canonical-pages/catalog-promoted/local-services-everyday-tasks/v500-loca-serv-ever-task-i-need-an-umbrella.json","3","5","6","ready","2","PASS","",""
"1167","viet-phrase-v500-loca-serv-ever-task-i-need-bottled-water","v500-loca-serv-ever-task-i-need-bottled-water","Tôi cần nước đóng chai","I need bottled water","catalog-promoted","content-draft/viet/canonical-pages/catalog-promoted/local-services-everyday-tasks/v500-loca-serv-ever-task-i-need-bottled-water.json","3","5","5","ready","2","PASS","",""
"1168","viet-phrase-v500-loca-serv-ever-task-i-need-tissues","v500-loca-serv-ever-task-i-need-tissues","Tôi cần khăn giấy","I need tissues","catalog-promoted","content-draft/viet/canonical-pages/catalog-promoted/local-services-everyday-tasks/v500-loca-serv-ever-task-i-need-tissues.json","3","5","4","ready","2","PASS","",""
"1169","viet-phrase-v500-loca-serv-ever-task-is-there-a-ramp","v500-loca-serv-ever-task-is-there-a-ramp","Có đoạn đường nối không?","Is there a ramp?","catalog-promoted","content-draft/viet/canonical-pages/catalog-promoted/local-services-everyday-tasks/v500-loca-serv-ever-task-is-there-a-ramp.json","3","5","5","ready","2","PASS","",""
"1170","viet-phrase-v500-loca-serv-ever-task-is-there-an-elevator","v500-loca-serv-ever-task-is-there-an-elevator","Có thang máy không?","Is there an elevator?","catalog-promoted","content-draft/viet/canonical-pages/catalog-promoted/local-services-everyday-tasks/v500-loca-serv-ever-task-is-there-an-elevator.json","3","5","4","ready","2","PASS","",""
"1171","viet-phrase-v500-loca-serv-ever-task-one-item-is-missing","v500-loca-serv-ever-task-one-item-is-missing","Một mặt hàng bị thiếu","One item is missing","catalog-promoted","content-draft/viet/canonical-pages/catalog-promoted/local-services-everyday-tasks/v500-loca-serv-ever-task-one-item-is-missing.json","3","5","6","ready","2","PASS","",""
"1172","viet-phrase-v500-loca-serv-ever-task-where-can-i-buy-water","v500-loca-serv-ever-task-where-can-i-buy-water","Tôi có thể mua nước ở đâu?","Where can I buy water?","tier1","content-draft/viet/canonical-pages/tier-one/local-services-everyday-tasks/v500-loca-serv-ever-task-where-can-i-buy-water.json","4","7","6","ready","1","PASS","",""
"1173","viet-phrase-v500-mone-numb-pric-can-i-have-a-receipt","v500-mone-numb-pric-can-i-have-a-receipt","Tôi có thể có biên nhận được không?","Can I have a receipt?","catalog-promoted","content-draft/viet/canonical-pages/catalog-promoted/money-numbers-prices/v500-mone-numb-pric-can-i-have-a-receipt.json","3","5","6","ready","2","PASS","",""
"1174","viet-phrase-v500-mone-numb-pric-can-i-try-another-card","v500-mone-numb-pric-can-i-try-another-card","Tôi có thể thử thẻ khác được không?","Can I try another card?","catalog-promoted","content-draft/viet/canonical-pages/catalog-promoted/money-numbers-prices/v500-mone-numb-pric-can-i-try-another-card.json","3","5","7","ready","2","PASS","",""
"1175","viet-phrase-v500-mone-numb-pric-can-you-give-me-change","v500-mone-numb-pric-can-you-give-me-change","Bạn có thể cho tôi tiền lẻ được không?","Can you give me change?","catalog-promoted","content-draft/viet/canonical-pages/catalog-promoted/money-numbers-prices/v500-mone-numb-pric-can-you-give-me-change.json","3","5","7","ready","2","PASS","",""
"1176","viet-phrase-v500-mone-numb-pric-do-i-need-exact-change","v500-mone-numb-pric-do-i-need-exact-change","Tôi có cần thay đổi chính xác không?","Do I need exact change?","catalog-promoted","content-draft/viet/canonical-pages/catalog-promoted/money-numbers-prices/v500-mone-numb-pric-do-i-need-exact-change.json","3","5","8","ready","2","PASS","",""
"1177","viet-phrase-v500-mone-numb-pric-how-much-for-one","v500-mone-numb-pric-how-much-for-one","Bao nhiêu một cái?","How much for one?","catalog-promoted","content-draft/viet/canonical-pages/catalog-promoted/money-numbers-prices/v500-mone-numb-pric-how-much-for-one.json","3","5","3","ready","2","PASS","",""
"1178","viet-phrase-v500-mone-numb-pric-i-need-smaller-bills","v500-mone-numb-pric-i-need-smaller-bills","Tôi cần hóa đơn nhỏ hơn","I need smaller bills","catalog-promoted","content-draft/viet/canonical-pages/catalog-promoted/money-numbers-prices/v500-mone-numb-pric-i-need-smaller-bills.json","3","5","6","ready","2","PASS","",""
"1179","viet-phrase-v500-mone-numb-pric-i-only-have-large-bills","v500-mone-numb-pric-i-only-have-large-bills","Tôi chỉ có hóa đơn lớn","I only have large bills","catalog-promoted","content-draft/viet/canonical-pages/catalog-promoted/money-numbers-prices/v500-mone-numb-pric-i-only-have-large-bills.json","3","5","6","ready","2","PASS","",""
"1180","viet-phrase-v500-mone-numb-pric-i-only-have-this-much","v500-mone-numb-pric-i-only-have-this-much","Tôi chỉ có bấy nhiêu thôi","I only have this much","catalog-promoted","content-draft/viet/canonical-pages/catalog-promoted/money-numbers-prices/v500-mone-numb-pric-i-only-have-this-much.json","3","5","6","ready","2","PASS","",""
"1181","viet-phrase-v500-mone-numb-pric-ill-think-about-it","v500-mone-numb-pric-ill-think-about-it","Tôi sẽ nghĩ về nó","I’ll think about it","catalog-promoted","content-draft/viet/canonical-pages/catalog-promoted/money-numbers-prices/v500-mone-numb-pric-ill-think-about-it.json","3","5","6","ready","2","PASS","",""
"1182","viet-phrase-v500-mone-numb-pric-is-tax-included","v500-mone-numb-pric-is-tax-included","Có bao gồm thuế không?","Is tax included?","catalog-promoted","content-draft/viet/canonical-pages/catalog-promoted/money-numbers-prices/v500-mone-numb-pric-is-tax-included.json","3","5","6","ready","2","PASS","",""
"1183","viet-phrase-v500-mone-numb-pric-is-there-a-card-fee","v500-mone-numb-pric-is-there-a-card-fee","Có tính phí thẻ không?","Is there a card fee?","catalog-promoted","content-draft/viet/canonical-pages/catalog-promoted/money-numbers-prices/v500-mone-numb-pric-is-there-a-card-fee.json","3","5","5","ready","2","PASS","",""
"1184","viet-phrase-v500-mone-numb-pric-is-there-an-extra-fee","v500-mone-numb-pric-is-there-an-extra-fee","Có phải trả thêm phí không?","Is there an extra fee?","catalog-promoted","content-draft/viet/canonical-pages/catalog-promoted/money-numbers-prices/v500-mone-numb-pric-is-there-an-extra-fee.json","3","5","7","ready","2","PASS","",""
"1185","viet-phrase-v500-mone-numb-pric-is-this-enough","v500-mone-numb-pric-is-this-enough","Thế này đã đủ chưa?","Is this enough?","catalog-promoted","content-draft/viet/canonical-pages/catalog-promoted/money-numbers-prices/v500-mone-numb-pric-is-this-enough.json","3","5","6","ready","2","PASS","",""
"1186","viet-phrase-v500-mone-numb-pric-is-this-per-person","v500-mone-numb-pric-is-this-per-person","Đây có phải là mỗi người?","Is this per person?","catalog-promoted","content-draft/viet/canonical-pages/catalog-promoted/money-numbers-prices/v500-mone-numb-pric-is-this-per-person.json","3","5","7","ready","2","PASS","",""
"1187","viet-phrase-v500-mone-numb-pric-my-card-was-declined","v500-mone-numb-pric-my-card-was-declined","Thẻ của tôi đã bị từ chối","My card was declined","catalog-promoted","content-draft/viet/canonical-pages/catalog-promoted/money-numbers-prices/v500-mone-numb-pric-my-card-was-declined.json","3","5","6","ready","2","PASS","",""
"1188","viet-phrase-v500-mone-numb-pric-no-thanks-maybe-later","v500-mone-numb-pric-no-thanks-maybe-later","Không, cảm ơn, có thể để sau","No thanks, maybe later","catalog-promoted","content-draft/viet/canonical-pages/catalog-promoted/money-numbers-prices/v500-mone-numb-pric-no-thanks-maybe-later.json","3","5","6","ready","2","PASS","",""
"1189","viet-phrase-v500-mone-numb-pric-please-count-it-again","v500-mone-numb-pric-please-count-it-again","Hãy đếm lại nhé","Please count it again","catalog-promoted","content-draft/viet/canonical-pages/catalog-promoted/money-numbers-prices/v500-mone-numb-pric-please-count-it-again.json","3","5","4","ready","2","PASS","",""
"1190","viet-phrase-v500-mone-numb-pric-please-write-the-price","v500-mone-numb-pric-please-write-the-price","Hãy viết giá","Please write the price","catalog-promoted","content-draft/viet/canonical-pages/catalog-promoted/money-numbers-prices/v500-mone-numb-pric-please-write-the-price.json","3","5","4","ready","2","PASS","",""
"1191","viet-phrase-v500-mone-numb-pric-the-atm-did-not-give-me-cash","v500-mone-numb-pric-the-atm-did-not-give-me-cash","ATM không đưa tiền mặt cho tôi","The ATM did not give me cash","catalog-promoted","content-draft/viet/canonical-pages/catalog-promoted/money-numbers-prices/v500-mone-numb-pric-the-atm-did-not-give-me-cash.json","3","5","7","ready","2","PASS","",""
"1192","viet-phrase-v500-mone-numb-pric-the-atm-kept-my-card","v500-mone-numb-pric-the-atm-kept-my-card","ATM đã giữ thẻ của tôi","The ATM kept my card","tier1","content-draft/viet/canonical-pages/tier-one/money-numbers-prices/v500-mone-numb-pric-the-atm-kept-my-card.json","4","8","6","ready","1","PASS","",""
"1193","viet-phrase-v500-mone-numb-pric-where-can-i-exchange-money","v500-mone-numb-pric-where-can-i-exchange-money","Tôi có thể đổi tiền ở đâu?","Where can I exchange money?","catalog-promoted","content-draft/viet/canonical-pages/catalog-promoted/money-numbers-prices/v500-mone-numb-pric-where-can-i-exchange-money.json","3","5","5","ready","2","PASS","",""
"1194","viet-phrase-v500-phon-inte-powe-can-i-borrow-a-charger","v500-phon-inte-powe-can-i-borrow-a-charger","Tôi có thể mượn bộ sạc được không?","Can I borrow a charger?","catalog-promoted","content-draft/viet/canonical-pages/catalog-promoted/phone-internet-power/v500-phon-inte-powe-can-i-borrow-a-charger.json","3","5","6","ready","2","PASS","",""
"1195","viet-phrase-v500-phon-inte-powe-can-i-make-a-phone-call","v500-phon-inte-powe-can-i-make-a-phone-call","Tôi có thể gọi điện thoại được không?","Can I make a phone call?","catalog-promoted","content-draft/viet/canonical-pages/catalog-promoted/phone-internet-power/v500-phon-inte-powe-can-i-make-a-phone-call.json","3","5","6","ready","2","PASS","",""
"1196","viet-phrase-v500-phon-inte-powe-can-i-use-the-wi-fi","v500-phon-inte-powe-can-i-use-the-wi-fi","Tôi có thể sử dụng Wi-Fi không?","Can I use the Wi-Fi?","catalog-promoted","content-draft/viet/canonical-pages/catalog-promoted/phone-internet-power/v500-phon-inte-powe-can-i-use-the-wi-fi.json","3","5","6","ready","2","PASS","",""
"1197","viet-phrase-v500-phon-inte-powe-can-you-activate-it-for-me","v500-phon-inte-powe-can-you-activate-it-for-me","Bạn có thể kích hoạt nó cho tôi được không?","Can you activate it for me?","catalog-promoted","content-draft/viet/canonical-pages/catalog-promoted/phone-internet-power/v500-phon-inte-powe-can-you-activate-it-for-me.json","3","5","9","ready","2","PASS","",""
"1198","viet-phrase-v500-phon-inte-powe-can-you-install-it-for-me","v500-phon-inte-powe-can-you-install-it-for-me","Bạn có thể cài đặt nó cho tôi được không?","Can you install it for me?","catalog-promoted","content-draft/viet/canonical-pages/catalog-promoted/phone-internet-power/v500-phon-inte-powe-can-you-install-it-for-me.json","3","5","8","ready","2","PASS","",""
"1199","viet-phrase-v500-phon-inte-powe-can-you-restart-the-router","v500-phon-inte-powe-can-you-restart-the-router","Bạn có thể khởi động lại bộ định tuyến không?","Can you restart the router?","catalog-promoted","content-draft/viet/canonical-pages/catalog-promoted/phone-internet-power/v500-phon-inte-powe-can-you-restart-the-router.json","3","5","9","ready","2","PASS","",""
"1200","viet-phrase-v500-phon-inte-powe-how-many-days-is-it-valid","v500-phon-inte-powe-how-many-days-is-it-valid","Có hiệu lực trong bao nhiêu ngày?","How many days is it valid?","catalog-promoted","content-draft/viet/canonical-pages/catalog-promoted/phone-internet-power/v500-phon-inte-powe-how-many-days-is-it-valid.json","3","5","7","ready","2","PASS","",""
"1201","viet-phrase-v500-phon-inte-powe-i-need-a-charging-cable","v500-phon-inte-powe-i-need-a-charging-cable","Tôi cần một cáp sạc","I need a charging cable","catalog-promoted","content-draft/viet/canonical-pages/catalog-promoted/phone-internet-power/v500-phon-inte-powe-i-need-a-charging-cable.json","3","5","5","ready","2","PASS","",""
"1202","viet-phrase-v500-phon-inte-powe-i-need-a-sim-card-with-data","v500-phon-inte-powe-i-need-a-sim-card-with-data","Tôi cần một thẻ SIM có dữ liệu","I need a SIM card with data","catalog-promoted","content-draft/viet/canonical-pages/catalog-promoted/phone-internet-power/v500-phon-inte-powe-i-need-a-sim-card-with-data.json","3","5","8","ready","2","PASS","",""
"1203","viet-phrase-v500-phon-inte-powe-i-need-an-esim","v500-phon-inte-powe-i-need-an-esim","Tôi cần một eSIM","I need an eSIM","tier1","content-draft/viet/canonical-pages/tier-one/phone-internet-power/v500-phon-inte-powe-i-need-an-esim.json","4","7","5","ready","1","PASS","",""
"1204","viet-phrase-v500-phon-inte-powe-my-map-is-not-working","v500-phon-inte-powe-my-map-is-not-working","Bản đồ của tôi không hoạt động","My map is not working","tier1","content-draft/viet/canonical-pages/tier-one/phone-internet-power/v500-phon-inte-powe-my-map-is-not-working.json","4","7","4","ready","1","PASS","",""
"1205","viet-phrase-v500-phon-inte-powe-my-phone-got-wet","v500-phon-inte-powe-my-phone-got-wet","Điện thoại của tôi bị ướt","My phone got wet","catalog-promoted","content-draft/viet/canonical-pages/catalog-promoted/phone-internet-power/v500-phon-inte-powe-my-phone-got-wet.json","3","5","5","ready","2","PASS","",""
"1206","viet-phrase-v500-phon-inte-powe-my-screen-is-broken","v500-phon-inte-powe-my-screen-is-broken","Màn hình của tôi bị hỏng","My screen is broken","catalog-promoted","content-draft/viet/canonical-pages/catalog-promoted/phone-internet-power/v500-phon-inte-powe-my-screen-is-broken.json","3","5","4","ready","2","PASS","",""
"1207","viet-phrase-v500-phon-inte-powe-please-write-the-password","v500-phon-inte-powe-please-write-the-password","Vui lòng viết mật khẩu","Please write the password","catalog-promoted","content-draft/viet/canonical-pages/catalog-promoted/phone-internet-power/v500-phon-inte-powe-please-write-the-password.json","3","5","4","ready","2","PASS","",""
"1208","viet-phrase-v500-phon-inte-powe-the-internet-is-very-slow","v500-phon-inte-powe-the-internet-is-very-slow","Internet rất chậm","The internet is very slow","catalog-promoted","content-draft/viet/canonical-pages/catalog-promoted/phone-internet-power/v500-phon-inte-powe-the-internet-is-very-slow.json","3","5","4","ready","2","PASS","",""
"1209","viet-phrase-v500-phon-inte-powe-where-can-i-fix-my-phone","v500-phon-inte-powe-where-can-i-fix-my-phone","Tôi có thể sửa điện thoại ở đâu?","Where can I fix my phone?","catalog-promoted","content-draft/viet/canonical-pages/catalog-promoted/phone-internet-power/v500-phon-inte-powe-where-can-i-fix-my-phone.json","3","5","6","ready","2","PASS","",""
"1210","viet-phrase-v500-phon-inte-powe-where-can-i-get-a-local-sim-card","v500-phon-inte-powe-where-can-i-get-a-local-sim-card","Tôi có thể mua SIM ở đâu?","Where can I get a local SIM card?","tier1","content-draft/viet/canonical-pages/tier-one/phone-internet-power/v500-phon-inte-powe-where-can-i-get-a-local-sim-card.json","4","7","6","ready","1","PASS","",""
"1211","viet-phrase-v500-poli-basi-i-need-this","v500-poli-basi-i-need-this","tôi cần cái này","I need this","catalog-promoted","content-draft/viet/canonical-pages/catalog-promoted/polite-basics/v500-poli-basi-i-need-this.json","3","5","5","ready","2","PASS","",""
"1212","viet-phrase-v500-poli-basi-okay","v500-poli-basi-okay","Đồng ý","Okay","catalog-promoted","content-draft/viet/canonical-pages/catalog-promoted/polite-basics/v500-poli-basi-okay.json","3","5","1","ready","2","NEEDS_REVIEW","single_card_multiword_breakdown","needs_authored_review:Multiword phrase has only one breakdown card."
"1213","viet-phrase-v500-poli-basi-sorry","v500-poli-basi-sorry","Lấy làm tiếc","Sorry","catalog-promoted","content-draft/viet/canonical-pages/catalog-promoted/polite-basics/v500-poli-basi-sorry.json","3","5","4","ready","2","PASS","",""
"1214","viet-phrase-v500-poli-basi-yes","v500-poli-basi-yes","Đúng","Yes","catalog-promoted","content-draft/viet/canonical-pages/catalog-promoted/polite-basics/acknowledge-dung.json","4","3","1","ready","2","PASS","",""
"1215","viet-phrase-v500-prob-help-can-i-have-an-interpreter","v500-prob-help-can-i-have-an-interpreter","Tôi có thể có một thông dịch viên?","Can I have an interpreter?","catalog-promoted","content-draft/viet/canonical-pages/catalog-promoted/problems-help/v500-prob-help-can-i-have-an-interpreter.json","3","5","8","ready","2","PASS","",""
"1216","viet-phrase-v500-prob-help-can-i-leave-my-contact-information","v500-prob-help-can-i-leave-my-contact-information","Tôi có thể để lại thông tin liên lạc của mình được không?","Can I leave my contact information?","catalog-promoted","content-draft/viet/canonical-pages/catalog-promoted/problems-help/v500-prob-help-can-i-leave-my-contact-information.json","3","5","9","ready","2","PASS","",""
"1217","viet-phrase-v500-prob-help-can-you-call-my-emergency-contact","v500-prob-help-can-you-call-my-emergency-contact","Bạn có thể gọi cho người liên lạc khẩn cấp của tôi được không?","Can you call my emergency contact?","catalog-promoted","content-draft/viet/canonical-pages/catalog-promoted/problems-help/v500-prob-help-can-you-call-my-emergency-contact.json","3","5","11","ready","2","PASS","",""
"1218","viet-phrase-v500-prob-help-can-you-call-security","v500-prob-help-can-you-call-security","Bạn có thể gọi bảo vệ được không?","Can you call security?","catalog-promoted","content-draft/viet/canonical-pages/catalog-promoted/problems-help/v500-prob-help-can-you-call-security.json","3","5","6","ready","2","PASS","",""
"1219","viet-phrase-v500-prob-help-can-you-check-the-security-camera","v500-prob-help-can-you-check-the-security-camera","Bạn có thể kiểm tra camera an ninh được không?","Can you check the security camera?","catalog-promoted","content-draft/viet/canonical-pages/catalog-promoted/problems-help/v500-prob-help-can-you-check-the-security-camera.json","3","5","7","ready","2","PASS","",""
"1220","viet-phrase-v500-prob-help-can-you-contact-the-driver","v500-prob-help-can-you-contact-the-driver","Bạn có thể liên hệ với tài xế được không?","Can you contact the driver?","catalog-promoted","content-draft/viet/canonical-pages/catalog-promoted/problems-help/v500-prob-help-can-you-contact-the-driver.json","3","5","7","ready","2","PASS","",""
"1221","viet-phrase-v500-prob-help-can-you-help-me-contact-my-hotel","v500-prob-help-can-you-help-me-contact-my-hotel","Bạn có thể giúp tôi liên hệ với khách sạn của tôi được không?","Can you help me contact my hotel?","catalog-promoted","content-draft/viet/canonical-pages/catalog-promoted/problems-help/v500-prob-help-can-you-help-me-contact-my-hotel.json","3","5","10","ready","2","PASS","",""
"1222","viet-phrase-v500-prob-help-can-you-help-me-look-for-it","v500-prob-help-can-you-help-me-look-for-it","Bạn có thể giúp tôi tìm nó được không?","Can you help me look for it?","catalog-promoted","content-draft/viet/canonical-pages/catalog-promoted/problems-help/v500-prob-help-can-you-help-me-look-for-it.json","3","5","8","ready","2","PASS","",""
"1223","viet-phrase-v500-prob-help-i-have-contacted-my-embassy","v500-prob-help-i-have-contacted-my-embassy","Tôi đã liên lạc với đại sứ quán của tôi","I have contacted my embassy","catalog-promoted","content-draft/viet/canonical-pages/catalog-promoted/problems-help/v500-prob-help-i-have-contacted-my-embassy.json","3","5","8","ready","2","PASS","",""
"1224","viet-phrase-v500-prob-help-i-lost-my-room-key","v500-prob-help-i-lost-my-room-key","Tôi bị mất chìa khóa phòng","I lost my room key","catalog-promoted","content-draft/viet/canonical-pages/catalog-promoted/problems-help/v500-prob-help-i-lost-my-room-key.json","3","5","4","ready","2","PASS","",""
"1225","viet-phrase-v500-prob-help-i-need-help-now","v500-prob-help-i-need-help-now","Tôi cần giúp đỡ bây giờ","I need help now","tier1","content-draft/viet/canonical-pages/tier-one/problems-help/v500-prob-help-i-need-help-now.json","4","5","5","ready","1","PASS","",""
"1226","viet-phrase-v500-prob-help-i-need-to-speak-with-the-manager","v500-prob-help-i-need-to-speak-with-the-manager","Tôi cần nói chuyện với người quản lý","I need to speak with the manager","catalog-promoted","content-draft/viet/canonical-pages/catalog-promoted/problems-help/v500-prob-help-i-need-to-speak-with-the-manager.json","3","5","8","ready","2","PASS","",""
"1227","viet-phrase-v500-prob-help-my-phone-is-missing","v500-prob-help-my-phone-is-missing","Điện thoại của tôi bị mất","My phone is missing","catalog-promoted","content-draft/viet/canonical-pages/catalog-promoted/problems-help/v500-prob-help-my-phone-is-missing.json","3","5","4","ready","2","PASS","",""
"1228","viet-phrase-v500-prob-help-my-wallet-is-missing","v500-prob-help-my-wallet-is-missing","Ví của tôi bị mất","My wallet is missing","catalog-promoted","content-draft/viet/canonical-pages/catalog-promoted/problems-help/v500-prob-help-my-wallet-is-missing.json","3","5","4","ready","2","PASS","",""
"1229","viet-phrase-v500-prob-help-please-call-my-hotel","v500-prob-help-please-call-my-hotel","Vui lòng gọi cho khách sạn của tôi","Please call my hotel","catalog-promoted","content-draft/viet/canonical-pages/catalog-promoted/problems-help/v500-prob-help-please-call-my-hotel.json","3","5","6","ready","2","PASS","",""
"1230","viet-phrase-v500-prob-help-please-call-this-number","v500-prob-help-please-call-this-number","Vui lòng gọi số này","Please call this number","catalog-promoted","content-draft/viet/canonical-pages/catalog-promoted/problems-help/v500-prob-help-please-call-this-number.json","3","5","5","ready","2","PASS","",""
"1231","viet-phrase-v500-prob-help-please-help-me-contact-my-embassy","v500-prob-help-please-help-me-contact-my-embassy","Xin hãy giúp tôi liên hệ với đại sứ quán của tôi","Please help me contact my embassy","catalog-promoted","content-draft/viet/canonical-pages/catalog-promoted/problems-help/v500-prob-help-please-help-me-contact-my-embassy.json","3","5","9","ready","2","PASS","",""
"1232","viet-phrase-v500-prob-help-please-speak-to-them-for-me","v500-prob-help-please-speak-to-them-for-me","Hãy nói chuyện với họ giúp tôi","Please speak to them for me","catalog-promoted","content-draft/viet/canonical-pages/catalog-promoted/problems-help/v500-prob-help-please-speak-to-them-for-me.json","3","5","8","ready","2","PASS","",""
"1233","viet-phrase-v500-prob-help-please-stay-with-me","v500-prob-help-please-stay-with-me","Xin hãy ở lại với tôi","Please stay with me","catalog-promoted","content-draft/viet/canonical-pages/catalog-promoted/problems-help/v500-prob-help-please-stay-with-me.json","3","5","7","ready","2","PASS","",""
"1234","viet-phrase-v500-prob-help-please-write-down-your-name","v500-prob-help-please-write-down-your-name","Hãy viết tên của bạn","Please write down your name","catalog-promoted","content-draft/viet/canonical-pages/catalog-promoted/problems-help/v500-prob-help-please-write-down-your-name.json","3","5","5","ready","2","PASS","",""
"1235","viet-phrase-v500-prob-help-someone-took-my-phone","v500-prob-help-someone-took-my-phone","Ai đó đã lấy điện thoại của tôi","Someone took my phone","catalog-promoted","content-draft/viet/canonical-pages/catalog-promoted/problems-help/v500-prob-help-someone-took-my-phone.json","3","5","6","ready","2","PASS","",""
"1236","viet-phrase-v500-prob-help-this-is-what-happened","v500-prob-help-this-is-what-happened","Đây là những gì đã xảy ra","This is what happened","catalog-promoted","content-draft/viet/canonical-pages/catalog-promoted/problems-help/v500-prob-help-this-is-what-happened.json","3","5","7","ready","2","PASS","",""
"1237","viet-phrase-v500-prob-help-where-is-the-nearest-embassy","v500-prob-help-where-is-the-nearest-embassy","Đại sứ quán gần nhất ở đâu?","Where is the nearest embassy?","catalog-promoted","content-draft/viet/canonical-pages/catalog-promoted/problems-help/v500-prob-help-where-is-the-nearest-embassy.json","3","5","4","ready","2","PASS","",""
"1238","viet-phrase-v500-prob-help-where-is-the-police-station","v500-prob-help-where-is-the-police-station","Đồn cảnh sát ở đâu?","Where is the police station?","catalog-promoted","content-draft/viet/canonical-pages/catalog-promoted/problems-help/v500-prob-help-where-is-the-police-station.json","3","5","3","ready","2","PASS","",""
"1239","viet-phrase-v500-shop-can-i-return-it","v500-shop-can-i-return-it","Tôi có thể trả lại nó được không?","Can I return it?","catalog-promoted","content-draft/viet/canonical-pages/catalog-promoted/shopping/v500-shop-can-i-return-it.json","3","5","7","ready","2","PASS","",""
"1240","viet-phrase-v500-shop-can-i-touch-it","v500-shop-can-i-touch-it","Tôi có thể chạm vào nó được không?","Can I touch it?","catalog-promoted","content-draft/viet/canonical-pages/catalog-promoted/shopping/v500-shop-can-i-touch-it.json","3","5","7","ready","2","PASS","",""
"1241","viet-phrase-v500-shop-can-you-lower-the-price","v500-shop-can-you-lower-the-price","Giảm giá chút được không?","Can you lower the price?","tier1","content-draft/viet/canonical-pages/tier-one/shopping/v500-shop-can-you-lower-the-price.json","4","6","4","ready","2","PASS","",""
"1242","viet-phrase-v500-shop-can-you-put-it-in-a-bag","v500-shop-can-you-put-it-in-a-bag","Bạn có thể bỏ nó vào túi được không?","Can you put it in a bag?","catalog-promoted","content-draft/viet/canonical-pages/catalog-promoted/shopping/v500-shop-can-you-put-it-in-a-bag.json","3","5","8","ready","2","PASS","",""
"1243","viet-phrase-v500-shop-can-you-show-me-another-one","v500-shop-can-you-show-me-another-one","Bạn có thể cho tôi xem một cái khác được không?","Can you show me another one?","catalog-promoted","content-draft/viet/canonical-pages/catalog-promoted/shopping/v500-shop-can-you-show-me-another-one.json","3","5","9","ready","2","PASS","",""
"1244","viet-phrase-v500-shop-do-you-have-this","v500-shop-do-you-have-this","Bạn có cái này không?","Do you have this?","catalog-promoted","content-draft/viet/canonical-pages/catalog-promoted/shopping/v500-shop-do-you-have-this.json","3","5","6","ready","2","PASS","",""
"1245","viet-phrase-v500-shop-how-much-is-this-item","v500-shop-how-much-is-this-item","Mặt hàng này giá bao nhiêu?","How much is this item?","tier1","content-draft/viet/canonical-pages/tier-one/shopping/v500-shop-how-much-is-this-item.json","4","6","6","ready","2","PASS","",""
"1246","viet-phrase-v500-shop-is-this-new","v500-shop-is-this-new","Cái này có mới không?","Is this new?","catalog-promoted","content-draft/viet/canonical-pages/catalog-promoted/shopping/v500-shop-is-this-new.json","3","5","6","ready","2","PASS","",""
"1247","viet-phrase-v500-shop-okay-ill-take-it","v500-shop-okay-ill-take-it","Được rồi, tôi sẽ lấy nó","Okay, I’ll take it","catalog-promoted","content-draft/viet/canonical-pages/catalog-promoted/shopping/v500-shop-okay-ill-take-it.json","3","5","7","ready","2","PASS","",""
"1248","viet-phrase-v500-shop-this-is-too-big","v500-shop-this-is-too-big","Cái này quá lớn","This is too big","catalog-promoted","content-draft/viet/canonical-pages/catalog-promoted/shopping/v500-shop-this-is-too-big.json","3","5","5","ready","2","PASS","",""
"1249","viet-phrase-v500-shop-this-is-too-small","v500-shop-this-is-too-small","Cái này quá nhỏ","This is too small","catalog-promoted","content-draft/viet/canonical-pages/catalog-promoted/shopping/v500-shop-this-is-too-small.json","3","5","5","ready","2","PASS","",""
"1250","viet-phrase-v500-sigh-acti-can-i-have-a-map","v500-sigh-acti-can-i-have-a-map","Tôi có thể có bản đồ được không?","Can I have a map?","catalog-promoted","content-draft/viet/canonical-pages/catalog-promoted/sightseeing-activities/v500-sigh-acti-can-i-have-a-map.json","3","5","6","ready","2","PASS","",""
"1251","viet-phrase-v500-sigh-acti-can-i-join-today","v500-sigh-acti-can-i-join-today","Tôi có thể tham gia ngay hôm nay không?","Can I join today?","catalog-promoted","content-draft/viet/canonical-pages/catalog-promoted/sightseeing-activities/v500-sigh-acti-can-i-join-today.json","3","5","7","ready","2","PASS","",""
"1252","viet-phrase-v500-sigh-acti-i-have-a-tour-booking","v500-sigh-acti-i-have-a-tour-booking","Tôi có đặt tour","I have a tour booking","tier1","content-draft/viet/canonical-pages/tier-one/sightseeing-activities/v500-sigh-acti-i-have-a-tour-booking.json","4","5","4","ready","2","PASS","",""
"1253","viet-phrase-v500-sigh-acti-what-should-i-avoid","v500-sigh-acti-what-should-i-avoid","Tôi nên tránh những gì?","What should I avoid?","catalog-promoted","content-draft/viet/canonical-pages/catalog-promoted/sightseeing-activities/v500-sigh-acti-what-should-i-avoid.json","3","5","6","ready","2","PASS","",""
"1254","viet-phrase-v500-sigh-acti-where-can-i-buy-tickets","v500-sigh-acti-where-can-i-buy-tickets","Tôi có thể mua vé ở đâu?","Where can I buy tickets?","catalog-promoted","content-draft/viet/canonical-pages/catalog-promoted/sightseeing-activities/v500-sigh-acti-where-can-i-buy-tickets.json","3","5","6","ready","4","PASS","",""
"1255","viet-phrase-v500-sigh-acti-where-is-the-entrance","v500-sigh-acti-where-is-the-entrance","Lối vào ở đâu?","Where is the entrance?","catalog-promoted","content-draft/viet/canonical-pages/catalog-promoted/sightseeing-activities/v500-sigh-acti-where-is-the-entrance.json","3","5","3","ready","2","PASS","",""
"1256","viet-phrase-v500-sigh-acti-where-is-the-exit","v500-sigh-acti-where-is-the-exit","Lối ra ở đâu?","Where is the exit?","catalog-promoted","content-draft/viet/canonical-pages/catalog-promoted/sightseeing-activities/v500-sigh-acti-where-is-the-exit.json","3","5","3","ready","2","PASS","",""
"1257","viet-phrase-v500-soci-smal-talk-can-we-go-somewhere-cooler","v500-soci-smal-talk-can-we-go-somewhere-cooler","Chúng ta có thể đi đâu đó mát mẻ hơn được không?","Can we go somewhere cooler?","catalog-promoted","content-draft/viet/canonical-pages/catalog-promoted/social-small-talk/v500-soci-smal-talk-can-we-go-somewhere-cooler.json","3","5","9","ready","2","PASS","",""
"1258","viet-phrase-v500-soci-smal-talk-i-need-to-rest-for-a-moment","v500-soci-smal-talk-i-need-to-rest-for-a-moment","Tôi cần nghỉ ngơi một lát","I need to rest for a moment","catalog-promoted","content-draft/viet/canonical-pages/catalog-promoted/social-small-talk/v500-soci-smal-talk-i-need-to-rest-for-a-moment.json","3","5","6","ready","2","PASS","",""
"1259","viet-phrase-v500-soci-smal-talk-i-want-to-be-alone-thank-you","v500-soci-smal-talk-i-want-to-be-alone-thank-you","Tôi muốn ở một mình, cảm ơn bạn","I want to be alone, thank you","catalog-promoted","content-draft/viet/canonical-pages/catalog-promoted/social-small-talk/v500-soci-smal-talk-i-want-to-be-alone-thank-you.json","3","5","7","ready","2","PASS","",""
"1260","viet-phrase-v500-soci-smal-talk-no-thank-you-im-not-interested","v500-soci-smal-talk-no-thank-you-im-not-interested","Không, cảm ơn, tôi không quan tâm","No thank you, I’m not interested","catalog-promoted","content-draft/viet/canonical-pages/catalog-promoted/social-small-talk/v500-soci-smal-talk-no-thank-you-im-not-interested.json","3","5","6","ready","2","PASS","",""
"1261","viet-phrase-v500-soci-smal-talk-please-do-not-take-my-photo","v500-soci-smal-talk-please-do-not-take-my-photo","Làm ơn đừng chụp ảnh tôi","Please do not take my photo","catalog-promoted","content-draft/viet/canonical-pages/catalog-promoted/social-small-talk/v500-soci-smal-talk-please-do-not-take-my-photo.json","3","5","6","ready","2","PASS","",""
"1262","viet-phrase-v500-soci-smal-talk-where-can-i-buy-a-raincoat","v500-soci-smal-talk-where-can-i-buy-a-raincoat","Tôi có thể mua áo mưa ở đâu?","Where can I buy a raincoat?","catalog-promoted","content-draft/viet/canonical-pages/catalog-promoted/social-small-talk/v500-soci-smal-talk-where-can-i-buy-a-raincoat.json","3","5","6","ready","2","PASS","",""
"1263","viet-phrase-v500-soci-smal-talk-where-can-i-wait-out-the-rain","v500-soci-smal-talk-where-can-i-wait-out-the-rain","Tôi có thể chờ mưa ở đâu?","Where can I wait out the rain?","catalog-promoted","content-draft/viet/canonical-pages/catalog-promoted/social-small-talk/v500-soci-smal-talk-where-can-i-wait-out-the-rain.json","3","5","6","ready","2","PASS","",""
"1264","viet-phrase-v500-soci-smal-talk-will-it-rain-today","v500-soci-smal-talk-will-it-rain-today","Hôm nay trời có mưa không?","Will it rain today?","catalog-promoted","content-draft/viet/canonical-pages/catalog-promoted/social-small-talk/v500-soci-smal-talk-will-it-rain-today.json","3","5","6","ready","2","PASS","",""
"1265","viet-phrase-v500-time-date-book-can-i-book-online","v500-time-date-book-can-i-book-online","Tôi có thể đặt chỗ trực tuyến không?","Can I book online?","catalog-promoted","content-draft/viet/canonical-pages/catalog-promoted/time-dates-booking/v500-time-date-book-can-i-book-online.json","3","5","7","ready","2","PASS","",""
"1266","viet-phrase-v500-time-date-book-can-i-change-the-date","v500-time-date-book-can-i-change-the-date","Tôi có thể thay đổi ngày được không?","Can I change the date?","catalog-promoted","content-draft/viet/canonical-pages/catalog-promoted/time-dates-booking/v500-time-date-book-can-i-change-the-date.json","3","5","7","ready","2","PASS","",""
"1267","viet-phrase-v500-time-date-book-can-i-change-the-time","v500-time-date-book-can-i-change-the-time","Tôi có thể thay đổi thời gian được không?","Can I change the time?","catalog-promoted","content-draft/viet/canonical-pages/catalog-promoted/time-dates-booking/v500-time-date-book-can-i-change-the-time.json","3","5","8","ready","2","PASS","",""
"1268","viet-phrase-v500-time-date-book-can-i-choose-my-seat","v500-time-date-book-can-i-choose-my-seat","Tôi có thể chọn chỗ ngồi của mình không?","Can I choose my seat?","catalog-promoted","content-draft/viet/canonical-pages/catalog-promoted/time-dates-booking/v500-time-date-book-can-i-choose-my-seat.json","3","5","7","ready","2","PASS","",""
"1269","viet-phrase-v500-time-date-book-can-i-make-a-reservation","v500-time-date-book-can-i-make-a-reservation","Tôi có thể đặt chỗ được không?","Can I make a reservation?","catalog-promoted","content-draft/viet/canonical-pages/catalog-promoted/time-dates-booking/v500-time-date-book-can-i-make-a-reservation.json","3","5","5","ready","2","PASS","",""
"1270","viet-phrase-v500-time-date-book-do-i-need-a-deposit","v500-time-date-book-do-i-need-a-deposit","Tôi có cần đặt cọc không?","Do I need a deposit?","catalog-promoted","content-draft/viet/canonical-pages/catalog-promoted/time-dates-booking/v500-time-date-book-do-i-need-a-deposit.json","3","5","7","ready","2","PASS","",""
"1271","viet-phrase-v500-time-date-book-how-long-does-it-take","v500-time-date-book-how-long-does-it-take","Phải mất bao lâu?","How long does it take?","catalog-promoted","content-draft/viet/canonical-pages/catalog-promoted/time-dates-booking/v500-time-date-book-how-long-does-it-take.json","3","5","3","ready","2","PASS","",""
"1272","viet-phrase-v500-time-date-book-how-long-is-the-wait","v500-time-date-book-how-long-is-the-wait","Thời gian chờ đợi là bao lâu?","How long is the wait?","catalog-promoted","content-draft/viet/canonical-pages/catalog-promoted/time-dates-booking/v500-time-date-book-how-long-is-the-wait.json","3","5","6","ready","2","PASS","",""
"1273","viet-phrase-v500-time-date-book-i-booked-the-wrong-date","v500-time-date-book-i-booked-the-wrong-date","Tôi đã đặt sai ngày","I booked the wrong date","catalog-promoted","content-draft/viet/canonical-pages/catalog-promoted/time-dates-booking/v500-time-date-book-i-booked-the-wrong-date.json","3","5","5","ready","2","PASS","",""
"1274","viet-phrase-v500-time-date-book-i-booked-the-wrong-time","v500-time-date-book-i-booked-the-wrong-time","Tôi đã đặt sai thời gian","I booked the wrong time","catalog-promoted","content-draft/viet/canonical-pages/catalog-promoted/time-dates-booking/v500-time-date-book-i-booked-the-wrong-time.json","3","5","6","ready","2","PASS","",""
"1275","viet-phrase-v500-time-date-book-i-need-to-change-my-booking","v500-time-date-book-i-need-to-change-my-booking","Tôi cần thay đổi đặt chỗ của mình","I need to change my booking","catalog-promoted","content-draft/viet/canonical-pages/catalog-promoted/time-dates-booking/v500-time-date-book-i-need-to-change-my-booking.json","3","5","7","ready","2","PASS","",""
"1276","viet-phrase-v500-time-date-book-is-it-open-today","v500-time-date-book-is-it-open-today","Hôm nay có mở cửa không?","Is it open today?","catalog-promoted","content-draft/viet/canonical-pages/catalog-promoted/time-dates-booking/v500-time-date-book-is-it-open-today.json","3","5","5","ready","2","PASS","",""
"1277","viet-phrase-v500-time-date-book-is-it-open-tomorrow","v500-time-date-book-is-it-open-tomorrow","Ngày mai có mở cửa không?","Is it open tomorrow?","catalog-promoted","content-draft/viet/canonical-pages/catalog-promoted/time-dates-booking/v500-time-date-book-is-it-open-tomorrow.json","3","5","5","ready","2","PASS","",""
"1278","viet-phrase-v500-time-date-book-is-re-entry-allowed","v500-time-date-book-is-re-entry-allowed","Có được phép nhập cảnh lại không?","Is re-entry allowed?","catalog-promoted","content-draft/viet/canonical-pages/catalog-promoted/time-dates-booking/v500-time-date-book-is-re-entry-allowed.json","3","5","5","ready","2","PASS","",""
"1279","viet-phrase-v500-time-date-book-is-there-a-change-fee","v500-time-date-book-is-there-a-change-fee","Có phí thay đổi không?","Is there a change fee?","catalog-promoted","content-draft/viet/canonical-pages/catalog-promoted/time-dates-booking/v500-time-date-book-is-there-a-change-fee.json","3","5","6","ready","2","PASS","",""
"1280","viet-phrase-v500-time-date-book-is-there-a-wait","v500-time-date-book-is-there-a-wait","Có chờ đợi không?","Is there a wait?","tier1","content-draft/viet/canonical-pages/tier-one/time-dates-booking/v500-time-date-book-is-there-a-wait.json","4","6","4","ready","2","PASS","",""
"1281","viet-phrase-v500-time-date-book-one-ticket-please","v500-time-date-book-one-ticket-please","Xin một vé","One ticket, please","tier1","content-draft/viet/canonical-pages/tier-one/time-dates-booking/v500-time-date-book-one-ticket-please.json","4","6","4","ready","2","PASS","",""
"1282","viet-phrase-v500-time-date-book-two-tickets-please","v500-time-date-book-two-tickets-please","Xin cho hai vé","Two tickets, please","catalog-promoted","content-draft/viet/canonical-pages/catalog-promoted/time-dates-booking/v500-time-date-book-two-tickets-please.json","3","5","5","ready","2","PASS","",""
"1283","viet-phrase-v500-time-date-book-when-is-the-next-one","v500-time-date-book-when-is-the-next-one","Lần tiếp theo là khi nào?","When is the next one?","catalog-promoted","content-draft/viet/canonical-pages/catalog-promoted/time-dates-booking/v500-time-date-book-when-is-the-next-one.json","3","5","6","ready","2","PASS","",""
"1284","viet-phrase-v500-time-date-book-where-is-the-line","v500-time-date-book-where-is-the-line","Đường dây ở đâu?","Where is the line?","catalog-promoted","content-draft/viet/canonical-pages/catalog-promoted/time-dates-booking/v500-time-date-book-where-is-the-line.json","3","5","3","ready","2","PASS","",""
"1285","viet-phrase-v500-tran-are-you-my-driver","v500-tran-are-you-my-driver","Bạn là tài xế của tôi à?","Are you my driver?","catalog-promoted","content-draft/viet/canonical-pages/catalog-promoted/transport/v500-tran-are-you-my-driver.json","3","5","6","ready","2","PASS","",""
"1286","viet-phrase-v500-tran-can-i-put-my-bag-here","v500-tran-can-i-put-my-bag-here","Tôi có thể đặt túi của tôi ở đây được không?","Can I put my bag here?","catalog-promoted","content-draft/viet/canonical-pages/catalog-promoted/transport/v500-tran-can-i-put-my-bag-here.json","3","5","9","ready","2","PASS","",""
"1287","viet-phrase-v500-tran-do-you-have-a-helmet","v500-tran-do-you-have-a-helmet","Bạn có mũ bảo hiểm không?","Do you have a helmet?","catalog-promoted","content-draft/viet/canonical-pages/catalog-promoted/transport/v500-tran-do-you-have-a-helmet.json","3","5","5","ready","2","PASS","",""
"1288","viet-phrase-v500-tran-does-this-bus-go-there","v500-tran-does-this-bus-go-there","Xe buýt này có đi đến đó không?","Does this bus go there?","catalog-promoted","content-draft/viet/canonical-pages/catalog-promoted/transport/v500-tran-does-this-bus-go-there.json","3","5","8","ready","2","PASS","",""
"1289","viet-phrase-v500-tran-i-feel-unsafe-please-stop","v500-tran-i-feel-unsafe-please-stop","Tôi cảm thấy không an toàn, xin hãy dừng lại","I feel unsafe, please stop","catalog-promoted","content-draft/viet/canonical-pages/catalog-promoted/transport/v500-tran-i-feel-unsafe-please-stop.json","3","5","7","ready","2","PASS","",""
"1290","viet-phrase-v500-tran-i-got-on-the-wrong-bus","v500-tran-i-got-on-the-wrong-bus","Tôi lên nhầm xe buýt","I got on the wrong bus","catalog-promoted","content-draft/viet/canonical-pages/catalog-promoted/transport/v500-tran-i-got-on-the-wrong-bus.json","3","5","5","ready","2","PASS","",""
"1291","viet-phrase-v500-tran-i-left-something-in-the-car","v500-tran-i-left-something-in-the-car","Tôi để quên thứ gì đó trong xe","I left something in the car","catalog-promoted","content-draft/viet/canonical-pages/catalog-promoted/transport/v500-tran-i-left-something-in-the-car.json","3","5","8","ready","2","PASS","",""
"1292","viet-phrase-v500-tran-i-missed-my-stop","v500-tran-i-missed-my-stop","Tôi đã bỏ lỡ điểm dừng của mình","I missed my stop","catalog-promoted","content-draft/viet/canonical-pages/catalog-promoted/transport/v500-tran-i-missed-my-stop.json","3","5","8","ready","2","PASS","",""
"1293","viet-phrase-v500-tran-i-will-pay-the-driver-in-cash","v500-tran-i-will-pay-the-driver-in-cash","Tôi sẽ trả tiền mặt cho tài xế","I will pay the driver in cash","catalog-promoted","content-draft/viet/canonical-pages/catalog-promoted/transport/v500-tran-i-will-pay-the-driver-in-cash.json","3","5","7","ready","2","PASS","",""
"1294","viet-phrase-v500-tran-is-this-my-car","v500-tran-is-this-my-car","Đây có phải là xe của tôi không?","Is this my car?","catalog-promoted","content-draft/viet/canonical-pages/catalog-promoted/transport/v500-tran-is-this-my-car.json","3","5","8","ready","2","PASS","",""
"1295","viet-phrase-v500-tran-is-this-train-delayed","v500-tran-is-this-train-delayed","Chuyến tàu này có bị trễ không?","Is this train delayed?","catalog-promoted","content-draft/viet/canonical-pages/catalog-promoted/transport/v500-tran-is-this-train-delayed.json","3","5","8","ready","2","PASS","",""
"1296","viet-phrase-v500-tran-please-call-the-driver","v500-tran-please-call-the-driver","Vui lòng gọi tài xế","Please call the driver","catalog-promoted","content-draft/viet/canonical-pages/catalog-promoted/transport/v500-tran-please-call-the-driver.json","3","5","4","ready","2","PASS","",""
"1297","viet-phrase-v500-tran-please-drive-carefully","v500-tran-please-drive-carefully","Hãy lái xe cẩn thận","Please drive carefully","catalog-promoted","content-draft/viet/canonical-pages/catalog-promoted/transport/v500-tran-please-drive-carefully.json","3","5","6","ready","2","PASS","",""
"1298","viet-phrase-v500-tran-please-drive-slower","v500-tran-please-drive-slower","Xin hãy lái xe chậm lại","Please drive slower","catalog-promoted","content-draft/viet/canonical-pages/catalog-promoted/transport/v500-tran-please-drive-slower.json","3","5","7","ready","2","PASS","",""
"1299","viet-phrase-v500-tran-please-follow-the-map","v500-tran-please-follow-the-map","Hãy đi theo bản đồ","Please follow the map","catalog-promoted","content-draft/viet/canonical-pages/catalog-promoted/transport/v500-tran-please-follow-the-map.json","3","5","5","ready","2","PASS","",""
"1300","viet-phrase-v500-tran-please-go-straight","v500-tran-please-go-straight","Hãy đi thẳng","Please go straight","catalog-promoted","content-draft/viet/canonical-pages/catalog-promoted/transport/v500-tran-please-go-straight.json","3","5","3","ready","2","PASS","",""
"1301","viet-phrase-v500-tran-please-let-me-out-here","v500-tran-please-let-me-out-here","Xin vui lòng cho tôi ra khỏi đây","Please let me out here","catalog-promoted","content-draft/viet/canonical-pages/catalog-promoted/transport/v500-tran-please-let-me-out-here.json","3","5","7","ready","2","PASS","",""
"1302","viet-phrase-v500-tran-please-lower-the-music","v500-tran-please-lower-the-music","Làm ơn giảm nhạc đi","Please lower the music","catalog-promoted","content-draft/viet/canonical-pages/catalog-promoted/transport/v500-tran-please-lower-the-music.json","3","5","5","ready","2","PASS","",""
"1303","viet-phrase-v500-tran-please-open-the-trunk","v500-tran-please-open-the-trunk","Vui lòng mở cốp xe","Please open the trunk","catalog-promoted","content-draft/viet/canonical-pages/catalog-promoted/transport/v500-tran-please-open-the-trunk.json","3","5","5","ready","2","PASS","",""
"1304","viet-phrase-v500-tran-please-take-me-to-this-hotel","v500-tran-please-take-me-to-this-hotel","Vui lòng đưa tôi đến khách sạn này","Please take me to this hotel","catalog-promoted","content-draft/viet/canonical-pages/catalog-promoted/transport/v500-tran-please-take-me-to-this-hotel.json","3","5","7","ready","2","PASS","",""
"1305","viet-phrase-v500-tran-please-turn-around","v500-tran-please-turn-around","Xin hãy quay lại theo hướng khác","Please go back the other way","catalog-promoted","content-draft/viet/canonical-pages/catalog-promoted/transport/v500-tran-please-turn-around.json","3","5","7","ready","1","PASS","",""
"1306","viet-phrase-v500-tran-please-wait-here","v500-tran-please-wait-here","Xin vui lòng đợi ở đây","Please wait here","catalog-promoted","content-draft/viet/canonical-pages/catalog-promoted/transport/v500-tran-please-wait-here.json","3","5","5","ready","2","PASS","",""
"1307","viet-phrase-v500-tran-when-is-the-next-bus","v500-tran-when-is-the-next-bus","Khi nào có chuyến xe buýt tiếp theo?","When is the next bus?","catalog-promoted","content-draft/viet/canonical-pages/catalog-promoted/transport/v500-tran-when-is-the-next-bus.json","3","5","7","ready","2","PASS","",""
"1308","viet-phrase-v500-tran-where-do-i-return-it","v500-tran-where-do-i-return-it","Tôi có thể trả lại nó ở đâu?","Where do I return it?","catalog-promoted","content-draft/viet/canonical-pages/catalog-promoted/transport/v500-tran-where-do-i-return-it.json","3","5","7","ready","2","PASS","",""
"1309","viet-phrase-v500-unde-repa-can-i-use-a-translation-app","v500-unde-repa-can-i-use-a-translation-app","Tôi có thể sử dụng ứng dụng dịch thuật không?","Can I use a translation app?","catalog-promoted","content-draft/viet/canonical-pages/catalog-promoted/understanding-repair/v500-unde-repa-can-i-use-a-translation-app.json","3","5","7","ready","2","PASS","",""
"1310","viet-phrase-v500-unde-repa-can-you-repeat-the-last-part","v500-unde-repa-can-you-repeat-the-last-part","Bạn có thể nhắc lại phần cuối được không?","Can you repeat the last part?","catalog-promoted","content-draft/viet/canonical-pages/catalog-promoted/understanding-repair/v500-unde-repa-can-you-repeat-the-last-part.json","3","5","7","ready","2","PASS","",""
"1311","viet-phrase-v500-unde-repa-can-you-show-me-a-picture","v500-unde-repa-can-you-show-me-a-picture","Bạn có thể cho tôi xem một bức ảnh được không?","Can you show me a picture?","catalog-promoted","content-draft/viet/canonical-pages/catalog-promoted/understanding-repair/v500-unde-repa-can-you-show-me-a-picture.json","3","5","9","ready","2","PASS","",""
"1312","viet-phrase-v500-unde-repa-can-you-spell-the-name","v500-unde-repa-can-you-spell-the-name","Bạn có thể đánh vần tên được không?","Can you spell the name?","catalog-promoted","content-draft/viet/canonical-pages/catalog-promoted/understanding-repair/v500-unde-repa-can-you-spell-the-name.json","3","5","7","ready","2","PASS","",""
"1313","viet-phrase-v500-unde-repa-can-you-write-the-address","v500-unde-repa-can-you-write-the-address","Bạn có thể viết địa chỉ được không?","Can you write the address?","catalog-promoted","content-draft/viet/canonical-pages/catalog-promoted/understanding-repair/v500-unde-repa-can-you-write-the-address.json","3","5","6","ready","2","PASS","",""
"1314","viet-phrase-v500-unde-repa-can-you-write-the-price","v500-unde-repa-can-you-write-the-price","Bạn có thể viết giá được không?","Can you write the price?","catalog-promoted","content-draft/viet/canonical-pages/catalog-promoted/understanding-repair/v500-unde-repa-can-you-write-the-price.json","3","5","6","ready","2","PASS","",""
"1315","viet-phrase-v500-unde-repa-can-you-write-the-time","v500-unde-repa-can-you-write-the-time","Bạn có thể viết thời gian được không?","Can you write the time?","catalog-promoted","content-draft/viet/canonical-pages/catalog-promoted/understanding-repair/v500-unde-repa-can-you-write-the-time.json","3","5","7","ready","2","PASS","",""
"1316","viet-phrase-v500-unde-repa-do-you-mean-this-one","v500-unde-repa-do-you-mean-this-one","Ý bạn là cái này phải không?","Do you mean this one?","catalog-promoted","content-draft/viet/canonical-pages/catalog-promoted/understanding-repair/v500-unde-repa-do-you-mean-this-one.json","3","5","7","ready","2","PASS","",""
"1317","viet-phrase-v500-unde-repa-i-dont-understand-this-word","v500-unde-repa-i-dont-understand-this-word","Tôi không hiểu từ này","I don’t understand this word","catalog-promoted","content-draft/viet/canonical-pages/catalog-promoted/understanding-repair/v500-unde-repa-i-dont-understand-this-word.json","3","5","6","ready","2","PASS","",""
"1318","viet-phrase-v500-unde-repa-i-missed-what-you-said","v500-unde-repa-i-missed-what-you-said","Tôi đã bỏ lỡ những gì bạn nói","I missed what you said","catalog-promoted","content-draft/viet/canonical-pages/catalog-promoted/understanding-repair/v500-unde-repa-i-missed-what-you-said.json","3","5","9","ready","2","PASS","",""
"1319","viet-phrase-v500-unde-repa-i-understand-a-little","v500-unde-repa-i-understand-a-little","Tôi hiểu một chút","I understand a little","catalog-promoted","content-draft/viet/canonical-pages/catalog-promoted/understanding-repair/v500-unde-repa-i-understand-a-little.json","3","5","5","ready","2","PASS","",""
"1320","viet-phrase-v500-unde-repa-is-that-good-or-bad","v500-unde-repa-is-that-good-or-bad","Điều đó tốt hay xấu?","Is that good or bad?","catalog-promoted","content-draft/viet/canonical-pages/catalog-promoted/understanding-repair/v500-unde-repa-is-that-good-or-bad.json","3","5","6","ready","2","PASS","",""
"1321","viet-phrase-v500-unde-repa-is-that-per-person","v500-unde-repa-is-that-per-person","Đó có phải là mỗi người?","Is that per person?","catalog-promoted","content-draft/viet/canonical-pages/catalog-promoted/understanding-repair/v500-unde-repa-is-that-per-person.json","3","5","7","ready","2","PASS","",""
"1322","viet-phrase-v500-unde-repa-is-that-the-final-total","v500-unde-repa-is-that-the-final-total","Đó có phải là tổng số cuối cùng?","Is that the final total?","catalog-promoted","content-draft/viet/canonical-pages/catalog-promoted/understanding-repair/v500-unde-repa-is-that-the-final-total.json","3","5","9","ready","2","PASS","",""
"1323","viet-phrase-v500-unde-repa-is-this-the-place-on-the-map","v500-unde-repa-is-this-the-place-on-the-map","Đây có phải là địa điểm trên bản đồ không?","Is this the place on the map?","catalog-promoted","content-draft/viet/canonical-pages/catalog-promoted/understanding-repair/v500-unde-repa-is-this-the-place-on-the-map.json","3","5","9","ready","2","PASS","",""
"1324","viet-phrase-v500-unde-repa-is-this-the-right-number","v500-unde-repa-is-this-the-right-number","Đây có phải là con số đúng không?","Is this the right number?","catalog-promoted","content-draft/viet/canonical-pages/catalog-promoted/understanding-repair/v500-unde-repa-is-this-the-right-number.json","3","5","8","ready","2","PASS","",""
"1325","viet-phrase-v500-unde-repa-is-this-translation-correct","v500-unde-repa-is-this-translation-correct","Bản dịch này có đúng không?","Is this translation correct?","catalog-promoted","content-draft/viet/canonical-pages/catalog-promoted/understanding-repair/v500-unde-repa-is-this-translation-correct.json","3","5","5","ready","2","PASS","",""
"1326","viet-phrase-v500-unde-repa-let-me-show-you-instead","v500-unde-repa-let-me-show-you-instead","Thay vào đó hãy để tôi chỉ cho bạn","Let me show you instead","catalog-promoted","content-draft/viet/canonical-pages/catalog-promoted/understanding-repair/v500-unde-repa-let-me-show-you-instead.json","3","5","10","ready","2","PASS","",""
"1327","viet-phrase-v500-unde-repa-okay-now-i-understand","v500-unde-repa-okay-now-i-understand","Được rồi, bây giờ tôi đã hiểu","Okay, now I understand","catalog-promoted","content-draft/viet/canonical-pages/catalog-promoted/understanding-repair/v500-unde-repa-okay-now-i-understand.json","3","5","7","ready","2","PASS","",""
"1328","viet-phrase-v500-unde-repa-please-be-patient-with-me","v500-unde-repa-please-be-patient-with-me","Xin hãy kiên nhẫn với tôi","Please be patient with me","catalog-promoted","content-draft/viet/canonical-pages/catalog-promoted/understanding-repair/v500-unde-repa-please-be-patient-with-me.json","3","5","6","ready","2","PASS","",""
"1329","viet-phrase-v500-unde-repa-please-mark-it-here","v500-unde-repa-please-mark-it-here","Hãy đánh dấu nó ở đây","Please mark it here","catalog-promoted","content-draft/viet/canonical-pages/catalog-promoted/understanding-repair/v500-unde-repa-please-mark-it-here.json","3","5","6","ready","2","PASS","",""
"1330","viet-phrase-v500-unde-repa-please-point-to-it","v500-unde-repa-please-point-to-it","Hãy chỉ vào nó","Please point to it","catalog-promoted","content-draft/viet/canonical-pages/catalog-promoted/understanding-repair/v500-unde-repa-please-point-to-it.json","3","5","5","ready","2","PASS","",""
"1331","viet-phrase-v500-unde-repa-please-say-it-slowly","v500-unde-repa-please-say-it-slowly","Hãy nói từ từ nhé","Please say it slowly","tier1","content-draft/viet/canonical-pages/tier-one/understanding-repair/v500-unde-repa-please-say-it-slowly.json","4","7","5","ready","1","PASS","",""
"1332","viet-phrase-v500-unde-repa-please-show-me-where-to-tap","v500-unde-repa-please-show-me-where-to-tap","Vui lòng chỉ cho tôi nơi để nhấn","Please show me where to tap","catalog-promoted","content-draft/viet/canonical-pages/catalog-promoted/understanding-repair/v500-unde-repa-please-show-me-where-to-tap.json","3","5","8","ready","2","PASS","",""
"1333","viet-phrase-v500-unde-repa-please-speak-into-my-phone","v500-unde-repa-please-speak-into-my-phone","Hãy nói vào điện thoại của tôi","Please speak into my phone","catalog-promoted","content-draft/viet/canonical-pages/catalog-promoted/understanding-repair/v500-unde-repa-please-speak-into-my-phone.json","3","5","6","ready","2","PASS","",""
"1334","viet-phrase-v500-unde-repa-please-type-it-into-my-phone","v500-unde-repa-please-type-it-into-my-phone","Hãy gõ nó vào điện thoại của tôi.","Please type it into my phone.","catalog-promoted","content-draft/viet/canonical-pages/catalog-promoted/understanding-repair/v500-unde-repa-please-type-it-into-my-phone.json","3","5","7","ready","2","PASS","",""
"1335","viet-phrase-v500-unde-repa-thank-you-for-understanding","v500-unde-repa-thank-you-for-understanding","Cảm ơn bạn đã hiểu","Thank you for understanding","catalog-promoted","content-draft/viet/canonical-pages/catalog-promoted/understanding-repair/thank-you-cam-on-ban-da-hieu.json","5","6","5","ready","2","PASS","",""
"1336","viet-phrase-v500-unde-repa-that-is-not-what-i-meant","v500-unde-repa-that-is-not-what-i-meant","Đó không phải là ý tôi","That is not what I meant","catalog-promoted","content-draft/viet/canonical-pages/catalog-promoted/understanding-repair/v500-unde-repa-that-is-not-what-i-meant.json","3","5","7","ready","2","PASS","",""
"1337","viet-phrase-v900-airp-bord-arri-can-i-pay-the-driver-by-card","v900-airp-bord-arri-can-i-pay-the-driver-by-card","Tôi có thể thanh toán cho tài xế bằng thẻ không?","Can I pay the driver by card?","catalog-promoted","content-draft/viet/canonical-pages/catalog-promoted/airport-border-arrival/v900-airp-bord-arri-can-i-pay-the-driver-by-card.json","3","5","9","ready","2","PASS","",""
"1338","viet-phrase-v900-airp-bord-arri-can-you-help-me-book-a-taxi","v900-airp-bord-arri-can-you-help-me-book-a-taxi","Bạn có thể giúp tôi đặt một chiếc taxi được không?","Can you help me book a taxi?","catalog-promoted","content-draft/viet/canonical-pages/catalog-promoted/airport-border-arrival/v900-airp-bord-arri-can-you-help-me-book-a-taxi.json","3","6","9","ready","2","PASS","",""
"1339","viet-phrase-v900-airp-bord-arri-can-you-help-me-track-my-bag","v900-airp-bord-arri-can-you-help-me-track-my-bag","Bạn có thể giúp tôi theo dõi túi của tôi?","Can you help me track my bag?","catalog-promoted","content-draft/viet/canonical-pages/catalog-promoted/airport-border-arrival/v900-airp-bord-arri-can-you-help-me-track-my-bag.json","3","5","8","ready","2","PASS","",""
"1340","viet-phrase-v900-airp-bord-arri-do-i-need-to-fill-out-this-form","v900-airp-bord-arri-do-i-need-to-fill-out-this-form","Tôi có cần điền vào mẫu đơn này không?","Do I need to fill out this form?","catalog-promoted","content-draft/viet/canonical-pages/catalog-promoted/airport-border-arrival/v900-airp-bord-arri-do-i-need-to-fill-out-this-form.json","3","5","9","ready","2","PASS","",""
"1341","viet-phrase-v900-airp-bord-arri-how-long-does-it-take-to-get-downtown","v900-airp-bord-arri-how-long-does-it-take-to-get-downtown","Đi vào trung tâm thành phố mất bao lâu?","How long does it take to get downtown?","catalog-promoted","content-draft/viet/canonical-pages/catalog-promoted/airport-border-arrival/v900-airp-bord-arri-how-long-does-it-take-to-get-downtown.json","3","5","6","ready","2","PASS","",""
"1342","viet-phrase-v900-airp-bord-arri-i-have-an-airport-pickup-booked","v900-airp-bord-arri-i-have-an-airport-pickup-booked","Tôi đã đặt dịch vụ đón tại sân bay","I have an airport pickup booked","catalog-promoted","content-draft/viet/canonical-pages/catalog-promoted/airport-border-arrival/v900-airp-bord-arri-i-have-an-airport-pickup-booked.json","3","5","6","ready","2","PASS","",""
"1343","viet-phrase-v900-airp-bord-arri-i-made-a-mistake-on-the-form","v900-airp-bord-arri-i-made-a-mistake-on-the-form","Tôi đã mắc lỗi trong biểu mẫu","I made a mistake on the form","catalog-promoted","content-draft/viet/canonical-pages/catalog-promoted/airport-border-arrival/v900-airp-bord-arri-i-made-a-mistake-on-the-form.json","3","5","7","ready","2","PASS","",""
"1344","viet-phrase-v900-airp-bord-arri-i-think-i-went-to-the-wrong-terminal","v900-airp-bord-arri-i-think-i-went-to-the-wrong-terminal","Tôi nghĩ tôi đã đến nhầm nhà ga","I think I went to the wrong terminal","catalog-promoted","content-draft/viet/canonical-pages/catalog-promoted/airport-border-arrival/v900-airp-bord-arri-i-think-i-went-to-the-wrong-terminal.json","3","5","8","ready","2","PASS","",""
"1345","viet-phrase-v900-airp-bord-arri-is-there-a-shuttle-between-terminals","v900-airp-bord-arri-is-there-a-shuttle-between-terminals","Có xe đưa đón giữa các nhà ga không?","Is there a shuttle between terminals?","catalog-promoted","content-draft/viet/canonical-pages/catalog-promoted/airport-border-arrival/v900-airp-bord-arri-is-there-a-shuttle-between-terminals.json","3","5","6","ready","2","PASS","",""
"1346","viet-phrase-v900-airp-bord-arri-is-this-the-correct-immigration-line","v900-airp-bord-arri-is-this-the-correct-immigration-line","Đây có phải là đường nhập cư chính xác không?","Is this the correct immigration line?","catalog-promoted","content-draft/viet/canonical-pages/catalog-promoted/airport-border-arrival/v900-airp-bord-arri-is-this-the-correct-immigration-line.json","3","5","9","ready","2","PASS","",""
"1347","viet-phrase-v900-airp-bord-arri-is-this-the-official-taxi-line","v900-airp-bord-arri-is-this-the-official-taxi-line","Đây có phải là tuyến taxi chính thức?","Is this the official taxi line?","catalog-promoted","content-draft/viet/canonical-pages/catalog-promoted/airport-border-arrival/v900-airp-bord-arri-is-this-the-official-taxi-line.json","3","6","7","ready","2","PASS","",""
"1348","viet-phrase-v900-airp-bord-arri-please-call-this-driver-for-me","v900-airp-bord-arri-please-call-this-driver-for-me","Hãy gọi tài xế này cho tôi","Please call this driver for me","catalog-promoted","content-draft/viet/canonical-pages/catalog-promoted/airport-border-arrival/v900-airp-bord-arri-please-call-this-driver-for-me.json","3","5","7","ready","2","PASS","",""
"1349","viet-phrase-v900-airp-bord-arri-please-send-it-to-this-hotel","v900-airp-bord-arri-please-send-it-to-this-hotel","Vui lòng gửi nó đến khách sạn này","Please send it to this hotel","catalog-promoted","content-draft/viet/canonical-pages/catalog-promoted/airport-border-arrival/v900-airp-bord-arri-please-send-it-to-this-hotel.json","3","5","7","ready","2","PASS","",""
"1350","viet-phrase-v900-airp-bord-arri-where-can-i-buy-a-bottle-of-water","v900-airp-bord-arri-where-can-i-buy-a-bottle-of-water","Tôi có thể mua một chai nước ở đâu?","Where can I buy a bottle of water?","catalog-promoted","content-draft/viet/canonical-pages/catalog-promoted/airport-border-arrival/v900-airp-bord-arri-where-can-i-buy-a-bottle-of-water.json","3","5","7","ready","2","PASS","",""
"1351","viet-phrase-v900-airp-bord-arri-where-can-i-buy-a-bus-ticket-to-the-city","v900-airp-bord-arri-where-can-i-buy-a-bus-ticket-to-the-city","Mua vé xe buýt vào thành phố ở đâu?","Where can I buy a bus ticket to the city?","catalog-promoted","content-draft/viet/canonical-pages/catalog-promoted/airport-border-arrival/v900-airp-bord-arri-where-can-i-buy-a-bus-ticket-to-the-city.json","3","5","6","ready","2","PASS","",""
"1352","viet-phrase-v900-airp-bord-arri-where-can-i-charge-my-phone","v900-airp-bord-arri-where-can-i-charge-my-phone","Tôi có thể sạc điện thoại ở đâu?","Where can I charge my phone?","catalog-promoted","content-draft/viet/canonical-pages/catalog-promoted/airport-border-arrival/v900-airp-bord-arri-where-can-i-charge-my-phone.json","3","5","5","ready","2","PASS","",""
"1353","viet-phrase-v900-airp-bord-arri-where-can-i-get-airport-wi-fi","v900-airp-bord-arri-where-can-i-get-airport-wi-fi","Tôi có thể lấy Wi-Fi sân bay ở đâu?","Where can I get airport Wi-Fi?","catalog-promoted","content-draft/viet/canonical-pages/catalog-promoted/airport-border-arrival/v900-airp-bord-arri-where-can-i-get-airport-wi-fi.json","3","5","7","ready","2","PASS","",""
"1354","viet-phrase-v900-airp-bord-arri-where-is-the-arrivals-hall","v900-airp-bord-arri-where-is-the-arrivals-hall","Sảnh đến ở đâu?","Where is the arrivals hall?","catalog-promoted","content-draft/viet/canonical-pages/catalog-promoted/airport-border-arrival/v900-airp-bord-arri-where-is-the-arrivals-hall.json","3","5","3","ready","2","PASS","",""
"1355","viet-phrase-v900-airp-bord-arri-where-is-the-currency-exchange","v900-airp-bord-arri-where-is-the-currency-exchange","Đổi tiền ở đâu?","Where is the currency exchange?","catalog-promoted","content-draft/viet/canonical-pages/catalog-promoted/airport-border-arrival/v900-airp-bord-arri-where-is-the-currency-exchange.json","3","5","3","ready","2","PASS","",""
"1356","viet-phrase-v900-airp-bord-arri-where-is-the-departure-hall","v900-airp-bord-arri-where-is-the-departure-hall","Sảnh khởi hành ở đâu?","Where is the departure hall?","catalog-promoted","content-draft/viet/canonical-pages/catalog-promoted/airport-border-arrival/v900-airp-bord-arri-where-is-the-departure-hall.json","3","5","3","ready","2","PASS","",""
"1357","viet-phrase-v900-airp-bord-arri-where-is-the-grab-pickup-point","v900-airp-bord-arri-where-is-the-grab-pickup-point","Điểm đón Grab ở đâu?","Where is the Grab pickup point?","catalog-promoted","content-draft/viet/canonical-pages/catalog-promoted/airport-border-arrival/v900-airp-bord-arri-where-is-the-grab-pickup-point.json","3","6","4","ready","2","PASS","",""
"1358","viet-phrase-v900-airp-bord-arri-where-is-the-information-desk","v900-airp-bord-arri-where-is-the-information-desk","Bàn thông tin ở đâu?","Where is the information desk?","catalog-promoted","content-draft/viet/canonical-pages/catalog-promoted/airport-border-arrival/v900-airp-bord-arri-where-is-the-information-desk.json","3","5","4","ready","2","PASS","",""
"1359","viet-phrase-v900-airp-bord-arri-where-is-the-international-terminal","v900-airp-bord-arri-where-is-the-international-terminal","Nhà ga quốc tế ở đâu?","Where is the international terminal?","catalog-promoted","content-draft/viet/canonical-pages/catalog-promoted/airport-border-arrival/v900-airp-bord-arri-where-is-the-international-terminal.json","3","5","4","ready","2","PASS","",""
"1360","viet-phrase-v900-airp-bord-arri-where-is-the-oversized-baggage-area","v900-airp-bord-arri-where-is-the-oversized-baggage-area","Khu vực hành lý quá khổ ở đâu?","Where is the oversized baggage area?","catalog-promoted","content-draft/viet/canonical-pages/catalog-promoted/airport-border-arrival/v900-airp-bord-arri-where-is-the-oversized-baggage-area.json","3","5","5","ready","2","PASS","",""
"1361","viet-phrase-v900-airp-bord-arri-where-is-the-smoking-area","v900-airp-bord-arri-where-is-the-smoking-area","Khu vực hút thuốc ở đâu?","Where is the smoking area?","catalog-promoted","content-draft/viet/canonical-pages/catalog-promoted/airport-border-arrival/v900-airp-bord-arri-where-is-the-smoking-area.json","3","5","3","ready","2","PASS","",""
"1362","viet-phrase-v900-bath-pers-need-is-there-a-fee-for-the-bathroom","v900-bath-pers-need-is-there-a-fee-for-the-bathroom","Có tính phí cho phòng tắm không?","Is there a fee for the bathroom?","catalog-promoted","content-draft/viet/canonical-pages/catalog-promoted/bathroom-personal-needs/v900-bath-pers-need-is-there-a-fee-for-the-bathroom.json","3","5","6","ready","2","PASS","",""
"1363","viet-phrase-v900-dire-navi-can-you-call-this-place-and-ask-for-directions","v900-dire-navi-can-you-call-this-place-and-ask-for-directions","Bạn có thể gọi đến nơi này và hỏi đường được không?","Can you call this place and ask for directions?","catalog-promoted","content-draft/viet/canonical-pages/catalog-promoted/directions-navigation/v900-dire-navi-can-you-call-this-place-and-ask-for-directions.json","3","5","10","ready","2","PASS","",""
"1364","viet-phrase-v900-dire-navi-can-you-point-out-a-nearby-landmark","v900-dire-navi-can-you-point-out-a-nearby-landmark","Bạn có thể chỉ ra một điểm mốc gần đó không?","Can you point out a nearby landmark?","catalog-promoted","content-draft/viet/canonical-pages/catalog-promoted/directions-navigation/v900-dire-navi-can-you-point-out-a-nearby-landmark.json","3","5","10","ready","2","PASS","",""
"1365","viet-phrase-v900-dire-navi-how-long-does-it-take-by-motorbike","v900-dire-navi-how-long-does-it-take-by-motorbike","Đi xe máy mất bao lâu?","How long does it take by motorbike?","catalog-promoted","content-draft/viet/canonical-pages/catalog-promoted/directions-navigation/v900-dire-navi-how-long-does-it-take-by-motorbike.json","3","5","4","ready","2","PASS","",""
"1366","viet-phrase-v900-dire-navi-how-long-does-it-take-by-taxi","v900-dire-navi-how-long-does-it-take-by-taxi","Đi taxi mất bao lâu?","How long does it take by taxi?","catalog-promoted","content-draft/viet/canonical-pages/catalog-promoted/directions-navigation/v900-dire-navi-how-long-does-it-take-by-taxi.json","3","6","4","ready","2","PASS","",""
"1367","viet-phrase-v900-dire-navi-i-think-i-went-the-wrong-way","v900-dire-navi-i-think-i-went-the-wrong-way","Tôi nghĩ tôi đã đi sai đường","I think I went the wrong way","catalog-promoted","content-draft/viet/canonical-pages/catalog-promoted/directions-navigation/v900-dire-navi-i-think-i-went-the-wrong-way.json","3","5","8","ready","2","PASS","",""
"1368","viet-phrase-v900-dire-navi-is-it-across-from-the-cafe","v900-dire-navi-is-it-across-from-the-cafe","Nó có ở đối diện quán cà phê không?","Is it across from the cafe?","catalog-promoted","content-draft/viet/canonical-pages/catalog-promoted/directions-navigation/v900-dire-navi-is-it-across-from-the-cafe.json","3","5","7","ready","2","PASS","",""
"1369","viet-phrase-v900-dire-navi-is-it-behind-this-building","v900-dire-navi-is-it-behind-this-building","Nó có ở phía sau tòa nhà này không?","Is it behind this building?","catalog-promoted","content-draft/viet/canonical-pages/catalog-promoted/directions-navigation/v900-dire-navi-is-it-behind-this-building.json","3","5","9","ready","2","PASS","",""
"1370","viet-phrase-v900-dire-navi-is-it-on-this-side-of-the-street","v900-dire-navi-is-it-on-this-side-of-the-street","Có phải ở phía bên này của đường phố?","Is it on this side of the street?","catalog-promoted","content-draft/viet/canonical-pages/catalog-promoted/directions-navigation/v900-dire-navi-is-it-on-this-side-of-the-street.json","3","5","10","ready","2","PASS","",""
"1371","viet-phrase-v900-dire-navi-is-it-past-the-traffic-light","v900-dire-navi-is-it-past-the-traffic-light","Có vượt qua đèn giao thông không?","Is it past the traffic light?","catalog-promoted","content-draft/viet/canonical-pages/catalog-promoted/directions-navigation/v900-dire-navi-is-it-past-the-traffic-light.json","3","5","7","ready","2","PASS","",""
"1372","viet-phrase-v900-dire-navi-is-this-the-correct-pickup-point","v900-dire-navi-is-this-the-correct-pickup-point","Đây có phải là điểm đón chính xác không?","Is this the correct pickup point?","catalog-promoted","content-draft/viet/canonical-pages/catalog-promoted/directions-navigation/v900-dire-navi-is-this-the-correct-pickup-point.json","3","6","8","ready","2","PASS","",""
"1373","viet-phrase-v900-dire-navi-is-this-the-correct-street","v900-dire-navi-is-this-the-correct-street","Đây có phải là đường phố chính xác không?","Is this the correct street?","catalog-promoted","content-draft/viet/canonical-pages/catalog-promoted/directions-navigation/v900-dire-navi-is-this-the-correct-street.json","3","5","9","ready","2","PASS","",""
"1374","viet-phrase-v900-dire-navi-is-this-the-old-location-or-the-new-one","v900-dire-navi-is-this-the-old-location-or-the-new-one","Đây là địa điểm cũ hay địa điểm mới?","Is this the old location or the new one?","catalog-promoted","content-draft/viet/canonical-pages/catalog-promoted/directions-navigation/v900-dire-navi-is-this-the-old-location-or-the-new-one.json","3","5","6","ready","2","PASS","",""
"1375","viet-phrase-v900-dire-navi-please-point-me-in-the-right-direction","v900-dire-navi-please-point-me-in-the-right-direction","Xin hãy chỉ cho tôi đi đúng hướng","Please point me in the right direction","catalog-promoted","content-draft/viet/canonical-pages/catalog-promoted/directions-navigation/v900-dire-navi-please-point-me-in-the-right-direction.json","3","5","9","ready","2","PASS","",""
"1376","viet-phrase-v900-dire-navi-please-write-the-address-for-me","v900-dire-navi-please-write-the-address-for-me","Hãy viết địa chỉ cho tôi","Please write the address for me","catalog-promoted","content-draft/viet/canonical-pages/catalog-promoted/directions-navigation/v900-dire-navi-please-write-the-address-for-me.json","3","5","6","ready","2","PASS","",""
"1377","viet-phrase-v900-dire-navi-should-i-cross-the-street","v900-dire-navi-should-i-cross-the-street","Tôi có nên băng qua đường không?","Should I cross the street?","catalog-promoted","content-draft/viet/canonical-pages/catalog-promoted/directions-navigation/v900-dire-navi-should-i-cross-the-street.json","3","5","7","ready","2","PASS","",""
"1378","viet-phrase-v900-dire-navi-what-time-does-this-place-close","v900-dire-navi-what-time-does-this-place-close","Nơi này đóng cửa lúc mấy giờ?","What time does this place close?","catalog-promoted","content-draft/viet/canonical-pages/catalog-promoted/directions-navigation/v900-dire-navi-what-time-does-this-place-close.json","3","5","6","ready","2","PASS","",""
"1379","viet-phrase-v900-dire-navi-where-do-i-meet-the-tour-group","v900-dire-navi-where-do-i-meet-the-tour-group","Tôi gặp nhóm du lịch ở đâu?","Where do I meet the tour group?","catalog-promoted","content-draft/viet/canonical-pages/catalog-promoted/directions-navigation/v900-dire-navi-where-do-i-meet-the-tour-group.json","3","5","6","ready","2","PASS","",""
"1380","viet-phrase-v900-dire-navi-where-is-the-back-entrance","v900-dire-navi-where-is-the-back-entrance","Lối vào phía sau ở đâu?","Where is the back entrance?","catalog-promoted","content-draft/viet/canonical-pages/catalog-promoted/directions-navigation/v900-dire-navi-where-is-the-back-entrance.json","3","5","5","ready","2","PASS","",""
"1381","viet-phrase-v900-dire-navi-where-is-the-exit-to-the-street","v900-dire-navi-where-is-the-exit-to-the-street","Lối ra đường ở đâu?","Where is the exit to the street?","catalog-promoted","content-draft/viet/canonical-pages/catalog-promoted/directions-navigation/v900-dire-navi-where-is-the-exit-to-the-street.json","3","5","4","ready","2","PASS","",""
"1382","viet-phrase-v900-dire-navi-where-is-the-main-entrance","v900-dire-navi-where-is-the-main-entrance","Lối vào chính ở đâu?","Where is the main entrance?","catalog-promoted","content-draft/viet/canonical-pages/catalog-promoted/directions-navigation/v900-dire-navi-where-is-the-main-entrance.json","3","5","4","ready","2","PASS","",""
"1383","viet-phrase-v900-dire-navi-where-is-the-nearest-convenience-store","v900-dire-navi-where-is-the-nearest-convenience-store","Cửa hàng tiện lợi gần nhất ở đâu?","Where is the nearest convenience store?","catalog-promoted","content-draft/viet/canonical-pages/catalog-promoted/directions-navigation/v900-dire-navi-where-is-the-nearest-convenience-store.json","3","5","4","ready","2","PASS","",""
"1384","viet-phrase-v900-dire-navi-where-is-the-nearest-information-desk","v900-dire-navi-where-is-the-nearest-information-desk","Bàn thông tin gần nhất ở đâu?","Where is the nearest information desk?","catalog-promoted","content-draft/viet/canonical-pages/catalog-promoted/directions-navigation/v900-dire-navi-where-is-the-nearest-information-desk.json","3","5","5","ready","2","PASS","",""
"1385","viet-phrase-v900-dire-navi-where-is-the-ticket-office","v900-dire-navi-where-is-the-ticket-office","Phòng bán vé ở đâu?","Where is the ticket office?","catalog-promoted","content-draft/viet/canonical-pages/catalog-promoted/directions-navigation/v900-dire-navi-where-is-the-ticket-office.json","3","5","5","ready","2","PASS","",""
"1386","viet-phrase-v900-dire-navi-where-is-the-train-station","v900-dire-navi-where-is-the-train-station","Nhà ga xe lửa ở đâu?","Where is the train station?","catalog-promoted","content-draft/viet/canonical-pages/catalog-promoted/directions-navigation/v900-dire-navi-where-is-the-train-station.json","3","5","5","ready","2","PASS","",""
"1387","viet-phrase-v900-dire-navi-where-should-the-driver-stop","v900-dire-navi-where-should-the-driver-stop","Người lái xe nên dừng ở đâu?","Where should the driver stop?","catalog-promoted","content-draft/viet/canonical-pages/catalog-promoted/directions-navigation/v900-dire-navi-where-should-the-driver-stop.json","3","5","5","ready","2","PASS","",""
"1388","viet-phrase-v900-dire-navi-which-entrance-should-i-use","v900-dire-navi-which-entrance-should-i-use","Tôi nên sử dụng lối vào nào?","Which entrance should I use?","catalog-promoted","content-draft/viet/canonical-pages/catalog-promoted/directions-navigation/v900-dire-navi-which-entrance-should-i-use.json","3","5","6","ready","2","PASS","",""
"1389","viet-phrase-v900-emer-safe-can-you-help-me-cancel-my-card","v900-emer-safe-can-you-help-me-cancel-my-card","Bạn có thể giúp tôi hủy thẻ được không?","Can you help me cancel my card?","catalog-promoted","content-draft/viet/canonical-pages/catalog-promoted/emergency-safety/v900-emer-safe-can-you-help-me-cancel-my-card.json","3","5","8","ready","2","PASS","",""
"1390","viet-phrase-v900-emer-safe-i-am-safe-now","v900-emer-safe-i-am-safe-now","Bây giờ tôi đã an toàn","I am safe now","catalog-promoted","content-draft/viet/canonical-pages/catalog-promoted/emergency-safety/v900-emer-safe-i-am-safe-now.json","3","5","5","ready","2","PASS","",""
"1391","viet-phrase-v900-emer-safe-i-did-not-agree-to-that-price","v900-emer-safe-i-did-not-agree-to-that-price","Tôi không đồng ý với mức giá đó","I did not agree to that price","catalog-promoted","content-draft/viet/canonical-pages/catalog-promoted/emergency-safety/v900-emer-safe-i-did-not-agree-to-that-price.json","3","5","7","ready","2","PASS","",""
"1392","viet-phrase-v900-emer-safe-i-do-not-want-any-trouble","v900-emer-safe-i-do-not-want-any-trouble","Tôi không muốn bất kỳ rắc rối nào","I do not want any trouble","catalog-promoted","content-draft/viet/canonical-pages/catalog-promoted/emergency-safety/v900-emer-safe-i-do-not-want-any-trouble.json","3","5","7","ready","2","PASS","",""
"1393","viet-phrase-v900-emer-safe-i-need-a-temporary-travel-document","v900-emer-safe-i-need-a-temporary-travel-document","Tôi cần giấy thông hành tạm thời","I need a temporary travel document","catalog-promoted","content-draft/viet/canonical-pages/catalog-promoted/emergency-safety/v900-emer-safe-i-need-a-temporary-travel-document.json","3","5","5","ready","2","PASS","",""
"1394","viet-phrase-v900-emer-safe-i-think-this-is-a-scam","v900-emer-safe-i-think-this-is-a-scam","Tôi nghĩ đây là một trò lừa đảo","I think this is a scam","catalog-promoted","content-draft/viet/canonical-pages/catalog-promoted/emergency-safety/v900-emer-safe-i-think-this-is-a-scam.json","3","5","8","ready","2","PASS","",""
"1395","viet-phrase-v900-emer-safe-please-call-emergency-services","v900-emer-safe-please-call-emergency-services","Vui lòng gọi dịch vụ khẩn cấp","Please call emergency services","catalog-promoted","content-draft/viet/canonical-pages/catalog-promoted/emergency-safety/v900-emer-safe-please-call-emergency-services.json","3","5","6","ready","2","PASS","",""
"1396","viet-phrase-v900-emer-safe-please-call-the-manager-now","v900-emer-safe-please-call-the-manager-now","Hãy gọi ngay cho người quản lý","Please call the manager now","catalog-promoted","content-draft/viet/canonical-pages/catalog-promoted/emergency-safety/v900-emer-safe-please-call-the-manager-now.json","3","5","7","ready","2","PASS","",""
"1397","viet-phrase-v900-emer-safe-please-help-me-get-out-of-here","v900-emer-safe-please-help-me-get-out-of-here","Xin hãy giúp tôi ra khỏi đây","Please help me get out of here","catalog-promoted","content-draft/viet/canonical-pages/catalog-promoted/emergency-safety/v900-emer-safe-please-help-me-get-out-of-here.json","3","5","8","ready","2","PASS","",""
"1398","viet-phrase-v900-emer-safe-please-send-my-location-to-this-person","v900-emer-safe-please-send-my-location-to-this-person","Vui lòng gửi vị trí của tôi cho người này","Please send my location to this person","catalog-promoted","content-draft/viet/canonical-pages/catalog-promoted/emergency-safety/v900-emer-safe-please-send-my-location-to-this-person.json","3","5","9","ready","2","PASS","",""
"1399","viet-phrase-v900-emer-safe-please-take-me-to-the-hospital","v900-emer-safe-please-take-me-to-the-hospital","Làm ơn đưa tôi đến bệnh viện","Please take me to the hospital","catalog-promoted","content-draft/viet/canonical-pages/catalog-promoted/emergency-safety/v900-emer-safe-please-take-me-to-the-hospital.json","3","5","6","ready","2","PASS","",""
"1400","viet-phrase-v900-emer-safe-please-write-down-what-happened","v900-emer-safe-please-write-down-what-happened","Hãy viết ra điều gì đã xảy ra","Please write down what happened","catalog-promoted","content-draft/viet/canonical-pages/catalog-promoted/emergency-safety/v900-emer-safe-please-write-down-what-happened.json","3","5","8","ready","2","PASS","",""
"1401","viet-phrase-v900-emer-safe-this-person-is-bothering-me","v900-emer-safe-this-person-is-bothering-me","Người này đang làm phiền tôi","This person is bothering me","catalog-promoted","content-draft/viet/canonical-pages/catalog-promoted/emergency-safety/v900-emer-safe-this-person-is-bothering-me.json","3","5","6","ready","2","PASS","",""
"1402","viet-phrase-v900-food-drin-a-table-for-four-please","v900-food-drin-a-table-for-four-please","Vui lòng cho một bàn cho bốn người","A table for four, please","catalog-promoted","content-draft/viet/canonical-pages/catalog-promoted/food-drink/v900-food-drin-a-table-for-four-please.json","3","5","8","ready","2","PASS","",""
"1403","viet-phrase-v900-food-drin-a-table-for-one-please","v900-food-drin-a-table-for-one-please","Vui lòng cho một bàn","A table for one, please","catalog-promoted","content-draft/viet/canonical-pages/catalog-promoted/food-drink/v900-food-drin-a-table-for-one-please.json","3","5","5","ready","2","PASS","",""
"1404","viet-phrase-v900-food-drin-can-i-have-a-cup-of-ice","v900-food-drin-can-i-have-a-cup-of-ice","Tôi có thể có một cốc đá được không?","Can I have a cup of ice?","catalog-promoted","content-draft/viet/canonical-pages/catalog-promoted/food-drink/v900-food-drin-can-i-have-a-cup-of-ice.json","3","5","8","ready","2","PASS","",""
"1405","viet-phrase-v900-food-drin-can-i-have-chili-sauce","v900-food-drin-can-i-have-chili-sauce","Tôi có thể dùng tương ớt được không?","Can I have chili sauce?","catalog-promoted","content-draft/viet/canonical-pages/catalog-promoted/food-drink/v900-food-drin-can-i-have-chili-sauce.json","3","5","7","ready","2","PASS","",""
"1406","viet-phrase-v900-food-drin-can-i-have-lime","v900-food-drin-can-i-have-lime","Tôi có thể có vôi không?","Can I have lime?","catalog-promoted","content-draft/viet/canonical-pages/catalog-promoted/food-drink/v900-food-drin-can-i-have-lime.json","3","5","6","ready","2","PASS","",""
"1407","viet-phrase-v900-food-drin-can-i-have-napkins","v900-food-drin-can-i-have-napkins","Tôi có thể có khăn ăn được không?","Can I have napkins?","catalog-promoted","content-draft/viet/canonical-pages/catalog-promoted/food-drink/v900-food-drin-can-i-have-napkins.json","3","5","7","ready","2","PASS","",""
"1408","viet-phrase-v900-food-drin-can-i-have-rice-with-this","v900-food-drin-can-i-have-rice-with-this","Tôi có thể ăn cơm với cái này không?","Can I have rice with this?","catalog-promoted","content-draft/viet/canonical-pages/catalog-promoted/food-drink/v900-food-drin-can-i-have-rice-with-this.json","3","5","9","ready","2","PASS","",""
"1409","viet-phrase-v900-food-drin-can-i-have-soup-on-the-side","v900-food-drin-can-i-have-soup-on-the-side","Tôi có thể ăn súp bên cạnh được không?","Can I have soup on the side?","catalog-promoted","content-draft/viet/canonical-pages/catalog-promoted/food-drink/v900-food-drin-can-i-have-soup-on-the-side.json","3","5","7","ready","2","PASS","",""
"1410","viet-phrase-v900-food-drin-can-i-order-half-a-portion","v900-food-drin-can-i-order-half-a-portion","Tôi có thể gọi một nửa phần được không?","Can I order half a portion?","catalog-promoted","content-draft/viet/canonical-pages/catalog-promoted/food-drink/v900-food-drin-can-i-order-half-a-portion.json","3","5","8","ready","2","PASS","",""
"1411","viet-phrase-v900-food-drin-can-i-order-this-without-meat","v900-food-drin-can-i-order-this-without-meat","Tôi có thể gọi món này mà không có thịt được không?","Can I order this without meat?","catalog-promoted","content-draft/viet/canonical-pages/catalog-promoted/food-drink/v900-food-drin-can-i-order-this-without-meat.json","3","5","11","ready","2","PASS","",""
"1412","viet-phrase-v900-food-drin-can-i-pay-the-bill-by-card","v900-food-drin-can-i-pay-the-bill-by-card","Tôi có thể thanh toán hóa đơn bằng thẻ không?","Can I pay the bill by card?","catalog-promoted","content-draft/viet/canonical-pages/catalog-promoted/food-drink/v900-food-drin-can-i-pay-the-bill-by-card.json","3","5","8","ready","2","PASS","",""
"1413","viet-phrase-v900-food-drin-can-we-sit-by-the-fan","v900-food-drin-can-we-sit-by-the-fan","Chúng ta có thể ngồi cạnh quạt được không?","Can we sit by the fan?","catalog-promoted","content-draft/viet/canonical-pages/catalog-promoted/food-drink/v900-food-drin-can-we-sit-by-the-fan.json","3","5","7","ready","2","PASS","",""
"1414","viet-phrase-v900-food-drin-can-we-sit-inside","v900-food-drin-can-we-sit-inside","Chúng ta có thể ngồi bên trong được không?","Can we sit inside?","catalog-promoted","content-draft/viet/canonical-pages/catalog-promoted/food-drink/v900-food-drin-can-we-sit-inside.json","3","5","7","ready","2","PASS","",""
"1415","viet-phrase-v900-food-drin-can-we-sit-outside","v900-food-drin-can-we-sit-outside","Chúng ta có thể ngồi bên ngoài được không?","Can we sit outside?","catalog-promoted","content-draft/viet/canonical-pages/catalog-promoted/food-drink/v900-food-drin-can-we-sit-outside.json","3","5","7","ready","2","PASS","",""
"1416","viet-phrase-v900-food-drin-can-you-change-this","v900-food-drin-can-you-change-this","Bạn có thể thay đổi điều này?","Can you change this?","catalog-promoted","content-draft/viet/canonical-pages/catalog-promoted/food-drink/v900-food-drin-can-you-change-this.json","3","5","7","ready","2","PASS","",""
"1417","viet-phrase-v900-food-drin-can-you-clean-this-table","v900-food-drin-can-you-clean-this-table","Bạn có thể lau cái bàn này được không?","Can you clean this table?","catalog-promoted","content-draft/viet/canonical-pages/catalog-promoted/food-drink/v900-food-drin-can-you-clean-this-table.json","3","5","8","ready","2","PASS","",""
"1418","viet-phrase-v900-food-drin-can-you-remove-this-from-the-bill","v900-food-drin-can-you-remove-this-from-the-bill","Bạn có thể loại bỏ điều này khỏi hóa đơn?","Can you remove this from the bill?","catalog-promoted","content-draft/viet/canonical-pages/catalog-promoted/food-drink/v900-food-drin-can-you-remove-this-from-the-bill.json","3","5","9","ready","2","PASS","",""
"1419","viet-phrase-v900-food-drin-do-we-order-here-or-at-the-counter","v900-food-drin-do-we-order-here-or-at-the-counter","Chúng ta đặt hàng ở đây hay tại quầy?","Do we order here or at the counter?","catalog-promoted","content-draft/viet/canonical-pages/catalog-promoted/food-drink/v900-food-drin-do-we-order-here-or-at-the-counter.json","3","5","9","ready","2","PASS","",""
"1420","viet-phrase-v900-food-drin-do-you-have-beer","v900-food-drin-do-you-have-beer","Bạn có bia không?","Do you have beer?","catalog-promoted","content-draft/viet/canonical-pages/catalog-promoted/food-drink/v900-food-drin-do-you-have-beer.json","3","5","5","ready","2","PASS","",""
"1421","viet-phrase-v900-food-drin-does-this-contain-fish-sauce","v900-food-drin-does-this-contain-fish-sauce","Cái này có nước mắm không?","Does this contain fish sauce?","catalog-promoted","content-draft/viet/canonical-pages/catalog-promoted/food-drink/v900-food-drin-does-this-contain-fish-sauce.json","3","5","6","ready","2","PASS","",""
"1422","viet-phrase-v900-food-drin-i-asked-for-this-not-spicy","v900-food-drin-i-asked-for-this-not-spicy","Tôi yêu cầu món này không cay.","I asked for this not spicy.","catalog-promoted","content-draft/viet/canonical-pages/catalog-promoted/food-drink/v900-food-drin-i-asked-for-this-not-spicy.json","3","5","7","ready","2","PASS","",""
"1423","viet-phrase-v900-food-drin-i-cannot-eat-dairy","v900-food-drin-i-cannot-eat-dairy","Tôi không thể ăn sữa","I cannot eat dairy","catalog-promoted","content-draft/viet/canonical-pages/catalog-promoted/food-drink/v900-food-drin-i-cannot-eat-dairy.json","3","5","6","ready","2","PASS","",""
"1424","viet-phrase-v900-food-drin-i-cannot-eat-gluten","v900-food-drin-i-cannot-eat-gluten","Tôi không thể ăn gluten","I cannot eat gluten","catalog-promoted","content-draft/viet/canonical-pages/catalog-promoted/food-drink/v900-food-drin-i-cannot-eat-gluten.json","3","5","6","ready","2","PASS","",""
"1425","viet-phrase-v900-food-drin-i-do-not-eat-beef","v900-food-drin-i-do-not-eat-beef","Tôi không ăn thịt bò","I do not eat beef","catalog-promoted","content-draft/viet/canonical-pages/catalog-promoted/food-drink/v900-food-drin-i-do-not-eat-beef.json","3","5","5","ready","2","PASS","",""
"1426","viet-phrase-v900-food-drin-i-do-not-eat-pork","v900-food-drin-i-do-not-eat-pork","Tôi không ăn thịt lợn","I do not eat pork","catalog-promoted","content-draft/viet/canonical-pages/catalog-promoted/food-drink/v900-food-drin-i-do-not-eat-pork.json","3","5","5","ready","2","PASS","",""
"1427","viet-phrase-v900-food-drin-i-do-not-eat-seafood","v900-food-drin-i-do-not-eat-seafood","Tôi không ăn hải sản","I do not eat seafood","catalog-promoted","content-draft/viet/canonical-pages/catalog-promoted/food-drink/v900-food-drin-i-do-not-eat-seafood.json","3","5","5","ready","2","PASS","",""
"1428","viet-phrase-v900-food-drin-i-have-been-waiting-a-long-time","v900-food-drin-i-have-been-waiting-a-long-time","Tôi đã chờ đợi rất lâu rồi","I have been waiting a long time","catalog-promoted","content-draft/viet/canonical-pages/catalog-promoted/food-drink/v900-food-drin-i-have-been-waiting-a-long-time.json","3","5","7","ready","2","PASS","",""
"1429","viet-phrase-v900-food-drin-i-think-there-is-a-mistake-on-the-bill","v900-food-drin-i-think-there-is-a-mistake-on-the-bill","Tôi nghĩ có sai sót trên hóa đơn","I think there is a mistake on the bill","catalog-promoted","content-draft/viet/canonical-pages/catalog-promoted/food-drink/v900-food-drin-i-think-there-is-a-mistake-on-the-bill.json","3","5","8","ready","2","PASS","",""
"1430","viet-phrase-v900-food-drin-id-like-it-to-go-please","v900-food-drin-id-like-it-to-go-please","Tôi muốn nó đi, làm ơn.","I'd like it to go, please.","catalog-promoted","content-draft/viet/canonical-pages/catalog-promoted/food-drink/v900-food-drin-id-like-it-to-go-please.json","3","5","6","ready","2","PASS","",""
"1431","viet-phrase-v900-food-drin-ill-have-what-they-are-having","v900-food-drin-ill-have-what-they-are-having","Tôi sẽ có những gì họ đang có","I’ll have what they are having","catalog-promoted","content-draft/viet/canonical-pages/catalog-promoted/food-drink/v900-food-drin-ill-have-what-they-are-having.json","3","5","9","ready","2","PASS","",""
"1432","viet-phrase-v900-food-drin-is-there-a-wait-for-a-table","v900-food-drin-is-there-a-wait-for-a-table","Có phải đợi bàn không?","Is there a wait for a table?","catalog-promoted","content-draft/viet/canonical-pages/catalog-promoted/food-drink/v900-food-drin-is-there-a-wait-for-a-table.json","3","5","6","ready","2","PASS","",""
"1433","viet-phrase-v900-food-drin-is-this-cooked","v900-food-drin-is-this-cooked","Cái này đã được nấu chín chưa?","Is this cooked?","catalog-promoted","content-draft/viet/canonical-pages/catalog-promoted/food-drink/v900-food-drin-is-this-cooked.json","3","5","7","ready","2","PASS","",""
"1434","viet-phrase-v900-food-drin-is-this-pork-beef-or-chicken","v900-food-drin-is-this-pork-beef-or-chicken","Đây là thịt lợn, thịt bò hay thịt gà?","Is this pork, beef, or chicken?","catalog-promoted","content-draft/viet/canonical-pages/catalog-promoted/food-drink/v900-food-drin-is-this-pork-beef-or-chicken.json","3","5","7","ready","2","PASS","",""
"1435","viet-phrase-v900-food-drin-it-is-okay-now-thank-you","v900-food-drin-it-is-okay-now-thank-you","Bây giờ thì ổn rồi, cảm ơn bạn","It is okay now, thank you","catalog-promoted","content-draft/viet/canonical-pages/catalog-promoted/food-drink/v900-food-drin-it-is-okay-now-thank-you.json","3","5","7","ready","2","PASS","",""
"1436","viet-phrase-v900-food-drin-less-sugar-please","v900-food-drin-less-sugar-please","Làm ơn bớt đường đi","Less sugar, please","catalog-promoted","content-draft/viet/canonical-pages/catalog-promoted/food-drink/v900-food-drin-less-sugar-please.json","3","5","5","ready","2","PASS","",""
"1437","viet-phrase-v900-food-drin-no-msg-please","v900-food-drin-no-msg-please","Không có bột ngọt, làm ơn","No MSG, please","catalog-promoted","content-draft/viet/canonical-pages/catalog-promoted/food-drink/v900-food-drin-no-msg-please.json","3","5","5","ready","2","PASS","",""
"1438","viet-phrase-v900-food-drin-no-straw-please","v900-food-drin-no-straw-please","Làm ơn đừng có rơm","No straw, please","catalog-promoted","content-draft/viet/canonical-pages/catalog-promoted/food-drink/v900-food-drin-no-straw-please.json","3","5","5","ready","2","PASS","",""
"1439","viet-phrase-v900-food-drin-one-fresh-coconut-please","v900-food-drin-one-fresh-coconut-please","Làm ơn cho một quả dừa tươi","One fresh coconut, please","catalog-promoted","content-draft/viet/canonical-pages/catalog-promoted/food-drink/v900-food-drin-one-fresh-coconut-please.json","3","5","6","ready","2","PASS","",""
"1440","viet-phrase-v900-food-drin-one-hot-coffee-please","v900-food-drin-one-hot-coffee-please","Làm ơn cho một ly cà phê nóng","One hot coffee, please","catalog-promoted","content-draft/viet/canonical-pages/catalog-promoted/food-drink/v900-food-drin-one-hot-coffee-please.json","3","5","6","ready","2","PASS","",""
"1441","viet-phrase-v900-food-drin-one-iced-tea-please","v900-food-drin-one-iced-tea-please","Làm ơn cho một ly trà đá","One iced tea, please","catalog-promoted","content-draft/viet/canonical-pages/catalog-promoted/food-drink/v900-food-drin-one-iced-tea-please.json","3","5","5","ready","2","PASS","",""
"1442","viet-phrase-v900-food-drin-one-more-please","v900-food-drin-one-more-please","Xin thêm một cái nữa","One more, please","catalog-promoted","content-draft/viet/canonical-pages/catalog-promoted/food-drink/v900-food-drin-one-more-please.json","3","5","5","ready","2","PASS","",""
"1443","viet-phrase-v900-food-drin-one-sugarcane-juice-please","v900-food-drin-one-sugarcane-juice-please","Xin cho một ly nước mía","One sugarcane juice, please","catalog-promoted","content-draft/viet/canonical-pages/catalog-promoted/food-drink/v900-food-drin-one-sugarcane-juice-please.json","3","5","5","ready","2","PASS","",""
"1444","viet-phrase-v900-food-drin-please-make-it-less-spicy","v900-food-drin-please-make-it-less-spicy","Làm ơn làm cho nó bớt cay đi","Please make it less spicy","catalog-promoted","content-draft/viet/canonical-pages/catalog-promoted/food-drink/v900-food-drin-please-make-it-less-spicy.json","3","5","8","ready","2","PASS","",""
"1445","viet-phrase-v900-food-drin-please-make-it-without-meat","v900-food-drin-please-make-it-without-meat","Hãy làm món này không có thịt","Please make it without meat","catalog-promoted","content-draft/viet/canonical-pages/catalog-promoted/food-drink/v900-food-drin-please-make-it-without-meat.json","3","5","8","ready","2","PASS","",""
"1446","viet-phrase-v900-food-drin-please-pack-it-to-go","v900-food-drin-please-pack-it-to-go","Hãy đóng gói nó để đi.","Please pack it to go.","catalog-promoted","content-draft/viet/canonical-pages/catalog-promoted/food-drink/v900-food-drin-please-pack-it-to-go.json","3","5","6","ready","2","PASS","",""
"1447","viet-phrase-v900-food-drin-sauce-on-the-side-please","v900-food-drin-sauce-on-the-side-please","Xin vui lòng cho nước sốt vào bên cạnh","Sauce on the side, please","catalog-promoted","content-draft/viet/canonical-pages/catalog-promoted/food-drink/v900-food-drin-sauce-on-the-side-please.json","3","5","7","ready","2","PASS","",""
"1448","viet-phrase-v900-food-drin-that-was-very-good","v900-food-drin-that-was-very-good","Điều đó rất tốt","That was very good","catalog-promoted","content-draft/viet/canonical-pages/catalog-promoted/food-drink/v900-food-drin-that-was-very-good.json","3","5","5","ready","2","PASS","",""
"1449","viet-phrase-v900-food-drin-thats-all-thank-you","v900-food-drin-thats-all-thank-you","Đó là tất cả, cảm ơn bạn.","That's all, thank you.","catalog-promoted","content-draft/viet/canonical-pages/catalog-promoted/food-drink/v900-food-drin-thats-all-thank-you.json","3","5","6","ready","2","PASS","",""
"1450","viet-phrase-v900-food-drin-this-is-undercooked","v900-food-drin-this-is-undercooked","Món này chưa được nấu chín kỹ","This is undercooked","catalog-promoted","content-draft/viet/canonical-pages/catalog-promoted/food-drink/v900-food-drin-this-is-undercooked.json","3","5","7","ready","2","PASS","",""
"1451","viet-phrase-v900-food-drin-two-of-these-please","v900-food-drin-two-of-these-please","Xin vui lòng cho hai trong số này","Two of these, please","catalog-promoted","content-draft/viet/canonical-pages/catalog-promoted/food-drink/v900-food-drin-two-of-these-please.json","3","5","7","ready","2","PASS","",""
"1452","viet-phrase-v900-food-drin-what-do-you-recommend","v900-food-drin-what-do-you-recommend","Bạn đề xuất món gì?","What do you recommend?","catalog-promoted","content-draft/viet/canonical-pages/catalog-promoted/food-drink/v900-food-drin-what-do-you-recommend.json","3","5","5","ready","2","PASS","",""
"1453","viet-phrase-v900-food-drin-what-is-not-too-spicy","v900-food-drin-what-is-not-too-spicy","Cái gì không quá cay?","What is not too spicy?","catalog-promoted","content-draft/viet/canonical-pages/catalog-promoted/food-drink/v900-food-drin-what-is-not-too-spicy.json","3","5","6","ready","2","PASS","",""
"1454","viet-phrase-v900-heal-phar-can-i-drink-alcohol-with-this","v900-heal-phar-can-i-drink-alcohol-with-this","Tôi có thể uống rượu với cái này không?","Can I drink alcohol with this?","catalog-promoted","content-draft/viet/canonical-pages/catalog-promoted/health-pharmacy/v900-heal-phar-can-i-drink-alcohol-with-this.json","3","5","9","ready","2","PASS","",""
"1455","viet-phrase-v900-heal-phar-can-i-get-a-medical-report","v900-heal-phar-can-i-get-a-medical-report","Tôi có thể nhận được báo cáo y tế không?","Can I get a medical report?","catalog-promoted","content-draft/viet/canonical-pages/catalog-promoted/health-pharmacy/v900-heal-phar-can-i-get-a-medical-report.json","3","5","9","ready","2","PASS","",""
"1456","viet-phrase-v900-heal-phar-can-i-get-a-receipt-for-insurance","v900-heal-phar-can-i-get-a-receipt-for-insurance","Tôi có thể nhận được biên nhận bảo hiểm không?","Can I get a receipt for insurance?","catalog-promoted","content-draft/viet/canonical-pages/catalog-promoted/health-pharmacy/v900-heal-phar-can-i-get-a-receipt-for-insurance.json","3","5","8","ready","2","PASS","",""
"1457","viet-phrase-v900-heal-phar-can-i-pay-the-clinic-bill-by-card","v900-heal-phar-can-i-pay-the-clinic-bill-by-card","Tôi có thể thanh toán hóa đơn phòng khám bằng thẻ không?","Can I pay the clinic bill by card?","catalog-promoted","content-draft/viet/canonical-pages/catalog-promoted/health-pharmacy/v900-heal-phar-can-i-pay-the-clinic-bill-by-card.json","3","5","9","ready","2","PASS","",""
"1458","viet-phrase-v900-heal-phar-can-you-call-an-ambulance","v900-heal-phar-can-you-call-an-ambulance","Bạn có thể gọi xe cứu thương được không?","Can you call an ambulance?","catalog-promoted","content-draft/viet/canonical-pages/catalog-promoted/health-pharmacy/v900-heal-phar-can-you-call-an-ambulance.json","3","5","6","ready","2","PASS","",""
"1459","viet-phrase-v900-heal-phar-can-you-email-the-report-to-me","v900-heal-phar-can-you-email-the-report-to-me","Bạn có thể gửi email báo cáo cho tôi được không?","Can you email the report to me?","catalog-promoted","content-draft/viet/canonical-pages/catalog-promoted/health-pharmacy/v900-heal-phar-can-you-email-the-report-to-me.json","3","5","9","ready","2","PASS","",""
"1460","viet-phrase-v900-heal-phar-can-you-help-me-call-my-travel-insurance","v900-heal-phar-can-you-help-me-call-my-travel-insurance","Bạn có thể giúp tôi gọi bảo hiểm du lịch của tôi được không?","Can you help me call my travel insurance?","catalog-promoted","content-draft/viet/canonical-pages/catalog-promoted/health-pharmacy/v900-heal-phar-can-you-help-me-call-my-travel-insurance.json","3","5","10","ready","2","PASS","",""
"1461","viet-phrase-v900-heal-phar-do-i-need-to-come-back","v900-heal-phar-do-i-need-to-come-back","Tôi có cần quay lại không?","Do I need to come back?","catalog-promoted","content-draft/viet/canonical-pages/catalog-promoted/health-pharmacy/v900-heal-phar-do-i-need-to-come-back.json","3","5","6","ready","2","PASS","",""
"1462","viet-phrase-v900-heal-phar-do-you-have-this-medicine","v900-heal-phar-do-you-have-this-medicine","Bạn có thuốc này không?","Do you have this medicine?","catalog-promoted","content-draft/viet/canonical-pages/catalog-promoted/health-pharmacy/v900-heal-phar-do-you-have-this-medicine.json","3","5","6","ready","2","PASS","",""
"1463","viet-phrase-v900-heal-phar-how-long-is-the-clinic-wait","v900-heal-phar-how-long-is-the-clinic-wait","Phòng khám phải đợi bao lâu?","How long is the clinic wait?","catalog-promoted","content-draft/viet/canonical-pages/catalog-promoted/health-pharmacy/v900-heal-phar-how-long-is-the-clinic-wait.json","3","5","5","ready","2","PASS","",""
"1464","viet-phrase-v900-heal-phar-how-many-days-should-i-take-it","v900-heal-phar-how-many-days-should-i-take-it","Tôi nên dùng nó trong bao nhiêu ngày?","How many days should I take it?","catalog-promoted","content-draft/viet/canonical-pages/catalog-promoted/health-pharmacy/v900-heal-phar-how-many-days-should-i-take-it.json","3","5","7","ready","2","PASS","",""
"1465","viet-phrase-v900-heal-phar-how-many-pills-each-time","v900-heal-phar-how-many-pills-each-time","Mỗi lần bao nhiêu viên?","How many pills each time?","catalog-promoted","content-draft/viet/canonical-pages/catalog-promoted/health-pharmacy/v900-heal-phar-how-many-pills-each-time.json","3","5","5","ready","2","PASS","",""
"1466","viet-phrase-v900-heal-phar-i-am-allergic-to-penicillin","v900-heal-phar-i-am-allergic-to-penicillin","Tôi bị dị ứng với penicillin","I am allergic to penicillin","catalog-promoted","content-draft/viet/canonical-pages/catalog-promoted/health-pharmacy/v900-heal-phar-i-am-allergic-to-penicillin.json","3","5","5","ready","2","PASS","",""
"1467","viet-phrase-v900-heal-phar-i-have-a-cough","v900-heal-phar-i-have-a-cough","tôi bị ho","I have a cough","catalog-promoted","content-draft/viet/canonical-pages/catalog-promoted/health-pharmacy/v900-heal-phar-i-have-a-cough.json","3","5","4","ready","2","PASS","",""
"1468","viet-phrase-v900-heal-phar-i-have-a-rash","v900-heal-phar-i-have-a-rash","tôi bị phát ban","I have a rash","catalog-promoted","content-draft/viet/canonical-pages/catalog-promoted/health-pharmacy/v900-heal-phar-i-have-a-rash.json","3","5","4","ready","2","PASS","",""
"1469","viet-phrase-v900-heal-phar-i-have-a-sore-throat","v900-heal-phar-i-have-a-sore-throat","Tôi bị đau họng","I have a sore throat","catalog-promoted","content-draft/viet/canonical-pages/catalog-promoted/health-pharmacy/v900-heal-phar-i-have-a-sore-throat.json","3","5","4","ready","2","PASS","",""
"1470","viet-phrase-v900-heal-phar-i-have-high-blood-pressure","v900-heal-phar-i-have-high-blood-pressure","Tôi bị cao huyết áp","I have high blood pressure","catalog-promoted","content-draft/viet/canonical-pages/catalog-promoted/health-pharmacy/v900-heal-phar-i-have-high-blood-pressure.json","3","5","5","ready","2","PASS","",""
"1471","viet-phrase-v900-heal-phar-i-have-trouble-breathing","v900-heal-phar-i-have-trouble-breathing","Tôi khó thở","I have trouble breathing","catalog-promoted","content-draft/viet/canonical-pages/catalog-promoted/health-pharmacy/v900-heal-phar-i-have-trouble-breathing.json","3","5","3","ready","2","PASS","",""
"1472","viet-phrase-v900-heal-phar-i-hurt-my-arm","v900-heal-phar-i-hurt-my-arm","tôi bị thương ở tay","I hurt my arm","catalog-promoted","content-draft/viet/canonical-pages/catalog-promoted/health-pharmacy/v900-heal-phar-i-hurt-my-arm.json","3","5","6","ready","2","PASS","",""
"1473","viet-phrase-v900-heal-phar-i-hurt-my-foot","v900-heal-phar-i-hurt-my-foot","Tôi bị thương ở chân","I hurt my foot","catalog-promoted","content-draft/viet/canonical-pages/catalog-promoted/health-pharmacy/v900-heal-phar-i-hurt-my-foot.json","3","5","6","ready","2","PASS","",""
"1474","viet-phrase-v900-heal-phar-i-need-allergy-medicine","v900-heal-phar-i-need-allergy-medicine","Tôi cần thuốc dị ứng","I need allergy medicine","catalog-promoted","content-draft/viet/canonical-pages/catalog-promoted/health-pharmacy/v900-heal-phar-i-need-allergy-medicine.json","3","5","4","ready","2","PASS","",""
"1475","viet-phrase-v900-heal-phar-i-need-antiseptic","v900-heal-phar-i-need-antiseptic","Tôi cần thuốc sát trùng","I need antiseptic","catalog-promoted","content-draft/viet/canonical-pages/catalog-promoted/health-pharmacy/v900-heal-phar-i-need-antiseptic.json","3","5","4","ready","2","PASS","",""
"1476","viet-phrase-v900-heal-phar-i-need-bandages","v900-heal-phar-i-need-bandages","Tôi cần băng bó","I need bandages","catalog-promoted","content-draft/viet/canonical-pages/catalog-promoted/health-pharmacy/v900-heal-phar-i-need-bandages.json","3","5","4","ready","2","PASS","",""
"1477","viet-phrase-v900-heal-phar-i-need-cold-medicine","v900-heal-phar-i-need-cold-medicine","Tôi cần thuốc cảm","I need cold medicine","catalog-promoted","content-draft/viet/canonical-pages/catalog-promoted/health-pharmacy/v900-heal-phar-i-need-cold-medicine.json","3","5","4","ready","2","PASS","",""
"1478","viet-phrase-v900-heal-phar-i-need-fever-medicine","v900-heal-phar-i-need-fever-medicine","Tôi cần thuốc hạ sốt","I need fever medicine","catalog-promoted","content-draft/viet/canonical-pages/catalog-promoted/health-pharmacy/v900-heal-phar-i-need-fever-medicine.json","3","5","5","ready","2","PASS","",""
"1479","viet-phrase-v900-heal-phar-i-need-mosquito-repellent","v900-heal-phar-i-need-mosquito-repellent","Tôi cần thuốc chống muỗi","I need mosquito repellent","catalog-promoted","content-draft/viet/canonical-pages/catalog-promoted/health-pharmacy/v900-heal-phar-i-need-mosquito-repellent.json","3","5","4","ready","2","PASS","",""
"1480","viet-phrase-v900-heal-phar-i-need-pain-medicine","v900-heal-phar-i-need-pain-medicine","Tôi cần thuốc giảm đau","I need pain medicine","catalog-promoted","content-draft/viet/canonical-pages/catalog-promoted/health-pharmacy/v900-heal-phar-i-need-pain-medicine.json","3","5","4","ready","2","PASS","",""
"1481","viet-phrase-v900-heal-phar-i-need-rehydration-salts","v900-heal-phar-i-need-rehydration-salts","Tôi cần muối bù nước","I need rehydration salts","catalog-promoted","content-draft/viet/canonical-pages/catalog-promoted/health-pharmacy/v900-heal-phar-i-need-rehydration-salts.json","3","5","5","ready","2","PASS","",""
"1482","viet-phrase-v900-heal-phar-i-need-sunscreen","v900-heal-phar-i-need-sunscreen","Tôi cần kem chống nắng","I need sunscreen","catalog-promoted","content-draft/viet/canonical-pages/catalog-promoted/health-pharmacy/v900-heal-phar-i-need-sunscreen.json","3","5","4","ready","2","PASS","",""
"1483","viet-phrase-v900-heal-phar-i-take-this-medicine-every-day","v900-heal-phar-i-take-this-medicine-every-day","Tôi uống thuốc này mỗi ngày","I take this medicine every day","catalog-promoted","content-draft/viet/canonical-pages/catalog-promoted/health-pharmacy/v900-heal-phar-i-take-this-medicine-every-day.json","3","5","7","ready","2","PASS","",""
"1484","viet-phrase-v900-heal-phar-i-was-bitten-by-an-insect","v900-heal-phar-i-was-bitten-by-an-insect","Tôi bị côn trùng cắn","I was bitten by an insect","catalog-promoted","content-draft/viet/canonical-pages/catalog-promoted/health-pharmacy/v900-heal-phar-i-was-bitten-by-an-insect.json","3","5","5","ready","2","PASS","",""
"1485","viet-phrase-v900-heal-phar-is-there-a-pharmacy-nearby","v900-heal-phar-is-there-a-pharmacy-nearby","Có hiệu thuốc nào gần đây không?","Is there a pharmacy nearby?","catalog-promoted","content-draft/viet/canonical-pages/catalog-promoted/health-pharmacy/v900-heal-phar-is-there-a-pharmacy-nearby.json","3","5","6","ready","2","PASS","",""
"1486","viet-phrase-v900-heal-phar-is-there-an-english-speaking-doctor-or-pharmacis","v900-heal-phar-is-there-an-english-speaking-doctor-or-pharmacis","Có bác sĩ hoặc dược sĩ nói tiếng Anh không?","Is there an English-speaking doctor or pharmacist?","catalog-promoted","content-draft/viet/canonical-pages/catalog-promoted/health-pharmacy/v900-heal-phar-is-there-an-english-speaking-doctor-or-pharmacis.json","3","5","8","ready","2","PASS","",""
"1487","viet-phrase-v900-heal-phar-is-this-safe-with-my-medicine","v900-heal-phar-is-this-safe-with-my-medicine","Điều này có an toàn với thuốc của tôi không?","Is this safe with my medicine?","catalog-promoted","content-draft/viet/canonical-pages/catalog-promoted/health-pharmacy/v900-heal-phar-is-this-safe-with-my-medicine.json","3","5","9","ready","2","PASS","",""
"1488","viet-phrase-v900-heal-phar-please-check-for-drug-interactions","v900-heal-phar-please-check-for-drug-interactions","Vui lòng kiểm tra tương tác thuốc","Please check for drug interactions","catalog-promoted","content-draft/viet/canonical-pages/catalog-promoted/health-pharmacy/v900-heal-phar-please-check-for-drug-interactions.json","3","5","4","ready","2","PASS","",""
"1489","viet-phrase-v900-heal-phar-please-write-the-address-of-the-clinic","v900-heal-phar-please-write-the-address-of-the-clinic","Hãy ghi địa chỉ phòng khám","Please write the address of the clinic","catalog-promoted","content-draft/viet/canonical-pages/catalog-promoted/health-pharmacy/v900-heal-phar-please-write-the-address-of-the-clinic.json","3","5","5","ready","2","PASS","",""
"1490","viet-phrase-v900-heal-phar-please-write-the-instructions","v900-heal-phar-please-write-the-instructions","Hãy viết hướng dẫn","Please write the instructions","catalog-promoted","content-draft/viet/canonical-pages/catalog-promoted/health-pharmacy/v900-heal-phar-please-write-the-instructions.json","3","5","4","ready","2","PASS","",""
"1491","viet-phrase-v900-heal-phar-should-i-take-it-before-bed","v900-heal-phar-should-i-take-it-before-bed","Tôi có nên dùng nó trước khi đi ngủ không?","Should I take it before bed?","catalog-promoted","content-draft/viet/canonical-pages/catalog-promoted/health-pharmacy/v900-heal-phar-should-i-take-it-before-bed.json","3","5","10","ready","2","PASS","",""
"1492","viet-phrase-v900-heal-phar-should-i-take-it-with-food","v900-heal-phar-should-i-take-it-with-food","Tôi có nên dùng nó cùng với thức ăn không?","Should I take it with food?","catalog-promoted","content-draft/viet/canonical-pages/catalog-promoted/health-pharmacy/v900-heal-phar-should-i-take-it-with-food.json","3","5","9","ready","2","PASS","",""
"1493","viet-phrase-v900-heal-phar-thank-you-i-understand-the-instructions","v900-heal-phar-thank-you-i-understand-the-instructions","Cảm ơn bạn, tôi hiểu hướng dẫn","Thank you, I understand the instructions","catalog-promoted","content-draft/viet/canonical-pages/catalog-promoted/health-pharmacy/v900-heal-phar-thank-you-i-understand-the-instructions.json","3","5","6","ready","2","PASS","",""
"1494","viet-phrase-v900-heal-phar-when-should-i-seek-emergency-help","v900-heal-phar-when-should-i-seek-emergency-help","Khi nào tôi nên tìm kiếm sự giúp đỡ khẩn cấp?","When should I seek emergency help?","catalog-promoted","content-draft/viet/canonical-pages/catalog-promoted/health-pharmacy/v900-heal-phar-when-should-i-seek-emergency-help.json","3","5","8","ready","2","PASS","",""
"1495","viet-phrase-v900-heal-phar-will-this-make-me-sleepy","v900-heal-phar-will-this-make-me-sleepy","Điều này có làm tôi buồn ngủ không?","Will this make me sleepy?","catalog-promoted","content-draft/viet/canonical-pages/catalog-promoted/health-pharmacy/v900-heal-phar-will-this-make-me-sleepy.json","3","5","9","ready","2","PASS","",""
"1496","viet-phrase-v900-hote-acco-can-i-get-a-refund-for-the-room","v900-hote-acco-can-i-get-a-refund-for-the-room","Tôi có thể được hoàn lại tiền phòng không?","Can I get a refund for the room?","catalog-promoted","content-draft/viet/canonical-pages/catalog-promoted/hotel-accommodation/v900-hote-acco-can-i-get-a-refund-for-the-room.json","3","5","9","ready","2","PASS","",""
"1497","viet-phrase-v900-hote-acco-can-i-get-laundry-service","v900-hote-acco-can-i-get-laundry-service","Tôi có thể nhận dịch vụ giặt ủi không?","Can I get laundry service?","catalog-promoted","content-draft/viet/canonical-pages/catalog-promoted/hotel-accommodation/v900-hote-acco-can-i-get-laundry-service.json","3","5","8","ready","2","PASS","",""
"1498","viet-phrase-v900-hote-acco-can-i-have-a-baby-crib","v900-hote-acco-can-i-have-a-baby-crib","Tôi có thể có một cái cũi em bé được không?","Can I have a baby crib?","catalog-promoted","content-draft/viet/canonical-pages/catalog-promoted/hotel-accommodation/v900-hote-acco-can-i-have-a-baby-crib.json","3","5","7","ready","2","PASS","",""
"1499","viet-phrase-v900-hote-acco-can-i-have-a-hair-dryer","v900-hote-acco-can-i-have-a-hair-dryer","Tôi có thể có máy sấy tóc được không?","Can I have a hair dryer?","catalog-promoted","content-draft/viet/canonical-pages/catalog-promoted/hotel-accommodation/v900-hote-acco-can-i-have-a-hair-dryer.json","3","5","6","ready","2","PASS","",""
"1500","viet-phrase-v900-hote-acco-can-i-have-a-higher-floor","v900-hote-acco-can-i-have-a-higher-floor","Tôi có thể có tầng cao hơn không?","Can I have a higher floor?","catalog-promoted","content-draft/viet/canonical-pages/catalog-promoted/hotel-accommodation/v900-hote-acco-can-i-have-a-higher-floor.json","3","5","8","ready","2","PASS","",""
"1501","viet-phrase-v900-hote-acco-can-i-have-a-non-smoking-room","v900-hote-acco-can-i-have-a-non-smoking-room","Tôi có thể có phòng không hút thuốc được không?","Can I have a non-smoking room?","catalog-promoted","content-draft/viet/canonical-pages/catalog-promoted/hotel-accommodation/v900-hote-acco-can-i-have-a-non-smoking-room.json","3","5","9","ready","2","PASS","",""
"1502","viet-phrase-v900-hote-acco-can-i-have-a-room-away-from-the-street","v900-hote-acco-can-i-have-a-room-away-from-the-street","Tôi có thể có một phòng cách xa đường phố được không?","Can I have a room away from the street?","catalog-promoted","content-draft/viet/canonical-pages/catalog-promoted/hotel-accommodation/v900-hote-acco-can-i-have-a-room-away-from-the-street.json","3","5","11","ready","2","PASS","",""
"1503","viet-phrase-v900-hote-acco-can-i-have-a-room-with-a-window","v900-hote-acco-can-i-have-a-room-with-a-window","Tôi có thể đặt phòng có cửa sổ được không?","Can I have a room with a window?","catalog-promoted","content-draft/viet/canonical-pages/catalog-promoted/hotel-accommodation/v900-hote-acco-can-i-have-a-room-with-a-window.json","3","5","7","ready","2","PASS","",""
"1504","viet-phrase-v900-hote-acco-can-i-have-a-room-with-two-beds","v900-hote-acco-can-i-have-a-room-with-two-beds","Tôi có thể đặt một phòng có hai giường được không?","Can I have a room with two beds?","catalog-promoted","content-draft/viet/canonical-pages/catalog-promoted/hotel-accommodation/v900-hote-acco-can-i-have-a-room-with-two-beds.json","3","5","10","ready","2","PASS","",""
"1505","viet-phrase-v900-hote-acco-can-i-have-an-extra-bed","v900-hote-acco-can-i-have-an-extra-bed","Tôi có thể có một giường phụ không?","Can I have an extra bed?","catalog-promoted","content-draft/viet/canonical-pages/catalog-promoted/hotel-accommodation/v900-hote-acco-can-i-have-an-extra-bed.json","3","5","7","ready","2","PASS","",""
"1506","viet-phrase-v900-hote-acco-can-i-have-more-drinking-water","v900-hote-acco-can-i-have-more-drinking-water","Tôi có thể uống thêm nước được không?","Can I have more drinking water?","catalog-promoted","content-draft/viet/canonical-pages/catalog-promoted/hotel-accommodation/v900-hote-acco-can-i-have-more-drinking-water.json","3","5","7","ready","2","PASS","",""
"1507","viet-phrase-v900-hote-acco-can-i-leave-my-bags-until-check-in","v900-hote-acco-can-i-leave-my-bags-until-check-in","Tôi có thể để lại hành lý của mình cho đến khi nhận phòng không?","Can I leave my bags until check-in?","catalog-promoted","content-draft/viet/canonical-pages/catalog-promoted/hotel-accommodation/v900-hote-acco-can-i-leave-my-bags-until-check-in.json","3","5","11","ready","2","PASS","",""
"1508","viet-phrase-v900-hote-acco-can-i-see-the-room-first","v900-hote-acco-can-i-see-the-room-first","Tôi có thể xem phòng trước được không?","Can I see the room first?","catalog-promoted","content-draft/viet/canonical-pages/catalog-promoted/hotel-accommodation/v900-hote-acco-can-i-see-the-room-first.json","3","5","7","ready","2","PASS","",""
"1509","viet-phrase-v900-hote-acco-can-i-stay-one-more-night","v900-hote-acco-can-i-stay-one-more-night","Tôi có thể ở lại thêm một đêm nữa được không?","Can I stay one more night?","catalog-promoted","content-draft/viet/canonical-pages/catalog-promoted/hotel-accommodation/v900-hote-acco-can-i-stay-one-more-night.json","3","5","10","ready","2","PASS","",""
"1510","viet-phrase-v900-hote-acco-can-you-arrange-a-taxi-for-me","v900-hote-acco-can-you-arrange-a-taxi-for-me","Bạn có thể sắp xếp một chiếc taxi cho tôi được không?","Can you arrange a taxi for me?","catalog-promoted","content-draft/viet/canonical-pages/catalog-promoted/hotel-accommodation/v900-hote-acco-can-you-arrange-a-taxi-for-me.json","3","6","9","ready","2","PASS","",""
"1511","viet-phrase-v900-hote-acco-can-you-book-a-car-to-the-airport","v900-hote-acco-can-you-book-a-car-to-the-airport","Bạn có thể đặt xe tới sân bay được không?","Can you book a car to the airport?","catalog-promoted","content-draft/viet/canonical-pages/catalog-promoted/hotel-accommodation/v900-hote-acco-can-you-book-a-car-to-the-airport.json","3","5","8","ready","2","PASS","",""
"1512","viet-phrase-v900-hote-acco-can-you-clean-the-room-today","v900-hote-acco-can-you-clean-the-room-today","Hôm nay bạn có thể dọn phòng được không?","Can you clean the room today?","catalog-promoted","content-draft/viet/canonical-pages/catalog-promoted/hotel-accommodation/v900-hote-acco-can-you-clean-the-room-today.json","3","5","7","ready","2","PASS","",""
"1513","viet-phrase-v900-hote-acco-can-you-email-me-the-invoice","v900-hote-acco-can-you-email-me-the-invoice","Bạn có thể gửi email cho tôi hóa đơn được không?","Can you email me the invoice?","catalog-promoted","content-draft/viet/canonical-pages/catalog-promoted/hotel-accommodation/v900-hote-acco-can-you-email-me-the-invoice.json","3","5","9","ready","2","PASS","",""
"1514","viet-phrase-v900-hote-acco-can-you-help-me-with-my-bags","v900-hote-acco-can-you-help-me-with-my-bags","Bạn có thể giúp tôi mang túi xách được không?","Can you help me with my bags?","catalog-promoted","content-draft/viet/canonical-pages/catalog-promoted/hotel-accommodation/v900-hote-acco-can-you-help-me-with-my-bags.json","3","5","8","ready","2","PASS","",""
"1515","viet-phrase-v900-hote-acco-can-you-print-my-document-for-me","v900-hote-acco-can-you-print-my-document-for-me","Bạn có thể in tài liệu cho tôi được không?","Can you print my document for me?","catalog-promoted","content-draft/viet/canonical-pages/catalog-promoted/hotel-accommodation/v900-hote-acco-can-you-print-my-document-for-me.json","3","5","9","ready","2","PASS","",""
"1516","viet-phrase-v900-hote-acco-can-you-put-us-in-nearby-rooms","v900-hote-acco-can-you-put-us-in-nearby-rooms","Bạn có thể đưa chúng tôi vào phòng gần đó được không?","Can you put us in nearby rooms?","catalog-promoted","content-draft/viet/canonical-pages/catalog-promoted/hotel-accommodation/v900-hote-acco-can-you-put-us-in-nearby-rooms.json","3","5","10","ready","2","PASS","",""
"1517","viet-phrase-v900-hote-acco-can-you-recommend-a-nearby-restaurant","v900-hote-acco-can-you-recommend-a-nearby-restaurant","Bạn có thể giới thiệu một nhà hàng gần đó không?","Can you recommend a nearby restaurant?","catalog-promoted","content-draft/viet/canonical-pages/catalog-promoted/hotel-accommodation/v900-hote-acco-can-you-recommend-a-nearby-restaurant.json","3","5","9","ready","2","PASS","",""
"1518","viet-phrase-v900-hote-acco-can-you-store-my-luggage-after-check-out","v900-hote-acco-can-you-store-my-luggage-after-check-out","Bạn có thể gửi hành lý của tôi sau khi trả phòng không?","Can you store my luggage after check-out?","catalog-promoted","content-draft/viet/canonical-pages/catalog-promoted/hotel-accommodation/v900-hote-acco-can-you-store-my-luggage-after-check-out.json","3","5","10","ready","2","PASS","",""
"1519","viet-phrase-v900-hote-acco-can-you-write-down-the-cancellation-policy","v900-hote-acco-can-you-write-down-the-cancellation-policy","Bạn có thể viết ra chính sách hủy được không?","Can you write down the cancellation policy?","catalog-promoted","content-draft/viet/canonical-pages/catalog-promoted/hotel-accommodation/v900-hote-acco-can-you-write-down-the-cancellation-policy.json","3","5","9","ready","2","PASS","",""
"1520","viet-phrase-v900-hote-acco-everything-was-good-thank-you","v900-hote-acco-everything-was-good-thank-you","Mọi thứ đều tốt, cảm ơn bạn","Everything was good, thank you","catalog-promoted","content-draft/viet/canonical-pages/catalog-promoted/hotel-accommodation/v900-hote-acco-everything-was-good-thank-you.json","3","5","6","ready","2","PASS","",""
"1521","viet-phrase-v900-hote-acco-how-much-is-one-extra-night","v900-hote-acco-how-much-is-one-extra-night","Thêm một đêm là bao nhiêu?","How much is one extra night?","catalog-promoted","content-draft/viet/canonical-pages/catalog-promoted/hotel-accommodation/v900-hote-acco-how-much-is-one-extra-night.json","3","5","6","ready","2","PASS","",""
"1522","viet-phrase-v900-hote-acco-i-want-to-cancel-my-stay","v900-hote-acco-i-want-to-cancel-my-stay","Tôi muốn hủy thời gian lưu trú của mình","I want to cancel my stay","catalog-promoted","content-draft/viet/canonical-pages/catalog-promoted/hotel-accommodation/v900-hote-acco-i-want-to-cancel-my-stay.json","3","5","6","ready","2","PASS","",""
"1523","viet-phrase-v900-hote-acco-i-was-charged-for-something-i-did-not-use","v900-hote-acco-i-was-charged-for-something-i-did-not-use","Tôi đã bị tính phí cho thứ mà tôi không sử dụng","I was charged for something I did not use","catalog-promoted","content-draft/viet/canonical-pages/catalog-promoted/hotel-accommodation/v900-hote-acco-i-was-charged-for-something-i-did-not-use.json","3","5","11","ready","2","PASS","",""
"1524","viet-phrase-v900-hote-acco-is-this-room-available-tonight","v900-hote-acco-is-this-room-available-tonight","Phòng này có trống tối nay không?","Is this room available tonight?","catalog-promoted","content-draft/viet/canonical-pages/catalog-promoted/hotel-accommodation/v900-hote-acco-is-this-room-available-tonight.json","3","5","8","ready","2","PASS","",""
"1525","viet-phrase-v900-hote-acco-is-this-the-total-amount","v900-hote-acco-is-this-the-total-amount","Đây có phải là tổng số tiền?","Is this the total amount?","catalog-promoted","content-draft/viet/canonical-pages/catalog-promoted/hotel-accommodation/v900-hote-acco-is-this-the-total-amount.json","3","5","8","ready","2","PASS","",""
"1526","viet-phrase-v900-hote-acco-please-change-the-sheets","v900-hote-acco-please-change-the-sheets","Vui lòng thay ga trải giường","Please change the sheets","catalog-promoted","content-draft/viet/canonical-pages/catalog-promoted/hotel-accommodation/v900-hote-acco-please-change-the-sheets.json","3","5","4","ready","2","PASS","",""
"1527","viet-phrase-v900-hote-acco-please-do-not-clean-the-room-today","v900-hote-acco-please-do-not-clean-the-room-today","Xin vui lòng không dọn phòng ngày hôm nay","Please do not clean the room today","catalog-promoted","content-draft/viet/canonical-pages/catalog-promoted/hotel-accommodation/v900-hote-acco-please-do-not-clean-the-room-today.json","3","5","6","ready","2","PASS","",""
"1528","viet-phrase-v900-hote-acco-please-wake-me-up-at-six","v900-hote-acco-please-wake-me-up-at-six","Hãy đánh thức tôi lúc sáu giờ nhé","Please wake me up at six","catalog-promoted","content-draft/viet/canonical-pages/catalog-promoted/hotel-accommodation/v900-hote-acco-please-wake-me-up-at-six.json","3","5","8","ready","2","PASS","",""
"1529","viet-phrase-v900-hote-acco-the-reservation-is-under-this-name","v900-hote-acco-the-reservation-is-under-this-name","Đặt chỗ dưới tên này","The reservation is under this name","catalog-promoted","content-draft/viet/canonical-pages/catalog-promoted/hotel-accommodation/v900-hote-acco-the-reservation-is-under-this-name.json","3","5","5","ready","4","PASS","",""
"1530","viet-phrase-v900-hote-acco-the-room-smells-like-smoke","v900-hote-acco-the-room-smells-like-smoke","Căn phòng có mùi khói","The room smells like smoke","catalog-promoted","content-draft/viet/canonical-pages/catalog-promoted/hotel-accommodation/v900-hote-acco-the-room-smells-like-smoke.json","3","5","5","ready","2","PASS","",""
"1531","viet-phrase-v900-hote-acco-the-shower-is-not-draining","v900-hote-acco-the-shower-is-not-draining","Vòi sen không chảy nước","The shower is not draining","catalog-promoted","content-draft/viet/canonical-pages/catalog-promoted/hotel-accommodation/v900-hote-acco-the-shower-is-not-draining.json","3","5","5","ready","2","PASS","",""
"1532","viet-phrase-v900-hote-acco-the-shower-is-not-working","v900-hote-acco-the-shower-is-not-working","Vòi hoa sen không hoạt động","The shower is not working","catalog-promoted","content-draft/viet/canonical-pages/catalog-promoted/hotel-accommodation/v900-hote-acco-the-shower-is-not-working.json","3","5","5","ready","2","PASS","",""
"1533","viet-phrase-v900-hote-acco-the-water-pressure-is-too-low","v900-hote-acco-the-water-pressure-is-too-low","Áp lực nước quá thấp","The water pressure is too low","catalog-promoted","content-draft/viet/canonical-pages/catalog-promoted/hotel-accommodation/v900-hote-acco-the-water-pressure-is-too-low.json","3","5","5","ready","2","PASS","",""
"1534","viet-phrase-v900-hote-acco-the-wi-fi-is-not-working-in-my-room","v900-hote-acco-the-wi-fi-is-not-working-in-my-room","Wi-Fi không hoạt động trong phòng tôi","The Wi-Fi is not working in my room","catalog-promoted","content-draft/viet/canonical-pages/catalog-promoted/hotel-accommodation/v900-hote-acco-the-wi-fi-is-not-working-in-my-room.json","3","5","6","ready","2","PASS","",""
"1535","viet-phrase-v900-hote-acco-there-are-insects-in-the-room","v900-hote-acco-there-are-insects-in-the-room","Có côn trùng trong phòng","There are insects in the room","catalog-promoted","content-draft/viet/canonical-pages/catalog-promoted/hotel-accommodation/v900-hote-acco-there-are-insects-in-the-room.json","3","5","5","ready","2","PASS","",""
"1536","viet-phrase-v900-hote-acco-this-is-not-the-room-i-booked","v900-hote-acco-this-is-not-the-room-i-booked","Đây không phải là phòng tôi đã đặt","This is not the room I booked","catalog-promoted","content-draft/viet/canonical-pages/catalog-promoted/hotel-accommodation/v900-hote-acco-this-is-not-the-room-i-booked.json","3","5","8","ready","2","PASS","",""
"1537","viet-phrase-v900-hote-acco-was-the-deposit-refunded","v900-hote-acco-was-the-deposit-refunded","Tiền đặt cọc có được hoàn lại không?","Was the deposit refunded?","catalog-promoted","content-draft/viet/canonical-pages/catalog-promoted/hotel-accommodation/v900-hote-acco-was-the-deposit-refunded.json","3","5","9","ready","2","PASS","",""
"1538","viet-phrase-v900-hote-acco-where-can-i-pick-up-my-luggage","v900-hote-acco-where-can-i-pick-up-my-luggage","Tôi có thể nhận hành lý của mình ở đâu?","Where can I pick up my luggage?","catalog-promoted","content-draft/viet/canonical-pages/catalog-promoted/hotel-accommodation/v900-hote-acco-where-can-i-pick-up-my-luggage.json","3","5","7","ready","2","PASS","",""
"1539","viet-phrase-v900-loca-serv-ever-task-can-we-sit-somewhere-cooler","v900-loca-serv-ever-task-can-we-sit-somewhere-cooler","Chúng ta có thể ngồi chỗ nào mát hơn được không?","Can we sit somewhere cooler?","catalog-promoted","content-draft/viet/canonical-pages/catalog-promoted/local-services-everyday-tasks/v900-loca-serv-ever-task-can-we-sit-somewhere-cooler.json","3","5","9","ready","2","PASS","",""
"1540","viet-phrase-v900-loca-serv-ever-task-can-we-sit-somewhere-quieter","v900-loca-serv-ever-task-can-we-sit-somewhere-quieter","Chúng ta có thể ngồi chỗ nào yên tĩnh hơn được không?","Can we sit somewhere quieter?","catalog-promoted","content-draft/viet/canonical-pages/catalog-promoted/local-services-everyday-tasks/v900-loca-serv-ever-task-can-we-sit-somewhere-quieter.json","3","5","9","ready","2","PASS","",""
"1541","viet-phrase-v900-loca-serv-ever-task-can-you-copy-this-document","v900-loca-serv-ever-task-can-you-copy-this-document","Bạn có thể sao chép tài liệu này?","Can you copy this document?","catalog-promoted","content-draft/viet/canonical-pages/catalog-promoted/local-services-everyday-tasks/v900-loca-serv-ever-task-can-you-copy-this-document.json","3","5","7","ready","2","PASS","",""
"1542","viet-phrase-v900-loca-serv-ever-task-can-you-dry-these-clothes","v900-loca-serv-ever-task-can-you-dry-these-clothes","Bạn có thể làm khô những bộ quần áo này không?","Can you dry these clothes?","catalog-promoted","content-draft/viet/canonical-pages/catalog-promoted/local-services-everyday-tasks/v900-loca-serv-ever-task-can-you-dry-these-clothes.json","3","5","11","ready","2","PASS","",""
"1543","viet-phrase-v900-loca-serv-ever-task-can-you-email-it-to-me","v900-loca-serv-ever-task-can-you-email-it-to-me","Bạn có thể gửi email cho tôi được không?","Can you email it to me?","catalog-promoted","content-draft/viet/canonical-pages/catalog-promoted/local-services-everyday-tasks/v900-loca-serv-ever-task-can-you-email-it-to-me.json","3","5","8","ready","2","PASS","",""
"1544","viet-phrase-v900-loca-serv-ever-task-can-you-print-this-for-me","v900-loca-serv-ever-task-can-you-print-this-for-me","Bạn có thể in cái này cho tôi được không?","Can you print this for me?","catalog-promoted","content-draft/viet/canonical-pages/catalog-promoted/local-services-everyday-tasks/v900-loca-serv-ever-task-can-you-print-this-for-me.json","3","5","9","ready","2","PASS","",""
"1545","viet-phrase-v900-loca-serv-ever-task-can-you-scan-this-document","v900-loca-serv-ever-task-can-you-scan-this-document","Bạn có thể scan tài liệu này được không?","Can you scan this document?","catalog-promoted","content-draft/viet/canonical-pages/catalog-promoted/local-services-everyday-tasks/v900-loca-serv-ever-task-can-you-scan-this-document.json","3","5","8","ready","2","PASS","",""
"1546","viet-phrase-v900-loca-serv-ever-task-can-you-sew-this","v900-loca-serv-ever-task-can-you-sew-this","Bạn có thể may cái này được không?","Can you sew this?","catalog-promoted","content-draft/viet/canonical-pages/catalog-promoted/local-services-everyday-tasks/v900-loca-serv-ever-task-can-you-sew-this.json","3","5","7","ready","2","PASS","",""
"1547","viet-phrase-v900-loca-serv-ever-task-can-you-wash-these-clothes","v900-loca-serv-ever-task-can-you-wash-these-clothes","Bạn có thể giặt những bộ quần áo này không?","Can you wash these clothes?","catalog-promoted","content-draft/viet/canonical-pages/catalog-promoted/local-services-everyday-tasks/v900-loca-serv-ever-task-can-you-wash-these-clothes.json","3","5","10","ready","2","PASS","",""
"1548","viet-phrase-v900-loca-serv-ever-task-how-much-per-kilo-for-laundry","v900-loca-serv-ever-task-how-much-per-kilo-for-laundry","Giặt đồ bao nhiêu một kg?","How much per kilo for laundry?","catalog-promoted","content-draft/viet/canonical-pages/catalog-promoted/local-services-everyday-tasks/v900-loca-serv-ever-task-how-much-per-kilo-for-laundry.json","3","5","5","ready","2","PASS","",""
"1549","viet-phrase-v900-loca-serv-ever-task-how-much-will-it-cost","v900-loca-serv-ever-task-how-much-will-it-cost","Nó sẽ có giá bao nhiêu?","How much will it cost?","catalog-promoted","content-draft/viet/canonical-pages/catalog-promoted/local-services-everyday-tasks/v900-loca-serv-ever-task-how-much-will-it-cost.json","3","5","6","ready","2","PASS","",""
"1550","viet-phrase-v900-loca-serv-ever-task-i-need-laundry-service","v900-loca-serv-ever-task-i-need-laundry-service","Tôi cần dịch vụ giặt ủi","I need laundry service","catalog-promoted","content-draft/viet/canonical-pages/catalog-promoted/local-services-everyday-tasks/v900-loca-serv-ever-task-i-need-laundry-service.json","3","5","6","ready","2","PASS","",""
"1551","viet-phrase-v900-loca-serv-ever-task-my-child-needs-a-bathroom","v900-loca-serv-ever-task-my-child-needs-a-bathroom","Con tôi cần một phòng tắm","My child needs a bathroom","catalog-promoted","content-draft/viet/canonical-pages/catalog-promoted/local-services-everyday-tasks/v900-loca-serv-ever-task-my-child-needs-a-bathroom.json","3","5","6","ready","2","PASS","",""
"1552","viet-phrase-v900-loca-serv-ever-task-please-do-not-shrink-this","v900-loca-serv-ever-task-please-do-not-shrink-this","Xin đừng thu nhỏ cái này","Please do not shrink this","catalog-promoted","content-draft/viet/canonical-pages/catalog-promoted/local-services-everyday-tasks/v900-loca-serv-ever-task-please-do-not-shrink-this.json","3","5","7","ready","2","PASS","",""
"1553","viet-phrase-v900-loca-serv-ever-task-please-print-it-in-black-and-white","v900-loca-serv-ever-task-please-print-it-in-black-and-white","Vui lòng in nó bằng màu đen và trắng","Please print it in black and white","catalog-promoted","content-draft/viet/canonical-pages/catalog-promoted/local-services-everyday-tasks/v900-loca-serv-ever-task-please-print-it-in-black-and-white.json","3","5","9","ready","2","PASS","",""
"1554","viet-phrase-v900-loca-serv-ever-task-when-will-it-be-ready","v900-loca-serv-ever-task-when-will-it-be-ready","Khi nào nó sẽ sẵn sàng?","When will it be ready?","catalog-promoted","content-draft/viet/canonical-pages/catalog-promoted/local-services-everyday-tasks/v900-loca-serv-ever-task-when-will-it-be-ready.json","3","5","6","ready","2","PASS","",""
"1555","viet-phrase-v900-loca-serv-ever-task-where-can-i-buy-mosquito-repellent","v900-loca-serv-ever-task-where-can-i-buy-mosquito-repellent","Tôi có thể mua thuốc chống muỗi ở đâu?","Where can I buy mosquito repellent?","catalog-promoted","content-draft/viet/canonical-pages/catalog-promoted/local-services-everyday-tasks/v900-loca-serv-ever-task-where-can-i-buy-mosquito-repellent.json","3","5","6","ready","2","PASS","",""
"1556","viet-phrase-v900-loca-serv-ever-task-where-can-i-buy-sunscreen","v900-loca-serv-ever-task-where-can-i-buy-sunscreen","Tôi có thể mua kem chống nắng ở đâu?","Where can I buy sunscreen?","catalog-promoted","content-draft/viet/canonical-pages/catalog-promoted/local-services-everyday-tasks/v900-loca-serv-ever-task-where-can-i-buy-sunscreen.json","3","5","6","ready","2","PASS","",""
"1557","viet-phrase-v900-loca-serv-ever-task-where-can-i-do-laundry","v900-loca-serv-ever-task-where-can-i-do-laundry","Tôi có thể giặt đồ ở đâu?","Where can I do laundry?","catalog-promoted","content-draft/viet/canonical-pages/catalog-promoted/local-services-everyday-tasks/v900-loca-serv-ever-task-where-can-i-do-laundry.json","3","5","5","ready","2","PASS","",""
"1558","viet-phrase-v900-loca-serv-ever-task-where-can-i-print-this","v900-loca-serv-ever-task-where-can-i-print-this","Tôi có thể in cái này ở đâu?","Where can I print this?","catalog-promoted","content-draft/viet/canonical-pages/catalog-promoted/local-services-everyday-tasks/v900-loca-serv-ever-task-where-can-i-print-this.json","3","5","7","ready","2","PASS","",""
"1559","viet-phrase-v900-loca-serv-ever-task-where-can-i-repair-my-bag","v900-loca-serv-ever-task-where-can-i-repair-my-bag","Tôi có thể sửa túi ở đâu?","Where can I repair my bag?","catalog-promoted","content-draft/viet/canonical-pages/catalog-promoted/local-services-everyday-tasks/v900-loca-serv-ever-task-where-can-i-repair-my-bag.json","3","5","6","ready","2","PASS","",""
"1560","viet-phrase-v900-mone-numb-pric-can-i-pay-by-qr-code","v900-mone-numb-pric-can-i-pay-by-qr-code","Tôi có thể thanh toán bằng mã QR không?","Can I pay by QR code?","catalog-promoted","content-draft/viet/canonical-pages/catalog-promoted/money-numbers-prices/v900-mone-numb-pric-can-i-pay-by-qr-code.json","3","5","7","ready","2","PASS","",""
"1561","viet-phrase-v900-mone-numb-pric-can-you-email-the-receipt","v900-mone-numb-pric-can-you-email-the-receipt","Bạn có thể gửi email hóa đơn được không?","Can you email the receipt?","catalog-promoted","content-draft/viet/canonical-pages/catalog-promoted/money-numbers-prices/v900-mone-numb-pric-can-you-email-the-receipt.json","3","5","7","ready","2","PASS","",""
"1562","viet-phrase-v900-mone-numb-pric-can-you-give-me-a-better-price","v900-mone-numb-pric-can-you-give-me-a-better-price","Bạn có thể cho tôi một mức giá tốt hơn?","Can you give me a better price?","catalog-promoted","content-draft/viet/canonical-pages/catalog-promoted/money-numbers-prices/v900-mone-numb-pric-can-you-give-me-a-better-price.json","3","5","9","ready","2","PASS","",""
"1563","viet-phrase-v900-mone-numb-pric-can-you-help-me-contact-the-bank","v900-mone-numb-pric-can-you-help-me-contact-the-bank","Bạn có thể giúp tôi liên hệ với ngân hàng được không?","Can you help me contact the bank?","catalog-promoted","content-draft/viet/canonical-pages/catalog-promoted/money-numbers-prices/v900-mone-numb-pric-can-you-help-me-contact-the-bank.json","3","5","9","ready","2","PASS","",""
"1564","viet-phrase-v900-mone-numb-pric-can-you-make-it-cheaper-if-i-buy-two","v900-mone-numb-pric-can-you-make-it-cheaper-if-i-buy-two","Bạn có thể làm cho nó rẻ hơn nếu tôi mua hai?","Can you make it cheaper if I buy two?","catalog-promoted","content-draft/viet/canonical-pages/catalog-promoted/money-numbers-prices/v900-mone-numb-pric-can-you-make-it-cheaper-if-i-buy-two.json","3","5","12","ready","2","PASS","",""
"1565","viet-phrase-v900-mone-numb-pric-can-you-print-the-receipt","v900-mone-numb-pric-can-you-print-the-receipt","Bạn có thể in biên lai được không?","Can you print the receipt?","catalog-promoted","content-draft/viet/canonical-pages/catalog-promoted/money-numbers-prices/v900-mone-numb-pric-can-you-print-the-receipt.json","3","5","6","ready","2","PASS","",""
"1566","viet-phrase-v900-mone-numb-pric-can-you-process-a-refund","v900-mone-numb-pric-can-you-process-a-refund","Bạn có thể xử lý hoàn tiền không?","Can you process a refund?","catalog-promoted","content-draft/viet/canonical-pages/catalog-promoted/money-numbers-prices/v900-mone-numb-pric-can-you-process-a-refund.json","3","5","7","ready","2","PASS","",""
"1567","viet-phrase-v900-mone-numb-pric-can-you-refund-the-difference","v900-mone-numb-pric-can-you-refund-the-difference","Bạn có thể hoàn lại tiền chênh lệch không?","Can you refund the difference?","catalog-promoted","content-draft/viet/canonical-pages/catalog-promoted/money-numbers-prices/v900-mone-numb-pric-can-you-refund-the-difference.json","3","5","8","ready","2","PASS","",""
"1568","viet-phrase-v900-mone-numb-pric-do-you-accept-us-dollars","v900-mone-numb-pric-do-you-accept-us-dollars","Bạn có chấp nhận đô la Mỹ không?","Do you accept US dollars?","catalog-promoted","content-draft/viet/canonical-pages/catalog-promoted/money-numbers-prices/v900-mone-numb-pric-do-you-accept-us-dollars.json","3","5","8","ready","2","PASS","",""
"1569","viet-phrase-v900-mone-numb-pric-how-much-for-two-of-them","v900-mone-numb-pric-how-much-for-two-of-them","Hai cái đó bao nhiêu?","How much for two of them?","catalog-promoted","content-draft/viet/canonical-pages/catalog-promoted/money-numbers-prices/v900-mone-numb-pric-how-much-for-two-of-them.json","3","5","5","ready","2","PASS","",""
"1570","viet-phrase-v900-mone-numb-pric-i-gave-you-the-wrong-bill","v900-mone-numb-pric-i-gave-you-the-wrong-bill","Tôi đưa nhầm hóa đơn cho bạn","I gave you the wrong bill","catalog-promoted","content-draft/viet/canonical-pages/catalog-promoted/money-numbers-prices/v900-mone-numb-pric-i-gave-you-the-wrong-bill.json","3","5","7","ready","2","PASS","",""
"1571","viet-phrase-v900-mone-numb-pric-i-think-the-change-is-wrong","v900-mone-numb-pric-i-think-the-change-is-wrong","Tôi nghĩ sự thay đổi là sai","I think the change is wrong","catalog-promoted","content-draft/viet/canonical-pages/catalog-promoted/money-numbers-prices/v900-mone-numb-pric-i-think-the-change-is-wrong.json","3","5","8","ready","2","PASS","",""
"1572","viet-phrase-v900-mone-numb-pric-i-was-charged-the-wrong-amount","v900-mone-numb-pric-i-was-charged-the-wrong-amount","Tôi đã bị tính sai số tiền","I was charged the wrong amount","catalog-promoted","content-draft/viet/canonical-pages/catalog-promoted/money-numbers-prices/v900-mone-numb-pric-i-was-charged-the-wrong-amount.json","3","5","7","ready","2","PASS","",""
"1573","viet-phrase-v900-mone-numb-pric-is-the-service-charge-included","v900-mone-numb-pric-is-the-service-charge-included","Có bao gồm phí dịch vụ không?","Is the service charge included?","catalog-promoted","content-draft/viet/canonical-pages/catalog-promoted/money-numbers-prices/v900-mone-numb-pric-is-the-service-charge-included.json","3","5","6","ready","2","PASS","",""
"1574","viet-phrase-v900-mone-numb-pric-is-there-a-withdrawal-fee","v900-mone-numb-pric-is-there-a-withdrawal-fee","Có phí rút tiền không?","Is there a withdrawal fee?","catalog-promoted","content-draft/viet/canonical-pages/catalog-promoted/money-numbers-prices/v900-mone-numb-pric-is-there-a-withdrawal-fee.json","3","5","5","ready","2","PASS","",""
"1575","viet-phrase-v900-mone-numb-pric-is-there-an-atm-nearby","v900-mone-numb-pric-is-there-an-atm-nearby","Có máy ATM nào gần đây không?","Is there an ATM nearby?","catalog-promoted","content-draft/viet/canonical-pages/catalog-promoted/money-numbers-prices/v900-mone-numb-pric-is-there-an-atm-nearby.json","3","5","7","ready","2","PASS","",""
"1576","viet-phrase-v900-mone-numb-pric-is-this-price-in-vietnamese-dong","v900-mone-numb-pric-is-this-price-in-vietnamese-dong","Giá này bằng đồng Việt Nam phải không?","Is this price in Vietnamese dong?","catalog-promoted","content-draft/viet/canonical-pages/catalog-promoted/money-numbers-prices/v900-mone-numb-pric-is-this-price-in-vietnamese-dong.json","3","5","7","ready","2","PASS","",""
"1577","viet-phrase-v900-mone-numb-pric-is-this-the-same-price-for-children","v900-mone-numb-pric-is-this-the-same-price-for-children","Đây có phải là mức giá tương tự cho trẻ em?","Is this the same price for children?","catalog-promoted","content-draft/viet/canonical-pages/catalog-promoted/money-numbers-prices/v900-mone-numb-pric-is-this-the-same-price-for-children.json","3","5","9","ready","2","PASS","",""
"1578","viet-phrase-v900-mone-numb-pric-please-cancel-that-card-payment","v900-mone-numb-pric-please-cancel-that-card-payment","Vui lòng hủy thanh toán thẻ đó","Please cancel that card payment","catalog-promoted","content-draft/viet/canonical-pages/catalog-promoted/money-numbers-prices/v900-mone-numb-pric-please-cancel-that-card-payment.json","3","5","6","ready","2","PASS","",""
"1579","viet-phrase-v900-mone-numb-pric-please-do-not-tap-again","v900-mone-numb-pric-please-do-not-tap-again","Làm ơn đừng gõ nữa","Please do not tap again","catalog-promoted","content-draft/viet/canonical-pages/catalog-promoted/money-numbers-prices/v900-mone-numb-pric-please-do-not-tap-again.json","3","5","5","ready","2","PASS","",""
"1580","viet-phrase-v900-mone-numb-pric-please-give-me-the-change","v900-mone-numb-pric-please-give-me-the-change","Xin vui lòng đưa cho tôi tiền lẻ.","Please give me the change.","catalog-promoted","content-draft/viet/canonical-pages/catalog-promoted/money-numbers-prices/v900-mone-numb-pric-please-give-me-the-change.json","3","5","6","ready","2","PASS","",""
"1581","viet-phrase-v900-mone-numb-pric-the-card-machine-is-not-working","v900-mone-numb-pric-the-card-machine-is-not-working","Máy thẻ không hoạt động","The card machine is not working","catalog-promoted","content-draft/viet/canonical-pages/catalog-promoted/money-numbers-prices/v900-mone-numb-pric-the-card-machine-is-not-working.json","3","5","4","ready","2","PASS","",""
"1582","viet-phrase-v900-mone-numb-pric-the-payment-went-through","v900-mone-numb-pric-the-payment-went-through","Việc thanh toán đã được thông qua","The payment went through","catalog-promoted","content-draft/viet/canonical-pages/catalog-promoted/money-numbers-prices/v900-mone-numb-pric-the-payment-went-through.json","3","5","7","ready","2","PASS","",""
"1583","viet-phrase-v900-mone-numb-pric-this-receipt-is-not-mine","v900-mone-numb-pric-this-receipt-is-not-mine","Biên lai này không phải của tôi","This receipt is not mine","catalog-promoted","content-draft/viet/canonical-pages/catalog-promoted/money-numbers-prices/v900-mone-numb-pric-this-receipt-is-not-mine.json","3","5","6","ready","2","PASS","",""
"1584","viet-phrase-v900-mone-numb-pric-what-is-the-exchange-rate","v900-mone-numb-pric-what-is-the-exchange-rate","Tỷ giá hối đoái là gì?","What is the exchange rate?","catalog-promoted","content-draft/viet/canonical-pages/catalog-promoted/money-numbers-prices/v900-mone-numb-pric-what-is-the-exchange-rate.json","3","5","4","ready","2","PASS","",""
"1585","viet-phrase-v900-phon-inte-powe-can-you-check-this-address-in-the-app","v900-phon-inte-powe-can-you-check-this-address-in-the-app","Bạn có thể kiểm tra địa chỉ này trong ứng dụng không?","Can you check this address in the app?","catalog-promoted","content-draft/viet/canonical-pages/catalog-promoted/phone-internet-power/v900-phon-inte-powe-can-you-check-this-address-in-the-app.json","3","5","9","ready","2","PASS","",""
"1586","viet-phrase-v900-phon-inte-powe-can-you-help-me-book-a-grab","v900-phon-inte-powe-can-you-help-me-book-a-grab","Bạn có thể giúp tôi đặt xe Grab được không?","Can you help me book a Grab?","catalog-promoted","content-draft/viet/canonical-pages/catalog-promoted/phone-internet-power/v900-phon-inte-powe-can-you-help-me-book-a-grab.json","3","5","9","ready","2","PASS","",""
"1587","viet-phrase-v900-phon-inte-powe-can-you-send-a-text-message-for-me","v900-phon-inte-powe-can-you-send-a-text-message-for-me","Bạn có thể gửi tin nhắn văn bản cho tôi được không?","Can you send a text message for me?","catalog-promoted","content-draft/viet/canonical-pages/catalog-promoted/phone-internet-power/v900-phon-inte-powe-can-you-send-a-text-message-for-me.json","3","5","9","ready","2","PASS","",""
"1588","viet-phrase-v900-phon-inte-powe-can-you-send-me-your-location","v900-phon-inte-powe-can-you-send-me-your-location","Bạn có thể gửi cho tôi vị trí của bạn?","Can you send me your location?","catalog-promoted","content-draft/viet/canonical-pages/catalog-promoted/phone-internet-power/v900-phon-inte-powe-can-you-send-me-your-location.json","3","5","9","ready","2","PASS","",""
"1589","viet-phrase-v900-phon-inte-powe-can-you-type-the-address-for-me","v900-phon-inte-powe-can-you-type-the-address-for-me","Bạn có thể gõ địa chỉ cho tôi được không?","Can you type the address for me?","catalog-promoted","content-draft/viet/canonical-pages/catalog-promoted/phone-internet-power/v900-phon-inte-powe-can-you-type-the-address-for-me.json","3","5","8","ready","2","PASS","",""
"1590","viet-phrase-v900-phon-inte-powe-does-this-work-outside-the-city","v900-phon-inte-powe-does-this-work-outside-the-city","Cái này có hoạt động bên ngoài thành phố không?","Does this work outside the city?","catalog-promoted","content-draft/viet/canonical-pages/catalog-promoted/phone-internet-power/v900-phon-inte-powe-does-this-work-outside-the-city.json","3","5","9","ready","2","PASS","",""
"1591","viet-phrase-v900-phon-inte-powe-how-long-will-the-repair-take","v900-phon-inte-powe-how-long-will-the-repair-take","Việc sửa chữa sẽ mất bao lâu?","How long will the repair take?","catalog-promoted","content-draft/viet/canonical-pages/catalog-promoted/phone-internet-power/v900-phon-inte-powe-how-long-will-the-repair-take.json","3","5","5","ready","2","PASS","",""
"1592","viet-phrase-v900-phon-inte-powe-how-many-gigabytes-are-included","v900-phon-inte-powe-how-many-gigabytes-are-included","Có bao nhiêu gigabyte được bao gồm?","How many gigabytes are included?","catalog-promoted","content-draft/viet/canonical-pages/catalog-promoted/phone-internet-power/v900-phon-inte-powe-how-many-gigabytes-are-included.json","3","5","7","ready","2","PASS","",""
"1593","viet-phrase-v900-phon-inte-powe-is-this-the-correct-location-pin","v900-phon-inte-powe-is-this-the-correct-location-pin","Đây có phải là pin vị trí chính xác không?","Is this the correct location pin?","catalog-promoted","content-draft/viet/canonical-pages/catalog-promoted/phone-internet-power/v900-phon-inte-powe-is-this-the-correct-location-pin.json","3","5","10","ready","2","PASS","",""
"1594","viet-phrase-v900-phon-inte-powe-please-speak-to-them-on-the-phone","v900-phon-inte-powe-please-speak-to-them-on-the-phone","Hãy nói chuyện với họ qua điện thoại","Please speak to them on the phone","catalog-promoted","content-draft/viet/canonical-pages/catalog-promoted/phone-internet-power/v900-phon-inte-powe-please-speak-to-them-on-the-phone.json","3","5","8","ready","2","PASS","",""
"1595","viet-phrase-v900-phon-inte-powe-the-app-says-my-driver-is-here-but-i-cant-find-t","v900-phon-inte-powe-the-app-says-my-driver-is-here-but-i-cant-find-t","Ứng dụng cho biết trình điều khiển của tôi có ở đây nhưng tôi không thể tìm thấy chúng.","The app says my driver is here, but I can't find them.","catalog-promoted","content-draft/viet/canonical-pages/catalog-promoted/phone-internet-power/v900-phon-inte-powe-the-app-says-my-driver-is-here-but-i-cant-find-t.json","4","5","12","ready","2","PASS","",""
"1596","viet-phrase-v900-phon-inte-powe-the-app-will-not-accept-my-card","v900-phon-inte-powe-the-app-will-not-accept-my-card","Ứng dụng sẽ không chấp nhận thẻ của tôi","The app will not accept my card","catalog-promoted","content-draft/viet/canonical-pages/catalog-promoted/phone-internet-power/v900-phon-inte-powe-the-app-will-not-accept-my-card.json","3","5","8","ready","2","PASS","",""
"1597","viet-phrase-v900-phon-inte-powe-the-password-is-not-working","v900-phon-inte-powe-the-password-is-not-working","Mật khẩu không hoạt động","The password is not working","catalog-promoted","content-draft/viet/canonical-pages/catalog-promoted/phone-internet-power/v900-phon-inte-powe-the-password-is-not-working.json","3","5","3","ready","2","PASS","",""
"1598","viet-phrase-v900-phon-inte-powe-the-sim-card-is-not-working","v900-phon-inte-powe-the-sim-card-is-not-working","Thẻ SIM không hoạt động","The SIM card is not working","catalog-promoted","content-draft/viet/canonical-pages/catalog-promoted/phone-internet-power/v900-phon-inte-powe-the-sim-card-is-not-working.json","3","5","3","ready","2","PASS","",""
"1599","viet-phrase-v900-phon-inte-powe-the-wi-fi-keeps-disconnecting","v900-phon-inte-powe-the-wi-fi-keeps-disconnecting","Wi-Fi liên tục bị ngắt kết nối","The Wi-Fi keeps disconnecting","catalog-promoted","content-draft/viet/canonical-pages/catalog-promoted/phone-internet-power/v900-phon-inte-powe-the-wi-fi-keeps-disconnecting.json","3","5","5","ready","2","PASS","",""
"1600","viet-phrase-v900-phon-inte-powe-where-can-i-buy-a-power-bank","v900-phon-inte-powe-where-can-i-buy-a-power-bank","Tôi có thể mua sạc dự phòng ở đâu?","Where can I buy a power bank?","catalog-promoted","content-draft/viet/canonical-pages/catalog-promoted/phone-internet-power/v900-phon-inte-powe-where-can-i-buy-a-power-bank.json","3","5","7","ready","2","PASS","",""
"1601","viet-phrase-v900-phon-inte-powe-which-wi-fi-network-should-i-use","v900-phon-inte-powe-which-wi-fi-network-should-i-use","Tôi nên sử dụng mạng Wi-Fi nào?","Which Wi-Fi network should I use?","catalog-promoted","content-draft/viet/canonical-pages/catalog-promoted/phone-internet-power/v900-phon-inte-powe-which-wi-fi-network-should-i-use.json","3","5","7","ready","2","PASS","",""
"1602","viet-phrase-v900-poli-basi-can-i-come-in","v900-poli-basi-can-i-come-in","Tôi có thể vào được không?","Can I come in?","catalog-promoted","content-draft/viet/canonical-pages/catalog-promoted/polite-basics/v900-poli-basi-can-i-come-in.json","3","5","5","ready","2","PASS","",""
"1603","viet-phrase-v900-poli-basi-can-i-sit-here","v900-poli-basi-can-i-sit-here","Tôi có thể ngồi đây được không?","Can I sit here?","catalog-promoted","content-draft/viet/canonical-pages/catalog-promoted/polite-basics/v900-poli-basi-can-i-sit-here.json","3","5","6","ready","2","PASS","",""
"1604","viet-phrase-v900-poli-basi-im-in-a-hurry","v900-poli-basi-im-in-a-hurry","tôi đang vội","I’m in a hurry","catalog-promoted","content-draft/viet/canonical-pages/catalog-promoted/polite-basics/v900-poli-basi-im-in-a-hurry.json","3","5","4","ready","2","PASS","",""
"1605","viet-phrase-v900-poli-basi-im-very-sorry","v900-poli-basi-im-very-sorry","tôi rất xin lỗi","I’m very sorry","catalog-promoted","content-draft/viet/canonical-pages/catalog-promoted/polite-basics/v900-poli-basi-im-very-sorry.json","3","5","4","ready","2","PASS","",""
"1606","viet-phrase-v900-poli-basi-may-i","v900-poli-basi-may-i","Tôi có thể không?","May I?","catalog-promoted","content-draft/viet/canonical-pages/catalog-promoted/polite-basics/v900-poli-basi-may-i.json","3","5","4","ready","2","PASS","",""
"1607","viet-phrase-v900-poli-basi-no-problem","v900-poli-basi-no-problem","Không có gì","No problem","catalog-promoted","content-draft/viet/canonical-pages/catalog-promoted/polite-basics/thank-you-khong-co-gi.json","5","5","4","ready","2","PASS","",""
"1608","viet-phrase-v900-prob-help-can-you-help-me-contact-my-airline","v900-prob-help-can-you-help-me-contact-my-airline","Bạn có thể giúp tôi liên hệ với hãng hàng không của tôi không?","Can you help me contact my airline?","catalog-promoted","content-draft/viet/canonical-pages/catalog-promoted/problems-help/v900-prob-help-can-you-help-me-contact-my-airline.json","3","5","10","ready","2","PASS","",""
"1609","viet-phrase-v900-prob-help-i-need-a-police-report-for-insurance","v900-prob-help-i-need-a-police-report-for-insurance","Tôi cần báo cáo của cảnh sát về bảo hiểm","I need a police report for insurance","catalog-promoted","content-draft/viet/canonical-pages/catalog-promoted/problems-help/v900-prob-help-i-need-a-police-report-for-insurance.json","3","5","8","ready","2","PASS","",""
"1610","viet-phrase-v900-prob-help-please-give-me-a-copy-of-the-report","v900-prob-help-please-give-me-a-copy-of-the-report","Xin vui lòng cho tôi một bản sao của báo cáo","Please give me a copy of the report","catalog-promoted","content-draft/viet/canonical-pages/catalog-promoted/problems-help/v900-prob-help-please-give-me-a-copy-of-the-report.json","3","5","8","ready","2","PASS","",""
"1611","viet-phrase-v900-prob-help-thank-you-for-helping-me-report-this","v900-prob-help-thank-you-for-helping-me-report-this","Cảm ơn bạn đã giúp tôi báo cáo điều này","Thank you for helping me report this","catalog-promoted","content-draft/viet/canonical-pages/catalog-promoted/problems-help/v900-prob-help-thank-you-for-helping-me-report-this.json","3","5","9","ready","2","PASS","",""
"1612","viet-phrase-v900-shop-can-i-see-that-one","v900-shop-can-i-see-that-one","Tôi có thể xem cái đó được không?","Can I see that one?","catalog-promoted","content-draft/viet/canonical-pages/catalog-promoted/shopping/v900-shop-can-i-see-that-one.json","3","5","7","ready","2","PASS","",""
"1613","viet-phrase-v900-shop-can-you-give-me-a-discount","v900-shop-can-you-give-me-a-discount","Bạn có thể giảm giá cho tôi được không?","Can you give me a discount?","catalog-promoted","content-draft/viet/canonical-pages/catalog-promoted/shopping/v900-shop-can-you-give-me-a-discount.json","3","5","7","ready","2","PASS","",""
"1614","viet-phrase-v900-shop-can-you-make-it-a-round-number","v900-shop-can-you-make-it-a-round-number","Bạn có thể biến nó thành một số tròn được không?","Can you make it a round number?","catalog-promoted","content-draft/viet/canonical-pages/catalog-promoted/shopping/v900-shop-can-you-make-it-a-round-number.json","3","5","9","ready","2","PASS","",""
"1615","viet-phrase-v900-shop-can-you-pack-it-for-travel","v900-shop-can-you-pack-it-for-travel","Bạn có thể đóng gói nó để đi du lịch?","Can you pack it for travel?","catalog-promoted","content-draft/viet/canonical-pages/catalog-promoted/shopping/v900-shop-can-you-pack-it-for-travel.json","3","5","8","ready","2","PASS","",""
"1616","viet-phrase-v900-shop-can-you-show-me-the-inside","v900-shop-can-you-show-me-the-inside","Bạn có thể cho tôi xem bên trong được không?","Can you show me the inside?","catalog-promoted","content-draft/viet/canonical-pages/catalog-promoted/shopping/v900-shop-can-you-show-me-the-inside.json","3","5","9","ready","2","PASS","",""
"1617","viet-phrase-v900-shop-can-you-wrap-it-carefully","v900-shop-can-you-wrap-it-carefully","Bạn có thể gói nó cẩn thận được không?","Can you wrap it carefully?","catalog-promoted","content-draft/viet/canonical-pages/catalog-promoted/shopping/v900-shop-can-you-wrap-it-carefully.json","3","5","8","ready","2","PASS","",""
"1618","viet-phrase-v900-shop-do-you-have-a-better-quality-one","v900-shop-do-you-have-a-better-quality-one","Bạn có cái nào chất lượng hơn không?","Do you have a better quality one?","catalog-promoted","content-draft/viet/canonical-pages/catalog-promoted/shopping/v900-shop-do-you-have-a-better-quality-one.json","3","5","8","ready","2","PASS","",""
"1619","viet-phrase-v900-shop-do-you-have-a-cheaper-one","v900-shop-do-you-have-a-cheaper-one","Bạn có cái nào rẻ hơn không?","Do you have a cheaper one?","catalog-promoted","content-draft/viet/canonical-pages/catalog-promoted/shopping/v900-shop-do-you-have-a-cheaper-one.json","3","5","8","ready","2","PASS","",""
"1620","viet-phrase-v900-shop-do-you-have-a-larger-size","v900-shop-do-you-have-a-larger-size","Bạn có kích thước lớn hơn không?","Do you have a larger size?","catalog-promoted","content-draft/viet/canonical-pages/catalog-promoted/shopping/v900-shop-do-you-have-a-larger-size.json","3","5","8","ready","2","PASS","",""
"1621","viet-phrase-v900-shop-do-you-have-a-smaller-size","v900-shop-do-you-have-a-smaller-size","Bạn có kích thước nhỏ hơn không?","Do you have a smaller size?","catalog-promoted","content-draft/viet/canonical-pages/catalog-promoted/shopping/v900-shop-do-you-have-a-smaller-size.json","3","5","8","ready","2","PASS","",""
"1622","viet-phrase-v900-shop-do-you-have-this-in-black","v900-shop-do-you-have-this-in-black","Bạn có cái này màu đen không?","Do you have this in black?","catalog-promoted","content-draft/viet/canonical-pages/catalog-promoted/shopping/v900-shop-do-you-have-this-in-black.json","3","5","8","ready","2","PASS","",""
"1623","viet-phrase-v900-shop-i-bought-the-wrong-size","v900-shop-i-bought-the-wrong-size","Tôi mua nhầm kích thước","I bought the wrong size","catalog-promoted","content-draft/viet/canonical-pages/catalog-promoted/shopping/v900-shop-i-bought-the-wrong-size.json","3","5","6","ready","2","PASS","",""
"1624","viet-phrase-v900-shop-i-will-buy-two-if-the-price-is-good","v900-shop-i-will-buy-two-if-the-price-is-good","Mình sẽ mua 2 cái nếu giá tốt","I will buy two if the price is good","catalog-promoted","content-draft/viet/canonical-pages/catalog-promoted/shopping/v900-shop-i-will-buy-two-if-the-price-is-good.json","3","5","8","ready","2","PASS","",""
"1625","viet-phrase-v900-shop-im-looking-for-a-gift","v900-shop-im-looking-for-a-gift","Tôi đang tìm một món quà","I’m looking for a gift","catalog-promoted","content-draft/viet/canonical-pages/catalog-promoted/shopping/v900-shop-im-looking-for-a-gift.json","3","5","7","ready","2","PASS","",""
"1626","viet-phrase-v900-shop-no-thank-you-ill-look-around-first","v900-shop-no-thank-you-ill-look-around-first","Không, cảm ơn, tôi sẽ xem xét xung quanh trước","No thank you, I’ll look around first","catalog-promoted","content-draft/viet/canonical-pages/catalog-promoted/shopping/v900-shop-no-thank-you-ill-look-around-first.json","3","5","8","ready","2","PASS","",""
"1627","viet-phrase-v900-shop-that-is-still-too-expensive-for-me","v900-shop-that-is-still-too-expensive-for-me","Điều đó vẫn còn quá đắt đối với tôi","That is still too expensive for me","catalog-promoted","content-draft/viet/canonical-pages/catalog-promoted/shopping/v900-shop-that-is-still-too-expensive-for-me.json","3","5","10","ready","2","PASS","",""
"1628","viet-phrase-v900-shop-this-fits-well","v900-shop-this-fits-well","Điều này rất phù hợp","This fits well","catalog-promoted","content-draft/viet/canonical-pages/catalog-promoted/shopping/v900-shop-this-fits-well.json","3","5","6","ready","2","PASS","",""
"1629","viet-phrase-v900-shop-this-one-is-damaged","v900-shop-this-one-is-damaged","Cái này bị hỏng","This one is damaged","catalog-promoted","content-draft/viet/canonical-pages/catalog-promoted/shopping/v900-shop-this-one-is-damaged.json","3","5","4","ready","2","PASS","",""
"1630","viet-phrase-v900-shop-what-is-your-best-price","v900-shop-what-is-your-best-price","Giá tốt nhất của bạn là gì?","What is your best price?","catalog-promoted","content-draft/viet/canonical-pages/catalog-promoted/shopping/v900-shop-what-is-your-best-price.json","3","5","6","ready","2","PASS","",""
"1631","viet-phrase-v900-shop-where-is-the-fitting-room","v900-shop-where-is-the-fitting-room","Phòng thử đồ ở đâu?","Where is the fitting room?","catalog-promoted","content-draft/viet/canonical-pages/catalog-promoted/shopping/v900-shop-where-is-the-fitting-room.json","3","5","4","ready","2","PASS","",""
"1632","viet-phrase-v900-sigh-acti-can-i-take-a-photo-here","v900-sigh-acti-can-i-take-a-photo-here","Tôi có thể chụp ảnh ở đây được không?","Can I take a photo here?","catalog-promoted","content-draft/viet/canonical-pages/catalog-promoted/sightseeing-activities/v900-sigh-acti-can-i-take-a-photo-here.json","3","5","8","ready","2","PASS","",""
"1633","viet-phrase-v900-sigh-acti-can-you-write-the-name-for-me","v900-sigh-acti-can-you-write-the-name-for-me","Bạn có thể viết tên cho tôi được không?","Can you write the name for me?","catalog-promoted","content-draft/viet/canonical-pages/catalog-promoted/sightseeing-activities/v900-sigh-acti-can-you-write-the-name-for-me.json","3","5","8","ready","2","PASS","",""
"1634","viet-phrase-v900-sigh-acti-i-cannot-find-the-tour-guide","v900-sigh-acti-i-cannot-find-the-tour-guide","Tôi không thể tìm thấy hướng dẫn viên du lịch","I cannot find the tour guide","catalog-promoted","content-draft/viet/canonical-pages/catalog-promoted/sightseeing-activities/v900-sigh-acti-i-cannot-find-the-tour-guide.json","3","5","8","ready","2","PASS","",""
"1635","viet-phrase-v900-sigh-acti-id-like-to-book-a-tour","v900-sigh-acti-id-like-to-book-a-tour","Tôi muốn đặt một chuyến tham quan","I’d like to book a tour","catalog-promoted","content-draft/viet/canonical-pages/catalog-promoted/sightseeing-activities/v900-sigh-acti-id-like-to-book-a-tour.json","3","5","6","ready","2","PASS","",""
"1636","viet-phrase-v900-sigh-acti-is-lunch-included","v900-sigh-acti-is-lunch-included","Có bao gồm bữa trưa không?","Is lunch included?","catalog-promoted","content-draft/viet/canonical-pages/catalog-promoted/sightseeing-activities/v900-sigh-acti-is-lunch-included.json","3","5","6","ready","2","PASS","",""
"1637","viet-phrase-v900-sigh-acti-is-photography-allowed","v900-sigh-acti-is-photography-allowed","Có được phép chụp ảnh không?","Is photography allowed?","catalog-promoted","content-draft/viet/canonical-pages/catalog-promoted/sightseeing-activities/v900-sigh-acti-is-photography-allowed.json","3","5","6","ready","2","PASS","",""
"1638","viet-phrase-v900-sigh-acti-is-there-an-english-guide","v900-sigh-acti-is-there-an-english-guide","Có hướng dẫn tiếng Anh không?","Is there an English guide?","catalog-promoted","content-draft/viet/canonical-pages/catalog-promoted/sightseeing-activities/v900-sigh-acti-is-there-an-english-guide.json","3","5","5","ready","2","PASS","",""
"1639","viet-phrase-v900-sigh-acti-is-this-area-safe-at-night","v900-sigh-acti-is-this-area-safe-at-night","Khu vực này có an toàn vào ban đêm không?","Is this area safe at night?","catalog-promoted","content-draft/viet/canonical-pages/catalog-promoted/sightseeing-activities/v900-sigh-acti-is-this-area-safe-at-night.json","3","5","9","ready","2","PASS","",""
"1640","viet-phrase-v900-sigh-acti-is-this-included-in-the-ticket","v900-sigh-acti-is-this-included-in-the-ticket","Cái này có bao gồm trong vé không?","Is this included in the ticket?","catalog-promoted","content-draft/viet/canonical-pages/catalog-promoted/sightseeing-activities/v900-sigh-acti-is-this-included-in-the-ticket.json","3","5","9","ready","2","PASS","",""
"1641","viet-phrase-v900-sigh-acti-is-this-the-right-entrance","v900-sigh-acti-is-this-the-right-entrance","Đây có phải là lối vào bên phải không?","Is this the right entrance?","catalog-promoted","content-draft/viet/canonical-pages/catalog-promoted/sightseeing-activities/v900-sigh-acti-is-this-the-right-entrance.json","3","5","8","ready","2","PASS","",""
"1642","viet-phrase-v900-sigh-acti-please-send-me-the-meeting-point","v900-sigh-acti-please-send-me-the-meeting-point","Vui lòng gửi cho tôi điểm tập trung","Please send me the meeting point","catalog-promoted","content-draft/viet/canonical-pages/catalog-promoted/sightseeing-activities/v900-sigh-acti-please-send-me-the-meeting-point.json","3","5","6","ready","2","PASS","",""
"1643","viet-phrase-v900-sigh-acti-what-should-i-bring","v900-sigh-acti-what-should-i-bring","Tôi nên mang theo những gì?","What should I bring?","catalog-promoted","content-draft/viet/canonical-pages/catalog-promoted/sightseeing-activities/v900-sigh-acti-what-should-i-bring.json","3","5","7","ready","2","PASS","",""
"1644","viet-phrase-v900-sigh-acti-what-time-does-the-tour-start","v900-sigh-acti-what-time-does-the-tour-start","Chuyến tham quan bắt đầu lúc mấy giờ?","What time does the tour start?","catalog-promoted","content-draft/viet/canonical-pages/catalog-promoted/sightseeing-activities/v900-sigh-acti-what-time-does-the-tour-start.json","3","5","5","ready","2","PASS","",""
"1645","viet-phrase-v900-sigh-acti-where-does-the-tour-meet","v900-sigh-acti-where-does-the-tour-meet","Chuyến đi gặp nhau ở đâu?","Where does the tour meet?","catalog-promoted","content-draft/viet/canonical-pages/catalog-promoted/sightseeing-activities/v900-sigh-acti-where-does-the-tour-meet.json","3","5","6","ready","2","PASS","",""
"1646","viet-phrase-v900-sigh-acti-where-is-less-crowded","v900-sigh-acti-where-is-less-crowded","Nơi nào ít đông đúc hơn?","Where is less crowded?","catalog-promoted","content-draft/viet/canonical-pages/catalog-promoted/sightseeing-activities/v900-sigh-acti-where-is-less-crowded.json","3","5","6","ready","2","PASS","",""
"1647","viet-phrase-v900-time-date-book-can-i-get-a-ticket-refund","v900-time-date-book-can-i-get-a-ticket-refund","Tôi có thể được hoàn tiền vé không?","Can I get a ticket refund?","catalog-promoted","content-draft/viet/canonical-pages/catalog-promoted/time-dates-booking/v900-time-date-book-can-i-get-a-ticket-refund.json","3","5","8","ready","2","PASS","",""
"1648","viet-phrase-v900-time-date-book-can-i-have-a-window-seat","v900-time-date-book-can-i-have-a-window-seat","Tôi có thể ngồi cạnh cửa sổ được không?","Can I have a window seat?","catalog-promoted","content-draft/viet/canonical-pages/catalog-promoted/time-dates-booking/v900-time-date-book-can-i-have-a-window-seat.json","3","5","7","ready","2","PASS","",""
"1649","viet-phrase-v900-time-date-book-can-i-have-seats-together","v900-time-date-book-can-i-have-seats-together","Tôi có thể ngồi chung được không?","Can I have seats together?","catalog-promoted","content-draft/viet/canonical-pages/catalog-promoted/time-dates-booking/v900-time-date-book-can-i-have-seats-together.json","3","5","6","ready","2","PASS","",""
"1650","viet-phrase-v900-time-date-book-can-i-move-it-to-tomorrow","v900-time-date-book-can-i-move-it-to-tomorrow","Tôi có thể chuyển nó sang ngày mai được không?","Can I move it to tomorrow?","catalog-promoted","content-draft/viet/canonical-pages/catalog-promoted/time-dates-booking/v900-time-date-book-can-i-move-it-to-tomorrow.json","3","5","8","ready","2","PASS","",""
"1651","viet-phrase-v900-time-date-book-can-you-confirm-my-booking","v900-time-date-book-can-you-confirm-my-booking","Bạn có thể xác nhận đặt phòng của tôi?","Can you confirm my booking?","catalog-promoted","content-draft/viet/canonical-pages/catalog-promoted/time-dates-booking/v900-time-date-book-can-you-confirm-my-booking.json","3","5","6","ready","2","PASS","",""
"1652","viet-phrase-v900-time-date-book-can-you-put-me-on-the-waiting-list","v900-time-date-book-can-you-put-me-on-the-waiting-list","Bạn có thể đưa tôi vào danh sách chờ được không?","Can you put me on the waiting list?","catalog-promoted","content-draft/viet/canonical-pages/catalog-promoted/time-dates-booking/v900-time-date-book-can-you-put-me-on-the-waiting-list.json","3","5","8","ready","2","PASS","",""
"1653","viet-phrase-v900-time-date-book-can-you-send-a-confirmation-message","v900-time-date-book-can-you-send-a-confirmation-message","Bạn có thể gửi tin nhắn xác nhận không?","Can you send a confirmation message?","catalog-promoted","content-draft/viet/canonical-pages/catalog-promoted/time-dates-booking/v900-time-date-book-can-you-send-a-confirmation-message.json","3","5","7","ready","2","PASS","",""
"1654","viet-phrase-v900-time-date-book-do-i-need-to-arrive-early","v900-time-date-book-do-i-need-to-arrive-early","Tôi có cần đến sớm không?","Do I need to arrive early?","catalog-promoted","content-draft/viet/canonical-pages/catalog-promoted/time-dates-booking/v900-time-date-book-do-i-need-to-arrive-early.json","3","5","7","ready","2","PASS","",""
"1655","viet-phrase-v900-time-date-book-do-i-need-to-bring-my-passport","v900-time-date-book-do-i-need-to-bring-my-passport","Tôi có cần mang theo hộ chiếu không?","Do I need to bring my passport?","catalog-promoted","content-draft/viet/canonical-pages/catalog-promoted/time-dates-booking/v900-time-date-book-do-i-need-to-bring-my-passport.json","3","5","8","ready","2","PASS","",""
"1656","viet-phrase-v900-time-date-book-do-you-have-anything-available-this-afternoon","v900-time-date-book-do-you-have-anything-available-this-afternoon","Chiều nay bạn có việc gì không?","Do you have anything available this afternoon?","catalog-promoted","content-draft/viet/canonical-pages/catalog-promoted/time-dates-booking/v900-time-date-book-do-you-have-anything-available-this-afternoon.json","3","5","8","ready","2","PASS","",""
"1657","viet-phrase-v900-time-date-book-do-you-have-anything-available-today","v900-time-date-book-do-you-have-anything-available-today","Hôm nay bạn có sẵn thứ gì không?","Do you have anything available today?","catalog-promoted","content-draft/viet/canonical-pages/catalog-promoted/time-dates-booking/v900-time-date-book-do-you-have-anything-available-today.json","3","5","8","ready","2","PASS","",""
"1658","viet-phrase-v900-time-date-book-great-see-you-then","v900-time-date-book-great-see-you-then","Tuyệt vời, gặp bạn sau nhé","Great, see you then","catalog-promoted","content-draft/viet/canonical-pages/catalog-promoted/time-dates-booking/v900-time-date-book-great-see-you-then.json","3","5","6","ready","2","PASS","",""
"1659","viet-phrase-v900-time-date-book-how-many-people-are-ahead-of-me","v900-time-date-book-how-many-people-are-ahead-of-me","Có bao nhiêu người đang ở phía trước tôi?","How many people are ahead of me?","catalog-promoted","content-draft/viet/canonical-pages/catalog-promoted/time-dates-booking/v900-time-date-book-how-many-people-are-ahead-of-me.json","3","5","8","ready","2","PASS","",""
"1660","viet-phrase-v900-time-date-book-i-need-to-cancel-my-booking","v900-time-date-book-i-need-to-cancel-my-booking","Tôi cần hủy đặt chỗ của mình","I need to cancel my booking","catalog-promoted","content-draft/viet/canonical-pages/catalog-promoted/time-dates-booking/v900-time-date-book-i-need-to-cancel-my-booking.json","3","5","6","ready","2","PASS","",""
"1661","viet-phrase-v900-time-date-book-id-like-to-book-for-tomorrow","v900-time-date-book-id-like-to-book-for-tomorrow","Tôi muốn đặt chỗ cho ngày mai","I’d like to book for tomorrow","catalog-promoted","content-draft/viet/canonical-pages/catalog-promoted/time-dates-booking/v900-time-date-book-id-like-to-book-for-tomorrow.json","3","5","6","ready","2","PASS","",""
"1662","viet-phrase-v900-time-date-book-id-like-to-book-for-two-people","v900-time-date-book-id-like-to-book-for-two-people","Tôi muốn đặt chỗ cho hai người","I’d like to book for two people","catalog-promoted","content-draft/viet/canonical-pages/catalog-promoted/time-dates-booking/v900-time-date-book-id-like-to-book-for-two-people.json","3","5","7","ready","2","PASS","",""
"1663","viet-phrase-v900-time-date-book-is-it-closed-on-mondays","v900-time-date-book-is-it-closed-on-mondays","Nó có đóng cửa vào thứ Hai không?","Is it closed on Mondays?","catalog-promoted","content-draft/viet/canonical-pages/catalog-promoted/time-dates-booking/v900-time-date-book-is-it-closed-on-mondays.json","3","5","7","ready","2","PASS","",""
"1664","viet-phrase-v900-time-date-book-is-there-a-student-discount","v900-time-date-book-is-there-a-student-discount","Có giảm giá cho sinh viên không?","Is there a student discount?","catalog-promoted","content-draft/viet/canonical-pages/catalog-promoted/time-dates-booking/v900-time-date-book-is-there-a-student-discount.json","3","5","6","ready","2","PASS","",""
"1665","viet-phrase-v900-time-date-book-is-this-the-right-line","v900-time-date-book-is-this-the-right-line","Đây có phải là dòng đúng không?","Is this the right line?","catalog-promoted","content-draft/viet/canonical-pages/catalog-promoted/time-dates-booking/v900-time-date-book-is-this-the-right-line.json","3","5","7","ready","2","PASS","",""
"1666","viet-phrase-v900-time-date-book-is-this-ticket-for-today","v900-time-date-book-is-this-ticket-for-today","Đây có phải là vé cho ngày hôm nay không?","Is this ticket for today?","catalog-promoted","content-draft/viet/canonical-pages/catalog-promoted/time-dates-booking/v900-time-date-book-is-this-ticket-for-today.json","3","5","9","ready","2","PASS","",""
"1667","viet-phrase-v900-time-date-book-one-adult-ticket-please","v900-time-date-book-one-adult-ticket-please","Cho xin một vé người lớn","One adult ticket, please","catalog-promoted","content-draft/viet/canonical-pages/catalog-promoted/time-dates-booking/v900-time-date-book-one-adult-ticket-please.json","3","5","5","ready","2","PASS","",""
"1668","viet-phrase-v900-time-date-book-one-child-ticket-please","v900-time-date-book-one-child-ticket-please","Cho xin một vé trẻ em","One child ticket, please","catalog-promoted","content-draft/viet/canonical-pages/catalog-promoted/time-dates-booking/v900-time-date-book-one-child-ticket-please.json","3","5","5","ready","2","PASS","",""
"1669","viet-phrase-v900-time-date-book-please-call-my-name-when-it-is-ready","v900-time-date-book-please-call-my-name-when-it-is-ready","Hãy gọi tên tôi khi nó sẵn sàng","Please call my name when it is ready","catalog-promoted","content-draft/viet/canonical-pages/catalog-promoted/time-dates-booking/v900-time-date-book-please-call-my-name-when-it-is-ready.json","3","5","9","ready","2","PASS","",""
"1670","viet-phrase-v900-time-date-book-please-send-it-by-email","v900-time-date-book-please-send-it-by-email","Vui lòng gửi nó qua email","Please send it by email","catalog-promoted","content-draft/viet/canonical-pages/catalog-promoted/time-dates-booking/v900-time-date-book-please-send-it-by-email.json","3","5","6","ready","2","PASS","",""
"1671","viet-phrase-v900-time-date-book-please-send-it-by-text-message","v900-time-date-book-please-send-it-by-text-message","Vui lòng gửi nó bằng tin nhắn văn bản","Please send it by text message","catalog-promoted","content-draft/viet/canonical-pages/catalog-promoted/time-dates-booking/v900-time-date-book-please-send-it-by-text-message.json","3","5","7","ready","2","PASS","",""
"1672","viet-phrase-v900-time-date-book-please-send-the-refund-to-this-card","v900-time-date-book-please-send-the-refund-to-this-card","Vui lòng gửi tiền hoàn lại vào thẻ này","Please send the refund to this card","catalog-promoted","content-draft/viet/canonical-pages/catalog-promoted/time-dates-booking/v900-time-date-book-please-send-the-refund-to-this-card.json","3","5","9","ready","2","PASS","",""
"1673","viet-phrase-v900-time-date-book-please-write-down-the-address","v900-time-date-book-please-write-down-the-address","Hãy ghi lại địa chỉ","Please write down the address","catalog-promoted","content-draft/viet/canonical-pages/catalog-promoted/time-dates-booking/v900-time-date-book-please-write-down-the-address.json","3","5","5","ready","2","PASS","",""
"1674","viet-phrase-v900-time-date-book-please-write-down-the-time","v900-time-date-book-please-write-down-the-time","Hãy ghi lại thời gian","Please write down the time","catalog-promoted","content-draft/viet/canonical-pages/catalog-promoted/time-dates-booking/v900-time-date-book-please-write-down-the-time.json","3","5","6","ready","2","PASS","",""
"1675","viet-phrase-v900-time-date-book-what-time-does-it-finish","v900-time-date-book-what-time-does-it-finish","Mấy giờ thì xong?","What time does it finish?","catalog-promoted","content-draft/viet/canonical-pages/catalog-promoted/time-dates-booking/v900-time-date-book-what-time-does-it-finish.json","3","5","4","ready","2","PASS","",""
"1676","viet-phrase-v900-time-date-book-what-time-does-it-start","v900-time-date-book-what-time-does-it-start","Nó bắt đầu lúc mấy giờ?","What time does it start?","catalog-promoted","content-draft/viet/canonical-pages/catalog-promoted/time-dates-booking/v900-time-date-book-what-time-does-it-start.json","3","5","5","ready","2","PASS","",""
"1677","viet-phrase-v900-time-date-book-where-do-i-scan-the-ticket","v900-time-date-book-where-do-i-scan-the-ticket","Tôi quét vé ở đâu?","Where do I scan the ticket?","catalog-promoted","content-draft/viet/canonical-pages/catalog-promoted/time-dates-booking/v900-time-date-book-where-do-i-scan-the-ticket.json","3","5","5","ready","2","PASS","",""
"1678","viet-phrase-v900-tran-are-we-going-the-right-way","v900-tran-are-we-going-the-right-way","Chúng ta có đang đi đúng hướng không?","Are we going the right way?","catalog-promoted","content-draft/viet/canonical-pages/catalog-promoted/transport/v900-tran-are-we-going-the-right-way.json","3","5","8","ready","2","PASS","",""
"1679","viet-phrase-v900-tran-can-i-pay-by-bank-transfer","v900-tran-can-i-pay-by-bank-transfer","Tôi có thể thanh toán bằng chuyển khoản ngân hàng không?","Can I pay by bank transfer?","catalog-promoted","content-draft/viet/canonical-pages/catalog-promoted/transport/v900-tran-can-i-pay-by-bank-transfer.json","3","5","8","ready","2","PASS","",""
"1680","viet-phrase-v900-tran-can-i-pay-the-fare-by-card","v900-tran-can-i-pay-the-fare-by-card","Tôi có thể thanh toán tiền vé bằng thẻ không?","Can I pay the fare by card?","catalog-promoted","content-draft/viet/canonical-pages/catalog-promoted/transport/v900-tran-can-i-pay-the-fare-by-card.json","3","5","9","ready","2","PASS","",""
"1681","viet-phrase-v900-tran-can-i-see-the-rental-agreement","v900-tran-can-i-see-the-rental-agreement","Tôi có thể xem hợp đồng thuê được không?","Can I see the rental agreement?","catalog-promoted","content-draft/viet/canonical-pages/catalog-promoted/transport/v900-tran-can-i-see-the-rental-agreement.json","3","5","8","ready","2","PASS","",""
"1682","viet-phrase-v900-tran-can-you-break-this-bill","v900-tran-can-you-break-this-bill","Bạn có thể phá vỡ hóa đơn này?","Can you break this bill?","catalog-promoted","content-draft/viet/canonical-pages/catalog-promoted/transport/v900-tran-can-you-break-this-bill.json","3","5","6","ready","2","PASS","",""
"1683","viet-phrase-v900-tran-can-you-help-me-contact-the-company","v900-tran-can-you-help-me-contact-the-company","Bạn có thể giúp tôi liên hệ với công ty được không?","Can you help me contact the company?","catalog-promoted","content-draft/viet/canonical-pages/catalog-promoted/transport/v900-tran-can-you-help-me-contact-the-company.json","3","5","9","ready","2","PASS","",""
"1684","viet-phrase-v900-tran-can-you-pick-me-up-here","v900-tran-can-you-pick-me-up-here","Bạn có thể đón tôi ở đây được không?","Can you pick me up here?","catalog-promoted","content-draft/viet/canonical-pages/catalog-promoted/transport/v900-tran-can-you-pick-me-up-here.json","3","5","8","ready","2","PASS","",""
"1685","viet-phrase-v900-tran-does-that-include-tolls","v900-tran-does-that-include-tolls","Điều đó có bao gồm phí cầu đường không?","Does that include tolls?","catalog-promoted","content-draft/viet/canonical-pages/catalog-promoted/transport/v900-tran-does-that-include-tolls.json","3","5","10","ready","2","PASS","",""
"1686","viet-phrase-v900-tran-does-the-rental-include-insurance","v900-tran-does-the-rental-include-insurance","Giá thuê có bao gồm bảo hiểm không?","Does the rental include insurance?","catalog-promoted","content-draft/viet/canonical-pages/catalog-promoted/transport/v900-tran-does-the-rental-include-insurance.json","3","5","8","ready","2","PASS","",""
"1687","viet-phrase-v900-tran-how-many-stops-from-here","v900-tran-how-many-stops-from-here","Có bao nhiêu điểm dừng từ đây?","How many stops from here?","catalog-promoted","content-draft/viet/canonical-pages/catalog-promoted/transport/v900-tran-how-many-stops-from-here.json","3","5","7","ready","2","PASS","",""
"1688","viet-phrase-v900-tran-how-much-is-the-rental-per-day","v900-tran-how-much-is-the-rental-per-day","Giá thuê một ngày là bao nhiêu?","How much is the rental per day?","catalog-promoted","content-draft/viet/canonical-pages/catalog-promoted/transport/v900-tran-how-much-is-the-rental-per-day.json","3","5","7","ready","2","PASS","",""
"1689","viet-phrase-v900-tran-i-booked-through-the-app","v900-tran-i-booked-through-the-app","Tôi đã đặt qua ứng dụng","I booked through the app","catalog-promoted","content-draft/viet/canonical-pages/catalog-promoted/transport/v900-tran-i-booked-through-the-app.json","3","5","5","ready","2","PASS","",""
"1690","viet-phrase-v900-tran-i-paid-in-the-app-already","v900-tran-i-paid-in-the-app-already","Tôi đã thanh toán trong ứng dụng rồi","I paid in the app already","catalog-promoted","content-draft/viet/canonical-pages/catalog-promoted/transport/v900-tran-i-paid-in-the-app-already.json","3","5","7","ready","2","PASS","",""
"1691","viet-phrase-v900-tran-i-think-the-fare-is-wrong","v900-tran-i-think-the-fare-is-wrong","Tôi nghĩ giá vé sai","I think the fare is wrong","catalog-promoted","content-draft/viet/canonical-pages/catalog-promoted/transport/v900-tran-i-think-the-fare-is-wrong.json","3","5","6","ready","2","PASS","",""
"1692","viet-phrase-v900-tran-id-like-to-rent-a-motorbike","v900-tran-id-like-to-rent-a-motorbike","Tôi muốn thuê một chiếc xe máy","I’d like to rent a motorbike","catalog-promoted","content-draft/viet/canonical-pages/catalog-promoted/transport/v900-tran-id-like-to-rent-a-motorbike.json","3","5","7","ready","2","PASS","",""
"1693","viet-phrase-v900-tran-is-that-the-total-price","v900-tran-is-that-the-total-price","Đó có phải là tổng giá không?","Is that the total price?","catalog-promoted","content-draft/viet/canonical-pages/catalog-promoted/transport/v900-tran-is-that-the-total-price.json","3","5","8","ready","2","PASS","",""
"1694","viet-phrase-v900-tran-is-there-an-airport-fee","v900-tran-is-there-an-airport-fee","Có phí sân bay không?","Is there an airport fee?","catalog-promoted","content-draft/viet/canonical-pages/catalog-promoted/transport/v900-tran-is-there-an-airport-fee.json","3","5","5","ready","2","PASS","",""
"1695","viet-phrase-v900-tran-is-this-seat-available","v900-tran-is-this-seat-available","Chỗ ngồi này có sẵn không?","Is this seat available?","catalog-promoted","content-draft/viet/canonical-pages/catalog-promoted/transport/v900-tran-is-this-seat-available.json","3","5","6","ready","2","PASS","",""
"1696","viet-phrase-v900-tran-one-ticket-to-da-nang-please","v900-tran-one-ticket-to-da-nang-please","Cho xin 1 vé đi Đà Nẵng","One ticket to Da Nang, please","catalog-promoted","content-draft/viet/canonical-pages/catalog-promoted/transport/v900-tran-one-ticket-to-da-nang-please.json","3","5","7","ready","2","PASS","",""
"1697","viet-phrase-v900-tran-pick-me-up-at-this-entrance","v900-tran-pick-me-up-at-this-entrance","Hãy đón tôi ở lối vào này","Please pick me up at this entrance","catalog-promoted","content-draft/viet/canonical-pages/catalog-promoted/transport/v900-tran-pick-me-up-at-this-entrance.json","3","5","7","ready","2","PASS","",""
"1698","viet-phrase-v900-tran-please-avoid-the-highway","v900-tran-please-avoid-the-highway","Xin hãy tránh đường cao tốc","Please avoid the highway","catalog-promoted","content-draft/viet/canonical-pages/catalog-promoted/transport/v900-tran-please-avoid-the-highway.json","3","5","7","ready","2","PASS","",""
"1699","viet-phrase-v900-tran-please-avoid-toll-roads","v900-tran-please-avoid-toll-roads","Vui lòng tránh đường thu phí","Please avoid toll roads","catalog-promoted","content-draft/viet/canonical-pages/catalog-promoted/transport/v900-tran-please-avoid-toll-roads.json","3","5","6","ready","2","PASS","",""
"1700","viet-phrase-v900-tran-please-close-the-window","v900-tran-please-close-the-window","Hãy đóng cửa sổ lại","Please close the window","catalog-promoted","content-draft/viet/canonical-pages/catalog-promoted/transport/v900-tran-please-close-the-window.json","3","5","5","ready","2","PASS","",""
"1701","viet-phrase-v900-tran-please-fill-up-the-tank","v900-tran-please-fill-up-the-tank","Hãy đổ đầy bình.","Please fill up the tank.","catalog-promoted","content-draft/viet/canonical-pages/catalog-promoted/transport/v900-tran-please-fill-up-the-tank.json","3","5","4","ready","2","PASS","",""
"1702","viet-phrase-v900-tran-please-give-me-a-receipt","v900-tran-please-give-me-a-receipt","Vui lòng đưa cho tôi biên nhận","Please give me a receipt","catalog-promoted","content-draft/viet/canonical-pages/catalog-promoted/transport/v900-tran-please-give-me-a-receipt.json","3","5","6","ready","2","PASS","",""
"1703","viet-phrase-v900-tran-please-open-the-window","v900-tran-please-open-the-window","Hãy mở cửa sổ","Please open the window","catalog-promoted","content-draft/viet/canonical-pages/catalog-promoted/transport/v900-tran-please-open-the-window.json","3","5","4","ready","2","PASS","",""
"1704","viet-phrase-v900-tran-please-show-me-how-to-start-it","v900-tran-please-show-me-how-to-start-it","Hãy chỉ cho tôi cách bắt đầu nó","Please show me how to start it","catalog-promoted","content-draft/viet/canonical-pages/catalog-promoted/transport/v900-tran-please-show-me-how-to-start-it.json","3","5","8","ready","2","PASS","",""
"1705","viet-phrase-v900-tran-please-stop-at-the-next-corner","v900-tran-please-stop-at-the-next-corner","Vui lòng dừng lại ở góc tiếp theo","Please stop at the next corner","catalog-promoted","content-draft/viet/canonical-pages/catalog-promoted/transport/v900-tran-please-stop-at-the-next-corner.json","3","5","7","ready","2","PASS","",""
"1706","viet-phrase-v900-tran-please-stop-near-the-entrance","v900-tran-please-stop-near-the-entrance","Vui lòng dừng gần lối vào","Please stop near the entrance","catalog-promoted","content-draft/viet/canonical-pages/catalog-promoted/transport/v900-tran-please-stop-near-the-entrance.json","3","5","5","ready","2","PASS","",""
"1707","viet-phrase-v900-tran-please-take-me-to-this-address","v900-tran-please-take-me-to-this-address","Hãy đưa tôi đến địa chỉ này","Please take me to this address","catalog-promoted","content-draft/viet/canonical-pages/catalog-promoted/transport/v900-tran-please-take-me-to-this-address.json","3","5","7","ready","2","PASS","",""
"1708","viet-phrase-v900-tran-please-take-the-faster-route","v900-tran-please-take-the-faster-route","Hãy đi con đường nhanh hơn","Please take the faster route","catalog-promoted","content-draft/viet/canonical-pages/catalog-promoted/transport/v900-tran-please-take-the-faster-route.json","3","5","7","ready","2","PASS","",""
"1709","viet-phrase-v900-tran-please-tell-me-when-to-get-off","v900-tran-please-tell-me-when-to-get-off","Hãy cho tôi biết khi nào nên xuống xe","Please tell me when to get off","catalog-promoted","content-draft/viet/canonical-pages/catalog-promoted/transport/v900-tran-please-tell-me-when-to-get-off.json","3","5","8","ready","2","PASS","",""
"1710","viet-phrase-v900-tran-please-turn-left-at-the-next-street","v900-tran-please-turn-left-at-the-next-street","Vui lòng rẽ trái ở đường tiếp theo","Please turn left at the next street","catalog-promoted","content-draft/viet/canonical-pages/catalog-promoted/transport/v900-tran-please-turn-left-at-the-next-street.json","3","5","7","ready","2","PASS","",""
"1711","viet-phrase-v900-tran-please-turn-right-here","v900-tran-please-turn-right-here","Vui lòng rẽ phải ở đây","Please turn right here","catalog-promoted","content-draft/viet/canonical-pages/catalog-promoted/transport/v900-tran-please-turn-right-here.json","3","5","5","ready","2","PASS","",""
"1712","viet-phrase-v900-tran-please-use-the-price-in-the-grab-app","v900-tran-please-use-the-price-in-the-grab-app","Vui lòng sử dụng giá trên ứng dụng Grab.","Please use the price in the Grab app.","catalog-promoted","content-draft/viet/canonical-pages/catalog-promoted/transport/v900-tran-please-use-the-price-in-the-grab-app.json","3","5","7","ready","2","PASS","",""
"1713","viet-phrase-v900-tran-please-wait-while-i-get-in","v900-tran-please-wait-while-i-get-in","Vui lòng đợi trong khi tôi vào","Please wait while I get in","catalog-promoted","content-draft/viet/canonical-pages/catalog-promoted/transport/v900-tran-please-wait-while-i-get-in.json","3","5","7","ready","2","PASS","",""
"1714","viet-phrase-v900-tran-thank-you-keep-the-change","v900-tran-thank-you-keep-the-change","Cảm ơn bạn, hãy giữ sự thay đổi","Thank you, keep the change","catalog-promoted","content-draft/viet/canonical-pages/catalog-promoted/transport/v900-tran-thank-you-keep-the-change.json","3","5","8","ready","2","PASS","",""
"1715","viet-phrase-v900-tran-the-app-shows-a-different-route","v900-tran-the-app-shows-a-different-route","Ứng dụng hiển thị một tuyến đường khác","The app shows a different route","catalog-promoted","content-draft/viet/canonical-pages/catalog-promoted/transport/v900-tran-the-app-shows-a-different-route.json","3","5","7","ready","2","PASS","",""
"1716","viet-phrase-v900-tran-the-car-number-is-different","v900-tran-the-car-number-is-different","Số xe khác hẳn","The car number is different","catalog-promoted","content-draft/viet/canonical-pages/catalog-promoted/transport/v900-tran-the-car-number-is-different.json","3","5","5","ready","2","PASS","",""
"1717","viet-phrase-v900-tran-the-driver-asked-for-more-money","v900-tran-the-driver-asked-for-more-money","Tài xế đòi thêm tiền","The driver asked for more money","catalog-promoted","content-draft/viet/canonical-pages/catalog-promoted/transport/v900-tran-the-driver-asked-for-more-money.json","3","5","5","ready","2","PASS","",""
"1718","viet-phrase-v900-tran-the-driver-left-without-me","v900-tran-the-driver-left-without-me","Người lái xe rời đi mà không có tôi","The driver left without me","catalog-promoted","content-draft/viet/canonical-pages/catalog-promoted/transport/v900-tran-the-driver-left-without-me.json","3","5","8","ready","2","PASS","",""
"1719","viet-phrase-v900-tran-the-entrance-is-on-the-other-side","v900-tran-the-entrance-is-on-the-other-side","Lối vào nằm ở phía bên kia","The entrance is on the other side","catalog-promoted","content-draft/viet/canonical-pages/catalog-promoted/transport/v900-tran-the-entrance-is-on-the-other-side.json","3","5","6","ready","2","PASS","",""
"1720","viet-phrase-v900-tran-the-motorbike-has-a-problem","v900-tran-the-motorbike-has-a-problem","Xe máy có vấn đề","The motorbike has a problem","catalog-promoted","content-draft/viet/canonical-pages/catalog-promoted/transport/v900-tran-the-motorbike-has-a-problem.json","3","5","5","ready","2","PASS","",""
"1721","viet-phrase-v900-tran-this-is-not-the-place-i-meant","v900-tran-this-is-not-the-place-i-meant","Đây không phải là nơi tôi muốn nói","This is not the place I meant","catalog-promoted","content-draft/viet/canonical-pages/catalog-promoted/transport/v900-tran-this-is-not-the-place-i-meant.json","3","5","9","ready","2","PASS","",""
"1722","viet-phrase-v900-tran-this-is-the-correct-address","v900-tran-this-is-the-correct-address","Đây là địa chỉ chính xác","This is the correct address","catalog-promoted","content-draft/viet/canonical-pages/catalog-promoted/transport/v900-tran-this-is-the-correct-address.json","3","5","5","ready","2","PASS","",""
"1723","viet-phrase-v900-tran-this-is-the-wrong-address","v900-tran-this-is-the-wrong-address","Đây là địa chỉ sai","This is the wrong address","catalog-promoted","content-draft/viet/canonical-pages/catalog-promoted/transport/v900-tran-this-is-the-wrong-address.json","3","5","5","ready","2","PASS","",""
"1724","viet-phrase-v900-tran-what-time-is-the-last-boat-back","v900-tran-what-time-is-the-last-boat-back","Chuyến tàu cuối cùng về lúc mấy giờ?","What time is the last boat back?","catalog-promoted","content-draft/viet/canonical-pages/catalog-promoted/transport/v900-tran-what-time-is-the-last-boat-back.json","3","5","8","ready","2","PASS","",""
"1725","viet-phrase-v900-tran-where-is-the-boat-pier","v900-tran-where-is-the-boat-pier","Bến thuyền ở đâu?","Where is the boat pier?","catalog-promoted","content-draft/viet/canonical-pages/catalog-promoted/transport/v900-tran-where-is-the-boat-pier.json","3","5","3","ready","2","PASS","",""
"1726","viet-phrase-v900-tran-which-bus-goes-to-the-city-center","v900-tran-which-bus-goes-to-the-city-center","Xe buýt nào đi vào trung tâm thành phố?","Which bus goes to the city center?","catalog-promoted","content-draft/viet/canonical-pages/catalog-promoted/transport/v900-tran-which-bus-goes-to-the-city-center.json","3","5","6","ready","2","PASS","",""
"1727","viet-phrase-v900-tran-which-stop-should-i-get-off-at","v900-tran-which-stop-should-i-get-off-at","Tôi nên xuống ở điểm dừng nào?","Which stop should I get off at?","catalog-promoted","content-draft/viet/canonical-pages/catalog-promoted/transport/v900-tran-which-stop-should-i-get-off-at.json","3","5","7","ready","2","PASS","",""
"1728","viet-phrase-v900-unde-repa-can-you-explain-it-in-english","v900-unde-repa-can-you-explain-it-in-english","Bạn có thể giải thích nó bằng tiếng Anh không?","Can you explain it in English?","catalog-promoted","content-draft/viet/canonical-pages/catalog-promoted/understanding-repair/v900-unde-repa-can-you-explain-it-in-english.json","3","5","8","ready","2","PASS","",""
"1729","viet-phrase-v900-unde-repa-can-you-read-this-translation","v900-unde-repa-can-you-read-this-translation","Bạn có đọc được bản dịch này không?","Can you read this translation?","catalog-promoted","content-draft/viet/canonical-pages/catalog-promoted/understanding-repair/v900-unde-repa-can-you-read-this-translation.json","3","5","8","ready","2","PASS","",""
"1730","viet-phrase-v900-unde-repa-can-you-say-it-in-a-simpler-way","v900-unde-repa-can-you-say-it-in-a-simpler-way","Bạn có thể nói nó một cách đơn giản hơn?","Can you say it in a simpler way?","catalog-promoted","content-draft/viet/canonical-pages/catalog-promoted/understanding-repair/v900-unde-repa-can-you-say-it-in-a-simpler-way.json","3","5","10","ready","2","PASS","",""
"1731","viet-phrase-v900-unde-repa-do-you-mean-today-or-tomorrow","v900-unde-repa-do-you-mean-today-or-tomorrow","Ý bạn là hôm nay hay ngày mai?","Do you mean today or tomorrow?","catalog-promoted","content-draft/viet/canonical-pages/catalog-promoted/understanding-repair/v900-unde-repa-do-you-mean-today-or-tomorrow.json","3","5","7","ready","2","PASS","",""
"1732","viet-phrase-v900-unde-repa-i-think-there-is-a-misunderstanding","v900-unde-repa-i-think-there-is-a-misunderstanding","Tôi nghĩ có sự hiểu lầm","I think there is a misunderstanding","catalog-promoted","content-draft/viet/canonical-pages/catalog-promoted/understanding-repair/v900-unde-repa-i-think-there-is-a-misunderstanding.json","3","5","6","ready","2","PASS","",""
"1733","viet-phrase-v900-unde-repa-im-trying-but-i-dont-know-the-right-words","v900-unde-repa-im-trying-but-i-dont-know-the-right-words","Tôi đang cố gắng nhưng không biết dùng từ thích hợp","I’m trying, but I don’t know the right words","catalog-promoted","content-draft/viet/canonical-pages/catalog-promoted/understanding-repair/v900-unde-repa-im-trying-but-i-dont-know-the-right-words.json","3","5","11","ready","2","PASS","",""
"1734","viet-phrase-v900-unde-repa-is-there-someone-who-speaks-english","v900-unde-repa-is-there-someone-who-speaks-english","Có ai nói được tiếng Anh không?","Is there someone who speaks English?","catalog-promoted","content-draft/viet/canonical-pages/catalog-promoted/understanding-repair/v900-unde-repa-is-there-someone-who-speaks-english.json","3","5","7","ready","2","PASS","",""
"1735","viet-phrase-ves-call-taxi-for-me","ves-call-taxi-for-me","Gọi giúp tôi taxi được không?","Can you call me a taxi?","editorial-model-support","native-ios/Resources/viet-phrase-catalog.json","3","6","6","planned","1","PASS","",""
"1736","viet-phrase-ves-can-you-wait-here","ves-can-you-wait-here","Anh chờ tôi ở đây được không?","Can you wait for me here?","editorial-model-support","native-ios/Resources/viet-phrase-catalog.json","3","3","7","planned","1","PASS","",""
"1737","viet-phrase-ves-drop-me-off-here","ves-drop-me-off-here","Cho tôi xuống ở đây được không?","Can you drop me off here?","editorial-model-support","native-ios/Resources/viet-phrase-catalog.json","3","6","6","planned","1","PASS","",""
"1738","viet-phrase-ves-im-on-vo-nguyen-giap-street","ves-im-on-vo-nguyen-giap-street","Tôi đang ở đường Võ Nguyên Giáp.","I'm on Vo Nguyen Giap Street.","editorial-model-support","native-ios/Resources/viet-phrase-catalog.json","3","4","4","planned","1","PASS","",""
"1739","viet-phrase-ves-is-this-address-correct","ves-is-this-address-correct","Địa chỉ này đúng không?","Is this address correct?","editorial-model-support","native-ios/Resources/viet-phrase-catalog.json","3","3","4","planned","1","PASS","",""
"1740","viet-phrase-ves-is-this-bach-dang-street","ves-is-this-bach-dang-street","Đây có phải đường Bạch Đằng không?","Is this Bach Dang Street?","editorial-model-support","native-ios/Resources/viet-phrase-catalog.json","3","4","6","planned","1","PASS","",""
"1741","viet-phrase-ves-is-this-nguyen-van-linh-street","ves-is-this-nguyen-van-linh-street","Đây có phải đường Nguyễn Văn Linh không?","Is this Nguyen Van Linh Street?","editorial-model-support","native-ios/Resources/viet-phrase-catalog.json","3","4","6","planned","1","PASS","",""
"1742","viet-phrase-ves-is-this-vo-nguyen-giap-street","ves-is-this-vo-nguyen-giap-street","Đây có phải đường Võ Nguyên Giáp không?","Is this Vo Nguyen Giap Street?","editorial-model-support","native-ios/Resources/viet-phrase-catalog.json","3","4","6","planned","1","PASS","",""
"1743","viet-phrase-ves-not-right-place","ves-not-right-place","Hình như không đúng chỗ.","I think this is not the right place.","editorial-model-support","native-ios/Resources/viet-phrase-catalog.json","3","4","6","planned","1","PASS","",""
"1744","viet-phrase-ves-not-too-spicy","ves-not-too-spicy","Không cay quá nhé.","Not too spicy, please.","editorial-model-support","native-ios/Resources/viet-phrase-catalog.json","3","4","4","planned","1","PASS","",""
"1745","viet-phrase-ves-order-bun-bo-hue-bowl","ves-order-bun-bo-hue-bowl","Dạ, cho tôi một tô bún bò Huế.","One bowl of bun bo Hue, please.","editorial-model-support","native-ios/Resources/viet-phrase-catalog.json","3","4","4","planned","1","PASS","",""
"1746","viet-phrase-ves-order-bun-cha-portion","ves-order-bun-cha-portion","Dạ, cho tôi một phần bún chả.","One portion of bun cha, please.","editorial-model-support","native-ios/Resources/viet-phrase-catalog.json","3","4","4","planned","1","PASS","",""
"1747","viet-phrase-ves-order-cao-lau-portion","ves-order-cao-lau-portion","Dạ, cho tôi một phần cao lầu.","One portion of cao lau, please.","editorial-model-support","native-ios/Resources/viet-phrase-catalog.json","3","4","4","planned","1","PASS","",""
"1748","viet-phrase-ves-order-pho-bowl","ves-order-pho-bowl","Dạ, cho tôi một tô phở.","One bowl of pho, please.","editorial-model-support","native-ios/Resources/viet-phrase-catalog.json","3","4","4","planned","1","PASS","",""
"1749","viet-phrase-ves-popular-dish-here","ves-popular-dish-here","Có món nào nổi tiếng không?","What is popular here?","editorial-model-support","native-ios/Resources/viet-phrase-catalog.json","3","4","6","planned","1","PASS","",""
"1750","viet-phrase-ves-take-photo-for-me","ves-take-photo-for-me","Bạn chụp giúp tôi được không?","Can you take a photo for me?","editorial-model-support","native-ios/Resources/viet-phrase-catalog.json","3","4","6","planned","1","PASS","",""
"1751","viet-phrase-ves-to-bach-dang-street","ves-to-bach-dang-street","Cho tôi đến đường Bạch Đằng.","Please take me to Bach Dang Street.","editorial-model-support","native-ios/Resources/viet-phrase-catalog.json","3","4","5","planned","1","PASS","",""
"1752","viet-phrase-ves-to-nguyen-van-linh-street","ves-to-nguyen-van-linh-street","Cho tôi đến đường Nguyễn Văn Linh.","Please take me to Nguyen Van Linh Street.","editorial-model-support","native-ios/Resources/viet-phrase-catalog.json","3","4","5","planned","1","PASS","",""
"1753","viet-phrase-ves-to-vo-nguyen-giap-street","ves-to-vo-nguyen-giap-street","Cho tôi đến đường Võ Nguyên Giáp.","Please take me to Vo Nguyen Giap Street.","editorial-model-support","native-ios/Resources/viet-phrase-catalog.json","3","4","5","planned","1","PASS","",""
"1754","viet-phrase-ves-what-time-come-back","ves-what-time-come-back","Mấy giờ quay lại?","What time do we come back?","editorial-model-support","native-ios/Resources/viet-phrase-catalog.json","3","4","3","planned","1","PASS","",""
"1755","viet-phrase-ves-whats-in-this-dish","ves-whats-in-this-dish","Món này có gì?","What is in this dish?","editorial-model-support","native-ios/Resources/viet-phrase-catalog.json","3","4","5","planned","1","PASS","",""
"1756","viet-phrase-ves-where-cable-car","ves-where-cable-car","Cáp treo ở đâu?","Where is the cable car?","editorial-model-support","native-ios/Resources/viet-phrase-catalog.json","3","4","3","planned","1","PASS","",""
"1757","viet-phrase-ves-where-driver-waits","ves-where-driver-waits","Tài xế chờ ở đâu?","Where does the driver wait?","editorial-model-support","native-ios/Resources/viet-phrase-catalog.json","3","4","4","planned","1","PASS","",""
"1758","viet-phrase-ves-where-has-good-cao-lau","ves-where-has-good-cao-lau","Ở đâu có cao lầu ngon?","Where has good cao lau?","editorial-model-support","native-ios/Resources/viet-phrase-catalog.json","3","4","5","planned","1","PASS","",""
