"phraseID","targetText","englishText","scenarioID","expansionFamily","difficulty","practiceBuckets","audioStatus","status"
"vpe-near-place-nha-ve-sinh-gan-day-khong","nhà vệ sinh gần đây không?","Is the bathroom nearby?","bathroom-personal-needs","near-place","beginner","english-to-vietnamese|vietnamese-to-english|missing-token|city-destination|distractor","planned","approved"
"vpe-take-me-place-cho-toi-den-nha-ve-sinh","Cho tôi đến nhà vệ sinh","Please take me to the bathroom.","bathroom-personal-needs","take-me-place","beginner","english-to-vietnamese|vietnamese-to-english|missing-token|city-destination|distractor","planned","approved"
"vpe-stop-at-place-dung-o-nha-ve-sinh","Dừng ở nhà vệ sinh","Stop at the bathroom.","transport","stop-at-place","beginner","english-to-vietnamese|vietnamese-to-english|missing-token|city-destination|distractor","planned","approved"
"vpe-where-place-quay-le-tan-o-dau","quầy lễ tân ở đâu?","Where is the front desk?","hotel-accommodation","where-place","beginner","english-to-vietnamese|vietnamese-to-english|missing-token|city-destination|distractor","planned","approved"
"vpe-near-place-quay-le-tan-gan-day-khong","quầy lễ tân gần đây không?","Is the front desk nearby?","hotel-accommodation","near-place","beginner","english-to-vietnamese|vietnamese-to-english|missing-token|city-destination|distractor","planned","approved"
"vpe-take-me-place-cho-toi-den-quay-le-tan","Cho tôi đến quầy lễ tân","Please take me to the front desk.","hotel-accommodation","take-me-place","beginner","english-to-vietnamese|vietnamese-to-english|missing-token|city-destination|distractor","planned","approved"
"vpe-stop-at-place-dung-o-quay-le-tan","Dừng ở quầy lễ tân","Stop at the front desk.","transport","stop-at-place","beginner","english-to-vietnamese|vietnamese-to-english|missing-token|city-destination|distractor","planned","approved"
"vpe-near-place-nha-thuoc-gan-day-khong","nhà thuốc gần đây không?","Is a pharmacy nearby?","health-pharmacy","near-place","beginner","english-to-vietnamese|vietnamese-to-english|missing-token|city-destination|distractor","planned","approved"
"vpe-take-me-place-cho-toi-den-nha-thuoc","Cho tôi đến nhà thuốc","Please take me to a pharmacy.","health-pharmacy","take-me-place","beginner","english-to-vietnamese|vietnamese-to-english|missing-token|city-destination|distractor","planned","approved"
"vpe-stop-at-place-dung-o-nha-thuoc","Dừng ở nhà thuốc","Stop at a pharmacy.","transport","stop-at-place","beginner","english-to-vietnamese|vietnamese-to-english|missing-token|city-destination|distractor","planned","approved"
"vpe-near-place-atm-gan-day-khong","ATM gần đây không?","Is an ATM nearby?","money-numbers-prices","near-place","beginner","english-to-vietnamese|vietnamese-to-english|missing-token|city-destination|distractor","planned","approved"
"vpe-take-me-place-cho-toi-den-atm","Cho tôi đến ATM","Please take me to an ATM.","money-numbers-prices","take-me-place","beginner","english-to-vietnamese|vietnamese-to-english|missing-token|city-destination|distractor","planned","approved"
"vpe-stop-at-place-dung-o-atm","Dừng ở ATM","Stop at an ATM.","transport","stop-at-place","beginner","english-to-vietnamese|vietnamese-to-english|missing-token|city-destination|distractor","planned","approved"
"vpe-where-place-ben-xe-o-dau","bến xe ở đâu?","Where is the bus station?","transport","where-place","beginner","english-to-vietnamese|vietnamese-to-english|missing-token|city-destination|distractor","planned","approved"
"vpe-near-place-ben-xe-gan-day-khong","bến xe gần đây không?","Is the bus station nearby?","transport","near-place","beginner","english-to-vietnamese|vietnamese-to-english|missing-token|city-destination|distractor","planned","approved"
"vpe-take-me-place-cho-toi-den-ben-xe","Cho tôi đến bến xe","Please take me to the bus station.","transport","take-me-place","beginner","english-to-vietnamese|vietnamese-to-english|missing-token|city-destination|distractor","planned","approved"
"vpe-stop-at-place-dung-o-ben-xe","Dừng ở bến xe","Stop at the bus station.","transport","stop-at-place","beginner","english-to-vietnamese|vietnamese-to-english|missing-token|city-destination|distractor","planned","approved"
"vpe-where-place-ben-tau-o-dau","bến tàu ở đâu?","Where is the boat pier?","transport","where-place","beginner","english-to-vietnamese|vietnamese-to-english|missing-token|city-destination|distractor","planned","approved"
"vpe-near-place-ben-tau-gan-day-khong","bến tàu gần đây không?","Is the boat pier nearby?","transport","near-place","beginner","english-to-vietnamese|vietnamese-to-english|missing-token|city-destination|distractor","planned","approved"
"vpe-take-me-place-cho-toi-den-ben-tau","Cho tôi đến bến tàu","Please take me to the boat pier.","transport","take-me-place","beginner","english-to-vietnamese|vietnamese-to-english|missing-token|city-destination|distractor","planned","approved"
"vpe-stop-at-place-dung-o-ben-tau","Dừng ở bến tàu","Stop at the boat pier.","transport","stop-at-place","beginner","english-to-vietnamese|vietnamese-to-english|missing-token|city-destination|distractor","planned","approved"
"vpe-where-place-san-bay-o-dau","sân bay ở đâu?","Where is the airport?","airport-border-arrival","where-place","beginner","english-to-vietnamese|vietnamese-to-english|missing-token|city-destination|distractor","planned","approved"
"vpe-near-place-san-bay-gan-day-khong","sân bay gần đây không?","Is the airport nearby?","airport-border-arrival","near-place","beginner","english-to-vietnamese|vietnamese-to-english|missing-token|city-destination|distractor","planned","approved"
"vpe-take-me-place-cho-toi-den-san-bay","Cho tôi đến sân bay","Please take me to the airport.","airport-border-arrival","take-me-place","beginner","english-to-vietnamese|vietnamese-to-english|missing-token|city-destination|distractor","planned","approved"
"vpe-stop-at-place-dung-o-san-bay","Dừng ở sân bay","Stop at the airport.","transport","stop-at-place","beginner","english-to-vietnamese|vietnamese-to-english|missing-token|city-destination|distractor","planned","approved"
"vpe-where-place-ga-tau-o-dau","ga tàu ở đâu?","Where is the train station?","transport","where-place","beginner","english-to-vietnamese|vietnamese-to-english|missing-token|city-destination|distractor","planned","approved"
"vpe-near-place-ga-tau-gan-day-khong","ga tàu gần đây không?","Is the train station nearby?","transport","near-place","beginner","english-to-vietnamese|vietnamese-to-english|missing-token|city-destination|distractor","planned","approved"
"vpe-take-me-place-cho-toi-den-ga-tau","Cho tôi đến ga tàu","Please take me to the train station.","transport","take-me-place","beginner","english-to-vietnamese|vietnamese-to-english|missing-token|city-destination|distractor","planned","approved"
"vpe-stop-at-place-dung-o-ga-tau","Dừng ở ga tàu","Stop at the train station.","transport","stop-at-place","beginner","english-to-vietnamese|vietnamese-to-english|missing-token|city-destination|distractor","planned","approved"
"vpe-where-place-cua-ra-o-dau","cửa ra ở đâu?","Where is the exit?","directions-navigation","where-place","beginner","english-to-vietnamese|vietnamese-to-english|missing-token|city-destination|distractor","planned","approved"
"vpe-near-place-cua-ra-gan-day-khong","cửa ra gần đây không?","Is the exit nearby?","directions-navigation","near-place","beginner","english-to-vietnamese|vietnamese-to-english|missing-token|city-destination|distractor","planned","approved"
"vpe-take-me-place-cho-toi-den-cua-ra","Cho tôi đến cửa ra","Please take me to the exit.","transport","take-me-place","beginner","english-to-vietnamese|vietnamese-to-english|missing-token|city-destination|distractor","planned","approved"
"vpe-stop-at-place-dung-o-cua-ra","Dừng ở cửa ra","Stop at the exit.","transport","stop-at-place","beginner","english-to-vietnamese|vietnamese-to-english|missing-token|city-destination|distractor","planned","approved"
"vpe-near-place-loi-vao-gan-day-khong","lối vào gần đây không?","Is the entrance nearby?","directions-navigation","near-place","beginner","english-to-vietnamese|vietnamese-to-english|missing-token|city-destination|distractor","planned","approved"
"vpe-take-me-place-cho-toi-den-loi-vao","Cho tôi đến lối vào","Please take me to the entrance.","transport","take-me-place","beginner","english-to-vietnamese|vietnamese-to-english|missing-token|city-destination|distractor","planned","approved"
"vpe-stop-at-place-dung-o-loi-vao","Dừng ở lối vào","Stop at the entrance.","transport","stop-at-place","beginner","english-to-vietnamese|vietnamese-to-english|missing-token|city-destination|distractor","planned","approved"
"vpe-near-place-thang-may-gan-day-khong","thang máy gần đây không?","Is the elevator nearby?","hotel-accommodation","near-place","beginner","english-to-vietnamese|vietnamese-to-english|missing-token|city-destination|distractor","planned","approved"
"vpe-take-me-place-cho-toi-den-thang-may","Cho tôi đến thang máy","Please take me to the elevator.","hotel-accommodation","take-me-place","beginner","english-to-vietnamese|vietnamese-to-english|missing-token|city-destination|distractor","planned","approved"
"vpe-stop-at-place-dung-o-thang-may","Dừng ở thang máy","Stop at the elevator.","transport","stop-at-place","beginner","english-to-vietnamese|vietnamese-to-english|missing-token|city-destination|distractor","planned","approved"
"vpe-where-place-quay-thong-tin-o-dau","quầy thông tin ở đâu?","Where is the information desk?","local-services-everyday-tasks","where-place","beginner","english-to-vietnamese|vietnamese-to-english|missing-token|city-destination|distractor","planned","approved"
"vpe-near-place-quay-thong-tin-gan-day-khong","quầy thông tin gần đây không?","Is the information desk nearby?","local-services-everyday-tasks","near-place","beginner","english-to-vietnamese|vietnamese-to-english|missing-token|city-destination|distractor","planned","approved"
"vpe-take-me-place-cho-toi-den-quay-thong-tin","Cho tôi đến quầy thông tin","Please take me to the information desk.","local-services-everyday-tasks","take-me-place","beginner","english-to-vietnamese|vietnamese-to-english|missing-token|city-destination|distractor","planned","approved"
"vpe-stop-at-place-dung-o-quay-thong-tin","Dừng ở quầy thông tin","Stop at the information desk.","transport","stop-at-place","beginner","english-to-vietnamese|vietnamese-to-english|missing-token|city-destination|distractor","planned","approved"
"vpe-where-place-quay-doi-tien-o-dau","quầy đổi tiền ở đâu?","Where is the money exchange counter?","money-numbers-prices","where-place","beginner","english-to-vietnamese|vietnamese-to-english|missing-token|city-destination|distractor","planned","approved"
"vpe-near-place-quay-doi-tien-gan-day-khong","quầy đổi tiền gần đây không?","Is the money exchange counter nearby?","money-numbers-prices","near-place","beginner","english-to-vietnamese|vietnamese-to-english|missing-token|city-destination|distractor","planned","approved"
"vpe-take-me-place-cho-toi-den-quay-doi-tien","Cho tôi đến quầy đổi tiền","Please take me to the money exchange counter.","money-numbers-prices","take-me-place","beginner","english-to-vietnamese|vietnamese-to-english|missing-token|city-destination|distractor","planned","approved"
"vpe-stop-at-place-dung-o-quay-doi-tien","Dừng ở quầy đổi tiền","Stop at the money exchange counter.","transport","stop-at-place","beginner","english-to-vietnamese|vietnamese-to-english|missing-token|city-destination|distractor","planned","approved"
"vpe-where-place-cua-hang-tien-loi-o-dau","cửa hàng tiện lợi ở đâu?","Where is a convenience store?","shopping","where-place","beginner","english-to-vietnamese|vietnamese-to-english|missing-token|city-destination|distractor","planned","approved"
"vpe-near-place-cua-hang-tien-loi-gan-day-khong","cửa hàng tiện lợi gần đây không?","Is a convenience store nearby?","shopping","near-place","beginner","english-to-vietnamese|vietnamese-to-english|missing-token|city-destination|distractor","planned","approved"
"vpe-take-me-place-cho-toi-den-cua-hang-tien-loi","Cho tôi đến cửa hàng tiện lợi","Please take me to a convenience store.","shopping","take-me-place","beginner","english-to-vietnamese|vietnamese-to-english|missing-token|city-destination|distractor","planned","approved"
"vpe-stop-at-place-dung-o-cua-hang-tien-loi","Dừng ở cửa hàng tiện lợi","Stop at a convenience store.","transport","stop-at-place","beginner","english-to-vietnamese|vietnamese-to-english|missing-token|city-destination|distractor","planned","approved"
"vpe-near-place-tram-xe-buyt-gan-day-khong","trạm xe buýt gần đây không?","Is the bus stop nearby?","transport","near-place","beginner","english-to-vietnamese|vietnamese-to-english|missing-token|city-destination|distractor","planned","approved"
"vpe-take-me-place-cho-toi-den-tram-xe-buyt","Cho tôi đến trạm xe buýt","Please take me to the bus stop.","transport","take-me-place","beginner","english-to-vietnamese|vietnamese-to-english|missing-token|city-destination|distractor","planned","approved"
"vpe-stop-at-place-dung-o-tram-xe-buyt","Dừng ở trạm xe buýt","Stop at the bus stop.","transport","stop-at-place","beginner","english-to-vietnamese|vietnamese-to-english|missing-token|city-destination|distractor","planned","approved"
"vpe-where-place-diem-don-xe-o-dau","điểm đón xe ở đâu?","Where is the pickup point?","transport","where-place","beginner","english-to-vietnamese|vietnamese-to-english|missing-token|city-destination|distractor","planned","approved"
"vpe-near-place-diem-don-xe-gan-day-khong","điểm đón xe gần đây không?","Is the pickup point nearby?","transport","near-place","beginner","english-to-vietnamese|vietnamese-to-english|missing-token|city-destination|distractor","planned","approved"
"vpe-take-me-place-cho-toi-den-diem-don-xe","Cho tôi đến điểm đón xe","Please take me to the pickup point.","transport","take-me-place","beginner","english-to-vietnamese|vietnamese-to-english|missing-token|city-destination|distractor","planned","approved"
"vpe-stop-at-place-dung-o-diem-don-xe","Dừng ở điểm đón xe","Stop at the pickup point.","transport","stop-at-place","beginner","english-to-vietnamese|vietnamese-to-english|missing-token|city-destination|distractor","planned","approved"
"vpe-where-place-cho-gui-hanh-ly-o-dau","chỗ gửi hành lý ở đâu?","Where is luggage storage?","airport-border-arrival","where-place","beginner","english-to-vietnamese|vietnamese-to-english|missing-token|city-destination|distractor","planned","approved"
"vpe-near-place-cho-gui-hanh-ly-gan-day-khong","chỗ gửi hành lý gần đây không?","Is luggage storage nearby?","airport-border-arrival","near-place","beginner","english-to-vietnamese|vietnamese-to-english|missing-token|city-destination|distractor","planned","approved"
"vpe-take-me-place-cho-toi-den-cho-gui-hanh-ly","Cho tôi đến chỗ gửi hành lý","Please take me to luggage storage.","airport-border-arrival","take-me-place","beginner","english-to-vietnamese|vietnamese-to-english|missing-token|city-destination|distractor","planned","approved"
"vpe-stop-at-place-dung-o-cho-gui-hanh-ly","Dừng ở chỗ gửi hành lý","Stop at luggage storage.","transport","stop-at-place","beginner","english-to-vietnamese|vietnamese-to-english|missing-token|city-destination|distractor","planned","approved"
"vpe-where-place-phong-kham-o-dau","phòng khám ở đâu?","Where is a clinic?","health-pharmacy","where-place","beginner","english-to-vietnamese|vietnamese-to-english|missing-token|city-destination|distractor","planned","approved"
"vpe-near-place-phong-kham-gan-day-khong","phòng khám gần đây không?","Is a clinic nearby?","health-pharmacy","near-place","beginner","english-to-vietnamese|vietnamese-to-english|missing-token|city-destination|distractor","planned","approved"
"vpe-take-me-place-cho-toi-den-phong-kham","Cho tôi đến phòng khám","Please take me to a clinic.","health-pharmacy","take-me-place","beginner","english-to-vietnamese|vietnamese-to-english|missing-token|city-destination|distractor","planned","approved"
"vpe-stop-at-place-dung-o-phong-kham","Dừng ở phòng khám","Stop at a clinic.","transport","stop-at-place","beginner","english-to-vietnamese|vietnamese-to-english|missing-token|city-destination|distractor","planned","approved"
"vpe-where-place-benh-vien-o-dau","bệnh viện ở đâu?","Where is the hospital?","health-pharmacy","where-place","beginner","english-to-vietnamese|vietnamese-to-english|missing-token|city-destination|distractor","planned","approved"
"vpe-near-place-benh-vien-gan-day-khong","bệnh viện gần đây không?","Is the hospital nearby?","health-pharmacy","near-place","beginner","english-to-vietnamese|vietnamese-to-english|missing-token|city-destination|distractor","planned","approved"
"vpe-take-me-place-cho-toi-den-benh-vien","Cho tôi đến bệnh viện","Please take me to the hospital.","health-pharmacy","take-me-place","beginner","english-to-vietnamese|vietnamese-to-english|missing-token|city-destination|distractor","planned","approved"
"vpe-stop-at-place-dung-o-benh-vien","Dừng ở bệnh viện","Stop at the hospital.","transport","stop-at-place","beginner","english-to-vietnamese|vietnamese-to-english|missing-token|city-destination|distractor","planned","approved"
"vpe-where-place-don-cong-an-o-dau","đồn công an ở đâu?","Where is the police station?","emergency-safety","where-place","beginner","english-to-vietnamese|vietnamese-to-english|missing-token|city-destination|distractor","planned","approved"
"vpe-near-place-don-cong-an-gan-day-khong","đồn công an gần đây không?","Is the police station nearby?","emergency-safety","near-place","beginner","english-to-vietnamese|vietnamese-to-english|missing-token|city-destination|distractor","planned","approved"
"vpe-take-me-place-cho-toi-den-don-cong-an","Cho tôi đến đồn công an","Please take me to the police station.","emergency-safety","take-me-place","beginner","english-to-vietnamese|vietnamese-to-english|missing-token|city-destination|distractor","planned","approved"
"vpe-stop-at-place-dung-o-don-cong-an","Dừng ở đồn công an","Stop at the police station.","transport","stop-at-place","beginner","english-to-vietnamese|vietnamese-to-english|missing-token|city-destination|distractor","planned","approved"
"vpe-where-place-khach-san-o-dau","khách sạn ở đâu?","Where is the hotel?","hotel-accommodation","where-place","beginner","english-to-vietnamese|vietnamese-to-english|missing-token|city-destination|distractor","planned","approved"
"vpe-near-place-khach-san-gan-day-khong","khách sạn gần đây không?","Is the hotel nearby?","hotel-accommodation","near-place","beginner","english-to-vietnamese|vietnamese-to-english|missing-token|city-destination|distractor","planned","approved"
"vpe-take-me-place-cho-toi-den-khach-san","Cho tôi đến khách sạn","Please take me to the hotel.","hotel-accommodation","take-me-place","beginner","english-to-vietnamese|vietnamese-to-english|missing-token|city-destination|distractor","planned","approved"
"vpe-stop-at-place-dung-o-khach-san","Dừng ở khách sạn","Stop at the hotel.","transport","stop-at-place","beginner","english-to-vietnamese|vietnamese-to-english|missing-token|city-destination|distractor","planned","approved"
"vpe-where-place-nha-hang-o-dau","nhà hàng ở đâu?","Where is the restaurant?","food-drink","where-place","beginner","english-to-vietnamese|vietnamese-to-english|missing-token|city-destination|distractor","planned","approved"
"vpe-near-place-nha-hang-gan-day-khong","nhà hàng gần đây không?","Is the restaurant nearby?","food-drink","near-place","beginner","english-to-vietnamese|vietnamese-to-english|missing-token|city-destination|distractor","planned","approved"
"vpe-take-me-place-cho-toi-den-nha-hang","Cho tôi đến nhà hàng","Please take me to the restaurant.","food-drink","take-me-place","beginner","english-to-vietnamese|vietnamese-to-english|missing-token|city-destination|distractor","planned","approved"
"vpe-stop-at-place-dung-o-nha-hang","Dừng ở nhà hàng","Stop at the restaurant.","transport","stop-at-place","beginner","english-to-vietnamese|vietnamese-to-english|missing-token|city-destination|distractor","planned","approved"
"vpe-where-place-quan-ca-phe-o-dau","quán cà phê ở đâu?","Where is the cafe?","food-drink","where-place","beginner","english-to-vietnamese|vietnamese-to-english|missing-token|city-destination|distractor","planned","approved"
"vpe-near-place-quan-ca-phe-gan-day-khong","quán cà phê gần đây không?","Is the cafe nearby?","food-drink","near-place","beginner","english-to-vietnamese|vietnamese-to-english|missing-token|city-destination|distractor","planned","approved"
"vpe-take-me-place-cho-toi-den-quan-ca-phe","Cho tôi đến quán cà phê","Please take me to the cafe.","food-drink","take-me-place","beginner","english-to-vietnamese|vietnamese-to-english|missing-token|city-destination|distractor","planned","approved"
"vpe-stop-at-place-dung-o-quan-ca-phe","Dừng ở quán cà phê","Stop at the cafe.","transport","stop-at-place","beginner","english-to-vietnamese|vietnamese-to-english|missing-token|city-destination|distractor","planned","approved"
"vpe-where-place-cho-o-dau","chợ ở đâu?","Where is the market?","shopping","where-place","beginner","english-to-vietnamese|vietnamese-to-english|missing-token|city-destination|distractor","planned","approved"
"vpe-near-place-cho-gan-day-khong","chợ gần đây không?","Is the market nearby?","shopping","near-place","beginner","english-to-vietnamese|vietnamese-to-english|missing-token|city-destination|distractor","planned","approved"
"vpe-take-me-place-cho-toi-den-cho","Cho tôi đến chợ","Please take me to the market.","shopping","take-me-place","beginner","english-to-vietnamese|vietnamese-to-english|missing-token|city-destination|distractor","planned","approved"
"vpe-stop-at-place-dung-o-cho","Dừng ở chợ","Stop at the market.","transport","stop-at-place","beginner","english-to-vietnamese|vietnamese-to-english|missing-token|city-destination|distractor","planned","approved"
"vpe-where-place-sieu-thi-o-dau","siêu thị ở đâu?","Where is the supermarket?","shopping","where-place","beginner","english-to-vietnamese|vietnamese-to-english|missing-token|city-destination|distractor","planned","approved"
"vpe-near-place-sieu-thi-gan-day-khong","siêu thị gần đây không?","Is the supermarket nearby?","shopping","near-place","beginner","english-to-vietnamese|vietnamese-to-english|missing-token|city-destination|distractor","planned","approved"
"vpe-take-me-place-cho-toi-den-sieu-thi","Cho tôi đến siêu thị","Please take me to the supermarket.","shopping","take-me-place","beginner","english-to-vietnamese|vietnamese-to-english|missing-token|city-destination|distractor","planned","approved"
"vpe-stop-at-place-dung-o-sieu-thi","Dừng ở siêu thị","Stop at the supermarket.","transport","stop-at-place","beginner","english-to-vietnamese|vietnamese-to-english|missing-token|city-destination|distractor","planned","approved"
"vpe-where-place-bai-bien-o-dau","bãi biển ở đâu?","Where is the beach?","sightseeing-activities","where-place","beginner","english-to-vietnamese|vietnamese-to-english|missing-token|city-destination|distractor","planned","approved"
"vpe-near-place-bai-bien-gan-day-khong","bãi biển gần đây không?","Is the beach nearby?","sightseeing-activities","near-place","beginner","english-to-vietnamese|vietnamese-to-english|missing-token|city-destination|distractor","planned","approved"
"vpe-take-me-place-cho-toi-den-bai-bien","Cho tôi đến bãi biển","Please take me to the beach.","sightseeing-activities","take-me-place","beginner","english-to-vietnamese|vietnamese-to-english|missing-token|city-destination|distractor","planned","approved"
"vpe-stop-at-place-dung-o-bai-bien","Dừng ở bãi biển","Stop at the beach.","transport","stop-at-place","beginner","english-to-vietnamese|vietnamese-to-english|missing-token|city-destination|distractor","planned","approved"
"vpe-where-place-bao-tang-o-dau","bảo tàng ở đâu?","Where is the museum?","sightseeing-activities","where-place","beginner","english-to-vietnamese|vietnamese-to-english|missing-token|city-destination|distractor","planned","approved"
"vpe-near-place-bao-tang-gan-day-khong","bảo tàng gần đây không?","Is the museum nearby?","sightseeing-activities","near-place","beginner","english-to-vietnamese|vietnamese-to-english|missing-token|city-destination|distractor","planned","approved"
"vpe-take-me-place-cho-toi-den-bao-tang","Cho tôi đến bảo tàng","Please take me to the museum.","sightseeing-activities","take-me-place","beginner","english-to-vietnamese|vietnamese-to-english|missing-token|city-destination|distractor","planned","approved"
"vpe-stop-at-place-dung-o-bao-tang","Dừng ở bảo tàng","Stop at the museum.","transport","stop-at-place","beginner","english-to-vietnamese|vietnamese-to-english|missing-token|city-destination|distractor","planned","approved"
"vpe-where-place-nha-tho-o-dau","nhà thờ ở đâu?","Where is the church?","sightseeing-activities","where-place","beginner","english-to-vietnamese|vietnamese-to-english|missing-token|city-destination|distractor","planned","approved"
"vpe-near-place-nha-tho-gan-day-khong","nhà thờ gần đây không?","Is the church nearby?","sightseeing-activities","near-place","beginner","english-to-vietnamese|vietnamese-to-english|missing-token|city-destination|distractor","planned","approved"
"vpe-take-me-place-cho-toi-den-nha-tho","Cho tôi đến nhà thờ","Please take me to the church.","sightseeing-activities","take-me-place","beginner","english-to-vietnamese|vietnamese-to-english|missing-token|city-destination|distractor","planned","approved"
"vpe-stop-at-place-dung-o-nha-tho","Dừng ở nhà thờ","Stop at the church.","transport","stop-at-place","beginner","english-to-vietnamese|vietnamese-to-english|missing-token|city-destination|distractor","planned","approved"
"vpe-where-place-chua-o-dau","chùa ở đâu?","Where is the pagoda?","sightseeing-activities","where-place","beginner","english-to-vietnamese|vietnamese-to-english|missing-token|city-destination|distractor","planned","approved"
"vpe-near-place-chua-gan-day-khong","chùa gần đây không?","Is the pagoda nearby?","sightseeing-activities","near-place","beginner","english-to-vietnamese|vietnamese-to-english|missing-token|city-destination|distractor","planned","approved"
"vpe-take-me-place-cho-toi-den-chua","Cho tôi đến chùa","Please take me to the pagoda.","sightseeing-activities","take-me-place","beginner","english-to-vietnamese|vietnamese-to-english|missing-token|city-destination|distractor","planned","approved"
"vpe-stop-at-place-dung-o-chua","Dừng ở chùa","Stop at the pagoda.","transport","stop-at-place","beginner","english-to-vietnamese|vietnamese-to-english|missing-token|city-destination|distractor","planned","approved"
"vpe-where-place-pho-di-bo-o-dau","phố đi bộ ở đâu?","Where is the walking street?","sightseeing-activities","where-place","beginner","english-to-vietnamese|vietnamese-to-english|missing-token|city-destination|distractor","planned","approved"
"vpe-near-place-pho-di-bo-gan-day-khong","phố đi bộ gần đây không?","Is the walking street nearby?","sightseeing-activities","near-place","beginner","english-to-vietnamese|vietnamese-to-english|missing-token|city-destination|distractor","planned","approved"
"vpe-take-me-place-cho-toi-den-pho-di-bo","Cho tôi đến phố đi bộ","Please take me to the walking street.","sightseeing-activities","take-me-place","beginner","english-to-vietnamese|vietnamese-to-english|missing-token|city-destination|distractor","planned","approved"
"vpe-stop-at-place-dung-o-pho-di-bo","Dừng ở phố đi bộ","Stop at the walking street.","transport","stop-at-place","beginner","english-to-vietnamese|vietnamese-to-english|missing-token|city-destination|distractor","planned","approved"
"vpe-where-place-trung-tam-thuong-mai-o-dau","trung tâm thương mại ở đâu?","Where is the mall?","shopping","where-place","beginner","english-to-vietnamese|vietnamese-to-english|missing-token|city-destination|distractor","planned","approved"
"vpe-near-place-trung-tam-thuong-mai-gan-day-khong","trung tâm thương mại gần đây không?","Is the mall nearby?","shopping","near-place","beginner","english-to-vietnamese|vietnamese-to-english|missing-token|city-destination|distractor","planned","approved"
"vpe-take-me-place-cho-toi-den-trung-tam-thuong-mai","Cho tôi đến trung tâm thương mại","Please take me to the mall.","shopping","take-me-place","beginner","english-to-vietnamese|vietnamese-to-english|missing-token|city-destination|distractor","planned","approved"
"vpe-stop-at-place-dung-o-trung-tam-thuong-mai","Dừng ở trung tâm thương mại","Stop at the mall.","transport","stop-at-place","beginner","english-to-vietnamese|vietnamese-to-english|missing-token|city-destination|distractor","planned","approved"
"vpe-where-place-buu-dien-o-dau","bưu điện ở đâu?","Where is the post office?","local-services-everyday-tasks","where-place","beginner","english-to-vietnamese|vietnamese-to-english|missing-token|city-destination|distractor","planned","approved"
"vpe-near-place-buu-dien-gan-day-khong","bưu điện gần đây không?","Is the post office nearby?","local-services-everyday-tasks","near-place","beginner","english-to-vietnamese|vietnamese-to-english|missing-token|city-destination|distractor","planned","approved"
"vpe-take-me-place-cho-toi-den-buu-dien","Cho tôi đến bưu điện","Please take me to the post office.","local-services-everyday-tasks","take-me-place","beginner","english-to-vietnamese|vietnamese-to-english|missing-token|city-destination|distractor","planned","approved"
"vpe-stop-at-place-dung-o-buu-dien","Dừng ở bưu điện","Stop at the post office.","transport","stop-at-place","beginner","english-to-vietnamese|vietnamese-to-english|missing-token|city-destination|distractor","planned","approved"
"vpe-where-place-ngan-hang-o-dau","ngân hàng ở đâu?","Where is the bank?","money-numbers-prices","where-place","beginner","english-to-vietnamese|vietnamese-to-english|missing-token|city-destination|distractor","planned","approved"
"vpe-near-place-ngan-hang-gan-day-khong","ngân hàng gần đây không?","Is the bank nearby?","money-numbers-prices","near-place","beginner","english-to-vietnamese|vietnamese-to-english|missing-token|city-destination|distractor","planned","approved"
"vpe-take-me-place-cho-toi-den-ngan-hang","Cho tôi đến ngân hàng","Please take me to the bank.","money-numbers-prices","take-me-place","beginner","english-to-vietnamese|vietnamese-to-english|missing-token|city-destination|distractor","planned","approved"
"vpe-stop-at-place-dung-o-ngan-hang","Dừng ở ngân hàng","Stop at the bank.","transport","stop-at-place","beginner","english-to-vietnamese|vietnamese-to-english|missing-token|city-destination|distractor","planned","approved"
"vpe-where-place-may-ban-ve-o-dau","máy bán vé ở đâu?","Where is the ticket machine?","transport","where-place","beginner","english-to-vietnamese|vietnamese-to-english|missing-token|city-destination|distractor","planned","approved"
"vpe-near-place-may-ban-ve-gan-day-khong","máy bán vé gần đây không?","Is the ticket machine nearby?","transport","near-place","beginner","english-to-vietnamese|vietnamese-to-english|missing-token|city-destination|distractor","planned","approved"
"vpe-take-me-place-cho-toi-den-may-ban-ve","Cho tôi đến máy bán vé","Please take me to the ticket machine.","transport","take-me-place","beginner","english-to-vietnamese|vietnamese-to-english|missing-token|city-destination|distractor","planned","approved"
"vpe-stop-at-place-dung-o-may-ban-ve","Dừng ở máy bán vé","Stop at the ticket machine.","transport","stop-at-place","beginner","english-to-vietnamese|vietnamese-to-english|missing-token|city-destination|distractor","planned","approved"
"vpe-where-place-quay-ve-o-dau","quầy vé ở đâu?","Where is the ticket counter?","time-dates-booking","where-place","beginner","english-to-vietnamese|vietnamese-to-english|missing-token|city-destination|distractor","planned","approved"
"vpe-near-place-quay-ve-gan-day-khong","quầy vé gần đây không?","Is the ticket counter nearby?","time-dates-booking","near-place","beginner","english-to-vietnamese|vietnamese-to-english|missing-token|city-destination|distractor","planned","approved"
"vpe-take-me-place-cho-toi-den-quay-ve","Cho tôi đến quầy vé","Please take me to the ticket counter.","time-dates-booking","take-me-place","beginner","english-to-vietnamese|vietnamese-to-english|missing-token|city-destination|distractor","planned","approved"
"vpe-stop-at-place-dung-o-quay-ve","Dừng ở quầy vé","Stop at the ticket counter.","transport","stop-at-place","beginner","english-to-vietnamese|vietnamese-to-english|missing-token|city-destination|distractor","planned","approved"
"vpe-where-place-cong-len-may-bay-o-dau","cổng lên máy bay ở đâu?","Where is the boarding gate?","airport-border-arrival","where-place","beginner","english-to-vietnamese|vietnamese-to-english|missing-token|city-destination|distractor","planned","approved"
"vpe-near-place-cong-len-may-bay-gan-day-khong","cổng lên máy bay gần đây không?","Is the boarding gate nearby?","airport-border-arrival","near-place","beginner","english-to-vietnamese|vietnamese-to-english|missing-token|city-destination|distractor","planned","approved"
"vpe-take-me-place-cho-toi-den-cong-len-may-bay","Cho tôi đến cổng lên máy bay","Please take me to the boarding gate.","airport-border-arrival","take-me-place","beginner","english-to-vietnamese|vietnamese-to-english|missing-token|city-destination|distractor","planned","approved"
"vpe-stop-at-place-dung-o-cong-len-may-bay","Dừng ở cổng lên máy bay","Stop at the boarding gate.","transport","stop-at-place","beginner","english-to-vietnamese|vietnamese-to-english|missing-token|city-destination|distractor","planned","approved"
"vpe-where-place-khu-lay-hanh-ly-o-dau","khu lấy hành lý ở đâu?","Where is baggage claim?","airport-border-arrival","where-place","beginner","english-to-vietnamese|vietnamese-to-english|missing-token|city-destination|distractor","planned","approved"
"vpe-near-place-khu-lay-hanh-ly-gan-day-khong","khu lấy hành lý gần đây không?","Is baggage claim nearby?","airport-border-arrival","near-place","beginner","english-to-vietnamese|vietnamese-to-english|missing-token|city-destination|distractor","planned","approved"
"vpe-take-me-place-cho-toi-den-khu-lay-hanh-ly","Cho tôi đến khu lấy hành lý","Please take me to baggage claim.","airport-border-arrival","take-me-place","beginner","english-to-vietnamese|vietnamese-to-english|missing-token|city-destination|distractor","planned","approved"
"vpe-stop-at-place-dung-o-khu-lay-hanh-ly","Dừng ở khu lấy hành lý","Stop at baggage claim.","transport","stop-at-place","beginner","english-to-vietnamese|vietnamese-to-english|missing-token|city-destination|distractor","planned","approved"
"vpe-where-place-cua-hai-quan-o-dau","cửa hải quan ở đâu?","Where is customs?","airport-border-arrival","where-place","beginner","english-to-vietnamese|vietnamese-to-english|missing-token|city-destination|distractor","planned","approved"
"vpe-near-place-cua-hai-quan-gan-day-khong","cửa hải quan gần đây không?","Is customs nearby?","airport-border-arrival","near-place","beginner","english-to-vietnamese|vietnamese-to-english|missing-token|city-destination|distractor","planned","approved"
"vpe-take-me-place-cho-toi-den-cua-hai-quan","Cho tôi đến cửa hải quan","Please take me to customs.","airport-border-arrival","take-me-place","beginner","english-to-vietnamese|vietnamese-to-english|missing-token|city-destination|distractor","planned","approved"
"vpe-stop-at-place-dung-o-cua-hai-quan","Dừng ở cửa hải quan","Stop at customs.","transport","stop-at-place","beginner","english-to-vietnamese|vietnamese-to-english|missing-token|city-destination|distractor","planned","approved"
"vpe-where-place-tram-sac-o-dau","trạm sạc ở đâu?","Where is a charging station?","phone-internet-power","where-place","beginner","english-to-vietnamese|vietnamese-to-english|missing-token|city-destination|distractor","planned","approved"
"vpe-near-place-tram-sac-gan-day-khong","trạm sạc gần đây không?","Is a charging station nearby?","phone-internet-power","near-place","beginner","english-to-vietnamese|vietnamese-to-english|missing-token|city-destination|distractor","planned","approved"
"vpe-take-me-place-cho-toi-den-tram-sac","Cho tôi đến trạm sạc","Please take me to a charging station.","phone-internet-power","take-me-place","beginner","english-to-vietnamese|vietnamese-to-english|missing-token|city-destination|distractor","planned","approved"
"vpe-stop-at-place-dung-o-tram-sac","Dừng ở trạm sạc","Stop at a charging station.","transport","stop-at-place","beginner","english-to-vietnamese|vietnamese-to-english|missing-token|city-destination|distractor","planned","approved"
"vpe-where-place-cho-dau-taxi-o-dau","chỗ đậu taxi ở đâu?","Where is the taxi stand?","transport","where-place","beginner","english-to-vietnamese|vietnamese-to-english|missing-token|city-destination|distractor","planned","approved"
"vpe-near-place-cho-dau-taxi-gan-day-khong","chỗ đậu taxi gần đây không?","Is the taxi stand nearby?","transport","near-place","beginner","english-to-vietnamese|vietnamese-to-english|missing-token|city-destination|distractor","planned","approved"
"vpe-take-me-place-cho-toi-den-cho-dau-taxi","Cho tôi đến chỗ đậu taxi","Please take me to the taxi stand.","transport","take-me-place","beginner","english-to-vietnamese|vietnamese-to-english|missing-token|city-destination|distractor","planned","approved"
"vpe-stop-at-place-dung-o-cho-dau-taxi","Dừng ở chỗ đậu taxi","Stop at the taxi stand.","transport","stop-at-place","beginner","english-to-vietnamese|vietnamese-to-english|missing-token|city-destination|distractor","planned","approved"
"vpe-where-place-bai-dau-xe-o-dau","bãi đậu xe ở đâu?","Where is the parking lot?","transport","where-place","beginner","english-to-vietnamese|vietnamese-to-english|missing-token|city-destination|distractor","planned","approved"
"vpe-near-place-bai-dau-xe-gan-day-khong","bãi đậu xe gần đây không?","Is the parking lot nearby?","transport","near-place","beginner","english-to-vietnamese|vietnamese-to-english|missing-token|city-destination|distractor","planned","approved"
"vpe-take-me-place-cho-toi-den-bai-dau-xe","Cho tôi đến bãi đậu xe","Please take me to the parking lot.","transport","take-me-place","beginner","english-to-vietnamese|vietnamese-to-english|missing-token|city-destination|distractor","planned","approved"
"vpe-stop-at-place-dung-o-bai-dau-xe","Dừng ở bãi đậu xe","Stop at the parking lot.","transport","stop-at-place","beginner","english-to-vietnamese|vietnamese-to-english|missing-token|city-destination|distractor","planned","approved"
"vpe-where-place-diem-ban-sim-o-dau","điểm bán SIM ở đâu?","Where is the SIM-card counter?","phone-internet-power","where-place","beginner","english-to-vietnamese|vietnamese-to-english|missing-token|city-destination|distractor","planned","approved"
"vpe-near-place-diem-ban-sim-gan-day-khong","điểm bán SIM gần đây không?","Is the SIM-card counter nearby?","phone-internet-power","near-place","beginner","english-to-vietnamese|vietnamese-to-english|missing-token|city-destination|distractor","planned","approved"
"vpe-take-me-place-cho-toi-den-diem-ban-sim","Cho tôi đến điểm bán SIM","Please take me to the SIM-card counter.","phone-internet-power","take-me-place","beginner","english-to-vietnamese|vietnamese-to-english|missing-token|city-destination|distractor","planned","approved"
"vpe-stop-at-place-dung-o-diem-ban-sim","Dừng ở điểm bán SIM","Stop at the SIM-card counter.","transport","stop-at-place","beginner","english-to-vietnamese|vietnamese-to-english|missing-token|city-destination|distractor","planned","approved"
"vpe-where-place-van-phong-du-lich-o-dau","văn phòng du lịch ở đâu?","Where is the tourist office?","sightseeing-activities","where-place","beginner","english-to-vietnamese|vietnamese-to-english|missing-token|city-destination|distractor","planned","approved"
"vpe-near-place-van-phong-du-lich-gan-day-khong","văn phòng du lịch gần đây không?","Is the tourist office nearby?","sightseeing-activities","near-place","beginner","english-to-vietnamese|vietnamese-to-english|missing-token|city-destination|distractor","planned","approved"
"vpe-take-me-place-cho-toi-den-van-phong-du-lich","Cho tôi đến văn phòng du lịch","Please take me to the tourist office.","sightseeing-activities","take-me-place","beginner","english-to-vietnamese|vietnamese-to-english|missing-token|city-destination|distractor","planned","approved"
"vpe-stop-at-place-dung-o-van-phong-du-lich","Dừng ở văn phòng du lịch","Stop at the tourist office.","transport","stop-at-place","beginner","english-to-vietnamese|vietnamese-to-english|missing-token|city-destination|distractor","planned","approved"
"vpe-where-place-ben-pha-o-dau","bến phà ở đâu?","Where is the ferry pier?","transport","where-place","beginner","english-to-vietnamese|vietnamese-to-english|missing-token|city-destination|distractor","planned","approved"
"vpe-near-place-ben-pha-gan-day-khong","bến phà gần đây không?","Is the ferry pier nearby?","transport","near-place","beginner","english-to-vietnamese|vietnamese-to-english|missing-token|city-destination|distractor","planned","approved"
"vpe-take-me-place-cho-toi-den-ben-pha","Cho tôi đến bến phà","Please take me to the ferry pier.","transport","take-me-place","beginner","english-to-vietnamese|vietnamese-to-english|missing-token|city-destination|distractor","planned","approved"
"vpe-stop-at-place-dung-o-ben-pha","Dừng ở bến phà","Stop at the ferry pier.","transport","stop-at-place","beginner","english-to-vietnamese|vietnamese-to-english|missing-token|city-destination|distractor","planned","approved"
"vpe-where-place-tram-xang-o-dau","trạm xăng ở đâu?","Where is the gas station?","transport","where-place","beginner","english-to-vietnamese|vietnamese-to-english|missing-token|city-destination|distractor","planned","approved"
"vpe-near-place-tram-xang-gan-day-khong","trạm xăng gần đây không?","Is the gas station nearby?","transport","near-place","beginner","english-to-vietnamese|vietnamese-to-english|missing-token|city-destination|distractor","planned","approved"
"vpe-take-me-place-cho-toi-den-tram-xang","Cho tôi đến trạm xăng","Please take me to the gas station.","transport","take-me-place","beginner","english-to-vietnamese|vietnamese-to-english|missing-token|city-destination|distractor","planned","approved"
"vpe-stop-at-place-dung-o-tram-xang","Dừng ở trạm xăng","Stop at the gas station.","transport","stop-at-place","beginner","english-to-vietnamese|vietnamese-to-english|missing-token|city-destination|distractor","planned","approved"
"vpe-where-place-khu-am-thuc-o-dau","khu ẩm thực ở đâu?","Where is the food court?","food-drink","where-place","beginner","english-to-vietnamese|vietnamese-to-english|missing-token|city-destination|distractor","planned","approved"
"vpe-near-place-khu-am-thuc-gan-day-khong","khu ẩm thực gần đây không?","Is the food court nearby?","food-drink","near-place","beginner","english-to-vietnamese|vietnamese-to-english|missing-token|city-destination|distractor","planned","approved"
"vpe-take-me-place-cho-toi-den-khu-am-thuc","Cho tôi đến khu ẩm thực","Please take me to the food court.","food-drink","take-me-place","beginner","english-to-vietnamese|vietnamese-to-english|missing-token|city-destination|distractor","planned","approved"
"vpe-stop-at-place-dung-o-khu-am-thuc","Dừng ở khu ẩm thực","Stop at the food court.","transport","stop-at-place","beginner","english-to-vietnamese|vietnamese-to-english|missing-token|city-destination|distractor","planned","approved"
"vpe-where-place-quay-thanh-toan-o-dau","quầy thanh toán ở đâu?","Where is the checkout counter?","money-numbers-prices","where-place","beginner","english-to-vietnamese|vietnamese-to-english|missing-token|city-destination|distractor","planned","approved"
"vpe-near-place-quay-thanh-toan-gan-day-khong","quầy thanh toán gần đây không?","Is the checkout counter nearby?","money-numbers-prices","near-place","beginner","english-to-vietnamese|vietnamese-to-english|missing-token|city-destination|distractor","planned","approved"
"vpe-take-me-place-cho-toi-den-quay-thanh-toan","Cho tôi đến quầy thanh toán","Please take me to the checkout counter.","money-numbers-prices","take-me-place","beginner","english-to-vietnamese|vietnamese-to-english|missing-token|city-destination|distractor","planned","approved"
"vpe-stop-at-place-dung-o-quay-thanh-toan","Dừng ở quầy thanh toán","Stop at the checkout counter.","transport","stop-at-place","beginner","english-to-vietnamese|vietnamese-to-english|missing-token|city-destination|distractor","planned","approved"
"vpe-where-place-phong-thay-do-o-dau","phòng thay đồ ở đâu?","Where is the fitting room?","shopping","where-place","beginner","english-to-vietnamese|vietnamese-to-english|missing-token|city-destination|distractor","planned","approved"
"vpe-near-place-phong-thay-do-gan-day-khong","phòng thay đồ gần đây không?","Is the fitting room nearby?","shopping","near-place","beginner","english-to-vietnamese|vietnamese-to-english|missing-token|city-destination|distractor","planned","approved"
"vpe-take-me-place-cho-toi-den-phong-thay-do","Cho tôi đến phòng thay đồ","Please take me to the fitting room.","shopping","take-me-place","beginner","english-to-vietnamese|vietnamese-to-english|missing-token|city-destination|distractor","planned","approved"
"vpe-stop-at-place-dung-o-phong-thay-do","Dừng ở phòng thay đồ","Stop at the fitting room.","transport","stop-at-place","beginner","english-to-vietnamese|vietnamese-to-english|missing-token|city-destination|distractor","planned","approved"
"vpe-where-place-cua-hang-dien-thoai-o-dau","cửa hàng điện thoại ở đâu?","Where is the phone shop?","phone-internet-power","where-place","beginner","english-to-vietnamese|vietnamese-to-english|missing-token|city-destination|distractor","planned","approved"
"vpe-near-place-cua-hang-dien-thoai-gan-day-khong","cửa hàng điện thoại gần đây không?","Is the phone shop nearby?","phone-internet-power","near-place","beginner","english-to-vietnamese|vietnamese-to-english|missing-token|city-destination|distractor","planned","approved"
"vpe-take-me-place-cho-toi-den-cua-hang-dien-thoai","Cho tôi đến cửa hàng điện thoại","Please take me to the phone shop.","phone-internet-power","take-me-place","beginner","english-to-vietnamese|vietnamese-to-english|missing-token|city-destination|distractor","planned","approved"
"vpe-stop-at-place-dung-o-cua-hang-dien-thoai","Dừng ở cửa hàng điện thoại","Stop at the phone shop.","transport","stop-at-place","beginner","english-to-vietnamese|vietnamese-to-english|missing-token|city-destination|distractor","planned","approved"
"vpe-where-place-thung-rac-o-dau","thùng rác ở đâu?","Where is a trash bin?","bathroom-personal-needs","where-place","beginner","english-to-vietnamese|vietnamese-to-english|missing-token|city-destination|distractor","planned","approved"
"vpe-near-place-thung-rac-gan-day-khong","thùng rác gần đây không?","Is a trash bin nearby?","bathroom-personal-needs","near-place","beginner","english-to-vietnamese|vietnamese-to-english|missing-token|city-destination|distractor","planned","approved"
"vpe-take-me-place-cho-toi-den-thung-rac","Cho tôi đến thùng rác","Please take me to a trash bin.","bathroom-personal-needs","take-me-place","beginner","english-to-vietnamese|vietnamese-to-english|missing-token|city-destination|distractor","planned","approved"
"vpe-stop-at-place-dung-o-thung-rac","Dừng ở thùng rác","Stop at a trash bin.","transport","stop-at-place","beginner","english-to-vietnamese|vietnamese-to-english|missing-token|city-destination|distractor","planned","approved"
"vpe-where-place-voi-nuoc-o-dau","vòi nước ở đâu?","Where is a water tap?","bathroom-personal-needs","where-place","beginner","english-to-vietnamese|vietnamese-to-english|missing-token|city-destination|distractor","planned","approved"
"vpe-near-place-voi-nuoc-gan-day-khong","vòi nước gần đây không?","Is a water tap nearby?","bathroom-personal-needs","near-place","beginner","english-to-vietnamese|vietnamese-to-english|missing-token|city-destination|distractor","planned","approved"
"vpe-take-me-place-cho-toi-den-voi-nuoc","Cho tôi đến vòi nước","Please take me to a water tap.","bathroom-personal-needs","take-me-place","beginner","english-to-vietnamese|vietnamese-to-english|missing-token|city-destination|distractor","planned","approved"
"vpe-stop-at-place-dung-o-voi-nuoc","Dừng ở vòi nước","Stop at a water tap.","transport","stop-at-place","beginner","english-to-vietnamese|vietnamese-to-english|missing-token|city-destination|distractor","planned","approved"
"vpe-where-place-cho-ngoi-o-dau","chỗ ngồi ở đâu?","Where is a seat?","local-services-everyday-tasks","where-place","beginner","english-to-vietnamese|vietnamese-to-english|missing-token|city-destination|distractor","planned","approved"
"vpe-near-place-cho-ngoi-gan-day-khong","chỗ ngồi gần đây không?","Is a seat nearby?","local-services-everyday-tasks","near-place","beginner","english-to-vietnamese|vietnamese-to-english|missing-token|city-destination|distractor","planned","approved"
"vpe-take-me-place-cho-toi-den-cho-ngoi","Cho tôi đến chỗ ngồi","Please take me to a seat.","local-services-everyday-tasks","take-me-place","beginner","english-to-vietnamese|vietnamese-to-english|missing-token|city-destination|distractor","planned","approved"
"vpe-stop-at-place-dung-o-cho-ngoi","Dừng ở chỗ ngồi","Stop at a seat.","transport","stop-at-place","beginner","english-to-vietnamese|vietnamese-to-english|missing-token|city-destination|distractor","planned","approved"
"vpe-where-place-loi-sang-duong-o-dau","lối sang đường ở đâu?","Where is a crosswalk?","directions-navigation","where-place","beginner","english-to-vietnamese|vietnamese-to-english|missing-token|city-destination|distractor","planned","approved"
"vpe-near-place-loi-sang-duong-gan-day-khong","lối sang đường gần đây không?","Is a crosswalk nearby?","directions-navigation","near-place","beginner","english-to-vietnamese|vietnamese-to-english|missing-token|city-destination|distractor","planned","approved"
"vpe-take-me-place-cho-toi-den-loi-sang-duong","Cho tôi đến lối sang đường","Please take me to a crosswalk.","transport","take-me-place","beginner","english-to-vietnamese|vietnamese-to-english|missing-token|city-destination|distractor","planned","approved"
"vpe-stop-at-place-dung-o-loi-sang-duong","Dừng ở lối sang đường","Stop at a crosswalk.","transport","stop-at-place","beginner","english-to-vietnamese|vietnamese-to-english|missing-token|city-destination|distractor","planned","approved"
"vpe-where-place-duong-chinh-o-dau","đường chính ở đâu?","Where is the main road?","directions-navigation","where-place","beginner","english-to-vietnamese|vietnamese-to-english|missing-token|city-destination|distractor","planned","approved"
"vpe-near-place-duong-chinh-gan-day-khong","đường chính gần đây không?","Is the main road nearby?","directions-navigation","near-place","beginner","english-to-vietnamese|vietnamese-to-english|missing-token|city-destination|distractor","planned","approved"
"vpe-take-me-place-cho-toi-den-duong-chinh","Cho tôi đến đường chính","Please take me to the main road.","transport","take-me-place","beginner","english-to-vietnamese|vietnamese-to-english|missing-token|city-destination|distractor","planned","approved"
"vpe-stop-at-place-dung-o-duong-chinh","Dừng ở đường chính","Stop at the main road.","transport","stop-at-place","beginner","english-to-vietnamese|vietnamese-to-english|missing-token|city-destination|distractor","planned","approved"
"vpe-where-place-pho-co-o-dau","phố cổ ở đâu?","Where is the old town?","sightseeing-activities","where-place","beginner","english-to-vietnamese|vietnamese-to-english|missing-token|city-destination|distractor","planned","approved"
"vpe-near-place-pho-co-gan-day-khong","phố cổ gần đây không?","Is the old town nearby?","sightseeing-activities","near-place","beginner","english-to-vietnamese|vietnamese-to-english|missing-token|city-destination|distractor","planned","approved"
"vpe-take-me-place-cho-toi-den-pho-co","Cho tôi đến phố cổ","Please take me to the old town.","sightseeing-activities","take-me-place","beginner","english-to-vietnamese|vietnamese-to-english|missing-token|city-destination|distractor","planned","approved"
"vpe-stop-at-place-dung-o-pho-co","Dừng ở phố cổ","Stop at the old town.","transport","stop-at-place","beginner","english-to-vietnamese|vietnamese-to-english|missing-token|city-destination|distractor","planned","approved"
"vpe-where-place-cau-o-dau","cầu ở đâu?","Where is the bridge?","directions-navigation","where-place","beginner","english-to-vietnamese|vietnamese-to-english|missing-token|city-destination|distractor","planned","approved"
"vpe-near-place-cau-gan-day-khong","cầu gần đây không?","Is the bridge nearby?","directions-navigation","near-place","beginner","english-to-vietnamese|vietnamese-to-english|missing-token|city-destination|distractor","planned","approved"
"vpe-take-me-place-cho-toi-den-cau","Cho tôi đến cầu","Please take me to the bridge.","transport","take-me-place","beginner","english-to-vietnamese|vietnamese-to-english|missing-token|city-destination|distractor","planned","approved"
"vpe-stop-at-place-dung-o-cau","Dừng ở cầu","Stop at the bridge.","transport","stop-at-place","beginner","english-to-vietnamese|vietnamese-to-english|missing-token|city-destination|distractor","planned","approved"
"vpe-where-place-ho-o-dau","hồ ở đâu?","Where is the lake?","sightseeing-activities","where-place","beginner","english-to-vietnamese|vietnamese-to-english|missing-token|city-destination|distractor","planned","approved"
"vpe-near-place-ho-gan-day-khong","hồ gần đây không?","Is the lake nearby?","sightseeing-activities","near-place","beginner","english-to-vietnamese|vietnamese-to-english|missing-token|city-destination|distractor","planned","approved"
"vpe-take-me-place-cho-toi-den-ho","Cho tôi đến hồ","Please take me to the lake.","sightseeing-activities","take-me-place","beginner","english-to-vietnamese|vietnamese-to-english|missing-token|city-destination|distractor","planned","approved"
"vpe-stop-at-place-dung-o-ho","Dừng ở hồ","Stop at the lake.","transport","stop-at-place","beginner","english-to-vietnamese|vietnamese-to-english|missing-token|city-destination|distractor","planned","approved"
"vpe-where-place-song-o-dau","sông ở đâu?","Where is the river?","sightseeing-activities","where-place","beginner","english-to-vietnamese|vietnamese-to-english|missing-token|city-destination|distractor","planned","approved"
"vpe-near-place-song-gan-day-khong","sông gần đây không?","Is the river nearby?","sightseeing-activities","near-place","beginner","english-to-vietnamese|vietnamese-to-english|missing-token|city-destination|distractor","planned","approved"
"vpe-take-me-place-cho-toi-den-song","Cho tôi đến sông","Please take me to the river.","sightseeing-activities","take-me-place","beginner","english-to-vietnamese|vietnamese-to-english|missing-token|city-destination|distractor","planned","approved"
"vpe-stop-at-place-dung-o-song","Dừng ở sông","Stop at the river.","transport","stop-at-place","beginner","english-to-vietnamese|vietnamese-to-english|missing-token|city-destination|distractor","planned","approved"
"vpe-where-place-cong-vien-o-dau","công viên ở đâu?","Where is the park?","sightseeing-activities","where-place","beginner","english-to-vietnamese|vietnamese-to-english|missing-token|city-destination|distractor","planned","approved"
"vpe-near-place-cong-vien-gan-day-khong","công viên gần đây không?","Is the park nearby?","sightseeing-activities","near-place","beginner","english-to-vietnamese|vietnamese-to-english|missing-token|city-destination|distractor","planned","approved"
"vpe-take-me-place-cho-toi-den-cong-vien","Cho tôi đến công viên","Please take me to the park.","sightseeing-activities","take-me-place","beginner","english-to-vietnamese|vietnamese-to-english|missing-token|city-destination|distractor","planned","approved"
"vpe-stop-at-place-dung-o-cong-vien","Dừng ở công viên","Stop at the park.","transport","stop-at-place","beginner","english-to-vietnamese|vietnamese-to-english|missing-token|city-destination|distractor","planned","approved"
"vpe-where-place-tiem-giat-ui-o-dau","tiệm giặt ủi ở đâu?","Where is a laundry shop?","local-services-everyday-tasks","where-place","beginner","english-to-vietnamese|vietnamese-to-english|missing-token|city-destination|distractor","planned","approved"
"vpe-near-place-tiem-giat-ui-gan-day-khong","tiệm giặt ủi gần đây không?","Is a laundry shop nearby?","local-services-everyday-tasks","near-place","beginner","english-to-vietnamese|vietnamese-to-english|missing-token|city-destination|distractor","planned","approved"
"vpe-take-me-place-cho-toi-den-tiem-giat-ui","Cho tôi đến tiệm giặt ủi","Please take me to a laundry shop.","local-services-everyday-tasks","take-me-place","beginner","english-to-vietnamese|vietnamese-to-english|missing-token|city-destination|distractor","planned","approved"
"vpe-stop-at-place-dung-o-tiem-giat-ui","Dừng ở tiệm giặt ủi","Stop at a laundry shop.","transport","stop-at-place","beginner","english-to-vietnamese|vietnamese-to-english|missing-token|city-destination|distractor","planned","approved"
"vpe-where-place-hieu-kinh-thuoc-o-dau","hiệu kính thuốc ở đâu?","Where is an optical shop?","health-pharmacy","where-place","beginner","english-to-vietnamese|vietnamese-to-english|missing-token|city-destination|distractor","planned","approved"
"vpe-near-place-hieu-kinh-thuoc-gan-day-khong","hiệu kính thuốc gần đây không?","Is an optical shop nearby?","health-pharmacy","near-place","beginner","english-to-vietnamese|vietnamese-to-english|missing-token|city-destination|distractor","planned","approved"
"vpe-take-me-place-cho-toi-den-hieu-kinh-thuoc","Cho tôi đến hiệu kính thuốc","Please take me to an optical shop.","health-pharmacy","take-me-place","beginner","english-to-vietnamese|vietnamese-to-english|missing-token|city-destination|distractor","planned","approved"
"vpe-stop-at-place-dung-o-hieu-kinh-thuoc","Dừng ở hiệu kính thuốc","Stop at an optical shop.","transport","stop-at-place","beginner","english-to-vietnamese|vietnamese-to-english|missing-token|city-destination|distractor","planned","approved"
"vpe-where-place-tiem-cat-toc-o-dau","tiệm cắt tóc ở đâu?","Where is a hair salon?","local-services-everyday-tasks","where-place","beginner","english-to-vietnamese|vietnamese-to-english|missing-token|city-destination|distractor","planned","approved"
"vpe-near-place-tiem-cat-toc-gan-day-khong","tiệm cắt tóc gần đây không?","Is a hair salon nearby?","local-services-everyday-tasks","near-place","beginner","english-to-vietnamese|vietnamese-to-english|missing-token|city-destination|distractor","planned","approved"
"vpe-take-me-place-cho-toi-den-tiem-cat-toc","Cho tôi đến tiệm cắt tóc","Please take me to a hair salon.","local-services-everyday-tasks","take-me-place","beginner","english-to-vietnamese|vietnamese-to-english|missing-token|city-destination|distractor","planned","approved"
"vpe-stop-at-place-dung-o-tiem-cat-toc","Dừng ở tiệm cắt tóc","Stop at a hair salon.","transport","stop-at-place","beginner","english-to-vietnamese|vietnamese-to-english|missing-token|city-destination|distractor","planned","approved"
"vpe-where-place-quay-an-ninh-o-dau","quầy an ninh ở đâu?","Where is the security desk?","airport-border-arrival","where-place","beginner","english-to-vietnamese|vietnamese-to-english|missing-token|city-destination|distractor","planned","approved"
"vpe-near-place-quay-an-ninh-gan-day-khong","quầy an ninh gần đây không?","Is the security desk nearby?","airport-border-arrival","near-place","beginner","english-to-vietnamese|vietnamese-to-english|missing-token|city-destination|distractor","planned","approved"
"vpe-take-me-place-cho-toi-den-quay-an-ninh","Cho tôi đến quầy an ninh","Please take me to the security desk.","airport-border-arrival","take-me-place","beginner","english-to-vietnamese|vietnamese-to-english|missing-token|city-destination|distractor","planned","approved"
"vpe-stop-at-place-dung-o-quay-an-ninh","Dừng ở quầy an ninh","Stop at the security desk.","transport","stop-at-place","beginner","english-to-vietnamese|vietnamese-to-english|missing-token|city-destination|distractor","planned","approved"
"vpe-where-place-phong-cho-o-dau","phòng chờ ở đâu?","Where is the waiting room?","transport","where-place","beginner","english-to-vietnamese|vietnamese-to-english|missing-token|city-destination|distractor","planned","approved"
"vpe-near-place-phong-cho-gan-day-khong","phòng chờ gần đây không?","Is the waiting room nearby?","transport","near-place","beginner","english-to-vietnamese|vietnamese-to-english|missing-token|city-destination|distractor","planned","approved"
"vpe-take-me-place-cho-toi-den-phong-cho","Cho tôi đến phòng chờ","Please take me to the waiting room.","transport","take-me-place","beginner","english-to-vietnamese|vietnamese-to-english|missing-token|city-destination|distractor","planned","approved"
"vpe-stop-at-place-dung-o-phong-cho","Dừng ở phòng chờ","Stop at the waiting room.","transport","stop-at-place","beginner","english-to-vietnamese|vietnamese-to-english|missing-token|city-destination|distractor","planned","approved"
"vpe-near-place-khu-vuc-hut-thuoc-gan-day-khong","khu vực hút thuốc gần đây không?","Is the smoking area nearby?","local-services-everyday-tasks","near-place","beginner","english-to-vietnamese|vietnamese-to-english|missing-token|city-destination|distractor","planned","approved"
"vpe-take-me-place-cho-toi-den-khu-vuc-hut-thuoc","Cho tôi đến khu vực hút thuốc","Please take me to the smoking area.","local-services-everyday-tasks","take-me-place","beginner","english-to-vietnamese|vietnamese-to-english|missing-token|city-destination|distractor","planned","approved"
"vpe-stop-at-place-dung-o-khu-vuc-hut-thuoc","Dừng ở khu vực hút thuốc","Stop at the smoking area.","transport","stop-at-place","beginner","english-to-vietnamese|vietnamese-to-english|missing-token|city-destination|distractor","planned","approved"
"vpe-where-place-bai-gui-xe-may-o-dau","bãi gửi xe máy ở đâu?","Where is motorbike parking?","transport","where-place","beginner","english-to-vietnamese|vietnamese-to-english|missing-token|city-destination|distractor","planned","approved"
"vpe-near-place-bai-gui-xe-may-gan-day-khong","bãi gửi xe máy gần đây không?","Is motorbike parking nearby?","transport","near-place","beginner","english-to-vietnamese|vietnamese-to-english|missing-token|city-destination|distractor","planned","approved"
"vpe-take-me-place-cho-toi-den-bai-gui-xe-may","Cho tôi đến bãi gửi xe máy","Please take me to motorbike parking.","transport","take-me-place","beginner","english-to-vietnamese|vietnamese-to-english|missing-token|city-destination|distractor","planned","approved"
"vpe-stop-at-place-dung-o-bai-gui-xe-may","Dừng ở bãi gửi xe máy","Stop at motorbike parking.","transport","stop-at-place","beginner","english-to-vietnamese|vietnamese-to-english|missing-token|city-destination|distractor","planned","approved"
"vpe-where-place-tram-y-te-o-dau","trạm y tế ở đâu?","Where is a medical station?","health-pharmacy","where-place","beginner","english-to-vietnamese|vietnamese-to-english|missing-token|city-destination|distractor","planned","approved"
"vpe-near-place-tram-y-te-gan-day-khong","trạm y tế gần đây không?","Is a medical station nearby?","health-pharmacy","near-place","beginner","english-to-vietnamese|vietnamese-to-english|missing-token|city-destination|distractor","planned","approved"
"vpe-take-me-place-cho-toi-den-tram-y-te","Cho tôi đến trạm y tế","Please take me to a medical station.","health-pharmacy","take-me-place","beginner","english-to-vietnamese|vietnamese-to-english|missing-token|city-destination|distractor","planned","approved"
"vpe-stop-at-place-dung-o-tram-y-te","Dừng ở trạm y tế","Stop at a medical station.","transport","stop-at-place","beginner","english-to-vietnamese|vietnamese-to-english|missing-token|city-destination|distractor","planned","approved"
"vpe-where-place-phong-cau-nguyen-o-dau","phòng cầu nguyện ở đâu?","Where is a prayer room?","airport-border-arrival","where-place","beginner","english-to-vietnamese|vietnamese-to-english|missing-token|city-destination|distractor","planned","approved"
"vpe-near-place-phong-cau-nguyen-gan-day-khong","phòng cầu nguyện gần đây không?","Is a prayer room nearby?","airport-border-arrival","near-place","beginner","english-to-vietnamese|vietnamese-to-english|missing-token|city-destination|distractor","planned","approved"
"vpe-take-me-place-cho-toi-den-phong-cau-nguyen","Cho tôi đến phòng cầu nguyện","Please take me to a prayer room.","airport-border-arrival","take-me-place","beginner","english-to-vietnamese|vietnamese-to-english|missing-token|city-destination|distractor","planned","approved"
"vpe-stop-at-place-dung-o-phong-cau-nguyen","Dừng ở phòng cầu nguyện","Stop at a prayer room.","transport","stop-at-place","beginner","english-to-vietnamese|vietnamese-to-english|missing-token|city-destination|distractor","planned","approved"
"vpe-where-place-cua-khoi-hanh-o-dau","cửa khởi hành ở đâu?","Where is the departure door?","airport-border-arrival","where-place","beginner","english-to-vietnamese|vietnamese-to-english|missing-token|city-destination|distractor","planned","approved"
"vpe-near-place-cua-khoi-hanh-gan-day-khong","cửa khởi hành gần đây không?","Is the departure door nearby?","airport-border-arrival","near-place","beginner","english-to-vietnamese|vietnamese-to-english|missing-token|city-destination|distractor","planned","approved"
"vpe-take-me-place-cho-toi-den-cua-khoi-hanh","Cho tôi đến cửa khởi hành","Please take me to the departure door.","airport-border-arrival","take-me-place","beginner","english-to-vietnamese|vietnamese-to-english|missing-token|city-destination|distractor","planned","approved"
"vpe-stop-at-place-dung-o-cua-khoi-hanh","Dừng ở cửa khởi hành","Stop at the departure door.","transport","stop-at-place","beginner","english-to-vietnamese|vietnamese-to-english|missing-token|city-destination|distractor","planned","approved"
"vpe-where-place-quay-hoan-thue-o-dau","quầy hoàn thuế ở đâu?","Where is the tax-refund counter?","money-numbers-prices","where-place","beginner","english-to-vietnamese|vietnamese-to-english|missing-token|city-destination|distractor","planned","approved"
"vpe-near-place-quay-hoan-thue-gan-day-khong","quầy hoàn thuế gần đây không?","Is the tax-refund counter nearby?","money-numbers-prices","near-place","beginner","english-to-vietnamese|vietnamese-to-english|missing-token|city-destination|distractor","planned","approved"
"vpe-take-me-place-cho-toi-den-quay-hoan-thue","Cho tôi đến quầy hoàn thuế","Please take me to the tax-refund counter.","money-numbers-prices","take-me-place","beginner","english-to-vietnamese|vietnamese-to-english|missing-token|city-destination|distractor","planned","approved"
"vpe-stop-at-place-dung-o-quay-hoan-thue","Dừng ở quầy hoàn thuế","Stop at the tax-refund counter.","transport","stop-at-place","beginner","english-to-vietnamese|vietnamese-to-english|missing-token|city-destination|distractor","planned","approved"
"vpe-where-place-khu-kiem-tra-an-ninh-o-dau","khu kiểm tra an ninh ở đâu?","Where is security screening?","airport-border-arrival","where-place","beginner","english-to-vietnamese|vietnamese-to-english|missing-token|city-destination|distractor","planned","approved"
"vpe-near-place-khu-kiem-tra-an-ninh-gan-day-khong","khu kiểm tra an ninh gần đây không?","Is security screening nearby?","airport-border-arrival","near-place","beginner","english-to-vietnamese|vietnamese-to-english|missing-token|city-destination|distractor","planned","approved"
"vpe-take-me-place-cho-toi-den-khu-kiem-tra-an-ninh","Cho tôi đến khu kiểm tra an ninh","Please take me to security screening.","airport-border-arrival","take-me-place","beginner","english-to-vietnamese|vietnamese-to-english|missing-token|city-destination|distractor","planned","approved"
"vpe-stop-at-place-dung-o-khu-kiem-tra-an-ninh","Dừng ở khu kiểm tra an ninh","Stop at security screening.","transport","stop-at-place","beginner","english-to-vietnamese|vietnamese-to-english|missing-token|city-destination|distractor","planned","approved"
"vpe-where-place-duong-mot-chieu-o-dau","đường một chiều ở đâu?","Where is a one-way street?","directions-navigation","where-place","beginner","english-to-vietnamese|vietnamese-to-english|missing-token|city-destination|distractor","planned","approved"
"vpe-near-place-duong-mot-chieu-gan-day-khong","đường một chiều gần đây không?","Is a one-way street nearby?","directions-navigation","near-place","beginner","english-to-vietnamese|vietnamese-to-english|missing-token|city-destination|distractor","planned","approved"
"vpe-take-me-place-cho-toi-den-duong-mot-chieu","Cho tôi đến đường một chiều","Please take me to a one-way street.","transport","take-me-place","beginner","english-to-vietnamese|vietnamese-to-english|missing-token|city-destination|distractor","planned","approved"
"vpe-stop-at-place-dung-o-duong-mot-chieu","Dừng ở đường một chiều","Stop at a one-way street.","transport","stop-at-place","beginner","english-to-vietnamese|vietnamese-to-english|missing-token|city-destination|distractor","planned","approved"
"vpe-where-place-nga-tu-o-dau","ngã tư ở đâu?","Where is the intersection?","directions-navigation","where-place","beginner","english-to-vietnamese|vietnamese-to-english|missing-token|city-destination|distractor","planned","approved"
"vpe-near-place-nga-tu-gan-day-khong","ngã tư gần đây không?","Is the intersection nearby?","directions-navigation","near-place","beginner","english-to-vietnamese|vietnamese-to-english|missing-token|city-destination|distractor","planned","approved"
"vpe-take-me-place-cho-toi-den-nga-tu","Cho tôi đến ngã tư","Please take me to the intersection.","transport","take-me-place","beginner","english-to-vietnamese|vietnamese-to-english|missing-token|city-destination|distractor","planned","approved"
"vpe-stop-at-place-dung-o-nga-tu","Dừng ở ngã tư","Stop at the intersection.","transport","stop-at-place","beginner","english-to-vietnamese|vietnamese-to-english|missing-token|city-destination|distractor","planned","approved"
"vpe-where-place-hem-nay-o-dau","hẻm này ở đâu?","Where is this alley?","directions-navigation","where-place","beginner","english-to-vietnamese|vietnamese-to-english|missing-token|city-destination|distractor","planned","approved"
"vpe-near-place-hem-nay-gan-day-khong","hẻm này gần đây không?","Is this alley nearby?","directions-navigation","near-place","beginner","english-to-vietnamese|vietnamese-to-english|missing-token|city-destination|distractor","planned","approved"
"vpe-take-me-place-cho-toi-den-hem-nay","Cho tôi đến hẻm này","Please take me to this alley.","transport","take-me-place","beginner","english-to-vietnamese|vietnamese-to-english|missing-token|city-destination|distractor","planned","approved"
"vpe-stop-at-place-dung-o-hem-nay","Dừng ở hẻm này","Stop at this alley.","transport","stop-at-place","beginner","english-to-vietnamese|vietnamese-to-english|missing-token|city-destination|distractor","planned","approved"
"vpe-where-place-ban-huong-dan-o-dau","bàn hướng dẫn ở đâu?","Where is the help desk?","local-services-everyday-tasks","where-place","beginner","english-to-vietnamese|vietnamese-to-english|missing-token|city-destination|distractor","planned","approved"
"vpe-near-place-ban-huong-dan-gan-day-khong","bàn hướng dẫn gần đây không?","Is the help desk nearby?","local-services-everyday-tasks","near-place","beginner","english-to-vietnamese|vietnamese-to-english|missing-token|city-destination|distractor","planned","approved"
"vpe-take-me-place-cho-toi-den-ban-huong-dan","Cho tôi đến bàn hướng dẫn","Please take me to the help desk.","local-services-everyday-tasks","take-me-place","beginner","english-to-vietnamese|vietnamese-to-english|missing-token|city-destination|distractor","planned","approved"
"vpe-stop-at-place-dung-o-ban-huong-dan","Dừng ở bàn hướng dẫn","Stop at the help desk.","transport","stop-at-place","beginner","english-to-vietnamese|vietnamese-to-english|missing-token|city-destination|distractor","planned","approved"
"vpe-where-place-quay-giu-do-o-dau","quầy giữ đồ ở đâu?","Where is the bag check?","local-services-everyday-tasks","where-place","beginner","english-to-vietnamese|vietnamese-to-english|missing-token|city-destination|distractor","planned","approved"
"vpe-near-place-quay-giu-do-gan-day-khong","quầy giữ đồ gần đây không?","Is the bag check nearby?","local-services-everyday-tasks","near-place","beginner","english-to-vietnamese|vietnamese-to-english|missing-token|city-destination|distractor","planned","approved"
"vpe-take-me-place-cho-toi-den-quay-giu-do","Cho tôi đến quầy giữ đồ","Please take me to the bag check.","local-services-everyday-tasks","take-me-place","beginner","english-to-vietnamese|vietnamese-to-english|missing-token|city-destination|distractor","planned","approved"
"vpe-stop-at-place-dung-o-quay-giu-do","Dừng ở quầy giữ đồ","Stop at the bag check.","transport","stop-at-place","beginner","english-to-vietnamese|vietnamese-to-english|missing-token|city-destination|distractor","planned","approved"
"vpe-where-place-phong-y-te-o-dau","phòng y tế ở đâu?","Where is the medical room?","health-pharmacy","where-place","beginner","english-to-vietnamese|vietnamese-to-english|missing-token|city-destination|distractor","planned","approved"
"vpe-near-place-phong-y-te-gan-day-khong","phòng y tế gần đây không?","Is the medical room nearby?","health-pharmacy","near-place","beginner","english-to-vietnamese|vietnamese-to-english|missing-token|city-destination|distractor","planned","approved"
"vpe-take-me-place-cho-toi-den-phong-y-te","Cho tôi đến phòng y tế","Please take me to the medical room.","health-pharmacy","take-me-place","beginner","english-to-vietnamese|vietnamese-to-english|missing-token|city-destination|distractor","planned","approved"
"vpe-stop-at-place-dung-o-phong-y-te","Dừng ở phòng y tế","Stop at the medical room.","transport","stop-at-place","beginner","english-to-vietnamese|vietnamese-to-english|missing-token|city-destination|distractor","planned","approved"
"vpe-where-place-may-in-o-dau","máy in ở đâu?","Where is a printer?","local-services-everyday-tasks","where-place","beginner","english-to-vietnamese|vietnamese-to-english|missing-token|city-destination|distractor","planned","approved"
"vpe-near-place-may-in-gan-day-khong","máy in gần đây không?","Is a printer nearby?","local-services-everyday-tasks","near-place","beginner","english-to-vietnamese|vietnamese-to-english|missing-token|city-destination|distractor","planned","approved"
"vpe-take-me-place-cho-toi-den-may-in","Cho tôi đến máy in","Please take me to a printer.","local-services-everyday-tasks","take-me-place","beginner","english-to-vietnamese|vietnamese-to-english|missing-token|city-destination|distractor","planned","approved"
"vpe-stop-at-place-dung-o-may-in","Dừng ở máy in","Stop at a printer.","transport","stop-at-place","beginner","english-to-vietnamese|vietnamese-to-english|missing-token|city-destination|distractor","planned","approved"
"vpe-where-place-may-photocopy-o-dau","máy photocopy ở đâu?","Where is a copier?","local-services-everyday-tasks","where-place","beginner","english-to-vietnamese|vietnamese-to-english|missing-token|city-destination|distractor","planned","approved"
"vpe-near-place-may-photocopy-gan-day-khong","máy photocopy gần đây không?","Is a copier nearby?","local-services-everyday-tasks","near-place","beginner","english-to-vietnamese|vietnamese-to-english|missing-token|city-destination|distractor","planned","approved"
"vpe-take-me-place-cho-toi-den-may-photocopy","Cho tôi đến máy photocopy","Please take me to a copier.","local-services-everyday-tasks","take-me-place","beginner","english-to-vietnamese|vietnamese-to-english|missing-token|city-destination|distractor","planned","approved"
"vpe-stop-at-place-dung-o-may-photocopy","Dừng ở máy photocopy","Stop at a copier.","transport","stop-at-place","beginner","english-to-vietnamese|vietnamese-to-english|missing-token|city-destination|distractor","planned","approved"
"vpe-where-place-cay-nuoc-nong-o-dau","cây nước nóng ở đâu?","Where is a hot-water dispenser?","bathroom-personal-needs","where-place","beginner","english-to-vietnamese|vietnamese-to-english|missing-token|city-destination|distractor","planned","approved"
"vpe-near-place-cay-nuoc-nong-gan-day-khong","cây nước nóng gần đây không?","Is a hot-water dispenser nearby?","bathroom-personal-needs","near-place","beginner","english-to-vietnamese|vietnamese-to-english|missing-token|city-destination|distractor","planned","approved"
"vpe-take-me-place-cho-toi-den-cay-nuoc-nong","Cho tôi đến cây nước nóng","Please take me to a hot-water dispenser.","bathroom-personal-needs","take-me-place","beginner","english-to-vietnamese|vietnamese-to-english|missing-token|city-destination|distractor","planned","approved"
"vpe-stop-at-place-dung-o-cay-nuoc-nong","Dừng ở cây nước nóng","Stop at a hot-water dispenser.","transport","stop-at-place","beginner","english-to-vietnamese|vietnamese-to-english|missing-token|city-destination|distractor","planned","approved"
"vpe-where-place-quay-dat-tour-o-dau","quầy đặt tour ở đâu?","Where is the tour desk?","sightseeing-activities","where-place","beginner","english-to-vietnamese|vietnamese-to-english|missing-token|city-destination|distractor","planned","approved"
"vpe-near-place-quay-dat-tour-gan-day-khong","quầy đặt tour gần đây không?","Is the tour desk nearby?","sightseeing-activities","near-place","beginner","english-to-vietnamese|vietnamese-to-english|missing-token|city-destination|distractor","planned","approved"
"vpe-take-me-place-cho-toi-den-quay-dat-tour","Cho tôi đến quầy đặt tour","Please take me to the tour desk.","sightseeing-activities","take-me-place","beginner","english-to-vietnamese|vietnamese-to-english|missing-token|city-destination|distractor","planned","approved"
"vpe-stop-at-place-dung-o-quay-dat-tour","Dừng ở quầy đặt tour","Stop at the tour desk.","transport","stop-at-place","beginner","english-to-vietnamese|vietnamese-to-english|missing-token|city-destination|distractor","planned","approved"
"vpe-where-place-diem-hen-o-dau","điểm hẹn ở đâu?","Where is the meeting point?","time-dates-booking","where-place","beginner","english-to-vietnamese|vietnamese-to-english|missing-token|city-destination|distractor","planned","approved"
"vpe-near-place-diem-hen-gan-day-khong","điểm hẹn gần đây không?","Is the meeting point nearby?","time-dates-booking","near-place","beginner","english-to-vietnamese|vietnamese-to-english|missing-token|city-destination|distractor","planned","approved"
"vpe-take-me-place-cho-toi-den-diem-hen","Cho tôi đến điểm hẹn","Please take me to the meeting point.","time-dates-booking","take-me-place","beginner","english-to-vietnamese|vietnamese-to-english|missing-token|city-destination|distractor","planned","approved"
"vpe-stop-at-place-dung-o-diem-hen","Dừng ở điểm hẹn","Stop at the meeting point.","transport","stop-at-place","beginner","english-to-vietnamese|vietnamese-to-english|missing-token|city-destination|distractor","planned","approved"
"vpe-need-item-toi-can-nuoc-suoi","Tôi cần nước suối","I need bottled water.","food-drink","need-item","beginner","english-to-vietnamese|vietnamese-to-english|missing-token|distractor","planned","approved"
"vpe-buy-item-toi-muon-mua-nuoc-suoi","Tôi muốn mua nước suối","I want to buy bottled water.","food-drink","buy-item","beginner","english-to-vietnamese|vietnamese-to-english|missing-token|distractor","planned","approved"
"vpe-price-item-nuoc-suoi-bao-nhieu-tien","nước suối bao nhiêu tiền?","How much is bottled water?","money-numbers-prices","price-item","beginner","english-to-vietnamese|vietnamese-to-english|missing-token|distractor|likely-reply","planned","approved"
"vpe-need-item-toi-can-nuoc-loc","Tôi cần nước lọc","I need filtered water.","food-drink","need-item","beginner","english-to-vietnamese|vietnamese-to-english|missing-token|distractor","planned","approved"
"vpe-have-item-co-nuoc-loc-khong","Có nước lọc không?","Do you have filtered water?","food-drink","have-item","beginner","english-to-vietnamese|vietnamese-to-english|missing-token|distractor|likely-reply","planned","approved"
"vpe-buy-item-toi-muon-mua-nuoc-loc","Tôi muốn mua nước lọc","I want to buy filtered water.","food-drink","buy-item","beginner","english-to-vietnamese|vietnamese-to-english|missing-token|distractor","planned","approved"
"vpe-price-item-nuoc-loc-bao-nhieu-tien","nước lọc bao nhiêu tiền?","How much is filtered water?","money-numbers-prices","price-item","beginner","english-to-vietnamese|vietnamese-to-english|missing-token|distractor|likely-reply","planned","approved"
"vpe-need-item-toi-can-nuoc-nong","Tôi cần nước nóng","I need hot water.","food-drink","need-item","beginner","english-to-vietnamese|vietnamese-to-english|missing-token|distractor","planned","approved"
"vpe-have-item-co-nuoc-nong-khong","Có nước nóng không?","Do you have hot water?","food-drink","have-item","beginner","english-to-vietnamese|vietnamese-to-english|missing-token|distractor|likely-reply","planned","approved"
"vpe-buy-item-toi-muon-mua-nuoc-nong","Tôi muốn mua nước nóng","I want to buy hot water.","food-drink","buy-item","beginner","english-to-vietnamese|vietnamese-to-english|missing-token|distractor","planned","approved"
"vpe-price-item-nuoc-nong-bao-nhieu-tien","nước nóng bao nhiêu tiền?","How much is hot water?","money-numbers-prices","price-item","beginner","english-to-vietnamese|vietnamese-to-english|missing-token|distractor|likely-reply","planned","approved"
"vpe-need-item-toi-can-da","Tôi cần đá","I need ice.","food-drink","need-item","beginner","english-to-vietnamese|vietnamese-to-english|missing-token|distractor","planned","approved"
"vpe-have-item-co-da-khong","Có đá không?","Do you have ice?","food-drink","have-item","beginner","english-to-vietnamese|vietnamese-to-english|missing-token|distractor|likely-reply","planned","approved"
"vpe-buy-item-toi-muon-mua-da","Tôi muốn mua đá","I want to buy ice.","food-drink","buy-item","beginner","english-to-vietnamese|vietnamese-to-english|missing-token|distractor","planned","approved"
"vpe-price-item-da-bao-nhieu-tien","đá bao nhiêu tiền?","How much is ice?","money-numbers-prices","price-item","beginner","english-to-vietnamese|vietnamese-to-english|missing-token|distractor|likely-reply","planned","approved"
"vpe-have-item-co-khan-giay-khong","Có khăn giấy không?","Do you have tissues?","bathroom-personal-needs","have-item","beginner","english-to-vietnamese|vietnamese-to-english|missing-token|distractor|likely-reply","planned","approved"
"vpe-buy-item-toi-muon-mua-khan-giay","Tôi muốn mua khăn giấy","I want to buy tissues.","shopping","buy-item","beginner","english-to-vietnamese|vietnamese-to-english|missing-token|distractor","planned","approved"
"vpe-price-item-khan-giay-bao-nhieu-tien","khăn giấy bao nhiêu tiền?","How much is tissues?","money-numbers-prices","price-item","beginner","english-to-vietnamese|vietnamese-to-english|missing-token|distractor|likely-reply","planned","approved"
"vpe-need-item-toi-can-giay-ve-sinh","Tôi cần giấy vệ sinh","I need toilet paper.","bathroom-personal-needs","need-item","beginner","english-to-vietnamese|vietnamese-to-english|missing-token|distractor","planned","approved"
"vpe-buy-item-toi-muon-mua-giay-ve-sinh","Tôi muốn mua giấy vệ sinh","I want to buy toilet paper.","shopping","buy-item","beginner","english-to-vietnamese|vietnamese-to-english|missing-token|distractor","planned","approved"
"vpe-price-item-giay-ve-sinh-bao-nhieu-tien","giấy vệ sinh bao nhiêu tiền?","How much is toilet paper?","money-numbers-prices","price-item","beginner","english-to-vietnamese|vietnamese-to-english|missing-token|distractor|likely-reply","planned","approved"
"vpe-need-item-toi-can-xa-phong","Tôi cần xà phòng","I need soap.","bathroom-personal-needs","need-item","beginner","english-to-vietnamese|vietnamese-to-english|missing-token|distractor","planned","approved"
"vpe-buy-item-toi-muon-mua-xa-phong","Tôi muốn mua xà phòng","I want to buy soap.","shopping","buy-item","beginner","english-to-vietnamese|vietnamese-to-english|missing-token|distractor","planned","approved"
"vpe-price-item-xa-phong-bao-nhieu-tien","xà phòng bao nhiêu tiền?","How much is soap?","money-numbers-prices","price-item","beginner","english-to-vietnamese|vietnamese-to-english|missing-token|distractor|likely-reply","planned","approved"
"vpe-have-item-co-kem-chong-nang-khong","Có kem chống nắng không?","Do you have sunscreen?","shopping","have-item","beginner","english-to-vietnamese|vietnamese-to-english|missing-token|distractor|likely-reply","planned","approved"
"vpe-buy-item-toi-muon-mua-kem-chong-nang","Tôi muốn mua kem chống nắng","I want to buy sunscreen.","shopping","buy-item","beginner","english-to-vietnamese|vietnamese-to-english|missing-token|distractor","planned","approved"
"vpe-price-item-kem-chong-nang-bao-nhieu-tien","kem chống nắng bao nhiêu tiền?","How much is sunscreen?","money-numbers-prices","price-item","beginner","english-to-vietnamese|vietnamese-to-english|missing-token|distractor|likely-reply","planned","approved"
"vpe-need-item-toi-can-thuoc-dau-dau","Tôi cần thuốc đau đầu","I need headache medicine.","health-pharmacy","need-item","beginner","english-to-vietnamese|vietnamese-to-english|missing-token|distractor","planned","approved"
"vpe-have-item-co-thuoc-dau-dau-khong","Có thuốc đau đầu không?","Do you have headache medicine?","health-pharmacy","have-item","beginner","english-to-vietnamese|vietnamese-to-english|missing-token|distractor|likely-reply","planned","approved"
"vpe-buy-item-toi-muon-mua-thuoc-dau-dau","Tôi muốn mua thuốc đau đầu","I want to buy headache medicine.","shopping","buy-item","beginner","english-to-vietnamese|vietnamese-to-english|missing-token|distractor","planned","approved"
"vpe-price-item-thuoc-dau-dau-bao-nhieu-tien","thuốc đau đầu bao nhiêu tiền?","How much is headache medicine?","money-numbers-prices","price-item","beginner","english-to-vietnamese|vietnamese-to-english|missing-token|distractor|likely-reply","planned","approved"
"vpe-need-item-toi-can-thuoc-dau-bung","Tôi cần thuốc đau bụng","I need stomach medicine.","health-pharmacy","need-item","beginner","english-to-vietnamese|vietnamese-to-english|missing-token|distractor","planned","approved"
"vpe-have-item-co-thuoc-dau-bung-khong","Có thuốc đau bụng không?","Do you have stomach medicine?","health-pharmacy","have-item","beginner","english-to-vietnamese|vietnamese-to-english|missing-token|distractor|likely-reply","planned","approved"
"vpe-buy-item-toi-muon-mua-thuoc-dau-bung","Tôi muốn mua thuốc đau bụng","I want to buy stomach medicine.","shopping","buy-item","beginner","english-to-vietnamese|vietnamese-to-english|missing-token|distractor","planned","approved"
"vpe-price-item-thuoc-dau-bung-bao-nhieu-tien","thuốc đau bụng bao nhiêu tiền?","How much is stomach medicine?","money-numbers-prices","price-item","beginner","english-to-vietnamese|vietnamese-to-english|missing-token|distractor|likely-reply","planned","approved"
"vpe-need-item-toi-can-thuoc-say-xe","Tôi cần thuốc say xe","I need motion-sickness medicine.","health-pharmacy","need-item","beginner","english-to-vietnamese|vietnamese-to-english|missing-token|distractor","planned","approved"
"vpe-buy-item-toi-muon-mua-thuoc-say-xe","Tôi muốn mua thuốc say xe","I want to buy motion-sickness medicine.","shopping","buy-item","beginner","english-to-vietnamese|vietnamese-to-english|missing-token|distractor","planned","approved"
"vpe-price-item-thuoc-say-xe-bao-nhieu-tien","thuốc say xe bao nhiêu tiền?","How much is motion-sickness medicine?","money-numbers-prices","price-item","beginner","english-to-vietnamese|vietnamese-to-english|missing-token|distractor|likely-reply","planned","approved"
"vpe-need-item-toi-can-bang-ca-nhan","Tôi cần băng cá nhân","I need bandages.","health-pharmacy","need-item","beginner","english-to-vietnamese|vietnamese-to-english|missing-token|distractor","planned","approved"
"vpe-have-item-co-bang-ca-nhan-khong","Có băng cá nhân không?","Do you have bandages?","health-pharmacy","have-item","beginner","english-to-vietnamese|vietnamese-to-english|missing-token|distractor|likely-reply","planned","approved"
"vpe-buy-item-toi-muon-mua-bang-ca-nhan","Tôi muốn mua băng cá nhân","I want to buy bandages.","shopping","buy-item","beginner","english-to-vietnamese|vietnamese-to-english|missing-token|distractor","planned","approved"
"vpe-price-item-bang-ca-nhan-bao-nhieu-tien","băng cá nhân bao nhiêu tiền?","How much is bandages?","money-numbers-prices","price-item","beginner","english-to-vietnamese|vietnamese-to-english|missing-token|distractor|likely-reply","planned","approved"
"vpe-need-item-toi-can-khau-trang","Tôi cần khẩu trang","I need a face mask.","health-pharmacy","need-item","beginner","english-to-vietnamese|vietnamese-to-english|missing-token|distractor","planned","approved"
"vpe-have-item-co-khau-trang-khong","Có khẩu trang không?","Do you have a face mask?","health-pharmacy","have-item","beginner","english-to-vietnamese|vietnamese-to-english|missing-token|distractor|likely-reply","planned","approved"
"vpe-buy-item-toi-muon-mua-khau-trang","Tôi muốn mua khẩu trang","I want to buy a face mask.","shopping","buy-item","beginner","english-to-vietnamese|vietnamese-to-english|missing-token|distractor","planned","approved"
"vpe-price-item-khau-trang-bao-nhieu-tien","khẩu trang bao nhiêu tiền?","How much is a face mask?","money-numbers-prices","price-item","beginner","english-to-vietnamese|vietnamese-to-english|missing-token|distractor|likely-reply","planned","approved"
"vpe-need-item-toi-can-sac-dien-thoai","Tôi cần sạc điện thoại","I need a phone charger.","phone-internet-power","need-item","beginner","english-to-vietnamese|vietnamese-to-english|missing-token|distractor","planned","approved"
"vpe-have-item-co-sac-dien-thoai-khong","Có sạc điện thoại không?","Do you have a phone charger?","phone-internet-power","have-item","beginner","english-to-vietnamese|vietnamese-to-english|missing-token|distractor|likely-reply","planned","approved"
"vpe-buy-item-toi-muon-mua-sac-dien-thoai","Tôi muốn mua sạc điện thoại","I want to buy a phone charger.","shopping","buy-item","beginner","english-to-vietnamese|vietnamese-to-english|missing-token|distractor","planned","approved"
"vpe-price-item-sac-dien-thoai-bao-nhieu-tien","sạc điện thoại bao nhiêu tiền?","How much is a phone charger?","money-numbers-prices","price-item","beginner","english-to-vietnamese|vietnamese-to-english|missing-token|distractor|likely-reply","planned","approved"
"vpe-need-item-toi-can-day-sac","Tôi cần dây sạc","I need a charging cable.","phone-internet-power","need-item","beginner","english-to-vietnamese|vietnamese-to-english|missing-token|distractor","planned","approved"
"vpe-have-item-co-day-sac-khong","Có dây sạc không?","Do you have a charging cable?","phone-internet-power","have-item","beginner","english-to-vietnamese|vietnamese-to-english|missing-token|distractor|likely-reply","planned","approved"
"vpe-buy-item-toi-muon-mua-day-sac","Tôi muốn mua dây sạc","I want to buy a charging cable.","shopping","buy-item","beginner","english-to-vietnamese|vietnamese-to-english|missing-token|distractor","planned","approved"
"vpe-price-item-day-sac-bao-nhieu-tien","dây sạc bao nhiêu tiền?","How much is a charging cable?","money-numbers-prices","price-item","beginner","english-to-vietnamese|vietnamese-to-english|missing-token|distractor|likely-reply","planned","approved"
"vpe-need-item-toi-can-pin-du-phong","Tôi cần pin dự phòng","I need a power bank.","phone-internet-power","need-item","beginner","english-to-vietnamese|vietnamese-to-english|missing-token|distractor","planned","approved"
"vpe-have-item-co-pin-du-phong-khong","Có pin dự phòng không?","Do you have a power bank?","phone-internet-power","have-item","beginner","english-to-vietnamese|vietnamese-to-english|missing-token|distractor|likely-reply","planned","approved"
"vpe-buy-item-toi-muon-mua-pin-du-phong","Tôi muốn mua pin dự phòng","I want to buy a power bank.","shopping","buy-item","beginner","english-to-vietnamese|vietnamese-to-english|missing-token|distractor","planned","approved"
"vpe-price-item-pin-du-phong-bao-nhieu-tien","pin dự phòng bao nhiêu tiền?","How much is a power bank?","money-numbers-prices","price-item","beginner","english-to-vietnamese|vietnamese-to-english|missing-token|distractor|likely-reply","planned","approved"
"vpe-need-item-toi-can-the-sim","Tôi cần thẻ SIM","I need a SIM card.","phone-internet-power","need-item","beginner","english-to-vietnamese|vietnamese-to-english|missing-token|distractor","planned","approved"
"vpe-have-item-co-the-sim-khong","Có thẻ SIM không?","Do you have a SIM card?","phone-internet-power","have-item","beginner","english-to-vietnamese|vietnamese-to-english|missing-token|distractor|likely-reply","planned","approved"
"vpe-buy-item-toi-muon-mua-the-sim","Tôi muốn mua thẻ SIM","I want to buy a SIM card.","shopping","buy-item","beginner","english-to-vietnamese|vietnamese-to-english|missing-token|distractor","planned","approved"
"vpe-price-item-the-sim-bao-nhieu-tien","thẻ SIM bao nhiêu tiền?","How much is a SIM card?","money-numbers-prices","price-item","beginner","english-to-vietnamese|vietnamese-to-english|missing-token|distractor|likely-reply","planned","approved"
"vpe-need-item-toi-can-goi-data","Tôi cần gói data","I need a data package.","phone-internet-power","need-item","beginner","english-to-vietnamese|vietnamese-to-english|missing-token|distractor","planned","approved"
"vpe-have-item-co-goi-data-khong","Có gói data không?","Do you have a data package?","phone-internet-power","have-item","beginner","english-to-vietnamese|vietnamese-to-english|missing-token|distractor|likely-reply","planned","approved"
"vpe-buy-item-toi-muon-mua-goi-data","Tôi muốn mua gói data","I want to buy a data package.","shopping","buy-item","beginner","english-to-vietnamese|vietnamese-to-english|missing-token|distractor","planned","approved"
"vpe-price-item-goi-data-bao-nhieu-tien","gói data bao nhiêu tiền?","How much is a data package?","money-numbers-prices","price-item","beginner","english-to-vietnamese|vietnamese-to-english|missing-token|distractor|likely-reply","planned","approved"
"vpe-need-item-toi-can-wi-fi","Tôi cần Wi-Fi","I need Wi-Fi.","phone-internet-power","need-item","beginner","english-to-vietnamese|vietnamese-to-english|missing-token|distractor","planned","approved"
"vpe-have-item-co-wi-fi-khong","Có Wi-Fi không?","Do you have Wi-Fi?","phone-internet-power","have-item","beginner","english-to-vietnamese|vietnamese-to-english|missing-token|distractor|likely-reply","planned","approved"
"vpe-buy-item-toi-muon-mua-wi-fi","Tôi muốn mua Wi-Fi","I want to buy Wi-Fi.","shopping","buy-item","beginner","english-to-vietnamese|vietnamese-to-english|missing-token|distractor","planned","approved"
"vpe-price-item-wi-fi-bao-nhieu-tien","Wi-Fi bao nhiêu tiền?","How much is Wi-Fi?","money-numbers-prices","price-item","beginner","english-to-vietnamese|vietnamese-to-english|missing-token|distractor|likely-reply","planned","approved"
"vpe-need-item-toi-can-mat-khau-wi-fi","Tôi cần mật khẩu Wi-Fi","I need the Wi-Fi password.","phone-internet-power","need-item","beginner","english-to-vietnamese|vietnamese-to-english|missing-token|distractor","planned","approved"
"vpe-have-item-co-mat-khau-wi-fi-khong","Có mật khẩu Wi-Fi không?","Do you have the Wi-Fi password?","phone-internet-power","have-item","beginner","english-to-vietnamese|vietnamese-to-english|missing-token|distractor|likely-reply","planned","approved"
"vpe-buy-item-toi-muon-mua-mat-khau-wi-fi","Tôi muốn mua mật khẩu Wi-Fi","I want to buy the Wi-Fi password.","shopping","buy-item","beginner","english-to-vietnamese|vietnamese-to-english|missing-token|distractor","planned","approved"
"vpe-price-item-mat-khau-wi-fi-bao-nhieu-tien","mật khẩu Wi-Fi bao nhiêu tiền?","How much is the Wi-Fi password?","money-numbers-prices","price-item","beginner","english-to-vietnamese|vietnamese-to-english|missing-token|distractor|likely-reply","planned","approved"
"vpe-need-item-toi-can-ban-do-giay","Tôi cần bản đồ giấy","I need a paper map.","sightseeing-activities","need-item","beginner","english-to-vietnamese|vietnamese-to-english|missing-token|distractor","planned","approved"
"vpe-have-item-co-ban-do-giay-khong","Có bản đồ giấy không?","Do you have a paper map?","sightseeing-activities","have-item","beginner","english-to-vietnamese|vietnamese-to-english|missing-token|distractor|likely-reply","planned","approved"
"vpe-buy-item-toi-muon-mua-ban-do-giay","Tôi muốn mua bản đồ giấy","I want to buy a paper map.","shopping","buy-item","beginner","english-to-vietnamese|vietnamese-to-english|missing-token|distractor","planned","approved"
"vpe-price-item-ban-do-giay-bao-nhieu-tien","bản đồ giấy bao nhiêu tiền?","How much is a paper map?","money-numbers-prices","price-item","beginner","english-to-vietnamese|vietnamese-to-english|missing-token|distractor|likely-reply","planned","approved"
"vpe-need-item-toi-can-hoa-don","Tôi cần hóa đơn","I need a receipt.","money-numbers-prices","need-item","beginner","english-to-vietnamese|vietnamese-to-english|missing-token|distractor","planned","approved"
"vpe-have-item-co-hoa-don-khong","Có hóa đơn không?","Do you have a receipt?","money-numbers-prices","have-item","beginner","english-to-vietnamese|vietnamese-to-english|missing-token|distractor|likely-reply","planned","approved"
"vpe-buy-item-toi-muon-mua-hoa-don","Tôi muốn mua hóa đơn","I want to buy a receipt.","shopping","buy-item","beginner","english-to-vietnamese|vietnamese-to-english|missing-token|distractor","planned","approved"
"vpe-price-item-hoa-don-bao-nhieu-tien","hóa đơn bao nhiêu tiền?","How much is a receipt?","money-numbers-prices","price-item","beginner","english-to-vietnamese|vietnamese-to-english|missing-token|distractor|likely-reply","planned","approved"
"vpe-need-item-toi-can-tui-nilon","Tôi cần túi nilon","I need a plastic bag.","shopping","need-item","beginner","english-to-vietnamese|vietnamese-to-english|missing-token|distractor","planned","approved"
"vpe-have-item-co-tui-nilon-khong","Có túi nilon không?","Do you have a plastic bag?","shopping","have-item","beginner","english-to-vietnamese|vietnamese-to-english|missing-token|distractor|likely-reply","planned","approved"
"vpe-buy-item-toi-muon-mua-tui-nilon","Tôi muốn mua túi nilon","I want to buy a plastic bag.","shopping","buy-item","beginner","english-to-vietnamese|vietnamese-to-english|missing-token|distractor","planned","approved"
"vpe-price-item-tui-nilon-bao-nhieu-tien","túi nilon bao nhiêu tiền?","How much is a plastic bag?","money-numbers-prices","price-item","beginner","english-to-vietnamese|vietnamese-to-english|missing-token|distractor|likely-reply","planned","approved"
"vpe-need-item-toi-can-tui-giay","Tôi cần túi giấy","I need a paper bag.","shopping","need-item","beginner","english-to-vietnamese|vietnamese-to-english|missing-token|distractor","planned","approved"
"vpe-have-item-co-tui-giay-khong","Có túi giấy không?","Do you have a paper bag?","shopping","have-item","beginner","english-to-vietnamese|vietnamese-to-english|missing-token|distractor|likely-reply","planned","approved"
"vpe-buy-item-toi-muon-mua-tui-giay","Tôi muốn mua túi giấy","I want to buy a paper bag.","shopping","buy-item","beginner","english-to-vietnamese|vietnamese-to-english|missing-token|distractor","planned","approved"
"vpe-price-item-tui-giay-bao-nhieu-tien","túi giấy bao nhiêu tiền?","How much is a paper bag?","money-numbers-prices","price-item","beginner","english-to-vietnamese|vietnamese-to-english|missing-token|distractor|likely-reply","planned","approved"
"vpe-need-item-toi-can-thia","Tôi cần thìa","I need a spoon.","food-drink","need-item","beginner","english-to-vietnamese|vietnamese-to-english|missing-token|distractor","planned","approved"
"vpe-have-item-co-thia-khong","Có thìa không?","Do you have a spoon?","food-drink","have-item","beginner","english-to-vietnamese|vietnamese-to-english|missing-token|distractor|likely-reply","planned","approved"
"vpe-buy-item-toi-muon-mua-thia","Tôi muốn mua thìa","I want to buy a spoon.","food-drink","buy-item","beginner","english-to-vietnamese|vietnamese-to-english|missing-token|distractor","planned","approved"
"vpe-price-item-thia-bao-nhieu-tien","thìa bao nhiêu tiền?","How much is a spoon?","money-numbers-prices","price-item","beginner","english-to-vietnamese|vietnamese-to-english|missing-token|distractor|likely-reply","planned","approved"
"vpe-need-item-toi-can-dua","Tôi cần đũa","I need chopsticks.","food-drink","need-item","beginner","english-to-vietnamese|vietnamese-to-english|missing-token|distractor","planned","approved"
"vpe-have-item-co-dua-khong","Có đũa không?","Do you have chopsticks?","food-drink","have-item","beginner","english-to-vietnamese|vietnamese-to-english|missing-token|distractor|likely-reply","planned","approved"
"vpe-buy-item-toi-muon-mua-dua","Tôi muốn mua đũa","I want to buy chopsticks.","food-drink","buy-item","beginner","english-to-vietnamese|vietnamese-to-english|missing-token|distractor","planned","approved"
"vpe-price-item-dua-bao-nhieu-tien","đũa bao nhiêu tiền?","How much is chopsticks?","money-numbers-prices","price-item","beginner","english-to-vietnamese|vietnamese-to-english|missing-token|distractor|likely-reply","planned","approved"
"vpe-need-item-toi-can-ong-hut","Tôi cần ống hút","I need a straw.","food-drink","need-item","beginner","english-to-vietnamese|vietnamese-to-english|missing-token|distractor","planned","approved"
"vpe-have-item-co-ong-hut-khong","Có ống hút không?","Do you have a straw?","food-drink","have-item","beginner","english-to-vietnamese|vietnamese-to-english|missing-token|distractor|likely-reply","planned","approved"
"vpe-buy-item-toi-muon-mua-ong-hut","Tôi muốn mua ống hút","I want to buy a straw.","food-drink","buy-item","beginner","english-to-vietnamese|vietnamese-to-english|missing-token|distractor","planned","approved"
"vpe-price-item-ong-hut-bao-nhieu-tien","ống hút bao nhiêu tiền?","How much is a straw?","money-numbers-prices","price-item","beginner","english-to-vietnamese|vietnamese-to-english|missing-token|distractor|likely-reply","planned","approved"
"vpe-need-item-toi-can-thuc-don-tieng-anh","Tôi cần thực đơn tiếng Anh","I need an English menu.","food-drink","need-item","beginner","english-to-vietnamese|vietnamese-to-english|missing-token|distractor","planned","approved"
"vpe-have-item-co-thuc-don-tieng-anh-khong","Có thực đơn tiếng Anh không?","Do you have an English menu?","food-drink","have-item","beginner","english-to-vietnamese|vietnamese-to-english|missing-token|distractor|likely-reply","planned","approved"
"vpe-buy-item-toi-muon-mua-thuc-don-tieng-anh","Tôi muốn mua thực đơn tiếng Anh","I want to buy an English menu.","food-drink","buy-item","beginner","english-to-vietnamese|vietnamese-to-english|missing-token|distractor","planned","approved"
"vpe-price-item-thuc-don-tieng-anh-bao-nhieu-tien","thực đơn tiếng Anh bao nhiêu tiền?","How much is an English menu?","money-numbers-prices","price-item","beginner","english-to-vietnamese|vietnamese-to-english|missing-token|distractor|likely-reply","planned","approved"
"vpe-need-item-toi-can-ca-phe-sua-da","Tôi cần cà phê sữa đá","I need iced milk coffee.","food-drink","need-item","beginner","english-to-vietnamese|vietnamese-to-english|missing-token|distractor","planned","approved"
"vpe-have-item-co-ca-phe-sua-da-khong","Có cà phê sữa đá không?","Do you have iced milk coffee?","food-drink","have-item","beginner","english-to-vietnamese|vietnamese-to-english|missing-token|distractor|likely-reply","planned","approved"
"vpe-buy-item-toi-muon-mua-ca-phe-sua-da","Tôi muốn mua cà phê sữa đá","I want to buy iced milk coffee.","food-drink","buy-item","beginner","english-to-vietnamese|vietnamese-to-english|missing-token|distractor","planned","approved"
"vpe-price-item-ca-phe-sua-da-bao-nhieu-tien","cà phê sữa đá bao nhiêu tiền?","How much is iced milk coffee?","money-numbers-prices","price-item","beginner","english-to-vietnamese|vietnamese-to-english|missing-token|distractor|likely-reply","planned","approved"
"vpe-need-item-toi-can-ca-phe-den","Tôi cần cà phê đen","I need black coffee.","food-drink","need-item","beginner","english-to-vietnamese|vietnamese-to-english|missing-token|distractor","planned","approved"
"vpe-have-item-co-ca-phe-den-khong","Có cà phê đen không?","Do you have black coffee?","food-drink","have-item","beginner","english-to-vietnamese|vietnamese-to-english|missing-token|distractor|likely-reply","planned","approved"
"vpe-buy-item-toi-muon-mua-ca-phe-den","Tôi muốn mua cà phê đen","I want to buy black coffee.","food-drink","buy-item","beginner","english-to-vietnamese|vietnamese-to-english|missing-token|distractor","planned","approved"
"vpe-price-item-ca-phe-den-bao-nhieu-tien","cà phê đen bao nhiêu tiền?","How much is black coffee?","money-numbers-prices","price-item","beginner","english-to-vietnamese|vietnamese-to-english|missing-token|distractor|likely-reply","planned","approved"
"vpe-need-item-toi-can-tra-da","Tôi cần trà đá","I need iced tea.","food-drink","need-item","beginner","english-to-vietnamese|vietnamese-to-english|missing-token|distractor","planned","approved"
"vpe-have-item-co-tra-da-khong","Có trà đá không?","Do you have iced tea?","food-drink","have-item","beginner","english-to-vietnamese|vietnamese-to-english|missing-token|distractor|likely-reply","planned","approved"
"vpe-buy-item-toi-muon-mua-tra-da","Tôi muốn mua trà đá","I want to buy iced tea.","food-drink","buy-item","beginner","english-to-vietnamese|vietnamese-to-english|missing-token|distractor","planned","approved"
"vpe-price-item-tra-da-bao-nhieu-tien","trà đá bao nhiêu tiền?","How much is iced tea?","money-numbers-prices","price-item","beginner","english-to-vietnamese|vietnamese-to-english|missing-token|distractor|likely-reply","planned","approved"
"vpe-need-item-toi-can-com-trang","Tôi cần cơm trắng","I need plain rice.","food-drink","need-item","beginner","english-to-vietnamese|vietnamese-to-english|missing-token|distractor","planned","approved"
"vpe-have-item-co-com-trang-khong","Có cơm trắng không?","Do you have plain rice?","food-drink","have-item","beginner","english-to-vietnamese|vietnamese-to-english|missing-token|distractor|likely-reply","planned","approved"
"vpe-buy-item-toi-muon-mua-com-trang","Tôi muốn mua cơm trắng","I want to buy plain rice.","food-drink","buy-item","beginner","english-to-vietnamese|vietnamese-to-english|missing-token|distractor","planned","approved"
"vpe-price-item-com-trang-bao-nhieu-tien","cơm trắng bao nhiêu tiền?","How much is plain rice?","money-numbers-prices","price-item","beginner","english-to-vietnamese|vietnamese-to-english|missing-token|distractor|likely-reply","planned","approved"
"vpe-need-item-toi-can-nuoc-mam","Tôi cần nước mắm","I need fish sauce.","food-drink","need-item","beginner","english-to-vietnamese|vietnamese-to-english|missing-token|distractor","planned","approved"
"vpe-have-item-co-nuoc-mam-khong","Có nước mắm không?","Do you have fish sauce?","food-drink","have-item","beginner","english-to-vietnamese|vietnamese-to-english|missing-token|distractor|likely-reply","planned","approved"
"vpe-buy-item-toi-muon-mua-nuoc-mam","Tôi muốn mua nước mắm","I want to buy fish sauce.","food-drink","buy-item","beginner","english-to-vietnamese|vietnamese-to-english|missing-token|distractor","planned","approved"
"vpe-price-item-nuoc-mam-bao-nhieu-tien","nước mắm bao nhiêu tiền?","How much is fish sauce?","money-numbers-prices","price-item","beginner","english-to-vietnamese|vietnamese-to-english|missing-token|distractor|likely-reply","planned","approved"
"vpe-need-item-toi-can-tuong-ot","Tôi cần tương ớt","I need chili sauce.","food-drink","need-item","beginner","english-to-vietnamese|vietnamese-to-english|missing-token|distractor","planned","approved"
"vpe-have-item-co-tuong-ot-khong","Có tương ớt không?","Do you have chili sauce?","food-drink","have-item","beginner","english-to-vietnamese|vietnamese-to-english|missing-token|distractor|likely-reply","planned","approved"
"vpe-buy-item-toi-muon-mua-tuong-ot","Tôi muốn mua tương ớt","I want to buy chili sauce.","food-drink","buy-item","beginner","english-to-vietnamese|vietnamese-to-english|missing-token|distractor","planned","approved"
"vpe-price-item-tuong-ot-bao-nhieu-tien","tương ớt bao nhiêu tiền?","How much is chili sauce?","money-numbers-prices","price-item","beginner","english-to-vietnamese|vietnamese-to-english|missing-token|distractor|likely-reply","planned","approved"
"vpe-need-item-toi-can-rau-song","Tôi cần rau sống","I need fresh herbs.","food-drink","need-item","beginner","english-to-vietnamese|vietnamese-to-english|missing-token|distractor","planned","approved"
"vpe-have-item-co-rau-song-khong","Có rau sống không?","Do you have fresh herbs?","food-drink","have-item","beginner","english-to-vietnamese|vietnamese-to-english|missing-token|distractor|likely-reply","planned","approved"
"vpe-buy-item-toi-muon-mua-rau-song","Tôi muốn mua rau sống","I want to buy fresh herbs.","food-drink","buy-item","beginner","english-to-vietnamese|vietnamese-to-english|missing-token|distractor","planned","approved"
"vpe-price-item-rau-song-bao-nhieu-tien","rau sống bao nhiêu tiền?","How much is fresh herbs?","money-numbers-prices","price-item","beginner","english-to-vietnamese|vietnamese-to-english|missing-token|distractor|likely-reply","planned","approved"
"vpe-need-item-toi-can-do-chay","Tôi cần đồ chay","I need vegetarian food.","food-drink","need-item","beginner","english-to-vietnamese|vietnamese-to-english|missing-token|distractor","planned","approved"
"vpe-have-item-co-do-chay-khong","Có đồ chay không?","Do you have vegetarian food?","food-drink","have-item","beginner","english-to-vietnamese|vietnamese-to-english|missing-token|distractor|likely-reply","planned","approved"
"vpe-buy-item-toi-muon-mua-do-chay","Tôi muốn mua đồ chay","I want to buy vegetarian food.","food-drink","buy-item","beginner","english-to-vietnamese|vietnamese-to-english|missing-token|distractor","planned","approved"
"vpe-price-item-do-chay-bao-nhieu-tien","đồ chay bao nhiêu tiền?","How much is vegetarian food?","money-numbers-prices","price-item","beginner","english-to-vietnamese|vietnamese-to-english|missing-token|distractor|likely-reply","planned","approved"
"vpe-need-item-toi-can-ve-mot-chieu","Tôi cần vé một chiều","I need a one-way ticket.","transport","need-item","beginner","english-to-vietnamese|vietnamese-to-english|missing-token|distractor","planned","approved"
"vpe-have-item-co-ve-mot-chieu-khong","Có vé một chiều không?","Do you have a one-way ticket?","transport","have-item","beginner","english-to-vietnamese|vietnamese-to-english|missing-token|distractor|likely-reply","planned","approved"
"vpe-buy-item-toi-muon-mua-ve-mot-chieu","Tôi muốn mua vé một chiều","I want to buy a one-way ticket.","shopping","buy-item","beginner","english-to-vietnamese|vietnamese-to-english|missing-token|distractor","planned","approved"
"vpe-price-item-ve-mot-chieu-bao-nhieu-tien","vé một chiều bao nhiêu tiền?","How much is a one-way ticket?","money-numbers-prices","price-item","beginner","english-to-vietnamese|vietnamese-to-english|missing-token|distractor|likely-reply","planned","approved"
"vpe-need-item-toi-can-ve-khu-hoi","Tôi cần vé khứ hồi","I need a return ticket.","transport","need-item","beginner","english-to-vietnamese|vietnamese-to-english|missing-token|distractor","planned","approved"
"vpe-have-item-co-ve-khu-hoi-khong","Có vé khứ hồi không?","Do you have a return ticket?","transport","have-item","beginner","english-to-vietnamese|vietnamese-to-english|missing-token|distractor|likely-reply","planned","approved"
"vpe-buy-item-toi-muon-mua-ve-khu-hoi","Tôi muốn mua vé khứ hồi","I want to buy a return ticket.","shopping","buy-item","beginner","english-to-vietnamese|vietnamese-to-english|missing-token|distractor","planned","approved"
"vpe-price-item-ve-khu-hoi-bao-nhieu-tien","vé khứ hồi bao nhiêu tiền?","How much is a return ticket?","money-numbers-prices","price-item","intermediate","english-to-vietnamese|vietnamese-to-english|missing-token|distractor|likely-reply","planned","approved"
"vpe-need-item-toi-can-ve-nguoi-lon","Tôi cần vé người lớn","I need an adult ticket.","time-dates-booking","need-item","beginner","english-to-vietnamese|vietnamese-to-english|missing-token|distractor","planned","approved"
"vpe-have-item-co-ve-nguoi-lon-khong","Có vé người lớn không?","Do you have an adult ticket?","time-dates-booking","have-item","beginner","english-to-vietnamese|vietnamese-to-english|missing-token|distractor|likely-reply","planned","approved"
"vpe-buy-item-toi-muon-mua-ve-nguoi-lon","Tôi muốn mua vé người lớn","I want to buy an adult ticket.","shopping","buy-item","intermediate","english-to-vietnamese|vietnamese-to-english|missing-token|distractor","planned","approved"
"vpe-price-item-ve-nguoi-lon-bao-nhieu-tien","vé người lớn bao nhiêu tiền?","How much is an adult ticket?","money-numbers-prices","price-item","intermediate","english-to-vietnamese|vietnamese-to-english|missing-token|distractor|likely-reply","planned","approved"
"vpe-need-item-toi-can-ve-tre-em","Tôi cần vé trẻ em","I need a child ticket.","time-dates-booking","need-item","beginner","english-to-vietnamese|vietnamese-to-english|missing-token|distractor","planned","approved"
"vpe-have-item-co-ve-tre-em-khong","Có vé trẻ em không?","Do you have a child ticket?","time-dates-booking","have-item","beginner","english-to-vietnamese|vietnamese-to-english|missing-token|distractor|likely-reply","planned","approved"
"vpe-buy-item-toi-muon-mua-ve-tre-em","Tôi muốn mua vé trẻ em","I want to buy a child ticket.","shopping","buy-item","intermediate","english-to-vietnamese|vietnamese-to-english|missing-token|distractor","planned","approved"
"vpe-price-item-ve-tre-em-bao-nhieu-tien","vé trẻ em bao nhiêu tiền?","How much is a child ticket?","money-numbers-prices","price-item","intermediate","english-to-vietnamese|vietnamese-to-english|missing-token|distractor|likely-reply","planned","approved"
"vpe-need-item-toi-can-phong-don","Tôi cần phòng đơn","I need a single room.","hotel-accommodation","need-item","beginner","english-to-vietnamese|vietnamese-to-english|missing-token|distractor","planned","approved"
"vpe-have-item-co-phong-don-khong","Có phòng đơn không?","Do you have a single room?","hotel-accommodation","have-item","beginner","english-to-vietnamese|vietnamese-to-english|missing-token|distractor|likely-reply","planned","approved"
"vpe-buy-item-toi-muon-mua-phong-don","Tôi muốn mua phòng đơn","I want to buy a single room.","shopping","buy-item","beginner","english-to-vietnamese|vietnamese-to-english|missing-token|distractor","planned","approved"
"vpe-price-item-phong-don-bao-nhieu-tien","phòng đơn bao nhiêu tiền?","How much is a single room?","money-numbers-prices","price-item","beginner","english-to-vietnamese|vietnamese-to-english|missing-token|distractor|likely-reply","planned","approved"
"vpe-need-item-toi-can-phong-doi","Tôi cần phòng đôi","I need a double room.","hotel-accommodation","need-item","beginner","english-to-vietnamese|vietnamese-to-english|missing-token|distractor","planned","approved"
"vpe-have-item-co-phong-doi-khong","Có phòng đôi không?","Do you have a double room?","hotel-accommodation","have-item","beginner","english-to-vietnamese|vietnamese-to-english|missing-token|distractor|likely-reply","planned","approved"
"vpe-buy-item-toi-muon-mua-phong-doi","Tôi muốn mua phòng đôi","I want to buy a double room.","shopping","buy-item","beginner","english-to-vietnamese|vietnamese-to-english|missing-token|distractor","planned","approved"
"vpe-price-item-phong-doi-bao-nhieu-tien","phòng đôi bao nhiêu tiền?","How much is a double room?","money-numbers-prices","price-item","beginner","english-to-vietnamese|vietnamese-to-english|missing-token|distractor|likely-reply","planned","approved"
"vpe-need-item-toi-can-khan-tam","Tôi cần khăn tắm","I need a bath towel.","hotel-accommodation","need-item","beginner","english-to-vietnamese|vietnamese-to-english|missing-token|distractor","planned","approved"
"vpe-have-item-co-khan-tam-khong","Có khăn tắm không?","Do you have a bath towel?","hotel-accommodation","have-item","beginner","english-to-vietnamese|vietnamese-to-english|missing-token|distractor|likely-reply","planned","approved"
"vpe-buy-item-toi-muon-mua-khan-tam","Tôi muốn mua khăn tắm","I want to buy a bath towel.","shopping","buy-item","beginner","english-to-vietnamese|vietnamese-to-english|missing-token|distractor","planned","approved"
"vpe-price-item-khan-tam-bao-nhieu-tien","khăn tắm bao nhiêu tiền?","How much is a bath towel?","money-numbers-prices","price-item","beginner","english-to-vietnamese|vietnamese-to-english|missing-token|distractor|likely-reply","planned","approved"
"vpe-need-item-toi-can-chia-khoa-phong","Tôi cần chìa khóa phòng","I need the room key.","hotel-accommodation","need-item","beginner","english-to-vietnamese|vietnamese-to-english|missing-token|distractor","planned","approved"
"vpe-have-item-co-chia-khoa-phong-khong","Có chìa khóa phòng không?","Do you have the room key?","hotel-accommodation","have-item","beginner","english-to-vietnamese|vietnamese-to-english|missing-token|distractor|likely-reply","planned","approved"
"vpe-buy-item-toi-muon-mua-chia-khoa-phong","Tôi muốn mua chìa khóa phòng","I want to buy the room key.","shopping","buy-item","intermediate","english-to-vietnamese|vietnamese-to-english|missing-token|distractor","planned","approved"
"vpe-price-item-chia-khoa-phong-bao-nhieu-tien","chìa khóa phòng bao nhiêu tiền?","How much is the room key?","money-numbers-prices","price-item","intermediate","english-to-vietnamese|vietnamese-to-english|missing-token|distractor|likely-reply","planned","approved"
"vpe-need-item-toi-can-may-say-toc","Tôi cần máy sấy tóc","I need a hair dryer.","hotel-accommodation","need-item","beginner","english-to-vietnamese|vietnamese-to-english|missing-token|distractor","planned","approved"
"vpe-have-item-co-may-say-toc-khong","Có máy sấy tóc không?","Do you have a hair dryer?","hotel-accommodation","have-item","beginner","english-to-vietnamese|vietnamese-to-english|missing-token|distractor|likely-reply","planned","approved"
"vpe-buy-item-toi-muon-mua-may-say-toc","Tôi muốn mua máy sấy tóc","I want to buy a hair dryer.","shopping","buy-item","intermediate","english-to-vietnamese|vietnamese-to-english|missing-token|distractor","planned","approved"
"vpe-price-item-may-say-toc-bao-nhieu-tien","máy sấy tóc bao nhiêu tiền?","How much is a hair dryer?","money-numbers-prices","price-item","intermediate","english-to-vietnamese|vietnamese-to-english|missing-token|distractor|likely-reply","planned","approved"
"vpe-need-item-toi-can-ban-chai-danh-rang","Tôi cần bàn chải đánh răng","I need a toothbrush.","hotel-accommodation","need-item","intermediate","english-to-vietnamese|vietnamese-to-english|missing-token|distractor","planned","approved"
"vpe-have-item-co-ban-chai-danh-rang-khong","Có bàn chải đánh răng không?","Do you have a toothbrush?","hotel-accommodation","have-item","intermediate","english-to-vietnamese|vietnamese-to-english|missing-token|distractor|likely-reply","planned","approved"
"vpe-buy-item-toi-muon-mua-ban-chai-danh-rang","Tôi muốn mua bàn chải đánh răng","I want to buy a toothbrush.","shopping","buy-item","intermediate","english-to-vietnamese|vietnamese-to-english|missing-token|distractor","planned","approved"
"vpe-price-item-ban-chai-danh-rang-bao-nhieu-tien","bàn chải đánh răng bao nhiêu tiền?","How much is a toothbrush?","money-numbers-prices","price-item","intermediate","english-to-vietnamese|vietnamese-to-english|missing-token|distractor|likely-reply","planned","approved"
"vpe-need-item-toi-can-kem-danh-rang","Tôi cần kem đánh răng","I need toothpaste.","hotel-accommodation","need-item","beginner","english-to-vietnamese|vietnamese-to-english|missing-token|distractor","planned","approved"
"vpe-have-item-co-kem-danh-rang-khong","Có kem đánh răng không?","Do you have toothpaste?","hotel-accommodation","have-item","beginner","english-to-vietnamese|vietnamese-to-english|missing-token|distractor|likely-reply","planned","approved"
"vpe-buy-item-toi-muon-mua-kem-danh-rang","Tôi muốn mua kem đánh răng","I want to buy toothpaste.","shopping","buy-item","intermediate","english-to-vietnamese|vietnamese-to-english|missing-token|distractor","planned","approved"
"vpe-price-item-kem-danh-rang-bao-nhieu-tien","kem đánh răng bao nhiêu tiền?","How much is toothpaste?","money-numbers-prices","price-item","intermediate","english-to-vietnamese|vietnamese-to-english|missing-token|distractor|likely-reply","planned","approved"
"vpe-need-item-toi-can-dau-goi","Tôi cần dầu gội","I need shampoo.","hotel-accommodation","need-item","beginner","english-to-vietnamese|vietnamese-to-english|missing-token|distractor","planned","approved"
"vpe-have-item-co-dau-goi-khong","Có dầu gội không?","Do you have shampoo?","hotel-accommodation","have-item","beginner","english-to-vietnamese|vietnamese-to-english|missing-token|distractor|likely-reply","planned","approved"
"vpe-buy-item-toi-muon-mua-dau-goi","Tôi muốn mua dầu gội","I want to buy shampoo.","shopping","buy-item","beginner","english-to-vietnamese|vietnamese-to-english|missing-token|distractor","planned","approved"
"vpe-price-item-dau-goi-bao-nhieu-tien","dầu gội bao nhiêu tiền?","How much is shampoo?","money-numbers-prices","price-item","beginner","english-to-vietnamese|vietnamese-to-english|missing-token|distractor|likely-reply","planned","approved"
"vpe-need-item-toi-can-nuoc-rua-tay","Tôi cần nước rửa tay","I need hand sanitizer.","bathroom-personal-needs","need-item","beginner","english-to-vietnamese|vietnamese-to-english|missing-token|distractor","planned","approved"
"vpe-have-item-co-nuoc-rua-tay-khong","Có nước rửa tay không?","Do you have hand sanitizer?","bathroom-personal-needs","have-item","beginner","english-to-vietnamese|vietnamese-to-english|missing-token|distractor|likely-reply","planned","approved"
"vpe-buy-item-toi-muon-mua-nuoc-rua-tay","Tôi muốn mua nước rửa tay","I want to buy hand sanitizer.","shopping","buy-item","intermediate","english-to-vietnamese|vietnamese-to-english|missing-token|distractor","planned","approved"
"vpe-price-item-nuoc-rua-tay-bao-nhieu-tien","nước rửa tay bao nhiêu tiền?","How much is hand sanitizer?","money-numbers-prices","price-item","intermediate","english-to-vietnamese|vietnamese-to-english|missing-token|distractor|likely-reply","planned","approved"
"vpe-need-item-toi-can-o-che-mua","Tôi cần ô che mưa","I need an umbrella.","shopping","need-item","beginner","english-to-vietnamese|vietnamese-to-english|missing-token|distractor","planned","approved"
"vpe-have-item-co-o-che-mua-khong","Có ô che mưa không?","Do you have an umbrella?","shopping","have-item","beginner","english-to-vietnamese|vietnamese-to-english|missing-token|distractor|likely-reply","planned","approved"
"vpe-buy-item-toi-muon-mua-o-che-mua","Tôi muốn mua ô che mưa","I want to buy an umbrella.","shopping","buy-item","intermediate","english-to-vietnamese|vietnamese-to-english|missing-token|distractor","planned","approved"
"vpe-price-item-o-che-mua-bao-nhieu-tien","ô che mưa bao nhiêu tiền?","How much is an umbrella?","money-numbers-prices","price-item","intermediate","english-to-vietnamese|vietnamese-to-english|missing-token|distractor|likely-reply","planned","approved"
"vpe-need-item-toi-can-ao-mua","Tôi cần áo mưa","I need a rain poncho.","shopping","need-item","beginner","english-to-vietnamese|vietnamese-to-english|missing-token|distractor","planned","approved"
"vpe-have-item-co-ao-mua-khong","Có áo mưa không?","Do you have a rain poncho?","shopping","have-item","beginner","english-to-vietnamese|vietnamese-to-english|missing-token|distractor|likely-reply","planned","approved"
"vpe-buy-item-toi-muon-mua-ao-mua","Tôi muốn mua áo mưa","I want to buy a rain poncho.","shopping","buy-item","beginner","english-to-vietnamese|vietnamese-to-english|missing-token|distractor","planned","approved"
"vpe-price-item-ao-mua-bao-nhieu-tien","áo mưa bao nhiêu tiền?","How much is a rain poncho?","money-numbers-prices","price-item","beginner","english-to-vietnamese|vietnamese-to-english|missing-token|distractor|likely-reply","planned","approved"
"vpe-need-item-toi-can-mu-bao-hiem","Tôi cần mũ bảo hiểm","I need a helmet.","transport","need-item","beginner","english-to-vietnamese|vietnamese-to-english|missing-token|distractor","planned","approved"
"vpe-have-item-co-mu-bao-hiem-khong","Có mũ bảo hiểm không?","Do you have a helmet?","transport","have-item","beginner","english-to-vietnamese|vietnamese-to-english|missing-token|distractor|likely-reply","planned","approved"
"vpe-buy-item-toi-muon-mua-mu-bao-hiem","Tôi muốn mua mũ bảo hiểm","I want to buy a helmet.","shopping","buy-item","intermediate","english-to-vietnamese|vietnamese-to-english|missing-token|distractor","planned","approved"
"vpe-price-item-mu-bao-hiem-bao-nhieu-tien","mũ bảo hiểm bao nhiêu tiền?","How much is a helmet?","money-numbers-prices","price-item","intermediate","english-to-vietnamese|vietnamese-to-english|missing-token|distractor|likely-reply","planned","approved"
"vpe-need-item-toi-can-ve-vao-cua","Tôi cần vé vào cửa","I need an entrance ticket.","time-dates-booking","need-item","beginner","english-to-vietnamese|vietnamese-to-english|missing-token|distractor","planned","approved"
"vpe-have-item-co-ve-vao-cua-khong","Có vé vào cửa không?","Do you have an entrance ticket?","time-dates-booking","have-item","beginner","english-to-vietnamese|vietnamese-to-english|missing-token|distractor|likely-reply","planned","approved"
"vpe-buy-item-toi-muon-mua-ve-vao-cua","Tôi muốn mua vé vào cửa","I want to buy an entrance ticket.","shopping","buy-item","intermediate","english-to-vietnamese|vietnamese-to-english|missing-token|distractor","planned","approved"
"vpe-price-item-ve-vao-cua-bao-nhieu-tien","vé vào cửa bao nhiêu tiền?","How much is an entrance ticket?","money-numbers-prices","price-item","intermediate","english-to-vietnamese|vietnamese-to-english|missing-token|distractor|likely-reply","planned","approved"
"vpe-need-item-toi-can-lich-trinh-tour","Tôi cần lịch trình tour","I need the tour schedule.","sightseeing-activities","need-item","beginner","english-to-vietnamese|vietnamese-to-english|missing-token|distractor","planned","approved"
"vpe-have-item-co-lich-trinh-tour-khong","Có lịch trình tour không?","Do you have the tour schedule?","sightseeing-activities","have-item","beginner","english-to-vietnamese|vietnamese-to-english|missing-token|distractor|likely-reply","planned","approved"
"vpe-buy-item-toi-muon-mua-lich-trinh-tour","Tôi muốn mua lịch trình tour","I want to buy the tour schedule.","shopping","buy-item","intermediate","english-to-vietnamese|vietnamese-to-english|missing-token|distractor","planned","approved"
"vpe-price-item-lich-trinh-tour-bao-nhieu-tien","lịch trình tour bao nhiêu tiền?","How much is the tour schedule?","money-numbers-prices","price-item","intermediate","english-to-vietnamese|vietnamese-to-english|missing-token|distractor|likely-reply","planned","approved"
"vpe-need-item-toi-can-ve-xe-buyt","Tôi cần vé xe buýt","I need a bus ticket.","transport","need-item","beginner","english-to-vietnamese|vietnamese-to-english|missing-token|distractor","planned","approved"
"vpe-have-item-co-ve-xe-buyt-khong","Có vé xe buýt không?","Do you have a bus ticket?","transport","have-item","beginner","english-to-vietnamese|vietnamese-to-english|missing-token|distractor|likely-reply","planned","approved"
"vpe-buy-item-toi-muon-mua-ve-xe-buyt","Tôi muốn mua vé xe buýt","I want to buy a bus ticket.","shopping","buy-item","intermediate","english-to-vietnamese|vietnamese-to-english|missing-token|distractor","planned","approved"
"vpe-price-item-ve-xe-buyt-bao-nhieu-tien","vé xe buýt bao nhiêu tiền?","How much is a bus ticket?","money-numbers-prices","price-item","intermediate","english-to-vietnamese|vietnamese-to-english|missing-token|distractor|likely-reply","planned","approved"
"vpe-need-item-toi-can-ve-tau","Tôi cần vé tàu","I need a train ticket.","transport","need-item","beginner","english-to-vietnamese|vietnamese-to-english|missing-token|distractor","planned","approved"
"vpe-have-item-co-ve-tau-khong","Có vé tàu không?","Do you have a train ticket?","transport","have-item","beginner","english-to-vietnamese|vietnamese-to-english|missing-token|distractor|likely-reply","planned","approved"
"vpe-buy-item-toi-muon-mua-ve-tau","Tôi muốn mua vé tàu","I want to buy a train ticket.","shopping","buy-item","beginner","english-to-vietnamese|vietnamese-to-english|missing-token|distractor","planned","approved"
"vpe-price-item-ve-tau-bao-nhieu-tien","vé tàu bao nhiêu tiền?","How much is a train ticket?","money-numbers-prices","price-item","beginner","english-to-vietnamese|vietnamese-to-english|missing-token|distractor|likely-reply","planned","approved"
"vpe-need-item-toi-can-ve-pha","Tôi cần vé phà","I need a ferry ticket.","transport","need-item","beginner","english-to-vietnamese|vietnamese-to-english|missing-token|distractor","planned","approved"
"vpe-have-item-co-ve-pha-khong","Có vé phà không?","Do you have a ferry ticket?","transport","have-item","beginner","english-to-vietnamese|vietnamese-to-english|missing-token|distractor|likely-reply","planned","approved"
"vpe-buy-item-toi-muon-mua-ve-pha","Tôi muốn mua vé phà","I want to buy a ferry ticket.","shopping","buy-item","beginner","english-to-vietnamese|vietnamese-to-english|missing-token|distractor","planned","approved"
"vpe-price-item-ve-pha-bao-nhieu-tien","vé phà bao nhiêu tiền?","How much is a ferry ticket?","money-numbers-prices","price-item","beginner","english-to-vietnamese|vietnamese-to-english|missing-token|distractor|likely-reply","planned","approved"
"vpe-need-item-toi-can-bien-lai-thanh-toan","Tôi cần biên lai thanh toán","I need payment receipt.","money-numbers-prices","need-item","intermediate","english-to-vietnamese|vietnamese-to-english|missing-token|distractor","planned","approved"
"vpe-have-item-co-bien-lai-thanh-toan-khong","Có biên lai thanh toán không?","Do you have payment receipt?","money-numbers-prices","have-item","intermediate","english-to-vietnamese|vietnamese-to-english|missing-token|distractor|likely-reply","planned","approved"
"vpe-buy-item-toi-muon-mua-bien-lai-thanh-toan","Tôi muốn mua biên lai thanh toán","I want to buy payment receipt.","shopping","buy-item","intermediate","english-to-vietnamese|vietnamese-to-english|missing-token|distractor","planned","approved"
"vpe-price-item-bien-lai-thanh-toan-bao-nhieu-tien","biên lai thanh toán bao nhiêu tiền?","How much is payment receipt?","money-numbers-prices","price-item","intermediate","english-to-vietnamese|vietnamese-to-english|missing-token|distractor|likely-reply","planned","approved"
"vpe-need-item-toi-can-tien-le","Tôi cần tiền lẻ","I need small change.","money-numbers-prices","need-item","beginner","english-to-vietnamese|vietnamese-to-english|missing-token|distractor","planned","approved"
"vpe-buy-item-toi-muon-mua-tien-le","Tôi muốn mua tiền lẻ","I want to buy small change.","shopping","buy-item","beginner","english-to-vietnamese|vietnamese-to-english|missing-token|distractor","planned","approved"
"vpe-price-item-tien-le-bao-nhieu-tien","tiền lẻ bao nhiêu tiền?","How much is small change?","money-numbers-prices","price-item","beginner","english-to-vietnamese|vietnamese-to-english|missing-token|distractor|likely-reply","planned","approved"
"vpe-need-item-toi-can-ma-qr","Tôi cần mã QR","I need a QR code.","money-numbers-prices","need-item","beginner","english-to-vietnamese|vietnamese-to-english|missing-token|distractor","planned","approved"
"vpe-have-item-co-ma-qr-khong","Có mã QR không?","Do you have a QR code?","money-numbers-prices","have-item","beginner","english-to-vietnamese|vietnamese-to-english|missing-token|distractor|likely-reply","planned","approved"
"vpe-buy-item-toi-muon-mua-ma-qr","Tôi muốn mua mã QR","I want to buy a QR code.","shopping","buy-item","beginner","english-to-vietnamese|vietnamese-to-english|missing-token|distractor","planned","approved"
"vpe-price-item-ma-qr-bao-nhieu-tien","mã QR bao nhiêu tiền?","How much is a QR code?","money-numbers-prices","price-item","beginner","english-to-vietnamese|vietnamese-to-english|missing-token|distractor|likely-reply","planned","approved"
"vpe-need-item-toi-can-so-dien-thoai","Tôi cần số điện thoại","I need a phone number.","phone-internet-power","need-item","beginner","english-to-vietnamese|vietnamese-to-english|missing-token|distractor","planned","approved"
"vpe-have-item-co-so-dien-thoai-khong","Có số điện thoại không?","Do you have a phone number?","phone-internet-power","have-item","beginner","english-to-vietnamese|vietnamese-to-english|missing-token|distractor|likely-reply","planned","approved"
"vpe-buy-item-toi-muon-mua-so-dien-thoai","Tôi muốn mua số điện thoại","I want to buy a phone number.","shopping","buy-item","intermediate","english-to-vietnamese|vietnamese-to-english|missing-token|distractor","planned","approved"
"vpe-price-item-so-dien-thoai-bao-nhieu-tien","số điện thoại bao nhiêu tiền?","How much is a phone number?","money-numbers-prices","price-item","intermediate","english-to-vietnamese|vietnamese-to-english|missing-token|distractor|likely-reply","planned","approved"
"vpe-need-item-toi-can-dia-chi","Tôi cần địa chỉ","I need the address.","directions-navigation","need-item","beginner","english-to-vietnamese|vietnamese-to-english|missing-token|distractor","planned","approved"
"vpe-have-item-co-dia-chi-khong","Có địa chỉ không?","Do you have the address?","directions-navigation","have-item","beginner","english-to-vietnamese|vietnamese-to-english|missing-token|distractor|likely-reply","planned","approved"
"vpe-buy-item-toi-muon-mua-dia-chi","Tôi muốn mua địa chỉ","I want to buy the address.","shopping","buy-item","beginner","english-to-vietnamese|vietnamese-to-english|missing-token|distractor","planned","approved"
"vpe-price-item-dia-chi-bao-nhieu-tien","địa chỉ bao nhiêu tiền?","How much is the address?","money-numbers-prices","price-item","beginner","english-to-vietnamese|vietnamese-to-english|missing-token|distractor|likely-reply","planned","approved"
"vpe-need-item-toi-can-ban-sao-ho-chieu","Tôi cần bản sao hộ chiếu","I need a passport copy.","airport-border-arrival","need-item","intermediate","english-to-vietnamese|vietnamese-to-english|missing-token|distractor","planned","approved"
"vpe-have-item-co-ban-sao-ho-chieu-khong","Có bản sao hộ chiếu không?","Do you have a passport copy?","airport-border-arrival","have-item","intermediate","english-to-vietnamese|vietnamese-to-english|missing-token|distractor|likely-reply","planned","approved"
"vpe-buy-item-toi-muon-mua-ban-sao-ho-chieu","Tôi muốn mua bản sao hộ chiếu","I want to buy a passport copy.","shopping","buy-item","intermediate","english-to-vietnamese|vietnamese-to-english|missing-token|distractor","planned","approved"
"vpe-price-item-ban-sao-ho-chieu-bao-nhieu-tien","bản sao hộ chiếu bao nhiêu tiền?","How much is a passport copy?","money-numbers-prices","price-item","intermediate","english-to-vietnamese|vietnamese-to-english|missing-token|distractor|likely-reply","planned","approved"
"vpe-need-item-toi-can-anh-the","Tôi cần ảnh thẻ","I need passport photos.","airport-border-arrival","need-item","beginner","english-to-vietnamese|vietnamese-to-english|missing-token|distractor","planned","approved"
"vpe-have-item-co-anh-the-khong","Có ảnh thẻ không?","Do you have passport photos?","airport-border-arrival","have-item","beginner","english-to-vietnamese|vietnamese-to-english|missing-token|distractor|likely-reply","planned","approved"
"vpe-buy-item-toi-muon-mua-anh-the","Tôi muốn mua ảnh thẻ","I want to buy passport photos.","shopping","buy-item","beginner","english-to-vietnamese|vietnamese-to-english|missing-token|distractor","planned","approved"
"vpe-price-item-anh-the-bao-nhieu-tien","ảnh thẻ bao nhiêu tiền?","How much is passport photos?","money-numbers-prices","price-item","beginner","english-to-vietnamese|vietnamese-to-english|missing-token|distractor|likely-reply","planned","approved"
"vpe-need-item-toi-can-phieu-dat-phong","Tôi cần phiếu đặt phòng","I need the hotel booking voucher.","hotel-accommodation","need-item","beginner","english-to-vietnamese|vietnamese-to-english|missing-token|distractor","planned","approved"
"vpe-have-item-co-phieu-dat-phong-khong","Có phiếu đặt phòng không?","Do you have the hotel booking voucher?","hotel-accommodation","have-item","beginner","english-to-vietnamese|vietnamese-to-english|missing-token|distractor|likely-reply","planned","approved"
"vpe-buy-item-toi-muon-mua-phieu-dat-phong","Tôi muốn mua phiếu đặt phòng","I want to buy the hotel booking voucher.","shopping","buy-item","intermediate","english-to-vietnamese|vietnamese-to-english|missing-token|distractor","planned","approved"
"vpe-price-item-phieu-dat-phong-bao-nhieu-tien","phiếu đặt phòng bao nhiêu tiền?","How much is the hotel booking voucher?","money-numbers-prices","price-item","intermediate","english-to-vietnamese|vietnamese-to-english|missing-token|distractor|likely-reply","planned","approved"
"vpe-need-item-toi-can-ma-dat-cho","Tôi cần mã đặt chỗ","I need the booking code.","time-dates-booking","need-item","beginner","english-to-vietnamese|vietnamese-to-english|missing-token|distractor","planned","approved"
"vpe-have-item-co-ma-dat-cho-khong","Có mã đặt chỗ không?","Do you have the booking code?","time-dates-booking","have-item","beginner","english-to-vietnamese|vietnamese-to-english|missing-token|distractor|likely-reply","planned","approved"
"vpe-buy-item-toi-muon-mua-ma-dat-cho","Tôi muốn mua mã đặt chỗ","I want to buy the booking code.","shopping","buy-item","intermediate","english-to-vietnamese|vietnamese-to-english|missing-token|distractor","planned","approved"
"vpe-price-item-ma-dat-cho-bao-nhieu-tien","mã đặt chỗ bao nhiêu tiền?","How much is the booking code?","money-numbers-prices","price-item","intermediate","english-to-vietnamese|vietnamese-to-english|missing-token|distractor|likely-reply","planned","approved"
"vpe-need-item-toi-can-cho-ngoi-gan-cua-so","Tôi cần chỗ ngồi gần cửa sổ","I need a window seat.","transport","need-item","intermediate","english-to-vietnamese|vietnamese-to-english|missing-token|distractor","planned","approved"
"vpe-have-item-co-cho-ngoi-gan-cua-so-khong","Có chỗ ngồi gần cửa sổ không?","Do you have a window seat?","transport","have-item","intermediate","english-to-vietnamese|vietnamese-to-english|missing-token|distractor|likely-reply","planned","approved"
"vpe-buy-item-toi-muon-mua-cho-ngoi-gan-cua-so","Tôi muốn mua chỗ ngồi gần cửa sổ","I want to buy a window seat.","shopping","buy-item","intermediate","english-to-vietnamese|vietnamese-to-english|missing-token|distractor","planned","approved"
"vpe-price-item-cho-ngoi-gan-cua-so-bao-nhieu-tien","chỗ ngồi gần cửa sổ bao nhiêu tiền?","How much is a window seat?","money-numbers-prices","price-item","intermediate","english-to-vietnamese|vietnamese-to-english|missing-token|distractor|likely-reply","planned","approved"
"vpe-need-item-toi-can-cho-ngoi-canh-loi-di","Tôi cần chỗ ngồi cạnh lối đi","I need an aisle seat.","transport","need-item","intermediate","english-to-vietnamese|vietnamese-to-english|missing-token|distractor","planned","approved"
"vpe-have-item-co-cho-ngoi-canh-loi-di-khong","Có chỗ ngồi cạnh lối đi không?","Do you have an aisle seat?","transport","have-item","intermediate","english-to-vietnamese|vietnamese-to-english|missing-token|distractor|likely-reply","planned","approved"
"vpe-buy-item-toi-muon-mua-cho-ngoi-canh-loi-di","Tôi muốn mua chỗ ngồi cạnh lối đi","I want to buy an aisle seat.","shopping","buy-item","intermediate","english-to-vietnamese|vietnamese-to-english|missing-token|distractor","planned","approved"
"vpe-price-item-cho-ngoi-canh-loi-di-bao-nhieu-tien","chỗ ngồi cạnh lối đi bao nhiêu tiền?","How much is an aisle seat?","money-numbers-prices","price-item","intermediate","english-to-vietnamese|vietnamese-to-english|missing-token|distractor|likely-reply","planned","approved"
"vpe-need-item-toi-can-nuoc-khong-da","Tôi cần nước không đá","I need water without ice.","food-drink","need-item","beginner","english-to-vietnamese|vietnamese-to-english|missing-token|distractor","planned","approved"
"vpe-have-item-co-nuoc-khong-da-khong","Có nước không đá không?","Do you have water without ice?","food-drink","have-item","beginner","english-to-vietnamese|vietnamese-to-english|missing-token|distractor|likely-reply","planned","approved"
"vpe-buy-item-toi-muon-mua-nuoc-khong-da","Tôi muốn mua nước không đá","I want to buy water without ice.","food-drink","buy-item","intermediate","english-to-vietnamese|vietnamese-to-english|missing-token|distractor","planned","approved"
"vpe-price-item-nuoc-khong-da-bao-nhieu-tien","nước không đá bao nhiêu tiền?","How much is water without ice?","money-numbers-prices","price-item","intermediate","english-to-vietnamese|vietnamese-to-english|missing-token|distractor|likely-reply","planned","approved"
"vpe-need-item-toi-can-ca-phe-it-duong","Tôi cần cà phê ít đường","I need coffee with less sugar.","food-drink","need-item","intermediate","english-to-vietnamese|vietnamese-to-english|missing-token|distractor","planned","approved"
"vpe-have-item-co-ca-phe-it-duong-khong","Có cà phê ít đường không?","Do you have coffee with less sugar?","food-drink","have-item","intermediate","english-to-vietnamese|vietnamese-to-english|missing-token|distractor|likely-reply","planned","approved"
"vpe-buy-item-toi-muon-mua-ca-phe-it-duong","Tôi muốn mua cà phê ít đường","I want to buy coffee with less sugar.","food-drink","buy-item","intermediate","english-to-vietnamese|vietnamese-to-english|missing-token|distractor","planned","approved"
"vpe-price-item-ca-phe-it-duong-bao-nhieu-tien","cà phê ít đường bao nhiêu tiền?","How much is coffee with less sugar?","money-numbers-prices","price-item","intermediate","english-to-vietnamese|vietnamese-to-english|missing-token|distractor|likely-reply","planned","approved"
"vpe-need-item-toi-can-mon-khong-cay","Tôi cần món không cay","I need a non-spicy dish.","food-drink","need-item","beginner","english-to-vietnamese|vietnamese-to-english|missing-token|distractor","planned","approved"
"vpe-have-item-co-mon-khong-cay-khong","Có món không cay không?","Do you have a non-spicy dish?","food-drink","have-item","beginner","english-to-vietnamese|vietnamese-to-english|missing-token|distractor|likely-reply","planned","approved"
"vpe-buy-item-toi-muon-mua-mon-khong-cay","Tôi muốn mua món không cay","I want to buy a non-spicy dish.","food-drink","buy-item","intermediate","english-to-vietnamese|vietnamese-to-english|missing-token|distractor","planned","approved"
"vpe-price-item-mon-khong-cay-bao-nhieu-tien","món không cay bao nhiêu tiền?","How much is a non-spicy dish?","money-numbers-prices","price-item","intermediate","english-to-vietnamese|vietnamese-to-english|missing-token|distractor|likely-reply","planned","approved"
"vpe-need-item-toi-can-mon-it-cay","Tôi cần món ít cay","I need a less spicy dish.","food-drink","need-item","beginner","english-to-vietnamese|vietnamese-to-english|missing-token|distractor","planned","approved"
"vpe-have-item-co-mon-it-cay-khong","Có món ít cay không?","Do you have a less spicy dish?","food-drink","have-item","beginner","english-to-vietnamese|vietnamese-to-english|missing-token|distractor|likely-reply","planned","approved"
"vpe-buy-item-toi-muon-mua-mon-it-cay","Tôi muốn mua món ít cay","I want to buy a less spicy dish.","food-drink","buy-item","intermediate","english-to-vietnamese|vietnamese-to-english|missing-token|distractor","planned","approved"
"vpe-price-item-mon-it-cay-bao-nhieu-tien","món ít cay bao nhiêu tiền?","How much is a less spicy dish?","money-numbers-prices","price-item","intermediate","english-to-vietnamese|vietnamese-to-english|missing-token|distractor|likely-reply","planned","approved"
"vpe-need-item-toi-can-sua-dac","Tôi cần sữa đặc","I need condensed milk.","food-drink","need-item","beginner","english-to-vietnamese|vietnamese-to-english|missing-token|distractor","planned","approved"
"vpe-have-item-co-sua-dac-khong","Có sữa đặc không?","Do you have condensed milk?","food-drink","have-item","beginner","english-to-vietnamese|vietnamese-to-english|missing-token|distractor|likely-reply","planned","approved"
"vpe-buy-item-toi-muon-mua-sua-dac","Tôi muốn mua sữa đặc","I want to buy condensed milk.","food-drink","buy-item","beginner","english-to-vietnamese|vietnamese-to-english|missing-token|distractor","planned","approved"
"vpe-price-item-sua-dac-bao-nhieu-tien","sữa đặc bao nhiêu tiền?","How much is condensed milk?","money-numbers-prices","price-item","beginner","english-to-vietnamese|vietnamese-to-english|missing-token|distractor|likely-reply","planned","approved"
"vpe-need-item-toi-can-sua-tuoi","Tôi cần sữa tươi","I need fresh milk.","food-drink","need-item","beginner","english-to-vietnamese|vietnamese-to-english|missing-token|distractor","planned","approved"
"vpe-have-item-co-sua-tuoi-khong","Có sữa tươi không?","Do you have fresh milk?","food-drink","have-item","beginner","english-to-vietnamese|vietnamese-to-english|missing-token|distractor|likely-reply","planned","approved"
"vpe-buy-item-toi-muon-mua-sua-tuoi","Tôi muốn mua sữa tươi","I want to buy fresh milk.","food-drink","buy-item","beginner","english-to-vietnamese|vietnamese-to-english|missing-token|distractor","planned","approved"
"vpe-price-item-sua-tuoi-bao-nhieu-tien","sữa tươi bao nhiêu tiền?","How much is fresh milk?","money-numbers-prices","price-item","beginner","english-to-vietnamese|vietnamese-to-english|missing-token|distractor|likely-reply","planned","approved"
"vpe-need-item-toi-can-nuoc-dua","Tôi cần nước dừa","I need coconut water.","food-drink","need-item","beginner","english-to-vietnamese|vietnamese-to-english|missing-token|distractor","planned","approved"
"vpe-have-item-co-nuoc-dua-khong","Có nước dừa không?","Do you have coconut water?","food-drink","have-item","beginner","english-to-vietnamese|vietnamese-to-english|missing-token|distractor|likely-reply","planned","approved"
"vpe-buy-item-toi-muon-mua-nuoc-dua","Tôi muốn mua nước dừa","I want to buy coconut water.","food-drink","buy-item","beginner","english-to-vietnamese|vietnamese-to-english|missing-token|distractor","planned","approved"
"vpe-price-item-nuoc-dua-bao-nhieu-tien","nước dừa bao nhiêu tiền?","How much is coconut water?","money-numbers-prices","price-item","beginner","english-to-vietnamese|vietnamese-to-english|missing-token|distractor|likely-reply","planned","approved"
"vpe-need-item-toi-can-sinh-to-xoai","Tôi cần sinh tố xoài","I need mango smoothie.","food-drink","need-item","beginner","english-to-vietnamese|vietnamese-to-english|missing-token|distractor","planned","approved"
"vpe-have-item-co-sinh-to-xoai-khong","Có sinh tố xoài không?","Do you have mango smoothie?","food-drink","have-item","beginner","english-to-vietnamese|vietnamese-to-english|missing-token|distractor|likely-reply","planned","approved"
"vpe-buy-item-toi-muon-mua-sinh-to-xoai","Tôi muốn mua sinh tố xoài","I want to buy mango smoothie.","food-drink","buy-item","intermediate","english-to-vietnamese|vietnamese-to-english|missing-token|distractor","planned","approved"
"vpe-price-item-sinh-to-xoai-bao-nhieu-tien","sinh tố xoài bao nhiêu tiền?","How much is mango smoothie?","money-numbers-prices","price-item","intermediate","english-to-vietnamese|vietnamese-to-english|missing-token|distractor|likely-reply","planned","approved"
"vpe-need-item-toi-can-banh-mi-chay","Tôi cần bánh mì chay","I need vegetarian bánh mì.","food-drink","need-item","beginner","english-to-vietnamese|vietnamese-to-english|missing-token|distractor","planned","approved"
"vpe-have-item-co-banh-mi-chay-khong","Có bánh mì chay không?","Do you have vegetarian bánh mì?","food-drink","have-item","beginner","english-to-vietnamese|vietnamese-to-english|missing-token|distractor|likely-reply","planned","approved"
"vpe-buy-item-toi-muon-mua-banh-mi-chay","Tôi muốn mua bánh mì chay","I want to buy vegetarian bánh mì.","food-drink","buy-item","intermediate","english-to-vietnamese|vietnamese-to-english|missing-token|distractor","planned","approved"
"vpe-price-item-banh-mi-chay-bao-nhieu-tien","bánh mì chay bao nhiêu tiền?","How much is vegetarian bánh mì?","money-numbers-prices","price-item","intermediate","english-to-vietnamese|vietnamese-to-english|missing-token|distractor|likely-reply","planned","approved"
"vpe-need-item-toi-can-pho-bo","Tôi cần phở bò","I need beef phở.","food-drink","need-item","beginner","english-to-vietnamese|vietnamese-to-english|missing-token|distractor","planned","approved"
"vpe-have-item-co-pho-bo-khong","Có phở bò không?","Do you have beef phở?","food-drink","have-item","beginner","english-to-vietnamese|vietnamese-to-english|missing-token|distractor|likely-reply","planned","approved"
"vpe-buy-item-toi-muon-mua-pho-bo","Tôi muốn mua phở bò","I want to buy beef phở.","food-drink","buy-item","beginner","english-to-vietnamese|vietnamese-to-english|missing-token|distractor","planned","approved"
"vpe-price-item-pho-bo-bao-nhieu-tien","phở bò bao nhiêu tiền?","How much is beef phở?","money-numbers-prices","price-item","beginner","english-to-vietnamese|vietnamese-to-english|missing-token|distractor|likely-reply","planned","approved"
"vpe-need-item-toi-can-pho-ga","Tôi cần phở gà","I need chicken phở.","food-drink","need-item","beginner","english-to-vietnamese|vietnamese-to-english|missing-token|distractor","planned","approved"
"vpe-have-item-co-pho-ga-khong","Có phở gà không?","Do you have chicken phở?","food-drink","have-item","beginner","english-to-vietnamese|vietnamese-to-english|missing-token|distractor|likely-reply","planned","approved"
"vpe-buy-item-toi-muon-mua-pho-ga","Tôi muốn mua phở gà","I want to buy chicken phở.","food-drink","buy-item","beginner","english-to-vietnamese|vietnamese-to-english|missing-token|distractor","planned","approved"
"vpe-price-item-pho-ga-bao-nhieu-tien","phở gà bao nhiêu tiền?","How much is chicken phở?","money-numbers-prices","price-item","beginner","english-to-vietnamese|vietnamese-to-english|missing-token|distractor|likely-reply","planned","approved"
"vpe-need-item-toi-can-bun-cha","Tôi cần bún chả","I need bún chả.","food-drink","need-item","beginner","english-to-vietnamese|vietnamese-to-english|missing-token|distractor","planned","approved"
"vpe-have-item-co-bun-cha-khong","Có bún chả không?","Do you have bún chả?","food-drink","have-item","beginner","english-to-vietnamese|vietnamese-to-english|missing-token|distractor|likely-reply","planned","approved"
"vpe-buy-item-toi-muon-mua-bun-cha","Tôi muốn mua bún chả","I want to buy bún chả.","food-drink","buy-item","beginner","english-to-vietnamese|vietnamese-to-english|missing-token|distractor","planned","approved"
"vpe-price-item-bun-cha-bao-nhieu-tien","bún chả bao nhiêu tiền?","How much is bún chả?","money-numbers-prices","price-item","beginner","english-to-vietnamese|vietnamese-to-english|missing-token|distractor|likely-reply","planned","approved"
"vpe-need-item-toi-can-banh-xeo","Tôi cần bánh xèo","I need bánh xèo.","food-drink","need-item","beginner","english-to-vietnamese|vietnamese-to-english|missing-token|distractor","planned","approved"
"vpe-have-item-co-banh-xeo-khong","Có bánh xèo không?","Do you have bánh xèo?","food-drink","have-item","beginner","english-to-vietnamese|vietnamese-to-english|missing-token|distractor|likely-reply","planned","approved"
"vpe-buy-item-toi-muon-mua-banh-xeo","Tôi muốn mua bánh xèo","I want to buy bánh xèo.","food-drink","buy-item","beginner","english-to-vietnamese|vietnamese-to-english|missing-token|distractor","planned","approved"
"vpe-price-item-banh-xeo-bao-nhieu-tien","bánh xèo bao nhiêu tiền?","How much is bánh xèo?","money-numbers-prices","price-item","beginner","english-to-vietnamese|vietnamese-to-english|missing-token|distractor|likely-reply","planned","approved"
"vpe-need-item-toi-can-goi-cuon","Tôi cần gỏi cuốn","I need fresh spring rolls.","food-drink","need-item","beginner","english-to-vietnamese|vietnamese-to-english|missing-token|distractor","planned","approved"
"vpe-have-item-co-goi-cuon-khong","Có gỏi cuốn không?","Do you have fresh spring rolls?","food-drink","have-item","beginner","english-to-vietnamese|vietnamese-to-english|missing-token|distractor|likely-reply","planned","approved"
"vpe-buy-item-toi-muon-mua-goi-cuon","Tôi muốn mua gỏi cuốn","I want to buy fresh spring rolls.","food-drink","buy-item","beginner","english-to-vietnamese|vietnamese-to-english|missing-token|distractor","planned","approved"
"vpe-price-item-goi-cuon-bao-nhieu-tien","gỏi cuốn bao nhiêu tiền?","How much is fresh spring rolls?","money-numbers-prices","price-item","beginner","english-to-vietnamese|vietnamese-to-english|missing-token|distractor|likely-reply","planned","approved"
"vpe-need-item-toi-can-nuoc-cham","Tôi cần nước chấm","I need dipping sauce.","food-drink","need-item","beginner","english-to-vietnamese|vietnamese-to-english|missing-token|distractor","planned","approved"
"vpe-have-item-co-nuoc-cham-khong","Có nước chấm không?","Do you have dipping sauce?","food-drink","have-item","beginner","english-to-vietnamese|vietnamese-to-english|missing-token|distractor|likely-reply","planned","approved"
"vpe-buy-item-toi-muon-mua-nuoc-cham","Tôi muốn mua nước chấm","I want to buy dipping sauce.","food-drink","buy-item","beginner","english-to-vietnamese|vietnamese-to-english|missing-token|distractor","planned","approved"
"vpe-price-item-nuoc-cham-bao-nhieu-tien","nước chấm bao nhiêu tiền?","How much is dipping sauce?","money-numbers-prices","price-item","beginner","english-to-vietnamese|vietnamese-to-english|missing-token|distractor|likely-reply","planned","approved"
"vpe-need-item-toi-can-hop-mang-ve","Tôi cần hộp mang về","I need a takeaway box.","food-drink","need-item","beginner","english-to-vietnamese|vietnamese-to-english|missing-token|distractor","planned","approved"
"vpe-have-item-co-hop-mang-ve-khong","Có hộp mang về không?","Do you have a takeaway box?","food-drink","have-item","beginner","english-to-vietnamese|vietnamese-to-english|missing-token|distractor|likely-reply","planned","approved"
"vpe-buy-item-toi-muon-mua-hop-mang-ve","Tôi muốn mua hộp mang về","I want to buy a takeaway box.","food-drink","buy-item","intermediate","english-to-vietnamese|vietnamese-to-english|missing-token|distractor","planned","approved"
"vpe-price-item-hop-mang-ve-bao-nhieu-tien","hộp mang về bao nhiêu tiền?","How much is a takeaway box?","money-numbers-prices","price-item","intermediate","english-to-vietnamese|vietnamese-to-english|missing-token|distractor|likely-reply","planned","approved"
"vpe-need-item-toi-can-tui-mang-ve","Tôi cần túi mang về","I need a takeaway bag.","food-drink","need-item","beginner","english-to-vietnamese|vietnamese-to-english|missing-token|distractor","planned","approved"
"vpe-have-item-co-tui-mang-ve-khong","Có túi mang về không?","Do you have a takeaway bag?","food-drink","have-item","beginner","english-to-vietnamese|vietnamese-to-english|missing-token|distractor|likely-reply","planned","approved"
"vpe-buy-item-toi-muon-mua-tui-mang-ve","Tôi muốn mua túi mang về","I want to buy a takeaway bag.","food-drink","buy-item","intermediate","english-to-vietnamese|vietnamese-to-english|missing-token|distractor","planned","approved"
"vpe-price-item-tui-mang-ve-bao-nhieu-tien","túi mang về bao nhiêu tiền?","How much is a takeaway bag?","money-numbers-prices","price-item","intermediate","english-to-vietnamese|vietnamese-to-english|missing-token|distractor|likely-reply","planned","approved"
"vpe-need-item-toi-can-ban-cho-hai-nguoi","Tôi cần bàn cho hai người","I need a table for two.","food-drink","need-item","intermediate","english-to-vietnamese|vietnamese-to-english|missing-token|distractor","planned","approved"
"vpe-have-item-co-ban-cho-hai-nguoi-khong","Có bàn cho hai người không?","Do you have a table for two?","food-drink","have-item","intermediate","english-to-vietnamese|vietnamese-to-english|missing-token|distractor|likely-reply","planned","approved"
"vpe-buy-item-toi-muon-mua-ban-cho-hai-nguoi","Tôi muốn mua bàn cho hai người","I want to buy a table for two.","food-drink","buy-item","intermediate","english-to-vietnamese|vietnamese-to-english|missing-token|distractor","planned","approved"
"vpe-price-item-ban-cho-hai-nguoi-bao-nhieu-tien","bàn cho hai người bao nhiêu tiền?","How much is a table for two?","money-numbers-prices","price-item","intermediate","english-to-vietnamese|vietnamese-to-english|missing-token|distractor|likely-reply","planned","approved"
"vpe-need-item-toi-can-ban-ngoai-troi","Tôi cần bàn ngoài trời","I need an outdoor table.","food-drink","need-item","beginner","english-to-vietnamese|vietnamese-to-english|missing-token|distractor","planned","approved"
"vpe-have-item-co-ban-ngoai-troi-khong","Có bàn ngoài trời không?","Do you have an outdoor table?","food-drink","have-item","beginner","english-to-vietnamese|vietnamese-to-english|missing-token|distractor|likely-reply","planned","approved"
"vpe-buy-item-toi-muon-mua-ban-ngoai-troi","Tôi muốn mua bàn ngoài trời","I want to buy an outdoor table.","food-drink","buy-item","intermediate","english-to-vietnamese|vietnamese-to-english|missing-token|distractor","planned","approved"
"vpe-price-item-ban-ngoai-troi-bao-nhieu-tien","bàn ngoài trời bao nhiêu tiền?","How much is an outdoor table?","money-numbers-prices","price-item","intermediate","english-to-vietnamese|vietnamese-to-english|missing-token|distractor|likely-reply","planned","approved"
"vpe-need-item-toi-can-cho-ngoi-yen-tinh","Tôi cần chỗ ngồi yên tĩnh","I need a quiet seat.","food-drink","need-item","intermediate","english-to-vietnamese|vietnamese-to-english|missing-token|distractor","planned","approved"
"vpe-have-item-co-cho-ngoi-yen-tinh-khong","Có chỗ ngồi yên tĩnh không?","Do you have a quiet seat?","food-drink","have-item","intermediate","english-to-vietnamese|vietnamese-to-english|missing-token|distractor|likely-reply","planned","approved"
"vpe-buy-item-toi-muon-mua-cho-ngoi-yen-tinh","Tôi muốn mua chỗ ngồi yên tĩnh","I want to buy a quiet seat.","food-drink","buy-item","intermediate","english-to-vietnamese|vietnamese-to-english|missing-token|distractor","planned","approved"
"vpe-price-item-cho-ngoi-yen-tinh-bao-nhieu-tien","chỗ ngồi yên tĩnh bao nhiêu tiền?","How much is a quiet seat?","money-numbers-prices","price-item","intermediate","english-to-vietnamese|vietnamese-to-english|missing-token|distractor|likely-reply","planned","approved"
"vpe-need-item-toi-can-do-uong-lanh","Tôi cần đồ uống lạnh","I need a cold drink.","food-drink","need-item","beginner","english-to-vietnamese|vietnamese-to-english|missing-token|distractor","planned","approved"
"vpe-have-item-co-do-uong-lanh-khong","Có đồ uống lạnh không?","Do you have a cold drink?","food-drink","have-item","beginner","english-to-vietnamese|vietnamese-to-english|missing-token|distractor|likely-reply","planned","approved"
"vpe-buy-item-toi-muon-mua-do-uong-lanh","Tôi muốn mua đồ uống lạnh","I want to buy a cold drink.","food-drink","buy-item","intermediate","english-to-vietnamese|vietnamese-to-english|missing-token|distractor","planned","approved"
"vpe-price-item-do-uong-lanh-bao-nhieu-tien","đồ uống lạnh bao nhiêu tiền?","How much is a cold drink?","money-numbers-prices","price-item","intermediate","english-to-vietnamese|vietnamese-to-english|missing-token|distractor|likely-reply","planned","approved"
"vpe-need-item-toi-can-do-uong-nong","Tôi cần đồ uống nóng","I need a hot drink.","food-drink","need-item","beginner","english-to-vietnamese|vietnamese-to-english|missing-token|distractor","planned","approved"
"vpe-have-item-co-do-uong-nong-khong","Có đồ uống nóng không?","Do you have a hot drink?","food-drink","have-item","beginner","english-to-vietnamese|vietnamese-to-english|missing-token|distractor|likely-reply","planned","approved"
"vpe-buy-item-toi-muon-mua-do-uong-nong","Tôi muốn mua đồ uống nóng","I want to buy a hot drink.","food-drink","buy-item","intermediate","english-to-vietnamese|vietnamese-to-english|missing-token|distractor","planned","approved"
"vpe-price-item-do-uong-nong-bao-nhieu-tien","đồ uống nóng bao nhiêu tiền?","How much is a hot drink?","money-numbers-prices","price-item","intermediate","english-to-vietnamese|vietnamese-to-english|missing-token|distractor|likely-reply","planned","approved"
"vpe-need-item-toi-can-nuoc-dien-giai","Tôi cần nước điện giải","I need electrolyte drink.","health-pharmacy","need-item","beginner","english-to-vietnamese|vietnamese-to-english|missing-token|distractor","planned","approved"
"vpe-have-item-co-nuoc-dien-giai-khong","Có nước điện giải không?","Do you have electrolyte drink?","health-pharmacy","have-item","beginner","english-to-vietnamese|vietnamese-to-english|missing-token|distractor|likely-reply","planned","approved"
"vpe-buy-item-toi-muon-mua-nuoc-dien-giai","Tôi muốn mua nước điện giải","I want to buy electrolyte drink.","shopping","buy-item","intermediate","english-to-vietnamese|vietnamese-to-english|missing-token|distractor","planned","approved"
"vpe-price-item-nuoc-dien-giai-bao-nhieu-tien","nước điện giải bao nhiêu tiền?","How much is electrolyte drink?","money-numbers-prices","price-item","intermediate","english-to-vietnamese|vietnamese-to-english|missing-token|distractor|likely-reply","planned","approved"
"vpe-have-item-co-thuoc-cam-khong","Có thuốc cảm không?","Do you have cold medicine?","health-pharmacy","have-item","beginner","english-to-vietnamese|vietnamese-to-english|missing-token|distractor|likely-reply","planned","approved"
"vpe-buy-item-toi-muon-mua-thuoc-cam","Tôi muốn mua thuốc cảm","I want to buy cold medicine.","shopping","buy-item","beginner","english-to-vietnamese|vietnamese-to-english|missing-token|distractor","planned","approved"
"vpe-price-item-thuoc-cam-bao-nhieu-tien","thuốc cảm bao nhiêu tiền?","How much is cold medicine?","money-numbers-prices","price-item","beginner","english-to-vietnamese|vietnamese-to-english|missing-token|distractor|likely-reply","planned","approved"
"vpe-have-item-co-thuoc-di-ung-khong","Có thuốc dị ứng không?","Do you have allergy medicine?","health-pharmacy","have-item","beginner","english-to-vietnamese|vietnamese-to-english|missing-token|distractor|likely-reply","planned","approved"
"vpe-buy-item-toi-muon-mua-thuoc-di-ung","Tôi muốn mua thuốc dị ứng","I want to buy allergy medicine.","shopping","buy-item","intermediate","english-to-vietnamese|vietnamese-to-english|missing-token|distractor","planned","approved"
"vpe-price-item-thuoc-di-ung-bao-nhieu-tien","thuốc dị ứng bao nhiêu tiền?","How much is allergy medicine?","money-numbers-prices","price-item","intermediate","english-to-vietnamese|vietnamese-to-english|missing-token|distractor|likely-reply","planned","approved"
"vpe-need-item-toi-can-kem-chong-muoi","Tôi cần kem chống muỗi","I need mosquito repellent.","health-pharmacy","need-item","beginner","english-to-vietnamese|vietnamese-to-english|missing-token|distractor","planned","approved"
"vpe-have-item-co-kem-chong-muoi-khong","Có kem chống muỗi không?","Do you have mosquito repellent?","health-pharmacy","have-item","beginner","english-to-vietnamese|vietnamese-to-english|missing-token|distractor|likely-reply","planned","approved"
"vpe-buy-item-toi-muon-mua-kem-chong-muoi","Tôi muốn mua kem chống muỗi","I want to buy mosquito repellent.","shopping","buy-item","intermediate","english-to-vietnamese|vietnamese-to-english|missing-token|distractor","planned","approved"
"vpe-price-item-kem-chong-muoi-bao-nhieu-tien","kem chống muỗi bao nhiêu tiền?","How much is mosquito repellent?","money-numbers-prices","price-item","intermediate","english-to-vietnamese|vietnamese-to-english|missing-token|distractor|likely-reply","planned","approved"
"vpe-need-item-toi-can-nhiet-ke","Tôi cần nhiệt kế","I need a thermometer.","health-pharmacy","need-item","beginner","english-to-vietnamese|vietnamese-to-english|missing-token|distractor","planned","approved"
"vpe-have-item-co-nhiet-ke-khong","Có nhiệt kế không?","Do you have a thermometer?","health-pharmacy","have-item","beginner","english-to-vietnamese|vietnamese-to-english|missing-token|distractor|likely-reply","planned","approved"
"vpe-buy-item-toi-muon-mua-nhiet-ke","Tôi muốn mua nhiệt kế","I want to buy a thermometer.","shopping","buy-item","beginner","english-to-vietnamese|vietnamese-to-english|missing-token|distractor","planned","approved"
"vpe-price-item-nhiet-ke-bao-nhieu-tien","nhiệt kế bao nhiêu tiền?","How much is a thermometer?","money-numbers-prices","price-item","beginner","english-to-vietnamese|vietnamese-to-english|missing-token|distractor|likely-reply","planned","approved"
"vpe-need-item-toi-can-nuoc-muoi-sinh-ly","Tôi cần nước muối sinh lý","I need saline solution.","health-pharmacy","need-item","intermediate","english-to-vietnamese|vietnamese-to-english|missing-token|distractor","planned","approved"
"vpe-have-item-co-nuoc-muoi-sinh-ly-khong","Có nước muối sinh lý không?","Do you have saline solution?","health-pharmacy","have-item","intermediate","english-to-vietnamese|vietnamese-to-english|missing-token|distractor|likely-reply","planned","approved"
"vpe-buy-item-toi-muon-mua-nuoc-muoi-sinh-ly","Tôi muốn mua nước muối sinh lý","I want to buy saline solution.","shopping","buy-item","intermediate","english-to-vietnamese|vietnamese-to-english|missing-token|distractor","planned","approved"
"vpe-price-item-nuoc-muoi-sinh-ly-bao-nhieu-tien","nước muối sinh lý bao nhiêu tiền?","How much is saline solution?","money-numbers-prices","price-item","intermediate","english-to-vietnamese|vietnamese-to-english|missing-token|distractor|likely-reply","planned","approved"
"vpe-need-item-toi-can-thuoc-nho-mat","Tôi cần thuốc nhỏ mắt","I need eye drops.","health-pharmacy","need-item","beginner","english-to-vietnamese|vietnamese-to-english|missing-token|distractor","planned","approved"
"vpe-have-item-co-thuoc-nho-mat-khong","Có thuốc nhỏ mắt không?","Do you have eye drops?","health-pharmacy","have-item","beginner","english-to-vietnamese|vietnamese-to-english|missing-token|distractor|likely-reply","planned","approved"
"vpe-buy-item-toi-muon-mua-thuoc-nho-mat","Tôi muốn mua thuốc nhỏ mắt","I want to buy eye drops.","shopping","buy-item","intermediate","english-to-vietnamese|vietnamese-to-english|missing-token|distractor","planned","approved"
"vpe-price-item-thuoc-nho-mat-bao-nhieu-tien","thuốc nhỏ mắt bao nhiêu tiền?","How much is eye drops?","money-numbers-prices","price-item","intermediate","english-to-vietnamese|vietnamese-to-english|missing-token|distractor|likely-reply","planned","approved"
"vpe-need-item-toi-can-thuoc-ho","Tôi cần thuốc ho","I need cough medicine.","health-pharmacy","need-item","beginner","english-to-vietnamese|vietnamese-to-english|missing-token|distractor","planned","approved"
"vpe-have-item-co-thuoc-ho-khong","Có thuốc ho không?","Do you have cough medicine?","health-pharmacy","have-item","beginner","english-to-vietnamese|vietnamese-to-english|missing-token|distractor|likely-reply","planned","approved"
"vpe-buy-item-toi-muon-mua-thuoc-ho","Tôi muốn mua thuốc ho","I want to buy cough medicine.","shopping","buy-item","beginner","english-to-vietnamese|vietnamese-to-english|missing-token|distractor","planned","approved"
"vpe-price-item-thuoc-ho-bao-nhieu-tien","thuốc ho bao nhiêu tiền?","How much is cough medicine?","money-numbers-prices","price-item","beginner","english-to-vietnamese|vietnamese-to-english|missing-token|distractor|likely-reply","planned","approved"
"vpe-need-item-toi-can-men-tieu-hoa","Tôi cần men tiêu hóa","I need digestive probiotics.","health-pharmacy","need-item","beginner","english-to-vietnamese|vietnamese-to-english|missing-token|distractor","planned","approved"
"vpe-have-item-co-men-tieu-hoa-khong","Có men tiêu hóa không?","Do you have digestive probiotics?","health-pharmacy","have-item","beginner","english-to-vietnamese|vietnamese-to-english|missing-token|distractor|likely-reply","planned","approved"
"vpe-buy-item-toi-muon-mua-men-tieu-hoa","Tôi muốn mua men tiêu hóa","I want to buy digestive probiotics.","shopping","buy-item","intermediate","english-to-vietnamese|vietnamese-to-english|missing-token|distractor","planned","approved"
"vpe-price-item-men-tieu-hoa-bao-nhieu-tien","men tiêu hóa bao nhiêu tiền?","How much is digestive probiotics?","money-numbers-prices","price-item","intermediate","english-to-vietnamese|vietnamese-to-english|missing-token|distractor|likely-reply","planned","approved"
"vpe-need-item-toi-can-mieng-dan-ha-sot","Tôi cần miếng dán hạ sốt","I need cooling patches.","health-pharmacy","need-item","intermediate","english-to-vietnamese|vietnamese-to-english|missing-token|distractor","planned","approved"
"vpe-have-item-co-mieng-dan-ha-sot-khong","Có miếng dán hạ sốt không?","Do you have cooling patches?","health-pharmacy","have-item","intermediate","english-to-vietnamese|vietnamese-to-english|missing-token|distractor|likely-reply","planned","approved"
"vpe-buy-item-toi-muon-mua-mieng-dan-ha-sot","Tôi muốn mua miếng dán hạ sốt","I want to buy cooling patches.","shopping","buy-item","intermediate","english-to-vietnamese|vietnamese-to-english|missing-token|distractor","planned","approved"
"vpe-price-item-mieng-dan-ha-sot-bao-nhieu-tien","miếng dán hạ sốt bao nhiêu tiền?","How much is cooling patches?","money-numbers-prices","price-item","intermediate","english-to-vietnamese|vietnamese-to-english|missing-token|distractor|likely-reply","planned","approved"
"vpe-need-item-toi-can-sim-du-lich","Tôi cần sim du lịch","I need a travel SIM.","phone-internet-power","need-item","beginner","english-to-vietnamese|vietnamese-to-english|missing-token|distractor","planned","approved"
"vpe-have-item-co-sim-du-lich-khong","Có sim du lịch không?","Do you have a travel SIM?","phone-internet-power","have-item","beginner","english-to-vietnamese|vietnamese-to-english|missing-token|distractor|likely-reply","planned","approved"
"vpe-buy-item-toi-muon-mua-sim-du-lich","Tôi muốn mua sim du lịch","I want to buy a travel SIM.","shopping","buy-item","intermediate","english-to-vietnamese|vietnamese-to-english|missing-token|distractor","planned","approved"
"vpe-price-item-sim-du-lich-bao-nhieu-tien","sim du lịch bao nhiêu tiền?","How much is a travel SIM?","money-numbers-prices","price-item","intermediate","english-to-vietnamese|vietnamese-to-english|missing-token|distractor|likely-reply","planned","approved"
"vpe-need-item-toi-can-esim","Tôi cần eSIM","I need an eSIM.","phone-internet-power","need-item","beginner","english-to-vietnamese|vietnamese-to-english|missing-token|distractor","planned","approved"
"vpe-have-item-co-esim-khong","Có eSIM không?","Do you have an eSIM?","phone-internet-power","have-item","beginner","english-to-vietnamese|vietnamese-to-english|missing-token|distractor|likely-reply","planned","approved"
"vpe-buy-item-toi-muon-mua-esim","Tôi muốn mua eSIM","I want to buy an eSIM.","shopping","buy-item","beginner","english-to-vietnamese|vietnamese-to-english|missing-token|distractor","planned","approved"
"vpe-price-item-esim-bao-nhieu-tien","eSIM bao nhiêu tiền?","How much is an eSIM?","money-numbers-prices","price-item","beginner","english-to-vietnamese|vietnamese-to-english|missing-token|distractor|likely-reply","planned","approved"
"vpe-need-item-toi-can-o-cam-chuyen-doi","Tôi cần ổ cắm chuyển đổi","I need a plug adapter.","phone-internet-power","need-item","intermediate","english-to-vietnamese|vietnamese-to-english|missing-token|distractor","planned","approved"
"vpe-have-item-co-o-cam-chuyen-doi-khong","Có ổ cắm chuyển đổi không?","Do you have a plug adapter?","phone-internet-power","have-item","intermediate","english-to-vietnamese|vietnamese-to-english|missing-token|distractor|likely-reply","planned","approved"
"vpe-buy-item-toi-muon-mua-o-cam-chuyen-doi","Tôi muốn mua ổ cắm chuyển đổi","I want to buy a plug adapter.","shopping","buy-item","intermediate","english-to-vietnamese|vietnamese-to-english|missing-token|distractor","planned","approved"
"vpe-price-item-o-cam-chuyen-doi-bao-nhieu-tien","ổ cắm chuyển đổi bao nhiêu tiền?","How much is a plug adapter?","money-numbers-prices","price-item","intermediate","english-to-vietnamese|vietnamese-to-english|missing-token|distractor|likely-reply","planned","approved"
"vpe-need-item-toi-can-tai-nghe","Tôi cần tai nghe","I need earphones.","shopping","need-item","beginner","english-to-vietnamese|vietnamese-to-english|missing-token|distractor","planned","approved"
"vpe-have-item-co-tai-nghe-khong","Có tai nghe không?","Do you have earphones?","shopping","have-item","beginner","english-to-vietnamese|vietnamese-to-english|missing-token|distractor|likely-reply","planned","approved"
"vpe-buy-item-toi-muon-mua-tai-nghe","Tôi muốn mua tai nghe","I want to buy earphones.","shopping","buy-item","beginner","english-to-vietnamese|vietnamese-to-english|missing-token|distractor","planned","approved"
"vpe-price-item-tai-nghe-bao-nhieu-tien","tai nghe bao nhiêu tiền?","How much is earphones?","money-numbers-prices","price-item","beginner","english-to-vietnamese|vietnamese-to-english|missing-token|distractor|likely-reply","planned","approved"
"vpe-need-item-toi-can-op-dien-thoai","Tôi cần ốp điện thoại","I need a phone case.","shopping","need-item","beginner","english-to-vietnamese|vietnamese-to-english|missing-token|distractor","planned","approved"
"vpe-have-item-co-op-dien-thoai-khong","Có ốp điện thoại không?","Do you have a phone case?","shopping","have-item","beginner","english-to-vietnamese|vietnamese-to-english|missing-token|distractor|likely-reply","planned","approved"
"vpe-buy-item-toi-muon-mua-op-dien-thoai","Tôi muốn mua ốp điện thoại","I want to buy a phone case.","shopping","buy-item","intermediate","english-to-vietnamese|vietnamese-to-english|missing-token|distractor","planned","approved"
"vpe-price-item-op-dien-thoai-bao-nhieu-tien","ốp điện thoại bao nhiêu tiền?","How much is a phone case?","money-numbers-prices","price-item","intermediate","english-to-vietnamese|vietnamese-to-english|missing-token|distractor|likely-reply","planned","approved"
"vpe-need-item-toi-can-kinh-ram","Tôi cần kính râm","I need sunglasses.","shopping","need-item","beginner","english-to-vietnamese|vietnamese-to-english|missing-token|distractor","planned","approved"
"vpe-have-item-co-kinh-ram-khong","Có kính râm không?","Do you have sunglasses?","shopping","have-item","beginner","english-to-vietnamese|vietnamese-to-english|missing-token|distractor|likely-reply","planned","approved"
"vpe-buy-item-toi-muon-mua-kinh-ram","Tôi muốn mua kính râm","I want to buy sunglasses.","shopping","buy-item","beginner","english-to-vietnamese|vietnamese-to-english|missing-token|distractor","planned","approved"
"vpe-price-item-kinh-ram-bao-nhieu-tien","kính râm bao nhiêu tiền?","How much is sunglasses?","money-numbers-prices","price-item","beginner","english-to-vietnamese|vietnamese-to-english|missing-token|distractor|likely-reply","planned","approved"
"vpe-need-item-toi-can-dep-le","Tôi cần dép lê","I need flip-flops.","shopping","need-item","beginner","english-to-vietnamese|vietnamese-to-english|missing-token|distractor","planned","approved"
"vpe-have-item-co-dep-le-khong","Có dép lê không?","Do you have flip-flops?","shopping","have-item","beginner","english-to-vietnamese|vietnamese-to-english|missing-token|distractor|likely-reply","planned","approved"
"vpe-buy-item-toi-muon-mua-dep-le","Tôi muốn mua dép lê","I want to buy flip-flops.","shopping","buy-item","beginner","english-to-vietnamese|vietnamese-to-english|missing-token|distractor","planned","approved"
"vpe-price-item-dep-le-bao-nhieu-tien","dép lê bao nhiêu tiền?","How much is flip-flops?","money-numbers-prices","price-item","beginner","english-to-vietnamese|vietnamese-to-english|missing-token|distractor|likely-reply","planned","approved"
"vpe-need-item-toi-can-ba-lo-nho","Tôi cần ba lô nhỏ","I need a small backpack.","shopping","need-item","beginner","english-to-vietnamese|vietnamese-to-english|missing-token|distractor","planned","approved"
"vpe-have-item-co-ba-lo-nho-khong","Có ba lô nhỏ không?","Do you have a small backpack?","shopping","have-item","beginner","english-to-vietnamese|vietnamese-to-english|missing-token|distractor|likely-reply","planned","approved"
"vpe-buy-item-toi-muon-mua-ba-lo-nho","Tôi muốn mua ba lô nhỏ","I want to buy a small backpack.","shopping","buy-item","intermediate","english-to-vietnamese|vietnamese-to-english|missing-token|distractor","planned","approved"
"vpe-price-item-ba-lo-nho-bao-nhieu-tien","ba lô nhỏ bao nhiêu tiền?","How much is a small backpack?","money-numbers-prices","price-item","intermediate","english-to-vietnamese|vietnamese-to-english|missing-token|distractor|likely-reply","planned","approved"
"vpe-need-item-toi-can-vali-nho","Tôi cần vali nhỏ","I need a small suitcase.","shopping","need-item","beginner","english-to-vietnamese|vietnamese-to-english|missing-token|distractor","planned","approved"
"vpe-have-item-co-vali-nho-khong","Có vali nhỏ không?","Do you have a small suitcase?","shopping","have-item","beginner","english-to-vietnamese|vietnamese-to-english|missing-token|distractor|likely-reply","planned","approved"
"vpe-buy-item-toi-muon-mua-vali-nho","Tôi muốn mua vali nhỏ","I want to buy a small suitcase.","shopping","buy-item","beginner","english-to-vietnamese|vietnamese-to-english|missing-token|distractor","planned","approved"
"vpe-price-item-vali-nho-bao-nhieu-tien","vali nhỏ bao nhiêu tiền?","How much is a small suitcase?","money-numbers-prices","price-item","beginner","english-to-vietnamese|vietnamese-to-english|missing-token|distractor|likely-reply","planned","approved"
"vpe-need-item-toi-can-ao-thun","Tôi cần áo thun","I need a T-shirt.","shopping","need-item","beginner","english-to-vietnamese|vietnamese-to-english|missing-token|distractor","planned","approved"
"vpe-have-item-co-ao-thun-khong","Có áo thun không?","Do you have a T-shirt?","shopping","have-item","beginner","english-to-vietnamese|vietnamese-to-english|missing-token|distractor|likely-reply","planned","approved"
"vpe-buy-item-toi-muon-mua-ao-thun","Tôi muốn mua áo thun","I want to buy a T-shirt.","shopping","buy-item","beginner","english-to-vietnamese|vietnamese-to-english|missing-token|distractor","planned","approved"
"vpe-price-item-ao-thun-bao-nhieu-tien","áo thun bao nhiêu tiền?","How much is a T-shirt?","money-numbers-prices","price-item","beginner","english-to-vietnamese|vietnamese-to-english|missing-token|distractor|likely-reply","planned","approved"
"vpe-need-item-toi-can-quan-short","Tôi cần quần short","I need shorts.","shopping","need-item","beginner","english-to-vietnamese|vietnamese-to-english|missing-token|distractor","planned","approved"
"vpe-have-item-co-quan-short-khong","Có quần short không?","Do you have shorts?","shopping","have-item","beginner","english-to-vietnamese|vietnamese-to-english|missing-token|distractor|likely-reply","planned","approved"
"vpe-buy-item-toi-muon-mua-quan-short","Tôi muốn mua quần short","I want to buy shorts.","shopping","buy-item","beginner","english-to-vietnamese|vietnamese-to-english|missing-token|distractor","planned","approved"
"vpe-price-item-quan-short-bao-nhieu-tien","quần short bao nhiêu tiền?","How much is shorts?","money-numbers-prices","price-item","beginner","english-to-vietnamese|vietnamese-to-english|missing-token|distractor|likely-reply","planned","approved"
"vpe-need-item-toi-can-mu-luoi-trai","Tôi cần mũ lưỡi trai","I need a baseball cap.","shopping","need-item","beginner","english-to-vietnamese|vietnamese-to-english|missing-token|distractor","planned","approved"
"vpe-have-item-co-mu-luoi-trai-khong","Có mũ lưỡi trai không?","Do you have a baseball cap?","shopping","have-item","beginner","english-to-vietnamese|vietnamese-to-english|missing-token|distractor|likely-reply","planned","approved"
"vpe-buy-item-toi-muon-mua-mu-luoi-trai","Tôi muốn mua mũ lưỡi trai","I want to buy a baseball cap.","shopping","buy-item","intermediate","english-to-vietnamese|vietnamese-to-english|missing-token|distractor","planned","approved"
"vpe-price-item-mu-luoi-trai-bao-nhieu-tien","mũ lưỡi trai bao nhiêu tiền?","How much is a baseball cap?","money-numbers-prices","price-item","intermediate","english-to-vietnamese|vietnamese-to-english|missing-token|distractor|likely-reply","planned","approved"
"vpe-need-item-toi-can-qua-luu-niem","Tôi cần quà lưu niệm","I need souvenirs.","shopping","need-item","beginner","english-to-vietnamese|vietnamese-to-english|missing-token|distractor","planned","approved"
"vpe-have-item-co-qua-luu-niem-khong","Có quà lưu niệm không?","Do you have souvenirs?","shopping","have-item","beginner","english-to-vietnamese|vietnamese-to-english|missing-token|distractor|likely-reply","planned","approved"
"vpe-buy-item-toi-muon-mua-qua-luu-niem","Tôi muốn mua quà lưu niệm","I want to buy souvenirs.","shopping","buy-item","intermediate","english-to-vietnamese|vietnamese-to-english|missing-token|distractor","planned","approved"
"vpe-price-item-qua-luu-niem-bao-nhieu-tien","quà lưu niệm bao nhiêu tiền?","How much is souvenirs?","money-numbers-prices","price-item","intermediate","english-to-vietnamese|vietnamese-to-english|missing-token|distractor|likely-reply","planned","approved"
"vpe-need-item-toi-can-nam-cham-tu-lanh","Tôi cần nam châm tủ lạnh","I need fridge magnets.","shopping","need-item","intermediate","english-to-vietnamese|vietnamese-to-english|missing-token|distractor","planned","approved"
"vpe-have-item-co-nam-cham-tu-lanh-khong","Có nam châm tủ lạnh không?","Do you have fridge magnets?","shopping","have-item","intermediate","english-to-vietnamese|vietnamese-to-english|missing-token|distractor|likely-reply","planned","approved"
"vpe-buy-item-toi-muon-mua-nam-cham-tu-lanh","Tôi muốn mua nam châm tủ lạnh","I want to buy fridge magnets.","shopping","buy-item","intermediate","english-to-vietnamese|vietnamese-to-english|missing-token|distractor","planned","approved"
"vpe-price-item-nam-cham-tu-lanh-bao-nhieu-tien","nam châm tủ lạnh bao nhiêu tiền?","How much is fridge magnets?","money-numbers-prices","price-item","intermediate","english-to-vietnamese|vietnamese-to-english|missing-token|distractor|likely-reply","planned","approved"
"vpe-need-item-toi-can-ca-phe-rang","Tôi cần cà phê rang","I need roasted coffee.","shopping","need-item","beginner","english-to-vietnamese|vietnamese-to-english|missing-token|distractor","planned","approved"
"vpe-have-item-co-ca-phe-rang-khong","Có cà phê rang không?","Do you have roasted coffee?","shopping","have-item","beginner","english-to-vietnamese|vietnamese-to-english|missing-token|distractor|likely-reply","planned","approved"
"vpe-buy-item-toi-muon-mua-ca-phe-rang","Tôi muốn mua cà phê rang","I want to buy roasted coffee.","shopping","buy-item","intermediate","english-to-vietnamese|vietnamese-to-english|missing-token|distractor","planned","approved"
"vpe-price-item-ca-phe-rang-bao-nhieu-tien","cà phê rang bao nhiêu tiền?","How much is roasted coffee?","money-numbers-prices","price-item","intermediate","english-to-vietnamese|vietnamese-to-english|missing-token|distractor|likely-reply","planned","approved"
"vpe-need-item-toi-can-tra-sen","Tôi cần trà sen","I need lotus tea.","shopping","need-item","beginner","english-to-vietnamese|vietnamese-to-english|missing-token|distractor","planned","approved"
"vpe-have-item-co-tra-sen-khong","Có trà sen không?","Do you have lotus tea?","shopping","have-item","beginner","english-to-vietnamese|vietnamese-to-english|missing-token|distractor|likely-reply","planned","approved"
"vpe-buy-item-toi-muon-mua-tra-sen","Tôi muốn mua trà sen","I want to buy lotus tea.","shopping","buy-item","beginner","english-to-vietnamese|vietnamese-to-english|missing-token|distractor","planned","approved"
"vpe-price-item-tra-sen-bao-nhieu-tien","trà sen bao nhiêu tiền?","How much is lotus tea?","money-numbers-prices","price-item","beginner","english-to-vietnamese|vietnamese-to-english|missing-token|distractor|likely-reply","planned","approved"
"vpe-need-item-toi-can-so-co-la-viet-nam","Tôi cần sô cô la Việt Nam","I need Vietnamese chocolate.","shopping","need-item","intermediate","english-to-vietnamese|vietnamese-to-english|missing-token|distractor","planned","approved"
"vpe-have-item-co-so-co-la-viet-nam-khong","Có sô cô la Việt Nam không?","Do you have Vietnamese chocolate?","shopping","have-item","intermediate","english-to-vietnamese|vietnamese-to-english|missing-token|distractor|likely-reply","planned","approved"
"vpe-buy-item-toi-muon-mua-so-co-la-viet-nam","Tôi muốn mua sô cô la Việt Nam","I want to buy Vietnamese chocolate.","shopping","buy-item","intermediate","english-to-vietnamese|vietnamese-to-english|missing-token|distractor","planned","approved"
"vpe-price-item-so-co-la-viet-nam-bao-nhieu-tien","sô cô la Việt Nam bao nhiêu tiền?","How much is Vietnamese chocolate?","money-numbers-prices","price-item","intermediate","english-to-vietnamese|vietnamese-to-english|missing-token|distractor|likely-reply","planned","approved"
"vpe-need-item-toi-can-nuoc-hoa-kho","Tôi cần nước hoa khô","I need solid perfume.","shopping","need-item","beginner","english-to-vietnamese|vietnamese-to-english|missing-token|distractor","planned","approved"
"vpe-have-item-co-nuoc-hoa-kho-khong","Có nước hoa khô không?","Do you have solid perfume?","shopping","have-item","beginner","english-to-vietnamese|vietnamese-to-english|missing-token|distractor|likely-reply","planned","approved"
"vpe-buy-item-toi-muon-mua-nuoc-hoa-kho","Tôi muốn mua nước hoa khô","I want to buy solid perfume.","shopping","buy-item","intermediate","english-to-vietnamese|vietnamese-to-english|missing-token|distractor","planned","approved"
"vpe-price-item-nuoc-hoa-kho-bao-nhieu-tien","nước hoa khô bao nhiêu tiền?","How much is solid perfume?","money-numbers-prices","price-item","intermediate","english-to-vietnamese|vietnamese-to-english|missing-token|distractor|likely-reply","planned","approved"
"vpe-need-item-toi-can-thiep-buu-dien","Tôi cần thiệp bưu điện","I need postcards.","shopping","need-item","beginner","english-to-vietnamese|vietnamese-to-english|missing-token|distractor","planned","approved"
"vpe-have-item-co-thiep-buu-dien-khong","Có thiệp bưu điện không?","Do you have postcards?","shopping","have-item","beginner","english-to-vietnamese|vietnamese-to-english|missing-token|distractor|likely-reply","planned","approved"
"vpe-buy-item-toi-muon-mua-thiep-buu-dien","Tôi muốn mua thiệp bưu điện","I want to buy postcards.","shopping","buy-item","intermediate","english-to-vietnamese|vietnamese-to-english|missing-token|distractor","planned","approved"
"vpe-price-item-thiep-buu-dien-bao-nhieu-tien","thiệp bưu điện bao nhiêu tiền?","How much is postcards?","money-numbers-prices","price-item","intermediate","english-to-vietnamese|vietnamese-to-english|missing-token|distractor|likely-reply","planned","approved"
"vpe-need-item-toi-can-tem-thu","Tôi cần tem thư","I need stamps.","local-services-everyday-tasks","need-item","beginner","english-to-vietnamese|vietnamese-to-english|missing-token|distractor","planned","approved"
"vpe-have-item-co-tem-thu-khong","Có tem thư không?","Do you have stamps?","local-services-everyday-tasks","have-item","beginner","english-to-vietnamese|vietnamese-to-english|missing-token|distractor|likely-reply","planned","approved"
"vpe-buy-item-toi-muon-mua-tem-thu","Tôi muốn mua tem thư","I want to buy stamps.","shopping","buy-item","beginner","english-to-vietnamese|vietnamese-to-english|missing-token|distractor","planned","approved"
"vpe-price-item-tem-thu-bao-nhieu-tien","tem thư bao nhiêu tiền?","How much is stamps?","money-numbers-prices","price-item","beginner","english-to-vietnamese|vietnamese-to-english|missing-token|distractor|likely-reply","planned","approved"
"vpe-need-item-toi-can-phong-bi","Tôi cần phong bì","I need an envelope.","local-services-everyday-tasks","need-item","beginner","english-to-vietnamese|vietnamese-to-english|missing-token|distractor","planned","approved"
"vpe-have-item-co-phong-bi-khong","Có phong bì không?","Do you have an envelope?","local-services-everyday-tasks","have-item","beginner","english-to-vietnamese|vietnamese-to-english|missing-token|distractor|likely-reply","planned","approved"
"vpe-buy-item-toi-muon-mua-phong-bi","Tôi muốn mua phong bì","I want to buy an envelope.","shopping","buy-item","beginner","english-to-vietnamese|vietnamese-to-english|missing-token|distractor","planned","approved"
"vpe-price-item-phong-bi-bao-nhieu-tien","phong bì bao nhiêu tiền?","How much is an envelope?","money-numbers-prices","price-item","beginner","english-to-vietnamese|vietnamese-to-english|missing-token|distractor|likely-reply","planned","approved"
"vpe-need-item-toi-can-ban-in-mau","Tôi cần bản in màu","I need a color print.","local-services-everyday-tasks","need-item","beginner","english-to-vietnamese|vietnamese-to-english|missing-token|distractor","planned","approved"
"vpe-have-item-co-ban-in-mau-khong","Có bản in màu không?","Do you have a color print?","local-services-everyday-tasks","have-item","beginner","english-to-vietnamese|vietnamese-to-english|missing-token|distractor|likely-reply","planned","approved"
"vpe-buy-item-toi-muon-mua-ban-in-mau","Tôi muốn mua bản in màu","I want to buy a color print.","shopping","buy-item","intermediate","english-to-vietnamese|vietnamese-to-english|missing-token|distractor","planned","approved"
"vpe-price-item-ban-in-mau-bao-nhieu-tien","bản in màu bao nhiêu tiền?","How much is a color print?","money-numbers-prices","price-item","intermediate","english-to-vietnamese|vietnamese-to-english|missing-token|distractor|likely-reply","planned","approved"
"vpe-need-item-toi-can-ban-in-den-trang","Tôi cần bản in đen trắng","I need a black-and-white print.","local-services-everyday-tasks","need-item","intermediate","english-to-vietnamese|vietnamese-to-english|missing-token|distractor","planned","approved"
"vpe-have-item-co-ban-in-den-trang-khong","Có bản in đen trắng không?","Do you have a black-and-white print?","local-services-everyday-tasks","have-item","intermediate","english-to-vietnamese|vietnamese-to-english|missing-token|distractor|likely-reply","planned","approved"
"vpe-buy-item-toi-muon-mua-ban-in-den-trang","Tôi muốn mua bản in đen trắng","I want to buy a black-and-white print.","shopping","buy-item","intermediate","english-to-vietnamese|vietnamese-to-english|missing-token|distractor","planned","approved"
"vpe-price-item-ban-in-den-trang-bao-nhieu-tien","bản in đen trắng bao nhiêu tiền?","How much is a black-and-white print?","money-numbers-prices","price-item","intermediate","english-to-vietnamese|vietnamese-to-english|missing-token|distractor|likely-reply","planned","approved"
"vpe-need-item-toi-can-bang-keo","Tôi cần băng keo","I need tape.","local-services-everyday-tasks","need-item","beginner","english-to-vietnamese|vietnamese-to-english|missing-token|distractor","planned","approved"
"vpe-have-item-co-bang-keo-khong","Có băng keo không?","Do you have tape?","local-services-everyday-tasks","have-item","beginner","english-to-vietnamese|vietnamese-to-english|missing-token|distractor|likely-reply","planned","approved"
"vpe-buy-item-toi-muon-mua-bang-keo","Tôi muốn mua băng keo","I want to buy tape.","shopping","buy-item","beginner","english-to-vietnamese|vietnamese-to-english|missing-token|distractor","planned","approved"
"vpe-price-item-bang-keo-bao-nhieu-tien","băng keo bao nhiêu tiền?","How much is tape?","money-numbers-prices","price-item","beginner","english-to-vietnamese|vietnamese-to-english|missing-token|distractor|likely-reply","planned","approved"
"vpe-need-item-toi-can-but-bi","Tôi cần bút bi","I need a pen.","local-services-everyday-tasks","need-item","beginner","english-to-vietnamese|vietnamese-to-english|missing-token|distractor","planned","approved"
"vpe-have-item-co-but-bi-khong","Có bút bi không?","Do you have a pen?","local-services-everyday-tasks","have-item","beginner","english-to-vietnamese|vietnamese-to-english|missing-token|distractor|likely-reply","planned","approved"
"vpe-buy-item-toi-muon-mua-but-bi","Tôi muốn mua bút bi","I want to buy a pen.","shopping","buy-item","beginner","english-to-vietnamese|vietnamese-to-english|missing-token|distractor","planned","approved"
"vpe-price-item-but-bi-bao-nhieu-tien","bút bi bao nhiêu tiền?","How much is a pen?","money-numbers-prices","price-item","beginner","english-to-vietnamese|vietnamese-to-english|missing-token|distractor|likely-reply","planned","approved"
"vpe-need-item-toi-can-so-tay","Tôi cần sổ tay","I need a notebook.","shopping","need-item","beginner","english-to-vietnamese|vietnamese-to-english|missing-token|distractor","planned","approved"
"vpe-have-item-co-so-tay-khong","Có sổ tay không?","Do you have a notebook?","shopping","have-item","beginner","english-to-vietnamese|vietnamese-to-english|missing-token|distractor|likely-reply","planned","approved"
"vpe-buy-item-toi-muon-mua-so-tay","Tôi muốn mua sổ tay","I want to buy a notebook.","shopping","buy-item","beginner","english-to-vietnamese|vietnamese-to-english|missing-token|distractor","planned","approved"
"vpe-price-item-so-tay-bao-nhieu-tien","sổ tay bao nhiêu tiền?","How much is a notebook?","money-numbers-prices","price-item","beginner","english-to-vietnamese|vietnamese-to-english|missing-token|distractor|likely-reply","planned","approved"
"vpe-need-item-toi-can-pin-aa","Tôi cần pin AA","I need AA batteries.","shopping","need-item","beginner","english-to-vietnamese|vietnamese-to-english|missing-token|distractor","planned","approved"
"vpe-have-item-co-pin-aa-khong","Có pin AA không?","Do you have AA batteries?","shopping","have-item","beginner","english-to-vietnamese|vietnamese-to-english|missing-token|distractor|likely-reply","planned","approved"
"vpe-buy-item-toi-muon-mua-pin-aa","Tôi muốn mua pin AA","I want to buy AA batteries.","shopping","buy-item","beginner","english-to-vietnamese|vietnamese-to-english|missing-token|distractor","planned","approved"
"vpe-price-item-pin-aa-bao-nhieu-tien","pin AA bao nhiêu tiền?","How much is AA batteries?","money-numbers-prices","price-item","beginner","english-to-vietnamese|vietnamese-to-english|missing-token|distractor|likely-reply","planned","approved"
"vpe-need-item-toi-can-dao-cao","Tôi cần dao cạo","I need a razor.","bathroom-personal-needs","need-item","beginner","english-to-vietnamese|vietnamese-to-english|missing-token|distractor","planned","approved"
"vpe-have-item-co-dao-cao-khong","Có dao cạo không?","Do you have a razor?","bathroom-personal-needs","have-item","beginner","english-to-vietnamese|vietnamese-to-english|missing-token|distractor|likely-reply","planned","approved"
"vpe-buy-item-toi-muon-mua-dao-cao","Tôi muốn mua dao cạo","I want to buy a razor.","shopping","buy-item","beginner","english-to-vietnamese|vietnamese-to-english|missing-token|distractor","planned","approved"
"vpe-price-item-dao-cao-bao-nhieu-tien","dao cạo bao nhiêu tiền?","How much is a razor?","money-numbers-prices","price-item","beginner","english-to-vietnamese|vietnamese-to-english|missing-token|distractor|likely-reply","planned","approved"
"vpe-need-item-toi-can-luoc","Tôi cần lược","I need a comb.","bathroom-personal-needs","need-item","beginner","english-to-vietnamese|vietnamese-to-english|missing-token|distractor","planned","approved"
"vpe-have-item-co-luoc-khong","Có lược không?","Do you have a comb?","bathroom-personal-needs","have-item","beginner","english-to-vietnamese|vietnamese-to-english|missing-token|distractor|likely-reply","planned","approved"
"vpe-buy-item-toi-muon-mua-luoc","Tôi muốn mua lược","I want to buy a comb.","shopping","buy-item","beginner","english-to-vietnamese|vietnamese-to-english|missing-token|distractor","planned","approved"
"vpe-price-item-luoc-bao-nhieu-tien","lược bao nhiêu tiền?","How much is a comb?","money-numbers-prices","price-item","beginner","english-to-vietnamese|vietnamese-to-english|missing-token|distractor|likely-reply","planned","approved"
"vpe-need-item-toi-can-do-giat","Tôi cần đồ giặt","I need laundry.","local-services-everyday-tasks","need-item","beginner","english-to-vietnamese|vietnamese-to-english|missing-token|distractor","planned","approved"
"vpe-have-item-co-do-giat-khong","Có đồ giặt không?","Do you have laundry?","local-services-everyday-tasks","have-item","beginner","english-to-vietnamese|vietnamese-to-english|missing-token|distractor|likely-reply","planned","approved"
"vpe-buy-item-toi-muon-mua-do-giat","Tôi muốn mua đồ giặt","I want to buy laundry.","shopping","buy-item","beginner","english-to-vietnamese|vietnamese-to-english|missing-token|distractor","planned","approved"
"vpe-price-item-do-giat-bao-nhieu-tien","đồ giặt bao nhiêu tiền?","How much is laundry?","money-numbers-prices","price-item","beginner","english-to-vietnamese|vietnamese-to-english|missing-token|distractor|likely-reply","planned","approved"
"vpe-need-item-toi-can-dich-vu-giat-nhanh","Tôi cần dịch vụ giặt nhanh","I need same-day laundry.","local-services-everyday-tasks","need-item","intermediate","english-to-vietnamese|vietnamese-to-english|missing-token|distractor","planned","approved"
"vpe-have-item-co-dich-vu-giat-nhanh-khong","Có dịch vụ giặt nhanh không?","Do you have same-day laundry?","local-services-everyday-tasks","have-item","intermediate","english-to-vietnamese|vietnamese-to-english|missing-token|distractor|likely-reply","planned","approved"
"vpe-buy-item-toi-muon-mua-dich-vu-giat-nhanh","Tôi muốn mua dịch vụ giặt nhanh","I want to buy same-day laundry.","shopping","buy-item","intermediate","english-to-vietnamese|vietnamese-to-english|missing-token|distractor","planned","approved"
"vpe-price-item-dich-vu-giat-nhanh-bao-nhieu-tien","dịch vụ giặt nhanh bao nhiêu tiền?","How much is same-day laundry?","money-numbers-prices","price-item","intermediate","english-to-vietnamese|vietnamese-to-english|missing-token|distractor|likely-reply","planned","approved"
"vpe-need-item-toi-can-nuoc-uong-dong-chai","Tôi cần nước uống đóng chai","I need sealed drinking water.","food-drink","need-item","intermediate","english-to-vietnamese|vietnamese-to-english|missing-token|distractor","planned","approved"
"vpe-have-item-co-nuoc-uong-dong-chai-khong","Có nước uống đóng chai không?","Do you have sealed drinking water?","food-drink","have-item","intermediate","english-to-vietnamese|vietnamese-to-english|missing-token|distractor|likely-reply","planned","approved"
"vpe-buy-item-toi-muon-mua-nuoc-uong-dong-chai","Tôi muốn mua nước uống đóng chai","I want to buy sealed drinking water.","food-drink","buy-item","intermediate","english-to-vietnamese|vietnamese-to-english|missing-token|distractor","planned","approved"
"vpe-price-item-nuoc-uong-dong-chai-bao-nhieu-tien","nước uống đóng chai bao nhiêu tiền?","How much is sealed drinking water?","money-numbers-prices","price-item","intermediate","english-to-vietnamese|vietnamese-to-english|missing-token|distractor|likely-reply","planned","approved"
"vpe-need-item-toi-can-coc-giay","Tôi cần cốc giấy","I need a paper cup.","food-drink","need-item","beginner","english-to-vietnamese|vietnamese-to-english|missing-token|distractor","planned","approved"
"vpe-have-item-co-coc-giay-khong","Có cốc giấy không?","Do you have a paper cup?","food-drink","have-item","beginner","english-to-vietnamese|vietnamese-to-english|missing-token|distractor|likely-reply","planned","approved"
"vpe-buy-item-toi-muon-mua-coc-giay","Tôi muốn mua cốc giấy","I want to buy a paper cup.","food-drink","buy-item","beginner","english-to-vietnamese|vietnamese-to-english|missing-token|distractor","planned","approved"
"vpe-price-item-coc-giay-bao-nhieu-tien","cốc giấy bao nhiêu tiền?","How much is a paper cup?","money-numbers-prices","price-item","beginner","english-to-vietnamese|vietnamese-to-english|missing-token|distractor|likely-reply","planned","approved"
"vpe-need-item-toi-can-khan-lanh","Tôi cần khăn lạnh","I need a cold towel.","food-drink","need-item","beginner","english-to-vietnamese|vietnamese-to-english|missing-token|distractor","planned","approved"
"vpe-have-item-co-khan-lanh-khong","Có khăn lạnh không?","Do you have a cold towel?","food-drink","have-item","beginner","english-to-vietnamese|vietnamese-to-english|missing-token|distractor|likely-reply","planned","approved"
"vpe-buy-item-toi-muon-mua-khan-lanh","Tôi muốn mua khăn lạnh","I want to buy a cold towel.","food-drink","buy-item","beginner","english-to-vietnamese|vietnamese-to-english|missing-token|distractor","planned","approved"
"vpe-price-item-khan-lanh-bao-nhieu-tien","khăn lạnh bao nhiêu tiền?","How much is a cold towel?","money-numbers-prices","price-item","beginner","english-to-vietnamese|vietnamese-to-english|missing-token|distractor|likely-reply","planned","approved"
"vpe-need-item-toi-can-nuoc-khong-duong","Tôi cần nước không đường","I need unsweetened drink.","food-drink","need-item","beginner","english-to-vietnamese|vietnamese-to-english|missing-token|distractor","planned","approved"
"vpe-have-item-co-nuoc-khong-duong-khong","Có nước không đường không?","Do you have unsweetened drink?","food-drink","have-item","beginner","english-to-vietnamese|vietnamese-to-english|missing-token|distractor|likely-reply","planned","approved"
"vpe-buy-item-toi-muon-mua-nuoc-khong-duong","Tôi muốn mua nước không đường","I want to buy unsweetened drink.","food-drink","buy-item","intermediate","english-to-vietnamese|vietnamese-to-english|missing-token|distractor","planned","approved"
"vpe-price-item-nuoc-khong-duong-bao-nhieu-tien","nước không đường bao nhiêu tiền?","How much is unsweetened drink?","money-numbers-prices","price-item","intermediate","english-to-vietnamese|vietnamese-to-english|missing-token|distractor|likely-reply","planned","approved"
"vpe-one-item-please-cho-toi-mot-nuoc-suoi","Cho tôi nước suối","Bottled water, please.","food-drink","one-item-please","beginner","english-to-vietnamese|vietnamese-to-english|missing-token|distractor","planned","approved"
"vpe-one-item-please-cho-toi-mot-nuoc-loc","Cho tôi nước lọc","Filtered water, please.","food-drink","one-item-please","beginner","english-to-vietnamese|vietnamese-to-english|missing-token|distractor","planned","approved"
"vpe-one-item-please-cho-toi-mot-nuoc-nong","Cho tôi nước nóng","Hot water, please.","food-drink","one-item-please","beginner","english-to-vietnamese|vietnamese-to-english|missing-token|distractor","planned","approved"
"vpe-one-item-please-cho-toi-mot-da","Cho tôi đá","Ice, please.","food-drink","one-item-please","beginner","english-to-vietnamese|vietnamese-to-english|missing-token|distractor","planned","approved"
"vpe-one-item-please-cho-toi-mot-khan-giay","Cho tôi một ít khăn giấy","Some tissues, please.","bathroom-personal-needs","one-item-please","beginner","english-to-vietnamese|vietnamese-to-english|missing-token|distractor","planned","approved"
"vpe-one-item-please-cho-toi-mot-giay-ve-sinh","Cho tôi giấy vệ sinh","Toilet paper, please.","bathroom-personal-needs","one-item-please","intermediate","english-to-vietnamese|vietnamese-to-english|missing-token|distractor","planned","approved"
"vpe-one-item-please-cho-toi-mot-xa-phong","Cho tôi xà phòng","Soap, please.","bathroom-personal-needs","one-item-please","beginner","english-to-vietnamese|vietnamese-to-english|missing-token|distractor","planned","approved"
"vpe-one-item-please-cho-toi-mot-kem-chong-nang","Cho tôi kem chống nắng","Sunscreen, please.","shopping","one-item-please","intermediate","english-to-vietnamese|vietnamese-to-english|missing-token|distractor","planned","approved"
"vpe-one-item-please-cho-toi-mot-thuoc-dau-dau","Cho tôi thuốc đau đầu","Headache medicine, please.","health-pharmacy","one-item-please","intermediate","english-to-vietnamese|vietnamese-to-english|missing-token|distractor","planned","approved"
"vpe-one-item-please-cho-toi-mot-thuoc-dau-bung","Cho tôi thuốc đau bụng","Stomach medicine, please.","health-pharmacy","one-item-please","intermediate","english-to-vietnamese|vietnamese-to-english|missing-token|distractor","planned","approved"
"vpe-one-item-please-cho-toi-mot-thuoc-say-xe","Cho tôi thuốc say xe","Motion-sickness medicine, please.","health-pharmacy","one-item-please","intermediate","english-to-vietnamese|vietnamese-to-english|missing-token|distractor","planned","approved"
"vpe-one-item-please-cho-toi-mot-bang-ca-nhan","Cho tôi băng cá nhân","Bandages, please.","health-pharmacy","one-item-please","intermediate","english-to-vietnamese|vietnamese-to-english|missing-token|distractor","planned","approved"
"vpe-one-item-please-cho-toi-mot-khau-trang","Cho tôi khẩu trang","A face mask, please.","health-pharmacy","one-item-please","beginner","english-to-vietnamese|vietnamese-to-english|missing-token|distractor","planned","approved"
"vpe-one-item-please-cho-toi-mot-sac-dien-thoai","Cho tôi sạc điện thoại","A phone charger, please.","phone-internet-power","one-item-please","intermediate","english-to-vietnamese|vietnamese-to-english|missing-token|distractor","planned","approved"
"vpe-one-item-please-cho-toi-mot-day-sac","Cho tôi dây sạc","A charging cable, please.","phone-internet-power","one-item-please","beginner","english-to-vietnamese|vietnamese-to-english|missing-token|distractor","planned","approved"
"vpe-one-item-please-cho-toi-mot-pin-du-phong","Cho tôi pin dự phòng","A power bank, please.","phone-internet-power","one-item-please","intermediate","english-to-vietnamese|vietnamese-to-english|missing-token|distractor","planned","approved"
"vpe-one-item-please-cho-toi-mot-the-sim","Cho tôi thẻ SIM","A SIM card, please.","phone-internet-power","one-item-please","beginner","english-to-vietnamese|vietnamese-to-english|missing-token|distractor","planned","approved"
"vpe-one-item-please-cho-toi-mot-goi-data","Cho tôi gói data","A data package, please.","phone-internet-power","one-item-please","beginner","english-to-vietnamese|vietnamese-to-english|missing-token|distractor","planned","approved"
"vpe-one-item-please-cho-toi-mot-wi-fi","Cho tôi Wi-Fi","Wi-Fi, please.","phone-internet-power","one-item-please","beginner","english-to-vietnamese|vietnamese-to-english|missing-token|distractor","planned","approved"
"vpe-one-item-please-cho-toi-mot-mat-khau-wi-fi","Cho tôi mật khẩu Wi-Fi","The Wi-Fi password, please.","phone-internet-power","one-item-please","intermediate","english-to-vietnamese|vietnamese-to-english|missing-token|distractor","planned","approved"
"vpe-one-item-please-cho-toi-mot-ban-do-giay","Cho tôi bản đồ giấy","A paper map, please.","sightseeing-activities","one-item-please","intermediate","english-to-vietnamese|vietnamese-to-english|missing-token|distractor","planned","approved"
"vpe-one-item-please-cho-toi-mot-hoa-don","Cho tôi xin hóa đơn","May I have the receipt?","money-numbers-prices","one-item-please","beginner","english-to-vietnamese|vietnamese-to-english|missing-token|distractor","planned","approved"
"vpe-one-item-please-cho-toi-mot-tui-nilon","Cho tôi túi nilon","A plastic bag, please.","shopping","one-item-please","beginner","english-to-vietnamese|vietnamese-to-english|missing-token|distractor","planned","approved"
"vpe-one-item-please-cho-toi-mot-tui-giay","Cho tôi túi giấy","A paper bag, please.","shopping","one-item-please","beginner","english-to-vietnamese|vietnamese-to-english|missing-token|distractor","planned","approved"
"vpe-one-item-please-cho-toi-mot-thia","Cho tôi thìa","A spoon, please.","food-drink","one-item-please","beginner","english-to-vietnamese|vietnamese-to-english|missing-token|distractor","planned","approved"
"vpe-one-item-please-cho-toi-mot-dua","Cho tôi đũa","Chopsticks, please.","food-drink","one-item-please","beginner","english-to-vietnamese|vietnamese-to-english|missing-token|distractor","planned","approved"
"vpe-one-item-please-cho-toi-mot-ong-hut","Cho tôi ống hút","A straw, please.","food-drink","one-item-please","beginner","english-to-vietnamese|vietnamese-to-english|missing-token|distractor","planned","approved"
"vpe-one-item-please-cho-toi-mot-thuc-don-tieng-anh","Cho tôi thực đơn tiếng Anh","An English menu, please.","food-drink","one-item-please","intermediate","english-to-vietnamese|vietnamese-to-english|missing-token|distractor","planned","approved"
"vpe-one-item-please-cho-toi-mot-ca-phe-den","Cho tôi cà phê đen","Black coffee, please.","food-drink","one-item-please","intermediate","english-to-vietnamese|vietnamese-to-english|missing-token|distractor","planned","approved"
"vpe-one-item-please-cho-toi-mot-tra-da","Cho tôi trà đá","Iced tea, please.","food-drink","one-item-please","beginner","english-to-vietnamese|vietnamese-to-english|missing-token|distractor","planned","approved"
"vpe-one-item-please-cho-toi-mot-com-trang","Cho tôi cơm trắng","Plain rice, please.","food-drink","one-item-please","beginner","english-to-vietnamese|vietnamese-to-english|missing-token|distractor","planned","approved"
"vpe-one-item-please-cho-toi-mot-nuoc-mam","Cho tôi nước mắm","Fish sauce, please.","food-drink","one-item-please","beginner","english-to-vietnamese|vietnamese-to-english|missing-token|distractor","planned","approved"
"vpe-one-item-please-cho-toi-mot-tuong-ot","Cho tôi tương ớt","Chili sauce, please.","food-drink","one-item-please","beginner","english-to-vietnamese|vietnamese-to-english|missing-token|distractor","planned","approved"
"vpe-one-item-please-cho-toi-mot-rau-song","Cho tôi rau sống","Fresh herbs, please.","food-drink","one-item-please","beginner","english-to-vietnamese|vietnamese-to-english|missing-token|distractor","planned","approved"
"vpe-one-item-please-cho-toi-mot-do-chay","Cho tôi đồ chay","Vegetarian food, please.","food-drink","one-item-please","beginner","english-to-vietnamese|vietnamese-to-english|missing-token|distractor","planned","approved"
"vpe-one-item-please-cho-toi-mot-ve-mot-chieu","Cho tôi vé một chiều","A one-way ticket, please.","transport","one-item-please","intermediate","english-to-vietnamese|vietnamese-to-english|missing-token|distractor","planned","approved"
"vpe-one-item-please-cho-toi-mot-ve-khu-hoi","Cho tôi vé khứ hồi","A return ticket, please.","transport","one-item-please","intermediate","english-to-vietnamese|vietnamese-to-english|missing-token|distractor","planned","approved"
"vpe-one-item-please-cho-toi-mot-ve-nguoi-lon","Cho tôi vé người lớn","An adult ticket, please.","time-dates-booking","one-item-please","intermediate","english-to-vietnamese|vietnamese-to-english|missing-token|distractor","planned","approved"
"vpe-one-item-please-cho-toi-mot-ve-tre-em","Cho tôi vé trẻ em","A child ticket, please.","time-dates-booking","one-item-please","intermediate","english-to-vietnamese|vietnamese-to-english|missing-token|distractor","planned","approved"
"vpe-one-item-please-cho-toi-mot-phong-don","Cho tôi phòng đơn","A single room, please.","hotel-accommodation","one-item-please","beginner","english-to-vietnamese|vietnamese-to-english|missing-token|distractor","planned","approved"
"vpe-one-item-please-cho-toi-mot-phong-doi","Cho tôi phòng đôi","A double room, please.","hotel-accommodation","one-item-please","beginner","english-to-vietnamese|vietnamese-to-english|missing-token|distractor","planned","approved"
"vpe-one-item-please-cho-toi-mot-khan-tam","Cho tôi khăn tắm","A bath towel, please.","hotel-accommodation","one-item-please","beginner","english-to-vietnamese|vietnamese-to-english|missing-token|distractor","planned","approved"
"vpe-one-item-please-cho-toi-mot-chia-khoa-phong","Cho tôi chìa khóa phòng","The room key, please.","hotel-accommodation","one-item-please","intermediate","english-to-vietnamese|vietnamese-to-english|missing-token|distractor","planned","approved"
"vpe-one-item-please-cho-toi-mot-may-say-toc","Cho tôi máy sấy tóc","A hair dryer, please.","hotel-accommodation","one-item-please","intermediate","english-to-vietnamese|vietnamese-to-english|missing-token|distractor","planned","approved"
"vpe-one-item-please-cho-toi-mot-ban-chai-danh-rang","Cho tôi bàn chải đánh răng","A toothbrush, please.","hotel-accommodation","one-item-please","intermediate","english-to-vietnamese|vietnamese-to-english|missing-token|distractor","planned","approved"
"vpe-one-item-please-cho-toi-mot-kem-danh-rang","Cho tôi kem đánh răng","Toothpaste, please.","hotel-accommodation","one-item-please","intermediate","english-to-vietnamese|vietnamese-to-english|missing-token|distractor","planned","approved"
"vpe-one-item-please-cho-toi-mot-dau-goi","Cho tôi dầu gội","Shampoo, please.","hotel-accommodation","one-item-please","beginner","english-to-vietnamese|vietnamese-to-english|missing-token|distractor","planned","approved"
"vpe-one-item-please-cho-toi-mot-nuoc-rua-tay","Cho tôi nước rửa tay","Hand sanitizer, please.","bathroom-personal-needs","one-item-please","intermediate","english-to-vietnamese|vietnamese-to-english|missing-token|distractor","planned","approved"
"vpe-one-item-please-cho-toi-mot-o-che-mua","Cho tôi ô che mưa","An umbrella, please.","shopping","one-item-please","intermediate","english-to-vietnamese|vietnamese-to-english|missing-token|distractor","planned","approved"
"vpe-one-item-please-cho-toi-mot-ao-mua","Cho tôi áo mưa","A rain poncho, please.","shopping","one-item-please","beginner","english-to-vietnamese|vietnamese-to-english|missing-token|distractor","planned","approved"
"vpe-one-item-please-cho-toi-mot-mu-bao-hiem","Cho tôi mũ bảo hiểm","A helmet, please.","transport","one-item-please","intermediate","english-to-vietnamese|vietnamese-to-english|missing-token|distractor","planned","approved"
"vpe-one-item-please-cho-toi-mot-ve-vao-cua","Cho tôi vé vào cửa","An entrance ticket, please.","time-dates-booking","one-item-please","intermediate","english-to-vietnamese|vietnamese-to-english|missing-token|distractor","planned","approved"
"vpe-one-item-please-cho-toi-mot-lich-trinh-tour","Cho tôi lịch trình tour","The tour schedule, please.","sightseeing-activities","one-item-please","intermediate","english-to-vietnamese|vietnamese-to-english|missing-token|distractor","planned","approved"
"vpe-one-item-please-cho-toi-mot-ve-xe-buyt","Cho tôi vé xe buýt","A bus ticket, please.","transport","one-item-please","intermediate","english-to-vietnamese|vietnamese-to-english|missing-token|distractor","planned","approved"
"vpe-one-item-please-cho-toi-mot-ve-tau","Cho tôi vé tàu","A train ticket, please.","transport","one-item-please","beginner","english-to-vietnamese|vietnamese-to-english|missing-token|distractor","planned","approved"
"vpe-one-item-please-cho-toi-mot-ve-pha","Cho tôi vé phà","A ferry ticket, please.","transport","one-item-please","beginner","english-to-vietnamese|vietnamese-to-english|missing-token|distractor","planned","approved"
"vpe-one-item-please-cho-toi-mot-bien-lai-thanh-toan","Cho tôi biên lai thanh toán","Payment receipt, please.","money-numbers-prices","one-item-please","intermediate","english-to-vietnamese|vietnamese-to-english|missing-token|distractor","planned","approved"
"vpe-one-item-please-cho-toi-mot-tien-le","Cho tôi tiền lẻ","Small change, please.","money-numbers-prices","one-item-please","beginner","english-to-vietnamese|vietnamese-to-english|missing-token|distractor","planned","approved"
"vpe-one-item-please-cho-toi-mot-ma-qr","Cho tôi mã QR","A QR code, please.","money-numbers-prices","one-item-please","beginner","english-to-vietnamese|vietnamese-to-english|missing-token|distractor","planned","approved"
"vpe-one-item-please-cho-toi-mot-so-dien-thoai","Cho tôi số điện thoại","A phone number, please.","phone-internet-power","one-item-please","intermediate","english-to-vietnamese|vietnamese-to-english|missing-token|distractor","planned","approved"
"vpe-one-item-please-cho-toi-mot-dia-chi","Cho tôi địa chỉ","The address, please.","directions-navigation","one-item-please","beginner","english-to-vietnamese|vietnamese-to-english|missing-token|distractor","planned","approved"
"vpe-one-item-please-cho-toi-mot-ban-sao-ho-chieu","Cho tôi bản sao hộ chiếu","A passport copy, please.","airport-border-arrival","one-item-please","intermediate","english-to-vietnamese|vietnamese-to-english|missing-token|distractor","planned","approved"
"vpe-one-item-please-cho-toi-mot-anh-the","Cho tôi ảnh thẻ","Passport photos, please.","airport-border-arrival","one-item-please","beginner","english-to-vietnamese|vietnamese-to-english|missing-token|distractor","planned","approved"
"vpe-one-item-please-cho-toi-mot-phieu-dat-phong","Cho tôi phiếu đặt phòng","The hotel booking voucher, please.","hotel-accommodation","one-item-please","intermediate","english-to-vietnamese|vietnamese-to-english|missing-token|distractor","planned","approved"
"vpe-one-item-please-cho-toi-mot-ma-dat-cho","Cho tôi mã đặt chỗ","The booking code, please.","time-dates-booking","one-item-please","intermediate","english-to-vietnamese|vietnamese-to-english|missing-token|distractor","planned","approved"
"vpe-one-item-please-cho-toi-mot-cho-ngoi-gan-cua-so","Cho tôi chỗ ngồi gần cửa sổ","A window seat, please.","transport","one-item-please","intermediate","english-to-vietnamese|vietnamese-to-english|missing-token|distractor","planned","approved"
"vpe-one-item-please-cho-toi-mot-cho-ngoi-canh-loi-di","Cho tôi chỗ ngồi cạnh lối đi","An aisle seat, please.","transport","one-item-please","intermediate","english-to-vietnamese|vietnamese-to-english|missing-token|distractor","planned","approved"
"vpe-one-item-please-cho-toi-mot-nuoc-khong-da","Cho tôi nước không đá","Water without ice, please.","food-drink","one-item-please","intermediate","english-to-vietnamese|vietnamese-to-english|missing-token|distractor","planned","approved"
"vpe-one-item-please-cho-toi-mot-ca-phe-it-duong","Cho tôi cà phê ít đường","Coffee with less sugar, please.","food-drink","one-item-please","intermediate","english-to-vietnamese|vietnamese-to-english|missing-token|distractor","planned","approved"
"vpe-one-item-please-cho-toi-mot-mon-khong-cay","Cho tôi món không cay","A non-spicy dish, please.","food-drink","one-item-please","intermediate","english-to-vietnamese|vietnamese-to-english|missing-token|distractor","planned","approved"
"vpe-one-item-please-cho-toi-mot-mon-it-cay","Cho tôi món ít cay","A less spicy dish, please.","food-drink","one-item-please","intermediate","english-to-vietnamese|vietnamese-to-english|missing-token|distractor","planned","approved"
"vpe-one-item-please-cho-toi-mot-sua-dac","Cho tôi sữa đặc","Condensed milk, please.","food-drink","one-item-please","beginner","english-to-vietnamese|vietnamese-to-english|missing-token|distractor","planned","approved"
"vpe-one-item-please-cho-toi-mot-sua-tuoi","Cho tôi sữa tươi","Fresh milk, please.","food-drink","one-item-please","beginner","english-to-vietnamese|vietnamese-to-english|missing-token|distractor","planned","approved"
"vpe-one-item-please-cho-toi-mot-nuoc-dua","Cho tôi nước dừa","Coconut water, please.","food-drink","one-item-please","beginner","english-to-vietnamese|vietnamese-to-english|missing-token|distractor","planned","approved"
"vpe-one-item-please-cho-toi-mot-sinh-to-xoai","Cho tôi sinh tố xoài","Mango smoothie, please.","food-drink","one-item-please","intermediate","english-to-vietnamese|vietnamese-to-english|missing-token|distractor","planned","approved"
"vpe-one-item-please-cho-toi-mot-banh-mi-chay","Cho tôi bánh mì chay","Vegetarian bánh mì, please.","food-drink","one-item-please","intermediate","english-to-vietnamese|vietnamese-to-english|missing-token|distractor","planned","approved"
"vpe-one-item-please-cho-toi-mot-pho-bo","Cho tôi phở bò","Beef phở, please.","food-drink","one-item-please","beginner","english-to-vietnamese|vietnamese-to-english|missing-token|distractor","planned","approved"
"vpe-one-item-please-cho-toi-mot-pho-ga","Cho tôi phở gà","Chicken phở, please.","food-drink","one-item-please","beginner","english-to-vietnamese|vietnamese-to-english|missing-token|distractor","planned","approved"
"vpe-one-item-please-cho-toi-mot-bun-cha","Cho tôi bún chả","Bún chả, please.","food-drink","one-item-please","beginner","english-to-vietnamese|vietnamese-to-english|missing-token|distractor","planned","approved"
"vpe-one-item-please-cho-toi-mot-banh-xeo","Cho tôi bánh xèo","Bánh xèo, please.","food-drink","one-item-please","beginner","english-to-vietnamese|vietnamese-to-english|missing-token|distractor","planned","approved"
"vpe-one-item-please-cho-toi-mot-goi-cuon","Cho tôi gỏi cuốn","Fresh spring rolls, please.","food-drink","one-item-please","beginner","english-to-vietnamese|vietnamese-to-english|missing-token|distractor","planned","approved"
"vpe-one-item-please-cho-toi-mot-nuoc-cham","Cho tôi nước chấm","Dipping sauce, please.","food-drink","one-item-please","beginner","english-to-vietnamese|vietnamese-to-english|missing-token|distractor","planned","approved"
"vpe-one-item-please-cho-toi-mot-hop-mang-ve","Cho tôi hộp mang về","A takeaway box, please.","food-drink","one-item-please","intermediate","english-to-vietnamese|vietnamese-to-english|missing-token|distractor","planned","approved"
"vpe-one-item-please-cho-toi-mot-tui-mang-ve","Cho tôi túi mang về","A takeaway bag, please.","food-drink","one-item-please","intermediate","english-to-vietnamese|vietnamese-to-english|missing-token|distractor","planned","approved"
"vpe-one-item-please-cho-toi-mot-ban-cho-hai-nguoi","Cho tôi bàn cho hai người","A table for two, please.","food-drink","one-item-please","intermediate","english-to-vietnamese|vietnamese-to-english|missing-token|distractor","planned","approved"
"vpe-one-item-please-cho-toi-mot-ban-ngoai-troi","Cho tôi bàn ngoài trời","An outdoor table, please.","food-drink","one-item-please","intermediate","english-to-vietnamese|vietnamese-to-english|missing-token|distractor","planned","approved"
"vpe-one-item-please-cho-toi-mot-cho-ngoi-yen-tinh","Cho tôi chỗ ngồi yên tĩnh","A quiet seat, please.","food-drink","one-item-please","intermediate","english-to-vietnamese|vietnamese-to-english|missing-token|distractor","planned","approved"
"vpe-one-item-please-cho-toi-mot-do-uong-lanh","Cho tôi đồ uống lạnh","A cold drink, please.","food-drink","one-item-please","intermediate","english-to-vietnamese|vietnamese-to-english|missing-token|distractor","planned","approved"
"vpe-one-item-please-cho-toi-mot-do-uong-nong","Cho tôi đồ uống nóng","A hot drink, please.","food-drink","one-item-please","intermediate","english-to-vietnamese|vietnamese-to-english|missing-token|distractor","planned","approved"
"vpe-one-item-please-cho-toi-mot-nuoc-dien-giai","Cho tôi nước điện giải","Electrolyte drink, please.","health-pharmacy","one-item-please","intermediate","english-to-vietnamese|vietnamese-to-english|missing-token|distractor","planned","approved"
"vpe-one-item-please-cho-toi-mot-thuoc-cam","Cho tôi thuốc cảm","Cold medicine, please.","health-pharmacy","one-item-please","beginner","english-to-vietnamese|vietnamese-to-english|missing-token|distractor","planned","approved"
"vpe-one-item-please-cho-toi-mot-thuoc-di-ung","Cho tôi thuốc dị ứng","Allergy medicine, please.","health-pharmacy","one-item-please","intermediate","english-to-vietnamese|vietnamese-to-english|missing-token|distractor","planned","approved"
"vpe-one-item-please-cho-toi-mot-kem-chong-muoi","Cho tôi kem chống muỗi","Mosquito repellent, please.","health-pharmacy","one-item-please","intermediate","english-to-vietnamese|vietnamese-to-english|missing-token|distractor","planned","approved"
"vpe-one-item-please-cho-toi-mot-nhiet-ke","Cho tôi nhiệt kế","A thermometer, please.","health-pharmacy","one-item-please","beginner","english-to-vietnamese|vietnamese-to-english|missing-token|distractor","planned","approved"
"vpe-one-item-please-cho-toi-mot-nuoc-muoi-sinh-ly","Cho tôi nước muối sinh lý","Saline solution, please.","health-pharmacy","one-item-please","intermediate","english-to-vietnamese|vietnamese-to-english|missing-token|distractor","planned","approved"
"vpe-one-item-please-cho-toi-mot-thuoc-nho-mat","Cho tôi thuốc nhỏ mắt","Eye drops, please.","health-pharmacy","one-item-please","intermediate","english-to-vietnamese|vietnamese-to-english|missing-token|distractor","planned","approved"
"vpe-one-item-please-cho-toi-mot-thuoc-ho","Cho tôi thuốc ho","Cough medicine, please.","health-pharmacy","one-item-please","beginner","english-to-vietnamese|vietnamese-to-english|missing-token|distractor","planned","approved"
"vpe-one-item-please-cho-toi-mot-men-tieu-hoa","Cho tôi men tiêu hóa","Digestive probiotics, please.","health-pharmacy","one-item-please","intermediate","english-to-vietnamese|vietnamese-to-english|missing-token|distractor","planned","approved"
"vpe-one-item-please-cho-toi-mot-mieng-dan-ha-sot","Cho tôi miếng dán hạ sốt","Cooling patches, please.","health-pharmacy","one-item-please","intermediate","english-to-vietnamese|vietnamese-to-english|missing-token|distractor","planned","approved"
"vpe-one-item-please-cho-toi-mot-sim-du-lich","Cho tôi sim du lịch","A travel SIM, please.","phone-internet-power","one-item-please","intermediate","english-to-vietnamese|vietnamese-to-english|missing-token|distractor","planned","approved"
"vpe-one-item-please-cho-toi-mot-esim","Cho tôi eSIM","An eSIM, please.","phone-internet-power","one-item-please","beginner","english-to-vietnamese|vietnamese-to-english|missing-token|distractor","planned","approved"
"vpe-one-item-please-cho-toi-mot-o-cam-chuyen-doi","Cho tôi ổ cắm chuyển đổi","A plug adapter, please.","phone-internet-power","one-item-please","intermediate","english-to-vietnamese|vietnamese-to-english|missing-token|distractor","planned","approved"
"vpe-one-item-please-cho-toi-mot-tai-nghe","Cho tôi tai nghe","Earphones, please.","shopping","one-item-please","beginner","english-to-vietnamese|vietnamese-to-english|missing-token|distractor","planned","approved"
"vpe-one-item-please-cho-toi-mot-op-dien-thoai","Cho tôi ốp điện thoại","A phone case, please.","shopping","one-item-please","intermediate","english-to-vietnamese|vietnamese-to-english|missing-token|distractor","planned","approved"
"vpe-one-item-please-cho-toi-mot-kinh-ram","Cho tôi kính râm","Sunglasses, please.","shopping","one-item-please","beginner","english-to-vietnamese|vietnamese-to-english|missing-token|distractor","planned","approved"
"vpe-one-item-please-cho-toi-mot-dep-le","Cho tôi dép lê","Flip-flops, please.","shopping","one-item-please","beginner","english-to-vietnamese|vietnamese-to-english|missing-token|distractor","planned","approved"
"vpe-one-item-please-cho-toi-mot-ba-lo-nho","Cho tôi ba lô nhỏ","A small backpack, please.","shopping","one-item-please","intermediate","english-to-vietnamese|vietnamese-to-english|missing-token|distractor","planned","approved"
"vpe-one-item-please-cho-toi-mot-vali-nho","Cho tôi vali nhỏ","A small suitcase, please.","shopping","one-item-please","beginner","english-to-vietnamese|vietnamese-to-english|missing-token|distractor","planned","approved"
"vpe-one-item-please-cho-toi-mot-ao-thun","Cho tôi áo thun","A T-shirt, please.","shopping","one-item-please","beginner","english-to-vietnamese|vietnamese-to-english|missing-token|distractor","planned","approved"
"vpe-one-item-please-cho-toi-mot-quan-short","Cho tôi quần short","Shorts, please.","shopping","one-item-please","beginner","english-to-vietnamese|vietnamese-to-english|missing-token|distractor","planned","approved"
"vpe-one-item-please-cho-toi-mot-mu-luoi-trai","Cho tôi mũ lưỡi trai","A baseball cap, please.","shopping","one-item-please","intermediate","english-to-vietnamese|vietnamese-to-english|missing-token|distractor","planned","approved"
"vpe-one-item-please-cho-toi-mot-qua-luu-niem","Cho tôi quà lưu niệm","Souvenirs, please.","shopping","one-item-please","intermediate","english-to-vietnamese|vietnamese-to-english|missing-token|distractor","planned","approved"
"vpe-one-item-please-cho-toi-mot-nam-cham-tu-lanh","Cho tôi nam châm tủ lạnh","Fridge magnets, please.","shopping","one-item-please","intermediate","english-to-vietnamese|vietnamese-to-english|missing-token|distractor","planned","approved"
"vpe-one-item-please-cho-toi-mot-ca-phe-rang","Cho tôi cà phê rang","Roasted coffee, please.","shopping","one-item-please","intermediate","english-to-vietnamese|vietnamese-to-english|missing-token|distractor","planned","approved"
"vpe-help-action-anh-chi-giup-toi-goi-taxi-duoc-khong","Giúp tôi gọi taxi được không?","Can you help me call a taxi?","transport","help-action","intermediate","english-to-vietnamese|vietnamese-to-english|missing-token|polite-register|distractor","planned","approved"
"vpe-help-action-anh-chi-giup-toi-goi-xe-cong-nghe-duoc-khong","Giúp tôi gọi xe công nghệ được không?","Can you help me call a ride-share car?","transport","help-action","intermediate","english-to-vietnamese|vietnamese-to-english|missing-token|polite-register|distractor","planned","approved"
"vpe-help-action-anh-chi-giup-toi-chi-duong-duoc-khong","Giúp tôi chỉ đường được không?","Can you show me the way?","directions-navigation","help-action","intermediate","english-to-vietnamese|vietnamese-to-english|missing-token|polite-register|distractor","planned","approved"
"vpe-help-action-anh-chi-giup-toi-viet-dia-chi-duoc-khong","Giúp tôi viết địa chỉ được không?","Can you help me write the address?","directions-navigation","help-action","intermediate","english-to-vietnamese|vietnamese-to-english|missing-token|polite-register|distractor","planned","approved"
"vpe-help-action-anh-chi-giup-toi-doc-so-nay-duoc-khong","Giúp tôi đọc số này được không?","Can you help me read this number?","money-numbers-prices","help-action","intermediate","english-to-vietnamese|vietnamese-to-english|missing-token|polite-register|distractor","planned","approved"
"vpe-help-action-anh-chi-giup-toi-nhap-ma-nay-duoc-khong","Giúp tôi nhập mã này được không?","Can you help me enter this code?","phone-internet-power","help-action","intermediate","english-to-vietnamese|vietnamese-to-english|missing-token|polite-register|distractor","planned","approved"
"vpe-help-action-anh-chi-giup-toi-goi-so-nay-duoc-khong","Giúp tôi gọi số này được không?","Can you help me call this number?","phone-internet-power","help-action","intermediate","english-to-vietnamese|vietnamese-to-english|missing-token|polite-register|distractor","planned","approved"
"vpe-help-action-anh-chi-giup-toi-chup-anh-giup-toi-duoc-khong","Chụp ảnh giúp tôi được không?","Can you take a photo for me?","sightseeing-activities","help-action","intermediate","english-to-vietnamese|vietnamese-to-english|missing-token|polite-register|distractor","planned","approved"
"vpe-help-action-anh-chi-giup-toi-doi-tien-duoc-khong","Giúp tôi đổi tiền được không?","Can you help me exchange money?","money-numbers-prices","help-action","intermediate","english-to-vietnamese|vietnamese-to-english|missing-token|polite-register|distractor","planned","approved"
"vpe-help-action-anh-chi-giup-toi-in-ve-nay-duoc-khong","Giúp tôi in vé này được không?","Can you help me print this ticket?","local-services-everyday-tasks","help-action","intermediate","english-to-vietnamese|vietnamese-to-english|missing-token|polite-register|distractor","planned","approved"
"vpe-help-action-anh-chi-giup-toi-scan-ma-qr-duoc-khong","Giúp tôi scan mã QR được không?","Can you help me scan the QR code?","money-numbers-prices","help-action","intermediate","english-to-vietnamese|vietnamese-to-english|missing-token|polite-register|distractor","planned","approved"
"vpe-help-action-anh-chi-giup-toi-kiem-tra-dat-phong-duoc-khong","Giúp tôi kiểm tra đặt phòng được không?","Can you help me check my reservation?","hotel-accommodation","help-action","intermediate","english-to-vietnamese|vietnamese-to-english|missing-token|polite-register|distractor","planned","approved"
"vpe-help-action-anh-chi-giup-toi-kiem-tra-ve-duoc-khong","Giúp tôi kiểm tra vé được không?","Can you help me check the ticket?","time-dates-booking","help-action","intermediate","english-to-vietnamese|vietnamese-to-english|missing-token|polite-register|distractor","planned","approved"
"vpe-help-action-anh-chi-giup-toi-tim-hanh-ly-duoc-khong","Giúp tôi tìm hành lý được không?","Can you help me find my luggage?","airport-border-arrival","help-action","intermediate","english-to-vietnamese|vietnamese-to-english|missing-token|polite-register|distractor","planned","approved"
"vpe-help-action-anh-chi-giup-toi-mo-cua-phong-duoc-khong","Giúp tôi mở cửa phòng được không?","Can you help me open the room door?","hotel-accommodation","help-action","intermediate","english-to-vietnamese|vietnamese-to-english|missing-token|polite-register|distractor","planned","approved"
"vpe-help-action-anh-chi-giup-toi-sua-wi-fi-duoc-khong","Giúp tôi sửa Wi-Fi được không?","Can you help me fix the Wi-Fi?","phone-internet-power","help-action","intermediate","english-to-vietnamese|vietnamese-to-english|missing-token|polite-register|distractor","planned","approved"
"vpe-help-action-anh-chi-giup-toi-sac-dien-thoai-duoc-khong","Giúp tôi sạc điện thoại được không?","Can you help me charge my phone?","phone-internet-power","help-action","intermediate","english-to-vietnamese|vietnamese-to-english|missing-token|polite-register|distractor","planned","approved"
"vpe-help-action-anh-chi-giup-toi-doi-phong-duoc-khong","Giúp tôi đổi phòng được không?","Can you help me change rooms?","hotel-accommodation","help-action","intermediate","english-to-vietnamese|vietnamese-to-english|missing-token|polite-register|distractor","planned","approved"
"vpe-help-action-anh-chi-giup-toi-goi-quan-ly-duoc-khong","Giúp tôi gọi quản lý được không?","Can you help me call a manager?","problems-help","help-action","intermediate","english-to-vietnamese|vietnamese-to-english|missing-token|polite-register|distractor","planned","approved"
"vpe-help-action-anh-chi-giup-toi-dich-cau-nay-duoc-khong","Giúp tôi dịch câu này được không?","Can you help me translate this sentence?","understanding-repair","help-action","intermediate","english-to-vietnamese|vietnamese-to-english|missing-token|polite-register|distractor","planned","approved"
"vpe-help-action-anh-chi-giup-toi-noi-cham-lai-duoc-khong","Nói chậm lại giúp tôi được không?","Can you speak more slowly?","understanding-repair","help-action","intermediate","english-to-vietnamese|vietnamese-to-english|missing-token|polite-register|distractor","planned","approved"
"vpe-help-action-anh-chi-giup-toi-noi-lai-lan-nua-duoc-khong","Nói lại lần nữa giúp tôi được không?","Can you say it one more time?","understanding-repair","help-action","intermediate","english-to-vietnamese|vietnamese-to-english|missing-token|polite-register|distractor","planned","approved"
"vpe-help-action-anh-chi-giup-toi-dua-toi-den-benh-vien-duoc-khong","Đưa tôi đến bệnh viện giúp tôi được không?","Can you take me to the hospital?","emergency-safety","help-action","intermediate","english-to-vietnamese|vietnamese-to-english|missing-token|polite-register|distractor","planned","approved"
"vpe-help-action-anh-chi-giup-toi-goi-bac-si-duoc-khong","Giúp tôi gọi bác sĩ được không?","Can you help me call a doctor?","health-pharmacy","help-action","intermediate","english-to-vietnamese|vietnamese-to-english|missing-token|polite-register|distractor","planned","approved"
"vpe-help-action-anh-chi-giup-toi-goi-canh-sat-duoc-khong","Giúp tôi gọi cảnh sát được không?","Can you help me call the police?","emergency-safety","help-action","intermediate","english-to-vietnamese|vietnamese-to-english|missing-token|polite-register|distractor","planned","approved"
"vpe-help-action-anh-chi-giup-toi-tim-nha-thuoc-duoc-khong","Giúp tôi tìm nhà thuốc được không?","Can you help me find a pharmacy?","health-pharmacy","help-action","intermediate","english-to-vietnamese|vietnamese-to-english|missing-token|polite-register|distractor","planned","approved"
"vpe-help-action-anh-chi-giup-toi-doi-mon-nay-duoc-khong","Giúp tôi đổi món này được không?","Can you help me change this dish?","food-drink","help-action","intermediate","english-to-vietnamese|vietnamese-to-english|missing-token|polite-register|distractor","planned","approved"
"vpe-help-action-anh-chi-giup-toi-lam-lai-mon-nay-duoc-khong","Giúp tôi làm lại món này được không?","Can you help me remake this dish?","food-drink","help-action","intermediate","english-to-vietnamese|vietnamese-to-english|missing-token|polite-register|distractor","planned","approved"
"vpe-help-action-anh-chi-giup-toi-dong-goi-mon-nay-duoc-khong","Giúp tôi đóng gói món này được không?","Can you help me pack this food to go?","food-drink","help-action","intermediate","english-to-vietnamese|vietnamese-to-english|missing-token|polite-register|distractor","planned","approved"
"vpe-help-action-anh-chi-giup-toi-giu-ban-nay-duoc-khong","Giúp tôi giữ bàn này được không?","Can you help me hold this table?","food-drink","help-action","intermediate","english-to-vietnamese|vietnamese-to-english|missing-token|polite-register|distractor","planned","approved"
"vpe-help-action-anh-chi-giup-toi-dat-ban-toi-nay-duoc-khong","Giúp tôi đặt bàn tối nay được không?","Can you help me book a table tonight?","food-drink","help-action","intermediate","english-to-vietnamese|vietnamese-to-english|missing-token|polite-register|distractor","planned","approved"
"vpe-help-action-anh-chi-giup-toi-dat-tour-ngay-mai-duoc-khong","Giúp tôi đặt tour ngày mai được không?","Can you help me book a tour tomorrow?","sightseeing-activities","help-action","intermediate","english-to-vietnamese|vietnamese-to-english|missing-token|polite-register|distractor","planned","approved"
"vpe-help-action-anh-chi-giup-toi-mua-ve-vao-cua-duoc-khong","Giúp tôi mua vé vào cửa được không?","Can you help me buy entrance tickets?","time-dates-booking","help-action","intermediate","english-to-vietnamese|vietnamese-to-english|missing-token|polite-register|distractor","planned","approved"
"vpe-help-action-anh-chi-giup-toi-tim-diem-don-duoc-khong","Giúp tôi tìm điểm đón được không?","Can you help me find the pickup point?","transport","help-action","intermediate","english-to-vietnamese|vietnamese-to-english|missing-token|polite-register|distractor","planned","approved"
"vpe-help-action-anh-chi-giup-toi-kiem-tra-gio-mo-cua-duoc-khong","Giúp tôi kiểm tra giờ mở cửa được không?","Can you help me check the opening time?","time-dates-booking","help-action","intermediate","english-to-vietnamese|vietnamese-to-english|missing-token|polite-register|distractor","planned","approved"
"vpe-help-action-anh-chi-giup-toi-kiem-tra-gio-dong-cua-duoc-khong","Giúp tôi kiểm tra giờ đóng cửa được không?","Can you help me check the closing time?","time-dates-booking","help-action","intermediate","english-to-vietnamese|vietnamese-to-english|missing-token|polite-register|distractor","planned","approved"
"vpe-help-action-anh-chi-giup-toi-gui-hanh-ly-duoc-khong","Giúp tôi gửi hành lý được không?","Can you help me store my luggage?","airport-border-arrival","help-action","intermediate","english-to-vietnamese|vietnamese-to-english|missing-token|polite-register|distractor","planned","approved"
"vpe-help-action-anh-chi-giup-toi-gui-buu-thiep-duoc-khong","Giúp tôi gửi bưu thiếp được không?","Can you help me send a postcard?","local-services-everyday-tasks","help-action","intermediate","english-to-vietnamese|vietnamese-to-english|missing-token|polite-register|distractor","planned","approved"
"vpe-help-action-anh-chi-giup-toi-dong-goi-do-nay-duoc-khong","Giúp tôi đóng gói đồ này được không?","Can you help me pack this item?","shopping","help-action","intermediate","english-to-vietnamese|vietnamese-to-english|missing-token|polite-register|distractor","planned","approved"
"vpe-help-action-anh-chi-giup-toi-kiem-tra-kich-co-duoc-khong","Giúp tôi kiểm tra kích cỡ được không?","Can you help me check the size?","shopping","help-action","intermediate","english-to-vietnamese|vietnamese-to-english|missing-token|polite-register|distractor","planned","approved"
"vpe-help-action-anh-chi-giup-toi-doi-size-khac-duoc-khong","Giúp tôi đổi size khác được không?","Can you help me change to another size?","shopping","help-action","intermediate","english-to-vietnamese|vietnamese-to-english|missing-token|polite-register|distractor","planned","approved"
"vpe-help-action-anh-chi-giup-toi-tim-mau-khac-duoc-khong","Giúp tôi tìm màu khác được không?","Can you help me find another color?","shopping","help-action","intermediate","english-to-vietnamese|vietnamese-to-english|missing-token|polite-register|distractor","planned","approved"
"vpe-help-action-anh-chi-giup-toi-ghi-gia-ra-day-duoc-khong","Giúp tôi ghi giá ra đây được không?","Can you help me write the price here?","money-numbers-prices","help-action","intermediate","english-to-vietnamese|vietnamese-to-english|missing-token|polite-register|distractor","planned","approved"
"vpe-help-action-anh-chi-giup-toi-cho-toi-hoa-don-duoc-khong","Cho tôi hóa đơn được không?","Can I have the receipt?","money-numbers-prices","help-action","intermediate","english-to-vietnamese|vietnamese-to-english|missing-token|polite-register|distractor","planned","approved"
"vpe-help-action-anh-chi-giup-toi-chia-hoa-don-duoc-khong","Giúp tôi chia hóa đơn được không?","Can you help me split the bill?","money-numbers-prices","help-action","intermediate","english-to-vietnamese|vietnamese-to-english|missing-token|polite-register|distractor","planned","approved"
"vpe-help-action-anh-chi-giup-toi-xac-nhan-dia-chi-duoc-khong","Giúp tôi xác nhận địa chỉ được không?","Can you help me confirm the address?","directions-navigation","help-action","intermediate","english-to-vietnamese|vietnamese-to-english|missing-token|polite-register|distractor","planned","approved"
"vpe-help-action-anh-chi-giup-toi-xac-nhan-gio-don-duoc-khong","Giúp tôi xác nhận giờ đón được không?","Can you help me confirm the pickup time?","transport","help-action","intermediate","english-to-vietnamese|vietnamese-to-english|missing-token|polite-register|distractor","planned","approved"
"vpe-help-action-anh-chi-giup-toi-xac-nhan-cong-ra-duoc-khong","Giúp tôi xác nhận cổng ra được không?","Can you help me confirm the gate?","airport-border-arrival","help-action","intermediate","english-to-vietnamese|vietnamese-to-english|missing-token|polite-register|distractor","planned","approved"
"vpe-help-action-anh-chi-giup-toi-xac-nhan-so-phong-duoc-khong","Giúp tôi xác nhận số phòng được không?","Can you help me confirm the room number?","hotel-accommodation","help-action","intermediate","english-to-vietnamese|vietnamese-to-english|missing-token|polite-register|distractor","planned","approved"
"vpe-help-action-anh-chi-giup-toi-xac-nhan-so-dien-thoai-duoc-khong","Giúp tôi xác nhận số điện thoại được không?","Can you help me confirm the phone number?","phone-internet-power","help-action","intermediate","english-to-vietnamese|vietnamese-to-english|missing-token|polite-register|distractor","planned","approved"
"vpe-help-action-anh-chi-giup-toi-xoa-mon-nay-khoi-hoa-don-duoc-khong","Giúp tôi xóa món này khỏi hóa đơn được không?","Can you help me remove this item from the bill?","money-numbers-prices","help-action","intermediate","english-to-vietnamese|vietnamese-to-english|missing-token|polite-register|distractor","planned","approved"
"vpe-help-action-anh-chi-giup-toi-bao-mat-ho-chieu-duoc-khong","Giúp tôi báo mất hộ chiếu được không?","Can you help me report a lost passport?","emergency-safety","help-action","intermediate","english-to-vietnamese|vietnamese-to-english|missing-token|polite-register|distractor","planned","approved"
"vpe-help-action-anh-chi-giup-toi-bao-mat-vi-duoc-khong","Giúp tôi báo mất ví được không?","Can you help me report a lost wallet?","emergency-safety","help-action","intermediate","english-to-vietnamese|vietnamese-to-english|missing-token|polite-register|distractor","planned","approved"
"vpe-help-action-anh-chi-giup-toi-tim-tram-y-te-duoc-khong","Giúp tôi tìm trạm y tế được không?","Can you help me find a medical station?","health-pharmacy","help-action","intermediate","english-to-vietnamese|vietnamese-to-english|missing-token|polite-register|distractor","planned","approved"
"vpe-help-action-anh-chi-giup-toi-goi-phien-dich-duoc-khong","Giúp tôi gọi phiên dịch được không?","Can you help me call an interpreter?","problems-help","help-action","intermediate","english-to-vietnamese|vietnamese-to-english|missing-token|polite-register|distractor","planned","approved"
"vpe-help-action-anh-chi-giup-toi-noi-bang-tieng-anh-duoc-khong","Nói bằng tiếng Anh giúp tôi được không?","Can you speak in English?","understanding-repair","help-action","intermediate","english-to-vietnamese|vietnamese-to-english|missing-token|polite-register|distractor","planned","approved"
"vpe-help-action-anh-chi-giup-toi-viet-bang-tieng-viet-duoc-khong","Giúp tôi viết bằng tiếng Việt được không?","Can you help me write it in Vietnamese?","understanding-repair","help-action","intermediate","english-to-vietnamese|vietnamese-to-english|missing-token|polite-register|distractor","planned","approved"
"vpe-help-action-anh-chi-giup-toi-chi-tren-ban-do-duoc-khong","Chỉ giúp tôi trên bản đồ được không?","Can you point it out on the map?","directions-navigation","help-action","intermediate","english-to-vietnamese|vietnamese-to-english|missing-token|polite-register|distractor","planned","approved"
"vpe-help-action-anh-chi-giup-toi-dung-o-day-duoc-khong","Dừng ở đây giúp tôi được không?","Can you stop here?","transport","help-action","intermediate","english-to-vietnamese|vietnamese-to-english|missing-token|polite-register|distractor","planned","approved"
"vpe-help-action-anh-chi-giup-toi-doi-toi-mot-chut-duoc-khong","Đợi tôi một chút được không?","Can you wait a moment?","transport","help-action","intermediate","english-to-vietnamese|vietnamese-to-english|missing-token|polite-register|distractor","planned","approved"
"vpe-help-action-anh-chi-giup-toi-dua-toi-ve-khach-san-duoc-khong","Đưa tôi về khách sạn giúp tôi được không?","Can you take me back to the hotel?","transport","help-action","intermediate","english-to-vietnamese|vietnamese-to-english|missing-token|polite-register|distractor","planned","approved"
"vpe-help-action-anh-chi-giup-toi-kiem-tra-duong-nay-duoc-khong","Giúp tôi kiểm tra đường này được không?","Can you help me check this route?","directions-navigation","help-action","intermediate","english-to-vietnamese|vietnamese-to-english|missing-token|polite-register|distractor","planned","approved"
"vpe-help-action-anh-chi-giup-toi-tranh-duong-cao-toc-duoc-khong","Giúp tôi tránh đường cao tốc được không?","Can you help me avoid the highway?","transport","help-action","intermediate","english-to-vietnamese|vietnamese-to-english|missing-token|polite-register|distractor","planned","approved"
"vpe-help-action-anh-chi-giup-toi-bat-dong-ho-tinh-tien-duoc-khong","Giúp tôi bật đồng hồ tính tiền được không?","Can you help me turn on the meter?","transport","help-action","intermediate","english-to-vietnamese|vietnamese-to-english|missing-token|polite-register|distractor","planned","approved"
"vpe-help-action-anh-chi-giup-toi-doi-sang-tien-mat-duoc-khong","Giúp tôi đổi sang tiền mặt được không?","Can you help me switch to cash?","money-numbers-prices","help-action","intermediate","english-to-vietnamese|vietnamese-to-english|missing-token|polite-register|distractor","planned","approved"
"vpe-help-action-anh-chi-giup-toi-doi-sang-the-duoc-khong","Giúp tôi đổi sang thẻ được không?","Can you help me switch to card?","money-numbers-prices","help-action","intermediate","english-to-vietnamese|vietnamese-to-english|missing-token|polite-register|distractor","planned","approved"
"vpe-help-action-anh-chi-giup-toi-gui-vi-tri-cho-toi-duoc-khong","Gửi vị trí cho tôi được không?","Can you send me the location?","phone-internet-power","help-action","intermediate","english-to-vietnamese|vietnamese-to-english|missing-token|polite-register|distractor","planned","approved"
"vpe-help-action-anh-chi-giup-toi-ket-noi-wi-fi-duoc-khong","Giúp tôi kết nối Wi-Fi được không?","Can you help me connect to Wi-Fi?","phone-internet-power","help-action","intermediate","english-to-vietnamese|vietnamese-to-english|missing-token|polite-register|distractor","planned","approved"
"vpe-help-action-anh-chi-giup-toi-kiem-tra-sim-nay-duoc-khong","Giúp tôi kiểm tra SIM này được không?","Can you help me check this SIM?","phone-internet-power","help-action","intermediate","english-to-vietnamese|vietnamese-to-english|missing-token|polite-register|distractor","planned","approved"
"vpe-help-action-anh-chi-giup-toi-kich-hoat-esim-duoc-khong","Giúp tôi kích hoạt eSIM được không?","Can you help me activate the eSIM?","phone-internet-power","help-action","intermediate","english-to-vietnamese|vietnamese-to-english|missing-token|polite-register|distractor","planned","approved"
"vpe-help-action-anh-chi-giup-toi-mo-khoa-cua-duoc-khong","Giúp tôi mở khóa cửa được không?","Can you help me unlock the door?","hotel-accommodation","help-action","intermediate","english-to-vietnamese|vietnamese-to-english|missing-token|polite-register|distractor","planned","approved"
"vpe-help-action-anh-chi-giup-toi-goi-don-phong-duoc-khong","Giúp tôi gọi dọn phòng được không?","Can you help me call housekeeping?","hotel-accommodation","help-action","intermediate","english-to-vietnamese|vietnamese-to-english|missing-token|polite-register|distractor","planned","approved"
"vpe-help-action-anh-chi-giup-toi-mang-them-khan-duoc-khong","Giúp tôi mang thêm khăn được không?","Can you help me bring extra towels?","hotel-accommodation","help-action","intermediate","english-to-vietnamese|vietnamese-to-english|missing-token|polite-register|distractor","planned","approved"
"vpe-help-action-anh-chi-giup-toi-mang-them-nuoc-duoc-khong","Giúp tôi mang thêm nước được không?","Can you help me bring extra water?","hotel-accommodation","help-action","intermediate","english-to-vietnamese|vietnamese-to-english|missing-token|polite-register|distractor","planned","approved"
"vpe-help-action-anh-chi-giup-toi-xac-nhan-dat-tour-duoc-khong","Giúp tôi xác nhận đặt tour được không?","Can you help me confirm the tour booking?","sightseeing-activities","help-action","intermediate","english-to-vietnamese|vietnamese-to-english|missing-token|polite-register|distractor","planned","approved"
"vpe-help-action-anh-chi-giup-toi-doi-ngay-dat-tour-duoc-khong","Giúp tôi đổi ngày đặt tour được không?","Can you help me change the tour date?","sightseeing-activities","help-action","intermediate","english-to-vietnamese|vietnamese-to-english|missing-token|polite-register|distractor","planned","approved"
"vpe-help-action-anh-chi-giup-toi-huy-dat-tour-duoc-khong","Giúp tôi hủy đặt tour được không?","Can you help me cancel the tour booking?","sightseeing-activities","help-action","intermediate","english-to-vietnamese|vietnamese-to-english|missing-token|polite-register|distractor","planned","approved"
"vpe-help-action-anh-chi-giup-toi-dua-toi-bien-lai-duoc-khong","Cho tôi biên lai được không?","Can I have the receipt?","money-numbers-prices","help-action","intermediate","english-to-vietnamese|vietnamese-to-english|missing-token|polite-register|distractor","planned","approved"
"vpe-help-action-anh-chi-giup-toi-kiem-tra-lai-tong-tien-duoc-khong","Giúp tôi kiểm tra lại tổng tiền được không?","Can you help me check the total again?","money-numbers-prices","help-action","intermediate","english-to-vietnamese|vietnamese-to-english|missing-token|polite-register|distractor","planned","approved"
"vpe-food-without-khong-dau-phong","Không đậu phộng","No peanuts.","food-drink","food-without","beginner","english-to-vietnamese|vietnamese-to-english|missing-token|distractor","planned","approved"
"vpe-food-has-co-dau-phong-khong","Có đậu phộng không?","Does it have peanuts?","food-drink","food-has","beginner","english-to-vietnamese|vietnamese-to-english|missing-token|likely-reply|distractor","planned","approved"
"vpe-food-less-it-dau-phong-thoi","Ít đậu phộng thôi","Just a little peanuts.","food-drink","food-less","beginner","english-to-vietnamese|vietnamese-to-english|missing-token|distractor","planned","approved"
"vpe-food-without-khong-hanh","Không hành","No onion.","food-drink","food-without","beginner","english-to-vietnamese|vietnamese-to-english|missing-token|distractor","planned","approved"
"vpe-food-has-co-hanh-khong","Có hành không?","Does it have onion?","food-drink","food-has","beginner","english-to-vietnamese|vietnamese-to-english|missing-token|likely-reply|distractor","planned","approved"
"vpe-food-less-it-hanh-thoi","Ít hành thôi","Just a little onion.","food-drink","food-less","beginner","english-to-vietnamese|vietnamese-to-english|missing-token|distractor","planned","approved"
"vpe-food-without-khong-toi","Không tỏi","No garlic.","food-drink","food-without","beginner","english-to-vietnamese|vietnamese-to-english|missing-token|distractor","planned","approved"
"vpe-food-has-co-toi-khong","Có tỏi không?","Does it have garlic?","food-drink","food-has","beginner","english-to-vietnamese|vietnamese-to-english|missing-token|likely-reply|distractor","planned","approved"
"vpe-food-less-it-toi-thoi","Ít tỏi thôi","Just a little garlic.","food-drink","food-less","beginner","english-to-vietnamese|vietnamese-to-english|missing-token|distractor","planned","approved"
"vpe-food-without-khong-ot","Không ớt","No chili.","food-drink","food-without","beginner","english-to-vietnamese|vietnamese-to-english|missing-token|distractor","planned","approved"
"vpe-food-has-co-ot-khong","Có ớt không?","Does it have chili?","food-drink","food-has","beginner","english-to-vietnamese|vietnamese-to-english|missing-token|likely-reply|distractor","planned","approved"
"vpe-food-less-it-ot-thoi","Ít ớt thôi","Just a little chili.","food-drink","food-less","beginner","english-to-vietnamese|vietnamese-to-english|missing-token|distractor","planned","approved"
"vpe-food-without-khong-thit-heo","Không thịt heo","No pork.","food-drink","food-without","beginner","english-to-vietnamese|vietnamese-to-english|missing-token|distractor","planned","approved"
"vpe-food-has-co-thit-heo-khong","Có thịt heo không?","Does it have pork?","food-drink","food-has","beginner","english-to-vietnamese|vietnamese-to-english|missing-token|likely-reply|distractor","planned","approved"
"vpe-food-less-it-thit-heo-thoi","Ít thịt heo thôi","Just a little pork.","food-drink","food-less","beginner","english-to-vietnamese|vietnamese-to-english|missing-token|distractor","planned","approved"
"vpe-food-without-khong-thit-bo","Không thịt bò","No beef.","food-drink","food-without","beginner","english-to-vietnamese|vietnamese-to-english|missing-token|distractor","planned","approved"
"vpe-food-has-co-thit-bo-khong","Có thịt bò không?","Does it have beef?","food-drink","food-has","beginner","english-to-vietnamese|vietnamese-to-english|missing-token|likely-reply|distractor","planned","approved"
"vpe-food-less-it-thit-bo-thoi","Ít thịt bò thôi","Just a little beef.","food-drink","food-less","beginner","english-to-vietnamese|vietnamese-to-english|missing-token|distractor","planned","approved"
"vpe-food-without-khong-thit-ga","Không thịt gà","No chicken.","food-drink","food-without","beginner","english-to-vietnamese|vietnamese-to-english|missing-token|distractor","planned","approved"
"vpe-food-has-co-thit-ga-khong","Có thịt gà không?","Does it have chicken?","food-drink","food-has","beginner","english-to-vietnamese|vietnamese-to-english|missing-token|likely-reply|distractor","planned","approved"
"vpe-food-less-it-thit-ga-thoi","Ít thịt gà thôi","Just a little chicken.","food-drink","food-less","beginner","english-to-vietnamese|vietnamese-to-english|missing-token|distractor","planned","approved"
"vpe-food-without-khong-hai-san","Không hải sản","No seafood.","food-drink","food-without","beginner","english-to-vietnamese|vietnamese-to-english|missing-token|distractor","planned","approved"
"vpe-food-has-co-hai-san-khong","Có hải sản không?","Does it have seafood?","food-drink","food-has","beginner","english-to-vietnamese|vietnamese-to-english|missing-token|likely-reply|distractor","planned","approved"
"vpe-food-less-it-hai-san-thoi","Ít hải sản thôi","Just a little seafood.","food-drink","food-less","beginner","english-to-vietnamese|vietnamese-to-english|missing-token|distractor","planned","approved"
"vpe-food-without-khong-tom","Không tôm","No shrimp.","food-drink","food-without","beginner","english-to-vietnamese|vietnamese-to-english|missing-token|distractor","planned","approved"
"vpe-food-has-co-tom-khong","Có tôm không?","Does it have shrimp?","food-drink","food-has","beginner","english-to-vietnamese|vietnamese-to-english|missing-token|likely-reply|distractor","planned","approved"
"vpe-food-less-it-tom-thoi","Ít tôm thôi","Just a little shrimp.","food-drink","food-less","beginner","english-to-vietnamese|vietnamese-to-english|missing-token|distractor","planned","approved"
"vpe-food-without-khong-ca","Không cá","No fish.","food-drink","food-without","beginner","english-to-vietnamese|vietnamese-to-english|missing-token|distractor","planned","approved"
"vpe-food-has-co-ca-khong","Có cá không?","Does it have fish?","food-drink","food-has","beginner","english-to-vietnamese|vietnamese-to-english|missing-token|likely-reply|distractor","planned","approved"
"vpe-food-less-it-ca-thoi","Ít cá thôi","Just a little fish.","food-drink","food-less","beginner","english-to-vietnamese|vietnamese-to-english|missing-token|distractor","planned","approved"
"vpe-food-without-khong-trung","Không trứng","No egg.","food-drink","food-without","beginner","english-to-vietnamese|vietnamese-to-english|missing-token|distractor","planned","approved"
"vpe-food-has-co-trung-khong","Có trứng không?","Does it have egg?","food-drink","food-has","beginner","english-to-vietnamese|vietnamese-to-english|missing-token|likely-reply|distractor","planned","approved"
"vpe-food-less-it-trung-thoi","Ít trứng thôi","Just a little egg.","food-drink","food-less","beginner","english-to-vietnamese|vietnamese-to-english|missing-token|distractor","planned","approved"
"vpe-food-without-khong-sua","Không sữa","No milk.","food-drink","food-without","beginner","english-to-vietnamese|vietnamese-to-english|missing-token|distractor","planned","approved"
"vpe-food-has-co-sua-khong","Có sữa không?","Does it have milk?","food-drink","food-has","beginner","english-to-vietnamese|vietnamese-to-english|missing-token|likely-reply|distractor","planned","approved"
"vpe-food-less-it-sua-thoi","Ít sữa thôi","Just a little milk.","food-drink","food-less","beginner","english-to-vietnamese|vietnamese-to-english|missing-token|distractor","planned","approved"
"vpe-food-without-khong-bo","Không bơ","No butter.","food-drink","food-without","beginner","english-to-vietnamese|vietnamese-to-english|missing-token|distractor","planned","approved"
"vpe-food-has-co-bo-khong","Có bơ không?","Does it have butter?","food-drink","food-has","beginner","english-to-vietnamese|vietnamese-to-english|missing-token|likely-reply|distractor","planned","approved"
"vpe-food-less-it-bo-thoi","Ít bơ thôi","Just a little butter.","food-drink","food-less","beginner","english-to-vietnamese|vietnamese-to-english|missing-token|distractor","planned","approved"
"vpe-food-without-khong-duong","Không đường","No sugar.","food-drink","food-without","beginner","english-to-vietnamese|vietnamese-to-english|missing-token|distractor","planned","approved"
"vpe-food-has-co-duong-khong","Có đường không?","Does it have sugar?","food-drink","food-has","beginner","english-to-vietnamese|vietnamese-to-english|missing-token|likely-reply|distractor","planned","approved"
"vpe-food-less-it-duong-thoi","Ít đường thôi","Just a little sugar.","food-drink","food-less","beginner","english-to-vietnamese|vietnamese-to-english|missing-token|distractor","planned","approved"
"vpe-food-without-khong-da","Không đá","No ice.","food-drink","food-without","beginner","english-to-vietnamese|vietnamese-to-english|missing-token|distractor","planned","approved"
"vpe-food-without-khong-rau-mui","Không rau mùi","No cilantro.","food-drink","food-without","beginner","english-to-vietnamese|vietnamese-to-english|missing-token|distractor","planned","approved"
"vpe-food-has-co-rau-mui-khong","Có rau mùi không?","Does it have cilantro?","food-drink","food-has","beginner","english-to-vietnamese|vietnamese-to-english|missing-token|likely-reply|distractor","planned","approved"
"vpe-food-less-it-rau-mui-thoi","Ít rau mùi thôi","Just a little cilantro.","food-drink","food-less","beginner","english-to-vietnamese|vietnamese-to-english|missing-token|distractor","planned","approved"
"vpe-food-without-khong-nuoc-mam","Không nước mắm","No fish sauce.","food-drink","food-without","beginner","english-to-vietnamese|vietnamese-to-english|missing-token|distractor","planned","approved"
"vpe-food-less-it-nuoc-mam-thoi","Ít nước mắm thôi","Just a little fish sauce.","food-drink","food-less","beginner","english-to-vietnamese|vietnamese-to-english|missing-token|distractor","planned","approved"
"vpe-food-without-khong-bot-ngot","Không bột ngọt","No MSG.","food-drink","food-without","beginner","english-to-vietnamese|vietnamese-to-english|missing-token|distractor","planned","approved"
"vpe-food-has-co-bot-ngot-khong","Có bột ngọt không?","Does it have MSG?","food-drink","food-has","beginner","english-to-vietnamese|vietnamese-to-english|missing-token|likely-reply|distractor","planned","approved"
"vpe-food-less-it-bot-ngot-thoi","Ít bột ngọt thôi","Just a little MSG.","food-drink","food-less","beginner","english-to-vietnamese|vietnamese-to-english|missing-token|distractor","planned","approved"
"vpe-food-without-khong-dau-nanh","Không đậu nành","No soy.","food-drink","food-without","beginner","english-to-vietnamese|vietnamese-to-english|missing-token|distractor","planned","approved"
"vpe-food-has-co-dau-nanh-khong","Có đậu nành không?","Does it have soy?","food-drink","food-has","beginner","english-to-vietnamese|vietnamese-to-english|missing-token|likely-reply|distractor","planned","approved"
"vpe-food-less-it-dau-nanh-thoi","Ít đậu nành thôi","Just a little soy.","food-drink","food-less","beginner","english-to-vietnamese|vietnamese-to-english|missing-token|distractor","planned","approved"
"vpe-food-without-khong-me","Không mè","No sesame.","food-drink","food-without","beginner","english-to-vietnamese|vietnamese-to-english|missing-token|distractor","planned","approved"
"vpe-food-has-co-me-khong","Có mè không?","Does it have sesame?","food-drink","food-has","beginner","english-to-vietnamese|vietnamese-to-english|missing-token|likely-reply|distractor","planned","approved"
"vpe-food-less-it-me-thoi","Ít mè thôi","Just a little sesame.","food-drink","food-less","beginner","english-to-vietnamese|vietnamese-to-english|missing-token|distractor","planned","approved"
"vpe-food-without-khong-pho-mai","Không phô mai","No cheese.","food-drink","food-without","beginner","english-to-vietnamese|vietnamese-to-english|missing-token|distractor","planned","approved"
"vpe-food-has-co-pho-mai-khong","Có phô mai không?","Does it have cheese?","food-drink","food-has","beginner","english-to-vietnamese|vietnamese-to-english|missing-token|likely-reply|distractor","planned","approved"
"vpe-food-less-it-pho-mai-thoi","Ít phô mai thôi","Just a little cheese.","food-drink","food-less","beginner","english-to-vietnamese|vietnamese-to-english|missing-token|distractor","planned","approved"
"vpe-food-without-khong-nuoc-tuong","Không nước tương","No soy sauce.","food-drink","food-without","beginner","english-to-vietnamese|vietnamese-to-english|missing-token|distractor","planned","approved"
"vpe-food-has-co-nuoc-tuong-khong","Có nước tương không?","Does it have soy sauce?","food-drink","food-has","beginner","english-to-vietnamese|vietnamese-to-english|missing-token|likely-reply|distractor","planned","approved"
"vpe-food-less-it-nuoc-tuong-thoi","Ít nước tương thôi","Just a little soy sauce.","food-drink","food-less","beginner","english-to-vietnamese|vietnamese-to-english|missing-token|distractor","planned","approved"
"vpe-food-without-khong-ot-bot","Không ớt bột","No chili powder.","food-drink","food-without","beginner","english-to-vietnamese|vietnamese-to-english|missing-token|distractor","planned","approved"
"vpe-food-has-co-ot-bot-khong","Có ớt bột không?","Does it have chili powder?","food-drink","food-has","beginner","english-to-vietnamese|vietnamese-to-english|missing-token|likely-reply|distractor","planned","approved"
"vpe-food-less-it-ot-bot-thoi","Ít ớt bột thôi","Just a little chili powder.","food-drink","food-less","beginner","english-to-vietnamese|vietnamese-to-english|missing-token|distractor","planned","approved"
"vpe-food-without-khong-tieu","Không tiêu","No pepper.","food-drink","food-without","beginner","english-to-vietnamese|vietnamese-to-english|missing-token|distractor","planned","approved"
"vpe-food-has-co-tieu-khong","Có tiêu không?","Does it have pepper?","food-drink","food-has","beginner","english-to-vietnamese|vietnamese-to-english|missing-token|likely-reply|distractor","planned","approved"
"vpe-food-less-it-tieu-thoi","Ít tiêu thôi","Just a little pepper.","food-drink","food-less","beginner","english-to-vietnamese|vietnamese-to-english|missing-token|distractor","planned","approved"
"vpe-food-without-khong-mo-hanh","Không mỡ hành","No scallion oil.","food-drink","food-without","beginner","english-to-vietnamese|vietnamese-to-english|missing-token|distractor","planned","approved"
"vpe-food-has-co-mo-hanh-khong","Có mỡ hành không?","Does it have scallion oil?","food-drink","food-has","beginner","english-to-vietnamese|vietnamese-to-english|missing-token|likely-reply|distractor","planned","approved"
"vpe-food-less-it-mo-hanh-thoi","Ít mỡ hành thôi","Just a little scallion oil.","food-drink","food-less","beginner","english-to-vietnamese|vietnamese-to-english|missing-token|distractor","planned","approved"
"vpe-food-without-khong-da-heo","Không da heo","No pork skin.","food-drink","food-without","beginner","english-to-vietnamese|vietnamese-to-english|missing-token|distractor","planned","approved"
"vpe-food-has-co-da-heo-khong","Có da heo không?","Does it have pork skin?","food-drink","food-has","beginner","english-to-vietnamese|vietnamese-to-english|missing-token|likely-reply|distractor","planned","approved"
"vpe-food-less-it-da-heo-thoi","Ít da heo thôi","Just a little pork skin.","food-drink","food-less","beginner","english-to-vietnamese|vietnamese-to-english|missing-token|distractor","planned","approved"
"vpe-food-without-khong-xuong","Không xương","No bones.","food-drink","food-without","beginner","english-to-vietnamese|vietnamese-to-english|missing-token|distractor","planned","approved"
"vpe-food-has-co-xuong-khong","Có xương không?","Does it have bones?","food-drink","food-has","beginner","english-to-vietnamese|vietnamese-to-english|missing-token|likely-reply|distractor","planned","approved"
"vpe-food-less-it-xuong-thoi","Ít xương thôi","Just a little bones.","food-drink","food-less","beginner","english-to-vietnamese|vietnamese-to-english|missing-token|distractor","planned","approved"
"vpe-food-without-khong-noi-tang","Không nội tạng","No organ meat.","food-drink","food-without","beginner","english-to-vietnamese|vietnamese-to-english|missing-token|distractor","planned","approved"
"vpe-food-has-co-noi-tang-khong","Có nội tạng không?","Does it have organ meat?","food-drink","food-has","beginner","english-to-vietnamese|vietnamese-to-english|missing-token|likely-reply|distractor","planned","approved"
"vpe-food-less-it-noi-tang-thoi","Ít nội tạng thôi","Just a little organ meat.","food-drink","food-less","beginner","english-to-vietnamese|vietnamese-to-english|missing-token|distractor","planned","approved"
"vpe-food-without-khong-mau","Không máu","No blood cubes.","food-drink","food-without","beginner","english-to-vietnamese|vietnamese-to-english|missing-token|distractor","planned","approved"
"vpe-food-has-co-mau-khong","Có máu không?","Does it have blood cubes?","food-drink","food-has","beginner","english-to-vietnamese|vietnamese-to-english|missing-token|likely-reply|distractor","planned","approved"
"vpe-food-less-it-mau-thoi","Ít máu thôi","Just a little blood cubes.","food-drink","food-less","beginner","english-to-vietnamese|vietnamese-to-english|missing-token|distractor","planned","approved"
"vpe-food-without-khong-mam-tom","Không mắm tôm","No shrimp paste.","food-drink","food-without","beginner","english-to-vietnamese|vietnamese-to-english|missing-token|distractor","planned","approved"
"vpe-food-has-co-mam-tom-khong","Có mắm tôm không?","Does it have shrimp paste?","food-drink","food-has","beginner","english-to-vietnamese|vietnamese-to-english|missing-token|likely-reply|distractor","planned","approved"
"vpe-food-less-it-mam-tom-thoi","Ít mắm tôm thôi","Just a little shrimp paste.","food-drink","food-less","beginner","english-to-vietnamese|vietnamese-to-english|missing-token|distractor","planned","approved"
"vpe-food-without-khong-con","Không cồn","No alcohol.","food-drink","food-without","beginner","english-to-vietnamese|vietnamese-to-english|missing-token|distractor","planned","approved"
"vpe-food-has-co-con-khong","Có cồn không?","Does it have alcohol?","food-drink","food-has","beginner","english-to-vietnamese|vietnamese-to-english|missing-token|likely-reply|distractor","planned","approved"
"vpe-food-less-it-con-thoi","Ít cồn thôi","Just a little alcohol.","food-drink","food-less","beginner","english-to-vietnamese|vietnamese-to-english|missing-token|distractor","planned","approved"
"vpe-health-symptom-toi-bi-dau-bung","Tôi bị đau bụng","I have a stomachache.","health-pharmacy","health-symptom","beginner","english-to-vietnamese|vietnamese-to-english|missing-token|distractor","planned","approved"
"vpe-health-symptom-toi-bi-chong-mat","Tôi bị chóng mặt","I have dizziness.","health-pharmacy","health-symptom","beginner","english-to-vietnamese|vietnamese-to-english|missing-token|distractor","planned","approved"
"vpe-health-symptom-toi-bi-buon-non","Tôi bị buồn nôn","I have nausea.","health-pharmacy","health-symptom","beginner","english-to-vietnamese|vietnamese-to-english|missing-token|distractor","planned","approved"
"vpe-health-symptom-toi-bi-say-xe","Tôi bị say xe","I have motion sickness.","health-pharmacy","health-symptom","beginner","english-to-vietnamese|vietnamese-to-english|missing-token|distractor","planned","approved"
"vpe-health-symptom-toi-bi-di-ung","Tôi bị dị ứng","I have an allergic reaction.","health-pharmacy","health-symptom","beginner","english-to-vietnamese|vietnamese-to-english|missing-token|distractor","planned","approved"
"vpe-health-symptom-toi-bi-kho-tho","Tôi bị khó thở","I have trouble breathing.","health-pharmacy","health-symptom","beginner","english-to-vietnamese|vietnamese-to-english|missing-token|distractor","planned","approved"
"vpe-health-symptom-toi-bi-dau-rang","Tôi bị đau răng","I have tooth pain.","health-pharmacy","health-symptom","beginner","english-to-vietnamese|vietnamese-to-english|missing-token|distractor","planned","approved"
"vpe-health-symptom-toi-bi-dau-lung","Tôi bị đau lưng","I have back pain.","health-pharmacy","health-symptom","beginner","english-to-vietnamese|vietnamese-to-english|missing-token|distractor","planned","approved"
"vpe-health-symptom-toi-bi-dau-chan","Tôi bị đau chân","I have leg pain.","health-pharmacy","health-symptom","beginner","english-to-vietnamese|vietnamese-to-english|missing-token|distractor","planned","approved"
"vpe-health-symptom-toi-bi-dau-tay","Tôi bị đau tay","I have arm pain.","health-pharmacy","health-symptom","beginner","english-to-vietnamese|vietnamese-to-english|missing-token|distractor","planned","approved"
"vpe-health-symptom-toi-bi-mat-ngu","Tôi bị mất ngủ","I have trouble sleeping.","health-pharmacy","health-symptom","beginner","english-to-vietnamese|vietnamese-to-english|missing-token|distractor","planned","approved"
"vpe-health-symptom-toi-bi-cam-lanh","Tôi bị cảm lạnh","I have a cold.","health-pharmacy","health-symptom","beginner","english-to-vietnamese|vietnamese-to-english|missing-token|distractor","planned","approved"
"vpe-health-symptom-toi-bi-dau-mat","Tôi bị đau mắt","I have eye pain.","health-pharmacy","health-symptom","beginner","english-to-vietnamese|vietnamese-to-english|missing-token|distractor","planned","approved"
"vpe-health-symptom-toi-bi-bong-nang","Tôi bị bỏng nắng","I have sunburn.","health-pharmacy","health-symptom","beginner","english-to-vietnamese|vietnamese-to-english|missing-token|distractor","planned","approved"
"vpe-health-symptom-toi-bi-man-do","Tôi bị mẩn đỏ","I have a rash.","health-pharmacy","health-symptom","beginner","english-to-vietnamese|vietnamese-to-english|missing-token|distractor","planned","approved"
"vpe-health-symptom-toi-bi-sung-chan","Tôi bị sưng chân","I have swollen feet.","health-pharmacy","health-symptom","beginner","english-to-vietnamese|vietnamese-to-english|missing-token|distractor","planned","approved"
"vpe-health-symptom-toi-bi-dau-tai","Tôi bị đau tai","I have ear pain.","health-pharmacy","health-symptom","beginner","english-to-vietnamese|vietnamese-to-english|missing-token|distractor","planned","approved"
"vpe-health-symptom-toi-bi-met","Tôi bị mệt","I have fatigue.","health-pharmacy","health-symptom","beginner","english-to-vietnamese|vietnamese-to-english|missing-token|distractor","planned","approved"
"vpe-health-symptom-toi-bi-mat-nuoc","Tôi bị mất nước","I have dehydration.","health-pharmacy","health-symptom","beginner","english-to-vietnamese|vietnamese-to-english|missing-token|distractor","planned","approved"
"vpe-health-symptom-toi-bi-chay-mau","Tôi bị chảy máu","I have bleeding.","health-pharmacy","health-symptom","beginner","english-to-vietnamese|vietnamese-to-english|missing-token|distractor","planned","approved"
"vpe-health-symptom-toi-bi-dau-vai","Tôi bị đau vai","I have shoulder pain.","health-pharmacy","health-symptom","beginner","english-to-vietnamese|vietnamese-to-english|missing-token|distractor","planned","approved"
"vpe-health-symptom-toi-bi-dau-co","Tôi bị đau cổ","I have neck pain.","health-pharmacy","health-symptom","beginner","english-to-vietnamese|vietnamese-to-english|missing-token|distractor","planned","approved"
"vpe-health-symptom-toi-bi-chuot-rut","Tôi bị chuột rút","I have cramps.","health-pharmacy","health-symptom","beginner","english-to-vietnamese|vietnamese-to-english|missing-token|distractor","planned","approved"
"vpe-health-symptom-toi-bi-ngua","Tôi bị ngứa","I have itching.","health-pharmacy","health-symptom","beginner","english-to-vietnamese|vietnamese-to-english|missing-token|distractor","planned","approved"
"vpe-likely-replies-o-ben-trai","Ở bên trái","It is on the left","directions-navigation","likely-replies","beginner","vietnamese-to-english|missing-token|likely-reply|distractor","planned","approved"
"vpe-likely-replies-o-ben-phai","Ở bên phải","It is on the right","directions-navigation","likely-replies","beginner","vietnamese-to-english|missing-token|likely-reply|distractor","planned","approved"
"vpe-likely-replies-di-thang","Đi thẳng","Go straight","directions-navigation","likely-replies","beginner","vietnamese-to-english|missing-token|likely-reply|distractor","planned","approved"
"vpe-likely-replies-re-trai","Rẽ trái","Turn left","directions-navigation","likely-replies","beginner","vietnamese-to-english|missing-token|likely-reply|distractor","planned","approved"
"vpe-likely-replies-re-phai","Rẽ phải","Turn right","directions-navigation","likely-replies","beginner","vietnamese-to-english|missing-token|likely-reply|distractor","planned","approved"
"vpe-likely-replies-o-tang-mot","Ở tầng một","It is on the first floor","directions-navigation","likely-replies","beginner","vietnamese-to-english|missing-token|likely-reply|distractor","planned","approved"
"vpe-likely-replies-o-tang-hai","Ở tầng hai","It is on the second floor","directions-navigation","likely-replies","beginner","vietnamese-to-english|missing-token|likely-reply|distractor","planned","approved"
"vpe-likely-replies-o-phia-truoc","Ở phía trước","It is ahead","directions-navigation","likely-replies","beginner","vietnamese-to-english|missing-token|likely-reply|distractor","planned","approved"
"vpe-likely-replies-o-phia-sau","Ở phía sau","It is behind","directions-navigation","likely-replies","beginner","vietnamese-to-english|missing-token|likely-reply|distractor","planned","approved"
"vpe-likely-replies-gan-day","Gần đây","It is nearby","directions-navigation","likely-replies","beginner","vietnamese-to-english|missing-token|likely-reply|distractor","planned","approved"
"vpe-likely-replies-xa-lam","Xa lắm","It is very far","directions-navigation","likely-replies","beginner","vietnamese-to-english|missing-token|likely-reply|distractor","planned","approved"
"vpe-likely-replies-mat-khoang-nam-phut","Mất khoảng năm phút","It takes about five minutes","directions-navigation","likely-replies","beginner","vietnamese-to-english|missing-token|likely-reply|distractor","planned","approved"
"vpe-likely-replies-cho-mot-chut","Chờ một chút","Wait a moment","polite-basics","likely-replies","beginner","vietnamese-to-english|missing-token|likely-reply|distractor","planned","approved"
"vpe-likely-replies-khong-duoc","Không được","That is not possible","polite-basics","likely-replies","beginner","vietnamese-to-english|missing-token|likely-reply|distractor","planned","approved"
"vpe-likely-replies-het-roi","Hết rồi","It is sold out","shopping","likely-replies","beginner","vietnamese-to-english|missing-token|likely-reply|distractor","planned","approved"
"vpe-likely-replies-con","Còn","It is still available","shopping","likely-replies","beginner","vietnamese-to-english|missing-token|likely-reply|distractor","planned","approved"
"vpe-likely-replies-khong-co","Không có","No, we do not have it","polite-basics","likely-replies","beginner","vietnamese-to-english|missing-token|likely-reply|distractor","planned","approved"
"vpe-likely-replies-dung-roi","Đúng rồi","That is correct","polite-basics","likely-replies","beginner","vietnamese-to-english|missing-token|likely-reply|distractor","planned","approved"
"vpe-likely-replies-sai-roi","Sai rồi","That is not correct","polite-basics","likely-replies","beginner","vietnamese-to-english|missing-token|likely-reply|distractor","planned","approved"
"vpe-likely-replies-doi-o-day","Đợi ở đây","Wait here","transport","likely-replies","beginner","vietnamese-to-english|missing-token|likely-reply|distractor","planned","approved"
"vpe-likely-replies-xuong-o-day","Xuống ở đây","Get off here","transport","likely-replies","beginner","vietnamese-to-english|missing-token|likely-reply|distractor","planned","approved"
"vpe-likely-replies-len-xe-nay","Lên xe này","Get in this vehicle","transport","likely-replies","beginner","vietnamese-to-english|missing-token|likely-reply|distractor","planned","approved"
"vpe-likely-replies-qua-duong","Qua đường","Cross the street","directions-navigation","likely-replies","beginner","vietnamese-to-english|missing-token|likely-reply|distractor","planned","approved"
"vpe-likely-replies-khong-xa","Không xa","It is not far","directions-navigation","likely-replies","beginner","vietnamese-to-english|missing-token|likely-reply|distractor","planned","approved"
"vpe-likely-replies-khoang-muoi-phut","Khoảng mười phút","About ten minutes","time-dates-booking","likely-replies","beginner","vietnamese-to-english|missing-token|likely-reply|distractor","planned","approved"
"vpe-likely-replies-mo-cua-roi","Mở cửa rồi","It is open now","time-dates-booking","likely-replies","beginner","vietnamese-to-english|missing-token|likely-reply|distractor","planned","approved"
"vpe-likely-replies-dong-cua-roi","Đóng cửa rồi","It is closed now","time-dates-booking","likely-replies","beginner","vietnamese-to-english|missing-token|likely-reply|distractor","planned","approved"
"vpe-likely-replies-ngay-mai-quay-lai","Ngày mai quay lại","Come back tomorrow","time-dates-booking","likely-replies","beginner","vietnamese-to-english|missing-token|likely-reply|distractor","planned","approved"
"vpe-likely-replies-thanh-toan-o-kia","Thanh toán ở kia","Pay over there","money-numbers-prices","likely-replies","beginner","vietnamese-to-english|missing-token|likely-reply|distractor","planned","approved"
"vpe-likely-replies-quet-the-duoc","Quẹt thẻ được","Card payment is okay","money-numbers-prices","likely-replies","beginner","vietnamese-to-english|missing-token|likely-reply|distractor","planned","approved"
"vpe-likely-replies-chi-nhan-tien-mat","Chỉ nhận tiền mặt","Cash only","money-numbers-prices","likely-replies","beginner","vietnamese-to-english|missing-token|likely-reply|distractor","planned","approved"
"vpe-likely-replies-may-bi-loi","Máy bị lỗi","The machine has an error","phone-internet-power","likely-replies","beginner","vietnamese-to-english|missing-token|likely-reply|distractor","planned","approved"
"vpe-likely-replies-mang-yeu","Mạng yếu","The connection is weak","phone-internet-power","likely-replies","beginner","vietnamese-to-english|missing-token|likely-reply|distractor","planned","approved"
"vpe-likely-replies-mat-khau-o-day","Mật khẩu ở đây","The password is here","phone-internet-power","likely-replies","beginner","vietnamese-to-english|missing-token|likely-reply|distractor","planned","approved"
"vpe-likely-replies-bac-si-dang-den","Bác sĩ đang đến","The doctor is coming","health-pharmacy","likely-replies","beginner","vietnamese-to-english|missing-token|likely-reply|distractor","planned","approved"
"vpe-likely-replies-nha-thuoc-o-gan-day","Nhà thuốc ở gần đây","The pharmacy is nearby","health-pharmacy","likely-replies","beginner","vietnamese-to-english|missing-token|likely-reply|distractor","planned","approved"
"vpe-likely-replies-goi-cap-cuu-ngay","Gọi cấp cứu ngay","Call emergency help now","emergency-safety","likely-replies","beginner","vietnamese-to-english|missing-token|likely-reply|distractor","planned","approved"
"vpe-likely-replies-giu-binh-tinh","Giữ bình tĩnh","Stay calm","emergency-safety","likely-replies","beginner","vietnamese-to-english|missing-token|likely-reply|distractor","planned","approved"
"vpe-likely-replies-dua-ho-chieu-ra","Đưa hộ chiếu ra","Show your passport","airport-border-arrival","likely-replies","beginner","vietnamese-to-english|missing-token|likely-reply|distractor","planned","approved"
"vpe-likely-replies-lay-hanh-ly-o-kia","Lấy hành lý ở kia","Pick up baggage over there","airport-border-arrival","likely-replies","beginner","vietnamese-to-english|missing-token|likely-reply|distractor","planned","approved"
"vpe-likely-replies-cong-doi-roi","Cổng đổi rồi","The gate changed","airport-border-arrival","likely-replies","beginner","vietnamese-to-english|missing-token|likely-reply|distractor","planned","approved"
"vpe-likely-replies-phong-chua-san-sang","Phòng chưa sẵn sàng","The room is not ready yet","hotel-accommodation","likely-replies","beginner","vietnamese-to-english|missing-token|likely-reply|distractor","planned","approved"
"vpe-likely-replies-co-phong-khac","Có phòng khác","There is another room","hotel-accommodation","likely-replies","beginner","vietnamese-to-english|missing-token|likely-reply|distractor","planned","approved"
"vpe-likely-replies-le-tan-se-giup","Lễ tân sẽ giúp","The front desk will help","hotel-accommodation","likely-replies","beginner","vietnamese-to-english|missing-token|likely-reply|distractor","planned","approved"
"vpe-likely-replies-ban-nay-con-trong","Bàn này còn trống","This table is available","food-drink","likely-replies","beginner","vietnamese-to-english|missing-token|likely-reply|distractor","planned","approved"
"vpe-likely-replies-mon-nay-cay","Món này cay","This dish is spicy","food-drink","likely-replies","beginner","vietnamese-to-english|missing-token|likely-reply|distractor","planned","approved"
"vpe-likely-replies-khong-co-dau-phong","Không có đậu phộng","There are no peanuts","food-drink","likely-replies","beginner","vietnamese-to-english|missing-token|likely-reply|distractor","planned","approved"
"vpe-likely-replies-co-thit-heo","Có thịt heo","It has pork","food-drink","likely-replies","beginner","vietnamese-to-english|missing-token|likely-reply|distractor","planned","approved"
"vpe-likely-replies-tinh-tien-o-quay","Tính tiền ở quầy","Pay at the counter","food-drink","likely-replies","beginner","vietnamese-to-english|missing-token|likely-reply|distractor","planned","approved"
"vpe-pronoun-help-anh-giup-toi-goi-taxi-duoc-khong","Anh giúp tôi gọi taxi được không?","Can you help me call a taxi?","transport","pronoun-help","intermediate","english-to-vietnamese|vietnamese-to-english|missing-token|pronoun-social|polite-register|distractor","planned","approved"
"vpe-pronoun-help-anh-giup-toi-goi-xe-cong-nghe-duoc-khong","Anh giúp tôi gọi xe công nghệ được không?","Can you help me call a ride-share car?","transport","pronoun-help","intermediate","english-to-vietnamese|vietnamese-to-english|missing-token|pronoun-social|polite-register|distractor","planned","approved"
"vpe-pronoun-help-anh-giup-toi-chi-duong-duoc-khong","Anh giúp tôi chỉ đường được không?","Can you show me the way?","directions-navigation","pronoun-help","intermediate","english-to-vietnamese|vietnamese-to-english|missing-token|pronoun-social|polite-register|distractor","planned","approved"
"vpe-pronoun-help-anh-giup-toi-viet-dia-chi-duoc-khong","Anh giúp tôi viết địa chỉ được không?","Can you help me write the address?","directions-navigation","pronoun-help","intermediate","english-to-vietnamese|vietnamese-to-english|missing-token|pronoun-social|polite-register|distractor","planned","approved"
"vpe-pronoun-help-anh-giup-toi-doc-so-nay-duoc-khong","Anh giúp tôi đọc số này được không?","Can you help me read this number?","money-numbers-prices","pronoun-help","intermediate","english-to-vietnamese|vietnamese-to-english|missing-token|pronoun-social|polite-register|distractor","planned","approved"
"vpe-pronoun-help-anh-giup-toi-nhap-ma-nay-duoc-khong","Anh giúp tôi nhập mã này được không?","Can you help me enter this code?","phone-internet-power","pronoun-help","intermediate","english-to-vietnamese|vietnamese-to-english|missing-token|pronoun-social|polite-register|distractor","planned","approved"
"vpe-pronoun-help-anh-giup-toi-goi-so-nay-duoc-khong","Anh giúp tôi gọi số này được không?","Can you help me call this number?","phone-internet-power","pronoun-help","intermediate","english-to-vietnamese|vietnamese-to-english|missing-token|pronoun-social|polite-register|distractor","planned","approved"
"vpe-pronoun-help-anh-giup-toi-chup-anh-giup-toi-duoc-khong","Anh chụp ảnh giúp tôi được không?","Can you take a photo for me?","sightseeing-activities","pronoun-help","intermediate","english-to-vietnamese|vietnamese-to-english|missing-token|pronoun-social|polite-register|distractor","planned","approved"
"vpe-pronoun-help-anh-giup-toi-doi-tien-duoc-khong","Anh giúp tôi đổi tiền được không?","Can you help me exchange money?","money-numbers-prices","pronoun-help","intermediate","english-to-vietnamese|vietnamese-to-english|missing-token|pronoun-social|polite-register|distractor","planned","approved"
"vpe-pronoun-help-anh-giup-toi-in-ve-nay-duoc-khong","Anh giúp tôi in vé này được không?","Can you help me print this ticket?","local-services-everyday-tasks","pronoun-help","intermediate","english-to-vietnamese|vietnamese-to-english|missing-token|pronoun-social|polite-register|distractor","planned","approved"
"vpe-pronoun-help-anh-giup-toi-scan-ma-qr-duoc-khong","Anh giúp tôi scan mã QR được không?","Can you help me scan the QR code?","money-numbers-prices","pronoun-help","intermediate","english-to-vietnamese|vietnamese-to-english|missing-token|pronoun-social|polite-register|distractor","planned","approved"
"vpe-pronoun-help-anh-giup-toi-kiem-tra-dat-phong-duoc-khong","Anh giúp tôi kiểm tra đặt phòng được không?","Can you help me check my reservation?","hotel-accommodation","pronoun-help","intermediate","english-to-vietnamese|vietnamese-to-english|missing-token|pronoun-social|polite-register|distractor","planned","approved"
"vpe-pronoun-help-anh-giup-toi-kiem-tra-ve-duoc-khong","Anh giúp tôi kiểm tra vé được không?","Can you help me check the ticket?","time-dates-booking","pronoun-help","intermediate","english-to-vietnamese|vietnamese-to-english|missing-token|pronoun-social|polite-register|distractor","planned","approved"
"vpe-pronoun-help-anh-giup-toi-tim-hanh-ly-duoc-khong","Anh giúp tôi tìm hành lý được không?","Can you help me find my luggage?","airport-border-arrival","pronoun-help","intermediate","english-to-vietnamese|vietnamese-to-english|missing-token|pronoun-social|polite-register|distractor","planned","approved"
"vpe-pronoun-help-anh-giup-toi-mo-cua-phong-duoc-khong","Anh giúp tôi mở cửa phòng được không?","Can you help me open the room door?","hotel-accommodation","pronoun-help","intermediate","english-to-vietnamese|vietnamese-to-english|missing-token|pronoun-social|polite-register|distractor","planned","approved"
"vpe-pronoun-help-anh-giup-toi-sua-wi-fi-duoc-khong","Anh giúp tôi sửa Wi-Fi được không?","Can you help me fix the Wi-Fi?","phone-internet-power","pronoun-help","intermediate","english-to-vietnamese|vietnamese-to-english|missing-token|pronoun-social|polite-register|distractor","planned","approved"
"vpe-pronoun-help-anh-giup-toi-sac-dien-thoai-duoc-khong","Anh giúp tôi sạc điện thoại được không?","Can you help me charge my phone?","phone-internet-power","pronoun-help","intermediate","english-to-vietnamese|vietnamese-to-english|missing-token|pronoun-social|polite-register|distractor","planned","approved"
"vpe-pronoun-help-anh-giup-toi-doi-phong-duoc-khong","Anh giúp tôi đổi phòng được không?","Can you help me change rooms?","hotel-accommodation","pronoun-help","intermediate","english-to-vietnamese|vietnamese-to-english|missing-token|pronoun-social|polite-register|distractor","planned","approved"
"vpe-pronoun-help-chi-giup-toi-goi-taxi-duoc-khong","Chị giúp tôi gọi taxi được không?","Can you help me call a taxi?","transport","pronoun-help","intermediate","english-to-vietnamese|vietnamese-to-english|missing-token|pronoun-social|polite-register|distractor","planned","approved"
"vpe-pronoun-help-chi-giup-toi-goi-xe-cong-nghe-duoc-khong","Chị giúp tôi gọi xe công nghệ được không?","Can you help me call a ride-share car?","transport","pronoun-help","intermediate","english-to-vietnamese|vietnamese-to-english|missing-token|pronoun-social|polite-register|distractor","planned","approved"
"vpe-pronoun-help-chi-giup-toi-chi-duong-duoc-khong","Chị giúp tôi chỉ đường được không?","Can you show me the way?","directions-navigation","pronoun-help","intermediate","english-to-vietnamese|vietnamese-to-english|missing-token|pronoun-social|polite-register|distractor","planned","approved"
"vpe-pronoun-help-chi-giup-toi-viet-dia-chi-duoc-khong","Chị giúp tôi viết địa chỉ được không?","Can you help me write the address?","directions-navigation","pronoun-help","intermediate","english-to-vietnamese|vietnamese-to-english|missing-token|pronoun-social|polite-register|distractor","planned","approved"
"vpe-pronoun-help-chi-giup-toi-doc-so-nay-duoc-khong","Chị giúp tôi đọc số này được không?","Can you help me read this number?","money-numbers-prices","pronoun-help","intermediate","english-to-vietnamese|vietnamese-to-english|missing-token|pronoun-social|polite-register|distractor","planned","approved"
"vpe-pronoun-help-chi-giup-toi-nhap-ma-nay-duoc-khong","Chị giúp tôi nhập mã này được không?","Can you help me enter this code?","phone-internet-power","pronoun-help","intermediate","english-to-vietnamese|vietnamese-to-english|missing-token|pronoun-social|polite-register|distractor","planned","approved"
"vpe-pronoun-help-chi-giup-toi-goi-so-nay-duoc-khong","Chị giúp tôi gọi số này được không?","Can you help me call this number?","phone-internet-power","pronoun-help","intermediate","english-to-vietnamese|vietnamese-to-english|missing-token|pronoun-social|polite-register|distractor","planned","approved"
"vpe-pronoun-help-chi-giup-toi-chup-anh-giup-toi-duoc-khong","Chị chụp ảnh giúp tôi được không?","Can you take a photo for me?","sightseeing-activities","pronoun-help","intermediate","english-to-vietnamese|vietnamese-to-english|missing-token|pronoun-social|polite-register|distractor","planned","approved"
"vpe-pronoun-help-chi-giup-toi-doi-tien-duoc-khong","Chị giúp tôi đổi tiền được không?","Can you help me exchange money?","money-numbers-prices","pronoun-help","intermediate","english-to-vietnamese|vietnamese-to-english|missing-token|pronoun-social|polite-register|distractor","planned","approved"
"vpe-pronoun-help-chi-giup-toi-in-ve-nay-duoc-khong","Chị giúp tôi in vé này được không?","Can you help me print this ticket?","local-services-everyday-tasks","pronoun-help","intermediate","english-to-vietnamese|vietnamese-to-english|missing-token|pronoun-social|polite-register|distractor","planned","approved"
"vpe-pronoun-help-chi-giup-toi-scan-ma-qr-duoc-khong","Chị giúp tôi scan mã QR được không?","Can you help me scan the QR code?","money-numbers-prices","pronoun-help","intermediate","english-to-vietnamese|vietnamese-to-english|missing-token|pronoun-social|polite-register|distractor","planned","approved"
"vpe-pronoun-help-chi-giup-toi-kiem-tra-dat-phong-duoc-khong","Chị giúp tôi kiểm tra đặt phòng được không?","Can you help me check my reservation?","hotel-accommodation","pronoun-help","intermediate","english-to-vietnamese|vietnamese-to-english|missing-token|pronoun-social|polite-register|distractor","planned","approved"
"vpe-pronoun-help-chi-giup-toi-kiem-tra-ve-duoc-khong","Chị giúp tôi kiểm tra vé được không?","Can you help me check the ticket?","time-dates-booking","pronoun-help","intermediate","english-to-vietnamese|vietnamese-to-english|missing-token|pronoun-social|polite-register|distractor","planned","approved"
"vpe-pronoun-help-chi-giup-toi-tim-hanh-ly-duoc-khong","Chị giúp tôi tìm hành lý được không?","Can you help me find my luggage?","airport-border-arrival","pronoun-help","intermediate","english-to-vietnamese|vietnamese-to-english|missing-token|pronoun-social|polite-register|distractor","planned","approved"
"vpe-pronoun-help-chi-giup-toi-mo-cua-phong-duoc-khong","Chị giúp tôi mở cửa phòng được không?","Can you help me open the room door?","hotel-accommodation","pronoun-help","intermediate","english-to-vietnamese|vietnamese-to-english|missing-token|pronoun-social|polite-register|distractor","planned","approved"
"vpe-pronoun-help-chi-giup-toi-sua-wi-fi-duoc-khong","Chị giúp tôi sửa Wi-Fi được không?","Can you help me fix the Wi-Fi?","phone-internet-power","pronoun-help","intermediate","english-to-vietnamese|vietnamese-to-english|missing-token|pronoun-social|polite-register|distractor","planned","approved"
"vpe-pronoun-help-chi-giup-toi-sac-dien-thoai-duoc-khong","Chị giúp tôi sạc điện thoại được không?","Can you help me charge my phone?","phone-internet-power","pronoun-help","intermediate","english-to-vietnamese|vietnamese-to-english|missing-token|pronoun-social|polite-register|distractor","planned","approved"
"vpe-pronoun-help-chi-giup-toi-doi-phong-duoc-khong","Chị giúp tôi đổi phòng được không?","Can you help me change rooms?","hotel-accommodation","pronoun-help","intermediate","english-to-vietnamese|vietnamese-to-english|missing-token|pronoun-social|polite-register|distractor","planned","approved"
"vpe-pronoun-help-co-giup-toi-goi-taxi-duoc-khong","Cô giúp tôi gọi taxi được không?","Can you help me call a taxi?","transport","pronoun-help","intermediate","english-to-vietnamese|vietnamese-to-english|missing-token|pronoun-social|polite-register|distractor","planned","approved"
"vpe-pronoun-help-co-giup-toi-goi-xe-cong-nghe-duoc-khong","Cô giúp tôi gọi xe công nghệ được không?","Can you help me call a ride-share car?","transport","pronoun-help","intermediate","english-to-vietnamese|vietnamese-to-english|missing-token|pronoun-social|polite-register|distractor","planned","approved"
"vpe-pronoun-help-co-giup-toi-chi-duong-duoc-khong","Cô giúp tôi chỉ đường được không?","Can you show me the way?","directions-navigation","pronoun-help","intermediate","english-to-vietnamese|vietnamese-to-english|missing-token|pronoun-social|polite-register|distractor","planned","approved"
"vpe-pronoun-help-co-giup-toi-viet-dia-chi-duoc-khong","Cô giúp tôi viết địa chỉ được không?","Can you help me write the address?","directions-navigation","pronoun-help","intermediate","english-to-vietnamese|vietnamese-to-english|missing-token|pronoun-social|polite-register|distractor","planned","approved"
"vpe-pronoun-help-co-giup-toi-doc-so-nay-duoc-khong","Cô giúp tôi đọc số này được không?","Can you help me read this number?","money-numbers-prices","pronoun-help","intermediate","english-to-vietnamese|vietnamese-to-english|missing-token|pronoun-social|polite-register|distractor","planned","approved"
"vpe-pronoun-help-co-giup-toi-nhap-ma-nay-duoc-khong","Cô giúp tôi nhập mã này được không?","Can you help me enter this code?","phone-internet-power","pronoun-help","intermediate","english-to-vietnamese|vietnamese-to-english|missing-token|pronoun-social|polite-register|distractor","planned","approved"
"vpe-pronoun-help-co-giup-toi-goi-so-nay-duoc-khong","Cô giúp tôi gọi số này được không?","Can you help me call this number?","phone-internet-power","pronoun-help","intermediate","english-to-vietnamese|vietnamese-to-english|missing-token|pronoun-social|polite-register|distractor","planned","approved"
"vpe-pronoun-help-co-giup-toi-chup-anh-giup-toi-duoc-khong","Cô chụp ảnh giúp tôi được không?","Can you take a photo for me?","sightseeing-activities","pronoun-help","intermediate","english-to-vietnamese|vietnamese-to-english|missing-token|pronoun-social|polite-register|distractor","planned","approved"
"vpe-pronoun-help-co-giup-toi-doi-tien-duoc-khong","Cô giúp tôi đổi tiền được không?","Can you help me exchange money?","money-numbers-prices","pronoun-help","intermediate","english-to-vietnamese|vietnamese-to-english|missing-token|pronoun-social|polite-register|distractor","planned","approved"
"vpe-pronoun-help-co-giup-toi-in-ve-nay-duoc-khong","Cô giúp tôi in vé này được không?","Can you help me print this ticket?","local-services-everyday-tasks","pronoun-help","intermediate","english-to-vietnamese|vietnamese-to-english|missing-token|pronoun-social|polite-register|distractor","planned","approved"
"vpe-pronoun-help-co-giup-toi-scan-ma-qr-duoc-khong","Cô giúp tôi scan mã QR được không?","Can you help me scan the QR code?","money-numbers-prices","pronoun-help","intermediate","english-to-vietnamese|vietnamese-to-english|missing-token|pronoun-social|polite-register|distractor","planned","approved"
"vpe-pronoun-help-co-giup-toi-kiem-tra-dat-phong-duoc-khong","Cô giúp tôi kiểm tra đặt phòng được không?","Can you help me check my reservation?","hotel-accommodation","pronoun-help","intermediate","english-to-vietnamese|vietnamese-to-english|missing-token|pronoun-social|polite-register|distractor","planned","approved"
"vpe-pronoun-help-co-giup-toi-kiem-tra-ve-duoc-khong","Cô giúp tôi kiểm tra vé được không?","Can you help me check the ticket?","time-dates-booking","pronoun-help","intermediate","english-to-vietnamese|vietnamese-to-english|missing-token|pronoun-social|polite-register|distractor","planned","approved"
"vpe-pronoun-help-co-giup-toi-tim-hanh-ly-duoc-khong","Cô giúp tôi tìm hành lý được không?","Can you help me find my luggage?","airport-border-arrival","pronoun-help","intermediate","english-to-vietnamese|vietnamese-to-english|missing-token|pronoun-social|polite-register|distractor","planned","approved"
"vpe-pronoun-help-co-giup-toi-mo-cua-phong-duoc-khong","Cô giúp tôi mở cửa phòng được không?","Can you help me open the room door?","hotel-accommodation","pronoun-help","intermediate","english-to-vietnamese|vietnamese-to-english|missing-token|pronoun-social|polite-register|distractor","planned","approved"
"vpe-pronoun-help-co-giup-toi-sua-wi-fi-duoc-khong","Cô giúp tôi sửa Wi-Fi được không?","Can you help me fix the Wi-Fi?","phone-internet-power","pronoun-help","intermediate","english-to-vietnamese|vietnamese-to-english|missing-token|pronoun-social|polite-register|distractor","planned","approved"
"vpe-pronoun-help-co-giup-toi-sac-dien-thoai-duoc-khong","Cô giúp tôi sạc điện thoại được không?","Can you help me charge my phone?","phone-internet-power","pronoun-help","intermediate","english-to-vietnamese|vietnamese-to-english|missing-token|pronoun-social|polite-register|distractor","planned","approved"
"vpe-pronoun-help-co-giup-toi-doi-phong-duoc-khong","Cô giúp tôi đổi phòng được không?","Can you help me change rooms?","hotel-accommodation","pronoun-help","intermediate","english-to-vietnamese|vietnamese-to-english|missing-token|pronoun-social|polite-register|distractor","planned","approved"
"vpe-pronoun-help-chu-giup-toi-goi-taxi-duoc-khong","Chú giúp tôi gọi taxi được không?","Can you help me call a taxi?","transport","pronoun-help","intermediate","english-to-vietnamese|vietnamese-to-english|missing-token|pronoun-social|polite-register|distractor","planned","approved"
"vpe-pronoun-help-chu-giup-toi-goi-xe-cong-nghe-duoc-khong","Chú giúp tôi gọi xe công nghệ được không?","Can you help me call a ride-share car?","transport","pronoun-help","intermediate","english-to-vietnamese|vietnamese-to-english|missing-token|pronoun-social|polite-register|distractor","planned","approved"
"vpe-pronoun-help-chu-giup-toi-chi-duong-duoc-khong","Chú giúp tôi chỉ đường được không?","Can you show me the way?","directions-navigation","pronoun-help","intermediate","english-to-vietnamese|vietnamese-to-english|missing-token|pronoun-social|polite-register|distractor","planned","approved"
"vpe-pronoun-help-chu-giup-toi-viet-dia-chi-duoc-khong","Chú giúp tôi viết địa chỉ được không?","Can you help me write the address?","directions-navigation","pronoun-help","intermediate","english-to-vietnamese|vietnamese-to-english|missing-token|pronoun-social|polite-register|distractor","planned","approved"
"vpe-pronoun-help-chu-giup-toi-doc-so-nay-duoc-khong","Chú giúp tôi đọc số này được không?","Can you help me read this number?","money-numbers-prices","pronoun-help","intermediate","english-to-vietnamese|vietnamese-to-english|missing-token|pronoun-social|polite-register|distractor","planned","approved"
"vpe-pronoun-help-chu-giup-toi-nhap-ma-nay-duoc-khong","Chú giúp tôi nhập mã này được không?","Can you help me enter this code?","phone-internet-power","pronoun-help","intermediate","english-to-vietnamese|vietnamese-to-english|missing-token|pronoun-social|polite-register|distractor","planned","approved"
"vpe-pronoun-help-chu-giup-toi-goi-so-nay-duoc-khong","Chú giúp tôi gọi số này được không?","Can you help me call this number?","phone-internet-power","pronoun-help","intermediate","english-to-vietnamese|vietnamese-to-english|missing-token|pronoun-social|polite-register|distractor","planned","approved"
"vpe-pronoun-help-chu-giup-toi-chup-anh-giup-toi-duoc-khong","Chú chụp ảnh giúp tôi được không?","Can you take a photo for me?","sightseeing-activities","pronoun-help","intermediate","english-to-vietnamese|vietnamese-to-english|missing-token|pronoun-social|polite-register|distractor","planned","approved"
"vpe-pronoun-help-chu-giup-toi-doi-tien-duoc-khong","Chú giúp tôi đổi tiền được không?","Can you help me exchange money?","money-numbers-prices","pronoun-help","intermediate","english-to-vietnamese|vietnamese-to-english|missing-token|pronoun-social|polite-register|distractor","planned","approved"
"vpe-pronoun-help-chu-giup-toi-in-ve-nay-duoc-khong","Chú giúp tôi in vé này được không?","Can you help me print this ticket?","local-services-everyday-tasks","pronoun-help","intermediate","english-to-vietnamese|vietnamese-to-english|missing-token|pronoun-social|polite-register|distractor","planned","approved"
"vpe-pronoun-help-chu-giup-toi-scan-ma-qr-duoc-khong","Chú giúp tôi scan mã QR được không?","Can you help me scan the QR code?","money-numbers-prices","pronoun-help","intermediate","english-to-vietnamese|vietnamese-to-english|missing-token|pronoun-social|polite-register|distractor","planned","approved"
"vpe-pronoun-help-chu-giup-toi-kiem-tra-dat-phong-duoc-khong","Chú giúp tôi kiểm tra đặt phòng được không?","Can you help me check my reservation?","hotel-accommodation","pronoun-help","intermediate","english-to-vietnamese|vietnamese-to-english|missing-token|pronoun-social|polite-register|distractor","planned","approved"
"vpe-pronoun-help-chu-giup-toi-kiem-tra-ve-duoc-khong","Chú giúp tôi kiểm tra vé được không?","Can you help me check the ticket?","time-dates-booking","pronoun-help","intermediate","english-to-vietnamese|vietnamese-to-english|missing-token|pronoun-social|polite-register|distractor","planned","approved"
"vpe-pronoun-help-chu-giup-toi-tim-hanh-ly-duoc-khong","Chú giúp tôi tìm hành lý được không?","Can you help me find my luggage?","airport-border-arrival","pronoun-help","intermediate","english-to-vietnamese|vietnamese-to-english|missing-token|pronoun-social|polite-register|distractor","planned","approved"
"vpe-pronoun-help-chu-giup-toi-mo-cua-phong-duoc-khong","Chú giúp tôi mở cửa phòng được không?","Can you help me open the room door?","hotel-accommodation","pronoun-help","intermediate","english-to-vietnamese|vietnamese-to-english|missing-token|pronoun-social|polite-register|distractor","planned","approved"
"vpe-pronoun-help-chu-giup-toi-sua-wi-fi-duoc-khong","Chú giúp tôi sửa Wi-Fi được không?","Can you help me fix the Wi-Fi?","phone-internet-power","pronoun-help","intermediate","english-to-vietnamese|vietnamese-to-english|missing-token|pronoun-social|polite-register|distractor","planned","approved"
"vpe-pronoun-help-chu-giup-toi-sac-dien-thoai-duoc-khong","Chú giúp tôi sạc điện thoại được không?","Can you help me charge my phone?","phone-internet-power","pronoun-help","intermediate","english-to-vietnamese|vietnamese-to-english|missing-token|pronoun-social|polite-register|distractor","planned","approved"
"vpe-pronoun-help-chu-giup-toi-doi-phong-duoc-khong","Chú giúp tôi đổi phòng được không?","Can you help me change rooms?","hotel-accommodation","pronoun-help","intermediate","english-to-vietnamese|vietnamese-to-english|missing-token|pronoun-social|polite-register|distractor","planned","approved"
"vpe-pronoun-help-em-giup-toi-goi-taxi-duoc-khong","Em giúp tôi gọi taxi được không?","Can you help me call a taxi?","transport","pronoun-help","intermediate","english-to-vietnamese|vietnamese-to-english|missing-token|pronoun-social|polite-register|distractor","planned","approved"
"vpe-pronoun-help-em-giup-toi-goi-xe-cong-nghe-duoc-khong","Em giúp tôi gọi xe công nghệ được không?","Can you help me call a ride-share car?","transport","pronoun-help","intermediate","english-to-vietnamese|vietnamese-to-english|missing-token|pronoun-social|polite-register|distractor","planned","approved"
"vpe-pronoun-help-em-giup-toi-chi-duong-duoc-khong","Em giúp tôi chỉ đường được không?","Can you show me the way?","directions-navigation","pronoun-help","intermediate","english-to-vietnamese|vietnamese-to-english|missing-token|pronoun-social|polite-register|distractor","planned","approved"
"vpe-pronoun-help-em-giup-toi-viet-dia-chi-duoc-khong","Em giúp tôi viết địa chỉ được không?","Can you help me write the address?","directions-navigation","pronoun-help","intermediate","english-to-vietnamese|vietnamese-to-english|missing-token|pronoun-social|polite-register|distractor","planned","approved"
"vpe-pronoun-help-em-giup-toi-doc-so-nay-duoc-khong","Em giúp tôi đọc số này được không?","Can you help me read this number?","money-numbers-prices","pronoun-help","intermediate","english-to-vietnamese|vietnamese-to-english|missing-token|pronoun-social|polite-register|distractor","planned","approved"
"vpe-pronoun-help-em-giup-toi-nhap-ma-nay-duoc-khong","Em giúp tôi nhập mã này được không?","Can you help me enter this code?","phone-internet-power","pronoun-help","intermediate","english-to-vietnamese|vietnamese-to-english|missing-token|pronoun-social|polite-register|distractor","planned","approved"
"vpe-pronoun-help-em-giup-toi-goi-so-nay-duoc-khong","Em giúp tôi gọi số này được không?","Can you help me call this number?","phone-internet-power","pronoun-help","intermediate","english-to-vietnamese|vietnamese-to-english|missing-token|pronoun-social|polite-register|distractor","planned","approved"
"vpe-pronoun-help-em-giup-toi-chup-anh-giup-toi-duoc-khong","Em chụp ảnh giúp tôi được không?","Can you take a photo for me?","sightseeing-activities","pronoun-help","intermediate","english-to-vietnamese|vietnamese-to-english|missing-token|pronoun-social|polite-register|distractor","planned","approved"
"vpe-pronoun-help-em-giup-toi-doi-tien-duoc-khong","Em giúp tôi đổi tiền được không?","Can you help me exchange money?","money-numbers-prices","pronoun-help","intermediate","english-to-vietnamese|vietnamese-to-english|missing-token|pronoun-social|polite-register|distractor","planned","approved"
"vpe-pronoun-help-em-giup-toi-in-ve-nay-duoc-khong","Em giúp tôi in vé này được không?","Can you help me print this ticket?","local-services-everyday-tasks","pronoun-help","intermediate","english-to-vietnamese|vietnamese-to-english|missing-token|pronoun-social|polite-register|distractor","planned","approved"
"vpe-pronoun-help-em-giup-toi-scan-ma-qr-duoc-khong","Em giúp tôi scan mã QR được không?","Can you help me scan the QR code?","money-numbers-prices","pronoun-help","intermediate","english-to-vietnamese|vietnamese-to-english|missing-token|pronoun-social|polite-register|distractor","planned","approved"
"vpe-pronoun-help-em-giup-toi-kiem-tra-dat-phong-duoc-khong","Em giúp tôi kiểm tra đặt phòng được không?","Can you help me check my reservation?","hotel-accommodation","pronoun-help","intermediate","english-to-vietnamese|vietnamese-to-english|missing-token|pronoun-social|polite-register|distractor","planned","approved"
"vpe-pronoun-help-em-giup-toi-kiem-tra-ve-duoc-khong","Em giúp tôi kiểm tra vé được không?","Can you help me check the ticket?","time-dates-booking","pronoun-help","intermediate","english-to-vietnamese|vietnamese-to-english|missing-token|pronoun-social|polite-register|distractor","planned","approved"
"vpe-pronoun-help-em-giup-toi-tim-hanh-ly-duoc-khong","Em giúp tôi tìm hành lý được không?","Can you help me find my luggage?","airport-border-arrival","pronoun-help","intermediate","english-to-vietnamese|vietnamese-to-english|missing-token|pronoun-social|polite-register|distractor","planned","approved"
"vpe-pronoun-help-em-giup-toi-mo-cua-phong-duoc-khong","Em giúp tôi mở cửa phòng được không?","Can you help me open the room door?","hotel-accommodation","pronoun-help","intermediate","english-to-vietnamese|vietnamese-to-english|missing-token|pronoun-social|polite-register|distractor","planned","approved"
"vpe-pronoun-help-em-giup-toi-sua-wi-fi-duoc-khong","Em giúp tôi sửa Wi-Fi được không?","Can you help me fix the Wi-Fi?","phone-internet-power","pronoun-help","intermediate","english-to-vietnamese|vietnamese-to-english|missing-token|pronoun-social|polite-register|distractor","planned","approved"
"vpe-pronoun-help-em-giup-toi-sac-dien-thoai-duoc-khong","Em giúp tôi sạc điện thoại được không?","Can you help me charge my phone?","phone-internet-power","pronoun-help","intermediate","english-to-vietnamese|vietnamese-to-english|missing-token|pronoun-social|polite-register|distractor","planned","approved"
"vpe-pronoun-help-em-giup-toi-doi-phong-duoc-khong","Em giúp tôi đổi phòng được không?","Can you help me change rooms?","hotel-accommodation","pronoun-help","intermediate","english-to-vietnamese|vietnamese-to-english|missing-token|pronoun-social|polite-register|distractor","planned","approved"
"vpe-polite-request-da-cho-toi-nuoc-suoi","Dạ, cho tôi nước suối","Respectfully, please give me bottled water.","food-drink","polite-request","intermediate","english-to-vietnamese|vietnamese-to-english|missing-token|polite-register|distractor","planned","approved"
"vpe-polite-request-da-cho-toi-nuoc-loc","Dạ, cho tôi nước lọc","Respectfully, please give me filtered water.","food-drink","polite-request","intermediate","english-to-vietnamese|vietnamese-to-english|missing-token|polite-register|distractor","planned","approved"
"vpe-polite-request-da-cho-toi-nuoc-nong","Dạ, cho tôi nước nóng","Respectfully, please give me hot water.","food-drink","polite-request","intermediate","english-to-vietnamese|vietnamese-to-english|missing-token|polite-register|distractor","planned","approved"
"vpe-polite-request-da-cho-toi-da","Dạ, cho tôi đá","Respectfully, please give me ice.","food-drink","polite-request","intermediate","english-to-vietnamese|vietnamese-to-english|missing-token|polite-register|distractor","planned","approved"
"vpe-polite-request-da-cho-toi-khan-giay","Dạ, cho tôi khăn giấy","Respectfully, please give me tissues.","bathroom-personal-needs","polite-request","intermediate","english-to-vietnamese|vietnamese-to-english|missing-token|polite-register|distractor","planned","approved"
"vpe-polite-request-da-cho-toi-giay-ve-sinh","Dạ, cho tôi giấy vệ sinh","Respectfully, please give me toilet paper.","bathroom-personal-needs","polite-request","intermediate","english-to-vietnamese|vietnamese-to-english|missing-token|polite-register|distractor","planned","approved"
"vpe-polite-request-da-cho-toi-xa-phong","Dạ, cho tôi xà phòng","Respectfully, please give me soap.","bathroom-personal-needs","polite-request","intermediate","english-to-vietnamese|vietnamese-to-english|missing-token|polite-register|distractor","planned","approved"
"vpe-polite-request-da-cho-toi-kem-chong-nang","Dạ, cho tôi kem chống nắng","Respectfully, please give me sunscreen.","shopping","polite-request","intermediate","english-to-vietnamese|vietnamese-to-english|missing-token|polite-register|distractor","planned","approved"
"vpe-polite-request-da-cho-toi-thuoc-dau-dau","Dạ, cho tôi thuốc đau đầu","Respectfully, please give me headache medicine.","health-pharmacy","polite-request","intermediate","english-to-vietnamese|vietnamese-to-english|missing-token|polite-register|distractor","planned","approved"
"vpe-polite-request-da-cho-toi-thuoc-dau-bung","Dạ, cho tôi thuốc đau bụng","Respectfully, please give me stomach medicine.","health-pharmacy","polite-request","intermediate","english-to-vietnamese|vietnamese-to-english|missing-token|polite-register|distractor","planned","approved"
"vpe-polite-request-da-cho-toi-thuoc-say-xe","Dạ, cho tôi thuốc say xe","Respectfully, please give me motion-sickness medicine.","health-pharmacy","polite-request","intermediate","english-to-vietnamese|vietnamese-to-english|missing-token|polite-register|distractor","planned","approved"
"vpe-polite-request-da-cho-toi-bang-ca-nhan","Dạ, cho tôi băng cá nhân","Respectfully, please give me bandages.","health-pharmacy","polite-request","intermediate","english-to-vietnamese|vietnamese-to-english|missing-token|polite-register|distractor","planned","approved"
"vpe-polite-request-da-cho-toi-khau-trang","Dạ, cho tôi khẩu trang","Respectfully, please give me a face mask.","health-pharmacy","polite-request","intermediate","english-to-vietnamese|vietnamese-to-english|missing-token|polite-register|distractor","planned","approved"
"vpe-polite-request-da-cho-toi-sac-dien-thoai","Dạ, cho tôi sạc điện thoại","Respectfully, please give me a phone charger.","phone-internet-power","polite-request","intermediate","english-to-vietnamese|vietnamese-to-english|missing-token|polite-register|distractor","planned","approved"
"vpe-polite-request-da-cho-toi-day-sac","Dạ, cho tôi dây sạc","Respectfully, please give me a charging cable.","phone-internet-power","polite-request","intermediate","english-to-vietnamese|vietnamese-to-english|missing-token|polite-register|distractor","planned","approved"
"vpe-polite-request-da-cho-toi-pin-du-phong","Dạ, cho tôi pin dự phòng","Respectfully, please give me a power bank.","phone-internet-power","polite-request","intermediate","english-to-vietnamese|vietnamese-to-english|missing-token|polite-register|distractor","planned","approved"
"vpe-polite-request-da-cho-toi-the-sim","Dạ, cho tôi thẻ SIM","Respectfully, please give me a SIM card.","phone-internet-power","polite-request","intermediate","english-to-vietnamese|vietnamese-to-english|missing-token|polite-register|distractor","planned","approved"
"vpe-polite-request-da-cho-toi-goi-data","Dạ, cho tôi gói data","Respectfully, please give me a data package.","phone-internet-power","polite-request","intermediate","english-to-vietnamese|vietnamese-to-english|missing-token|polite-register|distractor","planned","approved"
"vpe-polite-request-da-cho-toi-wi-fi","Dạ, cho tôi Wi-Fi","Respectfully, please give me Wi-Fi.","phone-internet-power","polite-request","intermediate","english-to-vietnamese|vietnamese-to-english|missing-token|polite-register|distractor","planned","approved"
"vpe-polite-request-da-cho-toi-mat-khau-wi-fi","Dạ, cho tôi mật khẩu Wi-Fi","Respectfully, please give me the Wi-Fi password.","phone-internet-power","polite-request","intermediate","english-to-vietnamese|vietnamese-to-english|missing-token|polite-register|distractor","planned","approved"
"vpe-polite-request-da-cho-toi-ban-do-giay","Dạ, cho tôi bản đồ giấy","Respectfully, please give me a paper map.","sightseeing-activities","polite-request","intermediate","english-to-vietnamese|vietnamese-to-english|missing-token|polite-register|distractor","planned","approved"
"vpe-polite-request-da-cho-toi-hoa-don","Dạ, cho tôi hóa đơn","Respectfully, please give me a receipt.","money-numbers-prices","polite-request","intermediate","english-to-vietnamese|vietnamese-to-english|missing-token|polite-register|distractor","planned","approved"
"vpe-polite-request-da-cho-toi-tui-nilon","Dạ, cho tôi túi nilon","Respectfully, please give me a plastic bag.","shopping","polite-request","intermediate","english-to-vietnamese|vietnamese-to-english|missing-token|polite-register|distractor","planned","approved"
"vpe-polite-request-da-cho-toi-tui-giay","Dạ, cho tôi túi giấy","Respectfully, please give me a paper bag.","shopping","polite-request","intermediate","english-to-vietnamese|vietnamese-to-english|missing-token|polite-register|distractor","planned","approved"
"vpe-polite-request-da-cho-toi-thia","Dạ, cho tôi thìa","Respectfully, please give me a spoon.","food-drink","polite-request","intermediate","english-to-vietnamese|vietnamese-to-english|missing-token|polite-register|distractor","planned","approved"
"vpe-polite-request-da-cho-toi-dua","Dạ, cho tôi đũa","Respectfully, please give me chopsticks.","food-drink","polite-request","intermediate","english-to-vietnamese|vietnamese-to-english|missing-token|polite-register|distractor","planned","approved"
"vpe-polite-request-da-cho-toi-ong-hut","Dạ, cho tôi ống hút","Respectfully, please give me a straw.","food-drink","polite-request","intermediate","english-to-vietnamese|vietnamese-to-english|missing-token|polite-register|distractor","planned","approved"
"vpe-polite-request-da-cho-toi-thuc-don-tieng-anh","Dạ, cho tôi thực đơn tiếng Anh","Respectfully, please give me an English menu.","food-drink","polite-request","intermediate","english-to-vietnamese|vietnamese-to-english|missing-token|polite-register|distractor","planned","approved"
"vpe-polite-request-da-cho-toi-ca-phe-sua-da","Dạ, cho tôi cà phê sữa đá","Respectfully, please give me iced milk coffee.","food-drink","polite-request","intermediate","english-to-vietnamese|vietnamese-to-english|missing-token|polite-register|distractor","planned","approved"
"vpe-polite-request-da-cho-toi-ca-phe-den","Dạ, cho tôi cà phê đen","Respectfully, please give me black coffee.","food-drink","polite-request","intermediate","english-to-vietnamese|vietnamese-to-english|missing-token|polite-register|distractor","planned","approved"
"vpe-polite-request-da-cho-toi-tra-da","Dạ, cho tôi trà đá","Respectfully, please give me iced tea.","food-drink","polite-request","intermediate","english-to-vietnamese|vietnamese-to-english|missing-token|polite-register|distractor","planned","approved"
"vpe-polite-request-da-cho-toi-com-trang","Dạ, cho tôi cơm trắng","Respectfully, please give me plain rice.","food-drink","polite-request","intermediate","english-to-vietnamese|vietnamese-to-english|missing-token|polite-register|distractor","planned","approved"
"vpe-polite-request-da-cho-toi-nuoc-mam","Dạ, cho tôi nước mắm","Respectfully, please give me fish sauce.","food-drink","polite-request","intermediate","english-to-vietnamese|vietnamese-to-english|missing-token|polite-register|distractor","planned","approved"
"vpe-polite-request-da-cho-toi-tuong-ot","Dạ, cho tôi tương ớt","Respectfully, please give me chili sauce.","food-drink","polite-request","intermediate","english-to-vietnamese|vietnamese-to-english|missing-token|polite-register|distractor","planned","approved"
"vpe-polite-request-da-cho-toi-rau-song","Dạ, cho tôi rau sống","Respectfully, please give me fresh herbs.","food-drink","polite-request","intermediate","english-to-vietnamese|vietnamese-to-english|missing-token|polite-register|distractor","planned","approved"
"vpe-polite-request-da-cho-toi-do-chay","Dạ, cho tôi đồ chay","Respectfully, please give me vegetarian food.","food-drink","polite-request","intermediate","english-to-vietnamese|vietnamese-to-english|missing-token|polite-register|distractor","planned","approved"
"vpe-polite-request-da-cho-toi-ve-mot-chieu","Dạ, cho tôi vé một chiều","Respectfully, please give me a one-way ticket.","transport","polite-request","intermediate","english-to-vietnamese|vietnamese-to-english|missing-token|polite-register|distractor","planned","approved"
"vpe-polite-request-da-cho-toi-ve-khu-hoi","Dạ, cho tôi vé khứ hồi","Respectfully, please give me a return ticket.","transport","polite-request","intermediate","english-to-vietnamese|vietnamese-to-english|missing-token|polite-register|distractor","planned","approved"
"vpe-polite-request-da-cho-toi-ve-nguoi-lon","Dạ, cho tôi vé người lớn","Respectfully, please give me an adult ticket.","time-dates-booking","polite-request","intermediate","english-to-vietnamese|vietnamese-to-english|missing-token|polite-register|distractor","planned","approved"
"vpe-polite-request-da-cho-toi-ve-tre-em","Dạ, cho tôi vé trẻ em","Respectfully, please give me a child ticket.","time-dates-booking","polite-request","intermediate","english-to-vietnamese|vietnamese-to-english|missing-token|polite-register|distractor","planned","approved"
"vpe-polite-request-da-cho-toi-phong-don","Dạ, cho tôi phòng đơn","Respectfully, please give me a single room.","hotel-accommodation","polite-request","intermediate","english-to-vietnamese|vietnamese-to-english|missing-token|polite-register|distractor","planned","approved"
"vpe-polite-request-da-cho-toi-phong-doi","Dạ, cho tôi phòng đôi","Respectfully, please give me a double room.","hotel-accommodation","polite-request","intermediate","english-to-vietnamese|vietnamese-to-english|missing-token|polite-register|distractor","planned","approved"
"vpe-polite-request-da-cho-toi-khan-tam","Dạ, cho tôi khăn tắm","Respectfully, please give me a bath towel.","hotel-accommodation","polite-request","intermediate","english-to-vietnamese|vietnamese-to-english|missing-token|polite-register|distractor","planned","approved"
"vpe-polite-request-da-cho-toi-chia-khoa-phong","Dạ, cho tôi chìa khóa phòng","Respectfully, please give me the room key.","hotel-accommodation","polite-request","intermediate","english-to-vietnamese|vietnamese-to-english|missing-token|polite-register|distractor","planned","approved"
"vpe-polite-request-da-cho-toi-may-say-toc","Dạ, cho tôi máy sấy tóc","Respectfully, please give me a hair dryer.","hotel-accommodation","polite-request","intermediate","english-to-vietnamese|vietnamese-to-english|missing-token|polite-register|distractor","planned","approved"
"vpe-polite-request-lam-on-cho-toi-nuoc-suoi","Làm ơn cho tôi nước suối","Please give me bottled water.","food-drink","polite-request","intermediate","english-to-vietnamese|vietnamese-to-english|missing-token|polite-register|distractor","planned","approved"
"vpe-polite-request-lam-on-cho-toi-nuoc-loc","Làm ơn cho tôi nước lọc","Please give me filtered water.","food-drink","polite-request","intermediate","english-to-vietnamese|vietnamese-to-english|missing-token|polite-register|distractor","planned","approved"
"vpe-polite-request-lam-on-cho-toi-nuoc-nong","Làm ơn cho tôi nước nóng","Please give me hot water.","food-drink","polite-request","intermediate","english-to-vietnamese|vietnamese-to-english|missing-token|polite-register|distractor","planned","approved"
"vpe-polite-request-lam-on-cho-toi-da","Làm ơn cho tôi đá","Please give me ice.","food-drink","polite-request","intermediate","english-to-vietnamese|vietnamese-to-english|missing-token|polite-register|distractor","planned","approved"
"vpe-polite-request-lam-on-cho-toi-khan-giay","Làm ơn cho tôi khăn giấy","Please give me tissues.","bathroom-personal-needs","polite-request","intermediate","english-to-vietnamese|vietnamese-to-english|missing-token|polite-register|distractor","planned","approved"
"vpe-polite-request-lam-on-cho-toi-giay-ve-sinh","Làm ơn cho tôi giấy vệ sinh","Please give me toilet paper.","bathroom-personal-needs","polite-request","intermediate","english-to-vietnamese|vietnamese-to-english|missing-token|polite-register|distractor","planned","approved"
"vpe-polite-request-lam-on-cho-toi-xa-phong","Làm ơn cho tôi xà phòng","Please give me soap.","bathroom-personal-needs","polite-request","intermediate","english-to-vietnamese|vietnamese-to-english|missing-token|polite-register|distractor","planned","approved"
